elements:      [Hf]
cutoff:        6.0
pair_type:     gaussian
feature_type:  gtinv
model_type:    4
max_p:         2
max_l:         12

gtinv_order:   4
gtinv_maxl:    [12, 10, 2]
gtinv_sym:     [0, 0, 0]
gtinv_version: 1

electrostatic: 0
mass:          [178.5]

n_pair_params: 6
pair_params:
- [0.5, 0.0]
- [0.5, 1.0]
- [0.5, 2.0]
- [0.5, 3.0]
- [0.5, 4.0]
- [0.0, 0.0]

n_type_pairs: 1
type_pairs:
- atom_type_pair:      [0, 0]
  pair_params_indices: [0, 1, 2, 3, 4, 5]

type_full:    1
type_indices: [0]

n_coeffs: 4278
coeffs: [1.202931018385506e+01, -4.323878914095167e+00, 2.115724954168325e+01, 1.120466395408759e+02, 3.668027340548636e+00, 3.521862253458222e+01, -2.415688195572167e+00, -2.538541566584852e+01, -1.641851299122287e+01, -7.688236241891516e+00, -3.423664039667906e+01, -3.389481627371696e+01, -1.889682485133660e+01, -3.358313445537240e+01, 5.490229806918613e+01, -2.797259636458366e+02, -3.635986142998588e+01, -8.208576661940886e+01, -4.707711750864594e+00, -2.333582842749688e+00, 5.997960269068160e+01, 1.164199837893549e+00, 7.753659710309805e+01, 6.564149536266704e+01, -1.328116574778771e+01, 1.936393270935977e+03, -1.206368433446801e+03, 4.025473708825780e+02, -4.187365598195183e+00, 1.558562768112359e+02, 6.707533395903910e+01, -4.735453030668049e+02, 6.803246277671786e+02, 6.428847906745020e+01, 4.885898183364611e+02, 4.063075696142786e+02, -5.745725684559754e+02, -2.693305383804396e+02, 1.240017524801657e+03, 9.210773754830073e+01, -2.122719770505402e+02, 1.769213660137470e+02, 1.655871521171361e+02, 3.456949423251802e+02, -2.259447406042489e+02, 8.807921942963667e+02, -9.744282643444411e+02, 2.706354480541410e+02, 6.376872825131487e+02, -2.899730187563262e+02, -4.185917364499964e+02, 4.259349106830141e+01, 4.017218071266366e+02, 1.188563338555995e+02, -7.241149701589301e+02, -2.890868257743587e+02, -4.765182714564689e+02, -2.384202449748464e+02, -3.994207995574567e+02, -4.181170147138599e+02, -3.363117852684759e+02, 4.305655424649096e+02, -9.449882907488467e+02, -1.268515910607317e+02, -1.832401795330912e+02, -1.477004695468626e+02, 9.724608963735187e+02, -4.233191732999310e+02, 5.362830846039046e+01, 4.212586954620674e+02, -6.743941798383938e+02, 5.501959321731965e+02, -2.186629087888968e+02, -2.677867579094306e+02, 3.401668798686085e+02, -5.502993234328557e+02, -2.476880988986401e+02, 2.611930295579603e+02, 6.042727371414061e+02, 2.488479671302848e+01, 3.194265028594580e+02, 3.461004528385986e+02, -4.163168986960903e+01, -2.761891930718886e+02, 5.368513761623941e+02, -2.256649151373511e+02, -7.443058486028442e+02, -1.619853901622538e+02, -1.962167587839668e+02, -3.863408983589545e+02, -2.997933310626440e+02, 3.355016460309388e+02, -6.537318039723793e+02, -4.525436732672322e+02, 4.072674712086645e+02, 6.985353245384911e+02, -4.622068646859164e+01, 3.535356214870453e+01, -3.056994439006534e+02, 4.454860193176382e+02, -4.067180346641428e+01, -5.588858625534418e+02, 2.670447548081018e+01, 1.619893802336447e+02, 5.646228381885150e+01, -5.220844205376787e+01, 1.377046596743577e+03, 2.851041949556728e+02, 1.146424759247733e+02, 1.357526699370766e+03, 2.166023313367100e+03, 1.762641572207405e+05, -1.456642560899153e+03, -1.815476831795754e+03, 3.595141747914211e+02, 3.980355880432288e+02, -7.633444934894701e+02, 2.724359855771985e+02, -6.997483339005194e-01, 4.068728428180011e+00, 6.035309334962000e+01, 1.542841534491711e+02, -6.254589872821797e+01, 7.600065826194963e+00, -7.243223236010385e+00, -3.735090850137349e+01, -9.489094982774754e+00, 9.246779712871873e-01, -1.298848109076413e+00, 1.845550069323914e+00, 2.215363234354193e+00, 1.752115918124217e-01, -7.361973541083361e+00, 7.759025732929986e+01, 8.380844960648702e+01, 2.814957865870324e+01, -2.764500787229428e+01, -8.637807669589087e+00, 3.047693897869831e+01, 6.954295273493069e+00, -1.768646292994377e+00, 2.562006293517388e+00, 1.055424684486193e+01, -1.965117396140786e+02, -4.712268365237782e+01, 6.976348515719813e+01, 2.446599999125896e+01, -2.482046484656652e+01, 6.902289129365460e+01, -2.069086014781552e+01, -1.100391670761209e+01, 1.154546184903781e+00, 7.557672702680964e+01, -1.085695590511680e+02, -3.008086252748855e+00, -1.595316468550679e+02, 1.386222137112459e+01, -1.795007596725074e+01, -1.712049436782358e+01, 7.735242989913388e+00, 3.487826580571931e+01, -2.231969024861306e+01, -1.068243481420650e+01, -6.762057401926336e+00, 2.392249833966266e+01, -4.822722030889874e+00, -7.312264527219559e+00, 3.598121411245228e+00, -7.115731069156558e+01, -3.926023277316251e+01, -5.282746572792614e+01, 7.178664668037739e+01, 7.107581720269467e+01, 2.714781620246459e+01, 6.435243406973260e+01, 1.280701854977004e+00, 4.297133499448503e+01, 5.566302776135972e+00, -7.980209136397316e+00, -6.806134269933516e+00, 5.218232397322417e+01, -5.862707627929237e+00, -2.717439036893872e+01, 4.001801673809602e+01, -1.670855210078001e+00, 2.731013842482451e+01, -1.263034647273479e+01, 4.240367566944268e+00, 1.733578549973716e+01, -1.232420946305149e+00, 2.011145074484213e-01, -6.322742820558923e+00, -1.084429951849322e+00, 6.570629941042196e+00, 3.977256711391960e+00, -2.778982119118091e+00, -1.845926923822481e+01, -2.556380064171737e+00, -1.383157835968623e+01, 1.185778314181492e+01, 1.050560919715964e+01, 9.799605042660927e-01, 3.338756017464398e-01, 5.947645050992901e-01, 1.029326468325248e+01, 1.488421535735345e+01, -4.903446982440943e+00, -5.028637939384968e+00, 5.632580863914021e+00, -5.239223632850293e+00, 9.980786280854599e-01, 5.053776657207871e+00, -4.204028942686860e+00, -1.600437638821480e+01, 6.083641315436404e-01, -7.299832992742891e-01, 4.324695753044409e+00, -6.554299167394765e+00, -6.488413330375614e-01, 2.280826619453730e+00, 5.744012646204704e-01, 5.073358910655127e-01, -8.069474990910291e-01, -5.018302727691430e+01, -1.150446587352846e+02, -1.725775202714134e+02, 3.886358019081819e+02, -1.148827033689679e+02, -1.316512226080597e+02, -1.071335817209100e+04, -3.071854889903543e+02, 3.879610202277909e+02, 1.980154437631316e-02, 2.193985439212106e-02, -4.218952276183248e-02, 1.504752698951984e-02, -1.407691801933785e+00, 5.273016113565385e-01, 1.772314144614236e+01, -1.688100720875609e+00, 2.060987677571113e+00, 4.801402937197487e+00, 9.696799956737591e+00, 3.069295224932098e+00, -1.423290487192350e+00, -2.526247365652340e+00, -9.789476362915064e-02, 7.767930921959163e-01, -5.430988528787795e-01, 1.406870440894784e-01, 3.673759414706879e-01, 9.744119632922475e+00, 2.208142147532271e+00, 2.850736470464328e+00, -1.292225501791178e+00, -1.348253237918842e+00, -7.583724449571946e-01, -8.883650165411920e-01, 3.454383149165726e-01, 4.802856870218091e-01, -1.334038269689232e+00, -6.661574530763970e+00, -3.508966526941349e+01, -2.634758071368272e+00, 5.235277945672437e+00, 4.332041624955356e+00, 6.292726760794336e-01, -2.636773105532993e+00, 2.538802564820679e-01, 3.279011854107569e-02, 3.148104377402394e+00, 9.420367378698922e+00, 7.669221793051235e+00, 6.731089737131135e+00, 4.689332105953707e-01, -2.752976462870484e+00, 2.121325356578446e+00, -2.442096555480159e+00, 3.517757993406010e+00, -2.217671017414771e+00, -5.063199459368275e+00, -1.113163006475175e+00, -3.582156506252095e+00, 4.960541074344553e-01, 5.515784149656956e-01, -2.381552901075772e-01, -6.515561950109021e+00, 6.317954612926287e+00, -1.365458556402079e+01, -1.150019190526140e+01, -1.009166830806608e+01, -5.087262409795966e+00, -3.353068775212707e-01, -4.851567453288606e-01, 4.898217267623152e-03, -2.474513206657005e-01, 8.574773699870412e-02, 2.703714391847630e-01, 2.649405908638820e+00, 3.300495848379521e+00, 3.674931525426361e+00, 6.609206956433122e+00, -5.153446090979868e-01, -1.787049173453927e+00, -1.474486375791939e+00, -1.747233676430367e+00, -1.498553012166189e-01, -5.733152647011008e-01, -4.817013562372697e-01, 6.793671617427434e-01, -5.106024979752835e-02, -1.778130290187434e-01, -2.169931413504511e-01, -3.011600321870808e+00, 1.058020939655080e+00, -1.165705863806381e-01, 1.770324735306772e-01, -9.303772937395801e-01, 1.974852823853245e-01, -1.915427112555108e-01, -1.503493844592831e-01, 1.037876113862456e-01, -6.614433997731846e-02, -1.533494107201603e+00, 4.117519667256486e-01, 2.216556992232954e+00, -1.032192031958676e-01, 6.499709530790860e-01, 1.751636441508821e-01, -2.386297782994223e-01, 2.045975009579648e-01, 1.767063191149941e+00, 2.567938972218103e-02, -2.135737663462546e-01, -2.265472013807188e-01, 4.528412280155614e-01, 8.459920044537091e-02, -1.715960352472828e-02, -7.535925479319004e-02, -1.105940334613869e-01, 5.292307757357400e-02, -1.046022457084803e-01, -5.576199333322326e+00, 2.209770641026461e+00, -1.429876275402012e+01, 5.359033023546701e+00, -8.384873029494726e+00, -6.823432902054338e+02, 1.176133365713469e+01, -1.710771626993493e+01, 5.129122778330445e-01, 5.678405223969457e-01, -1.089007688099990e+00, 3.886593997042331e-01, -1.093313685277697e+00, 1.909112952787444e-02, 6.998335558939137e-01, 7.342625183672724e+00, 1.022717009439348e+01, 1.867224729079128e+00, 3.462005127045446e+00, 2.101765382376872e+00, 9.534240439857262e-01, 3.292277389353074e-01, -8.695605965960387e-01, -8.452982384947494e-01, 3.214147354352226e-01, 9.210978230397186e-02, 6.293555649026419e-02, -6.525238490610565e+00, 2.766224591878508e-01, -6.340252483770877e+00, 9.546584909656687e-01, -4.817499387872872e-01, -5.837503327044736e-02, -1.239060280525569e-01, 6.857462524968955e-02, -3.243565396185653e-01, -2.368251985818814e-02, 1.510725507927914e+00, -5.189430304926247e+00, -1.938664338541299e+00, 8.641642665692237e-01, 2.049193452355519e+00, -1.013392558313327e+00, 2.999749548289851e-02, 6.685802435625735e-02, -8.313564317059824e-02, -1.609864621308582e+00, 2.297004283934090e+00, 2.691549959740877e+00, 1.011475850578027e+00, 1.404048037784221e-01, 1.574012153067083e+00, 3.377856427247689e-01, 4.636169997080219e-02, -8.432303104847767e-01, -5.047982321301745e-01, 6.182323448002026e-01, 2.789857517522536e-02, -6.026877195224521e-02, 6.501558649563652e-02, -6.008669765929056e-02, 8.119161677490888e-03, 1.662516286556407e+00, -1.987041006626415e+00, -2.355860103016371e+00, 4.678264424814827e+00, -2.716739421867583e+00, 1.437218811535659e+00, -2.115498465492748e+00, 1.330975487431030e-01, -4.609034843795776e-01, -1.828618912241784e-02, -6.104674287395943e-02, -5.461359094867497e-02, 8.332798569045998e-01, 2.888984450375764e+00, -1.658654678430831e+00, 3.244287116912578e+00, -3.922018984152798e+00, 4.133954711103995e-01, -2.876694629797678e+00, 1.626777415490649e+00, 6.176199346795727e-02, 1.409964172849177e+00, 2.673721789321717e-01, -4.059116582709250e-01, 3.736252768537941e-02, 4.533945796451956e-02, 4.692241578088405e-02, -2.977931963271299e+00, 6.901148141773199e-01, -7.139263144214790e-02, 3.736000412944018e+00, -3.224905832401611e-01, -1.290160853005696e+00, -5.267410369898656e-02, -2.592451747784334e-01, 2.192411841510282e-02, -8.889678806579290e-01, 1.182679716230810e+00, 1.058022911151555e-02, -1.554943380775062e+00, -5.448662157221128e-01, -3.936891675349662e-01, 7.330755580318993e-02, -1.154751861102194e-01, 1.889939220119151e-02, -6.040897639607846e-01, 3.030741077057964e-02, 3.173821381734716e-01, -2.467161818770915e-02, -9.590151471148640e-02, 5.484483550311892e-03, -2.957589745044333e-03, -8.854067113932457e-03, 3.492492890150666e-02, -5.475893663403048e-03, -2.172285931748356e-02, 2.680378771875838e+00, 2.271858110975435e+00, -2.448784433196447e+00, 1.170123746873151e+00, -2.438552582340376e+00, -1.984387930460501e+02, 3.297243964312931e+00, -1.361585461793709e+00, -5.962784582289498e-01, -6.600882499094368e-01, 1.266100437370963e+00, -4.518962620203296e-01, -7.255285651061053e-01, 3.454861335611727e-01, -3.280779054774415e+00, -1.877823508569882e+00, -2.423439127679273e+00, -4.159344537000946e+00, -1.961291138743857e+00, 1.054358435816759e-01, 7.862593631865550e-01, 4.932062445720285e-02, 1.182219253898579e-01, -4.212625736569330e-01, 5.022995253173552e-01, 3.037863687630715e-01, 1.795385766232518e-01, -3.476362918903503e+00, -3.921197386042156e+00, 4.352232602667983e-01, 1.175706854374963e+00, -1.433778466700131e+00, 7.327771695631822e-01, 7.604585706040949e-02, -1.240964533677064e-01, -1.055036084747930e-01, -1.266898301914746e-01, 5.658060897529644e+00, 2.590387720485969e+00, 1.952525481549388e+00, 4.461880631073652e+00, 2.968341906968780e+00, -2.155440174453297e+00, 1.266622793145934e+00, -6.734319241035309e-01, 2.628192533705352e-01, -4.885003332013566e-01, 1.241870074221483e+00, 4.132263755723117e+00, 1.619508380483708e-02, -4.185302456454006e-01, 9.322305836676348e-01, 7.191534267173019e-02, 1.084819489262566e+00, 4.459543475646531e-01, 3.369455390647385e-01, 2.175618652541490e-01, 1.819095675536580e-01, 1.449334022177432e-01, 1.597875554312471e-01, -6.107076117328984e-02, 1.269067902116105e-02, 3.425584375883413e+00, -1.854947046012075e-01, -4.574798163092270e-02, 1.825101371199182e+00, -1.415857142299829e+00, 2.027424775188170e+00, -4.014527220431084e-01, 8.379947146422972e-01, -1.066476751083664e+00, -3.514897418138968e-01, 4.108631669307087e-01, 2.840976365436823e-02, -1.684726505087257e-02, 1.176563118602060e+00, -4.899399028629077e-01, 1.973953838838360e+00, -1.839383681164867e+00, 7.685321025489209e-01, -1.252270643103605e+00, 1.994925413719672e+00, 4.101469547785899e-01, 1.129623038419252e+00, 7.121701317071991e-01, -6.064658810444372e-01, -2.334464994966144e-01, -2.309912726896930e-01, -1.005114400441752e-01, -2.248314578994274e+00, 1.355045445763143e+00, -2.622702177248943e-01, 3.308059177048964e+00, -1.209491707579183e+00, -2.680114103564947e+00, -4.172067334460168e-01, -9.365838114695018e-01, 2.138066485378700e-01, -5.375441097139962e-01, 1.007809764629856e+00, 2.520087401239081e-01, -9.787818352765737e-01, -1.027374454814282e+00, -9.710850834429623e-01, 3.268631891824504e-01, -3.132745695108010e-01, 1.012239074951603e-01, -8.112025102453060e-01, 1.987020539896032e-01, 7.657389582073826e-01, -2.359852714965868e-01, -1.824399767840465e-01, 1.544558114524990e-01, 1.715323639143522e-01, -3.764111885242717e-02, -3.017698255598526e-02, 1.259873223401894e-03, -1.565059910661347e-01, 1.141300295852026e+00, 4.424006355671173e-01, -1.331460068149862e+00, -4.571556983267829e-01, -8.854674940000892e-01, -7.206099239431082e+01, 5.597371573538510e-01, -2.397969923074928e-01, 1.009689984464262e+00, 1.117756936612949e+00, -2.143726913214150e+00, 7.653186557913820e-01, -8.694055727186801e-01, -1.011559779704364e-01, -3.217769183922942e+00, -4.176095271630146e+00, -3.662037286136388e+00, 1.553494110953929e+00, -1.187599757615391e-01, -6.680203783497709e-01, -8.419727869434434e-01, -4.621456495084030e-01, 2.436705114075638e-02, 2.905639441650571e-01, -3.371948427438394e-01, -2.739126387243152e-01, -7.534422500738874e-02, 1.562139532571092e-01, -1.991287873884558e+00, -9.585053256326961e-01, 1.869695227879425e-01, 4.118545719338071e-01, -1.566581895159100e-01, -2.068269169431611e-01, 2.300386579054834e-01, -3.782850615594601e-01, 1.357545605249590e-01, 2.251930025160320e-01, 2.167947694151290e+00, 1.167011250845515e+00, -1.441517885598522e-01, -5.976966048404780e-01, 4.659861576573009e-01, -2.289512466562604e-01, 2.327018710797420e-01, -3.606304147229972e-02, 1.057632991439004e+00, -1.841675383671866e+00, -1.984707074439229e+00, -2.140193044184174e+00, 7.285527674171001e-01, 6.493772608998649e-01, 3.299771318393895e-01, 6.342013410292244e-01, -3.743316629287220e-01, 5.571952251197936e-01, 1.634228080966931e-01, 2.074928086766351e-01, 1.179735973392589e-01, -1.908652164168779e-01, 1.189397898775922e-02, 9.390046995588481e-03, -1.533388020620723e+00, -3.253611838267238e-02, -4.109909261141078e-01, -6.493737077943095e-01, 2.121715193698049e-01, -5.254516101212535e-01, -1.466344289251162e-01, -1.795749977353410e-01, -1.169631944380810e-01, 9.652984723063869e-02, 6.618532619232434e-02, 2.200848523376735e-02, -8.765538038347792e-02, -5.634854612569042e-01, 3.666661137873391e-01, -8.516924247643738e-01, 6.704191130118677e-01, -3.591416665169524e-01, 6.976844740462933e-01, -3.742011867461640e-01, -1.622544102155586e-01, -3.022452634615494e-01, -6.687843588389076e-03, 8.405180565506788e-02, -1.521239748454518e-02, -2.634087613331234e-02, -3.178910889749443e-03, 1.005618853980677e+00, -3.513983899560809e-01, 1.552432596946422e-01, -1.340999362289010e+00, 3.169952752922168e-01, 7.249091845692524e-01, 7.859340969778350e-02, 2.657351940302108e-01, -5.299292307020478e-02, 3.327786987962571e-01, -4.588128460820573e-01, -9.049856940608574e-02, 5.231948356763798e-01, 3.929832173596802e-01, 3.199067292383463e-01, -1.256253315467566e-01, 1.402450818777837e-01, -5.098504850460421e-02, 2.894719818841918e-01, -4.885085408266477e-02, -3.250091342862783e-01, 9.971434193938540e-02, 7.016948155507241e-02, -5.964012269737613e-02, -6.579245325137976e-02, 3.383964489504338e-02, 1.217958864675359e-02, -4.262769956140231e-03, 2.100839920169916e-02, -2.436325526022166e-01, 5.963468133220587e-01, -5.668620826480731e-01, -4.880795942595295e-01, 1.443757482688588e-02, 1.173572887293710e+00, 1.810650798055945e-01, -8.703794047860460e-01, -1.643398248378321e-01, -1.819504251851672e-01, 3.488990432134946e-01, -1.245332000535452e-01, -4.323873097706702e+00, 5.490227713722238e+01, -5.220843642436603e+01, -2.797259285802109e+02, 1.377046498101494e+03, -2.878807531777078e+03, 3.635987877224264e+01, -2.851042584118177e+02, 1.014624319591051e+02, 2.317582522736579e+02, -8.208567407280673e+01, -8.693661122144759e+02, -2.522260252106412e+02, 5.255342181149822e+02, -2.790424679546377e+02, -4.707677780635557e+00, -1.312305426627382e+03, -6.890015818048461e+02, -1.796377612301138e+02, 6.754952298644874e+00, -2.374703602799333e+01, -2.333661153892098e+00, 2.802002382330244e+02, 8.326544184676444e+02, 1.107483063038979e+02, -2.433052709784859e+02, 3.717230460977855e+02, 1.861449244981488e+02, -5.997951394872052e+01, -2.485328140628976e+02, 1.505719514410084e+02, -2.061482146089944e+02, -1.179365362989381e+02, 2.664764754132262e+02, -5.415844587669420e+01, 2.772436167267708e+02, -1.164240503436794e+00, -3.607753662240640e+02, -2.364871080520503e+02, -4.695683159558631e+02, -4.138704630316112e+01, 2.377852768577008e+02, -2.426122197160194e+01, 1.717524921271804e+02, 7.940192888391599e+01, -7.753659151354162e+01, -1.425586522652643e+02, 2.300870956540615e+01, -6.467546078842230e+01, -4.721485564401620e+02, 1.817866710089849e+02, 2.279960796528129e+02, 5.534314923702442e+01, 3.101961949701015e+02, 2.283408272648834e+02, 6.564150758402786e+01, -5.941208350995520e+02, -4.308303832668953e+01, 6.648276982143882e+01, 2.684800219785461e+02, 3.377772370379244e+02, -1.499553808926087e+02, 8.940939595307282e+01, 1.998269683633402e+02, 2.496876936211224e+02, -2.994914943213938e+02, 1.328118870836678e+01, -9.817290740449816e+02, 3.329916218870633e+02, -6.104632223520255e+01, -1.388817717933075e+02, -5.640804989326421e+02, 9.673758743659995e+00, 5.338326522191600e+01, 6.518831755595652e+01, 9.079794047871297e+01, -3.770431269428129e+01, -9.442206193226063e+01, 2.308884531064271e+01, -1.615218350194299e+02, -5.662579871734057e+02, -2.357213786878799e+02, -2.472763810524025e+02, 1.424653993902286e+02, -3.773398243092344e+02, 4.365370733797310e+01, 1.262423303766108e+02, -1.169338564243809e+02, -2.687572825936077e+01, 1.748344386865185e+02, -1.378659099946386e+01, 3.733941921471960e+01, -5.346069990311861e+02, 6.966065153615567e+02, -1.699731674965545e+02, -2.822143167342183e+01, -5.206507173751904e+02, 2.692211145211032e+02, -1.829143883155270e+02, -3.429173273719480e+02, -7.121197516055518e+01, -2.710524872379824e+01, 4.694323029976702e+01, 1.314286528458073e+02, 7.749053114883046e+01, 2.225131267995788e+00, 1.364500754797345e+01, -1.944146460545656e+02, 1.247331086650125e+00, -2.227136156182632e+01, 4.273547157598488e+01, -7.786396579076587e+00, -6.194710941140317e+01, 4.539984049933665e+00, 7.496228108406810e+00, 3.695663418481057e+01, -1.015076614242437e+00, -7.551584556464495e+00, 1.818749205904300e+01, 4.068731205156729e+00, -8.866018895551163e+00, 8.968341491718391e+00, 4.740058237234512e+02, -3.193997757643043e-03, -2.462609655676995e+02, -5.443886418049673e+01, 3.013803464082421e+01, -3.190945069799659e+01, -8.874716634814991e+00, 1.084373112417924e+02, 2.410638876479881e+02, -2.440276484456311e+02, 2.347077232378703e+02, -1.338509462377702e+02, -7.361983011810758e+00, -5.018299716825390e+01, 1.594072529991624e+02, -1.361654738209644e+03, 2.252890038721408e+02, 1.196539724523049e+03, 6.018968838869698e+02, -4.058330389893713e+02, -2.183212440916996e+02, -1.294973988467681e+02, -1.614227870827735e+02, 3.057147730010024e+01, -1.059426361766044e+02, -6.482480764198976e+01, -2.574333578540874e+01, 5.676060526235717e+02, 7.759020329899296e+01, -1.150446655458278e+02, 1.749744737580772e+02, -8.237489765156765e+01, 1.013183604928069e+03, -1.714793098735623e+03, 2.118022426379443e+02, 4.749792342400364e+02, -1.222722127893344e+02, 3.216224026965423e+02, 1.297798429528726e+02, -4.610325038803310e+01, -1.284069260991601e+02, -3.329041705485512e+02, -3.235068929864774e+02, -8.299844328906490e+02, 1.524445099162552e+02, -8.380841061050786e+01, 1.725775049404417e+02, 2.324633231250018e+02, 1.277656775153860e-02, 4.776311896735454e+01, -3.120251260762008e+02, -3.949494788089984e+02, -1.324454791485428e+02, -6.271636464943971e+02, 1.137277973312597e+02, 1.093982119355952e+02, 2.037634971863688e+02, 1.657374460209061e+02, -1.423752532724344e+02, 2.482099765766351e+02, 1.016805915570210e+02, -1.341676536827968e+02, -1.325253510305885e+02, 2.814958870172110e+01, 9.389103270151045e+01, 4.228593109607291e+02, -1.261227053457427e+00, -4.011094868006037e+01, -4.697724221939560e+00, -2.314508747878739e+02, -4.577938324384476e+02, 1.850787668402497e+02, 3.335108308392806e+02, 3.494568589976612e+00, -7.536728615620140e+01, 2.330952519453750e+02, -1.358653389392624e+02, 1.554490603724770e+01, -1.756446854939565e-01, -2.765150709300543e+02, -7.132399154261816e+01, 5.982499437775238e+01, -2.764497687599427e+01, 2.796953905357513e+01, -3.182121897188239e+02, 2.125654733691618e+02, 1.325578823866018e+01, 5.610344818249768e+01, -8.860458040199703e+00, -1.563299512420323e+02, 2.669304164287767e+02, 3.486654848097665e+02, -3.525586234698284e+01, 2.955427982945809e+02, 1.815075772089362e+02, -1.323990834200338e+02, -3.436809999189029e+01, 6.628857780446030e+01, 4.775150820941594e+01, 4.779722750135287e+01, -2.446888515372490e+02, 7.850591609886521e+01, -8.637773769741482e+00, -2.868959898605889e+01, -1.237804947136773e+02, 6.670675324464511e+01, -1.835892074462623e+01, -5.691946067662775e+01, 3.017308096280550e+01, -5.072233893425879e+01, 8.227432881433990e+01, 3.345233016138070e+02, -2.053454352129900e+02, -9.726509261503385e+01, 2.593708730373158e+01, -6.328145151601210e+01, 1.579653339359558e+02, -8.262832936718918e+01, 1.094698696175854e+01, -1.044201428744052e+00, -1.081011606100634e+02, -7.817497819254713e+01, -5.569528412031587e+01, -3.047695022703190e+01, -2.051819008973638e+00, -4.423469383906242e+01, -1.521546430209744e+02, -5.423500502407015e+01, 2.721950061588906e+01, -1.109491429360435e+01, 2.625222427918799e+00, -1.736794119274116e+01, 1.695737189153554e+02, -3.431752978151226e+02, -1.934480314505263e+01, 1.320402663637853e+02, 1.841500939375494e+02, -2.540883503191979e+01, -3.020643793871031e+01, -6.568428380778387e+00, 1.741645622107924e+02, -1.538785546159939e+02, 2.283399014498328e+01, -8.339786157499856e+01, 1.555708458526861e+01, -6.954336663884836e+00, -3.593942484443094e+01, -8.823387066484752e+01, -4.878672116865062e+01, -8.407892087238950e+01, -2.574651025754013e+01, -9.473280739963253e-01, 2.263178115600596e+01, 1.780780722248585e+01, -9.410810479968760e+00, -1.357435578687332e+02, 1.893223021727713e+02, -1.523842236632336e+02, -4.021619667285101e+01, 9.765372360615082e+00, 8.395119681129101e+01, -5.090122221980068e+00, -1.002912280631176e+01, -2.960698999754167e+01, 1.231985718923746e+02, 1.882410788832897e+02, -6.964847259546680e+01, 3.922516345385093e+01, 1.768667883039192e+00, -2.874438063847417e+01, 2.985153049172074e+01, -1.520644170227577e+01, 1.692274044971445e+01, -4.270563977660039e+01, 4.211921633254056e+01, -1.075056245891700e+01, -1.840214750381602e+01, -8.053661891904641e+00, 2.033663571356479e+01, -3.986508083073955e+02, 2.228893255724961e+02, 2.675142830122484e+02, 2.542365334546921e+01, 1.420328964345109e+02, -2.708615311477544e+01, -6.523383975025417e+00, -6.828009336693630e+01, 1.784182771961939e+02, -7.553780501239649e+01, 4.709947333609803e+01, -2.413130845761788e+02, -2.902458667468154e+01, 2.561970380303571e+00, 7.288985436802617e+00, 6.483624459382850e+01, 1.638861539251481e+01, -6.233999648015588e+01, -5.197484674893697e+01, 1.176260098023108e+01, -4.188502835886781e+00, -1.354632144804016e+01, -1.773031175286721e+01, 2.093496088978172e+01, -7.706518743323072e+00, -2.343833613098798e+02, 9.676110242011620e+01, -1.568017524066561e+01, -4.708654656277581e+01, -3.314953767827485e+02, 1.149674893992677e+02, 5.647122696763662e+00, -2.197578322799004e+00, 4.736235858980387e+01, -1.645412390216881e+01, 1.752107147758768e+01, -2.406363036876384e+01, -4.996728057135113e+01, -1.055421950917590e+01, 2.446934617010149e+01, 9.624596609142205e+00, 1.354789619218169e+01, -1.778704830965786e+01, 4.174005721831863e+00, -6.325633627951374e+00, -2.177191652785093e+01, -7.961828996736204e+00, -2.726055585311046e+01, -1.038781587816731e+01, 7.706566594878856e+00, -7.352578743139000e+00, -1.969577995683404e+02, 1.117253111146034e+01, 1.907945926009438e+02, -2.152769533523868e+02, 5.178737854279332e+01, 1.092683753878453e+01, 3.739513760061661e+01, -1.010748984840565e+02, -5.395583658408633e+01, 8.783728785145969e+01, -1.650599482995080e+02, 1.398793233509306e+02, -1.697432831578132e+02, 2.988198055825437e-01, -1.797221979911449e+01, -4.953076824812945e+01, -1.438182449602201e+01, -3.797198467232346e+00, 3.390976722197967e+01, 3.884940347091236e+01, 1.060897097786217e+01, 3.362834534504212e+00, -2.835400250420092e+01, -2.306008185620702e+01, -5.725372021256077e+00, 2.530037494026533e-02, 2.935138060068380e-01, -3.537698639331608e+01, -1.035264995627804e+02, -9.554823059926491e+01, -2.488945978371770e+02, -3.691406992024625e+02, 2.997102144402919e+02, -1.348044504250688e+01, 2.758251908693477e+01, -6.225557362825588e+01, 1.130662606175934e+02, 1.712413705170263e+02, 1.425596323026250e+02, 8.832893993223996e+01, 8.890705014915110e+00, 2.707983843551176e+00, 1.172157780180694e+01, 3.404188082057108e+01, 6.208040746540345e+01, 1.333795957936617e+01, -1.872003662815952e+01, 2.682966003654131e+01, 3.608789203491978e+01, 1.958050165990465e+01, 9.344605971231809e+00, -1.517701874290215e+01, 1.358860517722078e+01, -1.714580875557360e+00, 3.389760817768266e+00, 6.605218818785834e+00, -1.443449836929653e+02, -1.761052256647824e+00, 2.891527182999562e+01, 5.574439588415429e+01, -2.150720089067988e+01, -5.704738098032038e+01, -4.148295847975953e+00, 3.410495258738871e+01, 6.453964829229353e+00, 7.366931603592637e+00, -2.033237673829098e+01, 2.567535699442828e+01, 2.065037433029285e+00, -3.380195601593188e+00, 4.150659398248045e+01, -5.572794663071851e+01, 7.630274361230284e+00, -2.505076113818674e+01, -4.025839704629468e+00, -1.515336489400499e+01, -6.782884712865284e-01, 5.664318676882259e+00, -4.211829857882070e+00, 6.083445918769247e-01, 3.341386364378297e+00, 1.318296588854202e+01, 5.273018002850943e-01, -8.084853100079268e+00, -1.480231488517164e+01, 2.178596716218038e+01, -4.384815709387438e+01, 5.930898329059419e+01, 7.383915818243516e+01, -5.101553465545427e+01, 1.243654404358740e+01, -1.872777142440028e+01, -1.424201259907797e+01, 4.543010038451413e+01, -1.228866537431608e+01, -9.517778585104071e+01, 1.348417795456849e+01, -2.157820451063287e-01, -1.195285295724654e+01, -3.227146493252682e+01, -2.628175683718863e+01, 3.683267791410551e+01, -1.460867762540252e+01, -1.261615835682952e+00, -6.102812260877863e+00, -7.765394105050192e+00, -9.928664872877562e+00, 1.505949418599175e+00, 5.416266255290650e-01, 3.837926116952422e+00, 2.806829881108725e+00, 3.673827434769047e-01, -1.046035489673343e-01, -4.609936145746943e+01, -1.936783495395957e+02, 6.291744574167635e+02, -1.251577961946255e+02, 7.721112164156708e+02, 3.402914367115814e+02, -4.060700997171327e+01, -4.411637046209660e+02, 3.456591500563196e+01, 6.778848246165250e+02, -3.254833536081788e+02, 2.250530472300641e+02, -1.079261231365956e+02, 5.084501498790307e+01, 8.359328761894856e+00, -3.056201288281592e+01, -3.860613630304942e+02, -8.745151635982388e+01, 4.563176543686271e+01, -3.637030441110161e+01, -2.820319906231058e+01, 1.871228232241713e+01, -9.591483418099781e+00, -4.006192412819561e+01, -2.322286937753852e+01, -3.230591977374670e+01, 5.073111551076738e+00, -1.250924509951096e+01, 9.744058228179089e+00, -5.576246915668091e+00, 1.114422738035337e+01, -8.468526859064205e+01, -4.578351664879676e+02, -2.497450407594131e+03, 1.170691210706821e+03, 9.058597061871542e+01, -3.912581922408094e+02, -1.592955141315967e+02, 3.750668614847094e+02, 2.566363797895660e+02, -2.383084938673634e+02, -5.560612177570741e+02, 2.158885365838291e+02, 5.245918066565296e+02, 4.726059003028634e+01, -3.567605460590278e+01, -8.042134081021143e+01, 2.342223332955687e+02, 6.531594289596241e-01, 1.266023520485990e+01, -2.277821066736396e+01, -1.050449410074419e+01, 6.674969928216536e-01, -9.674113150896710e+00, 1.738467815690101e+01, -4.293976220707195e+00, -2.693577442016522e+01, -2.549249242604750e+01, -1.144715753435386e+01, -2.208167626640023e+00, -2.209789783474975e+00, -9.743241545533206e+00, 3.306381774048604e-01, 2.939519178323863e+01, -1.317405702832083e+02, -1.240631502018732e+03, 5.416868388739387e+02, 1.664745948250672e+02, 2.011673749583969e+01, -5.964934602836605e+01, 2.571887327620136e+01, -7.308021740652637e+01, -4.616631508061738e+02, -3.671047464819199e+01, 2.104514370298427e+02, -9.411232764981710e+01, -1.604820821542463e+01, 8.744302719061299e+00, -3.569321551842019e+01, 1.339567171005989e+02, -1.432792466659331e+01, -1.131917082646680e+01, 2.221599185253001e+01, 8.299838150427915e-01, 2.097618130484526e+01, 1.517234662625027e+01, -1.595211488148047e+00, -9.440956061228393e+00, -1.951799195309143e+01, 1.848875762280086e+00, -1.023352102684992e+01, 2.850741808623168e+00, -6.995416777099714e+00, -5.509962298596259e+01, 1.637720388568467e+01, 5.175813740519378e-01, 3.362984934266754e+01, -3.144978217870382e+02, 1.925543620561759e+02, -5.822212883184130e+02, 5.396135771228111e+02, -4.429068679003892e+02, -9.575160665796216e+01, 2.040147038839152e+02, -2.691052232587741e+02, 7.219559246351821e+01, 1.255655927588521e+02, -8.721418119033704e+01, 1.086224763582713e+02, -6.135679156022106e+01, 7.244993870042238e-01, 9.829122250873468e-02, -9.377295510997714e+00, 1.327432524539023e+01, 9.920151970255695e+00, -3.484157060147003e-01, -2.125460032889768e+01, 4.016008502322608e+00, 4.972348048471037e+01, 1.975716733836623e+01, 1.002087313406778e+01, 1.019995648364604e+01, -1.642382389522717e+00, 4.928432800552514e+00, -1.292224664735317e+00, -2.680104660199265e+00, 2.369275192439883e+01, -1.466206146743529e+01, 4.708708543634986e-01, -3.118336090813907e+00, 3.450764526350488e+00, 2.477486229923695e+02, 1.467863851500204e+02, 2.559410988282402e+02, -1.223013534033380e+02, 5.718332472416998e+01, -1.496324444569655e+02, -3.039345544384378e+01, -7.556555183561186e+01, -1.514165962057862e+02, 1.101836156189284e+02, -1.032856851670905e+02, 1.137716137018472e+00, 1.172358734318438e+01, -5.963921913424052e+00, -4.418195691820873e+00, -6.142546049858505e+01, -5.411629769493356e+01, 4.339391218413601e+01, -3.678278673565716e-02, -2.275137855755905e+01, -1.053002614707657e+01, 1.346710691906724e+01, 1.311754543516023e+01, -6.477721841814843e+00, 3.236675463426481e+00, 2.081520031641672e+00, 8.206703023473812e+00, -1.348263441043729e+00, -4.386464640858695e+00, 1.846673269288888e+01, 9.286256917237033e+00, 2.479764521061921e+00, -4.162153097267230e+00, -1.464468889359542e+00, 1.441954107721669e+00, 2.512372117507101e+02, 2.948340431812032e+02, 9.927857504916938e+01, -1.563636562438991e+02, 2.181321245740999e+01, 2.213812524853578e+01, -1.557938887204128e+01, -5.282028333271421e+00, -2.926049035335341e+01, 5.307251827791528e+01, -5.652010120332439e+01, 2.882301718745719e+01, 8.031565055150307e+01, -1.122213868263931e-01, 1.920902402096002e+01, -5.118325770834208e+01, 3.926594366806808e+01, 3.020124880604761e+01, -7.697579585925413e+00, -1.434354293557872e+01, -1.625985465437211e+01, 1.001856011996621e+01, 9.827285710937311e+00, -1.088891436516833e+01, 3.445779229932187e+00, -1.177161183468853e+00, -2.070466301790869e+00, 7.583842629081448e-01, -1.148127346926600e+00, 7.031771896784409e+00, -1.365912950017512e+01, -4.954029062479247e+00, -1.082453413674182e+01, -1.970455594668346e+00, -2.954460641268865e-01, 5.303894367431138e+01, -4.756799529014413e+01, 6.766321718465348e+01, 3.246693548601946e+02, 2.555771988533743e+02, 9.048287098684506e+01, 1.249363194674125e+02, -5.249853662692482e+01, 3.307282286321205e+01, 1.223743674899663e+02, 3.590744276065138e+01, -9.042263740333705e+01, 1.509699504527049e+02, 5.801102071480165e+01, 6.660568415865444e+00, 1.818344496161932e+01, 1.915953950241563e+01, -1.910894984898946e+01, -2.108018261706944e+01, -1.658150225001900e+01, -1.902746773047314e+01, -1.349220867178248e+01, 6.009549600435536e+00, 8.090418813206149e+00, 1.719532940285166e+00, 4.746395821430188e+00, -1.065199129745075e+01, -5.513863459057442e+00, 8.883837963348749e-01, 9.346700830867447e-01, -1.048680980715751e+00, 4.647468696390365e+00, 1.532539479928688e+00, -6.578675194505560e+00, -1.256103372183873e+00, -1.325114356220627e+00, -1.781899336380619e+00, 1.426854824901682e+01, -1.114888713386978e+02, 2.384693094924762e+02, -1.443599155754569e+02, 3.022468377983513e+01, -2.108006018722480e+02, 1.212421710212730e+01, -1.184738680652590e+02, 5.641930749899350e+01, -7.445287778499541e+01, -1.365474820993335e+01, 2.567919649363653e+01, -5.891504792538647e+01, 1.516343671076353e+01, 3.467331958393605e+00, 9.550919384041411e+00, -1.939410602546161e+00, 1.928856864264098e+01, -2.293920883830012e+01, 6.003077772401824e+00, -7.059085549000237e+00, -2.030237605900842e+00, -5.042632537568410e+00, 1.367852808615681e+01, 5.918819812308972e-01, 7.695828253503219e-01, 4.281647525120816e+00, -8.269753624402266e-01, -3.454366943261215e-01, 2.763368674690720e+00, 2.685453119463863e+00, -8.322569966125510e+00, 5.954214873047710e+00, -2.420539046143559e+00, -2.867795902538695e+00, -2.433652784832587e+00, -6.528043710714693e-01, -1.666522075942389e+00, 1.916598822375840e+01, 5.798592671277863e+01, -2.957541590694589e+02, -3.101440280455551e+00, 2.645447721915355e+02, 2.595630256999905e+01, 1.537013100755902e+00, 1.986659613230307e+01, -4.595081519270477e+01, -8.472330668159998e+01, 3.478083608031515e+00, 1.537850357381527e+02, 8.380898289879737e+01, 1.170737681030137e+01, 1.754194792219371e+00, 2.680388367756638e+00, 9.540622129954153e+00, -1.112000579438061e+01, -8.942998488946502e+00, 4.084264429840218e+00, 1.399951490880057e+00, -3.146900530432061e+00, 1.167642780097354e+01, 1.642004174231196e+00, -4.557919733966447e+00, -8.036433545696395e+00, -5.598715414146033e+00, 8.454979386343098e-01, 4.803089477900764e-01, -5.501100338892569e-01, 5.038496878321884e+00, 5.779035347588306e+00, 5.407024765330673e+00, -2.417159400769356e+00, 1.190146806837368e+00, 2.648322454453893e+00, -5.796834746297490e-01, 2.579183546913900e+00, 1.205758972074962e+00, -7.651489461442539e+00, 3.446470987485425e+01, 2.784471151832563e+01, -8.358357662731899e+01, 2.285911448273228e+02, 1.175739710043109e+02, -5.523692410536488e+01, -7.110344116794851e+00, 3.865817804660085e+01, -1.169834912607952e+01, -1.175151812102264e+01, 3.933825194189108e+01, -4.379940351200082e+00, 5.158761126261525e+00, 5.787756511882027e-01, 9.209941461762925e+00, 5.749055018012141e+00, 1.004508809844211e+01, -6.716963192618786e+00, -9.317344341238842e+00, 3.539719331388325e+00, 2.471333904131915e+00, -6.727232131341969e-01, 1.125885942637877e+00, 8.969690166801453e+00, -2.643319805005949e+00, -4.954099563019887e+00, 1.728267189539964e+00, 1.334033100727139e+00, -1.262198138034361e+00, 4.957222424954404e+00, 2.440377472536818e+00, 4.611873074129265e+00, -7.261127535678583e-01, 1.622599596889571e-01, -1.446650814486393e-01, 3.707149150280557e-01, 1.588375811308663e+00, 7.521029899605164e-01, 5.457947855906794e-01, -7.070795851811780e+00, 8.814475131605354e+01, -3.740300660176923e+01, -5.434481904425500e+01, -5.083781561227553e+01, -3.988557270439343e+01, 2.921557189255471e+01, -8.763547262687884e+01, 8.121050165991317e+00, 5.855773294860362e+01, 4.752376773779612e+01, -5.044342388244754e+01, 1.032028259444721e+01, 2.018803123449981e+01, 8.272524860750229e-01, -1.137395373120745e+01, 2.094735922956019e+00, -7.023085742149444e-01, 1.405264170829444e+00, -1.061201720995640e+00, -1.253905070316041e+01, 4.083652902717255e-01, -4.695375425751254e+00, 3.582515984198293e+00, -3.777282964314978e+00, 5.305419603330401e+00, 1.152853680242924e+00, -2.969079406588534e+00, -6.394298637059933e-01, 4.609331610190117e-01, -5.311471104366287e-01, 3.041455018682956e+00, -4.912791839074495e-01, -1.242477285717015e-01, 9.823726930299062e-02, -1.621940896957859e-01, 1.318299302112472e+00, -1.798614568667571e+00, 1.021742941045431e+00, -4.834435393285579e-01, 3.358970570344357e-03, -4.867198544348067e+01, 1.135468363934471e+02, -1.672792074932890e+02, 2.224211178604459e+02, 1.922390700320499e+01, 2.162413063025420e+01, 3.388001718918866e+01, -8.109864333173009e+01, 5.334849909851754e+01, -9.903793672220892e-01, -3.826605060034500e+00, -7.013845597034476e+01, -5.085490689656880e+01, -1.794562179918971e+00, -1.893929520904601e+00, -2.312235367798424e+00, 4.892267227110036e+00, -1.379308951810568e+01, -1.121060925255788e+01, -5.090886920911556e-01, -3.955909669127738e+00, -3.425911674461737e+00, -1.316293619989306e+01, -2.831966471998026e+00, -5.200974299350856e+00, 5.341510971579947e+00, 4.044942735883966e-01, -1.192729744888059e-01, 6.794180031945803e-01, -9.460668703104657e-01, 1.028751885178700e+00, 2.740493939141289e+00, 2.617729728025203e+00, -9.900158581930915e-01, -1.245229878456150e+00, -8.012351002105424e-02, 1.465922677008677e+00, -6.137761192530821e-01, -5.888344305898932e-02, -1.019707896104889e+00, 4.946295682187632e-01, 1.257200107118055e-01, -1.737258104469245e-01, 2.406120147948997e+01, -1.405460202312821e+02, 9.719141981550957e+00, 3.951007481181952e+01, 4.745903077095479e+01, -7.552501082073661e+00, -5.178540826172759e+00, -1.509937553759509e+01, 1.883657834546644e+01, -4.229464661736524e+00, 1.488400341619763e+01, -1.965698517383935e+01, -6.230075993767478e-01, 1.058792687658303e+00, -3.412420585584921e-02, -2.598413043645048e+00, -8.005932326653884e+00, -2.401309482939427e+00, -8.437900956312813e+00, 3.962022569668010e+00, -5.584572235704152e-01, 6.577442847281917e-01, 5.414700411299275e+00, -2.111165956512132e+00, 3.654095816457523e+00, -1.841338818687114e+00, 1.245873314151090e+00, 2.005987990387865e-01, 2.755708264055376e-01, 8.482421887653871e+00, 1.053086626227415e+01, 6.479052622448067e+00, -4.961544824895022e-02, 1.597532018535537e+00, 6.141643834823443e-01, 1.356663160550693e-01, -7.165062324114023e-01, 1.304382823190878e+00, -3.142098736506314e-01, -5.462829712413922e-01, -1.834700910664982e-01, 1.909117071387585e-02, -3.232498050115364e+00, -1.473546320110529e+01, 6.547182218941956e+01, 1.377401977476643e+02, 5.420416978896076e+01, 1.355317790696452e+01, -7.490219628296343e+01, -2.165407859986303e+01, -5.843625550861405e+01, -1.867304200511341e+01, -3.088276461720945e+01, 1.294960955250066e+00, 4.773842879995679e+01, -1.625486415914919e+01, 3.116139129093419e-01, 3.680089324404483e+00, -1.161286321887875e+01, -2.722157993152115e+01, 3.498426644752301e+00, -1.317312000239244e+00, 7.405027438648948e+00, 1.154602346664182e+00, 4.158060352092262e-01, 7.983106385671128e-01, -3.513092520549751e+00, -2.498045660878890e+00, -1.145347052002244e+00, 7.928662505063169e-02, 1.506775521262327e-01, 2.959584236118326e-01, -3.821298001970459e+00, 8.397765205094395e+00, 7.842065706607289e-02, 1.198313347574715e+00, -8.382799214631594e-01, -6.716936413005725e-02, 6.619253545455453e-02, -1.929723334893826e-01, 8.581366597056242e-01, 5.461526962461378e-01, 4.586909272662904e-02, -2.268260109159534e-01, 6.293510740213681e-02, -2.172323409270843e-02, -6.462921554226473e+01, 1.699494971158334e+03, -1.690761983960456e+03, 2.130583098816233e+03, -2.979941063159642e+02, 1.267446937151140e+01, -9.404903173854149e+02, 7.414030210272842e+02, 1.397992772616469e+02, 1.629334829121020e+02, -1.309033794932059e+02, 1.924593748869322e+02, 1.534412487043468e+02, -2.413660273565421e+02, 1.267038351176022e+01, -9.455702040514012e+01, 2.181066410881110e+02, -1.585939161675319e+02, 3.161459244630731e+01, -4.200647356634659e+01, 5.017846892240685e+01, -7.394575784402008e+01, 7.836247940864459e+00, -7.752745474420657e+00, 4.288185502711156e+01, 1.410941640277026e+01, -1.275290417912371e+01, 1.058413588127147e+01, -8.576542626272060e+00, 8.694797067137463e+00, -4.151333945334282e+01, 2.532732058268244e+01, 1.218267542857368e+01, -8.398882955555566e+00, -1.255629800615198e+01, 1.126320166967403e+01, -2.391381379731925e+00, 4.113649295532481e+00, -8.142777362868323e+00, -3.957649050887951e+00, 2.548957627515355e+00, -1.021624148966278e+00, -6.525245137257897e+00, 2.680359102879165e+00, 3.240971820289734e+00, 8.688869244570344e+01, -8.794744155995197e+01, -8.188075227173970e+02, 5.195648539226556e+02, -4.628628205571976e+02, -3.573101319796698e+02, -6.515361561379332e+02, 2.928665687138775e+02, -2.600308097543186e+02, 1.123151930318765e+02, -5.104963889483532e+01, -4.296212440526784e+01, -4.523834300932113e+01, -1.149561252792190e+02, 1.702337238274959e+01, -2.570950628201055e-01, -2.501627899334748e+01, -9.899418796413893e+01, -4.454962430650196e+00, 4.747696622386711e+00, 4.300163970554226e+01, -5.452059453423220e+01, 2.883294451607938e+01, -1.245400784082268e+00, 1.778561539568213e+01, 1.172925317301787e+01, 8.122274153967396e+00, 4.884403981091531e+00, 8.656081954672581e+00, -5.747896592184335e+00, -1.197098656821759e+01, 2.701584754589692e+00, -2.160566342773576e+00, 8.325071925432649e+00, -5.568033078402702e+00, 1.367653303643340e+01, -8.580425368322695e+00, 3.065661463971765e+00, -3.439277688342488e+00, -5.829864902384638e-01, -2.055463057065513e+00, -1.332030458834732e+00, -2.766343571145116e-01, -2.271866886337442e+00, -1.232621291361637e+00, -3.843858960480408e-01, 3.681161351764673e+01, -1.127608882581961e+02, -1.124435564290757e+03, 3.324895799774643e+02, 8.364280715994122e+02, -2.200615501141309e+02, 1.102679677958155e+02, -2.195897887696449e+02, -2.191468893745461e+02, 1.251171520756961e+02, -1.488737167812326e+02, -3.268996611535324e+01, 1.372909774478103e+02, -6.117403445609821e+01, 3.271913514920121e+00, 2.470462447799508e+01, 6.829225838922289e+01, -4.591300321185597e+01, -5.190319635306946e+01, 2.648364074742686e+01, -1.112538277788970e+01, 2.906858806916655e+01, 4.362269326913233e+01, 1.176769025636089e+01, 1.388288385778512e+01, 6.131205356086278e+00, -4.372392812533670e+00, 4.273773005639512e+00, -5.217670258621053e+00, 3.312902434538330e+00, -4.345457801773529e+00, -3.290564070426369e+00, 4.384386493601799e+00, -5.792792657221982e+00, 8.669945033597530e+00, 1.128756147164492e+00, -5.879498379215384e+00, -1.384241295803902e+00, -3.282993441136351e+00, -2.069416846139993e+00, 7.201178152039660e-01, -1.384367460965988e+00, -6.340250340392763e+00, 2.083909857407901e+00, -9.246759194922357e-01, -3.447379266561584e+00, -1.611595408144157e+00, -2.578557255557536e+00, -2.430240268886725e+02, 5.644837833096447e+02, -5.899944465922038e+02, -2.151496849698210e+02, -1.644902433472235e+02, 1.482975294134523e+02, -3.232617348312986e+02, -1.915315699578385e+02, 2.145605975518230e+02, 6.421094296311846e+01, 1.103880968832042e+02, -2.550705271908666e+02, -2.075215384249810e+01, -7.946369468003543e+00, 2.858886567869548e+01, -3.528690650934168e+01, 6.341966059847709e+01, 3.043971390496926e+01, -1.826928258010284e+00, -8.398360599709410e+00, 5.002352755598436e+00, -6.004277388442329e+00, -9.314258879651799e+00, 2.506122314822666e+00, 5.029003968483196e-01, 6.832184395318491e+00, 3.633748529639553e+00, -1.340423256498734e+00, -1.322086699274186e+00, 9.630331747289823e+00, 2.604061523655347e-01, -1.691238938004392e+00, 4.094313510952569e-01, -1.149215908245587e+00, 3.974421135723972e+00, 2.352490886668179e+00, 1.799673250984373e-01, 3.944608550337836e-01, 8.491554731888885e-02, -8.522550053445364e-01, -2.555484475324686e-01, 9.546545291136235e-01, -4.149302373770978e-01, -4.763017197606408e+00, -4.832880762604789e+00, 2.188352650194294e+00, -4.319038435918156e-01, 8.673079788453837e+00, -5.202311834131265e+02, 1.060621462066592e+03, 2.898121892016511e+01, -5.872311394136259e+02, -3.909939532188950e+01, 2.012600336994575e+02, -2.505269462629797e+01, -4.432323371671298e+01, 1.107351475272733e+02, -3.176962489640978e+01, 1.457052063344277e+02, -8.953180288412592e+01, -2.641722907149977e+01, -3.313398628792421e+00, 9.709782779189659e+00, -3.418259264730241e+01, 3.282897532640883e+01, 2.958425556221061e+01, -1.918524929304307e+01, -1.585177055483097e+01, 1.121439763407682e+01, 3.598195142396520e+00, -1.168569606520873e+01, 6.791019997061018e+00, -7.926071419115037e+00, 3.807536364648775e+00, 4.727682400298235e+00, -1.284165002318530e+00, 1.128698155340427e+00, 9.680071435270484e+00, -3.289663655935807e+00, -5.801875786767938e+00, 3.779728012919443e+00, 1.374669751393347e+00, -2.864197115231474e+00, -1.074387654737068e+00, 2.885922395041444e+00, -3.767450262315978e-01, 1.511552165584964e+00, -5.681571994883455e-01, -4.122154165950052e-01, -4.817475619695493e-01, -1.378962415401471e-01, -3.021316195787572e+00, 8.956923502922807e-01, -2.048992247760830e+00, -2.327821471134188e-01, 2.474280188005730e-01, -5.308058960236538e+00, -3.553039524845012e+02, 1.105177929374176e+02, -6.667084732927361e+00, -1.571907740339520e+02, -3.470661601166514e+02, 2.697572609956196e+01, 1.562538814987728e+02, 2.622595820630316e+01, -7.831403484733009e+01, 1.215037032304843e+02, 3.581173287748833e+01, -1.096927258300878e+02, -3.552970963710762e+01, 1.537686833397637e-01, -2.131879300042747e+00, 2.098262880044447e+01, 8.883751430063089e+00, 4.167703007917252e+01, 5.170377572251154e+00, -8.871094083259075e+00, 3.597143691156018e+00, 8.627272549251362e+00, 6.157562770095333e+00, 1.035118542111932e+00, 8.881641906430230e-01, 2.971655266954262e+00, 4.250736178658656e+00, 2.137618749555305e-01, -3.886516708357809e-01, 4.058007407268171e+00, 5.311740430017885e+00, -2.550436598468012e-01, 1.011466268516193e+00, 7.524856078473021e-01, -8.075651926669476e-01, 4.509674337341049e-01, 6.711245486657069e-01, 1.457607817266196e-01, 4.855904527142943e-01, -2.305908623033605e-01, -3.928470565746467e-01, 5.837842100599226e-02, -6.363428610444129e-02, -6.602110941494041e+00, -6.586122221822036e+00, -2.376638120781753e-01, -1.814302684359037e+00, 7.328288506710574e-01, 1.505218513423942e-01, 1.446241820135056e+00, 6.545587367047763e+01, 7.553800322759258e+02, 5.126941089682821e+01, -3.258116115769879e+02, -1.677701931126093e+02, 2.010938031645996e+02, 2.258650933018185e+01, 2.117659111139527e+01, 2.325353836341715e+01, 1.360401818137172e+02, 4.403019496131008e+01, -7.045373748635032e+01, 3.765743853621985e+01, -1.410205939094455e+00, -1.078460270807752e+01, -4.112477794187630e+01, 2.596717447057766e+01, 6.275779393450199e+01, 7.495308286811116e+00, -1.132426666352226e+01, 1.291566503842792e+01, 1.462747286279644e+00, 5.108511354756103e+00, -2.066771490590639e-01, 2.056275846011022e+00, 2.853716644265083e+00, 6.484043014121120e-01, -1.895582779013109e-02, -1.292701911824297e+00, 1.073414035632927e+01, -1.741823815024101e+00, -2.674462355718056e+00, -1.520204568943641e+00, 7.000078635571522e-01, -1.364061771498647e+00, 2.145757270477568e+00, -1.284652611083062e-01, 2.298744763808689e-02, -2.919178439837669e-01, -4.472873886916592e-01, -2.352436202862389e-01, 1.239090562475693e-01, 3.252967525660155e-02, -1.223870648712146e+00, 2.793504011907397e+00, 2.982390883885908e+00, -8.583553094816198e-01, -3.673889384739034e-01, -2.492549863396013e-01, -9.121511657053187e-01, 7.222354852200684e+00, -1.299731498245597e+02, 2.586159665852597e+02, -2.068386735599389e+02, 1.282763959053786e+02, -5.841885546056958e+01, 1.939308751738462e+02, -1.043934388340442e+02, 5.723257509445081e+01, -3.905500969690289e+01, 1.748683317683701e+02, -3.909804604920743e+01, 8.945417497473854e+01, 3.430881040244921e+01, 4.625145001048981e-01, -1.186415459559826e+01, -1.292461340283925e+01, -5.959119974092829e+00, 1.439327070150460e+01, 1.756365015870738e+00, -1.494411330663949e+01, 3.389847192074367e+00, 6.659744012861455e-01, 3.614909870352175e+00, -4.378917540534049e+00, 5.168853588825439e+00, -3.795116092139143e+00, 1.122159902413038e+00, -5.581754154873538e-02, -1.098491434440214e-01, 3.468078391672361e+00, 7.251305769631343e+00, 9.033756792061827e-01, -1.977930321509768e+00, 1.026776237040819e+00, 4.507032355070607e-01, 4.163865643872826e-01, 7.646076938198253e-01, -3.968457336326526e-01, -9.062211408481325e-01, 3.913695064842816e-01, -1.343428452343427e-01, -6.857491457585589e-02, 2.050901563519266e-01, -1.570812603750827e+00, -4.067034140637001e+00, 3.042201806475188e-01, 2.862090830862041e-01, -8.134360357747310e-01, 3.301836373662610e-02, 1.213876330685699e-01, -1.045461457762467e-01, -1.135736757145924e+01, -1.464473754986535e+02, 1.031373557814136e+02, 1.072413194341154e+02, -2.281955973638861e+02, 1.129131656612232e+02, -5.700655725702488e+01, 3.873252306149255e+01, -8.678765727074365e+01, 8.097796181633868e+00, 1.223753921635503e+01, -4.774968225899573e+01, -1.277478240655225e+01, 4.058011571889038e+01, -5.995951894633193e+00, 8.879606337761643e+00, 2.350497285186008e+00, -6.502898295450194e+00, 1.669262486138147e+01, -8.978570792832308e+00, 9.306258785782212e-02, -5.319261179603703e+00, 2.133158678952661e+00, 1.722163271673659e+00, 1.662263871918652e+00, 4.579749073069267e+00, 8.817156016052984e-01, -5.944325652335511e-01, -1.785378698402827e+00, -4.248820559907555e-01, -1.870198127563920e+00, 1.588631774265516e+00, -8.930903040971553e-01, -1.373030837191900e-01, -2.088625893592973e+00, -8.611434462345118e-01, -1.141931989783929e+00, -1.278734150181517e+00, -7.579520560106588e-01, -4.501394419821703e-01, -3.251631806835226e-01, -9.882539461357392e-02, -3.243517017995323e-01, 1.613860289159630e-01, 4.413534417570860e+00, 1.647732324503971e-01, 1.725594945471537e+00, -9.337012897975245e-01, -8.198565048855236e-02, -1.439165706993857e-01, 2.913325053493879e-01, 5.090323640670309e-02, -6.951397947042404e-03, -1.066289542335240e+01, -9.523292240701296e+01, -9.419318547864886e+01, 3.963167046292490e+01, -9.399783797134840e+01, 2.316050909572881e+01, -9.273337921335962e+00, 3.245296487376527e+01, -3.426104906864592e+01, 3.598604738092229e+01, 1.563834235039890e+00, -3.491985900380854e+00, 9.287462369335745e+01, 3.972484698866458e+01, -5.826142215950479e-01, 1.800145309072036e+00, 4.963753607343651e+00, -5.350806927976725e+00, 8.007244557780458e+00, -1.766968543645870e+00, -2.258837311215267e+00, -4.593651881268748e+00, 2.703416726155906e+00, -9.302110085158309e-01, -2.865206782767894e+00, 1.681670848097947e+00, -3.531249004711071e+00, -1.011104633437223e+00, -6.528403124118929e-01, 1.734000703867684e-01, -1.500776639204394e+00, 1.478109088762884e+00, -3.602563628845478e-01, -4.002145605123996e-01, -8.126519499378868e-01, 3.830299951162529e-02, -7.706655375327311e-01, -3.320718339636198e-01, 1.767230744223647e-01, -1.202753704438409e-01, 4.607967490049029e-01, 1.018035190656998e-01, 2.367639278343916e-02, -1.002300573453871e-01, 2.056782754023502e+00, -6.840076061003885e-01, 8.164918514712799e-01, -2.291676893103404e-01, -5.060781137255743e-01, -1.341353892066925e-01, 2.440822330229505e-01, 1.092215383241908e-01, -1.633175167588610e-01, -1.827420572369243e-02, -2.735592423412799e+00, 3.081244220567826e+01, 1.555129479124053e+02, -1.114056977219583e+01, 1.343173988325233e+02, -3.982246254348258e-01, 9.545756984944841e+00, 8.141050018225434e+01, -2.756315867687585e+01, 1.451788150244773e+01, 2.033987741029293e+01, 2.643536016798030e+01, -4.195989737920662e+01, -2.143077839959052e+00, 1.073495648372075e+00, -5.907368162639841e-01, -7.734734000792003e+00, 4.331986246995356e+00, -6.993797956500795e+00, -6.177621711382777e-01, 2.639687104179654e+00, -2.217572617810688e+00, 1.970354075368655e+00, -3.913355625245983e+00, -7.553385477595989e-01, -9.275650109189045e-01, 1.007591709954623e+00, 3.317999890444789e-01, -5.341770268528961e-01, -6.472513603033013e-02, -1.151477576084486e-01, -2.857055105676233e+00, -5.909735671775197e-01, 9.266541299287645e-01, 6.148914903743721e-01, 1.645206195993185e-01, -4.580408560740043e-01, 6.445408588686710e-01, -5.521465139758002e-01, -5.848894070011648e-01, 1.266850909145722e-01, 3.434227146722376e-02, 9.651728755084633e-02, 7.308045959151065e-02, -7.598869133147713e-01, 1.262219192494109e+00, -7.364739110220572e-02, 9.401892495950506e-02, 2.386074344794288e-02, -2.661412294535010e-02, 1.574391248058720e-01, -5.961608243281644e-02, 3.016942464507704e-01, 1.707795635836684e-01, -6.529847370298669e-02, -1.576391405681865e-01, -2.346553874382067e+01, 9.706562864024360e+01, -1.549852623087544e+02, -3.786596013060351e+01, 2.199425151281157e+01, 6.699016403811585e+01, 1.311713311393744e+02, -2.052720381905640e+01, 1.603408866557368e+01, -6.037811986509963e+01, -1.943310509210765e+01, 8.198685863007847e+01, 2.276742631751578e+01, 9.954893905269779e-01, 1.635711851714733e+00, 2.978105238691237e+00, 1.747945364434175e+01, 1.007889508117021e+01, -6.703426419886158e+00, -4.214033097733401e+00, -2.884691647715877e+00, 7.201698085149467e+00, 2.577056488340467e+00, 6.914232741158367e+00, 1.359680076274008e+00, -3.162835936774606e+00, -1.428074787047421e+00, 1.449227587004984e-02, 4.440751868751545e-01, -1.150877984199647e+00, -2.660803844832435e+00, -1.596832133371221e+00, 1.101565026378306e+00, 9.726811873207298e-01, 3.053073528551011e-01, -9.704416046894048e-01, -2.140122830317350e-02, -5.962873606149121e-01, -6.053651401820734e-02, 1.465758345421271e-01, 9.588126172409635e-02, -1.977460442099091e-01, -3.072221969352014e-02, 5.898597510441671e-01, 8.963825567286982e-01, 5.700722134934244e-01, -1.227329549157218e-01, 1.124403401456980e-03, 4.851057224794293e-02, 1.534649164456328e-01, 3.364135795778967e-02, 1.273564397938987e-01, 3.370744795640638e-02, -3.734562259744470e-02, -2.922573803453096e-02, 7.478882938191200e-01, 1.050538326395948e+02, -1.763915003426195e+02, 8.086292511054168e+01, -1.209399274801308e+01, 5.796118483532681e+01, -2.883097736320786e+00, 2.194993973528166e+00, -2.946445341168982e+01, -7.350370454545120e+00, 3.975201566584547e+00, 1.060883516306842e+01, -2.229731368200657e+01, 1.128211428796027e+01, 1.458322074052638e+00, 5.384741455755389e+00, -9.977517036706795e+00, 4.839297814631497e+01, -4.292542783553425e+01, 1.549552722560516e+01, -4.067336609786478e+00, -1.325891842878054e+01, -1.388325545820512e-01, 2.391274981999950e+00, 3.506343722270028e+00, 1.060718809682467e+01, 9.774551336278500e-01, -1.627745274546454e+00, 2.741689738219114e-01, 1.312185881554282e-01, 2.934158426099868e+00, -1.291881915627312e-01, 6.336672407912538e+00, -4.148691287935968e-01, 3.580480672803934e+00, -3.783789468034694e-01, -1.760198503073776e+00, 1.012392688189019e+00, -3.613204175648992e-01, -1.319782091595364e+00, -9.300957499259553e-01, -3.895695412816397e-01, 5.150559419791411e-02, 3.407634633308800e-02, -2.230003502149648e+00, -7.569053271882888e-01, 2.191537241959115e+00, -6.558454536184408e-01, -3.185799506830953e-01, -4.050696307879173e-02, -2.490559330154526e-01, 3.261555127509412e-01, 7.416381039155936e-02, 4.813378093437180e-01, -4.593668898337490e-01, -2.863315684897798e-01, 3.454862181518789e-01, -5.577966073247888e-01, -4.919260175392004e+01, 2.695693925712012e+01, 3.841285691719573e+01, 7.328951983706736e+00, -2.622530775964600e+00, 5.290695564671147e+00, -1.813767119639747e+01, -2.690424997142997e+01, 1.700083372979989e+01, -5.276324702559180e+00, -3.491301979005728e+00, -4.574340009966066e+00, 1.468155683345297e+01, 1.130588723952136e+00, 2.532464248624558e+00, 6.919279265804796e+00, -2.146318764594073e+01, -6.785311287089544e+00, -3.071155907148195e-01, 3.518232353151192e+00, 4.959208809011091e+00, 2.335059159179716e+00, -2.353836995614827e+00, 2.323418779367970e+00, -3.916275332329382e+00, -2.047092053872090e+00, -2.267812184055447e+00, 3.290862508593199e-01, 3.831951934965050e-01, -1.037308994074990e+01, -8.193717707056313e+00, -2.604764127462196e+00, -1.815213853354251e-01, -6.099490240199639e-02, 6.002771449315917e-01, 4.214574341692051e-01, -6.192334064535769e-01, -9.142126305354574e-01, -1.196793845134191e-01, 8.642668965301039e-01, 5.265714747624148e-01, 1.134168367341652e-01, -3.627315414756675e-02, 6.293131810407973e+00, 2.999496403354716e+00, -1.506070744822199e+00, 6.207037054714849e-01, -3.306848674436620e-02, -3.057214213707526e-01, 5.803606551240019e-01, 2.167385379455499e-02, 1.781432158428508e-01, 2.101723010072196e-01, -1.701242187177651e-01, 8.902617808039565e-02, 1.795383325643203e-01, -1.565064777744623e-01, -1.762415482844707e+02, -5.395582706441199e+02, -3.072680270472268e+02, -6.608247513742647e+02, 1.187114962727017e+03, 2.000910881960235e+03, 1.210892323186066e+03, -1.428378216625616e+03, -8.292440060849430e+02, -4.896845597923630e+02, -1.442992350306492e+02, -4.869066216589798e+01, -3.312345666558107e+01, 5.796259114510286e+01, -1.548706079323098e+01, -2.878817143153537e+00, -4.613915173239619e+01, 8.248714696704020e+01, -8.559814823362680e+01, -1.664782126656947e+02, -1.151007248616002e+02, 9.700714196182119e+01, 7.213790453874047e+01, 3.901696485322997e+01, 5.607810179642452e-01, -5.732621898583361e+00, 3.277246926502884e+00, -5.256527549106122e+00, 2.299169494249548e+00, 1.578017828861682e+01, 2.848631723897086e+01, -1.155551654293594e+01, 2.039666873072189e+01, 2.564467862311592e+01, 1.467550595849591e+01, -1.374890288633669e+01, -5.378798034643073e+00, 1.932834007055638e+00, 6.502954180799960e+00, 4.805887689655774e+00, -2.296556109974795e+00, 3.912487552719078e-01, 1.657835834744226e+01, -9.066405915307241e+00, -1.915189657354571e+01, 1.018693551458164e+00, -1.109933388214998e+01, -5.877208524843393e+00, -1.599345384196627e+00, 7.247237495638369e+00, 3.482710679097049e+00, -1.781305494378291e+00, -2.188027814656779e+00, -1.454148926127682e+00, 6.685927684100460e-01, -1.603390564601301e-01, -3.476389865013096e+00, 1.141318492933306e+00, 1.176994809798623e+00, -4.936936400194362e+01, 1.069153282972468e+01, -1.045525925322502e+03, 2.460157460564074e+02, 1.651468572199622e+02, -3.903543761474818e+02, -4.250699050269076e+02, 8.329421434703079e+02, -1.029993810831812e+02, -4.991544702743529e+02, 5.200573985141345e+01, -3.291460047706437e+01, 1.778987157859935e+02, 1.533250616654570e+02, -3.068410066248478e+00, -2.302150438746675e+01, -1.749799964744102e+01, -6.558380640687297e+01, -7.300097962197383e+01, 1.753493695334007e+01, -2.801015175030652e+01, -4.654609326555354e+01, -4.413440022470104e+01, -1.490289289067069e+00, 9.495068681775596e+00, 1.220339081324897e+01, -2.034397351933240e+01, -1.654278014228692e+01, 2.573164043841041e+01, 3.146788947551138e+00, 1.167180355042452e+01, -1.692566458083513e+00, 9.384912735619418e+00, -3.480573858712067e+00, 1.743142419888032e+01, 3.229286755497348e+00, 1.456259219342665e+01, 2.058908423007275e+00, -3.594246797172778e-01, -2.757708358768918e+00, 2.900933457870274e+00, 2.321972188530630e+00, -4.588796907231123e+00, 6.764733091583630e-01, 5.374410096317789e-01, -4.179168408147941e+00, -5.597089008812147e+00, 2.245022325715929e+00, -5.183708360937870e+00, 2.322651282984441e+00, -2.039297805386536e+00, 3.341713875145534e+00, 3.385994993267552e+00, 2.687710922868764e+00, -1.807652129577177e+00, -9.214619316867401e-01, 3.921126716010822e+00, -4.424016737495906e-01, -1.926724998055743e-01, 6.509661537805804e-01, -1.022481714511249e+02, -4.053269338247109e+02, 7.441832747506118e+02, -1.285618823707417e+03, 5.625065368474876e+02, -9.921001680715718e+02, 7.733772333011717e+01, -1.638862433795650e+02, -3.347074703694396e+02, 2.918972751376531e+02, 2.347244909162740e+02, 4.908617071636538e+01, -6.087998462117265e+01, 9.962978155424769e+01, 2.994599246975296e+01, 1.815220408051546e+01, -6.324546427044252e+01, 6.166664682102689e+01, -3.475948048636805e+01, 6.270030254554344e+01, -8.511141122780691e+00, 1.399677036505964e+01, 2.023946251064065e+01, -3.962543291592372e+01, 3.749683349067783e+00, 2.870699459091370e+00, 6.385039596179410e-01, -1.078285082794016e+01, 2.900163848014945e+01, -5.345797167294807e+00, 2.379125075577817e+00, -1.773781280377859e+01, -1.009756399521130e+01, 2.076254704743740e+00, 8.468116156686126e+00, 1.379195878044119e-01, -8.236533554302129e-01, 8.930450059546997e+00, 7.570869905331065e-01, 1.272501269781020e+00, -8.149114203669121e-01, 1.806034540182234e+00, -7.111255644894619e+00, -9.979683703214173e-02, -9.326825479055547e+00, 4.673303526855560e+00, -2.145238342756892e-01, 3.710831911124104e+00, 7.192841273764391e-01, 4.573824078165480e+00, 3.951470222882132e+00, -6.995243518942731e-02, 5.934928210760677e-01, 3.129412213022299e-01, -2.795556138377625e-01, -5.581835775356110e-01, 4.352848816220825e-01, 1.007214601127498e+00, 3.689725734151758e+00, -3.940690745242260e+00, -2.683173384790568e+00, -1.098495103642692e+02, 5.106603279456569e+02, -1.907611508807139e+03, 1.329050809487348e+03, -1.291129963173870e+02, 6.052287748985995e+02, 1.815483710790122e+02, -1.195237540190225e+02, 1.742842388440687e+02, -2.871111634126914e+02, -1.200273428987714e+02, -3.713410230627353e+01, 2.823459523628702e+02, 3.764421847386275e+00, -3.682265081835524e+01, -5.587633209069410e+01, 1.706436963345025e+02, -5.121931469437692e+01, 1.049312007054989e+01, -6.345317526690549e+01, -1.515338190716706e+01, 4.521158057252690e+00, -2.595400874688167e+01, 1.708483855207375e+01, -3.188206481478903e+00, -3.834955545469124e+00, -1.109908177734099e+01, 4.032026532534756e+00, -1.062965478745623e+01, 1.477626563379552e+01, -1.016959279009953e+01, 1.757373423083057e+01, 9.979242582327624e+00, -3.822339900476930e+00, -4.835903802538535e+00, -6.912295352348501e+00, 1.481060948658521e+00, -4.181550772286154e+00, 3.543063380937623e-01, 3.577105605160660e-01, 1.182626974651223e+00, -8.353574338400824e-01, 1.953277555577925e+00, 6.212373591780872e-02, 3.695020062343000e+00, 5.236661754347797e+00, -4.499395195344157e-01, -1.743588172727535e+00, -6.411309947387311e-01, 1.885300287036092e-01, -1.567882226189957e+00, 2.000880227220233e+00, -2.856970963694158e-01, -2.063334915130046e-01, -2.648444516727010e-01, 2.528056336462354e-01, 1.175711156764449e+00, -7.910769442936173e-01, 7.629913556630108e+00, 4.220830189842959e+00, 7.521760808037248e+00, -4.712936556869924e+00, 4.284409549059914e+01, 1.680707448583683e+02, -3.938891213233388e+01, 2.644605223306367e+01, 3.624057763960453e+02, 5.396787115862672e+02, 1.172538413708275e+01, -2.138672957607529e+02, -2.429056431611189e+02, 2.130428143923221e+02, 6.305157102126746e+01, 7.138164697666089e+01, -6.370791112898866e+01, 3.185743989124324e+00, 1.610279858291326e+00, 2.591189458490302e+00, 3.479548255471477e+01, -3.311974347123228e+00, 1.363272716014812e+01, -4.053582718420411e+01, 2.904677519575937e+01, 1.557154482752013e+01, 1.148534062087336e+01, -3.447832449266802e+00, -9.148931650530901e+00, -3.573466889250646e+00, 6.068747769274562e+00, 4.081744123240970e+00, -4.642206606397620e-01, -2.012085334106569e+00, -8.281294020353597e-01, 1.557710264247160e+01, -2.583903926965798e-01, 4.278827791822676e+00, -7.596614999507625e+00, 1.340803709428283e+00, 1.092130245236864e+00, 6.112940317895613e-01, 2.409471056155492e+00, 6.740323365651026e-01, -1.049272897434707e+00, -8.632512388617624e-01, 3.177543303209446e+00, 1.259630453721804e+00, 1.749575552601511e+00, -6.394553397636449e+00, 5.151442913512795e+00, -3.895461970783744e+00, 6.985260810485432e-01, -1.727012045620162e+00, -5.025600941715883e-01, -2.610461852624353e-01, -1.046482569801315e+00, -1.414279867071930e-01, 2.952285323580490e-01, 2.909330889773037e-01, -1.433766843273511e+00, 2.853111751184950e-01, 2.952247617020778e+00, 9.635941458086130e+00, 2.403626361620068e+00, 5.908728715615591e-01, -1.819420959917648e+00, -1.302962539794733e+01, 5.611599958780303e+02, -9.830387996482237e+02, 1.609008187423820e+02, -2.023124327610628e+02, -2.505168222527534e+02, -8.517135351515574e+01, -1.362385700085697e+02, 2.486694077358423e+02, 7.283791551130338e+01, -3.348834508624353e+01, 1.140064737116545e-01, 5.064197223604133e+00, 1.274682180624765e+02, -8.593189585547946e-01, 1.460892395094351e+01, 8.550259982692681e+01, 5.388855091275961e+01, -8.142837738975960e+00, -1.004703800128447e+01, 4.313191070884677e+01, 1.361410847326634e+01, -1.425295031464383e+00, -1.872581369644162e-01, -6.848221435962023e+00, -2.697281700428550e+00, -1.678027875475951e+00, -2.944339679219471e+00, 3.820429424673437e-01, -3.675753187285590e-01, -1.304450174815952e+01, -1.054719159337912e+01, -3.043305816121409e-01, 4.321043743821999e+00, -8.240176151055092e+00, -1.808718213976246e+00, -4.111686516727309e-01, -8.442823234778015e-01, 1.986583219093789e+00, 4.999492960544732e-01, 4.008121772166984e-01, 1.275963852001271e-01, -3.219254098226755e-02, 5.805011806529694e-01, 8.941630757651239e+00, 6.160823083297039e+00, 1.184548228525879e+00, -1.849334843749929e+00, 1.401840168697182e+00, 6.059009084146205e-02, 4.343601520335929e-01, 7.813459278520062e-01, -5.737614502456079e-01, -5.947077239377978e-02, -2.126175541968447e-01, -7.221905573851690e-02, -7.327780783270784e-01, -3.616161220693090e-01, -6.119658068498358e+00, -3.774849330617034e+00, -6.934697634384033e-01, -4.644494553450060e-01, -1.184805706798927e-01, -3.164602663782756e-01, -1.301383334367296e+00, 7.624800217129136e+02, -9.964607104001775e+02, 4.179074419467964e+02, 9.322994041751876e+01, -3.914493720339634e+01, 1.283272612939342e+02, -2.605563414867427e+02, 1.563946229344492e+02, 2.269575759203446e+02, -4.198549713494847e+01, -7.156478503732798e+01, 2.633125647499243e+01, 1.208055455968715e+02, -4.294630933256741e-01, 3.547514697232774e-01, 8.335556985273242e+01, -8.559750921541847e+00, -2.367755772812104e+01, -1.414501124877785e+01, 7.125682733063444e+00, 1.261606224457813e+01, 4.112680561706907e-01, -2.170952911538243e-01, 1.015464877269403e+00, 4.112099876392448e+00, -4.154297401608265e+00, -6.810734084389085e+00, 5.283351208892715e-01, 1.937446623915783e+00, -1.106551031265684e+01, 2.590653719040907e+00, 1.718273002772101e+00, 5.298217230294773e+00, -1.726504485179038e+00, -3.541955193289261e-01, -8.411950660261346e-01, -9.788076713239395e-01, 7.423079789299962e-01, -1.264531146119299e-01, 4.882560360477970e-01, 9.218047685655096e-01, 6.898087981938547e-01, 5.562567986664203e-01, 3.076518690832033e+00, -5.670792628909603e-01, -9.876257411514835e-01, -1.843185207861543e+00, 3.517455160291206e-01, 5.156396341667029e-01, 1.495578221266990e+00, 1.042470893985116e+00, -2.322427063283128e-01, 2.963899913647651e-02, -1.464027575830700e-01, -3.700321368252875e-01, -7.605331002920984e-02, 1.167830511816772e-01, -1.248892038225575e+00, 1.481924461584555e+00, -1.100108518397583e+00, 1.677936067705012e+00, -8.130256046245259e-02, -3.507870870754481e-01, -1.200702777440186e-01, 2.441416116288225e+01, 2.172960786678256e+02, 3.122027039645131e+02, -6.828844079899805e+01, 2.813477427025048e+01, -1.347128837881798e+02, -2.724154922515948e+02, 4.976011709941670e+01, -3.183720673956963e+02, 3.343850663717278e+02, 8.086151396309745e+01, 7.141512197315591e+01, -1.871300119473544e+02, 3.406323892075601e+01, 8.787137957223506e-01, 4.652660398937617e+00, 1.880814011097493e+01, 8.277803314912401e+00, -4.272151754071877e+00, 1.909722863179977e+01, 2.211233105321844e+01, 5.822227354579945e+00, 1.475721187705788e+01, -1.151292931180573e+01, -4.673802874571160e+00, -2.674536598160945e+00, 7.780477024950570e+00, -2.486936979419682e+00, -3.661967089298745e-02, 7.031064423312792e-01, -5.651283217254575e+00, -3.341643006840676e+00, -8.771031897055980e-03, -5.986991403266262e-01, -1.990761633743517e+00, -7.869401382849289e-02, 2.335903291267126e-01, 1.310780570965222e+00, 1.808645711842299e+00, 7.796398603470365e-01, -1.190899578295958e+00, 1.562179518763242e-01, -1.363942120827051e-01, 1.367091607668320e-01, 3.392415499019158e+00, 2.377823920016984e+00, 9.453120757027286e-02, 2.149414981642898e-02, 8.838115483241489e-01, -1.609717450845140e-01, -4.465921522633146e-02, 4.536792990325608e-01, -4.049977330676721e-01, -3.634934100002529e-02, 2.896252931431607e-01, -1.153116408105122e-01, 1.240968153433193e-01, -3.124991639031842e-01, 8.717889291912079e-01, -1.405796102901573e+00, 1.868693074756802e+00, -1.323495559188393e+00, -1.392787476932057e+00, -7.806647346286728e-01, -2.340516096756738e-01, -1.652049451697631e-02, -1.158640401275287e+01, 1.423035467303865e+02, -5.120121430543062e+01, 5.041616627268559e+01, 2.102397958908558e+02, -2.898217986220950e+01, 1.489387176522739e+02, 1.428412203244788e+02, 4.745983433413997e+01, -7.949112403181745e+01, 2.404446187773770e+01, 6.273998779709720e+01, 3.802031023481176e+01, 6.533710162819068e+01, -2.035158331763891e+00, -3.423942022335699e+00, 1.450916949581405e+01, 1.416402353539323e+00, -1.546779051419522e+00, -2.481688535737222e+00, -1.060164784913592e+01, -8.476988451504640e+00, 1.751962946855306e+00, 8.212081467539965e+00, 6.606966669049244e-02, -2.323001495034631e+00, -5.570636873869075e+00, -4.305855520326894e+00, 2.010412082293042e-01, 1.153494450394013e+00, -2.766144151048639e-01, 2.477574885672940e+00, 1.405133730117358e+00, 8.280927068145555e-02, 1.490284285954022e+00, 1.375083320761962e+00, 5.351181841633530e-02, 2.845922942837776e-01, 1.033490384998189e+00, 4.968373795867291e-01, 5.851325566771121e-01, 6.055760185104408e-01, 1.372811390574648e+00, 2.291651595286503e-01, -2.621329561397306e+00, -1.723023120416360e+00, -1.188128758928895e+00, 6.006960300537416e-01, -1.663332703410602e-01, -1.774409193197738e-01, 1.074154475856268e-02, 7.704153544840142e-04, -1.487500106055589e-01, -4.452536973852326e-04, -3.654702402641030e-01, -3.076079611483777e-01, -1.054973115550440e-01, -9.409768726953149e-03, 9.930945200514862e-01, -2.876667819472083e-01, -8.373934541396516e-01, 1.489436803382563e+00, 8.432418199201116e-01, 6.278612567507909e-01, 5.761700072538510e-01, 9.880708402802926e-01, 3.390228574078589e-01, 6.991326433066012e+00, 1.594310248255939e+01, 8.391185961256885e+01, -6.171983768363124e+01, 1.279594882715813e+02, -4.154194711101439e+01, 3.793312029747154e+01, 3.382561436192995e+00, 2.087314350659002e+00, 3.846723357501993e+01, -2.473768892728260e+01, 1.021962794375651e+02, 2.908236132270748e+01, 5.120166348072952e+00, -2.658295423691195e+00, 7.455047086613746e+00, 4.571180283837186e+00, 9.363255869371399e+00, -4.649468475777730e-01, -2.723376138440086e+00, -5.067191611304735e+00, -1.764911365885131e-02, 4.209664908768449e-01, 1.085607157403995e+00, 5.818895468083165e+00, -1.333927515469429e+00, -5.510467028782009e+00, -3.271440066633727e+00, -1.431057901083148e+00, -3.851516514809592e-01, 6.050139465348425e-01, 5.660712807690916e-01, 1.286090533792672e+00, -1.497002299446978e-01, 7.343511762419416e-01, -1.210168141239999e-01, 3.039547805799545e-01, 6.108971469463470e-01, -5.543402529927551e-02, 3.793232708408768e-01, 3.399467111234260e-01, 3.336014971846479e-01, -1.935393111918127e-02, 7.089474275350628e-01, -1.108405522295596e+00, 1.167469065805716e-01, -4.803455691912237e-01, 6.369802455872221e-02, -2.834618796980476e-01, -1.804003020544707e-01, -2.313484996763903e-01, -3.345442369372604e-01, 1.009347890530550e-02, -1.765004866969498e-03, -3.776344571959422e-01, -1.935986511126358e-01, 1.266789757426450e-01, -3.087265108238634e-01, 7.868914348784511e-01, -9.791482171220136e-01, -2.808117926830885e-01, 6.343828573425723e-01, 3.277846034118515e-01, -7.387709975269605e-02, 2.631573307828907e-01, 4.858750072298039e-01, 1.838786949156096e-01, 4.627165555156537e-02, 3.332785817767741e+00, 6.682525042140642e+01, 7.943929397074812e+01, 4.263264861865566e+01, 1.083221806354461e+01, -1.146073518970457e+01, -6.617079697442762e+01, -6.629171457362982e+01, 5.553344188586740e+01, 5.880127705041623e+01, 2.446420891511477e+01, -2.787146060443396e+00, 2.684371806730200e+01, -7.418519432039875e+01, 7.417355517547771e+00, -8.446855970741282e+00, -1.105763541650965e+01, -8.522239921166250e+00, -6.453393655812879e+00, 6.412738584279345e+00, 3.090028950222074e+00, 1.188923260597935e+00, -5.841596499330533e+00, -4.264613122038301e+00, -4.369465764891955e+00, 1.359896894560896e+00, 5.788010408732124e-02, 3.744010248973880e+00, -2.528549422703167e-01, -2.076996602612260e-01, 3.806569583925009e-01, -2.720134671129784e-01, -4.532598951991015e-01, -1.934403596616046e-01, 6.321876716308185e-02, 5.179924783974910e-01, 8.524390386761980e-01, 3.216567465501208e-02, 3.879844984772849e-01, -6.895783667298622e-01, 1.824769211974627e-01, -3.251597679715348e-01, -2.656089365461981e-01, -1.140398424707914e-01, 1.094180128523389e+00, 2.835635112928151e-03, 2.267051704731914e-01, -2.945493506509863e-01, 8.098611217624471e-02, 5.441577303121516e-02, -9.675599211785835e-02, 7.651383151831251e-02, -2.356144413760926e-02, 3.313052522137705e-01, -7.130532616638948e-03, 1.692405752442324e-01, -5.244508985548599e-03, -1.813002902988655e-01, -3.669297275150155e-01, 2.645316727623750e-01, 1.254170202770670e-01, -2.813576682924390e-01, -3.570801913890817e-01, 2.023499707431382e-01, -1.778430667032260e-01, -4.638478391904747e-01, -1.148892878272786e-01, -2.853150242629582e-01, 1.043003423151179e-01, 2.549329295101426e+01, -2.890229585120745e+01, -2.782551154529450e+02, -5.032624656091581e+01, -2.001230707475000e+02, 1.351042070329642e+02, 9.950870943299007e+01, -4.103245743605893e+01, 4.483824409133674e+01, -1.181872541302264e+02, 1.089600540414070e+00, -1.851350516502905e+02, 2.579566464826086e+01, 8.916011478628751e+01, 3.687217606777259e-01, -8.466404631901682e-01, 4.708318675319472e+00, -5.895836760731903e+00, -4.109171880335627e+00, 2.254888463151301e+00, 1.648382914700532e+00, 8.324585583152478e-01, -4.591164702416473e+00, 1.623820504465723e+00, -5.033547612028893e+00, 7.268137696464191e+00, 6.579218023808973e-01, -2.288953472446798e+00, -1.987911788537757e-01, -3.803111747987156e-01, 9.180780848329449e-02, 7.266160565076819e-01, 1.233028099913685e+00, -6.505979617631955e-01, -6.910866723294160e-01, 2.697132154044037e-01, 7.571085140424821e-01, 8.306908566851090e-02, 7.942505445787024e-01, -7.517815132128973e-01, -6.299922974988545e-02, 9.667326637571627e-02, -5.170390316868172e-01, -5.126307545272017e-02, -3.072128478940597e-03, -2.336896698680105e-01, -4.874208560524909e-01, -2.776383159633069e-02, 7.672348426173370e-02, -2.600645987874284e-01, -2.690235852079273e-01, -2.543915129378830e-01, -4.178807921853969e-01, 8.485293046713013e-02, 9.877305034939562e-02, -3.128462161903023e-02, -2.699365502300706e-01, 1.235995441877789e-01, 6.196814380505061e-01, 3.769007076656180e-01, 7.881325285326952e-01, -6.433998622561435e-01, -4.832706764328903e-01, 3.491081219280961e-03, 2.670213638327854e-02, -4.267220651898166e-02, 1.956507772252784e-01, -1.382346330589398e-01, 8.468601965131090e-02, -8.457540096543923e-03, 3.709800147045894e+00, 2.689227144514155e+01, -6.211262367197946e+01, 1.919758520785842e+01, 1.861499957088519e+01, 1.749154089174748e+01, -1.160694764543768e+01, 2.668786408164751e+00, -1.388146254654156e+01, -1.052900686131072e+01, -5.605291448195983e+00, -5.408925053993724e+00, -4.309827358941367e+01, 1.547328876880186e+01, 8.970470283703942e-01, 1.148139435651608e+00, 1.252789152309516e+01, 6.145438525920242e+00, -3.822921944906768e+00, -3.480108165819845e+00, -6.650656403189907e+00, -2.064179148784804e+00, -3.046511906311476e+00, -6.640420537702679e+00, 1.862519660876434e+00, -3.154025931927476e-01, -2.342998262722972e+00, -4.153285363069267e-01, 8.814074646655606e-02, 8.644112160988959e-02, -6.429106254354227e+00, -2.729135710012165e+00, 3.916287007718973e+00, -7.815937390476684e-01, 5.468999806081246e-01, 6.316555088782871e-01, -7.119156271060662e-01, -4.052045111625412e-01, 1.235049814292851e+00, -1.944209574001753e-01, 1.144600229747435e+00, -4.369848220217046e-02, -2.332263855721563e-02, 1.959499392163219e-02, 3.565402903514827e+00, -6.338252659583141e+00, -3.460281713901720e+00, -5.656070243331678e-01, -4.650269134788294e-01, 1.652144002038425e-01, -1.664203602398477e-03, 2.449329962846866e-01, 5.233299203557616e-01, 2.926558169144651e-01, 2.489478411227222e-01, 7.874630520599109e-02, 3.370549427701126e-02, 1.978154982833218e-02, 1.497683761690962e+00, -8.874979771342780e+00, 7.783175935865422e+00, 1.050568612933772e+00, -1.984606585936230e+00, -1.926457614663390e-01, -8.349655977166303e-01, 2.558385294183700e-01, -4.115011644038669e-02, 3.718152733925094e-01, -4.418468258414515e-01, 3.717486279347453e-02, -1.011560285551877e-01, -1.829076162571633e+00, -2.360936783503854e+01, -1.131620291366569e+00, 1.562542942488011e+01, -7.457020702436744e-01, 9.581023022049253e+00, -1.028523694808768e+01, 5.871710595256697e+00, -2.136367526301780e+00, 9.902625382160338e+00, 1.685212405648628e+00, 3.360563538968400e+00, -6.795712248835298e-01, -6.710675064359913e-01, -5.692435121571499e-02, -3.174881882438582e+00, 8.453516819187374e+00, 3.388738292903078e+00, 5.934330830177479e-01, 2.460191486045727e+00, -1.169506937483870e+00, -5.207205037354857e-01, 1.734173985733349e+00, 1.243289727838427e+00, 6.942586673565901e-01, 6.527420896257951e-01, 1.565092285275091e+00, 9.005542932331051e-02, -1.281041414997822e-03, -1.236719531684418e-01, 2.122540232734496e+00, 1.102592845327612e+00, -1.406607521190188e+00, 3.948268046322144e-01, -5.211366599167000e-02, 9.933824891502298e-02, 1.598572191266162e-02, 1.556679376307541e-01, -5.195685910492691e-01, 1.292799878984879e-01, -3.785941415461088e-01, 9.189787749975759e-02, -1.855482802071993e-02, -2.286739121276578e-02, -2.768716198274481e+00, 1.246109658914221e+00, 1.562969778227848e+00, -2.793982594237079e-01, 3.084565812158034e-01, 7.786212664549670e-03, -2.493696696969752e-02, 9.108519188925125e-02, 6.663898777572919e-02, -1.792918242641092e-01, 5.186905065777293e-02, -4.958840491615579e-02, -4.368284854241324e-02, 1.039237169235656e-01, 3.486043293902412e-01, 7.959332812971334e-01, -2.552735135908421e+00, -9.227794088702658e-01, -2.578792370336098e-01, -1.098383421597306e-01, -4.802931920946903e-01, -1.418063972286360e-02, -1.666549180509848e-01, -1.124174960018826e-01, 2.742154149100209e-01, 6.186858612445858e-02, -7.534384840863738e-02, 2.100804459090819e-02, -7.408706483530179e+01, -7.002590279501591e+02, 4.953865298270952e+02, -1.900593173571577e+02, -1.191336108563303e+02, -3.148202797449351e+02, 4.932835047599790e+01, -1.960538187773959e+02, 6.199680377739784e+01, 2.482247528506625e+01, 2.021250046038699e+02, -9.996178916285965e+01, -2.608583231725716e+01, -1.882619889594098e+00, -3.708029164458814e+00, 4.169848905151365e+01, -2.695915370105451e+01, -4.432671058757590e+00, -4.820230919742579e+00, 4.718092984872253e+01, 1.057218380470007e+01, 7.113741283714685e+00, -1.854953549826896e+01, -1.908771445830289e+01, -3.084977308628373e+01, -9.717145979429430e+00, 1.110492778407688e+01, 4.909159039605023e+00, 1.237240474078811e+00, -3.455714473884475e+00, 1.740785354564884e+00, 5.539713441863011e+00, -1.452514874430301e-01, -7.448022465252536e+00, -3.066610531746209e+00, -3.053234194701663e+00, 9.993492962597954e-01, 7.792262638687352e-01, 3.999489288485002e+00, 1.297860687436571e+00, -1.610020911358238e+00, -5.194204404327426e-01, 9.766827850730661e-01, -1.694607001065493e+00, 8.241256797263402e-01, -1.480433846877355e+00, 1.543105067120826e+00, 2.743498620839758e+00, 3.197360113549496e-01, -6.123229517447855e-01, -2.411722673474399e+00, -1.725152569521875e+00, -2.316013010892300e+00, -8.820542089250221e-01, 6.205182804441770e-01, 9.316635187124320e-02, 3.097905329508774e+00, -3.295153660303938e-01, 3.681729056477483e-01, 8.115511297024945e-01, 1.934968256857529e-01, -4.457613105783222e-01, -1.326526969643682e+00, -4.128966045147914e-01, -1.896277482361135e-01, -4.303094224909889e-01, 9.124961844770935e-01, -3.583980879550715e-02, -2.801473019382446e-01, -1.581549887641075e-01, 1.562169519321433e-01, -2.436316694812710e-01, -1.915798024994352e-02, 1.154395802776527e+01, 3.864083705359492e+02, 3.814291956305576e+02, -1.037441170403402e+02, -9.368235411273419e+01, 1.162836913951849e+02, 1.672238111976608e+00, -2.397344103198174e+02, -1.362812062250242e+00, -1.670825524501562e+02, 1.082385762549296e+02, 1.225763645074931e+02, -2.103640229567237e+02, -1.967578782690749e+01, -7.103833813495296e+00, -1.967981800328926e+01, -8.421437802749621e+00, 1.241412486728492e+01, 1.432260596810202e+01, 2.776238828164515e+00, 1.252513546190477e+01, 2.082839159758682e+01, -2.166910776609485e+00, 6.439214141951243e+00, -8.933814218036655e+00, -1.303139440368554e+01, 1.416506525291227e+01, 5.727974736375907e+00, 3.158072708442933e+00, 4.784635705998481e+00, 1.613520181991473e+00, 4.365500796582523e+00, -2.073667977828017e+00, -1.064005118201589e-01, -3.639280738504723e+00, -3.141634851564432e+00, 6.788496368777694e-01, -7.217922295068000e-01, 1.374977067157157e+00, 2.009268847277536e+00, -1.685562809236279e+00, -9.539835593525732e-01, -5.386226362892462e+00, -1.098474023195223e+00, 3.970757162162795e-01, -3.446355513874390e-01, 3.867359092239532e+00, 6.303740575688679e-01, 3.731282226264097e-01, 1.231604570984656e+00, -9.209004439088533e-01, -4.206584694401705e-01, -1.441834185213474e+00, -1.141430337644447e+00, 8.333159801452761e-01, 2.667482291627511e-01, 1.605267884842261e+00, 1.185537375342410e+00, 8.260731860675722e-01, 2.979277416603321e+00, -1.712924904371330e-01, -5.179307834151575e+00, -2.187637118805137e+00, -1.285638465983925e+00, -6.782591628379966e-01, -4.162276925094563e-01, 2.677391264944456e-01, 2.789250575225639e-02, 1.710181410469615e-01, -8.580795318002833e-02, 1.991287390536288e+00, -5.963493052561942e-01, -4.213171512428803e-01, -1.059369154850355e-01, 3.592405861482804e+01, -3.268851529900770e+02, 1.922816122190967e+02, -7.154182254887978e+01, -2.691572695816796e+02, -5.158381362938301e+01, -2.018102246277978e+02, 1.231750424959761e+02, -5.856972614571423e+01, 8.669977491432645e+01, 3.031491563388911e+01, 1.416998753647831e+01, -1.032498684745307e+00, -5.849124237934961e+00, 8.554195305076208e+00, -6.763841471110088e+00, -1.749039957219268e+01, -8.182083902213128e+00, 1.504025387640833e+01, 6.595166247136529e+00, 3.141082741844990e+00, -1.937547121414413e+01, -1.377293228514524e+01, -5.966033119746021e+00, -2.163751018482846e+00, 1.926804437926762e-01, -2.565349229656271e+00, 6.417876128503444e-01, -1.926386965286641e+00, -2.484687288007080e+00, -2.331570628668660e-01, 3.775063442657697e+00, -2.816212144528851e-02, -6.733991894697234e-01, -2.523199226671417e+00, 5.117101651552066e-01, 1.642527893879195e+00, -1.040260761283239e+00, -7.987445146550062e-01, -3.476285858626111e-01, 5.140994012043192e-01, -1.161045631129552e-01, -1.478009920410627e+00, -6.311134320504171e-01, 3.895757630412909e+00, 1.199500290410523e+00, 2.211760687914624e+00, -2.167341726208554e+00, -1.394216297233669e+00, -2.193544629347359e+00, -2.809300134024290e+00, -1.484469326443476e+00, -9.858684760222326e-01, -7.813382868087317e-01, 2.989018964204930e-01, 1.792462049488822e-01, 2.394710197477315e-01, 1.345872803721878e+00, 2.086572381284301e+00, 6.217583365213803e+00, 3.686210770062825e+00, -4.025862544413542e+00, -2.374617696832244e+00, -1.164269813943944e+00, 1.962443824376135e-02, -5.223849830933052e-01, -5.110751335234756e-02, 2.756555503972989e-02, 1.850445914894062e-01, -1.110058278897188e-01, -9.585090805544327e-01, 5.355394663178649e-01, 2.916187953970007e-02, -3.117781129702543e+00, -1.552873635281947e+00, 1.477161714760783e+01, 6.559807772156456e+01, 1.146335234832550e+01, 1.407107406498231e+01, 3.385259851986928e+00, 8.598716960639599e+01, -5.496355842114620e+01, -6.717489296270088e+01, 1.123874398343362e+02, -9.009803726448119e+01, 6.056564302541326e+01, 5.919479206146259e+00, 1.164655495363140e+01, 1.760584501037406e+01, 9.121039251429998e+00, 5.593813011066391e+00, -1.480244662982140e+01, -7.658029529006766e+00, -6.451926361843578e+00, 4.245590088354454e+00, 7.208436728263186e+00, 1.243529740610390e+01, 2.306066068416454e+00, 3.480188033107030e+00, -7.480786968339436e+00, -2.904353420115770e+00, 1.579682744511465e+00, -3.096183800442080e+00, 3.981827906508908e+00, -1.202639008015846e+00, 2.295119247503012e+00, -2.219026874101471e+00, -1.675739173740518e+00, 1.496217721703559e+00, 2.758597116037144e+00, 3.093557710580485e-01, 1.090496642750247e+00, 1.541036033719489e+00, 1.864658756099765e+00, 7.329237515339052e-01, -2.974037569484586e-01, 5.993986800179447e-01, 4.052120308439202e-01, -1.187097202721455e-01, -3.501969077593860e-01, -8.737913868570298e-01, -1.106393646315774e+00, 1.348925545654879e+00, 6.920950892900286e-01, 1.297994587927072e+00, 6.860775620281817e-01, 2.739883137092159e-01, 2.504031934854605e-01, 1.242330333163117e-01, 6.847436713415000e-04, -1.963387166502434e-01, -1.640710188930888e+00, 1.024111553317540e-01, -7.967014332383807e-01, -2.455722422613807e+00, -3.851326287220782e+00, 2.797273218540614e+00, 1.311577954598791e+00, 8.832391529131463e-02, -6.163963788535551e-02, 2.621123072848570e-02, -2.446024547003144e-01, -6.315593252536558e-02, 2.235422230772310e-01, 3.560049304022494e-01, 1.869689895026195e-01, -5.227086953851690e-02, -1.190492253873692e+00, 1.554524206980663e+00, 2.398546461598286e+00, -7.746710228413046e-01, 1.406339082525783e+01, 8.687663178347860e+01, -3.265166257285659e+02, -2.001921993653803e+02, 1.862693788108383e+02, -7.030474049188500e+01, 1.144260415091777e+02, -8.759878949153581e+01, -1.174672392968023e+00, -3.869574175375192e+01, 6.614733239557867e+01, -7.475063480286464e+01, 2.261541260668059e+01, 1.295878373692644e+01, -2.134566369287433e+00, 3.088330665010217e+00, 1.638040852811431e+00, 1.455713267283518e+01, -2.390263607637232e+01, 9.794144216127757e+00, -1.002976211759642e+01, 4.617619126476689e+00, -1.347571048430652e+00, 2.949781441192709e+00, -5.138395857444613e+00, 6.385002589855969e+00, -2.437289335984258e+00, -4.817507107052071e+00, -1.514946247506891e+00, 8.355402730421989e-01, -8.635514194088794e-01, -7.549388973679780e+00, 2.859104356185021e+00, -4.313465035039146e-01, 3.898157922541950e+00, 4.110348605318940e-01, 1.024484157480410e+00, -5.401327838905062e-01, 3.813579044916290e-01, -1.319199707450921e+00, 4.379386899182737e-01, 9.446770454171241e-01, 6.955787500489025e-01, 1.262104142599838e-01, -4.659063373815311e-02, 2.257990546927315e+00, -2.281919000628361e+00, 1.228645063884514e+00, -1.239460297576244e-01, 7.445523235121330e-01, 4.424341022560462e-01, 8.544229555755110e-01, 5.461934289865518e-01, 6.922019223761335e-01, -2.440247955456840e-01, -3.769919072435221e-01, 3.075590415473961e-02, -4.292770909493111e-01, 5.697144154196219e-01, -3.622803883661981e+00, -7.917114293592522e-01, 4.879794179080610e-01, 1.791478698676285e+00, 1.619623364573285e-01, 2.450001171355295e-01, 4.243750240821865e-02, -2.577274204541527e-02, -1.822297148893774e-01, 9.015408507578300e-03, 2.700410983225446e-01, 4.118416548612946e-01, -1.082648003895167e-01, 3.057621266630370e-01, 1.684796301917703e+00, 1.740061658614354e+00, -1.212425865713892e+00, -7.402282128860024e-01, -1.853770190821449e+01, 2.400115724818892e+01, 1.586491766526440e+02, 2.600528836231710e+01, -4.041297350039148e+01, 1.166153402864307e+02, 1.685273702490644e+02, -1.133762635247400e+02, -2.919065484427909e+01, -2.638008647459796e+01, -6.603418717842691e+00, -2.530308679615769e+01, 3.569630626223453e+01, -1.490937189343678e+01, -2.733956675551998e+00, 3.412590131059893e-01, -2.390382311025767e+01, -5.462400993698814e+00, -8.416907046331140e+00, -4.052387579286732e-01, -1.289519537830845e+01, 2.115645925749672e+00, -2.977746193158882e+00, -2.718285228334804e+00, -9.780163533198849e-01, 2.996775047416440e-01, 5.350764303740451e-01, -8.164445810250193e-01, -5.081187130659268e-02, 1.773526026972906e-01, 3.185934726210794e+00, -5.601408351284755e-01, 7.796871078689095e-01, -7.596581206086906e-01, 2.265045296521630e+00, 9.168460747564891e-02, -4.026547097882176e-01, 4.736160705589657e-01, -3.384113812737440e-01, -4.048612790871091e-01, -2.287809585645471e-01, 2.359257847376878e-01, 2.733524172179780e-01, 1.644688802543050e-02, -1.735105256457393e+00, 7.367746728222750e-01, -1.175839413861988e+00, 7.718109107739739e-01, 1.915058260614629e-02, 2.050847797803788e-01, 1.489980902988276e-01, -3.425101727245734e-01, 1.350479302998963e-01, 1.210764873629669e-01, 1.209860468975737e-01, -1.248747214785628e-01, 1.327183128946068e-01, 3.251949286119428e-01, 3.639461674083220e-01, -8.100746377934610e-01, -8.594530214246006e-01, 1.533015496418762e-01, 4.413118911862284e-01, 1.669202752737259e-01, -1.883745059458076e-01, 5.069087662428127e-01, 2.342987271208308e-02, 9.426109562370107e-02, -2.133674342471030e-01, 9.089762876065849e-02, 1.566548898334546e-01, -2.243961229701998e-01, 5.116849530466062e-01, 1.934302581044811e-01, 1.312425189700655e+00, -2.993363186873852e-01, -6.198943271998314e-01, -7.262742565060781e-02, -2.613151689888872e+00, -1.322150658617661e+02, 1.181734086000944e+02, 3.718820134866952e+00, 9.748308069855064e+01, -1.199627784073094e+02, -5.168632065187131e+00, 6.378683828225467e+00, -2.930214093173778e+01, -2.286166421175370e+00, -1.933205332199556e-01, 5.882481222107720e+01, -4.723465047057142e+01, -7.746412890473489e+01, -2.025953679162010e+00, 5.488816764395576e+00, -1.865920875392544e+01, -5.688116462557617e+00, -1.545357244017691e+01, 1.382601564986924e+01, -8.245802989636041e-01, -2.003147558638116e+00, -2.084762153058637e+00, -5.445386918420847e+00, -3.454513127563029e+00, -4.536619899184098e+00, 3.813348598690038e+00, 3.948864332003390e+00, -1.009338519366485e-01, -4.606600560379459e-01, 1.381164504681221e+00, -6.582676335467804e-01, 1.304268424510979e+00, -2.493817490909245e+00, 7.120610831599092e-01, 1.822413772237636e-01, 1.104557860362068e-01, 8.645312417984850e-01, 5.290801677165963e-01, 3.719788329480987e-01, -3.331248404116121e-01, -4.483159722402944e-01, 7.235930390075024e-02, -7.414277001304349e-02, -9.454099232520955e-01, 1.443138825948546e-01, -8.526880203605393e-01, 9.662375765628237e-01, 3.367113811979549e-01, -5.236269420172365e-02, -4.610568420707326e-02, -3.681873585195187e-01, -1.818230336476118e-01, -4.126580705354268e-02, -8.478098719299967e-04, 1.280329977253293e-01, 4.349312814485087e-02, -3.952159615169960e-01, -4.680898295062644e-01, -7.167664009492303e-01, -2.813449687848905e-01, -3.849809401470893e-01, 2.519054266326123e-02, -2.604273638004946e-01, -3.924784572790171e-01, 1.971967672013593e-02, 8.260253410630593e-02, -6.388034669616600e-02, 3.598481159483001e-02, 1.303564680166166e-02, 2.068287891642652e-01, 1.438751557427387e-01, 1.206990322634485e+00, 5.154234798554543e-01, 9.013989669100477e-01, -1.717315355978299e-01, -5.842361384897707e-01, 1.592786749264192e-01, 4.581909837655283e-02, -4.724219513310301e+00, -3.923848012584406e+01, 6.196203107890612e+01, -5.841950237819461e+01, 1.395661385747434e+02, 5.275197382461123e+01, -1.332470431645939e+01, 3.254446739585828e+00, -2.461861288000398e+01, 2.412583739962410e+01, -1.544994216529237e+01, 3.869305201292732e+01, 1.641890789527939e+01, -4.615660895234971e+01, -3.113863959997865e-01, 5.993707705717331e+00, -1.220439683375830e+01, 1.152289276814674e+01, -1.194672032357424e+01, -3.210339587174794e+00, 3.314955806435942e-02, 1.312592226440506e+00, 1.406106192659696e+00, -4.322317071573463e+00, -8.317122412282451e-01, -3.077446239748293e+00, -2.020229521384827e+00, 1.306191951720551e+00, 2.153300556265948e-02, -6.652744186405630e-01, 1.531893809534999e+00, -2.524885146044423e+00, 3.857946079742275e-01, 6.539217110812046e-03, 8.653510049625394e-01, -2.454499769198243e-01, -2.251820640537059e-01, 3.828657702991614e-01, -1.988276786956367e-01, 6.564575391199659e-02, 7.162035198714768e-01, 1.118140108953248e-01, 1.407974091928881e-03, 7.637851749422785e-02, -8.412520231500767e-01, 9.110791035255033e-01, -1.518232647162635e-01, -1.342661156473239e-01, -4.199603829488209e-01, -5.007758861044335e-02, -1.964181410469169e-01, -2.932382485875571e-01, 1.548231904216174e-01, 5.561978610856227e-02, -2.924377767035855e-01, -3.720086944348833e-02, 4.606437006072567e-03, 2.281608734972535e-01, -1.333313557816000e-01, -1.073410247528502e+00, -6.752233079985128e-01, -4.764708225105094e-01, 5.250871456629421e-01, -1.264985579642325e-01, -6.189139528151296e-02, -1.155183133856495e-01, -2.728557448407199e-01, -1.302862740674006e-01, 2.381344076783738e-01, 1.109144053201846e-01, -2.300393168882210e-01, -1.057812665098628e-01, 9.548615906040816e-01, 3.969636463571778e-01, 8.333583956092225e-01, -1.519237346904813e-01, -4.402676932344733e-01, -7.929286409234719e-02, 1.701789809404843e-02, 3.209917700226108e-02, 1.271328027854679e+01, -7.990064064161348e+01, 1.353254045293713e+02, -1.544763406880651e+02, 1.025556313095895e+02, -3.244950806583483e+01, -4.329194456692396e+00, -9.852495675601723e+00, -2.158370791599157e+01, 4.722492696970738e+01, -5.811150279439601e-01, -9.297231628897633e+00, -1.479041219719543e+00, -4.407362925076049e+01, 2.692632793780935e+00, 3.039810068981840e+00, -1.658537646841365e+01, 9.630707346794718e+00, -1.222260096400048e+01, 5.443456182126821e+00, 7.333632685402302e-01, 3.691365006028921e+00, 8.749226170616106e-01, -4.071535719424781e+00, -2.160275697641194e+00, -6.197295254729135e-01, 1.844648749511636e+00, 2.142516092083076e+00, 8.823868781063265e-01, -5.537860327466727e-01, 1.662014022605380e+00, -2.932042221457807e+00, 3.957202410548839e-01, -1.551980737137207e-01, 9.024117743718179e-01, -1.873199308421888e-01, 3.368037172932765e-01, 4.823762980129453e-01, 1.262590646116921e-01, 1.126187872783563e-02, -1.072398166191981e-01, -1.653090188476432e-01, 2.408886442472320e-01, -2.140401468105187e-01, -2.711512330317103e-01, 8.092349165035300e-01, -4.025961512648769e-01, 1.917663676283468e-01, 6.662477356657334e-02, 2.156348611390083e-01, -3.414170391635927e-02, -2.490456835256594e-02, 5.761626790234610e-03, 8.918477399450891e-02, -9.397701203781502e-04, 8.601117146765240e-02, 9.200368701085646e-02, 8.692064333079128e-02, -1.067807847635870e-02, -1.653056471523877e+00, 2.568510521927619e-02, -3.398122498195245e-01, 2.067563575586356e-01, -3.911124976733145e-02, 2.741977501544282e-02, -9.774356966595435e-02, -1.960693279930706e-01, -1.301925674041911e-01, 5.994033836335919e-02, 4.670899807468980e-02, -3.782880744944497e-01, 8.559532925931984e-02, 1.834424713260235e-01, 4.498831269618515e-01, 5.575946684416112e-01, -1.172326743666975e-01, -3.563908633986026e-01, -9.396261353067015e-02, -8.008715016511123e-02, -7.917042722548161e-03, 4.024544147177431e-02, -1.892721928362205e+01, -3.682335568897729e+01, 3.145498767943197e+01, -3.384098891701569e+01, -2.295547268828408e+01, -1.132541913457067e+01, 1.295753586195006e+01, 6.994472607890454e+00, -3.884265864066909e+01, -5.603336154105612e+01, 1.755263502413179e+01, -3.159580426203738e+01, -4.038167744962057e+01, -1.985835349442397e+01, -9.224022855779296e-01, -4.156404370517405e-02, -4.268113518126262e+00, 2.472248188071964e+00, -7.338373489065222e-01, 2.025458798287535e+00, -1.398177967615157e+00, -5.416716266589890e-01, 8.004485322170324e-01, 1.269506957820925e+00, -2.950133161663655e+00, -6.520595327347006e-01, 3.440539930870379e+00, 1.932617502344773e+00, 8.186238748225374e-01, 1.414309051660289e-01, 2.814151186125640e-01, -9.860640987182476e-01, -4.489530949478873e-01, -2.788774773045044e-01, 3.191374080571276e-01, 3.754116535936598e-03, -1.642621177903915e-01, -4.429089013020611e-01, -2.028090909124948e-02, -2.364992501857374e-01, -1.224536942555287e-01, -7.235455799941762e-02, 3.985890414957999e-01, -2.842408679456893e-01, 9.037048232067511e-02, 1.338273866510476e-01, -7.650131422123709e-02, 9.948343292571583e-02, 1.768697993674213e-01, 1.373410926009548e-01, 7.534431476495276e-02, 1.674675148464169e-01, 5.168402798597416e-02, 2.240291704799205e-02, 8.158438655079574e-02, 4.773803483460735e-02, -4.105179086645118e-01, 9.997257181373348e-02, -1.751167520437301e-01, -4.563237188732764e-01, -2.670099397410512e-01, -8.977083320345609e-02, 3.208683497895658e-02, 1.072967299648291e-01, 2.138506659933282e-02, -1.263477959722913e-01, -4.555690784310770e-02, -1.136158470858261e-01, 7.935983570218330e-02, 6.552142221805665e-02, -1.357551803612819e-01, 9.867769762905104e-02, 2.309726331242416e-01, 2.158179249877523e-01, 3.549860323507117e-01, 4.368431832326583e-02, -1.474457772627338e-01, -7.556114312957181e-02, -2.158733348158134e-02, 1.496131999614940e-02, 5.897365602849937e-03, 4.564197307960002e-02, -1.791700434063042e+01, 3.240532040769202e+01, -9.209164068162582e+01, 1.000737858050983e+02, -4.512080757674489e+01, -4.146187847694542e+00, 8.883951920715260e+00, -1.339644127640685e+01, 5.463506999287643e+01, -8.687280866943649e+00, -1.362963613812735e+01, 7.922674627844395e-01, -1.865218010429717e-01, 3.945534085086609e+01, -6.670864416092174e-01, 9.921464801769443e-01, 7.189184636287682e+00, -4.581733789426104e+00, 4.548486334482687e+00, -2.117918695295218e+00, 3.239744810184353e-01, 4.073199268613434e-01, -1.854953593390078e+00, 7.873409435917355e-01, 1.628193924855668e+00, -2.256574775830134e+00, 3.811233377837223e-01, -2.077912989145294e+00, 1.672445762406553e-01, 4.920783788487019e-01, 3.014327595231573e-01, 1.977957552006466e+00, 7.778794616129346e-01, -3.622324638433857e-01, -6.673693113520084e-01, -1.837411963493117e-01, 1.472407826850091e-01, 1.606407696577581e-01, 1.828770541286825e-01, 9.557354447169084e-01, -2.898745371204816e-01, 1.258418846941719e-01, 1.251282483317597e-01, -1.080055648699557e-01, -6.079880505220592e-01, -5.018922908150907e-01, -2.069808881481271e-01, 1.978537048259336e-01, 5.815231387273609e-02, -5.043350308035566e-02, -6.595537174116489e-02, -4.134496710905093e-02, -1.012039194384985e-01, -3.291584353807387e-01, 7.900323918176969e-02, -8.669120229703926e-02, 4.028365012803117e-01, 6.743974989954554e-02, 1.584772185019633e-01, 5.202832315432795e-01, 2.485137261409633e-01, 6.966083893551604e-02, 1.500814877869051e-02, -5.886319457958165e-02, 3.845961197172220e-02, 1.127551691264512e-01, 2.262367670972427e-01, 3.740050469387646e-01, -1.342727304333237e-01, -5.897071045545542e-02, -3.727977740324021e-02, -1.084285619280029e-01, 1.940904261939215e-02, -2.404210733881881e-01, -2.328457119156487e-01, -1.366378150920698e-01, 9.170842851478002e-02, 6.994983462693830e-02, 3.448190725748572e-02, -5.172320461741798e-02, -6.574965844857204e-02, -1.063059911598702e-01, 2.774750131340655e-02, -2.829047944763519e+00, -1.653516418888330e+01, 3.911796001481867e+00, -1.428768102622981e+00, -1.594754213793149e+01, -7.596120130472161e+00, -3.863673689600591e+01, -4.396382816365942e+01, -2.066253095656703e+01, -5.353213782940752e+00, -1.271789128160401e+01, 3.283562300190780e+01, -1.367249555182557e+01, -2.904836017148014e+01, 6.736404916508407e-01, -2.530637433865855e+00, -5.148167522812549e+00, -7.185448667710442e+00, -1.361062174054620e+00, 2.498241961892587e+00, 1.838729516172474e+00, 1.000989316694538e+00, -2.037321928710492e+00, -2.204822214104368e+00, -1.167657012843714e+00, -3.105691797638188e+00, 5.435682839347227e-01, 1.196810009109407e+00, 1.038078464376117e-01, 3.366689833878745e-01, 6.392779619063894e-01, 9.771988756264098e-01, -1.960028812217612e-01, -1.500310673852296e-01, -5.336459101127835e-02, -5.134175353287639e-02, 3.338787740188744e-01, 2.637705973680910e-01, 1.408457929553491e-01, 4.221527239875975e-01, -9.120279814479509e-02, -1.057645176367616e-01, -8.708812025894391e-02, 4.664254512359580e-02, -3.477280440333247e-01, -2.438246526253626e-01, 1.277729998247833e-01, 9.047568377600175e-02, -2.431605203372329e-02, 6.191063110461224e-02, 1.422499220128477e-02, 8.989540130523618e-02, 1.268866169896559e-01, -1.928453892178381e-02, -4.924021912853234e-02, 2.834951609997484e-02, 3.276600512262272e-01, -1.074745617903267e-01, -1.295468476158161e-01, 1.148616659513029e-01, -2.610773803894801e-01, 7.241134955292870e-02, 9.827984568671367e-03, -6.476369634536071e-03, 5.354148798341547e-02, 5.609140878355876e-02, 3.954574291668699e-03, 1.221701442791086e-01, -1.044872629940122e-01, 5.101348610024065e-02, 1.806149558795455e-01, -7.198919710437057e-02, 8.661444279097621e-02, 7.170363384648779e-02, 6.479568333900670e-03, -9.152468453326225e-02, 1.987996657988658e-02, 5.716301768998532e-03, -3.592516820185786e-02, -7.592482554853786e-02, -8.103506474620346e-02, -7.359861412343406e-02, 8.571999096658926e-02, -1.417530658811979e-02]
