elements:      [Cr]
cutoff:        5.0
pair_type:     gaussian
feature_type:  gtinv
model_type:    4
max_p:         2
max_l:         12

gtinv_order:   4
gtinv_maxl:    [12, 10, 4]
gtinv_sym:     [0, 0, 0]
gtinv_version: 1

electrostatic: 0
mass:          [52.0]

n_pair_params: 6
pair_params:
- [0.5, 0.0]
- [0.5, 0.75]
- [0.5, 1.5]
- [0.5, 2.25]
- [0.5, 3.0]
- [0.0, 0.0]

n_type_pairs: 1
type_pairs:
- atom_type_pair:      [0, 0]
  pair_params_indices: [0, 1, 2, 3, 4, 5]

type_full:    1
type_indices: [0]

n_coeffs: 4644
coeffs: [-3.916443960477835e+00, 2.746827579144986e+01, 3.487404650202184e+02, -3.407880993035605e+02, 2.141249267703618e+01, 2.236079977018789e+01, 2.983751262680267e+01, -2.570603368034030e+02, -2.199538841412510e+01, 9.069826297438468e+01, 7.251679770038491e+01, -3.573808940271680e+01, 1.909508685187750e+00, -1.598518074332035e+01, -1.414097606771842e+02, -1.208466628672962e+03, -4.336063127716790e+01, 2.201098289399542e+02, -5.022247948876034e+02, 1.622264239312974e+02, -1.408611654612838e+02, 6.297119256029257e+01, 7.769313496302354e+00, -1.375334125982152e+02, 5.524375696481068e+01, -5.316837521799905e+03, -2.017493340603923e+03, 4.740698793252388e+03, 1.775344618896734e+03, -2.893737847053982e+03, -6.599168136134218e+02, 1.232571993004188e+03, 5.908456857619467e+02, -1.894437900054329e+02, 2.452935433125102e+03, 4.067744087886457e+03, 2.344415333916217e+03, 5.685347201631066e+02, -6.563960741410882e+03, -1.728209206471768e+03, -1.333983405129805e+03, 3.130891133945619e+02, -5.906552283757584e+02, 5.517594339945268e+01, 6.127419654061435e+02, -7.364580657893724e+02, -6.283630349200960e+02, 1.997469308914074e+02, -8.026898833353100e+01, 4.760320564093557e+01, -2.358921042497668e+03, 9.131545994852025e+02, -2.762973502076677e+03, -2.134613892540984e+03, -2.458820078363427e+03, -1.234152073922269e+03, -2.728939952645851e+03, -5.463204772069702e+02, -1.513684177414316e+03, 7.509215739109858e+02, 6.434806440524464e+01, 1.529059726787995e+02, -3.474658180873200e+02, 3.133431718605121e+02, -2.639858729897676e+02, 3.932252521920265e+02, -1.292301409004791e+03, -4.206675141342233e+02, -3.788702398765574e+02, -3.935880960151839e+02, -2.520781698089401e+02, 5.007383221434982e+02, -1.636067249997171e+02, -1.156910884275998e+02, 1.193430405412605e+02, -2.929677528080297e+01, 8.735649505790587e+00, 1.076215337818952e+03, 1.065623953061740e+02, 5.231835545983178e+02, -1.136029491839757e+03, 1.526733457208222e+02, 1.042154723032927e+03, 2.989630294776949e+02, -1.143856613555723e+02, 1.436444782133597e+01, 3.284930066879144e+02, -7.059366727853375e+02, -1.867248335670829e+02, 9.990927207251559e+02, 4.549968501789452e+02, -3.110196030465713e+02, -3.040693286168725e+02, 2.314507209907168e+02, -1.260067796033992e+02, 7.573359525611103e+02, -1.733784205152636e+02, -3.051077873354720e+02, 1.738149349930618e+02, -4.927824484512183e+01, -1.696760420144581e+02, -1.185865322692204e+02, 1.238856260271594e+02, 5.690253388560661e+01, -2.818975822612298e+01, -9.469646488321919e+02, -4.304801075849897e+03, -4.086623831391945e+03, -1.285622040874579e+04, 1.471382601504522e+04, 1.759344370846454e+03, 1.431700843525260e+05, -1.103072761910634e+04, 1.776775927851822e+04, -6.604500926638921e+02, -7.312132663131564e+02, 1.402303992705831e+03, -5.004812808988035e+02, 1.775156904773915e+03, -2.210404416446576e+03, -2.197678505370910e+04, 1.468421836366167e+03, -5.923458862864552e+03, 7.702840800160349e+03, -7.588310541015022e+03, 2.853709942070304e+03, 1.141058650585645e+03, -1.013316565470532e+04, -2.788379226806281e+03, 7.969297967775442e+03, 5.646329306334985e+03, 1.502741851217439e+03, -1.397576831753137e+03, 6.130027435187402e+03, -2.642892860934337e+03, 3.191822821017486e+03, -4.343760317774694e+02, -4.444436295863738e+02, -1.845117376747601e+04, -2.003491131173251e+02, -3.875236509172771e+03, 5.606057745869556e+03, -3.573925141168937e+03, 3.685725798509601e+03, 2.556311451202582e+03, -2.418424092386563e+03, 1.156882284675950e+03, 5.875525963116259e+03, 2.480759537815768e+02, -1.260919363667974e+03, 1.245854280762712e+03, -1.172217100400533e+03, -1.486721707737272e+03, -9.231787147674859e+02, 1.099106790725606e+03, 2.663303235147864e+02, 7.636383331014663e+01, 1.960266564795327e+02, 3.786940961556545e+01, -4.096578918001723e+01, 3.694439608302099e+01, 2.668837747411107e+01, -1.020179226055398e+01, -1.039452596683451e+04, 1.576348248647520e+02, -1.471731337303490e+03, -3.155454958076205e+03, -4.250234156096248e+03, 8.583351108101123e+02, 1.909499432480515e+01, 7.667557685855703e+02, -1.925817213541771e+03, 4.321364498988771e+02, -6.266163063255893e+02, -4.789886185564507e+02, -6.722358917579360e+02, -3.729147275839766e+02, -8.229302003567956e+02, 6.766937859093802e+02, -3.044581515038449e+00, 2.361591372841371e+00, 9.723190704768905e+01, -8.081731219774672e+01, 4.742879928018229e+00, 3.149739122360966e+01, -9.583131978069391e+00, -2.855371965319529e+01, -8.535626434060473e+00, 1.997127436994906e+00, 8.122982901194524e+00, 3.792297455395738e+00, 4.199986674074937e+00, 1.563155217920802e+00, -1.111870038000488e+01, -4.234429928443375e+01, -7.899160163736155e+01, -3.566816868318443e+01, -6.272226319172773e+00, -7.761679996223104e-01, -4.675511647455530e+00, 8.513158332766956e+00, 1.555295682121657e+00, 3.010619324720901e-01, -5.255884881784795e+00, -4.392627512363561e+02, -4.702034950886032e+02, -2.269166289840589e+02, 2.082865869362574e+01, 1.784796667850589e+02, 1.487245264139799e+01, -3.824586842412222e+01, -4.833123794764943e+01, 1.500672523767409e+01, -1.691529903540195e+02, -1.095385912673133e+02, -5.441488092407397e+01, -1.889718672591564e+02, 3.705650723649747e+02, 2.114608492341222e+02, 3.327392101701930e+01, 8.343198400959992e+01, 3.915493771852871e+01, 5.945348245344903e+01, 9.265303280092546e+00, 3.511486992453352e+01, 5.836433262110503e+01, -2.566073913135154e+00, 4.975804566844299e+00, -4.802438760519759e+00, 2.357108472020309e+01, -6.608518172136256e+01, 5.310488893029148e+01, 7.192306268362283e+01, 1.523683179111273e+02, 1.249724445390265e+02, 1.178219267185354e+02, 4.039180501923578e+01, 3.179925016205276e+01, -4.198379347998298e+01, 1.935405526490118e+00, -1.046359911935193e+01, 3.235415567369891e+01, 2.998970551056154e+01, 6.343171067266618e+01, -7.221501636376708e+01, 9.334139205621902e+01, 3.516306024345432e+01, 2.951370171277147e+01, 1.522447321894476e+01, 1.675579463374780e+01, -1.109516824508755e+01, 1.132041097642706e+01, 9.810685517828302e+00, -4.516120314373461e+00, 2.685980601095841e+00, 1.737265103765613e-01, -1.920972663667296e+00, -2.314215681829884e+01, -2.862066051807098e+01, 2.018679766856712e+01, -2.020587937415831e+01, -4.649260567871216e+01, -1.733496572440596e+01, 4.232197694866461e+00, -1.313298068724082e+00, -1.588206186435887e+00, 5.439640825479755e+00, 1.094679507958587e+01, -2.709969643965570e+01, -2.555848637979743e+01, 4.077526071142153e+01, 1.341390068777942e+01, -1.421401807807578e+01, 6.418394472646957e+00, -2.143601591059914e+01, 8.804151630070152e+00, 1.393352121077177e+01, -8.522303439231495e+00, 7.292663618240072e+00, 7.452372489999748e+00, 6.622429607278070e+00, -6.603006888895282e+00, -3.635520783111974e+00, 1.864176406785348e+00, 2.348406828398707e+01, 8.914302536869479e+01, 2.408711089078056e+02, -2.989889488652283e+02, 2.936912291837575e+02, -5.003567068509752e+02, -4.071749037495060e+04, 1.260967822836626e+03, -2.375054403977904e+03, -4.218692100195218e+01, -4.670731994229330e+01, 8.957431087632112e+01, -3.196839820753945e+01, -7.714905167937050e+01, -5.436339398899954e+01, 1.270632412618945e+02, -1.470472808588589e+02, 1.080035425904755e+02, -8.361669170447674e+01, 1.014024548098460e+02, 1.368648827145022e+00, -1.084699123256610e+01, 1.481317945378568e+02, -5.315627610391110e+01, -1.109090263181923e+03, -1.213737324836301e+02, -4.270985348413288e+02, -7.773746693117679e+00, -2.689948225921627e+01, 5.088658315788315e+01, -6.002958454995856e+01, -5.427771277364954e+01, -1.682190921507570e-01, -7.025097825746006e+00, 2.179017915031569e+01, 7.182557594512558e+01, -7.549922283428316e+01, 4.813087638873859e+01, 2.742589459830272e+02, -7.195159897289863e+02, -1.895527729276021e+02, 1.093539661690815e+02, -7.375489248535962e+02, -2.133312605705219e+01, 3.714662905296987e+02, -7.429890405375281e+02, 4.839870531191375e+01, 1.081288907237902e+01, 3.988385314145907e+01, -3.200302715549997e+01, 1.794349190487365e+01, 5.146068682984704e+00, 1.321179416194804e+01, 2.550948773067613e+00, -7.387597730550073e+01, -6.809077522478405e+01, 5.890038324790589e+01, 3.858295135897950e+01, 5.733159501653884e+02, 3.336100208422271e+02, 4.442601029138584e+01, 1.739997723271450e+02, 8.928977109529758e+01, -1.085566386656594e+02, -1.717505901957031e+01, -1.192161897788032e+02, -6.989824260571390e+01, -2.773866779153519e+01, 5.173858742860188e+01, 4.363611207360539e+01, 4.690612160387248e+01, 2.925741778785274e+01, 4.195636057453316e+01, -7.630986856291928e+01, -2.212062130149026e+00, 1.140565882020986e-01, -2.167863269253724e+01, -2.902465531027962e+00, -7.166259263767722e+00, 7.852444135165552e+00, 1.812867305945705e-01, -4.093223836491849e+00, -3.956825434933905e+00, -1.006016161376680e+00, -3.318587630596829e-01, -1.802980758738765e+00, 1.705048884226204e+00, 6.670918872102953e-01, -3.055773328521464e-01, 2.352431053225227e+01, -1.858362221967153e+00, -4.799434392072192e-01, -2.838733156749201e+00, 1.661065179627556e+00, 3.551825557169171e-01, -9.695174547722157e-02, 1.505670460000989e+00, -1.639017483131474e+00, 7.070219937392240e-01, 1.093029824894639e+02, 6.572882227387056e+01, 2.010336919643611e+01, -1.705615313865693e+01, -5.205043644263410e+01, 2.111309666359899e+01, -2.166914673369440e+00, 5.804470542414284e+00, -1.647695337315006e+00, 1.739760431643474e+01, -1.131736124744378e+01, -7.752541875106020e+00, 6.038011003833597e+00, -2.286540521492157e+01, -2.847930469828574e+01, -3.775847184744365e+00, -2.139290539482556e+01, 1.184683198161271e+00, -9.318479272962522e+00, -2.517365665519864e+00, -1.049424340848569e+00, -3.100298624892733e+00, -1.478637260648964e+00, -9.126934833685016e-01, 7.630008242357446e-01, -1.087893885025784e+01, 1.196915605412904e+00, -1.577574200542204e+01, -5.995015588848978e+00, -3.365219016956201e-01, -1.766766793621306e+01, -5.801758396019831e-02, -2.224856568636720e+00, -8.503749617518620e-01, 3.238926674600126e+00, 1.416858751979013e+00, 1.942186188684512e+00, 1.983333430958433e+00, -4.878404882930482e+00, -5.546204722490423e+00, 9.530578220365722e+00, -1.625224531090337e-01, -3.315684401901586e+00, 2.840650176890122e+00, -6.255580361527779e+00, -1.583189447999008e+00, -3.179793048054614e+00, -1.044261379906333e+00, -1.302119453495173e+00, -1.273221150019791e-01, -5.051866658814222e-01, -5.093341806837224e-02, 3.593181547841627e+00, -1.739658307794539e+00, 2.590315427215121e+00, -1.130694462060599e+01, 2.857480111880429e+00, 8.459442058548255e+00, 1.568559209538635e+00, -4.125407182433763e-01, 1.976245509090820e-01, 6.953769676607793e-01, -5.495902954057661e-01, -1.120660707362966e+00, 4.252401936885753e+00, 2.206370884373074e+00, -4.013697387662298e+00, -9.315712764316944e-01, 1.487937092032203e+00, -5.608193682681324e-01, 2.466658266717274e+00, -7.536954992019257e-01, -1.381572044718684e+00, 8.628036176794335e-01, -4.986618789934062e-01, -6.743358469526077e-01, -9.350431187132932e-01, 6.923812230475364e-01, 4.930957249710414e-01, -2.184471923071468e-01, -3.411341642331506e-02, -4.831952087511990e+00, -1.544775265945753e+01, -5.317982653232909e+01, -1.753242890607921e+01, 1.045578972836854e+01, 8.508664031535035e+02, 2.872638531616182e+01, -1.088527559964834e+02, -1.429670370056654e+00, -1.582934499568407e+00, 3.036073004773961e+00, -1.083465687827603e+00, 7.348572264548434e+00, -6.455144925328135e-02, -1.479573074312572e+01, 5.049594721674181e+00, 6.482201249672185e+00, 2.029778689268589e+00, -8.044784295359346e-01, 6.465627524972821e-01, -6.745770608288882e-01, -9.813177072369045e+00, -7.374309307583618e+00, 1.382389205309569e+02, 9.801929290284285e+00, -2.397353301172316e+01, -4.103947389177377e+00, -3.860508762129372e+00, -6.729502647407553e+00, 1.263515106545405e+00, -4.571742522832291e+00, 3.090095591313014e-01, 1.279928367214493e+01, 2.797545165452363e+00, -5.549721519946043e+00, -1.180344118630948e+00, 7.530311264981480e-01, -2.803357210332467e+01, 8.955182930959329e+01, 2.927082862315138e+01, -1.865600112901485e+01, 3.900707319884273e+01, 1.019226424791270e+00, -2.229635791831063e+01, 4.245112434427087e+01, -3.290227897919092e+00, -1.773145552677078e-01, -4.244070164353987e+00, 7.894815699375679e+00, -2.392227243655870e+00, -6.856793606645950e-01, -1.760798261936992e+00, -3.401056236604323e-01, 1.436765184699768e+00, 1.527171293995247e+00, -1.152823306193133e+00, -8.298624958404688e-01, -3.643040430243970e+01, -6.527048750112205e+00, 1.236723338648749e+00, -1.134152373857720e+01, -6.359967523767780e+00, 8.277510904900636e+00, 2.451654360587033e+00, 8.984502588787365e+00, -8.260650218649215e-01, -7.825520527498728e-02, 3.116999601317248e-02, -3.458384284427923e-02, 1.028084364687361e-01, 3.379048246950880e-02, 1.877894553336384e-01, 8.708937590672780e-01, -1.892290111832333e+00, -1.580506754799239e-01, -2.927382341766741e+01, -2.573324312500065e+01, -9.813956525946233e+00, 4.253421492677854e+00, 1.578844214918019e+00, -9.217962268928164e-01, -1.171402986036128e+00, -5.759784728976029e-02, 4.651168496672623e-02, 6.763460299555158e-01, -3.530274913171033e-01, 3.697622962037029e-01, 3.106245363096760e-02, 9.648146392641168e+00, -3.649764111765140e-01, -3.131754464728411e-01, -1.165147777968351e+00, 1.198891554972344e+00, -2.553158872772348e-01, -1.968201453776834e-01, -1.623802276818454e-01, 7.079131117669868e-02, -7.951888777259111e-02, 3.071206089552693e+00, 1.516966616305048e+01, 1.312554672700485e+01, 1.197141483719181e+01, 7.762448909295250e+00, 5.902983459396306e-01, -2.444666629834217e+00, -3.570139013180444e-01, 1.758040879600065e-01, -8.278376666276220e+00, -8.163338132326071e+00, -8.287386831462914e+00, -1.356000798731386e+01, 1.102544794886737e+01, 7.304936001538841e+00, 3.227050318361115e+00, 7.685126421520215e-01, 6.321731577443939e-01, -1.114779350403823e+00, -5.038339669659441e-01, -7.817461277417895e-01, -1.902872465093022e-02, 7.250657055417258e-01, 2.941580607625573e-01, -1.580806752132998e-01, -5.021612196049426e+00, -1.150574015623481e+00, -4.217158058353166e+00, 4.252038569358474e-01, 6.327796483248578e-02, 2.821115491765622e+00, 2.463464557249673e+00, -2.145273335102095e-02, 1.875140683493189e+00, -2.858947264856430e-01, -7.438109468249823e-01, -5.173158864494701e-01, 1.105482806578306e+00, 1.944932974740271e+00, 1.232209888261829e+00, 2.277336894511115e-01, 5.348132462403067e-01, 7.851641230912799e-01, -3.092752249561805e-02, 5.931197101693321e-01, 2.084604155895227e-01, 9.842466657274326e-02, -1.206488108367783e-03, 6.921061939746300e-01, 1.761109793523248e-01, 1.923445957724622e-01, 7.925693420474738e-03, -7.798365638436459e-01, 6.420514588991072e-01, -3.832525144641746e-01, 1.325383451430998e+00, -6.003480585290861e-01, -1.487373718555862e+00, -1.264418954984999e-01, 1.981698308425230e-01, -8.690324559450328e-02, 2.964742253674185e-01, -4.451214089206719e-01, 1.690825286481345e-01, -3.090310053645099e-01, -3.162517735862027e-01, 7.595488713720786e-01, 6.625218334750471e-02, -2.265642650553885e-01, 7.637543120319099e-02, -3.517201949748222e-01, 1.003877635401746e-01, 1.877809998926477e-01, -1.139856244887872e-01, 1.254437098722216e-02, 1.008752293468438e-01, 1.583071690796441e-01, -1.138366931356193e-01, -6.752392469480432e-02, 4.067017648221085e-02, 1.514000024451544e-02, -4.451223188646987e+00, 3.436997658100430e+00, -5.394880882653071e+00, 2.774200751508400e+00, -2.774782934991238e+00, -2.258074194990721e+02, 2.681899309081871e+00, 3.774918114109003e+00, 2.036768303299574e+00, 2.254991820780575e+00, -4.324822752751727e+00, 1.543572334779872e+00, 4.662302605609677e-01, -1.974845805035132e-01, -2.801099817005056e+00, -1.588847030724825e+00, -6.672300934383809e-01, 7.151567156880818e-01, -6.116942223891515e-01, 4.225391235124414e-01, 1.565741483881040e-01, 1.199711842066224e-01, -1.113984719906652e+00, 1.664557899285200e+01, 1.143802245277543e+00, 1.832737970651442e+01, 1.376718016211190e+00, -2.931843467437258e+00, -6.427716611781485e-01, -5.996440954804861e-02, -8.543702648342524e-01, -1.140610801947236e-01, -4.739224100304637e+00, -2.341591392903468e-01, 1.913767569515281e+00, 2.828108614652794e-01, -1.801174671024327e-01, -4.651352340265040e+00, 8.424015762070100e+00, 4.645341561975281e+00, -2.094786069607371e+00, 6.981391582013665e+00, -7.057337580809543e-01, -4.482732440414742e+00, 7.988922211852912e+00, 2.655012080242892e-01, 1.974292399625087e-01, 4.200882599025607e-01, -8.613312253194706e-01, 7.489426849827918e-01, 2.147571016997208e-01, 5.517099477677440e-01, 1.065775184711115e-01, -2.117557808855188e+00, -1.363780342799702e+00, 1.396988817196019e+00, 7.639055110149477e-01, 2.734845771536457e+01, 8.119907580798502e+00, 4.213285637691997e-01, 2.873466172075055e+00, 1.451200647906306e+00, -2.031926550834573e+00, -1.577684577945417e-01, -2.111819476450317e+00, -1.478534089110561e+00, -3.553114738870442e-01, 6.800658652448803e-01, 6.004060877932443e-01, 5.996341125856043e-01, 3.792650124658316e-01, 5.638109157599035e-01, -1.377110038175674e+00, -1.572100892829019e+00, -3.569978241165171e-02, -4.843185833457390e+00, -4.694434990273441e+00, -6.692954075102190e+00, 1.326585262131212e+00, -1.778946531794056e+00, -3.060431468196361e-01, -1.442558733258767e+00, -5.767491048635427e-01, -1.877240705254364e-01, 5.305778726135009e-01, -6.430232890148472e-01, -4.415723362669361e-01, 1.550132934704894e-01, 1.139672271559305e+01, -7.372586703886095e+00, 1.801525280107510e+00, -5.669378818262958e-02, 2.511212214830876e-01, 2.283347177549108e-01, 1.799164019399694e-01, -2.153924763012054e-01, 3.369475036088732e-01, -1.637283809586201e-01, 1.693557611204405e+01, 6.769933300834078e+00, 2.679949426676089e+00, 2.006532799266318e+00, -5.360714673024553e-02, 5.815870040229982e-01, -1.898748684996120e-01, 3.542463320363562e-01, -2.925424317926885e-01, -7.756543787603045e-01, -3.459936689376384e+00, -3.175622361512995e+00, -6.095544069168477e+00, -5.640371617445619e-01, 4.394437940266000e+00, 1.247839834746534e+00, 3.321330268907834e+00, -1.221900267465805e+00, 1.363510542318900e+00, 1.179414700991314e-01, 4.948640655991947e-01, -5.035269465596968e-01, -3.354218012357134e-01, -3.206416371625663e-02, 1.061157717198860e-02, -5.486757948839947e+00, -1.235771889239324e+00, -9.134890320407305e+00, -7.130608024366630e-01, -5.139614912885358e+00, -2.344630746693859e+00, -3.195979308385666e+00, -1.629165951938156e-01, -1.452513616466574e+00, 3.985867062893265e-01, 5.652217007090703e-01, 2.852557322974771e-01, 1.279193839855788e+00, 1.606058391272512e+00, -3.123790699859803e-01, 2.708642812994744e+00, -1.020103952331970e+00, -6.283538901401515e-01, -6.281619729463445e-01, -3.546372951344069e-01, -5.034339613752036e-01, -1.142769529656084e-01, -1.743593023873274e-03, -2.372705135192889e-01, 1.589333671146744e-02, -3.795154601217068e-02, 3.427218969165174e-02, -2.429231351442410e-01, -7.604190187262203e-01, 2.897617707457834e-01, -1.517563636111899e+00, 2.767458524952529e-01, 1.225425572728077e+00, 2.164774063542407e-01, 8.783452121612753e-02, -1.090913036242854e-01, -1.475337498768637e-02, -3.557033687801300e-01, -1.574161137633947e-01, 8.173270819587654e-01, 1.588912934842920e-01, 2.478663019455261e-01, -1.573734437751899e-01, 2.163981462029790e-01, -9.994655755500939e-02, 5.817807102608873e-01, -1.024695094871177e-01, -4.114360257781093e-01, 2.331289562531174e-01, 6.956347443414025e-02, -1.550647615140300e-01, -2.040668863019862e-01, 9.832282481544692e-02, 8.161872248836216e-02, -2.116349408707163e-02, 2.201038898880589e-02, -1.724274104311591e+00, -1.634052434238440e+00, -6.985741674742849e+00, 1.369601788122885e+00, -8.614394225339675e-01, -7.012075387743224e+01, 5.292207891367820e+00, -7.084869062672999e+00, 1.271314428274636e+00, 1.407542260072081e+00, -2.698922197362412e+00, 9.633421222226844e-01, 1.265672983024055e+00, 1.232768682560072e-01, 1.822071651947697e-03, 2.087566613667754e+00, 7.584751688014068e-01, -6.570983813055633e-01, -3.417118278288223e-01, -6.306114208996746e-01, -5.191640800112246e-02, -1.502677559148078e-01, -9.518826562395785e-01, -1.448212402050640e+01, -1.218388135303905e+00, 7.525138740638054e+00, -1.346654304369194e-01, 1.701359486800283e+00, -1.123207791054994e+00, 8.264804964557992e-01, -2.272606789330834e+00, -1.526126861712880e-01, -6.322348149957610e+00, 1.238089076452760e+00, 1.110152321883616e-01, 1.873504925648903e-01, -1.195776323298362e-01, -4.235213104831292e+00, 1.355898357248170e+01, 4.288279917593056e+00, -2.483618387740398e+00, -3.490218031796484e+00, 4.416575619917480e-02, 2.301103439553206e+00, -4.132465007397819e+00, -9.486889533127297e-01, 2.444129964861620e-01, -7.993541297253153e-01, 1.718477172698239e+00, 2.683828687699898e-01, 7.679670081624988e-02, 1.974126197599064e-01, 3.812858369982960e-02, -1.413066543211462e+00, -7.842484763196732e-01, 9.558473727132771e-01, 4.563998035948636e-01, 1.028258780014806e+01, 5.557877369257248e+00, 4.191430949407079e+00, 8.074509942728451e+00, 9.042754481372645e-01, -5.965689499901616e+00, 3.966812641520275e-01, -6.823398817757102e+00, -1.304630134135536e+00, -2.828629361274794e-01, 4.965707940211657e-01, 4.135273475452934e-01, 4.668647062146495e-01, 2.833916749395735e-01, 4.697036766176189e-01, -6.865074974608513e-01, -6.067270676564471e-03, 5.348023390902830e-02, 5.494397162390853e+00, 3.272702117408103e+00, -2.941634511981638e-01, -1.291002834547063e-01, -7.947293623151295e-01, -9.087663509796055e-01, -4.431929803459223e-01, -2.543854587477543e-01, 1.122474237205868e-01, 1.063683217712764e-01, 9.225878762897032e-02, 8.294250225267114e-03, 1.240729924275902e-04, -2.220244959279264e+00, -3.340035241344723e-01, 1.036679313231102e+00, -6.136727592814406e-01, -5.983990040063926e-02, -2.094124307084497e-01, -2.126985647078252e-02, 4.285725636403901e-03, -3.395013390059660e-01, 9.892729203332633e-02, -7.146983950198844e+00, -4.485916131815034e+00, 3.332018550381190e-03, -1.488188573245567e+00, -6.933193654066548e-01, 9.263263172938786e-02, -1.325682891793525e-01, 8.936308598852881e-02, 5.802890490777882e-02, 1.464879191581788e+00, 2.208082155391544e+00, 1.327082872603304e+00, 1.933015349920810e+00, 4.366327378039550e-01, -1.133989057904959e+00, -5.152868780418933e-01, -9.208582976528467e-01, 3.807164958461661e-01, -4.969250352998744e-01, -2.561273575570158e-01, -3.329638900602456e-01, -4.939424117937693e-02, 1.779092263036813e-01, 2.086448376254638e-02, 1.851438090099116e-02, 1.388746138502778e+00, -1.237745235555266e-01, 2.280135642565899e+00, 7.792503033966680e-01, 1.252940301051293e+00, 5.684776501263825e-01, 8.259067608335869e-01, 2.064833734568351e-01, 5.194148777325744e-01, -1.737496464483560e-01, -3.041136440424296e-01, -1.242231034587201e-01, -4.472686198036729e-01, -4.076578417045423e-01, -3.220868358156441e-01, -7.288823090252292e-01, 1.941310718664033e-01, 4.723190682939778e-01, 2.688393523958089e-01, -4.374596875701588e-02, 3.055009958221340e-01, -1.366586994967249e-01, -4.158423163055491e-02, 7.526405488286669e-02, 1.569706273160046e-02, 2.008255247095467e-02, -6.383376027633290e-03, 2.403550929507795e-01, 6.545133717699518e-02, -1.557817557048358e-01, 2.819084414753220e-02, -5.884512233462512e-02, -3.986282043094716e-02, -1.040515144742822e-01, -3.609565695541673e-02, 5.543311478536629e-02, 1.228903212358562e-02, 4.646871336739586e-02, 6.842573377157353e-02, -1.034060836172403e-01, 1.645898242882540e-02, -8.840264356155667e-02, 6.436495632371526e-02, -7.573094509859381e-02, 4.468142711643385e-02, -1.182754144470305e-01, 2.507265407343846e-02, 1.860388063326260e-01, -1.119784239088245e-01, -3.982853709418880e-02, 7.143030099784914e-02, 9.493578182962430e-02, -4.054343249075672e-02, -4.304760208064067e-02, 5.607039559757301e-03, 2.470232300775449e-03, 2.215020349166577e-01, 2.421663295306286e-01, 3.865992866892270e+00, -9.654138031640846e-01, 4.153722507721011e-01, 3.379980231891050e+01, -3.002722385664955e+00, -2.774842074751829e+00, 1.753874023966423e-01, 1.942555346194393e-01, -3.723536900570115e-01, 1.329239237633845e-01, -3.969007820725231e-01, -1.802683586195006e-01, 1.691138839181714e+00, -7.343675083064098e-01, -7.570465761713027e-01, -1.964612616608358e-01, 4.856337417104572e-01, 4.956421062887313e-02, 5.935419188653351e-02, 8.758333778502615e-01, 2.277237779630883e+00, 1.021600423486069e+00, -2.650831166760808e-01, 1.362225960320107e+00, 1.994994947412417e-01, 1.836830071597255e+00, 1.204404181813814e+00, 1.254392866130819e-01, 1.728046433750650e+00, 1.649138268332536e-01, 6.845702901767550e+00, -7.562815174911220e-01, -5.301511579760844e-01, 4.432876780968199e-02, -2.832331574727913e-02, -3.887654692169155e-01, -2.917062810167356e-01, -3.271308223587394e-01, -1.961530133937446e-01, -9.606603383563661e-01, 1.650420059535636e-01, 5.916142930454648e-01, -9.458424137491606e-01, 1.538094938939297e-01, -9.364554225805367e-02, 2.574614004415977e-01, -6.615793681678395e-01, -9.576022725937539e-02, -2.722202485280634e-02, -7.009051986968212e-02, -1.363307113241398e-02, -1.682171930174817e-01, -1.541101452037112e-01, 1.296469517303102e-01, 8.500255576108796e-02, 3.278845222232416e+00, 7.385958798450551e-01, -2.917687775054813e-02, 8.539623543959787e-01, 3.484717230658702e-01, -5.208472845492819e-01, -1.867807865477643e-01, -5.583910683669133e-01, 3.318930619670463e-01, 7.128769380815551e-02, -1.230104204278277e-01, -1.009819098743531e-01, -1.171626637909544e-01, -7.054865993451315e-02, -1.191188521719551e-01, 1.455284994275557e-01, 2.746826952172540e+01, -1.414110623221110e+02, -9.469631896871779e+02, -1.208467885790735e+03, -4.304800686532852e+03, -2.338303735084327e+03, 4.335900808868242e+01, 4.086624544040253e+03, 9.823972778145573e+03, -4.257529887307983e+02, 2.201083213427594e+02, 1.775159762082469e+03, 5.473426055678494e+03, 1.547839760685790e+03, 1.825762514399460e+01, -5.022253000825942e+02, 2.210406793018394e+03, 1.206811790147123e+03, 8.153676402417159e+02, 5.057804610744100e+02, 3.140531468006019e+02, 1.622265479355921e+02, -5.145340904019018e+02, -5.410589468330868e+02, -4.346042542250654e+03, 2.132988236655184e+03, -1.664034520031325e+03, -3.898025287423503e+02, 1.408639013966700e+02, 1.138578032523013e+02, -1.477408825976709e+03, -2.131280476015959e+03, 1.989305322900505e+01, -1.654705092376744e+03, -8.043670824296727e+01, -3.430479330760452e+02, -6.297003909061790e+01, -3.372955504112091e+02, 1.820677973742492e+03, -2.178856830188127e+03, -1.579001315862829e+03, -2.400928027066660e+02, 4.781214341346832e+01, 8.223455068534930e+02, 3.160413246053398e+02, -7.769301012071776e+00, 6.601579251493097e+02, -5.626580854949037e+02, -8.492144205413780e+02, -3.815581114782671e+02, -1.018296618046570e+03, -3.657471924461290e+02, -6.001008061197746e+01, -1.602791927272818e+02, -7.004663875682368e+02, -1.375330066108525e+02, -6.670603117905969e+01, -1.073023548361322e+03, -1.131188295285647e+03, 1.277072886054492e+03, -6.161910274683189e+02, -3.065239152177292e+01, -9.087218090684312e+02, 8.296125905068109e+01, 1.919043076440593e+02, -7.842776121718127e+01, -5.524441676499232e+01, 9.378487914248616e+02, -7.566515415538706e+02, -1.533964880864638e+03, -2.134859067779782e+03, -4.396695591274098e+02, 1.495487306858156e+02, 5.364826326176966e+02, 8.953946077566226e+02, 2.032276165620415e+02, -7.884590085850444e+01, -4.467916133880860e+01, -2.710876154139468e+02, -3.806809265258276e+02, -1.308279865004633e+02, 1.489131230141898e+03, -6.387886735958938e+02, 6.118081750916749e+02, 2.903066165556292e+02, 2.577002907008472e+02, 8.653875665034742e+01, 2.296549697407827e+02, 1.557816060125210e+02, 1.526028209244288e+02, -5.606815032718439e+02, 1.501624421506459e+01, -1.036785273814542e+03, 2.351430173545949e+03, 2.675829347797320e+03, 1.490584411574818e+03, 7.368874257456342e+02, -9.698994881157182e+01, -2.808555309659546e+01, -6.785912802307269e+02, -2.492859327853913e+02, -1.124256161676382e+02, -1.675569550442946e+02, 4.866939282048529e+02, -1.647140117402076e+02, 9.043749468925979e+00, -7.162410466666709e+01, -4.312521086067920e+02, 2.544297927011791e+01, -8.656032990354804e+01, -2.554082687927948e+02, 6.596473754009257e+01, 7.249020529323364e+01, -4.363166441052032e+01, 2.834895962381304e+01, -2.403692804132741e+00, -5.040182195617819e+01, -9.045503408300699e+01, -4.119454557877281e+01, 2.361589688127979e+00, -3.015931842100498e+01, 2.167227542214694e+02, -4.575536508626456e+02, 3.678889821020845e+02, 5.326262654026170e+02, -4.443576004831680e+02, -2.732023375086365e+02, 2.299904913988603e+01, -2.518712435572724e+01, -4.045662736360953e+02, -2.201787425127044e+02, -6.038087957310683e+00, 2.004071820307459e+02, 1.401591641189822e+02, -1.111854662298133e+01, 2.348430419709669e+01, -2.936044223743324e+02, 2.912150842125056e+03, -3.622691353114672e+03, -2.010449109665619e+03, 2.564115411774638e+03, -2.794036182049833e+03, -8.270027293810025e+02, 8.423092219872515e+01, -7.404869165803965e+02, -1.247712511136162e+03, -4.748136261208567e+02, -8.937622756953311e+02, 7.379580579777233e+02, 5.235677849026974e+02, -4.234426792519178e+01, 8.914351836058408e+01, 6.650108624198274e+02, 3.086897218855146e+02, -1.465258737490821e+03, 3.154959205135139e+03, -1.338903950679088e+03, 1.652314319263915e+03, -7.782794135898119e+01, -3.867676652737344e+02, 2.430345326284592e+02, 1.906580284610206e+02, -4.368984798112264e+02, -9.062246250459050e+01, -2.164093141340486e+02, 2.738769828802320e+02, 2.319051170621633e+02, 7.899178539335432e+01, -2.408709355081215e+02, -1.255542677513452e+03, -2.719537222893534e+01, -8.765930430872298e+01, -3.096656493671557e+02, 7.135224827924819e+02, -1.401114037327300e+03, 4.342895361753762e+02, 1.774573015669012e+02, 2.474860269300990e+02, 6.728348349924731e+02, -5.364141471202807e+01, 1.683394816555067e+02, -3.745676719796522e+01, 2.123757621277844e+02, -1.520397336464015e+02, -1.535493665403406e+02, -3.566796543896186e+01, -7.714882997400029e+01, -7.420318868866507e+02, 1.182148235390083e+02, 4.773251447983974e+01, -8.597519616443533e+00, 8.802152926785415e+02, 1.241166579667441e+03, 9.490224533487578e+02, -5.377981098427749e+02, 2.097194399168046e+02, -3.771160413199597e+01, -7.741134166394313e+02, 5.017789807775790e+01, 1.738044967830839e+02, 1.059568943114023e+01, 7.060452704102160e+01, 4.193359028462086e+02, 2.560362596441444e+02, -6.272235397903944e+00, 5.436379849935279e+01, -3.354910730359025e+02, -2.463610748618866e+02, -6.636492689488030e+01, -2.448543429262686e+01, 1.473174047839746e+01, -6.860205270319048e+01, 2.641398285752268e+02, 6.642973196882458e+01, -9.899711383624004e+00, -1.423134479551961e+02, 1.276551538941201e+01, -1.043046048573913e+02, -2.951360952714570e+02, 1.007536031702854e+02, -2.249166816347584e+02, 2.294819115030886e+02, 7.510670557673012e-01, 1.859409607266999e+02, -7.761298466763121e-01, 6.098850007477124e+01, -3.595744623273177e+01, -2.148722185819468e+01, 1.978770976048374e+01, -3.015831560209993e+01, -3.073392330033804e+01, 8.148931620824200e+00, 2.332671625738113e+02, 1.832724016541520e+02, 4.732798263747803e+02, -8.678238003622369e+02, -3.438090040447484e+01, 8.549023695043000e+01, -1.294830884976901e+02, 2.145900984896657e+02, -7.428517076388138e+01, -6.889932410647248e+01, 1.004152528200518e+02, -1.115101536914842e+02, 7.277310000504471e+01, 4.675686334157496e+00, 3.675330984205542e+01, 2.945810742029361e+02, 4.883139252345393e+01, 2.713552237300989e+01, -4.562834072486748e+01, -8.542742375455246e+00, 2.628886145415044e+01, -3.570166635582381e+01, 1.070816276302862e+02, 1.708200715821595e+03, 1.053654831110444e+03, -4.493521266881235e+02, 2.081038511310593e+02, -4.581390932401416e+01, -3.788206148787897e+02, -1.591022993983882e+02, -7.073997909467920e+01, 3.477606060463302e+01, -2.786151007906100e+02, 6.262121848136773e+01, 1.123902219438601e+02, -8.513294333292411e+00, 5.132216486893338e+01, 8.938574710668165e+01, 1.647365641026791e+02, -3.261284360595295e+01, -1.613473430197174e+01, -2.400992689228554e+01, -3.197043944045911e+01, -8.557056449064136e+00, 2.699007557500259e-01, 3.223911233780321e+02, 3.232416070108001e+02, 4.540684099438893e+02, -7.657824089945030e+02, 6.399917219562353e+01, -1.005685510433142e+02, -3.465479113181130e+02, -3.207095007745758e+02, 5.285531618401146e+01, 1.725047406210011e+00, 3.062166691393503e+01, -5.709567204613155e+01, 7.099654940264618e+01, -1.555320293923681e+00, -1.265178503235522e+01, -1.222465495259445e+02, -1.692934245169819e+02, -7.008310415613816e+01, -5.756120300725519e+01, -3.152119945078996e+01, -6.646037055270772e+01, -3.759165905073706e+01, -9.028934138229241e+00, -2.250975434528231e+01, 7.329179330413831e+00, -1.111037861011511e+02, -4.615020612053319e+01, -4.170347751205206e+02, 6.109865748438155e+01, 1.862550324361306e+02, -2.602050444764256e+02, 1.713749900930554e+01, 1.807047455155699e+01, 1.741712769081725e+02, 5.353385550296584e+01, -1.853128878877526e+02, 3.798840514554971e+01, 3.010696827156696e-01, -2.369015881882687e+00, -7.930303614272083e+01, -4.039358377920539e+01, -7.647720051403357e+01, 1.290525244737651e+01, -2.248483738000477e+01, -5.282144266007688e+01, -3.637915749378828e+01, 9.342590617399958e-01, 6.528314953245059e+00, 3.237273386019007e+01, 1.895379620344780e+02, -1.397134347725404e+02, 3.474233809718874e+02, -5.722221843952534e+02, -1.958526398993131e+02, -1.223015045269280e+02, -6.662744551373504e+01, 1.479722452074913e+02, 6.364352944258343e+01, -9.813042131697004e+01, -9.809472883497070e+01, -2.869962495190933e+01, -4.127740000041689e-01, 5.255882129281316e+00, 2.065106176069732e+01, -1.809210099888805e+01, -3.605663743273612e+01, 7.190495102184796e+01, 4.011696425947704e+01, -4.683134631893667e+00, -1.760631304678845e+01, -2.824788157116946e+01, -5.585615370372250e+01, 4.465370156330821e+00, -9.711485347262196e+00, -3.990911950907821e+01, -1.805350776813520e+02, -1.174606946154494e+02, -2.992875926049565e+02, 1.829114805091461e+02, -1.894483267405096e+02, 5.608918835536250e+01, 1.218515303935230e+02, -2.478569981417955e+01, -1.599986223370811e+01, 1.345996463622070e+02, -2.342590870548733e+01, -2.741398937990229e+01, 3.371274419255901e+01, -8.906252351735192e+00, -2.428466140723471e+01, -3.463429604816933e+01, 1.383025174747839e+02, -3.232225315172246e+01, -1.963181570783697e+01, 1.717971945625849e+01, -2.244751052610074e+01, -5.020794659713647e+01, -3.393973870881116e+01, 1.642648000929649e+01, -3.138777412485729e+00, -2.568252745429832e+00, 3.158756978276926e+00, -3.408686144420002e+01, -6.435588290190955e+01, -3.877339258969341e+02, 3.592845689155914e+02, -2.899724625420332e+00, -3.622847416581805e+01, 1.759535514736371e+02, 8.697223382284275e+00, -1.122274535072817e+02, -4.985371254889876e+01, 1.297921027671994e+02, -1.020614785689413e+02, -7.664047157121091e+01, -6.544720288636015e+00, 9.758728085202284e+00, -1.181126548743773e+02, -1.528133299691889e+02, -7.951241990064847e+01, -2.549597058314745e+01, 3.706366617657243e+01, 6.247389185312813e+00, 1.490785832612567e+01, 1.793252211015682e-01, 1.998146765165162e+01, 4.365171788663305e-01, 1.720707865731384e+00, 5.942897875074862e+00, 3.546858102705354e+00, -4.200977320279502e+01, -8.261634793462044e+01, 1.401985132075772e+01, -6.743747142688075e+01, -6.639453063121954e+01, 4.390896669147469e+01, 1.730753667574500e+01, -1.972494064010324e+01, 3.533861508850193e+01, 4.309475773489311e+01, -3.041994000940542e+01, -5.998124553090553e+00, -1.378173339668866e+01, 6.889552352309158e-01, -4.299728706838003e+00, 2.400633350424198e+01, 1.169595507753270e+01, -2.161677689054732e+00, -1.545858661084849e+00, -1.678227646438704e+00, 3.513360103034618e+00, -2.325767814570045e-01, -3.085219464150657e+00, 4.789276030890816e+00, 1.925394429827466e+00, -7.783151855072794e-01, 6.840975466139888e-03, 1.140568060237559e-01, -4.663924751007385e+00, 8.443926468496116e+01, -2.527461674070778e+02, 3.887704856824779e+01, 9.097019181999141e+01, -1.647074291850375e+02, -3.891951825667292e+01, 2.299724984754625e+01, -3.510378601158373e+01, -7.633750582823185e+01, -3.363763951159742e+01, -4.034323640460401e+01, 5.325432989678942e+01, 9.968228218959325e+00, -1.256038174685297e+00, 2.278254078877298e+00, -3.779268060683018e+01, -2.296443727724887e+00, -5.712267969342251e+00, 2.396925116380856e+01, 8.467665902680924e+00, 3.879611641487610e+00, 6.606935483112464e+00, 5.931219575447797e+00, -2.475333039774783e+00, 2.947689420390935e+00, -6.001569795198266e+00, -5.982576669300372e+00, -3.055990590572365e-01, -3.410964433044648e-02, -7.580179007642585e+01, 2.668860145642394e+02, -6.352442965284156e+03, 2.234578843697891e+03, 8.246861469022488e+02, 3.771977126196937e+02, 1.305909381507134e+02, -1.264032831629484e+02, -7.431711708085425e+02, 5.370948657019911e+02, 5.720973898530813e+02, 1.327115830909686e+02, -1.039770963672924e+02, 3.126580630267295e+02, 2.154355959840064e+01, -1.536182946866331e+02, 9.264342760656831e+01, 7.264098189353048e+02, 3.036470695297542e+02, -3.339783304716062e+01, 1.357773506281319e+01, -3.463551469208259e+00, 8.634696197193358e+01, 2.145535960708652e+01, 3.091308714936449e+01, 5.465336549256679e+01, -2.953740190767963e+01, -6.657867758954922e+01, 2.352433038559484e+01, -4.831923742663540e+00, -1.389643917647299e+01, 8.271484182337539e+01, -1.307472721878001e+03, 2.601714892025675e+03, 8.269022501423765e+01, 9.572665343024828e+01, 5.742533574242967e+02, 5.595370440910418e+02, 3.677044044212775e+02, -3.595502161873624e+01, 2.819127927294853e+02, -1.524780838268372e+02, -5.246240648993798e+01, -4.864929691508232e+02, 1.747243147578798e+02, 1.153828830810759e+01, -1.087771288496764e+02, 1.780377781379804e+02, 1.574716147384843e+02, -8.360628265327203e+01, 8.171335037858776e+01, 7.342347674932591e+01, 9.494619618503459e+01, -8.859572147912033e+01, -7.255914789304022e+01, 4.502360944734581e+00, 1.113017226136153e+01, 1.933795050175723e+01, -4.537387403258163e+01, 1.858363397708173e+00, 1.544766939546244e+01, -5.369424868927931e+01, -9.216437196190492e-01, -1.140926222440960e+01, 3.464143974619702e+01, 1.268523045213042e+03, -4.897534327287025e+02, -6.136513610272478e+01, -8.710569571001241e+01, 6.173648668617162e+01, -3.473479163998711e+01, 1.517078499582495e+02, 1.843244404063341e+02, -4.997182954074160e+01, 1.811885707534039e+01, 2.949517990563286e+01, 8.915541992237717e+00, -4.935975479843266e+00, 7.439329295584736e+00, -5.383562314188481e+02, 1.466795891113856e+02, -3.742127648436872e+01, -4.085059641207624e+01, 5.019121997453060e+01, -3.127817336492528e+01, 2.397047359728819e+01, -5.922369469382492e+01, 2.549437365601720e+01, -6.015324640739609e+00, 1.139705383563945e+01, -4.934203690492421e+00, -4.799603389408257e-01, 7.348581742949023e+00, 9.069015189528871e+01, -1.852982851049638e+01, -9.373207778551814e-01, -2.631114015605291e-01, -1.318343636211352e+02, 8.053756257547308e+02, 7.233072709538226e+02, -9.467875728232609e+01, 2.834385050522992e+02, 5.567919811881655e+01, 9.132507665946264e+01, -6.969711072126670e+01, 1.844916228029088e+02, 1.737723246660652e+02, 7.031627188391052e+01, 1.039035650044998e+02, -6.152136159293099e+01, -3.164458165020596e+00, -3.394449430336851e+01, 3.260598617406062e+02, -1.385920432749702e+02, 2.341897300403561e+01, 3.677137429603448e+00, -2.632053810240573e+01, 9.723850212029923e+00, -1.384321018258282e+01, -8.071563885100180e-01, -5.351321297495150e+00, 2.003632145002804e+01, -3.462837296082657e+01, -6.649367387472937e+00, -2.838727740051302e+00, 6.456838769136734e-02, -1.850071525930805e+01, 1.466367051623974e+01, 5.246618578546915e+00, -2.980515510068790e-02, 1.225752921705197e+00, -4.104671630774365e+01, 5.196944542930923e+02, 5.115856821720852e+02, -1.795838663498402e+02, 1.400920787196349e+02, 6.668848576298119e+01, 7.508157426136607e+01, -4.621990404575956e+01, 1.191981840179216e+02, 8.328972859366717e+00, -1.523257375800825e+01, -3.344874824634708e+01, 1.544713552925409e+01, 1.990476120322283e+00, 3.118560707485571e+01, 3.246311486152412e+01, -1.140274817868623e+02, -8.799613513749409e+01, 2.099907936695186e+01, 1.255082907794310e+01, 1.462438211235564e+01, 3.067816676458325e-01, 2.420897568315751e+00, 2.616183419174487e+01, -2.865270191577759e+00, 8.240108080925278e+00, 4.889984866219175e+00, 1.661072151638894e+00, 3.346170344145593e+00, -3.740765336422451e+00, -3.637073164790721e+01, -9.453881582597594e+00, 9.241384362726228e+00, 5.177297323300044e-01, -1.435521553472390e+01, 8.172717498957689e+01, 2.184530509939815e+01, 2.111018213414416e+02, -1.823826881266756e+02, 1.526883296515733e+02, 1.377519038755233e+01, -3.663544801374531e+01, -1.242308990245849e+02, 8.446773884334829e+01, 7.754443758037897e+01, -2.129621618562754e+01, 5.439258531915459e+01, 1.367291662458401e+01, -2.585027215633888e+00, -2.790922999973294e+00, 2.318793777781402e+01, -1.641890605806611e+02, 2.146324869859393e+01, 2.827729403850874e+01, 2.280645446662168e+00, 4.114399883581808e+00, -2.395647740850507e+00, 4.278393366162510e+00, 8.831158563659285e+00, 1.157912044694331e+01, 3.393155635394331e+00, -6.446462784380149e+00, -3.551882740311438e-01, -2.256660046955175e-01, -1.841153429852929e+01, -1.574343298178639e+01, 5.308432550919426e+00, -1.729928341621801e-01, -3.215974283540648e-01, 5.540709910003359e-01, -2.659366118980627e+01, 2.906259891741110e+01, -1.812756596507039e+02, 3.151026394792662e+01, -3.448658259220895e+01, 3.128216692523184e+02, 1.541757021527900e+02, -2.253662213804392e+01, -2.141689533487147e+01, 7.538316060172011e-01, 1.110187240999558e+02, -9.048443103817355e+00, 1.078644537326978e+02, 4.443662896021920e+01, -3.830147204621617e+00, -2.342152681732568e+00, -1.405757817229924e+01, -4.608506435804454e+01, 7.995557341183718e+00, -2.291059491655734e+01, 3.783659445305508e+01, 1.991077383822875e+01, 2.503132802372425e+00, 1.045936507258878e+01, -4.911707765736502e+00, 9.611032999617059e+00, -1.330972248101337e+01, -5.004508976013013e+00, 9.694548609860971e-02, -1.768631437251178e-01, 2.364122191915547e+01, -3.371232650690453e+00, 1.268906437100998e+01, 3.946217420987370e+00, 2.333290145805251e+00, 5.072985463819619e+00, 3.952542029335446e+00, -1.324474889070911e+01, 1.326942383509958e+02, 1.864793245012709e+02, 2.066528647927121e+02, -6.781642273888691e+01, 2.074267096775046e+02, 5.356249607741473e+01, 6.882372789301751e+01, -3.207864126081028e+01, -6.526162522418907e+01, -2.435378385753237e+01, 1.088950332676304e+02, -1.012594638389051e+00, -1.064263461061151e+01, -3.432972666879247e+00, -4.984943199106793e+00, -1.057751331183892e+01, -4.309142880548821e+00, 5.551670794395527e+01, -8.075504066360164e+00, 8.333145909852778e+00, 2.107928557104494e+01, -1.287532904637634e+00, -3.974862720275496e+00, 1.030343825460135e+00, -1.717089000511779e+00, -8.804299963760387e+00, 3.218728745103439e+00, -1.505661960200499e+00, 6.450569024679306e-01, 8.087011542510632e+00, 3.106626986427085e+01, 3.921992724089817e-01, 1.522140439790215e+00, 3.525497712764357e+00, 1.755994224537202e+00, 4.487022399661953e+00, 1.227517518015932e+00, -1.161462983656517e+01, 1.057722717387650e+02, 1.076450194353647e+02, 4.405247635514577e+00, -2.649977155413219e+01, 9.613428703060512e+00, -2.938317971124320e+01, 2.381370326323909e+01, -3.506644159571538e+01, -2.093053871427390e+02, -3.368287113431181e+01, 2.290578601993426e+01, -3.726224766237513e+01, 8.532253937379900e-01, -4.451709768132425e+00, 2.197589742487125e+00, -5.008122875416451e+01, -2.557588712352267e+01, -1.212374237082683e+01, -1.164805356090907e+01, -1.279456264063598e+01, -1.008043269742091e+00, -1.386422877103554e+01, -4.977165842342560e+00, -1.331930049697511e+01, 5.386999256064759e+00, 4.868373951811104e+00, -3.837560002379486e+00, -1.639027459539136e+00, -1.520226569661373e+00, -8.902170305798970e+00, 1.470184896518527e+01, 3.802201877808801e+00, -4.072305827118272e+00, -3.435334728313839e+00, 4.515300064386302e+00, 2.813707922294519e+00, 7.761765597538316e-01, 1.170733787409746e+00, 1.247532668225570e+00, -6.603900370780147e+01, -1.423098352600612e+02, 1.775037706115446e+02, -7.410306395265163e+00, -2.453730661307766e+01, 4.217464777108091e+01, -8.912548588148094e+01, 1.858230527759462e+01, 7.662494736346926e+01, 6.894381073049850e+00, 1.441862567153220e+01, 1.854408895035427e+01, -3.051928781479045e+01, -1.453387845894344e+00, -7.398950127306676e+00, 3.395692823011877e+01, -4.786090267494163e+01, -1.826905443190132e+00, -9.713872686673071e+00, 7.426540671202545e+00, -7.846978056327292e-01, 2.203731753454033e+00, -7.145137725340199e+00, 1.312613577121990e+00, 5.548011497997189e+00, -1.686978986218530e+00, -1.146757301219959e+01, -7.070388937611355e-01, -6.937305735108373e-01, -5.163126444455512e+00, 1.619290764746901e+01, -6.695260894065848e+00, -1.065431800313393e+01, 5.259227097200009e-01, 4.540191890074307e+00, 1.922648523620547e+00, 3.612412462769654e+00, -1.450565480596435e+00, 1.412748112177403e+00, -2.268624852387068e+00, 3.294792379896577e+01, 8.393213515837367e+01, -2.497148089881064e+02, 2.168993470791917e+02, -1.839471272609791e+01, -1.155857781494690e+02, -1.332245872759924e+01, 2.729127944551789e+01, 4.771535427852284e+01, -8.647523694588646e+01, -3.430390312085573e+01, 5.476325828878723e+01, 4.588729696986716e+01, 7.657523427892993e-01, -1.096949354248001e+00, -1.435651284573300e+01, -5.033885628033812e+00, -2.518941797127750e+01, 1.147828500748133e+01, -1.014791290406532e+01, -5.962151744782191e+00, 1.021273254611299e+01, 1.221103163332920e+01, 5.751247755766985e+00, 1.119300041281879e+01, -5.008244782760577e+00, 3.380396936188212e+00, 3.699218102485276e-01, 5.349193531388174e-01, 5.504473052920842e+00, -1.105783397813845e+01, 6.758085578140395e+00, 5.332055323194949e-01, -1.145663685711271e+00, -1.872636685095569e+00, 1.699859233821306e-01, 1.247997832429271e+00, -5.269859940076231e+00, -8.721400497447452e-01, 8.325642369031406e-01, -7.406735164690320e+00, 6.996980417906371e+01, -1.042163586498068e+01, -1.476231601611327e-01, 5.004037524843168e+01, 3.834553782404976e+00, -8.073854390380666e+01, -8.515925655264067e+01, 8.210022380873326e+00, 2.900913267343933e+01, -3.465945160387150e+01, -1.359532362190964e+01, -1.000326405361114e+02, 2.863063022879507e+01, -2.269030355285933e+00, -3.064550551372718e+00, 1.816507954591502e+01, 9.179392255808116e+01, -1.692733561237952e+00, 1.994688246065131e-01, -2.872671569322267e+01, -1.308936826457009e+00, -3.949603421403872e+00, -4.148202855984906e+00, -2.556555904440693e-01, 5.872491922062331e+00, 4.119610110762618e+00, -1.383772592663318e+00, 1.722884296201861e-02, -6.375227216654465e-01, 1.403483150092969e+01, -1.832422141626777e+00, 7.605363543282476e+00, 5.270892143168346e-01, 2.963499417778447e+00, 2.450551148193965e-04, -3.598893616341336e+00, -5.429700117286781e-01, -9.486130064107846e-01, 7.795753463181655e-01, -1.800008619099908e+00, -1.228246074045713e+00, 3.347249562901567e-01, -2.966393983756251e+01, 5.917250248713228e+00, 6.550176118738281e+01, -5.973479564833599e+00, 4.010055469854187e+01, 3.610797148938118e+01, -9.122461271092966e+00, 2.187450613440673e+00, 4.407707130526131e+01, 3.818491970623268e+01, -1.340606352201086e+01, 2.480634024420281e+01, 1.261064925510778e+01, -1.281581961956013e-01, -2.304027285769465e+00, 1.942420501051125e+01, 9.631524373208407e+00, 1.433545914251149e+01, 1.999263981038489e+00, -2.497521034177810e+00, 5.555229560077600e+00, 1.171334339664890e+00, -1.543154848878781e+00, 4.932561846732912e+00, 1.820397233568369e+00, 6.512922931540302e-02, 1.363890510551242e+00, -1.333526783116146e-01, -6.744426077919401e-02, 7.664153948731151e+00, 4.795562876042694e+00, 1.708193776770574e+00, -1.871349831476745e+00, 8.575466296360574e-01, 5.332811892463767e-01, 7.156060570098526e-01, -6.573292663359527e-01, -5.009694620937698e-01, -9.997628028164493e-02, -3.875334498674892e-01, 2.785156364250574e-01, -1.580507277430502e-01, 6.745289688552034e-02, 2.663303907243127e+01, -3.761076286937924e+01, -1.426004206291008e+01, -7.315769578027775e+00, -1.867565012558463e+01, -1.437062887722802e+00, 2.681687259498104e+00, 7.615134785297148e+00, 1.825846655290034e-01, 1.044663479638584e+01, -1.123754379053895e+01, 1.746085922798908e+01, 2.702129437650774e+00, -3.139527501695097e-02, 7.658856959435052e-01, -3.093380035024653e+00, 3.249018158422043e+00, -4.637516626920371e+00, 7.730227670229110e+00, -2.459750981606629e+00, 1.403526848470076e+00, 2.531689572999223e+00, 1.425915528458041e+00, 2.755097998325728e+00, 2.601369978456543e+00, -2.945130043484723e-01, -5.730963930475850e-01, 1.680973540542907e-02, 5.827621030228738e-02, 1.086387271154089e+01, 5.215969449661817e+00, -1.174787773932796e+00, -1.966044186998015e-02, -5.113206470476285e-01, 9.095630141104413e-02, 2.858198198188920e-01, 6.353333801848544e-02, -1.592635151409206e-01, 1.186790847214285e-01, 7.600802043034633e-01, 2.796777089640746e-01, 3.106215431737359e-02, 1.514007877385814e-02, -3.728140521987007e+01, 2.367827630841482e+02, 2.553852259836804e+03, -2.501924985707104e+03, -1.286416159004479e+03, 3.678138129795277e+02, -6.562535436756513e+02, -5.346493546834107e+02, -4.304128279331912e+02, -1.537110345548195e+02, -4.725993428359013e+02, -2.115975120108284e+02, -4.219338127394004e+01, 3.709337787598556e+02, 9.160564435671514e+00, -5.799218799785516e+01, 2.318129980990958e+01, 2.184965452048793e+02, 5.469132987513739e+00, 2.574716948505114e+01, 1.418230436954229e+02, 1.312904088699156e+02, 1.377194555686618e+02, -3.766117702233961e+01, 1.343705125076713e+01, 2.509740030835530e+01, -1.075860777938665e+01, -9.838428940850321e+01, 1.157796007706333e+01, 1.077154533124593e+01, -2.058952270905479e+01, -7.018914434624269e+00, -4.022600127382041e+01, -4.315728592219889e+00, -3.056225639309694e+01, -3.478752304904779e+01, -4.973999813264881e+01, 1.547638568994836e+01, 2.036371494519109e+01, -1.039110594788637e+01, 1.229296512018600e+01, 2.812838404192217e+01, 9.648160970667593e+00, -4.451231260326464e+00, 3.687655761436041e+00, 1.747720347647041e+01, 1.598956316750939e+03, -2.759376529948461e+03, -1.466894302226176e+02, -8.989733268540508e+02, 1.069045131093634e+02, -4.530367139298903e+02, -8.865256842866885e+02, -8.727864232888736e+01, 1.291282602440440e+02, -1.675378322305243e+02, -3.662363346755172e+02, 3.127857741228915e+02, 3.139583223334845e+00, 1.408377175351514e+01, -1.879560314610786e+01, 4.214982116231978e+02, -4.077111271824476e+01, -6.029145000799409e+01, 7.097610937270180e+01, 8.163097102512687e+01, 5.253739374597342e+01, 5.375405156739631e+01, -4.991060720776630e+01, 1.315321824570079e+01, 4.537458299463576e+01, -1.700140490697996e+01, 1.815433150423838e+01, 7.822100707107448e+00, -3.907587807318674e+00, -2.581351575586778e+01, -9.202104096309174e+00, 8.598124149653239e+01, -3.419549633666922e+01, 4.353811289157707e+00, 2.198361204907719e+01, 1.696238576591002e+01, 1.712086221406636e+01, -3.637854834533099e-01, -9.346086078658338e+00, 5.566990925065912e+00, -3.595303061225994e+00, 3.650003112487838e-01, -3.436995625431072e+00, 1.290226975607939e+00, 1.312959078917256e+00, 1.013885966898807e+01, 1.074132114877652e+02, 7.341913203165486e+02, -5.189495866513168e+02, 2.811780406232002e+02, 2.298770260217802e+02, -1.011184867792991e+02, 5.230021248267509e+01, 7.401607941639821e+01, 2.458838296429933e+02, 1.147320288741014e+02, -8.990148505687803e+01, -1.333100484802897e+02, 2.016989642729574e+02, 9.613608061929666e-01, -1.919353996930743e+01, 2.249928531239688e+02, 1.765895640291643e+02, -2.514314607730213e+01, -7.848888668646835e+00, 8.647716954025173e+00, -6.343265021956073e-01, -2.881775211139099e+01, -1.466018062451836e+01, 5.492100116735238e+00, 1.527978687632753e+01, -3.564499560699936e+00, -1.768348075993563e+01, -7.136246865905672e-02, 2.631318549508393e+00, -9.017136753024425e+01, -3.282516723848457e+01, 2.158781898522607e+00, -5.491689363002181e-01, -4.295281186330709e+00, 1.771927392500483e+00, -8.139561656602961e+00, 5.351801231227727e+00, -6.812409259078078e+00, 4.486507566882726e+00, -2.112904502579067e+00, -4.613965379407694e+00, -3.132016933768114e-01, 4.662443073406113e-01, 1.090574668064645e+01, -2.324208834957791e+00, 1.057244585408403e+00, 1.116518408799367e+01, 1.322448725569217e+02, -1.466660839719254e+03, 5.018030115820719e+02, -4.369060743756405e+01, 6.986353547693210e+01, 4.364696315125170e+01, 2.552720273408254e+02, -4.728649623076235e+01, -7.824781308869153e+01, -3.634611026846326e+01, -1.961519363613852e+02, 3.590089847793600e+01, 7.499449241998742e+01, 4.298754411867948e-01, -2.202232746773721e+01, 1.516790858457785e+02, -2.911985912366913e+01, 7.398917140614490e+00, 1.830909855309303e+01, -5.683488751332445e+00, -2.679360255461926e+01, 7.384324287836939e-01, -7.012129976823876e+00, -1.352003189566726e+01, 1.821968641642470e+01, 1.796440130322094e-01, 1.377180352135422e+00, -1.490179850568218e+00, -1.634168123767114e+00, -6.791407910358407e+01, -1.193110145906647e+01, -5.330918018943684e+00, 3.346515270656010e-01, -2.904482254868901e-01, -8.995807753127663e+00, -2.142591272792136e+00, -1.115509834301721e+00, 4.789383699858384e+00, 3.205398152349836e-01, 3.334757861344855e+00, -5.970728373757604e-01, -1.165139201080843e+00, 1.974812834297840e-01, 1.405437465121130e+01, 2.956283360882276e+00, -1.300666443768346e+00, -3.169959274026047e-01, -2.985426623960712e+00, -7.383877493486011e+01, -1.874098174178568e+02, -1.595607405225465e+02, 2.746064717971407e+02, -7.589636590139729e+00, -4.894750691505963e+01, -9.952687997019272e+01, 8.698434591669870e+01, -5.552042892809629e+01, -4.086786752805571e+01, -2.222308117801887e+01, -3.297635409582441e+01, -3.830699766753689e+01, -5.981072619118893e-02, -2.926001625628186e+00, -4.954534358609218e+01, 1.575314657116629e+01, -6.813506598664326e+00, -2.064097663086559e+01, 4.180498202524515e+00, -3.632774321886825e+00, -1.079052287379252e+01, -1.098265581669791e+01, 6.487386204986561e+00, -1.420342038897054e+00, 9.213932254309620e+00, -3.609495360166760e+00, 9.309547291197140e-01, -1.570449000811565e+00, 7.440697989489720e+00, 2.352393990659412e+01, 7.334879152793242e+00, 1.657805484776879e+00, -4.855818802643581e-01, 3.185891505632204e+00, 1.138288622583006e+00, 2.794555014459270e+00, -2.711918994252339e+00, 7.310230046330769e-02, -1.698470377540753e+00, 1.186737112376511e+00, 1.198895336465992e+00, -8.877869823561775e-01, 2.280560770954753e+00, -7.836263316452136e+00, -2.225424163162661e+00, -2.420785727616041e-01, 1.282827216335269e+00, -3.015140519788627e+00, 7.963778470391793e+01, -2.820893161204423e+02, 2.135039336393587e+02, -1.001102780785441e+02, -8.585720087285945e+01, 5.129087544484963e+01, 4.374166674663094e+00, -7.505230230073599e+01, -1.350886708402449e+01, -4.955800602780319e+01, -7.150941087008940e+01, 1.739157895422678e+01, 2.106493421826061e+01, -3.680988616967549e-01, 1.046672107701281e+00, -3.843052634753243e+01, -2.490180090650701e+00, -2.804050232641039e+01, 7.758572079183080e+00, 2.337196503536708e-01, -9.833819104714744e-01, 7.407152099352609e+00, -6.226286661571928e+00, -3.953211960538882e+00, -3.884654347300706e+00, 4.931490982863980e+00, -6.632969078835792e-01, 6.475163826809383e-02, 1.183236443610662e-01, 1.868926954879462e+01, 1.786520373693327e+01, 7.141180305946503e+00, 1.464464632776624e+00, -1.980070052029214e+00, 6.385032248799188e-02, -6.531897971673588e-01, -2.463689939085708e-01, -1.165514138213846e-01, 5.199787190805648e-01, -2.512693906161959e+00, -6.236820132674242e-02, 2.553122808905954e-01, 9.158259059768567e-02, 1.239812164752601e+01, -1.346172363066866e+01, -4.197184219644124e+00, 3.284574563309894e+00, 1.231525668129281e+00, 9.832029505333711e-02, -2.741992261991649e+00, 1.630674963909170e+02, -2.792262849043065e+02, -3.946984498564281e+02, -1.442717090188148e+02, 1.721248231359386e+01, -1.169459696981219e+02, -3.045495004240259e+01, -3.980305058254515e+01, -7.444168326258634e+01, -7.580909603225081e+01, -2.948599193915624e+01, 7.204467762525834e+01, 2.578171253341931e+01, -3.558875425937977e-01, 1.323673735872223e+00, -1.554142252073347e+01, 1.489112438152318e+01, -3.822931219945995e+01, -7.931869305115067e+00, 6.362270101619835e-01, -4.853180146339545e+00, -9.686568340576354e+00, -2.777112714019051e+00, -1.543090760548874e+00, -5.635981972030508e+00, -6.782406907869558e-01, -4.134220739607926e-01, 9.636897998208047e-02, -6.564883878220706e-02, -1.015184465840818e+01, 2.007042206520337e+01, 7.129366641973157e-01, 7.743700057235306e+00, -3.502246076691955e+00, 8.452231100130294e-01, 4.277201283523868e-01, 7.061430158916675e-01, 1.940533274708617e+00, 6.421117461634351e-01, -1.068926765765605e+00, 5.133016323683951e-01, 1.968227214901933e-01, 1.443002136456847e-02, 2.047061808383226e+01, -1.640049996291031e+01, 5.520728913929895e+00, -2.114723799097673e+00, 1.631147608272951e+00, -3.525241284445907e-01, 3.023631597762590e-01, -6.007813573173963e+00, 1.739876045978883e+02, -4.132333450574308e+01, -4.033393267923033e+01, -9.257183301204378e+01, 9.300718534666059e+01, -2.465922063682579e+01, -6.527596480384052e+01, 7.017970729358296e+01, -1.362237215041739e+01, -3.245412555153071e+01, -4.111054565491633e+01, 6.805122570146585e+01, 7.734627780604181e+00, -7.933062653338224e-01, -2.181511288609442e-01, -2.860275579445629e+01, -1.470855186775521e+01, -1.381458921277655e+01, -3.413910391698087e-01, 7.575051678897784e+00, -2.100184397455958e-01, -5.377322702878151e+00, 3.736004643043816e+00, -7.828233932907210e-01, -2.876804098948949e+00, -5.399515913332978e-01, -3.513686722477303e-01, -4.714918137376851e-02, 1.472137104853133e-01, 5.226458505443078e+00, -6.748575304125280e+00, 1.670468282198972e+00, 9.181114800634802e-01, -2.577220843794487e-01, 1.874632025294299e-01, -4.621655103598203e-01, 6.590772754536010e-01, 2.704354860973539e+00, -7.364284227322605e-01, -8.361444778263959e-01, -2.990686847818063e-01, 1.623791988658944e-01, 1.262725073604870e-01, -5.851036354635275e+00, -3.437111777347298e+00, -2.158824058284197e+00, -3.031142052199963e-01, -1.610501256743100e+00, 8.150252444709288e-02, 1.525786495025204e-01, -1.649798395457524e-01, -2.348896225603959e+00, -1.974535932180777e+01, 1.441896694114351e+02, 5.293640090546839e+01, 2.209115758936831e+01, 1.367699427578661e+02, 4.671162511235819e+01, 2.459675592156798e+01, -2.963296121315122e+01, 1.026225246669812e+02, -2.308669934761012e+01, -5.434965313129878e+01, 4.863246587607572e+00, 3.890611814400383e+00, -1.126922315442328e+00, 1.370514916879393e+00, -1.177442574111518e+01, -8.059588523918428e+00, -1.827869061192888e+01, 7.028751742788159e+00, 1.247675024767515e+01, -1.105349309640282e+01, -2.035864267461719e-01, 3.283213718615879e+00, 1.216912939876476e+00, -5.055419390896937e-01, 8.902511948744651e+00, -2.777017155511652e+00, -4.187364301821282e-01, 7.473595895734133e-01, 8.323086144564352e+00, -2.877987332271346e+00, 4.494688470064189e+00, -1.291630641827125e+00, -4.087555263188667e-01, 4.244394052787576e-01, 1.139746642769320e+00, -3.738943062117550e+00, 7.233671618041480e-01, -8.746888828563266e-01, -1.022540260143755e+00, 1.276871179991899e+00, 7.079406839333073e-02, 2.227996059118398e-01, -1.066013276410576e+01, 4.478724202362094e-01, 4.331304715109993e-01, 8.751876311258904e-01, 2.075522680429500e+00, 2.865140539588271e-01, -3.619749012727864e-01, 1.262710578354714e+00, -2.294789720543003e-01, -4.887054947348227e-01, -2.091985682298990e+01, 9.231862191884562e+01, 1.537886833715095e+01, -9.402293378725080e+00, 1.170627671403343e+02, -3.892785369815652e-01, 2.756640112706505e+01, -5.491832893849961e+01, -4.615073999583316e+01, 3.509602765029251e+01, 5.875203839613069e+01, 1.215892797087553e+01, 3.851363774235688e+01, -9.685579913297960e-01, 6.232649978077508e+00, 5.357672699623185e+00, -2.753098114043062e+01, 2.984396147686362e-01, 8.465650874090047e+00, -4.965595397465346e+00, -7.961227146699030e+00, -4.922886103912441e+00, -1.069463887580241e+01, -1.179049717377949e+01, -1.142072181888553e+01, -9.231582606582474e-01, -1.712752202070468e+00, -4.034299859316436e-01, 4.210633150966213e-01, -1.493692597977718e+01, 7.830027709214855e+00, 3.676020065161992e-01, -1.069572337507291e+00, 1.587024729010539e+00, 2.055017168370490e-01, -6.110944058721917e-01, 2.624952486552902e+00, 5.774452647447489e-01, -1.079113820194114e+00, -1.749644343722461e+00, 8.747045378836664e-01, 7.951433808909543e-02, -1.058704259448561e-01, 1.313173902798228e+01, -2.565060705511155e+00, -2.037822462260744e+00, 1.920303597060898e+00, 4.432871247085837e-01, -9.273047111607279e-02, 9.124085000747815e-01, 7.209809464111592e-01, 1.556096923724192e+00, 5.676304549122706e-01, -1.358152337323904e+00, 9.390822865938881e+01, -1.595530365592836e+02, 5.552964553293674e+01, -4.615501927352930e+01, 1.651478778152452e+01, 5.176177377212127e+01, 8.745788616545627e+01, 8.769823924213084e+00, -2.189713851664035e+00, -1.552542002827380e+01, -3.227498676191036e+01, 3.934023304693567e+01, -1.960237638016056e+01, -5.503011727389912e-01, -8.556388141323590e-01, 1.422082934787353e+01, 1.065151832359752e+01, -1.235107591651235e+01, -3.153181688654245e+00, -6.742259170192328e-01, -2.700760114808942e+00, 9.106340479081850e-01, -1.893419222817379e+00, 1.312180183588137e+01, 1.721291416621505e+00, -2.760413560032646e+00, 2.709848310937376e+00, -5.232601793193644e-01, -1.021723350549500e+00, 5.304252224457933e+00, 1.614005963067944e+00, 6.516923375041455e+00, 3.927856983111047e-01, 1.318005656844915e+00, 5.027196718164457e-01, -5.172469288182429e-02, -8.241420979655252e-02, -1.289797773491778e+00, 3.002957819337217e-02, -7.736534717239905e-02, -3.165567405747642e-01, -7.151172067275229e-01, -1.659737391435629e-01, -1.078760968365695e+01, -1.667471568099880e-01, -1.785337896931220e+00, -2.872544807286895e+00, -8.265208628150350e-01, 9.296634605651810e-01, -2.569407369947693e-01, -5.894324695154141e-01, 8.505986421286396e-01, 9.551011164744109e-01, -1.222447277468926e-01, -5.717339598592621e+00, 4.950702311780852e+01, 1.268065563155517e+02, -4.843065418781937e+01, -8.347404276734246e-01, -2.072392373661422e+01, 6.903815913931510e+01, 1.564927562373123e+01, 1.746200126465348e+00, 6.339722486649672e+01, 7.367291088923130e+01, -3.432706785791158e+01, 6.674088984246950e+01, 2.912968216282643e+00, -5.804259904537340e-01, -2.114243929243626e+00, -2.231262131256316e+01, -2.274886521989380e+01, 3.029603002213363e+00, -2.709257029728848e+00, -3.794290268814134e+00, 1.556990484375374e+00, 7.657045439463393e+00, 1.296450816474423e-01, 3.743966183156874e+00, 7.827241737679044e+00, -1.555065045474359e+00, 2.203593717668040e+00, 1.828882931320565e-01, 1.808189824339978e-01, 1.313814220991728e+00, 1.574763025249533e+00, -1.941509248054594e-01, 1.419976291976809e-01, 8.304087132901655e-01, -2.104339924506304e-01, -3.339278802334904e-01, -4.359267572562999e-01, -2.075339532938014e+00, -1.024740617209485e+00, -8.855597686983165e-01, 1.816464413968683e-01, 1.723905626090055e-01, 1.659746165250179e-01, -1.152278813245891e+01, 1.383428336933172e+00, 1.820660862771071e+00, -1.185186050608581e-01, -9.728264458606440e-01, -9.156839075400314e-02, 1.615320928560608e-01, -1.169687554436497e-01, 5.720014883907933e-01, -4.833136495866180e-01, 5.406388695248481e-01, 1.729571218305668e-02, -1.000417112587683e+00, -8.280378627162914e+00, 6.762881295875067e+01, 1.616163687961283e+02, -4.787320232846599e+01, 5.113559476034985e+01, 1.135663329673557e+01, -2.663380977321102e+01, 1.830405896893458e+01, 5.381633993058566e+01, -1.037594677227661e+01, 9.541460932494550e+00, 3.440110406937652e+01, 1.246716687630368e+01, -4.924065095666812e-01, -7.293107736370354e-01, 2.593142741123704e+00, 3.285110948177460e+01, 1.064214542377109e+01, 1.867642242199042e+00, -1.043345201300039e+01, 7.532744227253968e+00, -5.240237343689964e-01, 1.962456382098792e+00, 2.493983148451634e-01, 2.077838266574553e+00, 2.475081827488821e+00, -3.110499748238687e+00, -2.386160016020434e-01, 9.458069190252807e-02, -1.780447346636538e+01, 1.159459329129485e+01, 9.660810701515606e-02, -8.009577964298915e-01, -2.168606386967697e+00, 1.019505936458797e+00, 8.206844989705215e-01, 1.942930346917558e-01, -7.339851487331110e-01, 1.086508431095587e-01, 8.742293664019020e-02, -4.727014555392198e-01, -1.511448001871066e-01, 5.865332110516331e-02, 2.788415871496098e+00, -6.253736512134220e+00, -2.063650565330905e+00, 3.250287501177742e-01, 3.129324249834533e-01, 3.563454266178140e-01, 3.557223611869971e-01, 3.328818249066875e-01, 1.858345405102791e-01, 4.023905183589391e-01, -4.774950466776222e-01, -1.544056481466509e-01, -3.569978068845089e-02, 1.452825799396310e+00, 2.501733908752285e+01, 6.559181350647732e+01, 2.207998783267069e+01, 5.880796712414297e+00, 1.659761593444933e+01, 4.397867457905484e+01, -1.694988926936412e+01, 2.469494972244993e+00, 1.524112226639545e+01, -2.185103004679925e+01, 1.429182587187914e+01, 9.203200364938004e+00, 9.340372909571974e+00, 2.684180404407103e-01, 1.677745291153432e+00, 4.562724708469323e+00, -2.181331059130120e+01, 2.754947297556415e+00, 3.891816100192821e-01, 9.436192647980416e-01, 1.917415368873127e+00, -2.215061635887374e+00, -2.732250175985749e-01, 1.935911724706727e+00, 6.936140294802146e-01, -1.394250634452272e+00, -5.104680966974829e-01, 1.066234321851333e-01, 1.471156062599281e-01, -2.096744634334478e+00, -5.677074425840930e+00, -7.178166678511472e-01, -1.095411141947233e+00, 1.356628306534955e-02, 2.090413345110183e-01, 3.464960851563342e-01, -5.735628015006251e-02, 9.868341840123668e-02, -7.201726486505762e-01, 1.925801665410386e-01, 2.246051871011640e-01, 9.196863949377725e-02, -3.776923526184973e-03, -6.550569615093414e-02, 3.414233701742174e+00, -8.198485753748362e-02, 3.358201270626102e-01, -1.248367431447862e-01, 1.139095688143784e-01, 1.657448104462038e-01, 1.871672174360667e-01, 1.171055256870401e-01, -2.582772245948233e-01, 7.599632267480405e-02, 2.554117607579213e-02, 1.550151741215371e-01, 2.201073170108949e-02, 6.009915331708318e+01, -7.527002186054640e+02, -2.760695720461764e+03, -1.171595136290131e+03, -1.455376560272210e+03, 1.683906203965123e+03, -1.555559507284935e+02, -1.410003349338490e+03, -1.252036917993259e+03, -9.287806288077037e+02, -1.881657606840762e+02, -2.266356847671288e+02, -2.445443813737461e+02, 2.024930468304776e+02, 1.559408563248608e+01, -5.166404597914220e+01, -1.425803592597632e+02, -2.228518627303520e+02, 1.914764450538996e+02, -2.366613198410454e+02, 1.376077542097978e+02, 2.173003107422383e+02, 6.118945969971271e+01, 5.470755223774512e+01, -5.397586873127511e+01, -7.036652809386973e+01, 1.736206171617550e+02, -2.819559885719864e+01, -1.091367728358339e+01, 3.707111262212164e+01, 1.226620005033646e+02, 7.979296271492839e+01, -4.914811885816222e+01, 5.431129978362247e+01, -3.781833754745403e+01, -3.177292446915854e+01, 1.534136720231623e+01, -8.226386253759223e+00, 6.166505101767107e+00, 3.180476156036590e+01, -5.702452147673424e+01, 9.817740275692591e+00, -2.268894066168632e+01, -1.202595839602394e+01, -4.919080376676603e+01, -1.395339729460280e+01, 3.020218008142870e+01, -3.376061271052657e+01, 1.255865684310676e+01, 6.092619474059087e+00, -9.321328381251021e+00, 5.738412515546605e+00, 4.645262971699639e+00, -1.228392404709656e+01, 1.711164038653940e+01, -5.030218398261887e+00, 1.139669874076578e+01, -1.724189229156351e+00, 1.145137067882106e+00, 1.463552924333175e+01, -1.228036792958728e+03, -4.675253456969280e+02, -2.361927413634940e+02, 1.059875494434446e+02, 8.114038444154144e+01, 1.702342135229672e+02, 8.424420396968262e+01, 1.180661792525069e+02, -9.358921885673367e+01, 1.681444837319997e+02, -3.336454452836884e+01, 1.803858267596556e+02, 2.829186722892455e+02, -2.426171331011212e+00, 3.111741634379548e+01, -3.031829537846217e+01, -3.617419512358818e+01, 8.406357362087472e+01, -7.550248077831331e+01, -6.797271788644946e+01, 4.501877132887660e+01, -4.024332155157610e+01, -1.825170882689360e+01, -4.809849325104771e+01, -9.199132125870811e+00, -3.252533653074530e+01, -5.927522793372685e+01, -6.002719046500317e+00, 1.597966166030224e+01, -1.041953910997591e+01, 1.807350214373484e+01, -6.888533296694456e+01, 3.217435316812592e+01, 1.658901360003894e+01, -3.157091034409776e+01, -6.581810781408260e+00, 1.041250152130130e+01, 5.010306890739002e+00, -1.595013225035731e+00, 6.406825202080996e+00, 1.804810663397010e+01, -4.494196433822756e+00, -7.264924657291250e+00, 1.184089478252472e+01, -9.879873909257101e-01, 2.673433479055225e+01, -1.463059583358928e+01, -9.218899377372882e+00, 1.246019864893872e+01, 6.893254852491705e+00, -5.592909230718417e+00, 2.814521393811652e+00, 6.919860333661146e+00, -4.587573149401328e+00, -8.297281500443880e+00, 7.372560582172047e+00, 1.634060946099651e+00, -4.143494294875021e+00, 8.195050287576173e-01, -3.255425119307763e+01, 8.786611791970711e+01, -1.272875677508039e+03, 4.545355936824130e+02, 4.455605949909495e+02, -4.390444287302777e+02, -1.733390651980187e+02, 3.084196706405343e+02, 4.718762008785045e+01, 1.202638499902332e+02, 2.436648744480456e+02, -1.320136860762624e+02, -7.423694465625284e+00, -1.908103366268398e+01, -1.682384985171047e+01, 3.051506955076057e+00, 1.563688446453232e+02, 8.650946377748641e+00, -2.971759168208224e+01, 5.972028927284611e+01, 3.412123520156164e+01, -3.937935659514941e+01, 6.142449032231661e+01, -5.777518110047434e+00, -2.188754461876234e+01, 3.064180411493382e+01, 4.756003256802276e+01, 4.309700824762595e+00, -6.083310552131834e+00, 2.028528429774661e-01, -3.173147081611354e+01, -3.644378725372852e+01, -8.854183601992945e+00, -1.060220366899619e+01, -1.582472291376359e+01, -4.618328190455473e+00, -2.253549599630304e+01, -7.034044690658399e+00, -8.464159431423068e+00, -1.581019047124625e+01, -1.518217445576282e+01, 3.643053190002980e+00, -1.209366970365832e+00, -6.179085998958772e-01, 1.735620399999072e+01, 2.794696203395331e+01, -1.488447837252077e-01, 5.566619285414562e+00, 8.287964526758850e+00, 5.308792502961272e+00, 4.551180693992581e+00, 1.324216449537601e+00, 6.674031173311687e+00, 5.728345390577077e+00, 8.140836630196072e+00, -1.472907349346124e+00, 1.801498882283811e+00, 1.265687314390959e+00, -9.593241800109581e+00, -2.441067553529353e+00, 7.165567169356034e-01, 2.268219070639651e+01, -2.654114266089676e+01, 7.699673880211026e+02, -5.824803961772599e+02, -6.848625886798608e+01, -1.761300498716804e+02, 3.467162750803593e+01, -1.561317726953866e+02, 2.050544828368040e+02, -9.932369052788889e+01, -9.926967865074944e+00, 4.933854156604129e+01, 5.112914164085244e+01, -6.770570398125388e+01, 2.660680987679566e+00, 1.630634291381410e+01, -1.347040091796688e+02, 7.701573852025921e+01, 4.881726463838842e+01, 1.674174697602798e+01, 3.810791296816596e+01, 3.082950553293221e+01, 2.579648154376237e+00, 2.067488684485680e+01, -1.696255765770730e+01, -1.997726387973044e+01, -9.269797913825700e+00, -6.181139325552691e+00, -4.126174184592625e+00, -1.433292345652040e+00, 4.708239138297536e+01, -5.069582954081949e+00, -1.735974043982403e+01, -9.419339318178238e+00, -1.054110711669838e+01, 3.891459617819146e+00, -4.699106922756705e+00, -8.388676206176755e-01, 6.806151680673125e+00, 4.154132982376155e+00, 1.774942652189609e+00, 2.408319489744950e+00, -4.514063174046220e+00, -1.182338087591601e-01, -1.306846989184778e+01, -1.882937369082253e+00, 1.147143556806998e+01, 3.353494014360995e+00, 3.541828477886261e-01, -4.906823076190514e+00, 1.577439309806040e+00, -1.188144128284532e+00, -3.947261255542104e+00, -1.869558702126289e+00, -1.549847573022655e-01, -2.160286549610649e-01, -5.671085896291312e-02, -1.232786644707605e-01, 5.766120120130644e+00, -1.525917279284450e+00, -3.866973344918470e+00, -2.374574093981590e-01, -5.463897788836329e+00, -2.999935323294202e+00, 3.099926697739676e+02, 1.820131067634837e+02, 9.914118179302461e+00, 3.294363199517379e+01, 2.669202733864891e+01, 4.502505199086732e-01, -1.315599833891668e+02, 1.656571724857872e+02, -8.084400344423469e+01, 1.054954955293472e+02, -3.120752187122248e+01, 4.239400011781389e+01, -3.254817300988712e+00, 9.056258336556249e+00, -6.285841031391909e+01, -3.740590980199325e+01, -3.378487689327543e+01, -1.520787987755993e+00, 6.318249173897275e+00, 4.548164046211875e+00, -9.289185198675208e-01, -3.226818959468213e+01, 1.380087442149753e+01, -1.290409682783191e+01, -5.192827243585983e+00, -7.777431713910075e+00, -1.987742327423305e+00, 2.450289144091058e+00, 5.040100428064826e+00, -5.213626357674084e+00, 5.077368657648586e+00, 5.661156037746879e+00, -1.180912931443507e+00, -2.248146033821182e+00, 3.329737153872331e+00, 4.182254491808393e+00, -5.112875968483651e+00, 2.155045024211885e+00, 5.114226567568998e+00, 1.788094115289520e+00, -8.528592559745702e-01, 2.390261141720753e-01, 7.589118051160842e+00, 3.310129985838830e+00, 2.432816383048962e+00, -6.172137435487883e+00, -2.310076937765845e+00, -5.966820098932473e-01, -2.039355870126642e+00, 1.420842590098130e+00, 1.994681526750570e+00, -1.680600828972791e-02, -3.517305365261087e+00, -7.311432498749875e-01, 2.511205799959904e-01, -1.078941120218242e+00, -1.787942450036149e+01, -3.051597973369780e+00, -9.818491290014187e+00, 2.211074144717776e+00, 5.158159353939112e-01, 4.269034150390400e-02, -7.399526760266046e+01, 3.567405939655233e+02, -1.072021043498512e+02, 6.798847810388202e+01, 2.708565848631327e+02, -1.352919668005918e+02, 5.101637238592337e+01, -2.072974079159016e+01, -8.078464785961182e+01, -8.264650025141496e+00, 7.818415411060305e+01, -1.235975644578348e+02, -3.374563085074716e-01, 3.510788564954322e-01, 8.572815923846070e-01, -3.683598640096609e+01, -2.029334807182774e+01, 1.385367329272619e+01, -1.863524395207616e+01, 2.617555609930182e+01, -4.943187986712362e+00, -1.839992191362136e+00, -3.807448288893425e+00, -9.779992728925571e+00, -8.930943904475889e+00, 2.698886479580286e+01, 8.198460561193862e-01, 2.030313899716868e-01, -2.726002588740298e-01, -7.787337596679750e+00, -2.770138024916893e+00, -1.116257448855528e+01, -3.526604010456642e+00, 1.825215567457535e+00, -8.900659931961621e-02, -1.589833957926538e+00, 7.105061279930074e-01, 1.069770571376701e-01, -7.708262062606980e-01, -4.424325145203571e+00, -2.041818741562437e-01, 8.301349130669188e-02, -1.378670532571721e-01, -2.056329754257156e+00, 2.748456523737661e+00, 3.639759064672437e+00, 2.036037978010223e-01, -2.845060835301102e+00, 1.395497269460412e-01, 1.123271295900958e+00, -2.013260993111261e-01, -5.629361753716671e-01, -2.441504628887535e-02, 3.881777333292643e-01, 1.180833517039070e-01, -2.283271136210121e-01, -2.859740240272697e-01, -1.150357583978493e+01, -9.411677933862716e+00, -5.540869761935632e+00, 3.719835832934697e-01, 1.372182390446033e+00, -1.363777742479717e-01, 5.497314039262291e+00, 1.865635288053389e+01, 1.084003679327049e+02, -2.968997762363441e+01, 9.404220379747129e+01, 6.384418753339887e+01, 1.586791118776721e+01, 8.481011256093751e+01, 5.192526762738537e+01, -4.129030044286360e+01, -9.346139032159374e+01, 1.596368017450668e+01, -2.537298328241354e+01, 4.086207914055204e+00, 8.243388177252937e-01, -7.529236710828044e+00, -8.807814323975954e+00, 3.902743574965305e+01, -1.132598377164392e+01, 7.209575123923283e-01, 2.299177619443063e+01, -8.629470981918924e+00, -1.844203072563252e+00, 4.342890370998494e+00, 6.604641827168373e+00, -3.851131462984384e+00, 4.577486693767835e+00, -6.735229868212159e+00, 9.273437995147387e-03, -4.743660161971397e-01, 5.955419931663463e+00, -2.421151452928019e+01, 6.805918777103919e+00, -4.249592961473039e+00, -3.235606930524679e+00, 6.453506414111372e-01, -1.184557778770562e-01, -1.676412743343094e+00, -1.530218407674573e+00, 6.276461670862911e-01, 3.367577381087140e-01, 1.573046551266367e+00, -1.023546909005956e-01, 1.154617214714458e-01, -7.831372867424895e+00, 1.112019931442741e+01, -6.971258766271356e+00, 1.644471764210838e+00, 1.418121243277431e+00, -1.188488157408780e-01, 1.817901159739334e-02, 2.432101262697376e-02, -2.329642823583064e-01, -9.475790524954951e-01, -1.579592060416792e-01, -1.682157213989630e-01, -1.799143407979430e-01, -1.589182973167763e-03, -3.200294022697486e+00, -6.786562234935194e+00, -4.188625795631935e-01, -2.579916013891035e+00, -4.279550878391229e-02, -6.840772823575736e-01, -2.600171639898367e-01, -5.537715717929679e+00, -3.004527878530417e+01, 7.934874398290773e+01, -2.004912229019665e+02, 2.213810621811007e+02, 3.781702416382494e+01, 1.321611113893444e+01, 3.710096887105328e+01, -7.233542622655307e+01, -7.904735505883714e+01, 6.763042973119922e+00, 2.429005112638927e+01, -4.517944102836833e+01, -1.068853498977701e+01, -5.608710167548626e-01, -3.336668037522022e+00, -3.412053533322069e+01, 1.734430146848528e+01, -5.126884830018371e+01, -2.493017429302435e+00, -2.008570476607093e+00, -2.532932474023197e+00, -4.575326800068383e+00, -2.951523994618532e+00, -9.873294799245901e+00, 2.438222894425234e+00, 3.465780195102709e+00, -2.701152239723445e-01, 1.230628426878053e-01, -2.591409585932691e-01, 6.878726934120460e+00, 7.410218226214487e-01, 6.998427793977068e+00, 3.845730515577215e-01, 1.887741163601517e+00, 6.100196429662129e-02, 4.897523821402848e-01, -1.343723739558511e-01, -5.754980161296435e-02, -1.898934241168009e+00, 7.833473928289602e-01, 4.142628781591923e-01, 2.393742124161079e-01, 6.877799667941110e-02, 2.418995556973167e-02, 4.474220120825302e-01, -1.315939080648344e+00, -1.468643860010459e-02, 2.735007401058245e-01, 2.300007128121854e-01, 4.574201299110083e-01, -2.498706132039014e-01, -6.696105862132441e-01, -1.114774136158091e-01, 6.361384824204239e-02, 1.593219709880142e-01, 2.153943052299035e-01, 1.861785076675685e-01, -7.377419899029868e+00, -2.063849684679393e-01, -1.002448563577936e+00, -4.734603556656053e-02, -1.338711854032937e+00, -1.265738555779769e-01, -2.785818789159669e-01, 2.336516711598780e-01, -4.556110372579997e+00, 1.353697040666932e+02, -2.405508299263506e+02, -2.041466977156307e+02, 3.403091232664522e+01, -1.018331003405803e+02, -9.800006883183349e+01, 3.354807783372370e+01, 7.253017475177940e+01, -7.761590612677681e+01, -1.780531893486802e+01, -5.632581618376553e+01, 3.152273283799424e+01, -1.100411768466852e+01, -1.730665071459969e+00, -7.746051473810555e+00, -5.658291197787324e+00, 3.310306143492982e+01, -2.726906888702919e+01, 2.170002786448118e+00, 8.226054922542216e+00, -1.280342679232338e+00, -4.762408244062837e+00, 6.412517318145210e+00, 2.913332920896410e+00, 9.213596565425563e+00, -6.492166040576606e-01, 1.493699670806633e+00, -6.836199855959476e-01, 2.233674853863367e-01, 1.059030014736035e+01, -8.173466349468745e+00, 5.965724004844335e+00, 1.137333659832978e+00, -2.619188933623685e-01, 2.986512953403970e-01, -8.292300692864514e-01, -1.120968788002010e+00, -1.291185486597815e+00, 4.722125738474937e-01, -2.226788085322191e+00, -5.391721201248703e-01, 8.724383996777114e-03, 9.209412263452360e-02, -2.873503580491109e+00, 3.441282140881725e+00, -2.014227187678298e+00, -1.615189458725251e+00, -1.087257251623418e+00, 4.379033988878894e-01, 2.513635904053150e-01, -9.175606347466499e-02, 5.919861501991602e-01, -1.673369938882331e+00, 1.034493319500876e+00, -1.435471419774695e-01, 3.369549985418375e-01, -6.138426559029046e-02, -3.066409306076574e+00, -6.100676813775880e+00, -4.064352995611178e+00, 7.609812499489097e-01, -1.377771508762009e+00, -5.917362422106691e-01, 3.229166320110369e-01, 2.224923060364112e-01, -3.648909568554837e-01, -2.585513539765301e+00, -1.778843879482837e+01, -2.516369823867401e+02, -2.367967483362479e+01, 9.360125236208530e+00, -1.696157029062913e+02, -6.991911876503580e+01, -8.705736943422802e+01, -1.334160019176575e+01, 6.687347962722566e+01, 4.618434970152330e+01, -4.539321182939167e+01, 8.853246676569018e+00, 7.679682700740283e+00, -6.258372622237117e-02, 9.133939040931827e-01, 8.864454590858754e+00, -2.467290906446646e+01, -2.185767366553126e+01, 1.042700728960370e+01, 9.665741489481665e+00, 1.117626775241030e+01, 1.093957641677542e+01, -1.553619763697077e+00, -5.265334939215453e+00, 9.673690339316281e+00, 1.524531923832023e+00, -7.036369349962145e+00, -7.127234930180155e-02, 3.970136351168436e-01, 1.212555063028672e+01, 1.104965530033375e+01, 8.106855444894308e+00, 4.855973734696212e-01, 8.704607589911113e-02, 7.627449099082509e-01, -2.535557322945852e+00, -7.854994473566232e-01, 1.878482037033605e+00, -2.978053250938048e-01, 9.964654798088302e-01, 1.424491434525503e+00, 3.483532090291905e-02, -1.214134223882534e-01, -9.084031318159960e+00, -3.782005246191784e+00, -3.157391224906404e+00, -1.761877790512568e+00, -9.700502052992892e-01, -8.294932315777724e-01, 7.244034984196451e-01, -5.640535403228525e-01, -1.079331994779084e+00, -3.127823880426862e-01, -9.541994548424403e-01, -2.329300773820547e-01, 1.637267452228089e-01, 4.073634795426276e-01, 2.511357965217534e+00, -3.543407176837932e+00, -1.501069043624588e+00, 6.799779074950354e-02, 2.385865257994959e-01, 3.479136964777405e-01, -1.240767861928779e-01, 3.678724792902116e-01, 9.360410461997147e-01, 6.589275357281292e-02, -3.374570516542440e+00, -1.029946431796836e+02, 2.080036479852050e+02, 8.689589756805198e+01, 1.751424266130808e+02, -2.864711437319601e+01, 6.388562956094640e+01, 1.036124100450791e+02, 4.845159473824913e+01, 3.688326772256240e+01, -3.445798162050455e+01, -4.783181496016113e+00, -3.906092493195942e+01, 1.458317988731891e+01, -2.123861645578970e-02, 3.028436148987992e+00, 7.434070249219554e+00, -7.931848902280770e+00, 3.474501266533655e-01, -1.327710036390055e+00, -1.881870246771314e+01, -1.499284043945310e+01, -3.505332824695718e+00, -8.271862803090395e+00, 2.857850332117865e+00, 9.610488540943214e+00, 5.818608429828267e-01, -2.551563808932163e+00, 3.796244819059768e-01, -2.010098727410869e-02, -1.594180431348903e+01, 1.006387416635361e+00, -4.979850158637448e+00, -8.779285260306051e-01, 6.592386592486572e-01, -1.479142335800201e+00, -1.709088656129209e+00, 1.202115118123339e+00, -6.005720960756210e-01, -2.779019768975784e+00, -4.944795090883888e-01, 4.950039055705426e-02, 2.095406908581658e-01, 1.247664005159421e-01, 1.136992991446033e+01, -1.408556887746039e+00, 2.534469799386046e+00, 2.124594724262585e+00, 9.859238788941566e-01, 9.473128463271577e-01, 9.516419051720991e-01, 3.408009211659191e-01, -4.760995523045982e-01, 1.561878694606312e-01, 9.973355260139994e-01, 7.281971276549080e-02, 3.178504350553561e-02, -4.681985549396203e-02, -5.981031352652034e+00, 2.822208769243630e+00, -4.344901893749766e+00, 6.509470806849017e-02, 9.604387322579123e-01, -3.922889175963838e-01, -3.431295517575634e-01, -4.185880998280366e-01, -2.178993058717967e-01, 3.302201784484490e-01, -4.735365152075666e-01, -2.063913952531935e+00, 9.450526242501075e+00, 4.774706185527424e+00, 9.390787099560183e+01, -1.159887533529247e+01, 2.795705122425030e+01, 1.968796907687873e+01, 5.055528790073316e+01, 4.896816283950103e+01, -3.660466186272065e+01, -7.420744956263941e+01, -2.118566201031605e+01, -3.167270798460556e+01, -1.516181684589898e+01, -2.414800714996224e-01, -3.121272315841443e+00, -3.161215233805264e+00, 1.110996060592281e+00, 9.094466499677816e+00, -1.679331517526197e+00, 9.963933504912048e-01, -4.891184426879310e+00, -6.856212251153482e+00, 7.656001661214940e-01, 4.265600900607321e+00, 1.109021061030353e+00, 4.445132141697213e+00, 1.846157496553710e+00, 1.331559535195580e-01, -1.816698156052127e-01, 6.051775466458552e-01, -5.682960789893872e-01, -4.034990525156696e+00, 2.411953333493770e-01, -2.649502431436319e+00, -4.465753828941904e-01, -2.333998648631646e-01, 7.139999622281040e-02, -4.442007479930293e-01, -7.907776243873429e-01, -5.523449305158296e-01, -1.547215567398731e-02, 1.212071638370659e-01, -7.743009723273744e-02, 4.406738972506345e+00, -3.461081754937516e-01, 9.624170726712701e-01, -5.388229000510292e-02, 1.541666463415633e+00, 1.034547998426107e-01, 1.187855757271658e-01, -3.578272851561421e-02, -3.684459324122116e-01, 3.954933077500234e-01, 3.414498942137564e-01, -1.630292721131157e-01, -8.359097731171027e-02, -1.048244357671967e-01, 2.312511728888003e+00, 2.012741936216486e+00, 1.712115528265841e-01, 4.031238254823416e-01, -3.092630462351794e-01, 1.009302934086149e-01, -2.796482979917276e-01, -2.596050466535819e-01, 1.138259784390083e-01, -3.324249599239970e-01, -1.249152387546242e-01, 1.799394751255619e-01, -3.684878943010140e-01, 8.563036540982097e+00, 7.198506407423956e+01, -2.834349201901480e+01, -3.782281104885201e+01, 2.874190306376939e+00, 4.471158448211901e+01, -3.950595708401295e+01, -2.966423576286273e+00, -2.154011773361846e+01, 3.794984147380256e+01, 7.258978809687684e+00, -1.811898032087079e+01, 1.299434843552097e+00, -2.765292945963457e-01, 5.083008121416771e-01, 2.842536484313510e+01, -2.395416680378203e+01, -3.247743409032327e+00, 5.920525264577992e-01, 9.651204357525279e-01, -2.163492926089859e+00, -2.783745377701675e+00, -3.434805627956266e+00, 1.269625234204772e+00, 4.006617067564862e+00, -4.625633658169241e+00, -1.358031423572985e+00, -1.675218634785745e-01, 4.607274657121452e-03, -7.747453728828467e-01, -3.086582767915611e+00, -3.045683187726566e+00, -1.834792702723206e-01, 7.233783286474642e-01, -1.978055691987517e-01, 1.667631184763124e-01, -6.075467012643341e-01, -1.323081551072974e+00, 1.017944678758128e-02, -6.949086808901804e-01, -3.565983930174392e-01, -1.163321671667298e-01, -2.727656244663212e-02, -1.280282521283061e+00, 5.437575566380750e+00, -1.581871787197768e+00, 6.738139676016115e-01, 9.619714135610966e-01, 1.599260897084169e-01, 3.272706833392826e-01, -6.082320741102101e-02, -1.793088874689918e-01, -4.982662732817733e-01, -3.907357682094308e-02, -1.840614353356040e-01, 1.335112828437063e-02, 7.615451178912130e-02, -1.776670636111026e+00, -5.207576388792824e+00, 5.841795820727247e+00, -1.092401293320486e+00, 1.940924635655421e-01, 1.125905298715454e-01, 1.202127209132828e-01, -8.206627627401804e-02, 3.083949992648534e-01, -8.706054880788735e-01, 6.705950154160326e-01, 1.984930051601662e-01, 5.348026624001652e-02, 8.294834810269469e-02, -6.315340490906858e-01, -3.186410330265856e+01, 2.181495209897724e+01, 1.915166487355434e+01, -2.950439208644040e+01, 3.543186368668052e+00, 1.416089972686817e+01, 7.886281229287367e+00, -1.109756312359505e+00, -8.107284528117265e+00, -1.511894215261355e+01, 1.845746462921391e+00, -2.603406474529868e-01, -3.947511967439179e-02, -5.755537738279760e-02, 2.091087954796421e-01, -7.912923408557635e-01, -1.023744654377648e+00, 1.075718263397274e+00, -1.974747477723109e-02, 3.820201981908077e-01, -9.250157100132117e-01, 2.662998762904651e-01, 1.770808541385044e-01, -2.932754195532266e-01, -1.789052998022813e+00, -1.051272238565048e+00, -3.892946659812897e-02, -5.069870923413965e-02, -5.468663057230794e-01, 2.853132300504033e+00, 4.013957090764833e-01, -6.358726672176297e-02, -2.496249544692555e-01, -2.664843497506188e-01, -1.724701522578889e-02, -1.340127397562152e-01, -1.122714834247895e-01, 7.849476296154616e-02, 4.905036774846046e-01, 3.477509942084396e-01, -2.640080008303035e-02, -3.654649803993466e-02, -5.210202417903094e-01, -9.866555751658254e-01, 6.845411482910511e-01, 9.989288791920220e-02, -1.257402166600987e-01, 1.247767559079409e-02, 8.329845716875639e-02, 1.119906692441514e-02, 1.722155105928728e-01, 1.145158038615595e-01, 2.705706213819865e-01, 5.960740458469024e-02, 2.816490713338594e-02, 2.297994663483138e-02, 3.670412443428119e+00, 1.396813463434733e-01, -1.116467320637248e+00, 3.778582109474689e-02, -2.629838186773150e-02, -6.168590251580217e-02, -2.348003878964577e-02, 6.966281285534669e-02, -1.864646155525954e-02, 1.544269702455972e-01, -3.987846735041180e-01, -1.579991434007368e-01, 1.232736502594649e-04, 2.470360259836761e-03, -8.413000584283013e+01, 6.876935373258797e+01, 6.112855809035108e+02, 3.225152168286859e+02, 4.520718533969215e+02, -2.661925842572409e+02, -2.243096216696870e+02, 4.720749008808039e+02, 4.013665226602484e+02, 1.039546315799774e+02, 1.100954384254509e+02, 6.033591930806396e+01, 1.437720712837479e+02, -1.723970223837221e+02, -2.728539393983323e+01, 4.236962272880064e+01, 5.788659878732124e+00, 7.406600531763006e+01, -2.184224920510944e+01, 6.649260138977403e+00, 2.892380709982243e+01, -1.041161309298672e+02, -4.027826620193941e+01, 1.928053441144868e+01, 3.573105254279667e+00, 1.420955084639255e+01, -5.255835979632262e+01, 3.821877082799342e+01, -2.668063343295030e+00, -6.429388454852748e+00, -1.428590272665068e+01, -2.517044772211620e+01, 7.172787461384711e+00, -8.034074644695149e+00, -1.206548440710718e+01, 2.163253984286537e+01, -4.079210235000987e-01, -8.131066120115046e+00, -2.687089929081600e+00, -6.002867251809765e+00, 1.331697512837744e+01, -1.124464921165621e+01, 4.539787622364750e+00, 2.893739754619375e+00, 9.513927036026192e+00, 9.687452968528110e+00, -4.977914822875101e+00, 3.755990096088700e+00, 2.576350113761519e+00, -8.738081833781484e+00, 2.727058122380884e-01, 8.363023864705529e-01, -9.271882762048880e-01, 7.742754644900555e-01, -2.223680237719435e+00, 4.415339724848536e+00, 2.836219076621453e+00, -5.952844598735666e-01, 3.447453144576109e+00, -6.701342681616111e-01, 5.045041036378026e-01, -3.455180862042923e+00, 1.051459814259036e+00, 5.373799312065723e+00, 1.526378638706331e+00, 1.700766721923266e+00, 1.259404625288169e+00, 1.029306051028771e+00, -2.913695681925464e-01, -1.833851857576966e+00, -2.220228908284818e+00, 2.215017615302970e-01, -5.519839611139316e-01, 1.994139710489489e-01, 3.198551784792886e+02, 5.551510639411380e+02, 2.213641820518049e+02, 2.204749556489629e+02, -8.531306500226398e+00, 2.527350689682674e+01, 1.157669174203869e+02, 1.553968855289021e+02, -9.691909502438274e+01, 1.231179920224126e+02, 1.194453200163480e+02, 2.405536416534773e+01, -8.110564557197918e+01, -9.831844449594755e+00, -2.169810445067899e+01, -7.882932042968253e+01, 1.396773895130789e+01, -9.784266583837038e+00, -3.466573303559029e+01, -1.565639919768815e+01, -2.967849905247056e+01, -2.010539133838738e+01, 6.423945757431092e+01, -5.308741362072033e+00, -1.195018437696594e+01, -2.240182563953264e+01, 1.778472778457335e+01, -7.272672391767619e+00, 3.698138244653867e+00, 2.063595784131399e+01, -8.597936937359027e+00, 4.832193004849292e+00, 9.459225620442012e+00, 2.337200923547965e+00, 8.237179658934140e+00, 1.953543171436396e+00, -2.112219558684136e+01, 2.421557059487941e+00, 4.077205942934618e+00, 5.489914353678707e+00, -6.451893591896257e+00, -2.206335206827737e+00, 2.493610326579414e+00, -5.858015337178892e+00, 4.382574386328423e+00, -2.365158423198380e+00, -3.440725969823019e+00, -5.447013752739497e-01, -3.531379823603677e+00, -4.120149020488071e-01, 6.459659243039856e+00, -2.353778984861128e+00, -2.508194160615568e+00, -8.201238713468126e-01, 3.063929566642021e+00, 4.045038670609614e+00, -1.535906853634712e+00, 4.259050808479190e+00, -5.249327276303355e+00, -6.807261953740530e-01, 4.485278963933039e+00, 1.766679827648280e+00, 2.840292688977579e+00, 7.327039617576107e-02, -1.740373898409763e+00, 1.547110497561722e+00, 1.520345798166067e+00, -1.916200440657288e-01, -9.061983902633977e-01, 3.339961793809071e-01, -2.421502866054853e-01, -7.057381853704734e-01, 1.130428046406626e-01, 4.045056991396933e+00, 2.850131856222287e+02, 2.492483987865497e+02, 3.069299750943214e+02, -2.864194997614338e+01, 9.128998671178404e+01, 6.234111571451113e+01, 1.634256779889028e+01, 7.825976772308576e+01, -8.891820232550447e+01, -5.018679685605137e+01, 4.614352810338351e+01, 9.254741252988023e+00, -8.326461213221195e+01, -3.939184000669569e+00, -1.376164097770290e+01, -5.301998758780381e+01, -8.002979876217726e+01, -9.323973692880699e+00, -1.200384150774670e+01, -9.494986117380712e-01, -1.523449629734000e+00, -2.380104309064799e+01, 1.589766309305700e+01, 6.760292079873104e-01, -1.334230997985620e+01, -4.645898946703324e+00, 1.159386320070828e+01, 6.086278059394135e-01, -1.529831454316837e+00, 1.881368983852042e+01, 2.439908621922380e+01, 5.931662239314236e+00, 1.593540143744546e+00, 3.452748868880443e+00, 4.408942082556586e+00, 9.186011369301575e+00, -7.980796731161208e-01, 4.640542569547928e+00, 5.722784296293955e+00, 1.641398168814931e+00, -1.421009309291890e+00, 2.401802807845701e+00, 2.730088894198551e+00, -7.351449040846997e+00, -7.187271363629089e+00, -9.883355986917266e-01, -6.039760025736148e-01, -2.514095339952648e+00, -2.116926008351182e+00, -2.165784986910488e+00, 9.531087893924157e-01, -1.679855040069442e+00, -1.440746450947084e+00, -1.521617028507453e+00, -2.178258889369019e-01, 8.033611931433016e-01, -1.823706714484390e+00, 5.273963306963911e-01, -1.146528907929189e+00, -3.791065194136101e+00, 2.972345440112346e+00, 4.013201495994156e+00, 2.559261857118362e+00, 1.790623991442656e+00, 4.291722559135425e-01, 1.297952710072555e+00, 1.287658347528571e+00, 4.903667604351519e-01, 3.854069609763280e-02, 1.036674924782836e+00, -3.968977397460827e-01, 6.700040156720192e-01, 6.631473909360006e-02, 1.034606771560050e-01, 1.747781372801132e+01, -1.232463962724578e+02, 9.839669490990788e+01, -6.046166132787858e+00, 4.835568733702364e+01, -8.382386151258193e+01, -1.062697919524467e+01, -5.031177344335668e+01, 1.289910629487367e+01, 1.034963610002571e+02, -5.056401449466574e+01, 2.084209736609686e+01, -2.201814981442445e+01, -3.687699004870456e+01, 5.701167409449671e+00, 5.541998492527858e+00, -1.728586924278585e+01, -2.979143507048024e-01, -3.681653182293033e+00, 5.901545079305482e-01, -1.452588684498410e+01, 9.481875963787997e+00, -5.498685205155345e+00, -1.222302387992743e+01, 2.856542170397708e+01, 9.302803713639038e+00, -9.499676539789502e-02, 8.543620357932545e+00, 1.165192759613661e+00, -1.708189644099978e+00, -5.811410787798238e-01, 2.989582865156970e+00, 1.662753514819919e+00, 1.892033603064489e+00, 2.293312934636046e+00, -4.250338194111024e+00, 2.340556296393904e+00, 2.057140791467649e+00, -8.579428875625647e+00, -3.337267431014801e+00, -1.668192262488578e-01, -1.932912130549225e+00, -2.652666915276827e-01, -4.081753088309736e-01, -3.150958016886555e+00, -4.572842666651948e+00, -3.359946980458293e+00, 7.491107792876578e-01, 1.512684859794856e+00, 2.543728723331369e+00, -9.878377340931087e-01, -8.931066769139601e-01, 2.015844185814527e+00, 4.502664589743617e-01, 6.343151523451838e-01, 6.121810884446759e-01, -3.462777594733211e-02, 5.535254480315195e-01, 1.243723797819626e+00, 6.124972511937970e+00, 4.473060629961697e+00, -7.864622232974100e-01, -1.405275881548979e+00, -9.425968783711711e-01, 8.365763833639460e-01, 6.911880692225981e-01, -1.303247889696635e-01, 2.849350940593099e-01, -4.553071592454332e-01, -1.813322713310853e-01, -6.136725443250615e-01, 1.802638706413141e-01, 1.048262640148727e+00, -3.906593816803502e-01, -3.328059758080313e-01, 5.913528805726170e-02, 3.343489021287877e+01, -3.358801063914719e+01, -6.676134274975635e+01, 7.321425517749074e+01, -3.688697769948087e+01, -1.211127195750635e+01, -5.070697308652642e+01, 3.404545436085195e+01, 6.322251063133207e+01, 2.540979856320884e+01, 4.838265501430307e+01, -4.222018395604255e+01, 4.367259116558539e+01, -1.134373108040645e+01, 5.582559684170334e+00, -1.283687995075102e+01, 8.428646090061209e+00, -2.799060990839495e+01, 1.289577553425895e+01, -4.329752377895605e+00, 2.670251542530306e+00, -6.732056710695425e+00, -4.868687856156900e+00, 5.155153762703234e-01, -5.687752516796192e+00, 1.448682458195908e+01, -5.870452862783135e+00, 4.914950954141553e+00, -3.786684412821195e-01, 4.637249972317291e-02, -2.717065218938040e+00, 8.898642969702870e+00, -3.381342808375317e+00, 2.349615844372667e+00, -5.765362857509670e-01, 4.264044018542257e-01, -1.512955117273393e+00, -5.587493267274485e-01, 1.132463503109167e+00, -4.318195723031815e+00, -4.679150934950259e-01, -1.932271276573118e+00, -1.097602437676951e+00, -3.240211872908603e-01, -2.039398822477675e+00, -5.078086383364637e+00, -7.081882817384334e-01, -4.549905431472064e-02, 1.141608386246211e+00, 2.205301655789804e-01, 9.272429880305449e-01, -5.836389735549996e-01, -9.721552395071994e-01, 9.373894748378138e-01, 1.195786870722435e+00, 8.955934377369918e-01, -9.072542707545093e-02, 4.911370671118053e-01, 2.980700195802733e+00, 4.103402250126775e+00, 2.257567758108873e+00, 2.205584054590915e-01, -7.205299924894993e-01, -5.190865639590090e-01, -1.022126004334448e+00, 2.867054734623753e-01, 5.744797769701694e-01, -4.559026118620772e-01, -4.765942906781061e-01, -1.641301186714529e-01, -5.984023816458942e-02, 2.888432332524401e-02, 5.060544345243239e-01, -5.582024353125185e-01, -1.245895790518761e+00, 3.783079282346678e-01, 1.773623098662161e-01, 4.720005917202615e+00, -1.014327415481063e+01, 1.456187205450158e+02, -6.257290972813917e-01, 1.259574985761919e+02, -4.109662155151782e+01, 2.528318315022757e+01, 1.153156991683720e+01, 4.707817987701406e+01, 2.975654917034247e+01, 4.463924876368858e+00, 2.755729929329731e+01, 8.274558689679536e+00, -1.612939576658762e+01, 9.408811529631432e-01, -2.880405071981317e+00, -3.056859839868752e+01, 4.466134147659935e+00, -1.701432780483141e+01, -5.581643368390018e+00, -6.075599776450532e+00, -2.547406316271985e+00, -3.482699584446956e+00, 1.415614273189528e+00, 5.222272354038728e+00, -1.426011981457816e+00, -4.983740877916575e+00, 1.851544243480366e+00, 2.752258216675433e-01, -1.777877164375670e-01, 9.922993395558747e+00, 3.473166622395279e+00, 6.180054365506647e+00, 1.596188744107254e+00, -1.935436299063535e+00, -4.136146090293930e-01, 6.196994786670841e-01, 2.238300700689878e-01, -2.091209135603564e-01, 9.010683852289798e-01, 9.859933450030148e-01, -3.426400153277264e-01, 7.785972247909735e-02, 8.677427754924312e-02, -5.006364282748256e+00, -3.026754699542606e+00, -2.484316411514099e+00, -1.414108388772054e-01, 1.406967090842462e+00, 1.415567859137921e-01, -5.246541626550323e-01, -4.664439356192213e-01, -2.626254257544396e-01, -3.410446508816591e-01, -1.397119380874445e-01, 1.312675202012150e-01, -2.247789445974692e-01, -1.360383056570965e-01, 3.380400600541436e+00, 3.073239840141080e+00, 1.696090836015286e+00, 6.177267514987379e-01, -8.752662752283820e-01, -1.678827181910930e-01, 3.128474175261253e-01, 3.149061546334136e-01, 1.499923599194179e-01, 1.088496177677439e-01, 2.441678086312665e-02, 5.749710769949137e-03, 2.094100263359303e-01, -1.609383869957318e-02, 1.418425777039959e-01, -6.241404859836381e-01, -7.916046808488388e-01, 4.507404683628972e-02, 4.785965389359883e-01, 1.454221506858047e-01, 2.983537607205094e+00, -8.436565595540657e+01, 3.724730081221304e+01, 1.084008730260273e+02, 6.991699032062591e+01, -5.097739622841664e+01, -3.392233887297560e+01, -1.871307842597734e+01, 1.285855521023670e+01, 4.716306709741981e+01, 3.095137624399415e+01, 2.297445063553744e+01, -3.777595645163789e+01, -4.177668222147344e+00, -5.308828893917616e-02, 3.936750353726697e+00, 4.847809149333468e+00, -2.535562170298977e+01, 4.911058262181458e+00, -1.195276030032879e+00, -3.469004584959396e+00, 2.009023292176014e-02, -1.660741902096054e+00, -3.944847742056023e+00, 2.208434608819175e+00, 3.432648004153017e+00, 1.687551752933601e+00, -1.385964920885815e+00, -5.012124075142731e-01, 2.239877423009108e-01, -5.246465966211651e-01, 9.651562498336604e+00, -8.557944956949362e-01, 3.464946980921764e-01, -9.257187942945504e-02, 3.789940915611215e-02, 1.503078488354036e-01, 8.635463566373881e-01, -6.773669320784008e-01, -1.297831834089442e+00, 2.366944943306307e-02, 7.353382559934646e-01, -3.815475867531072e-01, -1.296781023559848e-01, -1.084666222750323e+00, -3.952719665394608e+00, 2.917119063907426e-01, -3.754238469874612e-01, -4.596597973727091e-01, -3.623196885590060e-01, -3.613373675726360e-01, -4.547976686717952e-01, 3.186996466835585e-02, 5.001628905256803e-01, -6.671146044959486e-02, -3.790793073955710e-01, 2.258671056492116e-01, 5.772002227051935e-02, 2.437395682957906e+00, 1.776890503145587e+00, 8.488167989281060e-01, 7.289866898974033e-01, -2.554751404234079e-01, 9.765868977206264e-02, -1.189314279808001e-01, 2.611321185044925e-01, -1.239644185776962e-01, -2.430226358133313e-01, 1.319292922147373e-01, 2.448266737614415e-01, 2.127245564875725e-02, -8.026506894195633e-02, -1.643394251806429e-01, 2.938042094287923e-01, -7.329864984151240e-01, -1.099106533734270e-01, 5.768164264300523e-01, 5.526708005019399e-02, 1.366822601570114e-01, 1.639470825220147e+00, -3.883496222061994e+01, -6.750488603448392e+01, 6.906854498487832e+01, -1.927221109938679e+01, -5.801837545014789e+01, -5.958461790698161e+00, 6.021293009360392e+00, 2.138622082033087e+01, 2.322956462872605e+01, 3.634264252993361e+01, -1.747759295718541e+01, 1.903033851806824e+00, 8.400500358880668e+00, 1.878502556777073e-01, -2.134179949101295e+00, 3.081690166183442e+01, -8.948395480397766e+00, 1.344935946870070e+01, -1.077112905653106e-01, -1.882772446502501e+00, -1.370782779182246e+00, 6.900987887870604e-01, 2.044541775487794e+00, -2.239352920909485e+00, 6.575825378868861e+00, -2.055049267396540e+00, -1.793575539841274e+00, -6.473937672190572e-02, 6.113320441921400e-01, -6.601066178505165e+00, 4.600875943614399e+00, -1.464309148876016e-01, 1.249194028846215e-01, -1.506300230135487e+00, -4.103832305403268e-01, -1.784640975481515e-01, -1.861486184802734e-01, 8.589726383317249e-01, -9.918148941105540e-01, 1.768312337088862e-01, 1.285853105831133e-01, -1.160962604959304e-01, 3.742457018963399e-02, 7.310645301413119e-01, -2.747790666559859e+00, -8.025681050031740e-01, 2.147086102393310e-02, 5.864385437997492e-01, 1.184072740705140e-01, -1.196181977068720e-01, -7.435583435272823e-02, -3.680372644361928e-01, 2.218440163738696e-01, -2.342681706553826e-02, 7.551427333908732e-02, -1.005082200615382e-01, -1.502206783024809e-01, 1.509264742077136e+00, 1.246668223617510e+00, 1.215103162655174e+00, 2.203878365342333e-01, -4.371909112984670e-01, 3.041824948812596e-02, 1.493486256159248e-01, 3.402234885937203e-01, 3.027954612493295e-01, 5.418630717491409e-02, -1.868502246860265e-02, -1.576766975025117e-02, -4.286280517605537e-03, 4.013485903678583e-02, -4.538344955369967e-01, 2.957438768077345e-01, -5.318811521230101e-01, -1.282183531029988e-01, 2.398516468813540e-01, -5.088276745140143e-02, -1.057344402202600e-01, -1.524761576508745e-01, -3.155461759751838e+00, -3.984634958712646e+01, -1.802953514280336e+00, 6.268747691988926e+01, -2.472635683312094e+01, -2.827786506571153e+01, 1.213141540881136e+00, -1.165246673242740e+01, 1.230489865606415e+01, -5.665933532455996e+00, 2.004384280277191e+01, 3.300829746449574e+01, -1.091715426816535e+00, 1.436522636815052e+01, -6.349258740596340e-01, 1.801081857505742e+00, 1.616582469123261e+01, -1.140270391799458e+01, 1.477016812425461e+01, 3.691563676880291e+00, -9.931462960561437e-01, 1.722391523585205e+00, -3.216918219547010e+00, 2.362851413990759e+00, -1.237818383225256e+00, -4.019604029682314e+00, -3.487881980036034e+00, -1.737345072739640e+00, 4.649425898857776e-01, 2.642968660774122e-01, -4.658615815958105e+00, 5.704892088263779e+00, -5.972926422636813e-01, -2.262491425938143e+00, -1.217293831215601e+00, -2.445621152696523e-01, 1.286919217678796e+00, 5.440721135674188e-01, 9.388951498186439e-01, 1.079686258991912e+00, 1.086171502796309e+00, -1.716559621004140e-02, 7.913049019814451e-01, -2.347643266498417e-01, 8.713335916667330e-01, -2.662614421524137e+00, -9.006599508705743e-01, 8.884778793571377e-01, 4.918276508263894e-01, -3.108658435022920e-01, -5.670314557007569e-01, -4.625520692336222e-01, -5.102678951631509e-01, -2.695448737349979e-01, -4.231686688569178e-01, 1.174540660965400e-01, 1.567980591900217e-02, -1.387965330632598e-01, -1.144733561696837e-01, 1.109519745977163e+00, 1.098449554085014e+00, -4.562820828566213e-02, 3.961806134569010e-03, 4.817081747534145e-01, 2.002714542361940e-01, 4.351994666425637e-01, 4.498127690910772e-01, 1.302321466066520e-01, 6.934806968588807e-02, -2.683146546069366e-02, -3.395029278836632e-01, 1.507915115827172e-01, 2.770498883496890e-01, 1.766511707651557e-01, -3.714269749908029e-01, 2.272386344656247e-02, 3.084330972074054e-02, -4.218497237493038e-02, 3.265297369968655e-02, -1.937238912467335e-01, -9.889961089271516e-02, 1.350855156025239e+00, 2.019342290935401e+01, 5.560325367655901e+01, -1.543061533934102e+01, -2.095323072762065e+00, -2.571677584288506e+00, -1.616285027708494e+01, 3.764543927464907e+01, 5.897907914539577e+00, -3.109175082412292e+00, -1.757240047993886e+01, 2.132232787034995e+01, -1.109333166214035e+01, 1.523223153938526e+01, 8.056674789564676e-01, -4.451334542178289e+00, -5.600045584015446e+00, 1.508519327118744e+01, 3.017777938040969e+00, 1.419172922469617e+00, 7.185576651569151e+00, -5.258524967187076e+00, -1.489823987025480e-01, 1.953016240545940e+00, 3.940795729091684e+00, -5.650003002532130e+00, 1.460597456786847e+00, -2.635901100044591e+00, 4.093045233482957e-01, 2.434976848393692e-01, 8.662219298216279e-01, -5.020881759039231e+00, 4.666145636225266e-01, -6.713857519292373e-01, -2.958456700584229e+00, 6.491640809650523e-01, 2.488417611098638e-01, -2.801867869149803e-01, -3.657712305817669e-01, 1.710799224687821e+00, -4.181977345279964e-01, 6.324057119879881e-01, 3.086659899677900e-01, 9.916671576312602e-03, -9.580881657778725e-01, 1.404575861408422e+00, -4.786605674998685e-01, 5.345138489745500e-01, 1.165671457457885e+00, 3.341254207978964e-03, -7.847414304803979e-02, 1.430471320141935e-01, -6.548015066511260e-02, -5.287040880844328e-01, 1.653553871282575e-01, -1.660312430122910e-01, -1.484449375807077e-01, -1.048134105541932e-01, 7.781643371321504e-01, -4.274223282329975e-01, 7.284563294463064e-01, 5.753079675148134e-02, -4.972546364128179e-01, 2.217370319354524e-01, 1.378008906051527e-01, 1.926752506173085e-01, 2.596763204969689e-01, 2.399059782775020e-01, -1.307897470707818e-01, 1.152067039712053e-01, -9.892584909245997e-02, 6.739533471521461e-02, -1.444996938652961e-01, 5.013114750829706e-02, -5.318541325774143e-01, -6.074718043625971e-02, 1.747191293434635e-01, -1.276531969899938e-01, -2.456224267935643e-02, -1.729079158894333e-01, -1.264745369006650e-01, -3.688027145559025e-02, 2.773613396233964e+00, 4.156478319961072e+00, 4.964403496954156e+01, 1.527216782900203e+01, 7.348796310788231e+01, -7.029160155008208e+00, -2.105500507540234e+01, -1.496404166784066e+01, -6.160676806686259e+00, 1.130549021847797e+01, 3.582247512747507e+01, 1.736921347132765e+01, -3.189695486479009e+01, -1.911039776864217e+01, 4.148434064615452e-01, 4.119751151861038e+00, -1.098448955339583e+01, 7.377221600624158e-01, -1.448828265049361e+01, -2.798823838790511e+00, 3.838922845777923e+00, -3.658821199979909e-01, 1.820719497962205e+00, -1.517144441276485e+00, -5.152633978344845e+00, -1.195149569601085e+00, 5.084442391465388e+00, 1.718233247900743e+00, -2.763637987242100e-01, -9.171304917069653e-01, 2.174059980907565e+00, -1.623182549466273e+00, 1.567972274047798e+00, 2.359707036626848e+00, 9.900715849700148e-02, 1.311347074145151e+00, -3.099066621609002e-01, 4.806278967819014e-01, 5.021626164289211e-01, -7.414527356221098e-01, -4.829157108955722e-01, 1.016209280955517e-01, -6.047846304711892e-01, 1.847558583028289e-01, -2.697162512167314e-01, 8.649575138481237e-01, 1.495083934027401e-01, -1.289485852164458e+00, -3.112215309458762e-01, -7.010466737048728e-01, 2.746622649930810e-02, -2.957126329301784e-01, 8.031438271088205e-02, 5.882913667269740e-01, -1.252166522760144e-01, -1.463898410984405e-01, -3.250151454463228e-01, 1.689337922457416e-01, -8.144739990139944e-02, -2.570460009802929e-01, -3.314032023800232e-01, 2.841084101334149e-01, 1.110196416035806e-01, 1.580721905230554e-01, -1.044700062411550e-01, -7.764362394689474e-03, -3.025253225119384e-01, -3.920596657244411e-01, 1.462269174497738e-01, 7.348711163179091e-02, 4.870782218907815e-01, -1.083835736208513e-01, 1.115739140004225e-01, 3.344662242320358e-02, 2.085493515416719e-01, 2.512314372612410e-02, -2.538500773494315e-02, 4.753451337991858e-02, 2.462395467849091e-02, 7.924964226657755e-02, 1.393547202966845e-01, 7.183656105437181e-02, -1.241895337636634e-02, -1.510271915788732e+00, -1.359593000308351e+01, -4.166808807286222e+01, 3.892103713375688e+01, 2.854515564019777e+01, 8.374811987409316e+00, -1.074668971740419e+01, -4.077497265257450e+00, -1.692717023588193e+01, -4.302689947190290e+00, 5.724113655877952e+00, 1.735477864902504e+01, -1.524017359477604e+01, -3.367541745654004e+00, -2.078285092529227e-01, 1.348029851402734e+00, 1.115995262095249e+01, -1.211352421616059e+01, -8.602872569021555e+00, -1.963924638897012e+00, 1.245303369110249e+00, -9.698931950488160e-02, 6.686809158015568e-01, -7.108520200089132e-01, -3.318054296887749e+00, -2.874791600708454e+00, 2.371338341693009e+00, 2.846683434285578e-01, 7.213011536933100e-02, -1.615142638123028e-01, -3.560591482010180e+00, 3.112407008329913e+00, 1.702445252533688e+00, 9.628428760779628e-01, 5.135695162443221e-01, 1.845474764750693e-01, 2.044502824844493e-01, 1.338548807746306e-01, 9.134676493607179e-01, 1.024393903903155e-01, -7.749739785541236e-02, -2.810557479138051e-02, -7.536132801282014e-03, 8.790900766121415e-02, 1.296102234916479e+00, -9.091726054483791e-01, -2.509679120368524e-01, -5.283015320964193e-01, -4.763510438157770e-01, -6.364203755856924e-02, -1.138695630909360e-01, 3.918499198835217e-02, -1.316718759526222e-01, 2.354615613336199e-01, -1.667743351283303e-01, -9.071692137464431e-03, -3.084473127874912e-01, 4.396509473011672e-02, -7.528133058332512e-01, 7.178659764125424e-01, -1.372459847187007e-01, 1.035915635755195e-01, 2.469389509341584e-01, -1.772967970784713e-02, 4.516316012808825e-02, -1.365448108680404e-02, -1.910742870662920e-02, -6.456288133633724e-02, 9.025054036636410e-02, -3.341963966260626e-02, 2.113310187928374e-01, -1.365675629733385e-02, 1.570533775675219e-01, -1.662284972781870e-01, 9.089445347141080e-02, -5.395463778743516e-02, -6.582617134771462e-02, -2.544174992248770e-02, -1.181037006086578e-02, -9.996271471835452e-03, 3.080364737913154e-03, -3.239057665282127e-02, -1.882050543939480e-02, 6.601221292003010e-03]
