elements:      [Nb]
cutoff:        6.0
pair_type:     gaussian
feature_type:  gtinv
model_type:    4
max_p:         2
max_l:         12

gtinv_order:   4
gtinv_maxl:    [12, 8, 2]
gtinv_sym:     [0, 0, 0]
gtinv_version: 1

electrostatic: 0
mass:          [92.91]

n_pair_params: 14
pair_params:
- [1.0, 0.0]
- [1.0, 0.416666666666667]
- [1.0, 0.833333333333333]
- [1.0, 1.25]
- [1.0, 1.666666666666667]
- [1.0, 2.083333333333333]
- [1.0, 2.5]
- [1.0, 2.916666666666667]
- [1.0, 3.333333333333333]
- [1.0, 3.75]
- [1.0, 4.166666666666667]
- [1.0, 4.583333333333334]
- [1.0, 5.0]
- [0.0, 0.0]

n_type_pairs: 1
type_pairs:
- atom_type_pair:      [0, 0]
  pair_params_indices: [0, 1, 2, 3, 4, 5, 6, 7, 8, 9, 10, 11, 12, 13]

type_full:    1
type_indices: [0]

n_coeffs: 20454
coeffs: [5.959395110181364e+02, 1.120017451355330e+04, 9.103197344765524e+03, 7.027472981505302e+03, 5.156504245768849e+03, -4.984300098306003e+03, -3.978476797602673e+03, -3.888476961927120e+03, -3.212696875717636e+03, -2.926896285975016e+03, -2.955518507873883e+03, -3.420854701139156e+03, 3.208471416147611e+03, 2.920976429536101e+03, 7.020300604240898e+04, 5.370107601876780e+04, -4.805517509130649e+04, 3.301072051421334e+04, -3.340602610928947e+04, -2.886604362366335e+04, 2.737333878995818e+04, 2.482259237249012e+04, 2.339300937032584e+04, 1.393243071252224e+04, 1.209654075223165e+04, 2.952971530410375e+03, 7.116262367426029e+03, 6.600933636166800e+03, -4.304464568278847e+03, 6.877313290270394e+03, -2.214787362800199e+04, -1.166230587065233e+04, -1.213193278533222e+04, -4.546917708091577e+03, 1.162655480574033e+04, 7.605115499271490e+03, 6.651802361142885e+03, 8.920692761682079e+03, -1.207558448637335e+04, 8.619858310133097e+03, 1.046022479750541e+04, 5.537032289304270e+03, -1.897993840021010e+03, -4.331210626098772e+03, -6.655756634165002e+03, 4.828295788106616e+03, -6.384555873206006e+03, 1.500547447731406e+03, -5.574477747445440e+03, -5.485912579862575e+03, 1.781031570320517e+03, 6.173522679143679e+03, -4.187284859531886e+03, 2.894552671255010e+03, -7.248694585153247e+03, -3.743669927554294e+03, 7.865538074327844e+03, 7.357594064770898e+03, -4.636535848036019e+03, -8.243901288178657e+03, 7.911651025105700e+03, 5.729922190918412e+03, -7.004983192789908e+03, -5.785959194874008e+03, 7.431708410196452e+03, -1.173378203337940e+04, -6.571580477540992e+03, -5.464271448045541e+03, -2.131569561352508e+03, -1.327630657941854e+05, 7.764712853102249e+04, -1.147265002728659e+05, -1.036159479373214e+05, -4.229339882735814e+03, -2.894086243141499e+04, -2.355116352715367e+06, 9.913607028068825e+04, 9.375040054091929e+03, 1.799205350554669e+04, 1.991987163132049e+04, -3.820192297740198e+04, 1.363418117202641e+04, -9.073969641099200e+00, -2.318205506039046e+02, -1.092447977903306e+02, -5.372329196354287e+02, -3.179740071216415e+02, 2.096671799371516e+02, 4.127804606469186e+02, 4.285998949683911e+02, 4.216261309077131e+02, 5.267603889309465e+02, 4.594022455938512e+02, 2.180820086926025e+02, -3.362012558070894e+02, -2.866864606496019e+02, -2.399478809105527e+03, -2.041309195017908e+03, 1.929544952473149e+03, -2.230254749257610e+03, 1.848031544164435e+03, 1.373801940896431e+03, -9.839980565281058e+02, -9.342295272400385e+02, -1.091305930898448e+03, 8.061552139223463e+02, -8.722966055022807e+02, 1.021992035444008e+03, -1.432172767820060e+03, -1.419140871796291e+03, 1.521672158823277e+03, -5.537093129097915e+02, 8.377308364350434e+02, 3.858090094665948e+02, -1.075203340873780e+03, 1.089291735351923e+03, -7.811301557946716e+02, -1.206857025177535e+03, -1.151038243473163e+03, -1.317399219218657e+03, 1.592846092592909e+03, -1.003480583236984e+03, -8.552455190597343e+02, -3.245180826921122e+02, -1.155188603067314e+02, 3.403204200259049e+02, 1.595778038850685e+03, -5.087219086444651e+02, 1.612264863898938e+03, -9.500772355245447e+02, 1.042485815699489e+03, 4.979384449963521e+02, -9.552095687313447e+02, -1.633892660994795e+03, 2.592574999590856e+02, -1.929085939821035e+03, 1.208970677372161e+03, 2.058364890163548e+03, -7.298591975892269e+02, -1.249465359709292e+03, 8.006382305601842e+02, 1.902597163805857e+03, -1.060975457580918e+03, -2.085546108505582e+03, 7.973067935449117e+02, 1.251085773041316e+03, -1.581320018495162e+03, 1.702964420460048e+03, 9.970489075322356e+02, 8.549760347087160e+02, 4.090709813901361e+02, -1.290525050772834e+03, -1.071730545115047e+04, 1.138992493764619e+04, -4.746626029181395e+03, 3.399399154923112e+03, -3.884871264804014e+02, -3.161382683311701e+04, -4.315872687918799e+03, 5.210712357296378e+03, -3.494507937044902e+03, -3.868939104886758e+03, 7.419772495221339e+03, -2.648100355676472e+03, -1.113396445260160e+01, 4.020006692050357e+01, -7.765219373502752e+01, -1.212355242123780e+02, 4.633660648635249e+01, 4.064239524330887e+01, 2.129201084087355e+01, 2.772434330977404e+01, 2.440089027801370e+01, 4.798857933437125e+01, 5.500402751678244e+01, 7.186719714802278e+01, -5.480827118552908e+01, -2.427454162783841e+01, -3.620965218795010e+01, 1.125576425528125e+03, -2.936623490745683e+02, 9.077898342105765e+01, -4.762807963128096e+01, -1.645897334032220e+02, 1.560857673171739e+02, 1.227868070697213e+02, 1.868542690986271e+02, -6.239172954876709e+02, -6.129578644919857e+02, -1.100038425909385e+02, 4.618785282486421e+02, 4.355500875496579e+02, -3.638157851166674e+02, 4.912799358254340e+01, -1.180247214156218e+02, 1.152091279216123e+02, 1.545987210029570e+02, 1.630340598116281e+01, 4.004761751176752e+02, 3.608206134095230e+02, 4.640090535701876e+02, 3.900278157943212e+02, -4.936682550238226e+02, 2.242852008678659e+02, 2.601638196944197e+02, 1.809713031517246e+02, -2.546905688741829e+00, -1.725102260119663e+02, -5.588168857936499e+02, 2.355286855730689e+02, -3.938119954070793e+02, 2.808368600687419e+02, -2.800004172297915e+02, -8.635372247004625e+01, 1.554259621755990e+02, 4.010622033309223e+02, -4.916422824850420e+01, 5.388944406899029e+02, -4.211881859247492e+02, -5.316825330898776e+02, 2.180471469500073e+02, 1.992769613703041e+02, -9.273578093903379e+01, -4.154960315004878e+02, 1.064918196940746e+02, 3.897398331555402e+02, -2.434162022760525e+02, -2.056961101319501e+02, 2.214955527087002e+02, -1.889977911692659e+02, -1.783187254378879e+02, -1.446231026791834e+02, -8.016171320214794e+01, 1.558783202011244e+01, 1.145091659126592e+03, -8.310051143427156e+02, -2.947403929609835e+01, 3.073541519509563e+00, -3.328851186402195e+01, -2.708912238498790e+03, -4.168886335542421e+02, 6.385350582742601e+02, 2.973464016906231e+02, 3.292066051050884e+02, -6.313454108322723e+02, 2.253259312404294e+02, -8.988451278535241e+00, 8.262701246185564e+00, 1.204630670754573e+01, 3.921090363414370e+01, 3.679127145604740e+01, -2.334066361079682e+01, -2.882290571348934e+01, -4.813357072398428e+01, -5.266957130900935e+01, -5.737251558295501e+01, -4.072890507746450e+01, -2.217525626395389e+01, 3.181592103492762e+01, 1.832142792204019e+01, -3.252047835791880e+01, -2.101149883549447e+02, 1.135531614816214e+02, -8.177833319852685e+01, 6.706606251794820e+01, 7.468741099534721e+01, -6.302400494966209e+01, -3.881079556278692e+01, -4.307370282161168e+01, -4.716880742366475e+00, -7.108924744507432e+01, -1.886899021607001e+02, -1.573756419766648e+02, -8.914308057965485e+01, 4.651466766804008e+01, -5.869773817412854e-01, -7.920661398223457e+00, 8.383936740331072e+01, 7.461060377856748e+01, 1.610977760157958e+02, -1.479183183145571e+02, -8.113909962091932e+01, -1.088273302616526e+02, -6.141617441637360e+01, 9.459262542832957e+01, -3.515547302960410e+01, -4.308785052257745e+01, -3.983127628545414e+01, 5.389049664128052e+01, 5.615035152889863e+01, 1.572248355096791e+02, -3.967183664040807e+01, 7.133570768611655e+01, -5.593458568335919e+01, 3.368561113397620e+01, 1.431186383892852e+00, -4.469897876421740e+01, -8.307619472004907e+01, 2.345913681163001e+01, -9.255911134172364e+01, 6.334884251700347e+01, 1.072406559601336e+02, -2.990746548883864e+01, -2.300056019600737e+01, 7.246342265351537e+00, 6.541105526365844e+01, -7.402537124440418e+00, -6.011561018814684e+01, 4.116545145846952e+01, 3.131922866688918e+01, -3.354841882875390e+01, 3.601821768808163e+01, 3.018051781873642e+01, 3.541118638428188e+01, 1.558108698635691e+01, 1.742602876109263e+01, 9.323370040541785e+01, -1.268629875813297e+01, 6.814996610980754e+01, 3.839200361566196e+01, -9.716954827820317e+01, -7.907355308734858e+03, -1.367288439878077e+02, 6.994736088925831e+02, 7.913393168085059e+01, 8.761306834534372e+01, -1.680227637697893e+02, 5.996687397578554e+01, -6.222420260970550e+00, -3.959493523811845e+00, -4.889729530937063e+01, -4.735886736179635e+01, -3.426895810163265e+01, 1.991552469497195e+01, 2.002077164532658e+01, 2.052104541983827e+01, 1.110902787422148e+01, 1.677116198113619e+01, 1.833095141599310e+01, 6.664391767418527e+00, -1.294501115417821e+01, -1.119684552613219e+01, 3.770134841276167e+00, 7.093971272516529e+01, -4.536609789002252e+01, 2.628249815778615e+01, -1.890913104602867e+01, -2.135341540668421e+01, 1.526749897744404e+01, 8.958010932624084e+00, 2.272430736318692e+00, 2.510147242156234e+01, 7.893466901309719e+01, 8.416632671524503e+01, 4.868060315461941e+01, 2.158939007309800e+01, -1.118166457384936e+01, -9.843352523269835e-01, 3.640284314598197e+00, -2.997225551247412e+01, -1.890095103382292e+01, -3.086353440616758e+01, 3.657217216221588e+01, -4.148580571347942e+00, 2.458180765254729e+01, -4.491182014864400e+00, -1.295892671390983e+01, 7.361542330297207e-01, 7.695241762355517e-01, 1.504818118790749e+00, -1.069449512322691e+01, -6.240113421091049e+00, -3.209541903473453e+01, -7.251852355200272e+00, -3.352994338875789e+00, 4.757270287436375e+00, 5.095832550701663e+00, 5.169947185857468e+00, 1.062868201670678e+01, 1.358238071630665e+01, -2.524604679103391e+00, 1.256967894197914e+01, 1.171146913861179e+00, -1.379615131013841e+01, -1.020563800368816e+00, -2.450911897159267e+00, -5.312158312118395e-01, -6.009732301232601e-01, -2.094705501734676e+00, -6.334635567028587e+00, -3.037981343862873e-01, -2.243516687872636e+00, 1.645814984167588e+00, -1.021168929998340e+00, -3.612896640794758e+00, -4.899687898189096e+00, -2.706715439316138e+00, 1.797036141333819e+00, 1.351285230672789e+01, -1.068448543066572e+01, 1.238423504072434e+01, -1.438780421605571e+01, -5.956809529724587e+00, -4.847409748658872e+02, -5.461249221531641e+01, 1.101380067120392e+02, -1.165083399224138e+01, -1.289933538385440e+01, 2.473825598259708e+01, -8.828938804705036e+00, -3.576039354951232e+00, -6.233088037085077e-01, 2.277529470896521e+01, 1.516573463203962e+01, 1.382906250600348e+01, -6.229090189672523e+00, -3.960322254502636e+00, 7.209154199246628e-02, 7.676870573146245e-01, -3.145238646217152e+00, -2.874084713827854e+00, -5.729224964293184e-01, 2.620220363604111e+00, 3.450761698008292e+00, 6.562628795505849e-01, -2.187432905788401e+01, 5.682519474215472e+00, -4.107186503373784e+00, 1.680734580378606e+00, 4.139708915160807e+00, 6.751149695720992e-01, 7.270004733736228e-01, -6.870288770278594e-01, 1.338077632695320e+01, -5.276693944907590e+00, -1.043594128890398e+01, -6.429232471124412e+00, 2.226423257892105e+00, -1.742770125158375e-01, 2.203002302646670e+00, -7.054616065380045e+00, 5.349174879490136e+00, -2.366000278882659e+00, 5.982436575491515e+00, -7.610259001529792e+00, -1.207448472210846e+00, 8.370738241511294e-01, -1.111516653969656e+00, -1.409867824820165e+00, -1.222268260789307e+00, 3.500498283914995e-01, 1.908559470402529e-01, -2.352549924964862e-01, -8.534401078217106e-01, 5.564102357359005e+00, 4.019092079755810e+00, -6.475620075014073e+00, -2.143408630930813e+00, -3.254129296219040e+00, -5.348034123052596e-01, -2.412788399560683e+00, -3.142873493881858e-01, 1.088549467664043e+00, -7.193590676134578e-01, -6.956431806083616e+00, -8.272709437848875e-01, 2.354113297119351e+00, 1.668053031550519e+00, 3.922889609035624e-01, -2.765570419339929e+00, 1.664156151082535e+00, 4.742381804999228e+00, -2.064728336889430e-01, -5.993789672764426e-01, 1.168080240528342e-01, -1.494494055698151e+00, 2.491491519554621e-01, 6.058841748005442e-03, 6.403685200551891e-01, 1.276910114717843e+00, -5.284951611624285e+00, 6.397302315699112e+00, -6.198782281703282e+00, 4.658806285344872e+00, 2.387402376028717e+01, 1.942799823626526e+03, 1.228414874978989e+01, -2.119774416565759e+01, -9.235008730050762e+00, -1.022434120513309e+01, 1.960796025061832e+01, -6.997987368222128e+00, -2.827744032770029e+00, 5.203157141257100e-01, -4.629978903769866e+00, 4.410075678802251e+00, 8.123031453606247e+00, -2.799986220198379e+00, -1.704949104373951e+00, -4.953145766615313e-01, 1.618226850632071e+00, 1.566016016497262e-01, -2.463964990758652e+00, -8.007695607953180e-01, 5.090892802994578e-01, -1.298276491679695e-01, 3.467962698010162e-01, 1.257390324469080e+01, -5.106387897428074e+00, 4.804006115611655e+00, -1.803028445176385e+00, -1.387650961248295e+00, 5.201619682519643e-01, -5.898141222717060e-03, 1.210772045880687e-01, -1.442639076279896e+01, -1.014210542093829e+01, -1.072246185157825e+01, -7.690886253199172e+00, -1.494184427734223e+00, -4.638574591702252e-01, -1.348110017555329e+00, -7.604649021988648e-01, 3.617381262497678e+00, 8.703046373139635e+00, 1.362183080781708e+01, -6.199067094753087e+00, -5.727446691877871e+00, -4.542828982917969e+00, 1.779838460293773e+00, 2.444885448887070e+00, -3.884002365916525e-01, -8.519607771721924e-01, -5.923482347996035e-01, 7.211760960409197e+00, 4.304374730688449e+00, 1.242802960898480e+01, -2.714051257826406e+00, 6.040682193174263e+00, -2.150255449100416e-02, 6.280924655480394e-01, 4.009246156404188e-01, -1.918959381783134e+00, -4.170117687387259e+00, -7.651712221716523e-01, -4.896565391022613e+00, 2.190210974652826e+00, 2.122956264734457e+00, -9.682034258007903e-01, -1.105597824083914e+00, 2.126775307146765e-01, 2.528571567217252e+00, 4.546392953110973e-02, -7.605428488747612e-01, -1.336333637357315e-01, 3.236179918238489e-01, 2.129713531035955e-01, 3.955266799813114e-02, -2.940565445525997e-01, 3.683399094479631e-03, -3.121107226921890e-01, -5.540513057917702e-01, 5.576602749337022e+00, -1.464485769075112e+00, 5.523079793334915e+00, 2.266112093869312e+00, 1.498932398743439e+01, 1.219804962435560e+03, 2.103051313269266e+01, -6.340437248023903e+01, -3.664095210086420e-01, -4.055107588416308e-01, 7.777745041467802e-01, -2.775708059841073e-01, -3.068806815754029e+00, 3.134249960475231e-01, 6.442366061625874e+00, 5.524103338209642e+00, -5.462058786680373e+00, -1.531301131780144e+00, -1.236727517040673e+00, -5.130330615477522e-01, 1.072733113172551e+00, 1.776572896728870e+00, 2.367831008313595e+00, -3.772045617711486e-01, 4.141351734899054e-01, -3.821176827004669e-02, 1.045201005212674e-01, -9.806768785804531e+00, 8.043507209605814e+00, -3.425007364935667e+00, 3.179416832429746e-01, 9.607677732999886e-01, 2.025057349277859e-01, 2.831180685989779e-01, 1.150637178917963e-02, -8.420316986298573e+00, 5.820122217381829e+00, 2.258820642630317e+00, -1.989401943608755e+00, -1.578646388833174e+00, 3.868500550259757e-01, 9.126548613346591e-01, 4.629236871564664e+00, -2.164896001036791e+00, -3.987054992851872e+00, 1.446037572521221e+00, -5.861066246587756e-02, -2.406269358410091e+00, -4.712243344499614e-01, -7.223510025120993e-01, 3.064225011839056e-02, 1.116671708539781e+00, -1.371931807315218e-01, 2.716761851303526e-01, -2.560441989922562e+00, 1.747453747405075e+00, 2.622972182123983e+00, -2.257280505272047e+00, 2.582226451632637e+00, -4.857656229950642e-02, 1.889878472053903e+00, 3.554311753306750e-01, 2.462532330146215e-01, -1.231972993529404e+00, 1.107630859127195e+00, -2.765778462344233e+00, 1.504034592443354e+00, 1.505086533047745e+00, -1.249059843470399e-01, -2.280459944674165e-01, 2.383790842253254e-01, 2.824688769390276e+00, 8.314345301065508e-03, -2.700696006089405e+00, 8.165305642186859e-01, 5.769412062426730e-01, -4.417814836428275e-01, 5.942463925493952e-01, 2.861871831187280e-01, -7.372608004559567e-02, 1.755399360388629e-01, -9.473002769706355e-02, -2.809742099004743e+00, -1.259902177911997e+00, 8.224196361291787e+00, -2.988261533293245e+00, 1.297848570117031e+01, 1.056142641145865e+03, 8.342172230383690e+00, -4.562401691415716e+01, -2.344088422805531e+00, -2.595129603808460e+00, 4.976706465365902e+00, -1.776202528400367e+00, -3.620949335212608e+00, 1.755367249187352e-01, -1.416080600675595e+00, 1.302785620573131e+00, 6.840080657125602e+00, -1.520592497599044e+00, -2.329929167123046e+00, -9.176605174188070e-02, 3.775688127039749e-01, 6.704714405517864e-01, -9.132292597502584e-02, 1.537193754716278e+00, 1.037676704613841e+00, 5.899776091313909e-01, 1.264045491028283e-01, 5.371125131781703e-01, -2.407073598551406e-02, 3.396181248009613e+00, -2.429359728662249e-01, 1.055567577828842e+00, 8.387019893514305e-02, 1.107138923725692e-01, -2.010142684010711e-01, 3.805744414296374e+00, -1.059638450865842e+00, -1.115608553351023e+00, -3.078178477470539e-01, -2.313366103520157e-02, -7.046918548618532e-02, -3.935837214652384e-01, -3.768759449452824e-01, -1.111190242450540e+00, 6.163771502024604e-01, -1.343361096024580e-01, 8.075169916856351e-01, 3.011099587481121e-01, 4.691023542436300e-01, 4.334648055385456e-01, 9.994979730568014e-02, 2.440175965504135e-01, -2.455294233283593e-01, -2.050801999417686e-01, 3.231164682448907e-01, -1.848272099646217e-02, -9.090910401193184e-01, 2.044207341423068e-01, 1.849202187478198e-01, 5.111078584091679e-02, -4.670310241251336e-01, -2.487872033582561e-02, 7.841195789262398e-02, 1.126505620632423e-02, -6.317128716609693e-01, 4.483893143524711e-01, 1.561585362256109e-01, -3.349123716380049e-01, -2.429218481953064e-01, -2.553541343751077e-01, -1.840237099955755e-01, -2.571989907147808e-01, -5.855279539304777e-02, -1.624803156720915e-01, 1.077301910941720e-01, 7.482565378716025e-02, 7.352639881854366e-02, 8.698347007119774e-02, -1.568817552187270e-01, 7.637667141398456e-02, -1.483419106293340e-01, -9.258854634401925e-03, 1.938123802995463e+00, -8.234912649762784e-01, -2.862848184314368e+00, 1.917153223472840e-01, 6.123195796032116e+00, 4.982823338168897e+02, -8.597181565878326e+00, 3.409135955150246e+01, -4.676930697159931e+00, -5.178129163741122e+00, 9.930230136464935e+00, -3.544076606941301e+00, -3.748532397795496e+00, -8.429601324466683e-02, 6.118875223017041e+00, 2.460913334043578e+00, -8.277257326193806e-02, 2.786746582447532e-01, 7.491609065842968e-01, -2.085401790213327e+00, -1.293679420063895e+00, -6.005652418692488e-01, 8.521981320346568e-01, -1.679618587033432e-01, -2.105059316963705e+00, -3.608112032936247e-01, 2.291118083401602e-01, 2.358184957568784e+00, -9.889405684120270e-01, 6.166130144023310e+00, 5.193343754141851e-02, 4.734480003368410e-01, -3.858283622322581e-01, -6.243358445890861e-01, -8.849666240485024e-02, -2.635729002320626e+00, 3.902510414253189e-02, 1.066224735717821e+00, 8.819347506709038e-01, 1.907788328381540e-02, 2.425397332966297e-01, 3.954287554880861e-01, 8.135031377647084e-01, 1.327803012945432e+00, -2.599082334616394e-01, 1.607155113549985e-02, -3.773453457812299e-01, 2.004676394797411e-01, -2.562901349666583e-01, -4.756861764644572e-01, -2.242330099843877e-01, -1.767515789766505e-01, 3.824474780522336e-01, 2.113722098538331e-01, -4.719428398090190e-01, -1.192192945429990e-01, 8.692537099262794e-02, 2.133702615750366e-01, -1.107053951644279e+00, 4.222051353720260e-01, 4.264820326338233e-01, -6.519132550805583e-02, 1.533528031418760e-01, 5.021121514813145e-01, 8.577868368023905e-02, 2.568706466435965e-01, -9.204781342992431e-01, -2.777628394985219e-01, 7.662922052368087e-01, 4.660955741806520e-01, 9.033450875202130e-02, -5.122600203204533e-01, 2.408902821625113e-01, 1.092130539000579e+00, -4.645072652201084e-01, -3.394385542804375e-01, 5.127850258054657e-02, -3.123092284990904e-01, 1.943016167090738e-01, -2.502088436786897e-01, 1.704669020750962e-01, -3.287879134508519e-02, -4.102204513892336e+00, 8.969047421608108e-01, 1.279776597269444e+00, -3.581920816744308e-01, -7.529824054573822e+00, -6.127900997195221e+02, -3.370716505971421e+01, 1.104798545542981e+02, 5.331788665101290e+00, 5.902623193986492e+00, -1.131987827423147e+01, 4.039952411429465e+00, -2.731109303629692e+00, 6.312467520982913e-01, 1.031084152782202e-01, 5.586233746981586e+00, 4.480626513163241e+00, -5.266467447518473e+00, -4.002096391769215e+00, -1.671982738881369e-01, -1.271638437415967e+00, -1.326973876027557e+00, -1.549872276538842e+00, 1.289959176994123e-02, 1.639638096508985e+00, -8.819069525753622e-01, -2.093053733710031e-01, 2.325204707522521e+00, 1.303242533056620e+00, -7.105833484751906e+00, -1.279966268314919e-01, 4.380828035719876e-01, 6.695927884694669e-01, 1.589803213907081e+00, -6.525773197378401e-01, 7.285157918917163e-01, -1.982451323727314e+00, -1.561165718392768e+00, -7.120876301627086e-01, 6.774267044716348e-01, -5.492449918924396e-01, -4.143328522389406e-01, -9.061940716972179e-01, -1.809984738097455e+00, 4.483865119610963e-01, -2.071621965440107e-01, 3.598703334383484e-01, 6.676956894022146e-01, 5.522761457145282e-01, 8.478178783086543e-01, 2.518436109715834e-01, 1.463255163948148e-01, -7.829918306423104e-01, -4.230142234554012e-01, 3.735564803568656e-01, -3.021316025059865e-01, -9.780240744104121e-01, 8.968053907577853e-03, 5.179923035019063e-01, -7.051939086590444e-01, -1.627483806745115e+00, -1.420916156767020e-01, -4.093746265009593e-02, -1.452734353468708e-01, 7.610563639008790e-02, 1.914993470450138e-01, 3.857468672307133e-01, -1.094324782104556e-01, -8.606491986957864e-01, -4.319647152111488e-01, -6.374454625594204e-02, 3.139390356577300e-01, -6.181740316518339e-02, -6.125323598507854e-01, 3.742497295172886e-01, 3.330738798713262e-01, 2.747441158676056e-01, -3.468166181349682e-02, -5.877299831569180e-01, 3.632474355029772e-01, -2.339321402453530e-01, 7.333619709725486e-02, 3.411668419151415e+00, -6.460849953766801e+00, -1.827823976784436e+00, 6.102203947130825e-01, -8.611983497173913e+00, -7.007953785583603e+02, -5.468163516552446e+01, 1.913663367198146e+02, 1.201085621772879e+01, 1.329554944611104e+01, -2.550221765051370e+01, 9.100695794608697e+00, -1.798013675901024e+00, 1.872303210008063e+00, 3.429700027528374e+00, -4.545061052367222e+00, 7.406846217693470e-01, 3.398718952441112e+00, 3.988522529576803e+00, -1.875154377873439e+00, -1.788571098652234e+00, -6.628970170837865e-01, -7.414977658414994e-01, -7.142525731175388e-01, -8.414655793774082e-01, 1.819455054413984e+00, -8.018183960334195e-01, -1.406574506760539e+01, -6.120245338826980e+00, 1.962889740879188e+01, 3.707786041566554e+00, -6.124565276053433e+00, 7.237609265514959e-02, 3.730185669409464e+00, 1.894605670570064e+00, -6.308291492969487e+00, 1.520855558925679e+00, 1.943390115331805e+00, 1.505550483636424e+00, 3.908782888024384e-01, 7.673006286944061e-01, -4.535465188808043e-03, 3.164015067997028e+00, 2.248908454660028e+00, -1.371954957940154e+00, -1.874831194879550e+00, 2.123196408049378e-01, 8.669061629972243e-02, 5.168069448608765e-01, 3.667937518237522e-01, -1.017559316071648e+00, 9.706136565247931e-01, 1.689114275926253e+00, 3.591924053961520e-01, -7.957843259844535e-01, 2.555859743710098e-01, 1.862045476550468e+00, 1.586805926122193e+00, -1.709825968779485e+00, 1.321991083906313e+00, 2.414977315995081e+00, -3.449840493243559e-01, -3.090555935385022e-01, 4.103541038371444e-01, -1.728150508308387e-01, 7.312329924369698e-02, -1.010298556407013e+00, -6.351619766030813e-01, 1.444285558085955e+00, 1.061432408485642e+00, -3.904353858827052e-01, -1.074079920811937e+00, 3.572434369173779e-01, 1.132063122410360e+00, -3.763938966152290e-01, -5.048594607341855e-01, -4.180218816554544e-01, 1.642062809929638e-01, 1.499566856301856e+00, -1.021387367451493e+00, 3.432046649314785e-01, 6.880657648920167e-01, 2.631344962202396e+01, 3.393181520774810e+00, 8.850684235938129e+00, -2.931602638723101e+00, -1.388019005259244e+01, -1.129194856671063e+03, -7.686211483117708e+01, 2.411750530339536e+02, 2.173707024258737e+01, 2.406905313495115e+01, -4.615244927736006e+01, 1.647142888137797e+01, 5.404224039454755e+00, -2.929335697079436e+00, 9.282957467861951e-01, 8.326998069890069e+00, 2.658470360530918e+00, -1.057003384109782e+01, -6.296494236490950e+00, 5.628847226798824e-01, -2.223333215381423e-01, -9.001225022865792e-01, 5.651260766034736e-01, 5.617009669980493e-01, -2.932000760901920e-01, -1.283295270379252e+00, 9.808689464884996e-01, -1.593656561503643e+01, -3.673043603191860e+00, -7.608668554742817e+00, 1.195178017828627e+01, 3.413934728943427e+00, -1.172226687752966e+01, -1.091142398170751e+01, -3.636189998603626e+00, 8.279050413755076e+00, -4.301264240168947e+00, -6.399674220888132e+00, -4.411333304543910e+00, -3.987472078804843e-01, -2.696715021628590e+00, 1.432276510066683e+00, -5.755799009223193e+00, -1.534058388143897e+00, 2.837394730210399e+00, 4.400462112992525e+00, -1.094876809589451e+00, 5.746610846992443e-01, -3.784440868615178e+00, -7.674534160566659e-01, 1.342834761336755e+00, -1.703713519604091e+00, -2.066831650243512e+00, 2.773532607487746e-01, 2.044383621907838e+00, -1.579178126787081e+00, -1.095675351218206e+00, -3.392925249774606e+00, 5.199882472909954e+00, -8.624443059044082e-01, -2.240686955458072e+00, 3.968103584465782e-01, -6.120454919776095e-01, -2.962499148611183e+00, -3.113668227626829e-01, -2.082100268622140e+00, 2.677952430908094e+00, 1.507222477831113e+00, -1.536483169137686e+00, -1.533751442856788e+00, 8.436333849633057e-02, 1.899216753365954e+00, -3.115302476696328e-01, -1.840166380928714e+00, -3.529301276093956e-01, 5.624661442715670e-01, 4.228407663505190e-01, 4.090453711785584e-02, -2.270918631566094e+00, 1.547510934896549e+00, -3.208741588536683e-01, -1.927462646254424e+00, 1.580488805703050e+01, -1.639217230474254e+00, -1.633466167560346e+01, 8.877663161426721e+00, -4.909584691153520e+00, -3.997023196049760e+02, -3.465737166558085e+01, 1.442710900217537e+02, -4.166626137000984e+00, -4.618297386510091e+00, 8.904250868257703e+00, -3.165953102362420e+00, 6.997770898918108e-01, -7.312112486375792e-02, 2.562933480421679e+00, 3.001913501525820e+00, 6.317326811866074e-01, -1.595684404885934e+00, -8.892825293085489e-01, -3.497254926004016e-01, -1.414309642031306e-01, -9.792838284424567e-02, 5.389633047698047e-02, 2.222724932417277e-02, -9.554101939831333e-02, -3.298152307211293e-02, -2.726111357186380e-02, -2.918531962792827e+00, 1.830218928450168e+00, -4.469712099534755e-01, -3.435733404029817e-02, 2.055125774608308e-01, 2.783484822487637e-01, 2.879906678380758e-01, -9.049703080186208e-02, 5.552409621156952e-01, 1.698406669086707e+00, 8.738409745542470e-01, 2.901850098705971e-01, 5.501845337551478e-02, -1.506961930711822e-01, 1.938701509754238e-02, -5.818457758850895e-04, -4.761435494214269e-01, -4.019479101567697e-01, -5.531669326247111e-01, 2.446775543658047e-01, 1.627050364169909e-01, -6.396676365875700e-02, -2.044209363029407e-02, -6.797460855575158e-02, 7.533681616844126e-02, 6.989389542771388e-02, 4.904325542303355e-02, -1.210429269706017e-01, -8.151660072839201e-02, -2.021448818272492e-01, 1.504916871513309e-02, 1.703436297752179e-01, 6.510841401982172e-03, 3.748059178083433e-02, 1.714331471133661e-02, 4.664736188271332e-02, 3.588690453217001e-02, -9.935534740563542e-03, 1.371088183478280e-02, 1.371506714637339e-01, 4.695453855656435e-02, 5.889011608477418e-03, -2.440140979313866e-02, 4.409048853506503e-03, -1.299941158112192e-02, -5.032221665428979e-02, -6.207970936620099e-02, 3.246996612113390e-02, 1.126338818925785e-03, -3.410166848556880e-02, 2.166755497192794e-02, 3.446291720540486e-02, 9.798620734640270e-03, -7.165279478691980e-03, 5.627122835061252e-02, 2.880211813723766e-01, -3.341068513380036e-01, 4.879072383200714e-01, -1.652700425178189e-01, 2.053806818339415e-01, 1.671445387028515e+01, -3.111028937965358e-01, -1.184519607909303e+00, 9.954953459106912e-02, 1.102306891876332e-01, -2.113306575568877e-01, 7.542903997716736e-02, 1.120017440630359e+04, 7.020300669859962e+04, -1.327630668532074e+05, 5.370107624270400e+04, 7.764712626883431e+04, 3.846457820596539e+04, 4.805517506062078e+04, 1.147265033355120e+05, -4.281891134902743e+04, 1.159844746136094e+04, 3.301072035886800e+04, 2.849462329814976e+04, -4.293934018641245e+04, -5.033936031453336e+04, -3.733122924612293e+04, -3.340602588478220e+04, -8.583744149539547e+04, 5.471843494253093e+04, 2.110395180037071e+04, 2.915486181011911e+04, -1.812463061921882e+03, -2.886604359529006e+04, -1.982002770855214e+04, 6.962312848758746e+04, 4.154079605713387e+04, 5.024802984708264e+04, -1.392664815855976e+04, -2.117136258483111e+04, -2.737333840833608e+04, 3.137381176700427e+04, 5.318749818733504e+04, 4.483159303132731e+04, 3.341224639980503e+04, -9.505585677805473e+03, -2.274577951303602e+04, -1.075785633268227e+04, -2.482259225172336e+04, -1.856593255598389e+03, 9.170024450179812e+04, 2.773644886068648e+04, 3.932077229889126e+04, -1.996480436985764e+04, -1.882596842712049e+04, -1.724358184607518e+04, -1.092027207625174e+04, -2.339300922723585e+04, 7.912185982014259e+03, 4.862689645733959e+04, 3.877213553243205e+04, 3.398363317650222e+04, -1.068881559961287e+04, -2.082684971928572e+04, -7.137405776105420e+03, -1.619496992697314e+04, -3.526493009359839e+03, -2.322306407614755e+04, -3.819485551184894e+04, 4.383658246959696e+04, 1.605241259551291e+04, 2.915522308049148e+04, -1.012373653820358e+03, -9.151152490560111e+03, -1.042411394539757e+04, -3.897106657742539e+03, -5.924723973814943e+03, -5.511851617462969e+02, -2.454677869251927e+04, -4.901166322390155e+04, 3.073655375731872e+04, 1.872742177735214e+04, 2.055428554668130e+04, -1.748185322234573e+03, -1.146764517293210e+04, -1.412072792459591e+03, -7.255189555353841e+03, -7.586765359980311e+03, -2.214073360634839e+03, -3.793000743104054e+03, 2.469177183726992e+04, 2.566340181736578e+04, -1.930283815951646e+04, -6.161677771314434e+03, -1.669609292274866e+04, 2.493824393048043e+03, 5.711960137015336e+03, 4.286100669451917e+03, 8.872982676430076e+03, 3.278358067891911e+03, 6.425859618001707e+03, 5.132703800736404e+02, -4.836517587990908e+02, 2.368337110913516e+04, 4.125934169360933e+04, -2.122943515105552e+04, 3.085549311540464e+03, -1.547920195668834e+04, -5.304216592408325e+03, 6.461572993422899e+03, 8.121267547026586e+03, 5.129929241034920e+03, 1.221850654548474e+04, 5.358007069436510e+03, 3.424104722019564e+03, -4.312101138924908e+03, 1.900651229196824e+03, -5.787095536180682e+02, -1.274919873705388e+04, -2.372333926387402e+04, -1.619249787460139e+04, -1.556913376192184e+04, 1.482060385857731e+04, 1.133236812566052e+04, 1.039019154899384e+04, 9.353869032718760e+03, 1.028083986084604e+04, 9.017134148877703e+03, 7.523307616435329e+03, -6.597766794441784e+03, -6.162299541051415e+03, -2.318206512576052e+02, -8.595168381491027e+03, -7.221413835311572e+04, 3.453940418193022e+04, -1.061498420192140e+04, 8.860978198574498e+03, -2.077061687222371e+03, -4.084481114675719e+02, 5.011451995322776e+03, 2.687602735343225e+03, 3.115427872487074e+02, -7.085530205767102e+02, -2.579017208046113e+03, -2.034743259381415e+02, -7.832965273287663e+02, -2.399479061608720e+03, -1.290524930605164e+03, -1.496669409177219e+04, 8.865115511905920e+03, 2.078777314695413e+04, 7.872177710296652e+03, 2.153132557345154e+03, 1.330040116257795e+04, -4.409140308796865e+03, 1.105239325620858e+04, 3.477006703233146e+03, 1.311741995872527e+04, 3.140797610991991e+03, 6.447649478191485e+03, -5.906358015552568e+03, -3.243824037079042e+03, -2.041309199076394e+03, -1.071730461399888e+04, 5.163278307874346e+02, -9.697265954861374e+03, -1.748512931497656e+04, 2.060730518731463e+04, -8.159996788489202e+03, -3.020262758157334e+03, 1.440509256522590e+04, 9.450384184488117e+03, 8.581577042040562e+03, 6.852712265362240e+03, 1.085499442887444e+04, 8.333777080789418e+03, 8.671070084432667e+03, -6.304515329383792e+03, -5.790257400914609e+03, -1.929544788105318e+03, -1.138992468438800e+04, 3.355118388702192e+03, -2.252709941265407e+03, -9.741364303755578e+03, 2.613225432821875e+04, 4.496474408230409e+03, 1.317670815566858e+03, 5.752208435562397e+03, 8.542358745317380e+03, -7.882784081559016e+02, 6.279861770327343e+03, 1.543258139913713e+01, 7.227058384207362e+03, 1.688616194659598e+03, 5.200579145252308e+03, -5.455179401313001e+03, -9.807601242263574e+02, -2.230254796780341e+03, -3.465161120584919e+03, 5.179864212130668e+03, 2.583595681607235e+03, 3.291159554041352e+03, 6.859675281904927e+03, -6.053546249642783e+03, -1.491996315944451e+03, 5.969726313695453e+03, 4.090234413691879e+02, -3.847380515033794e+03, 4.154028231144823e+02, -4.546934612124928e+03, -3.941426655280399e+03, -4.428867677231868e+03, -9.441858400136298e+02, -3.068556131622995e+03, 2.731390763727393e+03, 1.454400856260439e+03, 1.848031433038970e+03, 4.845853462221750e+03, -2.794318153852347e+03, 1.340628387243450e+03, -8.230144501281719e+00, -7.896516543701620e+02, 7.262054004490362e+03, -1.817557881467538e+04, -7.787235140627818e+03, 1.506045302120181e+03, 1.870969912975291e+03, -3.820004529623895e+03, 2.845543592265281e+03, -4.365243880886143e+03, 4.327722490349665e+02, -5.102127899119088e+03, -1.750374742179303e+03, -1.733166653852599e+03, 1.246731789363575e+03, 4.338764848329598e+02, 1.373801950006819e+03, 1.638912153988078e+03, -5.359416835203239e+03, -1.692206573367539e+03, -1.930518584270550e+03, 1.519132897214430e+02, 5.258261526072175e+02, 4.571686508252345e+03, -1.086903761562586e+04, -1.045365410642037e+04, -2.503285134212727e+03, -6.094810881756416e+03, 1.884565000976040e+03, 5.659499578664944e+03, 2.146156973839730e+03, 2.782002634093870e+03, 7.165168029906580e+02, 2.093732105040811e+03, 1.889673098342893e+03, -1.682158993847405e+03, -2.982495133674454e+03, 9.839980040700303e+02, 1.384598724806978e+03, -3.050033415177262e+03, 4.910469133443730e+02, -7.567020965112463e+02, -8.563568312445194e+02, -2.158591964754523e+02, -7.872641191365713e+02, 4.827506199398497e+03, -6.194093235264267e+03, -6.920535548816606e+03, -1.311752576566546e+03, 2.465997247092579e+02, -3.505894339681727e+03, 2.083647144926761e+03, -1.906654872357989e+03, 1.406903560186363e+03, -1.756404900326009e+03, -4.679234579578375e+02, -8.067511489858508e+02, -2.749985202871908e+02, -4.044237074234553e+02, 9.342295715566970e+02, -5.403205293808445e+02, -6.486681870033579e+03, -1.582188993768498e+03, -1.828768024075060e+03, 7.174269646504949e+01, 1.109514539729976e+03, 3.715015686129664e+01, 8.018133697329404e+02, 4.084837898485284e+03, -1.685915610905062e+04, -7.455167799887625e+03, -5.023598100113455e+03, -5.791201929168343e+03, 6.931953983386467e+02, 4.217032284240395e+03, 1.561476724807624e+03, 4.286383612423591e+03, 1.478658304812608e+03, 2.387496651391991e+03, 1.993341417860723e+03, -2.251959610959012e+03, -1.257378799908583e+03, 1.091305950040646e+03, 1.918867662628894e+03, -2.069024026452019e+03, 3.459852677841055e+01, -6.097566994757274e+02, -1.355684079652303e+03, -7.432765968182097e+02, -1.352613215394657e+03, 4.215210000151131e+02, -1.232585251117077e+03, 4.399032816653698e+03, -1.435217736718866e+04, -8.134220943252305e+03, -2.328067508425742e+03, -1.996607640316808e+03, 4.221510147352944e+02, 2.143097882663686e+03, -2.761924319722548e+02, 1.299289849500456e+03, -2.975147661366394e+02, 2.329315524385464e+03, -2.358696725250313e+02, 1.872682213973902e+02, 1.127702624823287e+03, 7.872069540724975e+02, 1.321216363467328e+03, -3.910308714102843e+03, -6.008965156117771e+02, -1.894409585864176e+03, -1.891240786101990e+02, -5.227616445436028e+02, -1.934661950885272e+02, -2.063449785830492e+02, -3.440425764704094e+02, 2.140836960436051e+02, 3.581406597289870e+03, -1.554182657977555e+04, -7.352795243873614e+03, -7.190338450081451e+02, -9.832959978843378e+02, -7.746366908437379e+02, 3.506252497333798e+03, 9.392589629733481e+00, 2.585899461841921e+03, -9.472634585562748e+02, -1.054448081957697e+03, 7.869545531822454e+02, -6.297969503065326e+02, 3.032912724395512e+02, 6.385125724426490e+02, 1.130386499023233e+03, -1.296536000736483e+03, -2.617673676419425e+02, -8.210004551511636e+01, -1.038691552221433e+03, 1.077290770483889e+02, -1.033239893147124e+03, 3.809978378728757e+02, -3.456670680511839e+02, -6.786625112526202e+02, 3.375428660204635e+02, -2.965761639626163e+03, 1.198719931986374e+04, 3.686044310134841e+03, 2.183576151736086e+03, 6.942971164454758e+02, 1.213690907761037e+03, -2.769909562505811e+03, 3.832959020584564e+02, -1.427988430231336e+03, 8.066669453274229e+02, 1.645423894537080e+02, -9.996996996163332e+02, 3.971389454603428e+02, -5.307683207607912e+02, -5.900881852777845e+02, -1.593036816091171e+03, 7.927261359637365e+02, -1.379606417256298e+03, -1.237679704640042e+02, 7.566886563896412e+02, 1.677922380694037e+02, 5.819389586094832e+02, -5.012348342385405e+02, 1.034851041311452e+02, -3.110134038659838e+02, -6.373224547913286e+01, 2.878108969741770e+02, -3.890204728004656e+03, 1.007904353852286e+04, 6.417239568970116e+03, 1.581275032872645e+03, 3.195547969594859e+03, 4.799779098411723e+02, -2.136174126370413e+03, 3.386146454805101e+02, -1.028000903021936e+03, 1.638827341208841e+03, 1.239685696279477e+03, 3.850959127319708e+02, -1.222609403767639e+02, 5.996150168991009e+02, -7.902853512001614e+02, -5.492906458519171e+02, 1.113963824144838e+03, 6.364727425630127e+00, 1.065595858492621e+03, 8.743610579077084e+02, -2.226026892262529e+02, -9.956319847290776e+01, -8.398447909357783e+02, -2.145723622240069e+02, -3.455723846277683e+01, -1.106734127976951e+02, 4.268775250241077e+02, -8.420417587622384e+01, -2.599034679696228e+02, -8.818564294644924e+03, -1.225569388749079e+04, -8.441746354903484e+03, -8.092125745162863e+03, 8.975462203524236e+03, 5.575442467069186e+03, 5.035544796704213e+03, 5.110978883757267e+03, 5.521225498890005e+03, 4.974734291421653e+03, 4.270599609910206e+03, -3.858037082582634e+03, -3.567142041479132e+03, 6.502537152180709e+01, -2.227755615556260e+02, 2.413285260459889e+03, 1.242908930056823e+03, 5.571777545530894e+02, -4.030403768688253e+02, -7.244151279631659e+02, -7.728535708694797e+02, -5.427928359354391e+02, -4.811873769281312e+02, -6.265343997954973e+02, -5.826983322410572e+02, 4.832862256770309e+02, 3.528179100892871e+02, 4.020005406766342e+01, 6.269578122911061e+02, 4.498859108434046e+03, 4.369256785386036e+03, -4.256636254514844e+03, -1.237234601558649e+03, 1.071810947012437e+03, 1.955706657189669e+03, -1.747646996036437e+03, 2.486475878585825e+02, -1.461739634598512e+03, 3.449201781262914e+02, 1.380068004279832e+03, -5.247817467580782e+02, -2.866736478518231e+03, 1.409036130820519e+02, 5.774120559704993e+03, -4.286018446367455e+03, 3.499826005742207e+02, -1.144752947855516e+03, -6.558443725112170e+02, 3.386180185847576e+02, -2.658740295901360e+02, -7.278331832736615e+02, 3.698726328397268e+02, 2.213372336813578e+02, -4.659471818492626e+01, -2.108192254212088e+02, 1.555805439084307e+02, -3.620967232061161e+01, 1.558785040748154e+01, -5.163982723260725e+02, -8.762969951798921e+03, -6.729861371431345e+03, 2.105100582242654e+03, 2.603996583833150e+03, -1.880634855967822e+02, -3.457672934013920e+03, -1.802879194339021e+03, -2.905355495893541e+03, 1.144972522770106e+02, -5.451692178179129e+02, 2.343672521000756e+03, -5.009505712033047e+02, -1.690733477389931e+03, 1.999917957549265e+03, -5.256699090777101e+03, -7.296841146642059e+03, -3.395122048014805e+03, 5.282874660387189e+02, -1.639236797160265e+03, 5.071280551942826e+02, -1.028476942065886e+03, 8.409367379019551e+02, -1.597675045445752e+03, -3.248936833787809e+02, 1.202182205996525e+02, -3.206168560002655e+02, -7.102297518545304e+02, 1.125576457886762e+03, 1.145091792549312e+03, 4.424277822189865e+01, -1.599557647299214e+02, -8.875365589655292e+03, 9.299475039279274e+03, 8.812404904059007e+02, 4.481072696508039e+03, -1.291417293532852e+03, 1.053835398365247e+03, -7.064189956315494e+03, 1.209132564413808e+03, -3.011067756620214e+03, 2.508711020053558e+03, 1.509049350807592e+03, -7.354718010259696e+02, -2.478167007017920e+03, 6.072155984410282e+02, 1.218590655849911e+03, -4.986630984110663e+03, 1.921745157208225e+03, 3.926244209887913e+01, -2.336980933392734e+03, -3.677357673531255e+02, -1.028592444811436e+02, -2.189747993591143e+02, -2.595670332147390e+01, -7.280468914106576e+02, -3.588976080195226e+02, -3.703192065503106e+02, 5.669898565997237e+02, 2.936623535179465e+02, 8.310052318746150e+02, 3.592885433165899e+02, 1.916822342827066e+02, -1.335577500810096e+03, 7.383641530965859e+03, -2.345758273207984e+03, 5.926909371506904e+03, 2.571277956318058e+03, 8.241007507694599e+02, -3.580510914100309e+03, 2.680799515914270e+02, -1.679769112841780e+02, 5.756948127024089e+02, -1.900759207959738e+02, 2.417902236097438e+03, -2.503388609053078e+03, -1.333778591815454e+03, 2.221423419941786e+02, -2.964819826749345e+03, -5.039489640384401e+02, 3.251174730897937e+02, -3.441375287359468e+02, -1.192801724148794e+03, 2.005605159572330e+01, -3.795189769645950e+02, 4.477322876237022e+02, -3.045958401202361e+02, -2.871631574019657e+02, -3.321867557876292e+02, 2.201255177598707e+02, -4.946789463127928e+02, 9.077903342356936e+01, 5.705089239956810e+02, 6.905620280669870e+02, 5.289443350120645e+02, 1.500829441602711e+02, -2.842383856952908e+02, 4.807857488691423e+03, -1.294224037962888e+03, -2.252093159417200e+03, -3.689917513947786e+03, -2.834660506317225e+03, -1.067137080651014e+03, -4.821861643027226e+01, -2.588233806668504e+03, -5.269031708830438e+02, -2.124335213682928e+03, -2.207753061356067e+03, 1.119827586863889e+03, 2.187675180248785e+03, -2.763589153784823e+02, -5.714863068057016e+02, -5.947085814295856e+02, -1.494734453902669e+03, -8.209120361567904e+02, 1.075239668990805e+03, 3.387916034550381e+02, 9.191529937175064e+02, 2.219887370865773e+02, 5.844549682624431e+02, 3.211124577865957e+02, 7.851801896391572e+01, 1.869685279894666e+01, 1.257063813068621e+02, -4.762809920068639e+01, -5.731027595748358e+02, -9.497969329159896e+02, -5.950283276891137e+02, -5.959117346558546e+02, 4.114407109378233e+02, 6.174931254927753e+02, -1.183170698353770e+04, -5.867977488405909e+02, -5.984758802726988e+03, -9.771321043603325e+02, -1.729816599548127e+03, 7.589016465412101e+02, -1.325330329078202e+03, -1.489291243766026e+03, -2.228355837053592e+03, -2.078206813918834e+03, -2.750206382582393e+03, 1.694984977239511e+03, 4.194804146590396e+02, -4.069787816579665e+02, 5.042963734243902e+02, 1.562380275782712e+03, -1.917404980919183e+03, -3.694897245645249e+01, 1.318588947342767e+03, -5.472254080944174e+02, 2.485263217566014e+02, -4.944648557709667e+01, -2.016206064261578e+01, -5.943331368000872e+01, -3.182792968079911e+02, 2.379234212970971e+02, 2.037332170452547e+02, -1.645897288887815e+02, -1.008312155190296e+02, -5.116863789505023e+02, -4.669412120511040e+02, -3.668783062924995e+02, 5.534988122972807e+02, 1.191730899007556e+02, 3.259869188633817e+01, -3.722325496201548e+03, 3.080584327645202e+03, -1.824023872773994e+03, 7.451104562828666e+02, -1.925280347114031e+03, -1.368000574111132e+03, -9.708577209099379e+02, -4.024658263513313e+03, -2.271523446930113e+03, -3.445770409698925e+03, -3.817113804424514e+03, 2.200485887009283e+03, 1.947484416409684e+03, -2.757852669111065e+02, -2.710420650357736e+01, 1.336678245435794e+03, -8.054569029654947e+02, 7.440474579060925e+01, 6.484492915327020e+02, -2.927877591404668e+02, -3.074722484834774e+02, -2.013346807723260e+02, -8.510000713167386e+01, -1.969710580422890e+02, -1.455169601839922e+02, 2.707105700589146e+02, 3.878093226987043e+02, -1.560857567032562e+02, -4.545160625461291e+01, -2.255099848916774e+02, -5.321880435026357e+02, -4.271030362831371e+02, 4.891332632476310e+02, 5.371151570623373e+02, 2.558405932270315e+02, 4.087571795841827e+02, -6.842609340020427e+03, -4.460582576070229e+03, -5.067286262127386e+03, 8.867839616171517e+02, 1.446875984458810e+01, -1.247526778329711e+03, -9.821851455706749e+02, -1.537738826168134e+03, -1.528295333883077e+03, -2.575157493838532e+03, -2.277544704605574e+03, 1.254790014622093e+03, 9.627807645839930e+02, -2.211883841953892e+02, -2.862409344669887e+02, 2.079996826179352e+03, -6.502041916254456e+02, 1.721092995510107e+02, 8.969659372446979e+02, -4.204756144653365e+02, 1.725302427023786e+02, -4.044613532332554e+02, -3.316085410395350e+01, -1.022327465443747e+02, -2.516806188001340e+02, 3.029362600345349e+02, 2.397319570781882e+01, -1.227868163386694e+02, -2.105955332112497e+01, 3.569653105089799e+02, 3.014586245602359e+02, -1.854110160077841e+02, 3.745456352587345e+02, 9.154692366746833e+01, 4.850598566541668e+02, 1.248961794277132e+01, -2.099472382432467e+02, -5.895175019685584e+03, 2.409106912621784e+03, -2.062083484095099e+03, -1.078222449762981e+03, -3.294684420607460e+03, -2.326107204244101e+03, -1.664272870615532e+03, -2.451124533215526e+03, -2.291740392508581e+03, -3.630561756877219e+03, -2.245741821296489e+03, 1.680006258021623e+03, 9.824894135401926e+02, -3.559926672507398e+02, -1.553195211761862e+02, 4.075982449734190e+02, -9.607183104633857e+02, -4.838193986581404e+01, 2.622638199929471e+02, -1.258514691351364e+02, -1.014620013620163e+01, -1.065644428663326e+02, 2.785764694983974e+01, -7.002613566435038e+01, 2.924857560366593e+01, 3.233398542229973e+01, -4.577767942304215e+01, -1.868542609782075e+02, -1.450623548321155e+02, -3.305730825014324e+02, -2.294324514122158e+02, -1.500236287716673e+02, 3.437318072889806e+02, 4.920740113595057e+02, 4.008903718362840e+02, 2.327484464071178e+02, 2.991391997233905e+02, 1.837938227275970e+02, -5.842574770404939e+03, 2.271070376098771e+02, -2.139586717395379e+03, 3.772747979703614e+02, -1.416203754554212e+03, -1.848100262468715e+03, -1.356876184388386e+03, -2.765679692551487e+03, -1.368588343936852e+03, -1.941225639397596e+03, -1.417356801138216e+03, 1.030837687778410e+03, 1.573837434708599e+03, -4.448486823562289e+02, -3.980122870402303e+02, 8.119209579463488e+02, -1.121635677822504e+03, -2.185673264309122e+01, 6.021223072086615e+02, -2.746538970924741e+02, 6.403272443126021e+01, -1.668083560363324e+02, 2.019304731918534e+02, -2.008963045796644e+02, 7.843617222666290e+01, 1.125046334101475e+01, -1.140271350342486e+02, -2.262376321196731e+02, 1.179307910074877e+02, 1.340577866853760e+01, 2.691816053614257e+01, -2.616884856385886e+01, 2.271424900331433e+02, 2.376900893006843e+02, 2.268783071155740e+02, 1.330818140430382e+02, 2.552299346479677e+02, 4.117707386297176e+01, -1.632090590984984e+01, -4.987512303028777e+03, -1.135811764448485e+03, -1.640114595387427e+03, 2.095773977597729e+02, -1.027456169310417e+03, -8.066467335592844e+02, -9.355463960534407e+02, -1.095845842162558e+03, -9.222470533795107e+02, -2.837080797166104e+03, -1.227362018698582e+03, 7.226973095144432e+02, 1.275703579730579e+03, -3.664528507188730e+02, -1.260042522888328e+02, 1.163530393650052e+03, -1.124951060296703e+03, 4.089193665327906e+01, 4.010928128995596e+02, -3.844898069688489e+02, -1.501711698368605e+01, -9.165429303245530e+01, 1.937140769990715e+02, -5.052295139105966e+01, -1.983090978975500e+01, 1.081607767431724e+02, 5.532712441702601e+01, -1.732837640442839e+02, -5.634490370599434e+01, -2.382269061231212e+02, -1.382658674718032e+02, -2.374305136903086e+02, 2.637861181494617e+02, 1.988510164434379e+02, 3.643980645469597e+02, 1.330905515936875e+02, 3.038534757681114e+02, 1.553022185341366e+02, 4.458359120265365e+01, 9.151692815600424e+01, 4.418626371941571e+03, -2.065755474872160e+03, 1.292058955987985e+03, -1.091081599808253e+03, 1.227519488248654e+03, 1.693968842316093e+03, 5.522741224990954e+02, 2.007072760844925e+03, 1.447908404544009e+03, 1.288244760393590e+03, 6.124842296976014e+02, -1.128912508359240e+03, -1.371673695795401e+03, 3.122340074189660e+02, -2.488788605163957e+02, -5.829737548632586e+02, 4.550875181817494e+02, -4.333983331816970e+01, -3.959916621964105e+02, 1.423383026053230e+02, 2.409191375899869e+01, 1.483923761294009e+02, -4.315918775188777e+02, -1.979046220885630e+02, -6.801821391704875e+01, 1.211022436611125e+02, -1.019843823016505e+01, 1.344507626011135e+02, -6.561025603559007e+01, 3.049996820201035e+02, 3.046924763292580e+02, 2.919545637756775e+02, -1.957743354015607e+02, -2.091081886550110e+02, -2.384921330699479e+02, -9.919944652027095e+01, -1.996118970231223e+02, -1.668957319449910e+01, -8.926794843763177e+01, 8.444409251396665e+01, -7.188292572613253e+02, 1.979056342361613e+03, -4.011317841440900e+02, 3.176690657951818e+02, 4.548374272850631e+02, 1.454291246301046e+03, 1.795549242408538e+02, 5.226032295213532e+02, 1.631001235021210e+03, -6.296335430869112e+02, 1.214996777408068e+03, 2.584949644869687e+02, -1.263174756271513e+01, -5.742677883499168e+02, 1.691356061222176e+02, 3.715183929394935e+02, -1.364381163287249e+03, 5.629856881399055e+02, -1.885232710802398e+02, -4.222731699554779e+02, 2.605291189236750e+02, 1.276489252368943e+02, 9.757439708805181e+01, -2.755239728339930e+02, -2.046952710069050e+02, -1.374382332315913e+02, 1.422320289849257e+02, -2.732910185390093e+02, 1.142354221005100e+02, 1.671973924956769e+02, 3.972778342152227e+02, 1.809375963330610e+02, 1.583655985342973e+02, -3.431849043619453e+02, -8.317960083850615e+01, -1.433821443683278e+02, -3.911986978352856e+01, -1.238385896617768e+02, -1.157999837484740e+02, -7.943591591714384e+01, 4.953356890470331e+01, 3.785105603114156e+01, 1.067876594726912e+02, -1.264200543793197e+03, 1.515537017196786e+03, 2.233760857652189e+03, 1.237495716400873e+03, 5.656095213063028e+02, -1.609120752097747e+03, -1.400548778076222e+03, -6.718069346723533e+02, -7.698217851623436e+02, -6.559508819643974e+02, -6.403390278166252e+02, 4.359943574917386e+02, 7.040348852998194e+02, 9.296618354826946e+01, 1.152836129770259e+02, 2.314619634607633e+03, 1.283230490816719e+03, 8.697961524340686e+02, -6.147056047283916e+02, -7.411013083496007e+02, -8.286609314421704e+02, -6.085148456771884e+02, -6.895115262562293e+02, -6.341035274744060e+02, -5.429544307592301e+02, 4.118920145540424e+02, 3.784052088982868e+02, 2.448734501307269e+01, -5.255506689793939e+01, 1.604424594364988e+02, -5.341427009598904e+01, -1.127177295790840e+02, 1.201627842148367e+02, 8.837805442021113e+01, 8.046164126680617e+00, -7.179034843030128e+00, -2.264605898528769e+01, -1.150784401337617e+01, 2.504026016084955e+01, -3.192175570896656e+01, -2.660143848130935e+00, 8.262704822151406e+00, 1.136896425046429e+03, 5.606271601254173e+03, -3.769365053287626e+02, 5.894808684093770e+02, -8.397170675032495e+02, -7.284829293344997e+02, 3.997761434723290e+02, -4.545157065231519e+02, 1.617261874036386e+02, -8.715384068422603e+02, -1.836229293682618e+03, 5.448519339264765e+02, 9.341227053665276e+02, -8.923137027882638e+02, 1.003575368414533e+02, 4.425041073621436e+02, -6.047071124002407e+02, 2.885826000275954e+02, 1.065830414835246e+02, -2.384472033899345e+02, 5.318906085799306e+01, -8.100741976941016e+01, -3.765353367432061e+01, 1.066480407884472e+02, 1.031223985391894e+02, -1.168877985228986e+02, 2.993486169627813e+02, 1.952812581862796e+02, -4.531747950753728e+01, -4.808602866820781e+02, 1.819536665772411e+02, -1.085043449706797e+02, -1.639459408462303e+01, 2.352736895819033e+02, 1.469484363145130e+02, 1.215396301813471e+02, 1.142106268875799e+02, 1.509087479897294e+02, 1.095822781210846e+02, 8.117402621057360e+01, -7.869869174314843e+01, -3.998078738135936e+01, -3.252044045613857e+01, 1.742605626659498e+01, 8.643369888815712e+02, -5.059247388359052e+03, 9.485329019333718e+02, -8.647177325437151e+03, -1.736921165411771e+03, 1.047958713407712e+03, 3.534756256824485e+03, 1.948135757413655e+03, -2.032435907449468e+03, 3.480266403455170e+02, -4.972996057320519e+02, -1.622926519734032e+03, 1.762716093954251e+03, 2.047967411700347e+03, 5.661599675760013e+02, -2.424216888845872e+02, 2.141890415877198e+03, -4.138218471584984e+02, 5.334034900304470e+02, -1.718178698309482e+02, -6.280478666305623e+02, 7.103290367364470e+01, 3.657804028650832e+02, 1.051760241698384e+02, -9.550815079096508e+02, -1.438863835737415e+03, 4.995049551138489e+02, 1.274232553124325e+03, -1.145394221530182e+02, 4.472256681095593e+02, 4.236256541244264e+02, -1.141989198325229e+03, -9.371746915511944e+02, 1.048870234555775e+03, 4.705572304079715e+02, 8.233056608446857e+02, 3.440436037346121e+02, 7.771581090771539e+02, 5.772981867787038e+02, 3.326810193613716e+02, -2.796115376584579e+02, -4.357715729471582e+01, -2.101149790895080e+02, 9.323368652282782e+01, 1.291456561637596e+02, -9.860427674861741e+01, -3.392485474353896e+03, -1.041475955948456e+04, -4.275260604019416e+03, -3.522402096969183e+03, 4.066286366547266e+01, 2.132506651871419e+03, -2.719594745948478e+03, -9.937311592112319e+02, -4.218975255302907e+03, -5.295330288448640e+02, -6.325962141484332e+01, 1.409696303809219e+03, -7.378720665229337e+02, -1.320329835455538e+01, 1.291465112595497e+03, 1.217810741403255e+03, 1.073740236564943e+03, 1.718149038048500e+02, -7.474018691061863e+02, -1.470894529243472e+02, 9.039563222037006e+02, -5.412217503336375e+02, 9.043510219969700e+02, -8.655124525684107e+02, -5.679899283997263e+02, 6.299900306227095e+02, 9.632448055153660e+02, -1.717499680514237e+02, -3.605786632231879e+02, 1.842605260642402e+02, -1.196995752891946e+03, -1.724179901254399e+02, 7.579974704566511e+02, 3.866957750232322e+02, 4.795523107347439e+02, 3.804855548357068e+02, 5.559248171936530e+02, 5.492260364852806e+02, 4.602285128473549e+02, -1.778035556859601e+02, -3.369467537914898e+02, -1.135531625421645e+02, 1.268627757362812e+01, 3.004843380790580e+02, 5.101321084352559e+01, 1.967974453904919e+02, -9.262741705250919e+03, -2.220517194215041e+02, -3.398175510972552e+03, -2.164357772298216e+03, -1.251724777360173e+03, -1.000112536411255e+02, -2.910361622799652e+02, -1.732454910042545e+02, -1.541266997071285e+03, 6.951698521905928e+02, -9.133508452315413e+02, 4.870700210677486e+01, -2.467180519674895e+02, 4.085894907772435e+01, -1.030336062322587e+03, 1.501339239323058e+03, -6.875722484447906e+02, 6.472617238836891e+02, -8.567792467283855e+02, -1.930960474416079e+02, -9.368891200928120e+01, 1.305120627756091e+02, -1.073895362792376e+02, -5.008024159623062e+02, -9.693625729466803e+02, 8.275206942271856e+02, 5.101468452527637e+02, -1.329774365204857e+02, 5.175064668293367e+02, -7.522437979697388e+02, -6.400948840420789e+02, -3.309858406795606e+02, 6.952945881846290e+02, 3.529437431162655e+02, 3.299508538135549e+02, 2.613301331054624e+02, 3.741670907486158e+02, 2.509771701851563e+02, 3.304231765011388e+02, -2.419222488109960e+02, -1.239112389597536e+02, -8.177836409375631e+01, 4.622134851553891e+01, 3.592814864796017e+02, 3.609992643850710e+02, 5.638480209415481e+01, -4.156822534768429e+02, 4.577266510719035e+03, -7.786462275011269e+02, -9.786934346147910e+02, -4.525910160599972e+02, -1.287630054447971e+03, -9.842680368341696e+02, 3.147745742019046e+02, 9.180734740496620e+02, 2.429025211191954e+02, 2.920384053794424e+02, 6.410576356993228e+02, -1.327675208954394e+03, -1.007196102397504e+03, 1.020528399063161e+02, 2.991824589681682e+02, -1.247431731754962e+03, 4.719187163256002e+02, -2.563155454751556e+02, 5.455881314972503e+02, -4.181365182852825e+01, -1.713711713876723e+02, 4.528317902097424e+01, 2.319133341734858e+02, 3.465049853237179e+02, 2.751603831326839e+02, -6.490024063495009e+01, -1.506265965536452e+02, 1.381906855637581e+02, 1.069616620249906e+02, 7.569631420127315e+02, 8.015045283158237e+02, 3.567878421529778e+02, -5.222271729642795e+02, -3.820666627186639e+02, -3.900529314676132e+02, -2.612935807469700e+02, -3.429322556625598e+02, -2.734004448594071e+02, -1.758066356289632e+02, 1.709401671344134e+02, 1.173556919156730e+02, 6.706603654661053e+01, -3.568033510133905e+01, -1.392195345546234e+02, -2.918885159599372e+02, -6.746651913027581e+01, 3.937174391281998e+01, -2.272850951540580e+02, 2.709744613727401e+03, -6.690330473225982e+02, 2.076102270939263e+03, -1.804174361574188e+03, -7.277763349146614e+02, 2.448363946232417e+02, 1.615115776213882e+02, 3.934201084818254e+02, 5.049174552836781e+02, 1.007987057509072e+03, -5.568566862614156e+02, -5.448088647391792e+02, -7.109894042968316e+02, 8.692987449475368e+00, 1.361796647539358e+03, -1.480290111385561e+03, 5.762747623768803e+02, -5.833026538746236e+02, 6.453592011378352e+02, 3.376718999632034e+02, 2.558776336473652e+02, 5.286525390075977e+02, 1.099255744150630e+02, 5.072806428514548e+02, 4.060341359662150e+02, -1.880769871855629e+02, -2.918957323434551e+02, 1.301320526518832e+02, 1.127785597881455e+02, 3.992425311904544e+02, 6.257008354583883e+02, 1.995795946579128e+02, -4.631804145607937e+02, -1.604335350130435e+02, -2.514881486863925e+02, -1.953737676830639e+02, -1.960724202634468e+02, -2.042270646925804e+02, -1.974692915826623e+02, 1.530373060355822e+02, 1.168034439399814e+02, 7.468737396891149e+01, -5.614615888472431e+01, -4.162504282525452e+01, -3.018583509422949e+02, -8.469530209315195e+01, 9.690820076884637e+01, 3.189769300346511e+01, -3.711812663505552e+02, 1.409994609781796e+03, -7.171630093962264e+02, -1.348987163505593e+03, -3.939258061520864e+02, 9.631954069080509e+02, 3.963696781663521e+02, 1.633136574277291e+03, 4.826640142557647e+01, 1.776797417048408e+03, -8.837579953434668e+00, -1.398271858594418e+01, -4.394589651711035e+02, -6.274740103088887e+01, 1.614893967401694e+02, 4.042279489753801e+02, -8.374800865607746e+02, -2.263048954717054e+02, -4.809838740607779e+02, 2.879847474691572e+02, 4.462113368139802e+02, -7.874853339732330e+01, 4.974763010177828e+02, 1.427075943085178e+02, 5.188409448574698e+02, 6.506436957123337e+02, -3.490352024127282e+02, -4.236899977138595e+02, 1.484150910075228e+02, 2.776043686862129e+02, 3.221021691822127e+02, 4.806567883759342e+02, 2.722064455055053e+02, -4.225156694243612e+02, -1.140860254007778e+02, -1.798920062406980e+02, -1.285368719790658e+02, -1.890074341293941e+02, -1.423835870382962e+02, -1.783148003953133e+02, 9.416091894638031e+01, 8.513632111244571e+01, 6.302398041985493e+01, -4.205602193471505e+01, -1.209880875039594e+02, -2.145737582058056e+02, -1.160543850036099e+02, 1.243899570654383e+02, 6.318051954155835e+01, 8.312713714220109e+01, -4.585426654083319e+02, -7.339538684885558e+02, -9.291982929811257e+02, -1.413892404836565e+03, -9.804371748027295e+02, 8.425706392000478e+02, -3.239142698154196e+02, -3.061429637906982e+02, 3.586991841490490e+02, -1.875025035478507e+02, 2.768562786173752e+02, 1.598557553962839e+02, 7.567753490110946e+02, 4.194064857841705e+02, -3.112863963193371e+01, 9.489445315846606e+02, 6.631573338755757e+01, 1.534146181920363e+02, -6.432886033324213e+02, 3.473526475178443e+02, 4.432386445026644e+02, 1.051534993649141e+02, 2.544535313033624e+02, 8.295245408531621e+01, 4.609822013220436e+02, 3.127772682946344e+02, -2.654858855897986e+02, -3.170415461807308e+02, 7.421388721806406e+01, 1.319989934437951e+02, 2.421297060495137e+01, 4.206887150198910e+02, 1.158688363956046e+02, -2.573862516185592e+02, -4.996514743114438e+01, -1.292705272224874e+02, -4.463076837312012e+01, -1.464248566918749e+02, -1.511760729640022e+02, -7.196999561338353e+01, 6.285075072304728e+01, 8.327561960696897e+01, 3.881078025126470e+01, -5.648385280048485e+01, -1.543424500069267e+02, -3.833773856836612e+02, -1.546888774695092e+02, 1.292209867664954e+02, 1.179477247621345e+02, 5.192153248530606e+01, 6.830064706479307e+01, -7.089735087037540e+02, 6.716545836658910e+02, -3.256679991257300e+03, 2.978944361543157e+02, -2.877034562299539e+02, 5.404495244665987e+02, -9.459439070523126e+02, 1.014709139250931e+03, -4.257860324590748e+02, 8.014020378934209e+02, -7.958019251858708e+02, -2.803584871929998e+02, -2.856247473998148e+02, -6.332860458322341e+02, -1.091313288911848e+02, 3.175949111065781e+02, -3.279313215811369e+02, -6.202169774880688e+02, -2.740557688069243e+02, 4.797538582901930e+02, 5.211240864244987e+02, 9.457935987652449e+01, 4.349916867046662e+02, 1.817476965894934e+02, 4.806555298230523e+02, 2.880703722992694e+02, -6.904468004388771e+01, -3.591781328424712e+02, 4.459731563222343e+01, 1.163794994341961e+02, 7.587295556290974e+02, 4.153437163925254e+02, 2.630785740715671e+02, -3.272299222526053e+02, -1.833748873654467e+02, -2.204699520297772e+02, -1.794655091809872e+02, -2.610732211208363e+02, -1.911191109621347e+02, -2.022537566083918e+02, 2.194173141944469e+02, 1.372557845438696e+02, 4.307371164105886e+01, -3.283308221421986e+01, -2.456377915070182e+02, -2.752184172707416e+02, -2.274821939206897e+02, 1.372230613637595e+02, 7.259699626616566e+01, 1.259197714337454e+02, 7.020177735294298e+01, 6.611661151201479e+01, -4.754519181255391e+02, -7.637813345589406e+02, -1.313354811336736e+03, 4.717203347253368e+02, 4.986593663500663e+02, 3.620500529456154e+01, 3.173778521112235e+02, -4.664393107460847e+02, 4.581238587950853e+02, -2.371625041365071e+02, -5.376565058659763e+02, 9.371969186034628e+02, 4.761527665099065e+01, -8.013603749703501e+02, -1.998271887305517e+02, 2.505386788819904e+02, -7.360152412908968e+02, -2.595486735369183e+02, -2.780316224330793e+02, 3.088861980707098e+02, 5.813775127509984e+02, 2.405290160236224e+02, 4.179096897712118e+02, 1.992592633432688e+02, 3.901722495567493e+02, 3.974772480220481e+02, -9.496241426833585e+01, -2.695247040884776e+02, -3.201224268076294e+00, 1.885507475360850e+02, 4.924564765901812e+02, 5.478504246592288e+02, 2.443046083240689e+02, -2.818029185094341e+02, -1.148812799118790e+02, -1.953526347638225e+02, -1.616167238957878e+02, -1.870172240738665e+02, -1.094417382957671e+02, -2.107314983689052e+02, 1.326460619583374e+02, 1.209263509052555e+02, 2.770300842978582e+01, -1.096696025054286e+02, -2.152166849550052e+02, -2.911380980833880e+02, -1.712572916115198e+02, 1.661745811794133e+02, 9.776935889036424e+01, 8.681620841567616e+01, 9.520648980153899e+01, 8.344104547048916e+01, 3.994773711541588e+01, -5.056342225824860e+02, 1.078926888877415e+02, -3.338030292316596e+03, 1.637026159348153e+03, -6.748518848172318e+02, 3.250416193024320e+02, -1.400988657592080e+03, 1.366934000925088e+02, -8.856846705636841e+02, -4.848687340217579e+01, 5.148819269193864e+02, -7.473912117463009e+02, -1.095735418580530e+02, -3.608240487193173e+02, -1.670495238454994e+02, 3.870205870422741e+02, -7.079711515608961e+02, -3.877349683270639e+02, -3.380960963566085e+02, 3.678381976041509e+02, 3.587138796496757e+02, 8.403396285168310e+01, 3.123674851209978e+02, 1.565580303343821e+02, 5.811583632431311e+02, 2.285492006028134e+02, -1.751680513012355e+02, -3.167627832680470e+02, -6.757203606887912e+00, 1.273988462592433e+02, 5.001597911915099e+02, 4.905571218366081e+02, 2.521354807792123e+02, -3.072263220557511e+02, -6.564911389823281e+01, -1.994345002221510e+02, -1.737205387278601e+02, -1.278961433088957e+02, -1.275841384487823e+02, -1.389080097574275e+02, 6.511086436413242e+01, 1.122268800277816e+02, 2.777303751272338e+01, -4.515028679677561e+01, -1.526940230433513e+02, -1.618734253224563e+02, -6.061667919748009e+01, 1.409356135344651e+02, 6.929444411484775e+01, 3.371278926587932e+01, 4.515964214126237e+01, 6.361115242231305e+01, 6.930398299056023e+01, 6.612484559087837e+01, 4.225225244461067e+02, -1.519460061576701e+02, 1.661534446671410e+03, 7.462829952057876e+01, 2.358667181561409e+02, -1.133268854457549e+03, 6.593381184909603e+02, -8.028960761451225e+02, 2.670979079630314e+02, 1.607475145792559e+02, -7.366094328008517e+02, -3.823763765787920e+02, -2.746844752966469e+02, 5.261041419817326e+02, 1.077879347396320e+02, -3.495048702832304e+02, 7.512453467536714e+02, 1.785634440037259e+02, 1.575378175194924e+02, -6.879732626104474e+01, -4.205764310861324e+02, 1.750868449401619e+02, -2.223301703427991e+02, -1.484279297545877e+02, -2.325880410753911e+02, -1.325503447027477e+02, 6.657988384927614e+01, 1.934120219460357e+02, -2.796908159830895e+01, -8.592250691371964e+01, -3.023581789752152e+02, -4.255038620426627e+02, -2.220118020095770e+02, 1.770503466988885e+02, 1.365096303541868e+02, 1.435332183443231e+02, 1.071996629695874e+02, 1.424535687494765e+02, 1.442042484683703e+02, 1.166283755935284e+02, -1.312190700772175e+02, -9.170051918366597e+01, -2.997355768909903e+01, 4.601814171983786e+01, 1.122388642601440e+02, 1.734816111695927e+02, 7.716575294121256e+01, -1.630566713484637e+02, -5.420241436529428e+01, -7.233247574059658e+01, -3.581123316995098e+01, -8.200008245992629e+01, -1.094437945282230e+02, -7.322573812005666e+01, 1.761924527616518e+01, 1.233188944916272e+02, -2.631182319676873e+03, 1.164650903619944e+03, -9.749978834957784e+02, -1.014427393755890e+03, 3.689699303524724e+02, 4.877061244080267e+01, 1.680593871503891e+02, 3.111358026883525e+02, -6.524301688518445e+02, -5.668385614924991e+02, -5.918253461301578e+02, -2.685819944198361e+02, 7.512096526190421e+02, 9.780270308549265e+01, -3.898248562208022e+02, 8.224824821152672e+02, -7.472763014391430e+01, 1.561595878775576e+02, -2.175844276291256e+02, -2.033414769217509e+02, -6.010506503545383e+01, -1.564419675827296e+02, 1.565351720075997e+00, -2.781942072668973e+02, -1.070900592685905e+02, 1.309155580965084e+02, 1.845753782190328e+02, 4.714039095650431e+00, -1.735405150552674e+02, -2.665118442908490e+02, -3.706523380218455e+02, -9.420296125703780e+01, 2.756035676098971e+02, 8.867576956327824e+01, 1.273512507294470e+02, 1.269887791351184e+02, 1.665124638083472e+02, 1.588248987022189e+02, 1.219359786616843e+02, -7.139696325414698e+01, -4.198248976266624e+01, -4.618156034279559e+00, 2.296581830457801e+01, 4.987242192850695e+00, 1.597395611088698e+02, 8.191084716936101e+01, -6.901391828929381e+01, -7.662369200138217e+01, -4.758330599539378e+01, -3.469103018067150e+01, -5.027537594733985e+01, -6.609795486001687e+01, -6.623361379362932e+01, 6.005496432692246e+01, 2.849803325937838e+01, 2.116140524798756e+00, -1.012143363460379e+03, 2.163060523984273e+03, 3.129704101445268e+03, 2.367644282934267e+03, -1.193521890832074e+03, -2.119102169272277e+03, -1.438537353521435e+03, -1.314918854389285e+03, -1.742500784104197e+03, -1.337926835081339e+03, -1.125637421141243e+03, 6.513621616282087e+02, 1.059286043011361e+03, 5.294961335045912e+01, -1.539725800832785e+02, 4.090423194816408e+02, 4.093989708417801e+01, 1.358504070712648e+02, -7.819198664249201e+01, 1.093204903262338e+01, -1.021587927726874e+02, -1.031621643730145e+02, -2.364680250616374e+02, -8.696815737766734e+01, -2.541814490330587e+01, -1.033283946451931e+02, -3.823633927649399e+01, 1.492797080672216e+01, 1.273944311115039e+01, -2.037915235411992e+02, -1.327933154832647e+02, -1.219184276914299e+02, 9.469560350801794e+01, 1.175445992936611e+02, 5.945950987659887e+01, 9.424580784145217e+00, 2.789332514636297e+01, 5.389608592166482e+01, 7.861858818908472e+01, -7.482599154093668e+01, -3.709253739611763e+01, 6.497033245934544e-01, -5.175339977508743e+00, -9.248942418919529e+01, -1.383023614201275e+01, -8.525135503923510e+00, -1.749652682493234e+00, -3.996313681575714e+00, 1.276743642093170e+00, -1.762906585295052e+00, 9.611354713098660e+00, 1.163804830795698e+01, 1.383752255333719e+01, 4.434880161194961e-01, 7.174404431709038e+00, -3.959502743539979e+00, 4.777391667013025e+02, -2.354898782588264e+03, -7.351211101967784e+02, -4.563609074381980e+02, -2.718151349293986e+02, -3.204647613411137e+02, 4.190578873246304e+02, 1.161607240171866e+03, 6.105896445916591e+02, 3.505924571585661e+02, -1.041694245403088e+03, 2.233000419805673e+02, -1.220721560194536e+02, -2.457479251775153e+02, 7.392697573806022e+01, -1.777547765493391e+02, -1.674006659372924e+02, -2.462063438871419e+02, -6.084978505199887e+01, -4.725366760397004e+01, 1.778026285923432e+01, 1.140943902672264e+02, 1.099288919903468e+02, -2.276763314825241e+01, 6.955084991369699e+01, -1.594100669565408e+02, 1.311182877529401e+02, 1.033941386759782e+02, 4.964164913791921e+00, 1.940087686816379e+01, -1.519452853553872e+02, -2.771751883538784e+01, -1.085277738891662e+02, 9.394883279228881e+01, 5.157980162365015e+01, 4.624374637014510e+01, 2.715289831727953e+01, 2.356185069934996e+01, 7.004898381852511e+00, -3.187704504682593e+01, -2.339635125480335e+01, -1.048915276499745e+01, 2.248107983902064e+00, 4.385428933421856e+01, -3.908234448688566e+01, -2.325263989469983e+01, -1.221344010006982e+01, 4.112990267651095e+00, -2.799208297272418e+00, -8.998856519011076e+00, -3.250235555002718e+00, -1.364143140865340e+01, -1.564580375390166e+01, -6.729354407803047e+00, 4.575115052736161e+00, 1.145794391088955e+01, 3.770141968407890e+00, 1.797020306423040e+00, -2.286615139882565e+03, 5.706592347139522e+03, -9.788464896820433e+02, 4.605606692687269e+03, -7.799486191970540e+02, 1.308244607852056e+03, -1.171590451371690e+03, 3.475658361927273e+03, -3.282015995068969e+03, 2.258613068422356e+02, 1.559154301099923e+03, 4.003991446918457e+02, 1.382388582878837e+03, 2.681449904782764e+01, 9.267265299487453e+01, -1.412147551143681e+02, -3.968315685274483e+02, 2.028029354497048e+03, 1.120140963621592e+02, 9.403941751591550e+01, 1.514980472603400e+02, -4.538541276305309e+02, 1.203338128881911e+03, 4.910787974102247e+01, 1.295318983155709e+02, 2.927539498694506e+01, -3.125422333744029e+01, -8.147280002771905e+02, -6.656611213459522e-01, -2.500074383177153e+02, -5.431809522059467e+02, 2.894986678727971e+02, 2.877010048975091e+02, -4.592913631355079e+02, -4.154209948440598e+01, -3.418782415296446e+02, -4.344909854125859e+02, -3.755360336714917e+02, -2.609328893752716e+01, 9.137603742004684e+01, 1.994972323779752e+02, 8.030194075111598e+01, 5.357277545717409e+01, -1.889970076121949e+02, -3.681562430971684e+02, -3.834068882421475e+02, -6.476308283118206e+01, 3.091476013313508e+01, -1.800402274937768e+01, 3.263112835186700e+01, 2.841785456663844e+01, -3.918693487813026e+00, -4.999352258616537e+01, -1.217439535786190e+01, -4.868978558696156e+01, -1.423109369895166e+01, 7.093973381118134e+01, 1.351288910073538e+01, 7.916970788912725e+00, -1.572020798733254e+03, -5.734763679984062e+02, -3.036767365588911e+03, -2.405037704199283e+03, -5.273789512165681e+02, 1.784116639809455e+03, 4.390376415697470e+02, 1.018125973944934e+03, -2.193981399092456e+03, -1.926067325757218e+03, -1.288796839848650e+03, -2.987534646062138e+02, 5.561869193518256e+02, 3.029748404394440e+02, 1.626754529385733e+02, 3.150963704745835e+02, 1.299277225658317e+03, 7.928081232954601e+02, -2.463409678034909e+02, -1.913557314838113e+01, 2.689754282193087e+02, 2.845895469890660e+02, 7.886927679107382e+02, 2.685486050756253e+02, 1.056921659320416e+02, -2.125872605712360e+02, 1.373341657558055e+02, -9.725519195856052e+01, 5.654080451204261e+01, 1.185195591400924e+02, -4.433391082057722e+02, 3.801437140572697e+02, 6.365525290099254e+01, -3.554496581059603e+02, -9.459145437753548e+01, -2.750181398097577e+02, -1.595185394590320e+02, -3.273293452451137e+02, -7.435511168062641e+01, -1.580318204949821e+02, 8.393477734218568e+00, 6.496166797287802e+01, 5.216150296480608e+01, -7.776791550408088e+01, -2.854085209971839e+02, -1.458280629811883e+02, -2.318926203381034e+02, 9.518809601576945e+01, 8.644787839985031e+01, 5.963653729375049e+01, 5.148425955897522e+01, 1.478320462897030e+01, 8.878454331267795e+00, -1.957779835206703e+01, -4.211195452403923e+01, -2.657253871623442e+01, 4.536613160715165e+01, 1.068451099745998e+01, 5.775988804453676e+01, -7.510766891594522e+00, -4.923931864565590e+02, 4.216066197184792e+03, -2.009812216421506e+03, 1.633686446651697e+02, -1.155351746755896e+03, 1.400889661053113e+03, 1.624894845560920e+03, 3.087670752934917e+02, -1.954297510720643e+03, -9.595390817569133e+02, 5.171070134228937e+02, -1.344392912673922e+02, 1.425790059664751e+02, 3.353314970394728e+02, 1.284874693124003e+02, 3.530950521780194e+02, -5.594946088710784e+02, 4.092971738531099e+01, 4.722585925290330e+02, -1.496504442476228e+02, 2.466394226839572e+02, 3.308846658657019e+02, 5.680268269985481e+02, 2.938939319626851e+02, 9.720377227480496e+01, -6.249317110256542e+01, 1.339877924670535e+02, 2.371270438384585e+02, 3.352060370267841e+01, 1.604784397886337e+02, 4.044524058992823e+01, 3.302059716475671e+02, -9.412648304115471e+01, -9.542110949368106e+01, -1.061391808116712e+02, -1.512794722385950e+02, -1.203353622008260e+02, -9.661509903667800e+01, -2.687016792096417e+01, -3.229218827786704e+01, -2.677484008398272e+01, -2.568440640242314e+01, 4.117934971808741e+01, -1.247788489246366e+02, -1.443935859035325e+01, -8.766674316870470e+01, -4.716452907555595e+01, 2.915297526202393e+01, 3.067035217939220e+01, 2.108565003252594e+01, -1.699490537406832e+01, -1.157548616179215e+00, 2.408049415260561e+00, -1.426464819602984e+01, -1.227001056160727e+01, -4.455879704632024e+01, 2.628247805064588e+01, 1.175426712699836e+01, -2.962290845495770e+01, -8.235881929857745e+00, 8.573545878181672e+00, 5.114186003759935e+02, -3.274898231370499e+03, 2.084408226333140e+03, -1.146419937480517e+02, 3.037870292958971e+03, 1.970313089352126e+01, -1.411957316715437e+02, -7.575953126281702e+02, 9.414105809256336e+02, -8.582648191395974e+02, 7.670289357914030e+02, 2.227765538628442e+02, -6.336245174357067e+02, -3.980594166054931e+02, -6.511006353043025e+01, 2.854886221634342e+02, 2.103759549322381e+02, 3.533589427070671e+01, -1.962159945208013e+01, 4.862687854340027e+02, 1.660398190868695e+02, -1.168312443438138e+02, -4.570143231275501e+02, 1.780160313133217e+02, 1.462191575399269e+01, -1.358044661068650e+02, 4.397378811182985e+01, 2.411026778612328e+02, -3.007071758548028e+01, -1.989286642120569e+02, 7.977397437349723e+01, -4.366000180046941e+02, -1.506894638148075e+02, 8.757691060225928e+01, 1.654694734256560e+02, 2.246386103502019e+02, 8.671472351804182e+01, 5.771765001156817e+01, 2.226120017243381e+01, 1.624614742785731e+01, -5.214588219627025e+01, -8.891117565393181e+01, -2.814695787770280e+01, 8.878238214119250e+00, -8.948096822479565e+01, 9.877882067768110e+01, 5.157632317656761e+01, -6.062137881188822e+00, -3.125009390098625e+01, -3.080089310375811e+01, -2.912663982529521e+01, -7.090891330555349e+00, -1.550780584609663e-01, -7.765847232059593e+00, 5.435174432476447e+01, 3.168801823998259e+00, -1.890913548030703e+01, 1.318366497799801e+00, 6.558217907812532e+01, 4.454796807970185e+01, -2.798389183493429e+01, -5.640471749101690e+00, 3.392366861239093e+02, -1.886069982132576e+02, 2.072400523892608e+03, -8.702168718430737e+01, 8.045953017448096e+02, -9.772273072816675e+02, -1.068911339462952e+03, -1.218028194227934e+02, 3.272677867283429e+02, 9.913111544056774e+02, -2.178604220823764e+02, 6.210930256203822e+02, -8.536412364905352e+02, 4.628490236588851e+02, 2.820601191317250e+01, -4.276380519847502e+02, 1.596237871443132e+02, 1.951892871576209e+02, 2.618985755971196e+02, 3.389410258649986e+01, 7.355380431239836e+01, 6.299974021316035e+00, -2.475840774348600e+02, -1.075584345192579e+02, -3.344019738953496e+02, 1.634810332884850e+02, 1.944173439003316e+02, 2.102683094141347e+02, 1.933246376915896e+01, -2.411513374152167e+02, 1.963327680393063e+02, -2.613448134313459e+02, -6.719643644474924e+01, 1.271290490279460e+02, 9.395629527465658e+01, 8.347478715865400e+01, 4.921980382243098e+01, 5.705649463133923e+01, 1.107289665389990e+01, -4.580502262599169e+01, -5.909173375999293e+01, -4.396092732373799e+01, -1.814733758581681e+01, 1.829409456894600e+01, 5.149218099421235e+00, 8.347207044897043e+01, 6.746603070014169e+01, -1.365353520277114e+01, -3.374325441132707e+01, -6.614658999915242e+00, -1.973876770235143e+01, 7.099411693730842e+00, -5.699262064639014e+00, 7.619886930609348e+00, 1.454347451975962e+00, 1.375300155144386e+01, -2.135340338577308e+01, -4.603748801574712e+00, -3.068721521926090e+01, 1.319510370366973e+01, -1.567805448622928e+01, -5.132341633802342e+00, 2.302117796139358e+00, 1.566605286797102e+02, 2.282299703007600e+01, 6.603773389016754e+02, 1.188479809412304e+03, 1.324862896185618e+02, -6.752110889909667e+02, -5.322858454945869e+02, 3.074667636528168e+02, 1.036444957888338e+03, 7.483516913412341e+02, -1.941411864211924e+01, -8.099060087801229e+01, -2.793384652521510e+01, 1.870493082367609e+02, 7.616906072392133e+01, -2.981607425153144e+02, 9.862267513541337e+01, 7.617066307998164e+02, 1.806485571685394e+01, -8.250534915313646e+01, -2.478563242878134e+02, -1.595825393299230e+02, -4.166625740652964e+02, -3.148613307940505e+02, -2.602749183662083e+02, -4.495083580335637e+01, 2.296416159022112e+01, 1.423340654196101e+02, 2.793376963352485e+01, -1.062542634522698e+02, -1.141994755836693e+02, -2.575848782216649e+02, -6.170445187913820e+01, 2.146271151100698e+02, 8.290254063752529e+01, 7.184627794182488e+01, 5.483463277684077e+01, 5.246395593690249e+01, 1.482310205997045e+01, -1.097399867338462e+01, 1.442616052986529e+01, -5.248436541856931e+00, -1.129522172667125e+01, -4.745827242950591e+00, 5.308251600952804e+01, 5.491711133490588e+01, 4.685057143552040e+01, -2.111494303450244e+01, -2.447565696770469e+01, -2.805029796407097e+01, -1.352678360192285e+01, -1.357567424206900e+01, -1.389348445660490e+01, 6.844651886135233e+00, 1.629000352952489e+01, 1.960304179609278e+01, -1.526750908169804e+01, 6.210150498370964e+00, 5.696859552871526e+00, 1.493498996128903e+01, 9.053131457631732e+00, -1.140419785156094e+01, 7.782964761241601e+00, 5.228451006117152e-01, 5.094345307254528e+01, 9.104753927475592e+01, -6.622237247494103e+02, 9.966239660191927e+02, -1.379350080967393e+03, -9.240197788033088e+02, 5.326729156826053e+02, -1.854356233111865e+02, 3.280199826933101e+02, 5.318751550691778e+02, -7.948993878289195e+01, 3.310520500174213e+02, -2.478201920077742e+02, 3.158271690443948e+02, 3.135417958211024e+01, 2.884624401970112e+01, 1.996996679899227e+02, 1.524362321629345e+02, 2.460328695359828e+02, -1.548039294684643e+02, -1.067610892547550e+02, -1.726446371345806e+02, -2.915667574844214e+02, -1.470547184958575e+02, -2.827713151765105e+02, -1.460727091300778e+02, -1.140697653933813e+02, 7.694827181816470e+01, 4.672469351216077e+01, -1.303436950204571e+02, -1.312305921911948e+02, -2.374668948875698e+02, 5.971406445343282e+01, 1.316146089215685e+02, 1.421543081414744e+01, 7.580970157562373e+01, 1.891801974378717e+01, 1.966193777022714e+01, -3.810589316478968e+01, -1.372052644523673e-01, 1.011016803185954e+01, -3.620076039891608e+01, 5.702966613502756e+00, 5.178814607122819e+01, 1.815348799892471e+02, 1.125984270879212e+02, 5.175061951253724e+01, -1.460848891802383e+01, -2.068277357770348e+01, 3.941230974807259e+00, -3.619119003474499e+01, -7.387940668637143e+00, -8.497182191697759e+00, 5.426880504525108e-01, 2.397970474772410e+01, 2.243763489816131e+01, -8.957989267187804e+00, 9.446546217572743e+00, -2.425272608505857e+00, 4.729736085351711e+01, 2.631013011047226e+01, -1.106013231538079e+01, -9.656730257928135e+00, 4.140380738919797e+00, -5.885041018781798e+00, 5.267006204555854e+01, -6.527613682461960e+01, -3.374481566148110e+02, 4.431640929164028e+02, 1.065164159939606e+03, -1.737941190627531e+01, 1.297535899174135e+02, 2.630607082063120e+02, 2.902228007424421e+02, 6.707867261907899e+02, 4.555147568669557e+02, 3.132674568946600e+02, -2.508230223032707e+02, 6.975035372081674e+02, 8.883270339954329e+00, 2.060611162486078e+02, 3.186600397436435e+02, 2.073115844440850e+02, -7.893264751249495e+01, -7.468064462714355e+01, -7.739533746848794e+01, -2.630874294297648e+02, -2.881824429687616e+02, -1.620532352508735e+02, -1.118021554420161e+02, -1.721327306654406e+02, 7.762775859815295e+01, 2.025512778956262e+02, 3.179041982193921e+01, -1.003896140999662e+02, -2.710735850293093e+02, -1.820914972856596e+02, -1.253257953959815e+02, 1.921633968852702e+02, 6.243502514278410e+01, 8.943809111726655e+01, 4.051158940946399e+01, 1.554194935161682e+01, -2.037138858631243e+01, -1.343032210049011e+01, -7.356044378416766e+01, -3.657794318664961e+01, 8.778724470987884e+00, 2.699112972844316e+01, 1.456290156259844e+01, 7.677138629680563e+01, 5.361317763034746e+01, -3.993338366533166e-01, -2.106049227163919e+01, -3.500586200547307e+00, -1.364609889584089e+01, -9.197281775514657e+00, -1.503239671202802e+01, -1.128554306157719e+01, 1.801920454694934e+01, 1.718868335408656e+01, -2.272399316886683e+00, 1.334487270330388e+00, 6.917530419005024e+01, 3.937178417100223e+01, 3.406151235651684e+01, -1.822433702952764e+01, 2.841205515819187e+00, -4.266347929246596e+00, 1.233061919882750e+01, -7.886875589116300e+00, 1.624284349413961e+02, -3.642358186708645e+02, -1.152389802761145e+03, 3.079334677652721e+02, -5.192260582720465e+02, -2.850382227873584e+01, -1.017331708671949e+02, 2.185309538969369e+02, 4.203857976718929e+02, 1.547835479556130e+01, 3.372822165092500e+02, -6.109129846441014e+02, -5.297196749793493e+01, 1.951294752075736e+01, -1.729768329092471e+01, -1.084280833597823e+02, 2.751671929670368e+02, 3.807157151849940e+01, -5.506685945833897e+00, -1.490118395357582e+02, -1.512918904566932e+02, 5.787988536382786e+01, -3.720992384202582e+02, -2.624707066286110e+01, -1.643652550480197e+02, -2.307723988327994e+02, 1.371753514237110e+02, 4.256296526948919e+02, 2.928943569832157e+01, -8.579120862370755e+01, -2.158999817900701e+01, -3.227057249809787e+02, -1.160153822278445e+02, 1.761051756554403e+02, 5.165085053803570e+01, 6.886872307057314e+01, 6.982349483860828e+01, 2.874845902832840e+01, 7.992495527206157e+00, 1.085709427730959e+01, -2.517831176649000e+01, -4.646984787292554e+01, 1.116301483015816e+01, 3.553279180192705e+01, 1.106231488191739e+01, 2.949294537964899e+01, 2.553692996950426e+01, -3.549523241419499e+01, -3.422930277980000e+01, -1.204932243954004e+01, -1.810712338429889e+01, -3.068189149303617e+01, -4.446858768319489e+01, -1.670928734915754e+01, 3.987768404437642e+01, 1.694791160060455e+01, -1.494240201286033e+00, 1.131627918916982e+01, 3.895413849836126e+01, 3.658314554337985e+01, 1.151292966096916e+01, -8.266877009761139e+00, -5.484939226161064e+00, -1.000259323064544e+00, 5.271194413355931e+00, 5.021729645913291e+00, -4.924580880458868e+00, 3.193617925827254e+01, -8.893984445381028e+02, -2.268800878233317e+02, -5.017933211590514e+02, -3.025109526439808e+02, -1.658462860173299e+02, 4.272699873546853e+02, 1.514073354189435e+02, 2.621555892655200e+01, -7.829943618620212e+01, 2.832583057275900e+02, 1.156465117721074e+02, 1.209347225233562e+02, -3.877869136181369e+01, -4.091082977100427e+01, 9.991313578585671e+01, 2.999886467548576e+02, 1.257405166793943e+02, 2.041683567108320e+02, -1.308163612590377e+02, -2.164378118137720e+01, -1.609751879767138e+02, -2.622704924148728e+01, -2.369217996141570e+02, -3.357202500341908e+02, -1.006938607405834e+02, 1.736149576276801e+02, 1.440180255581821e+02, 1.750720916539550e+01, -1.097155245373075e+02, 9.618199876862219e-01, -2.662733418554814e+02, -2.111206439757632e+02, 6.682871774035209e+01, 2.758606765741033e+01, 1.072030848056034e+02, 2.601859753891263e+01, 6.053934604093007e+01, 3.816442416648102e+00, -1.384918309602789e+01, -4.274970340756599e+01, -1.048539213213371e+01, 1.253098275660169e+01, 2.962222074949285e+01, 4.101507600672146e+00, 4.434680022313496e+01, 1.513723783567334e+01, -1.912392550642714e+01, -2.536690891985702e+01, -1.129302141079518e+01, -3.057902868407017e+01, -2.916264112810728e+01, -1.723439636845301e+01, -1.943131258118263e+01, 4.171348102119466e+01, 1.259413516675051e+01, 2.355338823759868e+00, 8.299719751144684e+00, 9.690507388814497e+00, 6.432901122453845e+00, -1.164877330301305e+00, 1.813072047965611e-01, 1.486124958602891e+01, 1.915577133135262e+01, 1.714722209366884e+01, -1.820861882531843e-01, -3.471391487327470e+00, -8.865676346351286e+00, -2.400115061872933e+01, 2.271108399833584e+02, -5.146045211306198e+02, -7.394661585362311e+02, -2.009638397782342e+02, 3.878330611228206e+01, -4.338846121556759e+00, -3.497866574540553e+02, -1.727468004089047e+02, 8.628939630789978e+01, -1.429024154699202e+02, 4.056903542499482e+02, 1.306979150191444e+02, 1.770659488474371e+01, 4.790890296902994e+01, 1.723384927910685e+02, -1.852043333269031e+02, 1.459187108486383e+02, -2.133077600980141e+01, 3.924588961636661e+02, -4.353248944074329e+01, 9.136511267187892e+01, 1.762678173568963e+02, 1.462832488142186e+02, 1.570804783140826e+02, 1.466295221723680e+02, 2.761276825148649e+00, -9.700335497083707e+01, -2.132014657376826e+01, 1.185446422957746e+02, -9.816633003195061e+00, 1.286966460991764e+02, 1.032850688918660e+02, -1.120254430315747e+02, -1.877506713927689e+01, -7.261485933129077e+01, -6.227767468024850e+01, -6.040334840994687e+01, -2.338241709803530e+01, -4.168820660260423e+01, 7.718936394712723e+01, 8.357494097444485e+00, -8.742103577698364e+00, -1.535550268163328e+01, -6.097685471266971e+01, -4.720264070526573e+01, 1.480628220997705e+00, 1.483798847735494e+01, 2.613220203831262e+01, 3.470818657377124e+01, 1.933812980078414e+01, 2.025064869996740e+01, 2.267916255277736e+01, 1.644955662687496e+01, -2.346578372818136e+01, -1.706719739155746e+01, 4.517518322181871e+00, -3.051451202842395e+00, 2.072612452727999e+01, 3.860716961387288e+01, 9.564700017266222e+00, 1.703980766437000e+01, -5.428333790311203e+00, -2.220018479197451e+01, -7.083526394060794e+00, 7.785953947793491e+00, 5.912889783624244e+00, 2.916411376127277e+00, -2.009592523967248e+00, 1.254317969793529e+02, 1.574837668256358e+03, -8.196117437479500e+02, 3.777192470210777e+02, 3.605799867492205e+02, 2.968370292906503e+01, 1.698105617160529e+02, -4.296760775980765e+02, -6.180933169674345e+02, 4.485973933970854e+02, -3.796213620747683e+01, 4.017664221425910e+02, -4.488043811551250e+02, 4.040379081682011e+01, 4.273288302623941e+01, 3.246839583066543e+02, -3.021964538420007e+01, 2.620507668854859e+00, -1.432240930873548e+02, -1.130379578364209e+01, 1.222517916262880e+02, 3.159421060641585e+00, 9.659752200008288e+01, 3.874785257158746e+01, 1.235344699305128e+02, 2.189264713486742e+02, -6.875380202745987e+01, -1.852900554766442e+02, -1.461488506270292e+01, 6.105004424193649e+01, -1.160682585331677e+01, 2.592918716683490e+02, 7.660230897646908e+01, -8.242074457601557e+01, -5.107057579234092e+01, -8.119350841865004e+01, -7.646941903717203e+01, -8.926934459249321e+01, -3.914085065593287e+01, -4.209944518035098e+01, 3.294441462544354e+01, 1.042637877565112e+01, -4.171994919498736e+00, -1.442988710603398e+01, -3.730389529588357e+01, -5.392525122265317e+01, -3.031427163073591e+01, 2.287877898094792e+01, 3.939858306880078e+01, 9.288158566654488e+00, 1.610752147455597e+01, 2.113296052267029e+01, 1.984808264702925e+01, 1.701941736007916e+01, -3.604267588114047e+01, -2.716898795233343e+01, 2.094130403564302e+00, 2.470384563072011e+00, 4.101579029023440e+01, -1.302633196704467e+01, 2.671402171246704e+01, -4.330579645470470e+00, -1.128161398365044e+00, -5.595986673512190e+00, -8.296904228144744e+00, 3.817694561827967e-01, 5.321063372759442e+00, -2.405334050348443e+00, 6.400375177320196e+00, 4.751192471068760e+00, -9.668437101018372e+01, -2.728865251021216e+03, -1.663522814854761e+03, -9.410899471416239e+01, -2.393398262132083e+02, 1.893003187451664e+02, 7.120665930933373e+01, 8.225068814114695e+02, 2.191316031445150e+02, -1.635050841455660e+02, 1.904018050497545e+02, 1.819071114774099e+02, -5.098507910004482e+02, -1.806403711381534e+02, 1.015516405216940e+01, -2.222601116348592e+02, -4.280794191425753e+02, -5.386277827765623e+02, -2.792001243590458e+02, 1.214525777639671e+02, 3.196919804608083e+02, 2.929850655267381e+02, 1.465972950440966e+02, 6.842843373754233e+01, 1.676592091466876e+02, 1.777918177196693e+02, -2.712162284489441e+02, -2.182482412636981e+02, 1.005472901162777e+00, 7.297182330818022e+01, -5.099420831686819e+01, 9.287863573361170e-02, 4.869573574823427e+00, -2.296406443662161e+01, 1.483728363565045e+00, 1.075189739365157e+01, -2.648616443630912e+01, 6.953388096895247e-01, 1.091538016544335e+01, 1.300738517221773e+01, -2.001949496929786e+01, -6.253305530198519e-01, -4.775197070967468e+00, 2.964674007932066e+00, -1.525538165010800e+01, 1.762792519049034e+01, 1.593453935161659e+01, -2.045532457591375e+01, -3.052629157219017e+01, -1.325361002657234e+01, -4.536122439246509e+00, -5.467747133111903e+00, 5.675382250146118e+00, -3.830626369469101e+00, 1.115862725412555e+01, 9.871130531460523e+00, -3.260209008562948e+00, 8.582189891246162e-01, 3.553262992172242e+01, 1.321268450216151e+01, 3.434490534127045e-01, -5.233015390744947e+00, -4.492825253386799e+00, -3.401362834832615e+00, -3.082645220057125e+00, -1.424222558489206e+00, -4.228398478868166e-01, -4.749706040172654e-01, 4.785572435599803e+00, -3.573517537188724e-01, -6.233090090634442e-01, -1.368577351866241e+01, 3.450910355180591e+02, 3.983427453965263e+02, 1.328832717273759e+02, 2.792611989511410e+02, -8.768798136718252e+01, 1.686416610276953e+02, -1.744157951491158e+02, -2.503974569415770e+02, 2.311458628691766e+02, -9.531632117099736e+01, -2.069481203212469e+00, -1.966128028353870e+02, -7.294001725946066e+01, 1.706081256848399e+01, -9.996580379269632e+01, 2.363236357858146e+01, -1.232521719983326e+02, -3.575166631525102e+01, 1.193820039116018e+01, -3.748853850286547e+01, -7.147362346279934e+01, -3.150794971144454e+01, -6.086492152141591e+01, 4.102169757069829e+01, -2.649698781840015e+01, 6.135636079501062e+01, 2.126080705692542e+01, -7.509937044491558e-01, -2.648020507272018e+00, -5.336062835504215e+01, 2.527455595213841e+01, -1.741490476390914e-01, 2.782641038822174e+01, 3.242213746708384e+00, 2.688029628734505e+01, -8.067462545869724e+00, -5.682625525683814e+00, 1.622129461485412e+01, 1.025861122403553e+01, -3.588724781959428e+00, -1.519267594634367e+01, -1.954833202893520e+00, -1.347317623916617e+01, 4.378218683546403e+01, 5.328731610186551e+00, 3.400013705515761e+01, -1.959489007837036e+01, -9.894526847761878e-01, -6.641143120579837e+00, -1.123423396618877e+01, -1.321467602387857e+00, 1.822109549446439e+00, 4.675566823972344e+00, 4.656040497231086e+00, -1.625169648570055e+00, -9.146776566407754e-02, -3.218070407483960e+00, -1.594011347485576e+01, 9.460106363288126e-02, 3.446900314439674e-01, 1.108192326926642e+00, -1.340966886782788e+00, 6.076493441710287e-02, -2.661637497078347e+00, 2.258325044722779e+00, 2.247531797577285e+00, -1.361934744267210e+00, -3.041265082813315e+00, -3.748047755451489e+00, 6.562465818399743e-01, 1.276918152805305e+00, -2.812270610393483e+03, -3.429144237264349e+03, -1.416768496136192e+03, -6.276096210710069e+03, -7.886935766473495e+02, -1.332627692738013e+03, 7.159145094288050e+02, -2.072332201301638e+03, -1.739894382194018e+03, -5.416388706693622e+02, -1.055387111667261e+03, 1.103110755247358e+03, 1.999565974376198e+02, 1.371060782866389e+03, 6.924405283358209e+02, -3.397542843946102e+02, 5.305122921944280e+02, -6.467684524899156e+02, 2.054849051465455e+02, -2.368726377246427e+02, -9.256039597204412e+01, -4.049268003198267e+02, 9.443334482899942e+02, -3.841033590048984e+02, -5.385415289465657e+02, -5.732801935316364e+02, -4.227330324098883e+02, -1.952878961351458e+01, 2.102595398595369e+02, 2.042458313615295e+02, -4.144353054771769e+01, -1.291346687354805e+02, -2.176746439691693e+02, 1.801233570097634e+02, -2.492746749985557e+01, 3.077464372799795e+02, -2.224331580180446e+02, 2.159571315368459e+02, 9.452685302974751e+01, 4.959313941486474e+01, -4.026929868094660e+01, 1.133170968339338e+01, 2.035779643588552e+01, 6.046864892168674e+01, 2.669631128056113e+02, -2.313283555892139e+01, -3.920597244825285e+01, 3.029632597860970e+01, 8.548363966978414e+00, -3.287228380092199e+01, 7.458813924439079e+01, -1.297074320454288e+01, -5.361218340371573e+01, -3.571381218952690e+01, 2.705768348141439e+00, -1.114293866438161e+01, -2.696245950917737e+01, 5.570894897857433e+01, 5.038110766192395e+01, 4.155028498435971e+01, 2.942255956312229e+00, -5.543422687406481e+01, 5.530797574847080e+01, 2.203147891151148e+00, 1.542624696476475e+00, -1.456782894767920e+01, 3.001743407829226e+01, 6.904408691066084e+00, -8.140030535797026e+00, -1.610456313856163e+01, -2.187444749698108e+01, -5.284883644508088e+00, -3.173052537336804e+01, -1.256477008474450e+03, 2.695081435338796e+03, 1.695233905009952e+03, 1.383670217903479e+03, 1.146482781630862e+03, -7.246976897396637e+02, -1.409408949010982e+02, 1.081688895132947e+03, -9.676178035513983e+02, 2.126502962324813e+03, 9.284751779599825e+02, 5.110483689867125e+01, -8.850891366546552e+02, 1.084015003596464e+03, 5.271493633951125e+02, -1.462179911608000e+03, 5.720953108271526e+02, -5.694357205142562e+02, 2.321610476436188e+02, -2.051132414223510e+02, -1.130408680044695e+02, -4.792971869407930e+02, 5.829395399935438e+02, -2.106538841127360e+02, -7.128396317882437e+01, -7.606495508192498e+01, 2.678500822737517e+02, -1.555165144069750e+02, 1.345171745600305e+02, 1.297128536348987e+02, -5.724443925277224e+02, -1.714734587431249e+02, -1.122751034699400e+02, 2.945692731650765e+02, 1.848931599698569e+01, 1.639695685087202e+02, -7.667417443102491e+01, 1.145531974508241e+02, 5.279024257133773e-01, 1.222180456977529e+02, -9.235075997758899e+01, -3.325350138615834e+01, -2.236098460367981e+00, 5.546469969822743e+01, 2.580995064291420e+02, 1.136190564005313e+01, 1.147391740648109e+02, 3.982606252898462e+00, -1.479218650742865e+01, 7.854033234734938e+00, 2.954558529522999e+01, 1.850714593434009e+01, -1.447044584389567e+01, 3.783412656535757e+00, 2.224564889449134e+01, 3.794458023750699e+01, -1.689139257844521e+01, 1.862772317797183e+01, -7.500000277206696e+01, 9.829576399074998e+01, 3.652534546719679e+01, -8.318890278001000e+01, -1.830887979528244e+01, -9.992273268002874e+00, -9.208833786131596e+00, -1.641203586303754e+01, 2.202039693251369e+01, 1.768418431899191e+01, -2.315347695923076e+01, 7.275669675945392e+00, -5.682530757173862e+00, -6.397327571145592e+00, -1.163813079539547e+01, -5.953193509298843e+00, -9.854831500510975e+02, 1.269007173624032e+03, 1.237494825361654e+03, 3.496224444080368e+02, -2.337141097796891e+02, 6.774235597955809e+02, -9.014748322889089e+02, -2.350447321057942e+02, -4.172849740415768e+02, -3.627654430676544e+01, -9.600434804305194e+02, 3.688596035331235e+02, -3.531304972588628e+02, -6.878413695188668e+02, 2.421525470924691e+02, -1.128381873507311e+03, 2.027491108905325e+02, 8.003970840715067e+01, 1.491426031660287e+02, -3.791167146526843e+02, -9.495672684383359e+01, 6.509523516574741e+01, 3.136326507253775e+02, 1.399436547803469e+02, -1.621843211924201e+01, -3.936531242254376e+01, -2.579446116643718e+01, 2.058126611988486e+02, 7.248534403671185e+01, -1.431004514505005e+02, -1.898155730915702e+02, -1.436024678779011e+02, -1.075684899314474e+02, 4.465549832282884e+01, -5.404688998009529e+01, 6.262775482812290e+01, 1.025489467854536e+01, 1.422422338953026e+00, 5.101729960393322e+01, -3.786218965802451e+00, -1.589890221035649e+01, -5.875597504527760e+01, 6.994428612546343e+00, 2.735696094044244e+01, 1.731119515898894e+01, -1.939522559020391e+01, 5.091320237742249e+01, 1.715344883877252e+01, 1.205652117275427e+01, -2.791840619951848e+00, 1.887425958201935e+00, -1.229736734381987e+01, -2.942960683217207e+01, -2.501856827396356e+00, 3.169290436265299e+01, 1.273993482484529e+01, -8.749364835259637e+00, 2.288282921238214e+01, 1.186497774859173e+01, 4.793598898265346e+01, -5.060416852162187e+00, 1.397568413252215e-01, -2.395145419411489e-01, -5.200715699466781e+00, 1.108721101745599e+01, 4.581983084459270e+00, 9.299688842051783e+00, 2.683726669756437e+00, -8.208803211872240e+00, 5.905527474495240e+00, -4.107107264306812e+00, -9.292172996849764e+00, 2.146807729985205e+01, -5.516776928546295e+01, -6.907018642953058e+00, 7.669105297646947e+02, -1.914171936730432e+03, -6.477846437765606e+02, 1.807355928770984e+02, -4.233149231577699e+02, -8.946061139490978e+02, -9.679984148333705e+02, 1.693867202694404e+02, 5.596597700952562e+02, 4.517266124357886e+01, -1.291842038095849e+02, -6.291645992799621e+01, 2.493989495843249e+02, 1.683765776114343e+01, -2.873816233705492e+02, 8.084745493555562e+02, -5.881808349164712e+01, 2.361301839940254e+02, -4.672533674639515e+02, -7.640409838357762e+01, 1.524005819550995e+02, 9.061412748679776e+01, 4.804803478150324e+01, 1.127734502753512e+02, 1.134982666750040e+02, 1.844123560179125e+02, 2.677005473526533e+01, -1.817929284398822e+02, -6.693325411049511e+01, 4.909149293772671e+01, 2.644621278939094e+02, 1.755710643366435e+02, 2.065193924866056e+02, -1.046449810133065e+02, -5.585221657560567e+01, -7.982367409076745e+01, 2.702191200337219e+01, -1.287537574010040e+02, -1.194977037307301e+02, -7.041202476434802e+01, 4.312598925862363e+01, 8.840016216323966e+01, 9.973321805834072e+00, 6.522531837790867e-01, -1.711436728729603e+02, -2.371859433495076e+01, -2.341074996932001e+01, 1.009164594528457e+01, -1.505364371582643e+01, -1.570189533228108e+01, -1.268452767356178e+00, 3.283705712664504e+01, 9.832597662357825e+00, -4.714847666091569e-01, -2.769806332351397e+01, 1.874308956079120e+00, 1.147953336689962e+01, -9.255613979527613e-01, 5.976609300215257e+01, -5.344015507751791e+01, -1.470827308502242e+01, 1.144819823782004e-01, 9.503605080834639e+00, 7.378304679898223e+00, 1.208311644697386e+00, -7.734862893598939e+00, 7.744062512925091e+00, 5.185156531778423e+00, -1.632731864037364e+01, 9.258440935289293e-01, 1.680723439958154e+00, 3.587607362690757e+00, 6.853145145423341e+00, 6.513962824552516e+01, 2.086619765672155e+01, 8.023639861604371e+00, 3.517339516238877e+02, -7.981160094882677e+02, -8.067237640155114e+02, -1.199599997725044e+03, 1.313809495687399e+03, -1.204189431936407e+02, -1.081330742638205e+03, -3.511927267749435e+02, 4.833800094573851e+01, -2.907297353083652e+02, -2.486793041367465e+00, -2.521645644851241e+02, -4.104581406701574e+02, -8.827850779120232e+02, -8.207039077790353e+01, 3.493157421907011e+02, -2.028485795513655e+02, -2.211723253689306e+01, -1.820471612617734e+02, 2.202105269847526e+02, 7.739771660814827e+01, 9.033708836393329e+00, -1.430713803770632e+02, -4.840960926889056e+01, 1.198214763785504e+02, 7.586989027739432e+01, -4.872245758445530e+01, -1.525195713076794e+02, -3.498033716577751e+01, 1.075739291450008e+02, 7.603268338566028e+01, 1.021064324275575e+02, 4.305656562063869e+01, -4.857669955070073e+01, -1.846685774314458e+01, -5.678973083458509e+01, -3.330479776387414e+00, -8.199470734332591e+01, 1.395652205406609e+01, -5.250960582503215e+01, 1.094775155306592e+01, 2.066765296258730e+01, -4.657373833369288e+00, 2.454119259657806e+01, -9.582960434438343e+01, -1.180006588132977e+01, -1.499436857191262e+01, -2.241076871342878e+01, -2.903862652825857e+00, 6.238342534880680e+00, 9.771068864969408e+00, 2.764250362242725e+01, 2.180792113109526e+01, 1.761990854919131e+01, -2.690075214333028e+00, -6.881633559138564e+00, 6.068295601528336e+00, -4.611667097449102e+00, 1.970675416503342e+01, -2.466545637258955e+01, -1.275827500484670e+01, 1.354707434920575e+01, 1.534255027371456e+00, -7.023794261322998e+00, 2.128572373379411e+00, -5.086896014301927e+00, 2.656230926351030e+00, -8.103447306521446e+00, 2.799237108905140e+00, -2.788626233851213e-01, 4.139740987873253e+00, -1.575638717778284e+00, -1.725945584855445e+01, 1.805034595629168e+01, 1.593365085253277e+01, -1.136568371701273e+01, 3.613496149213715e+00, 1.133168935449656e+02, 2.224835951432550e+01, -7.447624593711806e+02, -1.574084216914597e+03, 5.352582624267463e+02, -1.985172259284307e+02, 5.018342596450596e+01, -7.708871317820350e+02, 1.498552564951967e+02, -3.423404891434115e+02, -1.154132959513560e+02, -1.301954320297801e+02, 1.811436899344822e+02, 7.005622858963000e+01, -1.645717405888647e+02, 1.668459103554652e+02, -7.157815097957020e+01, -1.635005356622165e+02, -2.249112635935080e+02, 1.714317128356044e+02, 1.904044883615829e+02, 1.744295998035404e+02, -2.339717783361054e+02, 2.630485070455838e+01, 2.754085767087005e+01, 1.372749221169825e+02, -1.277116599402051e+02, -8.992095556394072e+01, -3.077879808076419e+01, 4.731922184382791e+01, 2.016776562955592e+02, -2.673587251676891e+01, 6.244188436884757e+01, -6.736991742520954e+01, -2.058435986702947e+01, -5.455959591192605e+01, 2.953563446926483e+01, -3.828514946129502e+01, -1.855384583355652e+01, -4.781354055884859e+01, 4.806291563169404e+01, -2.747485714218656e+00, 6.584483370473163e+00, 1.410841505335246e+01, -8.746333817291804e+01, 2.475506922851499e+01, -2.630045857863139e+01, -4.155957537644866e+01, -1.098832708415596e+01, 5.096169496125570e+00, 3.618572038221799e+00, 7.448914334833474e+00, 2.076459061642277e+01, -2.586495962832051e+00, -1.864681787189992e+01, -1.011146145362293e+01, 3.963836681142654e+00, 2.760919974206381e+00, 4.377776680474803e+00, -2.287769649259074e+01, -7.233490640695831e+00, 2.312991158841981e+01, 5.401708744613890e-01, -2.993386547055396e+00, -1.821107293222698e+00, -1.356739233824265e+00, -3.218115641507525e+00, 3.405109271210451e+00, 6.162657629672481e+00, 3.957330165802631e+00, -6.751116591307685e-01, 4.640501175531416e-01, 1.229680580955507e+01, 1.698642246362693e+01, 3.590246858440528e+00, -6.788154499649917e+00, 1.077594729680433e+00, 1.023613922046182e+00, 1.029344368699493e+02, -5.905218149656494e+02, 2.176494288263866e+02, -2.206167610889453e+02, 8.324535637594386e+02, -2.379417902044183e+02, 7.605924519593771e+01, -1.467148710098978e+02, -1.688113695175221e+02, -5.071797893593255e+02, -1.808024639981483e+02, -4.111031329984908e+02, 3.370982460039627e+02, -5.480500303508924e+02, -4.933728946516432e+01, 1.186071734716975e+02, 1.758306002243761e+02, -1.073712797759015e+02, -1.112729200520696e+02, 2.291354812573769e+02, -2.407379768817945e+01, 1.693914857800547e+02, 1.365477506204289e+01, 3.331104577521857e+01, 1.644771288254152e+02, 7.996487230229771e+01, -1.003683019958492e+02, -6.885821014123651e+01, 1.051981964387317e+01, -4.933335535464654e+01, -1.270917618577051e+02, 5.949655636753009e+01, -1.879253510805975e+01, -4.338976266898833e+01, -5.840568341372867e+01, -6.150668685419848e+01, -1.880235441033898e+01, -3.249062796981231e+01, -1.255430673050852e+01, -4.827141491212002e+01, 4.287794158947939e+01, 8.378702375531290e+00, 8.159718278591988e+00, 9.440318863334626e+00, -4.570048210274360e+01, 2.654700456482886e+01, -3.490302874157884e+01, -2.129229858570178e+01, 2.897128779034889e+01, 7.244065884585726e+00, 3.851950652710781e+01, 1.805674219191219e+01, 9.236443301203240e+00, 1.315832779619185e+01, -2.962966165488004e+01, -5.533810656903000e+00, 1.639377359244321e+00, -6.230259057142399e+00, -2.777179642087779e+01, -5.734714473644812e+01, -1.011263975990573e+01, 1.203518864378823e+01, 7.308623792111361e-01, -4.310893189047337e-01, 7.702063456561935e+00, 1.922271139988940e+00, 4.711572179225065e+00, -5.302419189668151e-01, -1.856148840259487e+00, 2.722457129295768e+00, -7.270064473520134e-01, -8.779153520491928e-01, 1.426339143846737e+01, 8.701089103610119e+00, -3.867905177482610e+00, 1.061057762224678e-01, 2.598581563187286e+00, -1.553721625740621e+00, -4.101150777814658e+00, 2.627345524754457e+02, -4.391434599619495e+02, 9.534836438089948e+02, -5.213829761363466e+01, -1.270802416705359e+02, -3.560102265932535e+02, 1.493600168912195e+02, -4.805517662037327e+01, 1.479678915689082e+02, -3.699451226916632e+02, -1.484676216738399e+02, 2.958729949611029e+02, 1.618777931358615e+02, -1.603061667838370e+02, -1.314563520134627e+01, 1.363271167449918e+02, -1.383439396717455e+02, 8.397672341380533e+01, -2.588984972919558e+02, -9.596206888564971e+01, -1.097049775498540e+02, 7.553980651704464e+01, -1.100449767988368e+02, 1.985131233912305e+01, 3.895998596232487e+01, 1.185040501200589e+02, -8.532203914093796e+01, -9.717383493752273e+01, -2.238718760310239e+01, -5.339355707185251e+01, -1.019016173740097e+01, 4.798932758262931e+01, 1.004119303163258e+02, -5.035289712881420e+01, 1.985279041898687e+01, -3.539217456083590e+01, 4.042287401063308e+01, -3.115240870652943e+01, -1.507490433352026e+01, -5.049098070093875e+00, 1.831620476785424e+00, -1.199026345825798e+00, -9.107381805657537e+00, 2.485815617552640e+01, 4.538871695622412e+01, -7.316599863399793e-01, 1.386659973826254e+01, -3.933135307376827e+01, -9.218973706002011e+00, -7.232864380545069e+00, -4.152715405337150e+00, 1.391110274678278e+01, 1.124157674929738e+01, 6.447743936190146e+00, 6.813397500647380e+00, 1.517316512246133e-01, 8.858969221671477e-02, -4.763322562666239e+00, -3.740852762123119e+01, -4.532506876613062e+01, -3.522285402979807e+01, 1.058732925395229e+01, 1.757144596477427e+00, 9.652367075522108e+00, 3.274632150799313e+00, 7.322550994237734e+00, 1.083887224644120e+01, 1.166467999680031e+01, -1.181277305509049e+01, -3.862627443695956e+00, 6.870368152891304e-01, -4.451320350501779e+00, 8.067672698805549e-01, 3.260590694552911e+01, 1.165036123568937e+01, 3.955352249348986e+00, -1.152317154715825e+00, 1.113163318320241e-01, -4.571547491038690e+00, -8.372936764327044e-01, 1.881723782038237e+02, 1.941154944115433e+02, 3.148368415859936e+02, -5.685422734150375e+02, 2.464192377428354e+02, -3.730578321125476e+01, -2.395507213954278e+02, -3.171379264493326e+02, 2.043731719342277e+02, -2.702658781431358e+02, -3.231419614034246e+01, -3.335327505555102e+02, -5.189020614656391e+01, -3.364176016403817e+02, -6.189370277301622e+01, 2.644899225640859e+02, -9.697046973707479e+01, 1.291863511194088e+02, -4.520516990007587e+01, -2.994063618504943e+01, 5.957717636667242e+00, -2.561576135732903e+01, -1.529153032201476e+01, 1.242968806687651e+02, -4.775829778231606e+01, 1.556535363851769e+02, -1.077908093090780e+02, -6.177710150829727e+01, -9.060513358442212e-01, -3.235490955919173e+01, -6.033271051996481e+01, 1.148822577480282e+02, 5.034587733209826e+01, -4.378210673932968e+01, -2.147653003868781e+01, -6.981833817245426e+01, 2.823573825093990e+01, -5.419942192254521e+01, 1.655486427735896e+01, 1.856505152846587e+01, -5.455950738484792e+00, -2.938463407748088e+01, 6.642688689471595e+00, 1.052648282551124e+01, -2.007274894325050e+01, 5.337442806133963e+01, 6.562379497311821e+00, -2.791480666941293e+01, 1.407774881759370e+01, 1.989204902896047e+01, -1.998858713581346e+01, 1.599106100444643e+01, 3.001546619353116e+01, -5.250475992847046e-01, -5.496576874095944e+00, 6.296545657290460e+00, 9.575507447030024e-01, -1.140118790416398e+01, 4.353890485147323e+00, -5.242831068547755e+01, -5.605961830070538e+00, 1.412803809423022e+01, 9.228950824365912e+00, 3.268092792112188e+00, 1.096252758167765e+01, 5.305653523716107e+00, 1.435132669917929e+01, 1.120107861728826e+01, -7.504346838106083e+00, -7.026798724321284e+00, -2.813057567218251e+00, -2.279032486720138e+00, -1.212529845848634e+01, 1.666663113755683e+01, 3.162758222243723e+00, -1.169630390720736e+01, -9.102741365085642e+00, 1.897514305925783e+00, -8.172885662358391e+00, -1.056609992831765e+01, -4.028567905843076e+00, 1.010813956404304e+02, 3.986114939013572e+02, 1.329093660301581e+03, -5.803349519823101e+02, 4.525351284781693e+02, -1.929131197346186e+01, 2.793745014915326e+02, 1.900529379392589e+02, -9.567797287687027e+01, 2.219407096401092e+02, -1.955172013780849e+02, 5.486125764960170e+01, -1.615507194840596e+02, 1.677308681983332e+02, -5.110772546392306e+01, 9.157230597013870e+01, -3.027720088990278e+02, 2.233756406343018e+02, 9.759837056127847e+01, 7.873597317483343e+01, -9.888864200685958e+00, 1.422169387073842e+01, 1.037841770846105e+02, 1.008591382997269e+01, -4.293604790386701e+01, 2.156667859996853e+01, -3.607844553224034e+01, -9.789765763316868e+01, 1.221622867784268e+01, -4.834371794424401e+01, -4.850975513893100e+01, -1.450431955731323e+01, -1.166843989612648e+01, -8.729358659170861e+00, -3.179243325349173e+01, -2.035799367647667e+01, 9.299206498916369e+00, 1.403646765560861e-01, 3.190970834889678e+01, -3.642406591329208e+01, 1.089911861086333e+01, 2.339648691941879e+01, 1.040935533290205e+01, 2.225393794932911e+00, -2.153548990327615e+01, 3.712399760082823e+01, 3.090689684787608e+01, -3.800689836256049e+00, 7.945445988334673e+00, -7.075742855011121e+00, 5.701125043971195e+00, 3.407353659436681e+00, 6.673955687396412e-01, 1.144516787094111e+01, -8.692332470751687e+00, 1.770274571745171e+00, 7.074630299879617e-01, -6.105048660189816e+00, 1.769841165302168e+01, -2.699596795361661e+01, 2.922224694769082e-01, 3.941023683308184e+00, -3.832293195896889e+00, -7.829435348294057e+00, 3.483390987579713e+00, 6.207126780298567e+00, 6.426924318943825e+00, 8.927918550381921e+00, -1.211736051377314e+01, -3.602605101148246e+00, -2.691979300898723e+00, -1.565417074912928e+00, -4.838662572322451e+00, 1.128102649772808e+01, 2.104643582693913e+00, -1.478342426197397e+00, -5.336744194589527e+00, -2.445413463926064e+00, -7.287772967676267e+00, -5.285277042591966e+00, -4.121762440088999e+00, 1.730004479825297e-01, -1.786872531545716e+02, -1.313349893973580e+02, 1.946604267271855e+02, -1.241258941004523e+02, -3.795933961890793e+02, -4.381859066810345e+02, -3.577938935207098e+02, 2.871812488649754e+02, -8.058882247403196e+01, -1.221187339472740e+02, 3.893633679038520e+02, -4.718120061399620e+01, 1.774725258772365e+02, -5.124733241329091e+01, 4.758134944752729e+01, -2.905190670282248e+02, 2.864315738101386e+02, 1.420246607868888e+02, 8.003967761064037e+01, -5.965028997215941e+01, 8.278097614435914e+01, -1.178981909474887e+02, -2.105050607516267e+01, 6.294060526544602e+01, -1.123593232350405e+02, -2.121335384865239e+00, -7.951991180570583e+01, 1.248104216518900e+02, -1.840581463122050e+00, -2.487128546544666e+01, 1.781709458951207e+01, -6.380547195241893e+01, -6.540343672741332e+01, 5.324745531098242e+01, 1.407629211828195e+01, 3.210015478791442e+01, -1.191498306986959e+01, 2.691447157419984e+01, -9.449662976923649e-02, 1.517126671005665e+01, -3.372306076532192e+00, -1.920719106457927e+01, -1.033410537048750e+01, -3.779938217298557e+00, 4.346219252867796e+01, -3.476888681797359e+01, 4.019946383341083e-01, -9.128169818287875e+00, -2.122341448939821e+01, 3.704036395991523e+00, -8.737856025781792e+00, -7.237203662188068e+00, 3.810125038684208e-01, 3.658771289077849e+00, 4.460542739046502e+00, 3.059123581989826e+00, -5.773204312812427e+00, 5.960425214151395e+00, 1.078613744426793e+01, 3.285210141051042e+01, -4.032507072138554e+00, -1.020823646312405e+01, -5.065046126597057e-01, -2.057576508596402e+00, -3.891528630770063e+00, -6.782784959745302e+00, -1.213727936855860e+01, -3.782143339098595e+00, 4.035366987304164e+00, 3.112815706865787e+00, -1.406049726089425e-01, 1.585022988632531e+00, -2.012568131826661e+01, -3.219163659540354e+01, -9.558520069280085e+00, 4.002361665369045e+00, 3.977826229608899e+00, 1.030375140026786e+00, 4.773754553813349e+00, 1.850424488481250e+00, 3.137788715263856e+00, 3.411021909394805e+00, 1.673721333202928e+00, -1.199096966749706e+01, -9.833546789958599e+02, -3.046026261656155e+02, -3.618021587137407e+02, 5.812507348717423e+02, -1.506585548075310e+01, -5.453937767252789e+02, -1.224800429836993e+02, 2.080491937694550e+00, 1.949532641665652e+02, 1.407213290732105e+02, 1.501405976727400e+01, 1.435532361472299e+02, 1.568951156851745e+02, 1.614564732931162e+01, -2.549553109179930e+02, 1.457311891506676e+02, -1.012669122634017e+02, -8.399090572864459e+01, -8.010267731746649e+01, -2.355378856064302e+01, 1.164279808721110e+02, -1.025057162416669e+01, -1.001597950127104e+01, -3.475216275411004e+01, -1.041441558436867e+02, 2.410845173380725e+01, 5.260458854297092e+01, -1.566009073872098e+01, 1.224133615393062e+01, -2.000764557768981e+01, -1.083257997538705e+02, 6.464579886460811e-01, 3.616242701847656e+01, 1.635842555169855e+01, 5.664376045065664e+01, 1.818730123734827e+01, 3.101448929665220e+01, -7.483896067976706e+00, 5.367856654689311e+00, 3.989415424119968e+00, 1.106035403094513e+01, -8.307973557662176e+00, -5.248871276943058e+00, 4.154378235707080e+01, 8.153329655705143e+00, -1.509114773686800e+00, -1.999216161808123e+00, -1.060572658122969e+01, -9.914677963503236e-01, -3.160830255992696e-01, -5.120242240786656e+00, -4.324837776939845e+00, 1.044130353331946e+01, 4.794797079083521e+00, 2.560885293057532e+00, -2.013634830781839e+00, 2.838345761518771e+00, -1.201793722736130e+01, 2.094500734784068e+01, -1.112397539773630e+00, -3.577107561227244e+00, -7.674190194740272e+00, -3.270971957470368e+00, -6.278474284642122e+00, -5.679703464094852e+00, -6.253271403196000e+00, -4.130781488613371e+00, 2.504913335352045e+00, 3.474149367212875e-01, 2.215943540715604e-01, 1.656836471611014e+00, -1.332535442876602e+01, -1.400474748854342e+01, -1.552715032128336e+01, 1.237669321062003e+00, 6.912021370947512e+00, -1.056119000665627e+00, 3.536767957260269e+00, -4.740746834619708e-01, 2.166170371142930e+00, 3.926480474905151e+00, -2.271398910586729e+00, -6.104721112385089e-02, -4.306093418325059e+01, -8.646168409972332e+02, -1.119137959712426e+03, -3.471525909350827e+02, -6.770031223722505e+02, 9.445230704393779e+01, 3.018918989906214e+02, 9.232194104001932e+02, 2.495005545649062e+02, 1.488900724122764e+02, 3.939335934652664e+02, 1.442088979080443e+02, -2.572343642853974e+02, -1.764014232836698e+02, -1.637782848380848e+01, 1.452569607316443e+01, 4.718556861025278e+01, -1.802929603343791e+02, -1.341627987885711e+02, -5.283792550237607e+01, 1.094688466327673e+02, 1.310145863400561e+02, 3.239887066541188e+01, 3.173388718975285e+01, 4.271979047611583e+01, 3.570196496829271e+01, -5.567292869583551e+01, -8.680599953355220e+01, -1.047190941944583e+01, 6.983098055111363e+01, 1.328032741532810e+02, 1.144673478993375e+02, 8.566556766661496e+01, -6.374790831644125e+01, -6.743005058953555e+01, -4.213071354232361e+01, -3.784741821409455e+01, -1.731326444447721e+01, -3.297329557712787e+01, -3.991284965280190e+01, 2.983536298317122e+01, 2.889225996407585e+01, -6.183085343274428e+00, -5.364249688151979e+00, -2.778196777342767e+01, -1.496459605451334e+01, 3.433717982750625e+00, 3.899344815126036e+00, -7.719158717682301e+00, 1.623920907268778e+00, 1.220216913894193e+01, 2.298924911346974e+00, 1.353616490144953e+01, -4.266917703950197e+00, -3.654884383625412e+00, 1.297619233506896e+00, -1.529548745949136e+00, -3.513309191823159e+00, 9.630087811521598e+00, -1.016878786379633e+01, -8.488450206764341e+00, 3.194321797549117e-01, 6.049827997002527e+00, 3.959289312538125e+00, 1.738884290529801e+00, -9.340159755822036e-02, 2.377617137200208e+00, 5.120926926882465e-01, 3.457926846678571e-01, -1.656359250265822e+00, 3.264281701312902e-01, 1.314154028748468e-01, -4.619387644726261e+00, 4.301258243015289e-01, 2.567610636437026e+00, -2.607184750495414e+00, 1.026167105034413e-01, -1.146573262927296e+00, -5.686357484263432e-01, -4.424155841157456e-01, -2.677577489806705e+00, -1.654914220106923e+00, 2.068698765319121e+00, 5.093067684680731e-01, 5.203160795984256e-01, -1.607291564118142e+02, 7.768940163728806e+02, -5.260735768319074e+01, 1.534590841886182e+02, 1.193745627161212e+01, -3.398995687013409e+01, 3.772729907415751e+01, -3.102800812802013e+02, -8.425515535641742e+01, 1.403391944940556e+01, 1.714663885869732e+02, 8.238330899658867e+01, -9.977528945906853e+01, -1.355762795397082e+02, 3.125891665902661e+00, -1.658103185564277e+02, -7.992153953264777e+01, -9.525731656397699e+01, -6.725212192395257e+01, 3.224908296070121e+01, 3.363144729022580e+01, -1.106924349321091e+02, 1.422339587915366e+01, -1.578576643874562e+01, -2.823858416578065e+01, 3.571292595905356e+01, 1.910997714158971e+01, -1.182734160489928e+01, 1.754380027736856e-01, 4.709703130557723e+00, -3.693792202598925e+01, 5.039447049506184e+01, -4.525365868780528e+00, -2.326988786823683e-01, 4.751244967233768e+00, 1.113936553347148e+01, 3.025785797817758e+00, -5.249671749113552e+00, -1.996414047138613e+01, 3.144072244228636e+00, -3.635920844002373e+00, 9.554239839166334e+00, -1.605842944654243e+00, -5.089706262293626e+00, 1.930228666320158e+01, 5.126643001309821e+00, -4.690855245249201e+00, -1.142614482642127e+01, 2.912635263225390e+00, -4.033566937878841e+00, 4.109471727531065e-01, 2.183847854646486e+00, -5.597283313715242e+00, -4.580594835770402e-01, -1.128201346733085e-01, 3.004028540339718e+00, -2.719498377097412e-01, 4.239727821839976e-01, -1.532289982107147e+01, -6.270628180926561e+00, -9.185672613737960e+00, 6.159139298960135e+00, 4.972549278731329e-01, -1.107351609056322e+00, 1.697475294894834e-01, 3.277273025188762e+00, 7.000985825909651e-01, 4.265139552310929e-02, -1.050189611118735e+00, 4.808246988524135e-01, 3.822463232528969e-01, 6.386409619436330e-02, 6.609573633987480e+00, 3.383902764751273e+00, 7.612252229370860e+00, 7.138605632737749e-01, -2.702501605143868e+00, 8.753426856507465e-01, 1.390100199064877e-01, -5.921319289492726e-01, 1.317330008042573e+00, 8.375566830457893e-01, 6.044697903927050e-01, 9.601878730193989e-01, 3.467954291283739e-01, -5.540526839162696e-01, -1.319592004297417e+02, 3.362146748971145e+03, -1.774538552871201e+03, 2.227715215350058e+03, -8.472316293980222e+02, 1.382339190088686e+03, 2.388368635216577e+03, -6.775851148993072e+02, -2.147852088356237e+03, 3.119952251184879e+02, -6.717578554446769e+01, 3.443623904835514e+02, 5.358164260304491e+02, -8.578173749367290e+02, 4.614321216627404e+02, -4.486197605687681e+02, 2.996815783533381e+01, 3.155893433556998e+02, -9.615468383816076e+01, -1.593148894206215e+01, -5.198951199009783e+02, 2.103839065905837e+02, 2.692530050738529e+02, -2.012221194194687e+02, 8.595755850234976e+01, 4.380336084773219e+01, 1.163392339152751e+02, 1.339991791665708e+02, -1.243475997193827e+01, 2.622245628239418e+02, 1.335467418496112e+02, 2.257348458395833e+02, 9.781612544985909e+01, 5.571079276507127e+01, 6.968890142185334e+01, 1.405799154919974e+01, -1.869835388433163e+02, 1.073358338465613e+02, 2.451965746159189e+02, 1.037697689036952e+02, 6.793222504488944e+01, 1.309611215516418e+01, -9.183812222216997e+01, -1.664487628789370e+02, -2.384680782111890e+02, 1.193249433257710e+02, 1.664780063545176e+02, -7.226772463303293e+01, -1.093834298705940e+01, -5.360768930606675e+01, 1.108560096379752e+02, -7.592285524796591e+01, -4.813993847924351e+01, 1.817962900641706e+00, 2.620717510336227e+00, -1.753987643790693e+01, -3.639404290186830e+01, -2.553003005465158e+01, 5.254980793321424e+01, -1.120035946831094e+02, -6.304010184238258e+01, 3.969381429167941e+01, -2.325463528804814e+01, 1.335364780299303e+01, -3.222729110896072e+01, 5.534601870788707e+01, 1.867592416444123e+01, 2.113007062727952e+01, -1.204757305070634e+00, 2.221403921050278e+01, 9.456321090500643e+00, -1.180572876951393e+00, 1.098794594084851e+02, 9.156453103099990e+01, -7.877202644106908e+00, -1.423334310995214e+01, -1.999569461142534e+01, -8.186550388818322e+00, -1.877078421647529e+01, -1.966256131692584e+01, -2.629319749596551e+01, -2.165850538658017e+01, 2.445847368507667e+01, 6.164069423989729e+00, 1.257381991915448e+01, 5.576559376370119e+00, -1.992204719147273e+01, -2.582701938542662e+02, 2.847264502589422e+03, -1.163116689339478e+03, 6.544530889802320e+02, -8.234737184642206e+02, 7.269872602255389e+02, 1.145072905883703e+03, -1.140275386847114e+02, -1.140536187686253e+02, -9.062222265385416e+02, -1.391728036915632e+01, -4.678225489069212e+02, 6.783162085138626e+01, -6.301948387547993e+02, 3.120527487407823e+02, -8.068035857203922e+02, -6.293847513969697e+02, -4.654707605937742e+02, -2.571338433645993e+02, -1.045659604992671e+02, -2.399802029478142e+01, -6.039846546085518e+02, -6.518801627794325e+01, -3.929784632815139e+02, -8.491597581472539e+01, 9.486634341495734e+01, 1.552825558311425e+01, -7.427608178536909e+01, -3.338743609817180e+01, 1.454004979991458e+02, 2.784296839074564e+02, 2.419469076835799e+02, 3.635294580896086e+01, -1.096655593313218e+02, -8.369743983656531e+01, 8.511965973512369e+01, -1.761196040700180e+02, 4.893329211661472e+01, 8.731623754876328e+01, 3.758271144714708e+01, -5.501050793674964e+00, -1.137350807366486e+01, -5.495810981482098e+01, -4.908088950434212e+01, 8.171948931066727e+01, 1.604312091880140e+01, -4.159411934013040e-01, -2.446047803970384e+00, 4.827585786269536e+01, -3.228178807708920e+01, 3.743083642935598e+01, -8.691005817440834e+00, -7.250676777314899e+00, -3.990786350453111e+01, 1.524119945485384e+00, -3.141985429644172e+01, -2.486016937695258e+00, -1.389310536296239e+01, -1.020858074159857e+02, -6.489937027279511e+01, -7.859598001471886e+01, 1.355944035429497e+01, 1.660831435861163e+01, 6.276385265577050e+00, 2.776781822211196e+00, 6.981064077869625e+00, -2.532156837929744e+00, 9.845226743568819e+00, 1.276307260407757e+00, -1.251345720120184e+01, 1.543350822410533e+01, -2.717348478705229e-01, 7.209365750671249e+01, 1.660943518019524e+01, 6.714132879069680e+01, 1.515097659243163e+00, -2.183171612658484e+01, -1.145013970965438e+01, -6.494093971112523e+00, -2.144503898211540e+01, -3.001823712540677e+01, -1.739274165357201e+01, 2.792077195397106e+01, 1.490397793656159e+01, 5.106404869505964e+00, 1.464469399784310e+00, -3.191039754269444e+01, -2.361206464907500e-01, -5.786989587632721e+02, -1.369593692507771e+03, 2.112819273576590e+02, -1.310124113481200e+03, -2.159224046593706e+02, 2.698983700648353e+02, -1.251774764564247e+02, -4.063759532391134e+02, 1.424735964332191e+02, -1.545807715320014e+02, 6.286405839837908e+01, -5.061173769419845e+02, 2.083285127802760e+02, -3.809144630985464e+02, 1.303974883474659e+02, 5.820077486867091e+02, 2.272881433460519e+02, 2.098859945190899e+02, -3.109611983211527e+02, -5.445997635366200e+01, 2.993070619396624e+02, -4.107646164700476e+02, -1.659217006359705e+02, -3.599724898871563e+01, -4.619402904553655e+01, -1.000713901958160e+01, -2.766919765015832e+01, -8.361406677452916e+01, 2.094635695024760e+01, 2.177182725387781e+02, -5.656359210001668e+01, 1.376440851027876e+02, 1.041403967227033e+02, 3.544254215161902e+01, -2.133501788117502e+01, -1.402283707211599e+01, -5.672930972518196e+01, -3.599908679434959e+01, 2.327550018659415e+01, 4.964786190425237e+01, 3.862906941864686e+00, -1.312115362219334e+01, -1.545738874743747e+01, -2.224642961990907e+00, 1.459365693854604e+02, -8.716342073678211e+00, -1.567873049841860e+00, -1.625329272706206e+01, 3.637479256981950e+01, 6.859567981979678e+00, -9.538417374567841e+00, 1.656935507268119e+01, 4.757765571132290e+00, 1.140603264605967e+01, -2.478259489001861e+01, 2.871261395174823e+00, -7.946438285564207e+00, -1.130802273181669e+01, -1.044079213919207e+02, -1.185555148578253e+01, -3.045223017092172e+00, -4.279110632959168e+00, -3.670797585500291e+00, 8.696006106544534e+00, 9.085540827887694e+00, 1.381252092435709e+00, 5.755311691936663e+00, 7.549213337378629e+00, -1.644886427683182e+00, -6.363839700041030e+00, 2.619277787626358e+00, -7.767103801834602e+00, 3.478286776023041e+01, 2.902312867001295e+01, 3.138043050456488e+00, -1.086694388739975e+01, -1.766479019057515e+01, -2.976126830681744e+00, -4.792820307345404e+00, -1.184385036055827e+01, -1.645157156500508e+01, -1.193822646439135e+01, 1.207300292185278e+01, 1.220212622962943e+01, 4.803992216952374e+00, -1.465210413808191e-01, -1.870713442090848e+01, -4.888876752577776e+01, -3.018268770376879e+00, 5.192049959004801e+02, 1.009302738412104e+03, -1.099938953580894e+03, -5.019640318522507e+02, 2.419785026011168e+02, 2.594374359593734e+02, -8.598030055103649e+01, 5.112974723389687e+02, -4.237284869102972e+00, 4.310878347457477e+02, -1.979669207409652e+02, -1.549066404688284e+02, -2.804806346161542e+02, 4.220587916123775e+02, -1.953786130305869e+02, -2.049620455191627e+02, 2.746830886455964e+02, 1.056502075378499e+02, 1.124242880095176e+02, -1.206992672084727e+02, -2.065209431904004e+02, -9.112055032289005e+01, -1.775056756823051e+02, -7.734160225597464e+01, 4.127036908215140e+01, 2.191825209250664e+01, -6.033013729446151e+01, -1.716772542046771e+02, -1.961990997366889e+01, -9.284563649930323e+01, -6.675804843409693e+01, -1.919389107676743e+02, -1.732778784484527e+01, 8.552607295701871e+01, 4.356578571587664e+01, 5.393741153638492e+01, 3.939283879619270e+01, 3.944608240476497e+01, 4.473960028658584e+01, 3.415387141857774e+01, -4.039347029308394e+01, 3.012146875493461e+01, 1.038750879243293e+01, 1.416620908129058e+01, -2.131664581708075e+00, 1.694491197492745e-01, -2.353344716168985e+01, -7.772466648559944e+00, -2.320563507119833e+01, 1.920290010421451e+01, -6.645278151222923e+00, 8.620640450589192e+00, 3.752476840223252e+00, 5.301777336557597e+00, 2.456537444172402e+01, -9.018004420304267e+00, 8.113489644638922e-01, -1.122510547842904e+00, 1.332739601023281e+01, 5.146180811315148e+01, 2.253534819773037e+01, -1.688354448953858e+01, 4.594256408184656e+00, -1.150447959294904e+01, -1.139893952453038e+01, -1.109047046789660e+01, -6.402150999385468e+00, -1.075888850876489e+01, 1.385424501786043e+01, -5.780896071559464e-01, -2.400287953509393e+00, -2.272891255372976e+00, -2.600634751549337e+01, -5.221727717851257e+01, -1.493122802186717e+01, -9.721157685558582e-01, 5.108671336343447e+00, 3.620754959607477e+00, 2.377047778098408e+00, 2.972052211705085e+00, 8.177294559061211e+00, 2.814042481293859e+00, -2.607637441081724e+00, -9.927379476886999e-01, -1.803031330588845e+00, 6.870420564763962e-01, 2.392983657019516e+01, 1.093497443103026e+01, 1.129201334745002e+01, -2.914544195281290e+00, 8.909743868387810e+01, -1.288340055935578e+03, -6.595171544118911e+02, 4.770601720715970e+02, -3.336877043195994e+02, -7.712364557130483e+02, -2.676321456457055e+02, 9.154101998156288e+01, 1.306606655842362e+01, -5.946890415720918e+00, 6.752994792463942e+01, 3.135594558166734e+02, 2.481965786402469e+01, 1.388676351543389e+02, -2.412593780113940e+01, -6.186285578422520e+00, 2.266379100716277e+02, 1.529664795809347e+01, -1.813888917371486e+02, -1.065501682835454e+02, 7.450624908839552e+00, -6.453428273386562e+01, -2.988185815968877e+00, 3.275259120680659e+01, 6.171554901824778e+01, -7.166782644862413e+01, -6.747274548209836e+01, 1.246415029529837e+02, -3.200812135593192e+01, -8.708710766050258e+01, -4.142233580741177e+01, -1.327641076410768e+02, -1.273778612681243e+01, 1.353727488872851e+01, 8.498953046233074e+00, 2.181325028900141e+01, 2.811871972338581e+01, -3.121876359754197e+00, -6.074705115726511e+01, 2.285300466969507e+01, -1.540541281893549e+00, 2.187487385797784e+01, -5.447769245547296e+00, -8.289401164632608e+00, 3.749342401297395e+01, -9.390303867188869e+00, 1.371812928650860e+01, 1.689258765434597e+00, -7.688290008696091e+00, 3.248256921373293e+00, -6.288167057172630e+00, 1.413932238945242e+01, -1.117210511824742e+01, 4.229289744027616e+00, 6.223032870644961e+00, -1.676198834255356e-01, 3.539823413943300e-01, 9.109587300754692e+00, 2.407706121216070e+01, 4.040335569952632e+01, 9.019290954412268e+00, -4.638790723730330e+00, -8.419904855934663e+00, -5.399206178323094e+00, -9.177202523408353e+00, -1.673360632099854e+01, -2.088267329181157e+00, -3.847477972625607e+00, -4.416972518609973e-01, -3.218561189215655e+00, -1.311964597711865e+00, 5.870913282050502e+00, -1.325828356777388e+01, -1.195431395061900e+01, -1.241238443804423e+01, 9.175071023368059e+00, 6.048532448248966e-01, 7.342185102299763e+00, 4.593591948827541e+00, 7.316115388085262e+00, 5.454329183053793e+00, 1.005688714556304e+01, -4.360881276023960e+00, -2.568189070666438e+00, -1.387653932774721e+00, 1.167552323524415e+00, 3.366221590962245e+01, 1.179408808764204e+01, 1.552134386267156e+01, -9.081073016206494e+00, -4.025367381706482e-01, 2.906748955538504e+02, -1.151228541131557e+03, -9.269190679357647e+02, -1.628950939215381e+02, -2.000839884107120e+02, -7.184522071268638e+01, -2.815007462475522e+02, -9.791366035703410e+01, 2.291638782059121e+02, -1.684466214344361e+01, -3.350366134098618e+01, -5.406346529914207e+01, -6.718092261209117e+01, 6.328227525369458e+01, -1.106848031420136e+02, -2.022141869468665e+01, 2.528003548609404e+02, 3.727250989675150e+02, 3.828541275171420e+01, -5.611115888178334e+01, 1.983927701094936e+01, 9.753299748034854e+01, -1.023819488867717e+02, 2.159143723035658e+01, 6.354004547194703e+01, -1.059320488123882e+01, -3.209570841124418e+01, 4.519399706418550e+01, 1.860659471845193e+00, -5.407963283566788e+01, -2.792076416628399e+01, -1.844348166713701e+01, 3.235986976793802e+01, 3.106408834758894e+01, -1.221293069540090e+01, -1.790941280690546e+01, 3.494964892633850e+01, 2.158174242123819e+01, -4.579706141661023e+01, 1.410782134020167e+01, -2.962932291641311e+00, 7.286051580671609e+00, 9.492291819703540e+00, -4.821901055276260e+00, -1.781125995713120e+01, -6.301261958329001e+00, 1.777997107253858e+00, 7.603582480489319e+00, 4.208292108879816e+00, 1.569528308057817e+01, -1.264654899958671e+01, 1.308758672559119e+01, 7.736500277863066e+00, 1.883194405096826e+00, -3.951102781819105e-02, -8.463132689696100e-01, 9.309106579481818e-01, -1.865059188872067e+00, 2.914984490675881e+01, 7.357162647968320e+00, 1.520634768899543e+01, -2.734843401365713e+00, -2.766230120715543e+00, -3.395172415496318e+00, 1.507112734322088e+00, -5.330806160402081e+00, -8.273802092554316e+00, -3.776847109489896e+00, 7.293229673593847e+00, 1.336444388254747e+00, -6.899075974894106e-01, 2.232407843554723e-01, -2.565250611680930e+01, -4.541723843140002e+00, -1.020964896011676e+01, 9.774834609063597e-01, -8.306788431342541e-02, 5.681166501960891e-01, 1.657837285979802e+00, 1.223337995428353e+00, 2.114249774385637e+00, 1.066757870284082e+00, -4.009556886515866e+00, 3.423912830338984e-01, -5.201723708141719e-01, 3.475454065990516e-01, 4.468660242137561e+00, 3.011352759958262e+00, 3.902724901772611e+00, -1.367773052909276e+00, -8.306649879298339e-01, -1.509459166825926e-01, -9.778033168344234e+01, -8.868234201042336e+02, -1.665598229062397e+03, -1.016498961606004e+03, -1.794472374361625e+02, 1.121838917912668e+02, 3.935206975421129e+01, -1.304889310442955e+02, -3.668327580316319e+01, -4.712688572195845e+01, 1.133348992946502e+02, -3.622172281380874e+01, -6.815388828638172e+01, 2.901084778182565e+02, -5.524319942011680e+01, 2.955840099378530e+02, 5.628440705971019e+02, 3.292795406132707e+02, -6.298792733485190e+01, -1.340702064319004e+02, 3.432757664766550e+01, -2.283334334031061e+01, 5.052492883562631e+01, 2.304134987429162e+01, -3.259233541723476e+01, -1.267204037589363e+00, -5.000250349263813e+01, 1.135911009101328e+02, -1.160842857888927e+01, -6.807833051127346e+01, -7.655395074880204e+01, -1.621093065357592e+02, -5.999183162087698e+00, 6.459173156471479e+00, 2.965958586071311e+01, -1.084449302763807e+01, -5.039179334578283e+01, 4.160124760376443e+00, 1.000946234001585e+01, -3.127664515444587e+00, -1.138432003757680e+01, -7.260559336522833e+00, -1.545201054097412e+00, 1.503852302098682e+01, 5.689892636656334e+01, -8.363922853883219e+00, 3.828130304894437e+01, 6.909674002695507e+00, -3.852108681375991e+00, -6.196447968174676e-01, -1.203083207161141e+01, -5.903449279841158e+00, -5.396166632124578e+00, 5.350527814710190e+00, 1.715586503287930e+01, 1.026825369676454e+00, -9.983822160390350e-01, -9.262666198629950e-01, 1.300181467031503e+01, 3.564197154162362e+01, 4.286295323729765e-01, -2.184741689717999e-01, -1.114424283227952e+01, -5.934003923340624e-02, -5.925311903412980e+00, -7.505797111282722e+00, -2.813997786093612e+00, -3.096987951961386e+00, 4.433947823628114e+00, -1.782701409027515e+00, -6.480368686048638e-01, 1.335246199698252e+00, 1.800676733989791e+00, -1.467929459068248e+00, -2.588340893778704e+00, 1.587577350258569e+00, 2.304707684864278e+00, 1.199421773447733e+00, 4.046043171333153e+00, 2.959410685823614e+00, 1.565372903911993e+00, 2.236593827017825e+00, -4.009828362394518e+00, -9.108373653268015e-01, 5.913578228431658e-03, 1.288390074532015e+00, 2.207412773555299e+00, 2.888793248388414e+00, 3.543495645990363e+00, -3.378687801635408e+00, -1.973075102107515e+00, -2.104437226949154e+00, 2.969884576545412e-01, -8.413892336189930e+01, 1.039645620366594e+02, -8.548416982939762e+02, -8.033436819126219e+01, -7.057222745481280e+01, 4.718062454645689e+02, 2.436923863391696e+02, -3.950574569089224e+02, 1.728946521750760e+02, -1.612125480909474e+02, -3.193513933890733e+02, -4.290948612671816e+02, -9.243758601083192e+01, -3.567390751333597e+02, 3.122919380954161e+01, 7.702939713170628e+01, 4.972590928798662e+01, -2.346546400950171e+02, 1.641296950271063e+02, 1.521918921501861e+01, -1.486246110788302e+02, 4.292161358099439e+01, -9.261912392363676e+01, 3.825984761599013e+01, 4.041592753297243e+01, -1.276537505675204e+01, -7.270301880164240e+00, 4.220189611291038e+01, -9.735196337846526e+00, -7.963216307682890e+01, 1.059430383652841e+01, -1.253327433795366e+01, -3.065489617229662e+00, 5.547623906150108e+01, 3.315171281369989e+01, 1.008606034212220e+01, 2.040435518476893e+01, 6.275083918693272e+00, 1.074813761913409e+01, -1.369362598132643e+01, 2.179959487952561e+01, 1.396223615507658e+00, -1.704903900977105e+00, 2.135812006872475e+00, -2.623066144561766e+01, 1.585912520766292e+00, -2.395674382774765e+01, 1.934231875572234e+01, 1.730308661579495e+00, 7.720014237554191e+00, -5.361186367860243e+00, 5.570165490677030e+00, -1.287727592934488e+00, 8.386722041496659e-01, -2.740356894905720e+00, -3.708913115001212e+00, 9.744682191889962e-01, 6.438118613633284e+00, 9.327991512189243e+00, 1.572559813474470e+01, 1.270541100322623e+01, -2.014650220377450e+00, -6.769699293960053e+00, -1.159990744764155e+01, -6.803296027914088e+00, -6.062049034231358e+00, -6.756257665609811e+00, -6.398427213382273e+00, 5.320105537532722e+00, 6.685649460095759e+00, 1.337966578097106e-01, 2.566262656175473e+00, 1.208485842565470e+01, -6.086355425116671e+00, -3.466028229106449e+00, -9.887610753020474e-01, 3.080864463263740e+00, 1.245386856588320e+00, 3.673547301319668e+00, 2.118858040532426e-01, 1.554025100463701e+00, -1.287478557572814e+00, 1.420664690391389e+00, 9.335675745703605e-02, -1.210816653661290e-01, 9.081376847825141e-01, -9.352796409359598e+00, -2.523953336729269e+00, 1.811709680686494e+00, -1.571822863821625e+00, -1.545354870747746e+00, -7.500747534612329e-01, 7.585092765712424e-02, -5.810544938808673e-01, -2.306710754579716e+01, -4.438725723861685e+02, -2.972043260498202e+02, -1.251140090654126e+02, 1.337720906499343e+02, -6.549716036024519e+00, 1.858376354722730e+02, 4.363520377686893e+01, -1.001412477753465e+02, -1.680096335001836e+02, -1.154422713084470e+02, 3.011820268721670e+02, -8.532521591351438e+00, 9.350885567545336e+01, -2.223974178238505e+01, 1.028803732150154e+02, 1.601943968208995e+02, 5.003979126877604e+01, -3.687399634031721e+01, 8.849380994509391e+01, 4.124623987703088e+01, 1.796045132137537e+01, -7.752824164654425e+01, -1.771777279733689e+01, 7.124466255890620e+01, 2.477009584817422e+01, -4.337729872102137e+01, 1.031102196405156e+01, -8.752762927544138e+00, -9.321104399197868e+01, 2.281364218180096e+01, -1.194199486269745e+02, -1.134139611512742e+01, 1.783372590327530e+01, -3.031089835884872e+01, -1.385552983471201e+01, 1.647550481252783e+01, -1.278090369000026e+01, -1.929661267459573e+01, -5.507175973679438e+01, -8.602696777083569e-01, 1.558887801712790e+01, -1.976439830082841e-01, 2.140242417225586e+01, 1.486897864198800e+01, 4.380756260604106e-01, 3.361295816158320e+00, 1.787068920014198e+01, 5.417548170652076e+00, 1.318771895509487e+01, 2.728605850647862e-02, 2.145602066397451e+01, -1.244293547763602e+01, 4.013891429200387e+00, -3.013481266738597e+00, -1.731347232448619e-01, -6.174378457968486e-01, 2.605107661187503e+00, 1.345549581455320e+01, 1.653715650113455e+01, 3.004992998847811e+00, -1.560349924587429e+00, -1.041715654425087e+01, -1.534116018212911e+01, 4.884620797694314e-02, -1.107110266367824e+01, -9.164196931264685e+00, -2.295335951187997e+00, 7.618918298761884e+00, 1.334957870879619e+00, -1.231026208820021e+00, -9.045711840989509e-01, -9.754288041585424e+00, -1.958057091191062e+00, -9.104924604365255e-01, 1.486601678525182e+00, 2.954757779948730e+00, 3.311916936320571e+00, 2.407617934766955e+00, 7.476229852447418e+00, 3.942872796623626e-01, -1.054460923163958e+00, -3.614473376640750e+00, 2.629326275710746e-01, -4.385646669776927e-01, 1.219841922469124e+00, 2.498728480381438e+01, 1.136768025272670e+01, 7.087154067948394e+00, 1.365774236568130e+00, 1.585281948342772e+00, -2.448584727832273e+00, 1.074281933774166e+00, -6.397941707852032e-01, 3.475429685755345e-01, -1.056880168001540e+02, 5.434972315838191e+02, -2.218910369597651e+02, 6.960723466032389e+02, -1.544431499867767e+02, -2.305226217105813e+01, -2.735766275546840e+02, 3.016468405298252e+01, -7.561414091881451e+01, 2.199049430253791e+02, 6.924106334380161e+01, -1.062111372796021e+02, -2.375104540162073e+02, 1.280215940685581e+02, -3.802874387014893e+01, 3.771786892935390e+01, -1.079154519126344e+01, 5.471622183695805e+01, -5.518483577311298e+01, -1.850797525159614e+01, -2.067707744382524e+01, -9.998131517327035e+01, -8.669544690091455e+01, -4.347417168828927e+01, 8.567595144289741e+01, 9.049783784778489e+01, -7.217287329980918e+01, -8.897150044176550e+01, 6.769277394454917e+00, 6.183854066685730e+00, 7.425286697170016e+01, -5.987589957416958e+01, 1.962385675045565e+01, -7.596206019457740e+00, 2.698097206129603e+00, -1.169972053879004e+01, -5.633177667482915e+01, 6.838404121116551e+00, -9.449586359540531e-02, -1.864405667492947e+00, 2.173077753653302e+01, -3.958037177126538e-01, -1.474107515764590e+00, 1.094374664229679e+01, 1.436066120096543e+01, 2.534886623424612e+01, -1.980724334182479e+00, 3.907653259814239e+00, 1.319776504518288e+01, 2.591803886270687e+01, -1.881449522504551e-01, 7.846904380852048e-01, -3.141001550957399e+00, 1.206577651560625e+01, -6.126277039975652e-01, -9.064557226791502e+00, -4.126296517998510e+00, 1.640897971792812e+00, -3.897716364688281e+00, 5.234936711626168e+00, -5.543853797092856e+00, -1.014756996742556e+01, -3.184137101955398e+00, -3.014614060869431e+00, -2.835036405451850e+00, -5.330516204499057e+00, 9.530090082912094e-01, -4.903934983559793e+00, 4.102049370083471e+00, 1.716237298187734e+00, -1.610270255704109e+00, 8.990063274405918e-01, -4.375530594608557e+00, -5.675626981170189e+00, 1.645068337540588e+00, 2.411349374316219e+00, 3.213267185818825e-01, 2.411724143844209e+00, 5.073843156645370e+00, 3.192813976701220e+00, -1.274148200705948e+00, -2.225573126822899e+00, 1.313829967080691e+00, -2.159538877044239e+00, 4.745999016475048e-02, 1.238243038310630e+00, 1.555778753379918e+01, 6.146409842385448e+00, 5.102454682268047e+00, -1.715838024283351e-01, -2.174648775070495e+00, -6.165911015393728e-01, -8.371253081897743e-01, 1.834455461439777e-01, 2.683714209841473e-01, 6.259855938455915e-01, -5.142287119589827e+01, 1.113412327336621e+02, -4.839098751150677e+02, -3.271900670791397e+02, 8.744499387886952e+00, 6.010701912817502e+01, -2.424566524791157e+02, 1.180480736713664e+01, 1.253221053943654e+02, -3.427723672144529e+02, 1.301290859647113e+02, -2.279179690685128e+02, 2.978676914017730e+02, -2.403359528090605e+02, -6.614463241862571e+00, 8.936995205347354e+01, -2.045786662652989e+02, -1.670539943324458e+02, -1.197029842345593e+01, -1.367600986083456e+02, 1.522977315877438e+02, 2.789361007219080e+01, -1.992366186338819e+01, -8.611506996986563e+00, -4.231098690612968e+01, 3.567187717639044e-01, -9.449200055917008e+01, -1.448793977589460e+00, 1.438535992308504e+01, 6.157361183158988e+01, -1.345149423595891e+01, 1.254102778945334e+02, 1.097337447064502e+01, 2.450927627938869e+01, -2.686484398940303e+01, -1.253144885802677e+01, 3.190620022389940e+01, -3.939459046095126e+01, -2.938714033301093e+00, -3.054161040861128e+01, -1.430154816133826e+00, 3.639029016451185e+00, 3.379360039578359e+00, -1.073093281525205e+01, -4.234574543033929e+01, -2.057358291527188e+01, 7.215542774062076e+00, -9.086817838711934e+00, -5.969299836476993e-01, -2.058856685016129e+01, 1.000968255846707e+01, -3.066878297343407e+00, 3.029580204399344e+00, -3.957161454721695e+00, -1.980363122392146e+00, -8.184480207966979e-01, -8.643202375936553e-01, -2.508434517792910e+00, -1.136404729689285e+01, -1.031528784926626e+01, -3.922242118015394e-01, 1.009010735248879e+01, 4.462448673695118e+00, 1.001047920965691e+01, -7.017956642341147e-01, 7.759086204664690e+00, 4.610061935582145e+00, 1.259335208238230e-01, -5.275989564996529e+00, -4.078228969842177e+00, -2.296389746445363e-01, -1.068837387765108e+00, 1.292884872144054e+01, 1.704991144345055e+01, 8.148406291096986e+00, -1.590614395027260e-01, -1.941430851698051e+00, -2.238465095999982e+00, -2.460819932551211e-01, -3.753472001089824e+00, 8.294729673309820e-01, -3.407501657187165e+00, -4.308540487540979e-01, 1.978436610644621e+00, 2.411372583464005e-01, -6.605693500663646e-01, -1.027999832113648e+01, -9.035784869483493e+00, -6.435801731935705e+00, -4.841673014482117e-01, 1.377748137927251e+00, 9.570967022025422e-01, 4.701471506690632e-01, 1.397568440700444e+00, 2.231011846331863e+00, 1.897569302809152e+00, 1.231783792135648e-01, -2.454310595823372e+01, 2.991551956504279e+02, -1.544790094774013e+02, -2.592265639768092e+02, -1.861303477106682e+02, 1.967058572117182e+02, -8.534320864257238e+01, -7.805817452031432e+01, 2.426111619206484e+02, -2.658930675018378e+02, 1.022963939171057e+02, -1.553186046858609e+01, 8.380227299871979e+01, -8.396820900738763e+01, 4.326818552497569e+00, -1.841180783600655e+01, 1.291353833004539e+01, 1.758097329101098e+02, -1.048572883137521e+02, 2.225048377963169e+01, 7.378990143674284e+01, -2.868414901233269e+01, -5.933215070829556e+01, -2.035007201430023e+01, -5.642578467527884e+00, -5.495793381455164e+00, -3.787985908002317e+01, -3.156182845261023e+01, 9.963351112964943e+00, 3.867099637696587e+01, -7.436358590938894e+00, 1.500655880831228e+01, 2.561855913142821e+01, 5.401122611372523e+00, 4.206431602804892e+00, -3.766866528709603e+01, 1.494970094137524e+01, -1.807611605887514e+00, 9.850012423364731e+00, 4.311653746521348e-01, 1.523466378308088e+01, 1.780654187761712e+01, 3.876236859244313e+00, -3.794077094633443e+00, -2.567106757251991e+01, 2.922291682516135e+01, -1.642016970628585e+01, -7.067439811936449e+00, -2.739837954302960e+00, -1.003915637973610e+00, 4.705582522707839e+00, 1.122629258824499e+00, -1.450617961203412e+00, -1.369022718676140e+01, -5.930016375598844e-01, -2.468328063288017e+00, 8.732627461018291e-01, -1.469707442011014e+00, -6.295912013878581e+00, -2.820354730241004e+01, 6.707876758964204e-01, 5.521077308018058e+00, 3.571746574524955e+00, 3.440113943837998e+00, 2.429808673621812e+00, 5.109770262444150e+00, 5.304621357099973e+00, -3.860048121266608e-01, -3.753625401502836e+00, -1.396220771839205e+00, 2.141220633931389e-01, -8.734187695823236e-01, 2.101701107590079e+01, 7.851751077767331e+00, 8.856953298404447e+00, -1.677978349489138e+00, -2.924158027880730e+00, -5.549745005953429e-01, -2.079335996218579e+00, -6.223440602160617e-01, -1.293719157420512e+00, -3.788013777096072e-01, 2.392689049612311e+00, 3.116553138155268e-01, -7.922611920667095e-04, -5.918297918330790e-01, -4.754855914739611e+00, -2.623115774515807e+00, -5.496531070458388e+00, 5.272422231273570e-01, 1.224855808709523e+00, 6.323333950807182e-01, 7.528744348966758e-01, 5.387140309913381e-01, 9.482756192704689e-01, 7.982805198781842e-01, -9.078326794556164e-01, -3.612740407650351e-01, 1.592427860887222e+01, 1.558065082017642e+03, 6.562941748000186e+02, 6.197866884804828e+02, -7.914693225589271e+00, -5.514004332784738e+02, -2.501125010582076e+02, 1.279319674573979e+02, -2.925514025965643e+02, -1.665166615318892e+02, 2.752793441292569e+01, -3.914389877838746e+02, 3.340268031134821e+02, 2.880122955226742e+02, -2.633200524802142e+01, 1.047975154857498e+02, 3.561871464454058e+02, 1.362270990495725e+02, -1.799175036145653e+01, -1.031296772363339e+02, -1.858450870516908e+01, -4.013997730048617e+01, -4.458092277291954e+01, -1.941611124888631e+01, -5.017240844464968e+01, -3.660764528627880e+01, 8.156148644434430e+01, 1.000418083934066e+01, -1.200304328096852e+01, 1.947934558495207e+01, 8.889532544502588e+01, 9.111096270083149e+01, 4.290506815726211e+01, -5.682135104102294e+00, -3.052808905332061e+01, -3.241571117854427e+01, -9.512616021384325e+00, -5.129828171934447e-02, -2.950517466024648e+01, -1.315356230001352e+01, 2.345206486416764e+01, 1.152058298309182e+01, -4.020332904994175e+00, -9.766940700832400e+00, -4.465433494353048e+01, -3.527733560472696e+01, -8.732116882205666e+00, 2.336039681540015e+01, 1.401443951459874e+01, 1.174326108439820e+01, 1.424095869257465e+01, 7.229099409189502e+00, 1.281616363247157e+01, 3.607421654963030e+00, -1.500207305057771e+01, -5.370014180843958e+00, -2.863281838638441e-01, -5.104407611070765e+00, 1.835896545212715e+01, -2.448362532346512e+00, 8.349692331758127e-02, -2.300482416015528e+00, 3.230883860697906e+00, 2.564644826668454e+00, -1.741513775132122e+00, -1.681197547981327e+00, -5.089762883850905e-01, -4.857404859115943e-01, -1.013477095762762e+00, 9.429949785039579e-01, 5.348792609895784e-01, -6.835956109302215e-01, 3.368040671127317e+00, 1.678420244334018e+00, 2.826100995396464e+00, -2.470441806381884e+00, -1.668804415607851e+00, -2.674086774511203e-01, 3.383581773768536e-01, -1.188929547091262e-01, -9.869976331300281e-01, -1.277588699591011e-01, 1.350042209674972e+00, 6.992186375344102e-02, 4.445883625652674e-01, 1.990595876573897e-01, -3.768850803857507e+00, -4.040173622051880e+00, 1.318029806701779e+00, -5.096034367172688e-01, -2.701249308076142e-01, -2.296205950217690e-01, 4.418409603193894e-01, 2.436986109082741e-01, 4.615198577970265e-01, 5.465848555926576e-01, 1.107472022394880e-01, -8.514178906555095e-02, 3.134250102963302e-01, -1.069017072173541e+02, -4.066242000963173e+02, -9.825702445522167e+01, 2.715687444879214e+02, 1.838487514285912e+01, -1.677288811674026e+02, -2.009895562995585e+02, 1.281695375830369e+02, 9.797425280582213e+01, -2.241008009411087e+01, 5.074066235342513e+01, 7.827192432441198e+01, -3.836166460440749e+01, -1.158519827599938e+01, 2.634949255951680e+01, -1.788422634284586e-01, 5.868376530054827e+01, -2.278515982857515e+01, 2.607151981519608e+01, -2.750877144430527e+01, -3.450433141127415e+01, -4.141974561065209e+01, -2.181524278016627e+01, -1.145371712422685e+01, -5.662217102902025e+01, -2.908920400464682e+01, 1.986047800980391e+01, 2.305055313982182e+01, 1.044442844020567e+01, 3.089477679356706e+01, -3.590866322146326e+01, -1.138142333827242e+01, 2.158237213272348e-01, 1.975851215712517e+01, 2.455507717465495e+00, 2.323558245383680e+01, 2.752615347653204e+00, 3.976815031547278e+00, 2.995130254799085e+00, -1.428515624190487e+01, -6.863802500531446e+00, 3.586240762413013e+00, 1.387533669532931e+00, -2.678118193146749e+00, 6.137086267651418e+00, -1.512900662241127e+01, 1.363866508733210e+00, 2.161610352701565e+00, -1.751810139645854e+00, 3.370251265069400e+00, -3.895117476602107e-01, -6.139474250085184e+00, 2.897527540891377e+00, -3.262114703099189e+00, 2.657507683000247e+00, -1.091334746994349e+00, 1.042788040586449e-01, 1.525304999399496e+00, -3.742703759502040e+00, 9.670021044650713e-01, -5.189245200503698e+00, 2.114782012948265e+00, 2.610599302822149e+00, -5.808205618015402e-01, -5.127206745302455e-02, -8.712787183491065e-01, -1.457471070668721e+00, 3.462181433835799e-01, 4.591559999467537e-01, -1.856675296991589e+00, 1.619714978172011e-01, 1.389714001156804e+00, -3.086173676860933e+00, -3.353256986860329e+00, 4.314162953031440e-01, -1.054163271568360e-01, 1.145069824116537e-01, 4.055271564150811e-02, -1.359439188875045e-01, -4.880982553686690e-01, 4.557506007566992e-01, -2.762921893928856e-01, -5.001284656338572e-01, 2.315028014046283e-01, 1.407470139723361e-01, 2.081948450035722e-02, -3.837250925993730e+00, -6.063141083035931e+00, -1.039165729795971e+00, 4.912324838644498e-01, 3.792177461295527e-01, 5.737213245513421e-02, -1.265062243973315e-01, -3.160024265110504e-01, 1.228521324852480e-01, 4.850392587978086e-02, 1.072240989722080e-02, -6.372903637041420e-02, 1.045189351622290e-01, -9.473068006490692e-02, 1.749986357723479e+03, 1.296638460740102e+03, 2.095592842080665e+03, 1.315918455020175e+03, 4.669370330333753e+02, 1.176975751172993e+03, -1.134315314986573e+03, 8.600801697903971e+02, -1.579770260043704e+02, -2.702544424227705e+02, 6.589036017603629e+02, -9.781107222204431e+02, -9.285574029493719e+02, -6.008189028346244e+02, -2.063548718944931e+02, -1.015784463996114e+03, -7.492106962330041e+02, -4.648448484309557e+02, 1.579069712952594e+02, -5.213356651682626e+02, -3.356086345037862e+02, 8.581683211868260e+01, 6.695390293116892e+02, 1.059499473815444e+02, -1.079170621336126e+02, 1.040407123813188e+02, -1.618906967865965e+02, -1.160507576089572e+02, -5.797797501821852e+01, 1.053764150715983e+02, 2.560627284045752e+02, -1.457756513994315e+02, -1.471346627258346e+02, 5.379820531341868e+01, 1.739285556950119e+02, -1.737368171145419e+02, -1.766502721229232e+02, 7.045584278259463e+01, -1.225871122400760e+02, 3.417842490477986e+01, -6.202174240804686e+01, 7.875850423900583e+01, 1.080017936239485e+01, 8.988260518730739e+00, 8.101173374375007e+00, -1.767109662070629e+02, -8.795996091609848e+01, -5.865976989224570e+00, 1.389547228647956e+01, 1.220957679264079e+02, 4.349632264950539e+01, -1.684262796574162e+01, -1.362028308708180e+01, -5.126977607903896e+01, -2.775251516040382e+01, -4.835018668335886e+01, 2.844401647511472e+01, 5.674533096368926e+01, -4.749779349517360e+01, 1.257579872533294e+02, 1.904875463089698e+01, 2.416807860274029e+01, -4.193353942017229e+00, -2.785305553980690e+01, -3.495187782035422e+01, -1.163714627669614e+01, 2.525847489016390e+00, -1.290012715526376e+01, 2.427246876480281e+01, 2.471462474607144e+01, 1.886165693159743e+01, -1.593765515438127e+01, -6.315679806340678e+01, -9.698383918881211e+01, 1.311331634392609e+01, -1.267290310394637e+01, 3.476083299910246e+01, 1.219576165811087e+00, 4.067524206469808e+01, -7.405969244567423e+00, 8.838173255271558e+00, 1.176437596115461e+01, -2.460573012429562e+01, -2.764062774316398e+01, -1.595238878801603e+00, 1.915191357993474e+00, 1.027358433779074e+02, 7.837556528465242e+01, 1.301226170856209e+01, 3.777272128727824e-01, -3.546115012565826e+01, 1.236138681600570e+01, -1.246137238627438e+01, 2.538340038472522e+01, -4.368566324881603e+00, 1.341324568019895e+00, 3.024763587618603e+00, 1.327258930908704e+01, -9.806709283787043e+00, -2.809807868715487e+00, -1.724929757174546e+01, -3.156553135862155e+02, -3.177512982194938e+03, -5.758054092898891e+01, -7.535447642310846e+02, -9.069083369222678e+02, 1.653911292627687e+03, -7.135147287332656e+01, 7.930656906389218e+02, -4.552260650904727e+02, -2.352769444747435e+02, -1.385264492139167e+03, -1.027825711447155e+03, 1.478781883859675e+03, -2.254180349610075e+02, 4.602080806915372e+02, 1.004299004294978e+01, -2.042299283861448e+02, 3.498287152478685e+02, -9.737031405116575e+01, 1.709493062091981e+02, -9.433142301321708e+01, -3.041517617470143e+02, 1.976346394218388e+02, 2.078375297857483e+02, 1.441640525524650e+02, 8.391977457694311e+01, -3.056023943694324e+02, 2.497895766028080e+02, 4.166722367013167e+01, 1.915083760323134e+02, 1.191030454791555e+02, -2.001672708948760e+01, 6.384274049577982e+01, -1.344018328829620e+02, 3.103361958459188e+01, 7.003864591031069e+01, 1.462187800952432e+02, 7.961156412618234e+01, 6.576077717762439e+01, 4.230521534436725e+01, -1.525195841453344e+00, 5.215686525841935e+01, -1.743168839428580e+01, -4.658687475304031e+01, -2.169088612101791e+02, -1.193684404515398e+02, 1.716694935896935e+00, 8.927145121902176e+01, 5.243375400666355e+01, 5.932872928363301e+01, 2.102647271576674e+01, -2.811420766799358e+01, -4.588609247755107e+01, -1.919736393310326e+01, 1.285905810539374e+00, 7.036066360613543e+00, 9.888013993916607e+00, 2.325054222666473e+01, 1.227352840841257e+02, 7.422250739391548e+01, 7.936311353610969e+00, 3.715583493757290e+00, -5.331737783345832e+01, -1.292145656461651e+01, -3.398336651141945e+01, 3.039392659804538e-01, 1.094395314503502e+01, 9.413024823289165e+00, 5.839302922791438e+00, 2.537475755441298e+01, 1.143935855468252e+01, -6.352654843683036e+00, -6.898856047486761e+01, -1.655946382405696e+01, -9.534635966671051e-01, -3.228584914238587e+01, 3.266216090154686e+01, 1.229902126487656e+01, 2.090882349475791e+01, 2.009378381413369e+01, 2.241535593897587e+01, 2.663614242545723e+00, -2.288076220869677e+01, -2.025906662344514e+01, -4.014052743346624e+00, 7.198656548163068e-01, 6.729876665566175e+01, 6.039578890420969e+00, 1.464856002981906e+00, 1.879344863690726e+01, -1.541255767310452e+01, -4.567890708498124e+00, -7.004564661274989e+00, 3.010963484207310e+00, -1.247539542118802e+00, 6.869041508457469e+00, 4.937424818901685e+00, 5.481836952392490e+00, -8.043516740040403e+00, 1.259896958406364e+00, -2.176769208520329e+01, -1.511066475405628e+00, 1.973119884724588e+02, 4.385486167498989e+02, -3.474537717607896e+03, 1.905547046470614e+02, 4.991109341096081e+02, 2.696726840587521e+02, 2.938328446443770e+02, 8.651054849552290e+02, -4.412569580099377e+01, -4.383028092001739e+01, 3.403298580160543e+02, -3.911756359528858e+02, 9.098761660804477e+02, 1.529686556759546e+03, 6.884399101463592e+01, -4.857081980679366e+02, 2.565803332997680e+02, 6.595653781142894e+01, -3.795616516034582e+02, 1.203954917732909e+02, -9.014035244025958e+01, -1.725024545519760e+01, 1.757961352960137e+01, 3.524000386948509e+01, -1.060222559707251e+02, 1.193473270415545e+02, -1.164682302572249e+02, 3.445456630722110e+01, 3.292033408657927e+01, -1.728662353289213e+02, -1.611222185470614e+02, -1.033977070786541e+02, 9.516783655531336e+01, 8.078018052336571e+00, -5.150351853969904e+01, 6.362359198951196e+01, 8.974542138547095e+01, -1.674024310596013e+01, 8.423499515344936e+00, 7.964915022781816e+00, 4.278754300554865e+01, 2.349711367213951e+01, 3.352917259267918e+00, -2.471608121831267e+01, 9.957376410826166e+00, -3.521257262144669e+01, -4.178453820485026e+01, 1.565644626702396e+01, -1.088284267568629e+01, 3.289478026576512e+00, 1.482990349753305e+01, 1.370061481908057e+01, -6.828858607829043e+00, -5.089650744894443e+01, -1.120699363889599e+01, 5.289195736192517e+00, -2.390692519994452e+00, 1.036504949120418e+01, 3.601240416578246e+01, 2.729008890867186e+01, 1.410365669750033e+01, -2.835917251499972e+00, -5.781091743181054e+00, -1.239916306791997e+01, -1.325604653083586e+01, -1.252734049112937e+01, -1.874191166893696e+00, 8.338112557037721e+00, 1.499422882331122e+01, -4.946211563937725e+00, -9.000568566227019e-01, 4.240601091233824e+00, -3.074068893411517e+01, -2.864320642175664e+01, -7.471298657661538e+00, 1.098535024945816e+01, 1.305567560555629e+01, 9.719593468634564e+00, 4.941500883572838e+00, 1.104652035650533e+01, 9.428758477035030e+00, -3.664687410873518e-01, -7.736084615677008e+00, 1.058187400975429e+00, -1.832646996298656e+00, -2.732062282150796e-01, 3.200854466925054e+01, 4.193662829192041e+01, 5.778514270326730e+00, -7.666775878072376e+00, -5.016207414188719e+00, -8.283282096158661e+00, 5.004951930336737e-02, -3.491483329648787e-01, -3.763856655319667e+00, 9.911827779685198e-01, -5.979365979507621e-02, -2.120013221574711e+00, -3.424998047026542e+00, -1.211535833939586e+00, -3.232489213233680e+01, 1.935976888773304e+00, 5.889930927953526e-01, 1.851532004659676e+02, -4.231236798080675e+02, 5.461206110489534e+02, 7.997232570027977e+01, 6.420651129403966e+02, 1.500434667294257e+01, 1.024598906038088e+03, 5.841133124815250e+02, 4.379319901658867e+02, -1.651468222785885e+02, 1.200256877569733e+02, -3.555659547991170e+00, 4.408226060869941e+02, 4.777731288871830e+02, -8.922179187839245e+01, -1.237858370362846e+02, 1.798625693936020e+02, -1.680697090075633e+02, -6.871806564851224e+01, 7.830649988692284e+01, 6.178095576887783e+00, 1.984177283575748e+01, -1.910245500128974e+01, -1.281435277266935e+02, -3.423450524616963e+01, 8.882220524160385e+00, -1.791916023753055e+00, -2.529398791843414e+02, -3.090200828438542e+01, 3.134156638941488e+01, -1.497006155463506e+02, 1.165349631310014e+02, -4.105559507775726e+00, -6.420885336006862e+01, 7.527501393941172e+01, -2.700942580760342e+01, -2.754196607343131e+01, -2.281261602802385e+01, -5.451136740241075e+01, -8.628966646168850e+01, 1.865949926281814e+00, 1.889606220886859e+01, -8.288181491055568e+00, 3.302370869889225e+01, 1.002207418574776e+02, 1.414676820111742e+01, 3.178748306436902e+01, 1.555047287150805e+01, -3.004976659792056e+01, -2.964729279910755e+01, 3.329937307545293e+00, 8.554571287960295e+00, 3.302063131394518e+00, 1.788954810805878e+00, 1.496319810005206e+01, 5.375433869210137e+00, -5.352300418883694e+00, 2.227599056883165e+00, -5.984464347124354e+01, -2.388245653131187e+01, -6.621580169321279e+00, 7.226235621536094e+00, 6.900553829305312e+00, 6.939563815089222e+00, 1.130806316168880e+01, -2.995377891452120e-01, 3.601579554201741e+00, 1.338922862689186e+01, -2.370495944630557e+01, 3.382937325834188e-01, -3.266522322008343e+00, -2.717344840346488e-01, 5.233384697284202e+01, 2.034453106406057e+01, -5.186357107706193e-01, -3.029348885118397e-01, -4.059377206562941e+00, 3.397887237304767e-01, -4.522077210955527e+00, 1.563823261281226e+00, -8.493829265574778e+00, -4.437576712755308e+00, 5.043608541556893e+00, 2.636834685760562e-01, -1.180969384766584e+00, 2.974687085952338e-01, -4.044882233998553e+01, 6.976593533695496e+00, 6.730035419796514e+00, -6.066440179514988e-01, 2.682764977090902e+00, -2.538578806101238e+00, 1.422980370030855e+00, -1.169180866133682e+00, -3.139026527326561e-01, -6.882913445725841e-01, -1.299636369216910e+00, -4.350696858390920e-01, 3.179475045969524e-01, 5.360584202756519e-01, 1.387790045684064e+01, -2.266847608793971e+01, -7.605648442598959e+00, 2.244211448050361e+00, 5.650744043972650e+01, 9.747214247540487e+02, 7.943539150433281e+02, 1.863792982168295e+02, 2.237412947036976e+02, 9.267124717882312e+01, 1.674816866795974e+02, 1.292764674111588e+02, -4.346653381250539e+00, -1.738684085879867e+02, 1.741256118626045e+00, 5.257413995788103e+02, -4.669225839960826e+01, -1.871356208871943e+02, 1.684219739050844e+01, 2.926649702716496e+02, -4.724488034238808e+00, -2.214060995504002e+01, 3.149123609157727e+02, 8.122812536990122e+01, 9.340885155769806e+01, 1.456942252626183e+02, 3.276639020583873e+01, 1.388390972702813e+02, 4.843020757142412e+01, -1.030910902314365e+02, -4.649956802809500e+01, -7.126861832564822e+01, -2.975381482919864e+01, -1.146791638948893e+01, -1.174409142214161e+02, 2.841992815936234e+01, 7.424787982826706e+00, -7.458487274690535e+00, -2.277695836229129e+01, 2.967517319651742e+00, -1.799975605440037e+01, -7.068965194829545e+01, -2.684256926720573e+01, -2.535826335013131e+01, 4.171082611719191e+01, -4.101546943245970e+01, -2.115180052653176e+00, 1.445561405796390e+01, 1.102645771135311e+01, 7.162118086349543e+01, -3.743474701820323e+00, 1.116301627573609e+01, 7.113937885230264e+00, -7.896284761816764e+00, 7.143475083249599e+00, 1.737067089359022e+01, 2.898647556789166e+01, 2.313248225427579e+00, -1.187347784783042e+01, 1.290482455141095e+01, 2.021751045205366e+00, -8.418984396778868e+00, -3.361806549609221e+01, -6.597589940214191e+01, -2.282338965497256e+00, -1.220553417250159e+01, 6.087139753472429e+00, 1.197132055330382e+00, -1.245755748887626e+00, 5.593946055127382e+00, -6.597136040940009e-01, -2.928915319819100e+00, -1.246711437555519e+00, -1.075454392197247e+00, -9.291708848626904e-01, -1.699728945706363e+00, 1.730917179713881e+01, 1.031885666513681e+01, 5.528663461156968e+00, 3.692061607895213e+00, -4.353765758806031e+00, -4.966683709961445e+00, -3.466270489021181e+00, -2.883634018926187e+00, -3.267721496381732e+00, -3.414058974300870e+00, 4.520808478789404e+00, 2.568384052145323e+00, -6.265895403491070e-01, -9.043290115401673e-01, -2.769776651516110e+01, 4.925423931487503e+00, -6.338547548676677e+00, 9.134220732682420e-01, 1.601951709921691e+00, -6.569274644494089e-01, 1.463938986648218e+00, -1.974303919514665e+00, -3.069192915449811e+00, 7.379954160621415e-01, -1.932628102581063e+00, -2.228414884032500e+00, 9.607756677443358e-01, -1.942396734732191e-01, 1.960488053740441e+01, -3.786195464353658e+00, -6.302658365726784e+00, 2.164758000586256e+00, 5.485654934558765e-01, 3.658016075704298e+02, 4.103981130003316e+02, 4.027843826173964e+02, 3.219004865352803e+02, -1.434454292166249e+02, -3.264571155171384e+02, -3.851393150953514e+02, 4.831961095702935e+01, 9.006492177417593e+01, 2.502419864068058e+01, 1.698079050636301e+01, 9.996383301627543e+01, -1.567486738953486e+02, -3.149989681085032e+02, -8.453226493775156e+01, 3.557918239105183e+02, 2.153814010577595e+02, -1.053695946859092e+02, 2.276630078740434e+01, -5.395090459874901e+01, 1.709923094216348e+02, 2.536503347900017e+01, 2.751511786228338e+01, -2.651728241316416e+01, 1.723934378841366e+02, 2.879277731976449e+01, -3.979116740546969e+01, -6.441920320878485e+01, -4.625947373542873e+00, -3.180622760310387e+01, -1.014042915325980e+02, -1.029327019892216e+02, -2.208622471093934e+01, 7.845346480924627e-02, -2.274950953806992e+01, -1.494534584872942e+01, 3.062448418532837e+01, -1.307047802117303e+01, -2.274568513335739e+01, -2.591930634617151e+01, 1.231891796617324e+01, -1.050393945000531e+00, 3.536272662997532e+00, 2.073994305353421e+01, 3.349387339110967e+01, 4.915781143293182e+01, -2.142101281506577e+00, -1.158555820470608e+01, 1.856653042827335e+00, -8.140131544226827e+00, -5.630551580678262e+00, -9.277406610523160e+00, 1.140700053351475e+01, 4.981344496388443e+00, -5.216297494561366e+00, 4.484102656930228e+00, 3.510073687177265e-01, 1.988671153057172e+00, -1.938158565519416e+01, -1.876756329631878e+01, -6.535013546930932e+00, 3.322775279474847e+00, 6.843182409768345e-01, 1.992329502471472e+00, -2.156754056711980e+00, 2.308556860463580e+00, 4.478392109920941e+00, 9.301386684906582e-01, -3.558981787212034e+00, -3.181842394110117e+00, -2.604164776962206e-01, -8.859721310911426e-01, 1.699929828485297e+01, 4.678838931567498e+00, 1.379518643495950e+00, 5.982023241059853e-01, -5.155938641759568e-01, 4.174357709342957e-01, 1.378060498821185e+00, 4.722547217003763e-01, 1.477316194582107e-01, 9.408575114929829e-02, 1.868762287163473e+00, -6.623546647185153e-01, -2.480921475057876e-01, -2.029630519517891e-01, -1.523468485213115e+00, -2.506232559069602e+00, 6.131557139277186e+00, 9.731303582783081e-01, 8.997449544795906e-01, -2.006330692202932e-02, 6.143345277534833e-01, -4.646501452243096e-02, -6.770879576950294e-03, -3.190739136618235e-01, 1.116632833725228e+00, 6.434753238811108e-02, -2.025049721835990e-01, 1.218640641491486e-02, -1.263068520505533e+01, 2.940104041715388e+00, -1.557145636245074e+00, 1.415611840663439e+00, 7.774115483535226e-01, 6.994172100681251e-02, 6.220360994169333e+01, -1.111109197888230e+01, -8.272524026931919e+02, -1.759574111525414e+02, 3.370123009631730e+01, -4.634076319903351e+02, -5.052499740524200e+02, -3.443633025047415e+01, -4.978517202089139e+02, -2.523197996630662e+02, 2.533921096398185e+02, -9.282584820874554e+01, -1.678719146289583e+02, 1.873223539722646e+02, -6.382679497295639e+01, 6.869757870328237e+01, 1.751822417046930e+02, 2.560961263391431e+02, 7.278986480115474e+01, 1.283059161109204e+02, 1.154219808946424e+02, 1.211792154012023e+02, 1.372280596808025e+02, 1.070294635162824e+02, -7.278949056411416e+01, 5.304923992172242e+01, 3.986075251661471e+01, -2.123692041711512e+02, -2.639355257619603e+01, -4.864026621962523e+01, -5.072265133404269e+01, 3.315258276615043e+01, 2.499881309064843e+01, -3.372442520144503e+01, -5.985251686508852e+01, -5.214035092706081e-01, 1.733318626609544e+00, -4.474549150009978e+01, -6.391826433881665e-01, -3.115259755420788e+01, -9.909725759781606e+00, 6.293848821288324e+00, -4.223614553783567e-01, 1.642835120311398e+01, -1.621685279204296e+01, 4.442445189149408e+01, -6.513733182055573e+00, -3.172532482749122e+00, -3.087619512780395e+00, 1.672363962536802e-01, 1.530961913613154e+01, 1.169903205750787e+01, 1.431318754253701e+00, 1.771777826424199e+00, -4.112093186740298e+00, 4.101992926887643e+00, 1.575512734208137e+00, -1.910239674300915e+00, -2.672440462330140e+01, -3.411838440676504e+01, -7.430464796999438e+00, -3.588743673276343e+00, 4.235401542739612e+00, -3.714074255894730e+00, -4.890914419822820e+00, 5.196013410825648e+00, 2.265397874022032e+00, -1.328317842756505e+00, -2.900971879407560e+00, -9.819899696807860e-01, 2.747713112290519e-01, -2.058464420447832e+00, 1.488713755533572e+00, -3.252004623647092e+00, 6.660086937793316e+00, 4.780491906759709e-01, 7.375558142341266e-01, 1.819828219367351e+00, -1.164217280457850e+00, -3.022461248032074e+00, -1.486833684813824e+00, -1.295404038297433e-01, 1.747326477277810e+00, 1.709520604752057e+00, -2.087247307196462e-01, -3.106631399365785e-01, 9.632662935684048e-01, -8.200367767046692e-02, -3.285324704681745e+00, 1.379714471747316e-01, -9.390246707410260e-01, -2.710372162896491e-01, -4.481934945352580e-01, -1.571439483238397e-01, -6.273763841527638e-01, -3.638535925062769e-01, 4.955251438569526e-01, -4.087428447996962e-01, -2.831142898087128e-01, -3.089174677585274e-01, 2.017984244968844e+00, 5.381060172215973e+00, -1.002227385089131e+00, 9.536726716801529e-01, 1.482880975375121e+00, 2.646199460671484e-02, -1.734251947125065e-01, -3.573960662873021e+02, -7.516499798027043e+02, 2.637021859804615e+02, 6.697719652437719e+02, -1.099204045699126e+02, 1.343048932379206e+01, -1.481889135394089e+02, -1.746681513141313e+02, -5.923072764351161e+01, -1.735621490521632e+02, 1.853084189278225e+02, -2.284797304242833e+02, 9.349311818663955e+01, -2.125539199681946e+02, 3.312057181712421e+01, -7.498314558597705e+00, -3.828065593572196e+01, -3.516790214759351e+01, -9.401351826365305e+01, 2.116295288684192e+00, 5.756243756185621e+01, -1.440171044792152e+01, -8.188364372618456e+01, 3.475472621951685e+01, 4.615083931067272e+01, 1.652600700076337e+02, -3.126041595566571e+01, 6.899209727435786e+01, 2.895923228708730e+00, 5.595232306903251e+01, -3.341000872238084e+01, 5.501737025722651e+01, -2.327464375709505e+01, -6.832076615046924e+01, -5.610390525635756e+00, -3.368481805581486e+01, -5.008765140243228e-01, -2.051969854383633e+01, -3.197542325416810e+01, -2.501213464549383e+01, -9.299999757969033e+00, 7.375098683238430e+00, -3.879489680398809e-01, -9.123323514605381e+00, 2.594502755291234e+01, 1.488250736738111e+01, 2.039024866131623e+01, -1.762365296999236e+01, -1.791784446598005e+00, 1.408844861517641e+01, 3.315682732767045e+00, -5.102174027046512e+00, -5.755818493652513e+00, -5.645015212216483e+00, -2.852387059185621e-04, -8.487084588607267e-01, -9.316583277130684e-01, -5.112562064510891e+00, -1.876147904324942e+01, -2.309299407632066e+01, -1.495885977558652e+00, 3.095547508346377e+00, 2.000951044905093e+00, 2.206821942060992e+00, 2.906602853324674e+00, 1.265708010674198e+00, 6.277477114382635e+00, 5.562974577220512e+00, 8.670667426244837e-02, -1.547706744546721e+00, -8.684009428645298e-01, -1.388970378574661e+00, 5.839164313215568e+00, -1.589767988385081e+00, -2.134125850269995e+00, 5.342961285019374e-02, -1.044102419204236e+00, 6.252032733503088e-01, -1.878797555721563e+00, 1.743853716954872e+00, 1.856897917991132e-01, 4.610227085532772e-01, -2.498696498205986e+00, -9.068179842395766e-01, -4.644849130495534e-01, -3.183290580000383e-01, -8.124300584195342e-01, 1.110338262630817e+01, 2.199661696167026e+00, -2.378788057877433e-01, 5.823663971841329e-01, -3.986022101604297e-01, -2.491469968141302e-01, -3.550592287778450e-02, -9.758213759061675e-01, 2.934065913864110e-01, -5.020898552597087e-01, -2.245018023792981e-01, -1.150642592724362e-02, -2.963705698464356e-01, -1.158970050586245e+01, -1.075992455336277e+01, -3.906909987948673e+00, 6.639321395971498e-01, 1.442149458406228e+00, -1.874786138611134e-01, -8.399701153310793e-01, -7.552772459015386e-02, -2.294550653212870e+02, -1.489959472852364e+02, -2.392922052480994e+02, 2.012585008165829e+02, -7.905144346610474e+01, -4.589455321586677e+02, -4.323907649473473e+02, 2.316418085689037e+01, 1.511743273263828e+02, 1.875056490664413e+02, 1.144340149905664e+02, -3.077438820775948e+02, -8.230838824174538e+01, -6.013162081557514e+01, 1.707463097704815e+01, 8.821444833288282e+01, -2.213542990228903e+01, 1.908215138124899e+02, 4.262230409423807e+01, 4.702606661412100e+01, 8.952696859819056e+01, -3.816459061007407e+01, -1.110382763736482e+02, -2.044539173224828e+01, 2.569873663145728e+01, 8.135770634384859e+01, -4.009388986936045e+00, -3.338033585788233e+01, -1.768176326373524e+01, -3.150752105819596e+01, -4.408139167393247e+01, -6.399274559214528e+01, -2.872302639810632e+01, -4.231152809545026e+01, -4.314579566072418e+00, -9.628018119017515e+00, 6.985706842358936e-01, -5.114516566691863e+00, -1.757039183966601e+01, -9.735169567347963e+00, 2.862163146800931e+01, 6.637116578131002e+00, -6.128704720480614e+00, 6.276232527215908e+00, -2.134722148261976e+01, 4.410292967459921e+01, 1.645211787144115e+01, -2.566382203579003e+01, 6.024173216928165e+00, 3.140344458497369e+00, -4.791560684203473e+00, -4.102610994768684e+00, 8.121231332227497e+00, 8.062394104185614e+00, 1.225813148649323e+00, -1.983128228559148e+00, 7.253143331651614e-01, 2.209867680625965e+00, -1.146943407999919e+01, -1.734038961113793e+01, -1.342999380690985e+01, 3.153396642518043e+00, -5.979486601974032e-01, 2.413823818509739e+00, -3.834046891932714e+00, -4.355724517353583e+00, 9.222815463387427e+00, -2.161909457497976e+00, -1.477050287774857e+00, 1.244111977557403e+00, 9.219297489911376e-01, -1.281462745764237e+00, 7.855246927780351e+00, -3.493699729051010e+00, 2.016190515650022e+00, -4.016034027472357e-01, 7.298769092651743e-01, 4.982325280104888e-01, -1.402608539328971e+00, -4.982288798149274e-01, -6.348789504250228e-01, 3.646079757664267e-01, -4.111829046387006e-01, 4.477404460496063e-02, 3.187988771570167e-01, -5.140398165316568e-01, -1.375104246208710e+01, -1.536133223056844e+00, -9.649704639238719e-01, -3.773024670047909e+00, -4.881947912625713e-01, -6.444254878905278e-01, -6.319861170694501e-01, -1.937523084270810e+00, -1.093592771030717e-01, -4.569975722456360e-01, -2.534943038585069e-02, -1.183198595167535e+00, 1.017152781875811e-01, -6.386178030432265e-01, -3.083025206009314e+00, -6.036714630549249e+00, -2.046878832526041e+00, 1.125248945683879e+00, 2.027461203928552e-01, 9.651627703579511e-01, 1.257210289358328e-01, 1.565691426842464e+00, 3.459205673494491e-02, -8.579664833015087e+01, -1.018217598691379e+03, -5.489332382073262e+02, -2.619489343164572e+02, 1.088090506408346e+02, -1.762196512941932e+02, 9.366487951850294e+01, 6.976648771936401e+01, 2.826024227284208e+02, -8.207440556494680e+00, 1.914767918455248e+02, -1.615201970095916e+02, 4.995151875349012e+02, -9.420660508574983e+01, -1.427899020294677e+01, -6.019989958305187e+01, 1.013138440710883e+02, -6.944137892796959e+01, 3.095015307138008e+01, 8.653320594171028e+00, 5.541393566765126e+00, -3.396519219639852e+01, 5.199018545838943e+01, -1.264641759948083e+02, -5.689550205810691e+01, 3.525400594870391e+01, 1.439981534741836e+00, 6.150142032772226e+01, 1.050945928164717e+01, -2.446980438389309e+01, -7.490833170174915e+01, -2.981691241423306e+01, -6.633910434264041e+00, 5.985799298344030e+00, -1.108461016886220e+00, 1.088445031429785e+01, 2.457802547667889e+01, 2.865339681626304e+01, -3.878013534713247e+01, -1.926578035258289e+01, -1.670382099766779e+01, 1.657129672020169e+01, 7.453581649601609e-01, -4.042375962368155e+00, 8.162744062248413e+00, 1.474288894415483e+01, -4.477892468383492e+00, -9.481832330724556e+00, -1.432400130452250e+01, -1.197619463944266e+01, 1.018099418638935e+01, -1.526877653267388e+00, 2.459802533874565e+00, -1.375120304678072e+01, 1.413494028046542e+00, 2.758841602721941e+00, -4.154582599677338e-01, -1.285604724117216e+00, -1.278848971023484e+01, -2.070183984710036e+01, 3.097873018643224e+00, 1.071098498513307e+01, 1.012862793537546e+00, -3.085482968363417e+00, -3.151518553183169e+00, -2.903855411389319e-01, 2.206380321711793e+00, 3.556040033678478e+00, -1.392265178103070e+00, 3.860673127833715e+00, 6.679173754459323e-01, -1.795912981204198e+00, 8.613338206167645e+00, 1.394394510175203e+01, -1.318775300042831e+00, -2.271162942986891e+00, 1.714674192119113e+00, 9.116031786319639e-01, -1.167277166014710e+00, -2.949741522001551e-01, -1.583565111241710e+00, -6.055655310877873e-02, -1.602163961306525e+00, -3.090812363235617e-01, 7.891276896862356e-01, -3.418736557089719e-01, -8.516416741011589e+00, -8.999697720585671e+00, -2.600245875622098e+00, -1.485050980050119e+00, -6.794707895063589e-01, -8.345781258467349e-01, -1.347997890532538e+00, -5.973321198809333e-01, 2.561734472556663e+00, 4.832811485361873e-01, -1.185272363116939e+00, 2.903091216594270e-01, 4.565075327560377e-01, -1.882888690249324e-01, -7.693009630040638e+00, -2.203212718486683e+00, -7.498292613981880e-01, 1.430333210003434e+00, -6.583175748110929e-01, 1.312111199144053e-01, 1.158987222506828e+00, -3.386596047032647e-01, -1.060211379508862e+00, 1.548144075136020e-01, 4.128175837637369e+01, -3.466971042264796e+02, 2.237383767989230e+02, 4.528451440678405e+02, -2.158724701081650e+01, 8.535386413750970e+02, -1.383642378548421e+01, -1.769187236900368e+02, -3.581114366199255e+01, 3.279628680686050e+02, -2.995418003122671e+02, 1.013303679955425e+02, -1.027796185363940e+02, 2.116748771737521e+02, -4.570025704891537e+01, -5.042012104407313e+01, 2.269233455153373e+02, -1.195080609508694e+02, 5.493736965752492e+01, -1.804271194148669e+02, -7.045705107112606e+00, -6.652587000366775e+00, -4.847210743852182e+01, 3.152822611467562e+01, -1.437127239421002e+01, 8.823451235092287e+00, 5.386445448646732e+01, -2.123456728424375e+01, 1.504109377496509e+01, -2.813156661437302e+00, 4.335245203246964e+01, 2.501868206364130e+01, -8.803560340702674e+00, 4.859384123180085e+01, 1.914089274340802e+00, 5.829539727780143e+01, 2.956723083602810e+00, 2.611100829947248e+01, 1.997382916922065e+01, 1.977802322854400e+01, 2.919189370881924e+01, -3.788855263021609e+00, 7.501773892469787e+00, 4.065285116062886e-01, -5.380058303165028e+00, -1.705107242856409e+01, -1.215916775888111e+01, 3.765984701649481e+00, 1.078120075857789e+01, -4.352304334169945e+00, -8.683901194743184e+00, 2.720648662461425e+00, -7.564980786355391e+00, 7.479848695128318e+00, -2.067737265680356e+00, 4.365844825943926e+00, 5.399533039236655e-01, 1.637822201734819e+00, 3.069337984227707e+01, 1.466029674634984e+01, 4.286987425852272e+00, -6.212486337109158e+00, -2.353262722556615e+00, -2.421499637724747e-01, -1.848026558274301e+00, -5.872599371602985e-01, -1.988894612906320e+00, 3.351392996932204e+00, 6.580141121773639e+00, 2.451600005277970e+00, -3.329646467420124e-01, 3.412455210282844e-01, -1.323372476044372e+01, -1.279742762021840e+01, -8.880283422800906e+00, 4.560298855327643e-01, 1.340629802856182e-01, 1.719410615675449e-02, 1.128540934431005e+00, -4.621953155290219e-01, -1.763533694488214e+00, 8.364410791634391e-01, -2.374280769127909e+00, -1.227766964251899e+00, -2.738371294543720e-01, 6.162115076651061e-01, 1.061798889816040e+00, -7.665929116413862e-02, 4.656313354761061e+00, -2.792854116235954e-01, 6.058324060839517e-01, -4.867192633016660e-01, -4.448823922337480e-01, 5.308909199472399e-01, -4.491329251078148e-01, -4.954505596058943e-02, 3.600576837996771e-01, -3.265702962991940e-01, -2.537841080466637e-01, 2.219777846288396e-01, 5.047420612234027e+00, 4.866803873066874e+00, 1.858533706509391e+00, 2.653458170189543e+00, -2.362684596220504e-01, -3.721046757932507e-01, -1.378431612492579e-01, 1.775621498070752e-01, -8.121727111902447e-01, -5.240850847547565e-01, -1.476265655305909e-01, 4.844312756580888e+01, 3.980587766053343e+02, 7.592598160731826e+01, -2.709674783906466e+02, -3.023944531168251e+01, -3.199432734282345e+02, 9.353873485530771e+01, 1.020918870518938e+02, -9.505218142242532e+01, 1.658099804051433e+01, -4.251053062210625e+01, 1.416736136382926e+02, -2.135333993347273e+01, 1.872623375197462e+02, -3.836550223823840e+01, 2.585423621427892e+01, -6.268510725663201e+00, 8.766673714534296e+01, 1.147674628827292e+02, -8.851918379082507e+01, -5.523462935536325e+01, 1.154494967923203e+01, -3.430397974664152e+01, 1.989492620343110e+01, -6.672999809836249e+01, 3.100391206969964e+01, -5.398689852851562e+01, -1.058232546572920e+02, 5.144169478321743e+00, -2.793860752442005e+01, 1.916563859133635e+01, -5.370876438078376e+01, 6.788786136592972e+00, 1.253627918922755e+01, 1.479058560601582e+01, 3.048595636035143e+00, -9.190009172600777e-01, -5.078965337489550e+00, 8.319843636913971e+00, 1.837017720146930e+01, -4.660393575589357e+00, 1.850154292675541e+00, 1.781243458580297e+00, 4.894144962953648e+00, -2.464592403989204e+00, -1.486934301375114e+01, 1.540867993373718e+00, 9.356828330115539e-01, 2.442388579105604e+00, 9.710570531165050e+00, -7.328208680034505e+00, -5.405316358264851e+00, -4.512930734865368e+00, 8.766699149575061e+00, -1.989642495175986e+00, -2.697995042173440e+00, 1.439126516698623e-01, 4.106399555872909e-01, 2.718793891966224e+01, 1.772840353867797e+01, 1.043914101957017e+01, 1.108180822721681e+00, -1.857761255887373e-01, -1.680098125739226e+00, 1.716886446629400e+00, -2.452901606769745e-01, -1.320864445717811e+00, 2.252226986080064e+00, 4.580048612107453e+00, 9.621180236087316e-01, -6.183433402713107e-02, 8.385588735674817e-01, -2.775895844618846e+01, -1.104564723378536e+00, -9.141367745272614e+00, -3.332854455626156e-01, 1.379310694115918e-01, -4.846265343132217e-01, 7.958868452573478e-01, -3.539264136325923e-01, 7.969625389947735e-02, -6.749640186967335e-01, -2.968146414924141e+00, 3.207861173284177e-01, -1.783716817329955e-01, 2.457007103904245e-01, 6.120376929099319e+00, -4.300095557157963e+00, 1.706592698397252e+00, 9.877377523100361e-01, 1.108212695625079e+00, 8.420171455474167e-02, -6.243814320827592e-01, 1.953840272628656e-01, -9.062026667585525e-02, 2.566521532110862e-01, 5.772737345333503e-01, 2.704240212161691e-02, -2.343986809503460e-01, -6.116049073618485e-02, -9.049160879879281e+00, 1.843309105224670e+00, 3.015100088429352e+00, -7.874307890262047e-02, 7.772292022865006e-01, 3.989410795045734e-02, 1.187886735620216e-01, 8.772948232275829e-02, 1.394492192928211e-01, -4.716485913377104e-01, 6.597606354488669e-01, 1.065684870155913e-01, 3.208652784490604e+01, 1.347167974677998e+03, 2.875866059833597e+02, 2.821806427151845e+02, -5.460479784638606e+01, -3.076122343705642e+02, 1.515197216205062e+01, 9.949373771079784e+01, -1.118339172849889e+02, 7.062803805243479e+01, 2.116527398719082e+02, -3.126230533402145e+02, 1.569796917588139e+02, 1.807278355850569e+02, -2.080620047883096e+01, -4.374869649957670e+01, 1.208220298212194e+02, 6.082856159135933e+01, -6.503205204683836e+01, 3.138717681225091e+01, 5.781710169232736e+01, 8.159731234181881e-01, 1.723681607583198e+01, 2.589054977095619e+01, -2.077497908644184e+00, 3.021762127687705e+01, 1.700130913033231e+01, -1.806516058220646e+01, -4.927422742192496e+00, -1.119828416556171e+01, -3.216724296797718e+01, 1.025743444655066e+01, -2.423290520150641e+01, 4.561751981990894e+01, 1.553738774565685e+01, 9.269366383720740e+00, 1.180043416699084e+01, 8.704117787620328e+00, -1.083707701138124e+01, 3.056577667029061e+01, -1.995593467596025e+00, -1.288128653456529e+01, -2.288656398340725e-01, -9.537001066448462e-01, -2.679112393012394e+01, -1.922695273761196e+01, -6.371262440726310e+00, 1.307462468103507e+01, 9.237106199734360e+00, 7.452921609832771e+00, 1.123511027551791e-01, -3.077032752594610e+00, 1.113302011779820e+00, 3.334543485791847e+00, -7.105310472713247e+00, -3.561155749493081e+00, 8.816639218102038e-01, -2.742093176184130e+00, 2.969290492155815e+01, 1.766878060971384e+01, 9.199996008633152e+00, -5.844020797469668e+00, -3.539142936363355e+00, -2.723830537288301e+00, -5.493617440766085e+00, -2.527466729675633e+00, -5.116259600023517e+00, -4.143648014447542e+00, 1.229633002769648e+00, 3.226699062643594e+00, 8.491889109908234e-01, -1.178387302113176e+00, -1.882259930567705e+00, 1.314982462261971e+00, -1.250311556839917e+00, -7.592960614754031e-01, -1.029407593541091e+00, 8.383318320938605e-01, 1.126730755509822e+00, 1.262719658456747e+00, 3.711750881542574e-01, 7.492150719034527e-01, -5.524288675348259e-01, -5.709825450068376e-01, 5.295553451998370e-01, 1.280833061773863e-01, -8.774711111501871e+00, -5.089621936769451e-01, -2.100148813464360e-01, 7.730568306428799e-02, 3.459177501664957e-01, -6.886627162712788e-03, 4.270122479412166e-01, 6.777605299461118e-01, 6.239219778930467e-01, 4.359317741405034e-01, -5.920475907420544e-02, 1.511180847164999e-02, 2.967768150815304e-01, 7.849459437555241e-02, 1.602614356228892e+00, 3.775143711996030e+00, -2.012982998095509e+00, 6.457516467494803e-01, 1.366042101335240e+00, -1.647698892117502e-01, -2.022681467685676e-01, 3.365224203783681e-01, 1.767447945708612e-01, 6.074191002330368e-02, -2.146498318134326e-01, -2.101199121358122e-01, 1.755366900834142e-01, -7.305089322045308e+01, -3.339325957940494e+02, 1.297608125181613e+02, 2.934639677246030e+02, 1.802522221082927e+02, 4.876769241382261e+00, -4.232834390328443e+01, 4.218331500311422e+01, 1.407528257001663e+02, -3.469733917145584e+01, -2.240330198703068e+01, 1.347840675313321e+02, 8.506303643842323e+01, -8.712295211938439e+00, 2.771572349298471e+01, 2.549588973696988e+01, 1.573942226501556e+01, -2.649925116421497e+01, -1.285760740473428e+01, 9.810245683061387e+00, 5.275802727475244e+01, 6.685345719178592e+00, -5.002309819850884e+00, 1.766304877752594e+01, -6.500925363780500e+00, 1.849505575149591e+01, -4.465447017110862e+00, -9.982675259721134e+00, 1.067845400451247e+01, 3.815998395747047e+00, -1.216330081023994e+01, 7.477047378192710e+00, -1.414936341236655e+01, 2.898484461835207e-02, 8.924704738103118e+00, -9.169551256111240e-01, 8.703059876973467e-01, 9.186657605812181e+00, 5.287046453705264e+00, -6.869539440674793e+00, 2.013752835621043e-01, -3.551696485009226e+00, 7.644016920083327e-01, -9.033030394373815e+00, 1.295219810368796e+01, -6.693452084618835e+00, 1.409399573782735e+00, 3.917021405622753e-01, -4.739047495087802e+00, -6.523048592738475e+00, -1.939990550139017e-01, 1.377165184252575e-01, 3.093884207851103e+00, 2.186950283507587e+00, 4.315699469236191e+00, -2.807038519284757e-01, -5.725043044634884e-01, -6.304238680523371e-01, -2.571885582610276e+00, 3.969896760527124e+00, -1.498385229618293e+00, 9.939290155043506e-01, 7.128418233801199e-01, -1.648125928601986e-01, -6.142529909449956e-01, 1.117049522076165e+00, -2.350527138321755e+00, 1.494034792702781e+00, -2.300672540068894e-01, 1.002305918103533e-03, -2.060175444775302e-01, 7.279567722820262e-01, -1.915808100942556e+00, 2.456327460161045e+00, -1.771476619420637e+00, 5.447937181897371e-01, -1.210522691960331e-01, 2.132384539844420e-01, -9.931527796026605e-02, 9.031785566170188e-02, 3.401898541064533e-02, -5.561942350968788e-01, -4.623955673756487e-01, 2.480075896571800e-01, -2.726005759824158e-02, 7.355287992412365e-02, 5.497331133993666e+00, 2.338478348848067e+00, -1.558172922945628e-01, -5.106022198033202e-02, -2.623734697217111e-01, -4.802521809516973e-02, -1.886969114956560e-01, -1.995486651196290e-01, -1.540650910286745e-01, -5.290961838759023e-01, 7.702652801288538e-01, 3.815670989493751e-01, 5.927469900255729e-02, -4.456355282261328e-02, 2.056372229666506e+00, 5.624378169184154e-02, 4.233339243443498e-01, -4.085985049745664e-02, 2.547741309916229e-02, 6.998622013978213e-02, -2.761036350218730e-01, -1.640291758798263e-01, -5.239007684704903e-01, -6.938107438022483e-01, 1.326871004774572e-01, -5.078652672763306e-02, 1.264009249493715e-01, -9.259650027273778e-03, 6.700981016398628e+02, -1.695258286235580e+03, -7.200691087398721e+02, -2.473060400241734e+03, -2.645477875426687e+03, 6.355231325965606e+02, 8.685060149271843e+02, 1.417739922710176e+01, 4.532856932928771e+02, 9.423178043812062e+02, -1.131035471587119e+03, 5.972910772809367e+02, 8.681572116736346e+02, 1.865044375822843e+03, -4.418641920711232e+02, 1.129173083126946e+03, 1.339291951902201e+03, 4.556456317893204e+02, 8.754554411489228e+02, -8.938059013987179e+01, 2.035666709203546e+02, -7.447380314418294e+01, -3.444359564812144e+02, -3.419667731022336e+02, 3.478973652338632e+02, -5.532608904919688e+01, -9.035822084715210e+01, -9.860734130961870e+01, 4.973002638073591e+01, -8.218198146924729e+01, -7.970251039235638e+02, 1.049546817098197e+02, -3.426731590162556e+02, 3.085252132152247e+02, -1.665972131456922e+02, 1.999076189096478e+02, -8.941934935511734e+00, 1.068835350015428e+02, 4.655220451368133e+01, 1.290146462511201e+02, 7.809673137181517e+01, 6.542246959127414e+01, 4.678183218648063e+01, -5.102158714926787e+01, 2.259649753502263e+02, 4.119914079969852e+01, 2.037183393758284e+02, -8.342225337480524e+01, 3.123083129787354e+01, -1.326745556569678e+02, 3.043197906346667e+01, -8.092591347571644e+01, 3.195650529637316e+00, -9.212492545046156e+01, 7.219713818993469e+01, -3.986155645864037e+01, -1.351617343084682e+01, -1.928016439203819e+01, -1.863298275697375e+01, -4.077906567807185e-01, -5.686203102746177e+01, -1.898192355789586e+01, -1.078687113704573e+01, 4.237318922857204e+01, 1.311591098911989e+01, 4.854867865182544e+01, 2.462892899660422e+01, 9.512611511555329e+01, -5.165387184818687e+01, 1.389821793430657e+01, -1.895777649070400e+01, -7.822212828523211e+00, 4.571787785658306e+01, 4.049820437113686e+00, 2.704603774540546e+00, 2.933028674396650e+01, -2.463130027463371e+01, -1.246866980583235e+01, -2.508703086426928e+01, -1.163236699593529e+01, -3.029221380571601e+01, -5.764390604073701e+01, 3.206083530129308e+01, 6.395291572236231e+00, -1.989292729873627e+00, 1.295731873404082e+01, -7.367996265756864e+01, -6.124606661295856e+00, -1.749194013029786e+01, -2.275159333419021e+01, 2.850169222909782e+01, -6.054723390938518e-01, 6.594044193066164e+00, -8.668432346676642e+00, 1.970864191439475e+01, 2.083542771431132e+01, -7.563419076689590e+00, -1.296119826346199e+00, 5.346292784262217e+00, -4.348612125008675e+00, 7.777419767046200e+01, -6.914960463783796e+00, 3.280211166918165e+01, 5.999358449772336e+00, -1.840582645438431e+01, 1.965138838865996e+00, 3.658422826887379e+00, 1.223546225707112e+00, -8.428553356035692e+00, -3.132158744349509e+00, -5.625025127959621e-01, -1.498269228572992e+00, 5.371490024790406e-01, 1.938038142680470e+00, -8.138106558658601e+00, -1.681093939040120e+03, 1.334689305142810e+03, -1.876119871815345e+03, -2.555660699301970e+03, 3.816661345322490e+01, -1.608359138733193e+03, -1.803555085403707e+02, 3.744117583896238e+01, -2.639147059392937e+02, 5.313125795533438e+02, 2.737167476552258e+02, 1.921735275670694e+02, 2.551043420276982e+02, 3.957465917105130e+02, 5.394400090296598e+02, 8.919713531728684e+01, 2.693025377549273e+02, 6.584189484302447e+02, 2.891061658011371e+02, -1.354071790725258e+02, -5.181304414413356e+01, 6.377226921608041e+01, -3.126177428697500e+02, -2.671338564734013e+02, 1.746900496564456e+02, -2.618230350119071e+01, -1.419811377879115e+02, -1.399985748659459e+02, 3.142855210380631e+01, -6.206107064735779e+01, -2.654433913099884e+01, -2.605134550955988e+02, -1.009443790994827e+02, 1.707584104826944e+02, -2.616194828736293e+01, -9.585304235753716e+01, -5.622142331478889e+01, 1.230552650666103e+01, -4.677043474761532e+01, 5.433782912628989e+01, 4.664779197508554e+01, -4.648161165759777e+01, -6.516762064383050e+01, -4.722850464838341e+01, 9.251693798330025e+01, 8.270411019374248e+01, -1.309354128198392e+01, -7.945719237177758e+01, 6.384377405776597e+00, 1.366135586028764e+01, -5.334437026245503e+01, -2.175444137254449e+01, -3.533347955125675e+01, -4.566478133377833e+01, 3.169871148528897e+01, -2.772473618189752e+01, -1.970058095811839e+01, 2.209818233105473e+01, -4.311130209451343e+01, -1.615133025385103e+01, 9.692395582880430e+00, 1.940711391622472e+00, 1.995906987108266e+01, -2.662459052404447e+01, 4.394361512615506e+01, 1.733880981924421e+01, 3.278860780517206e+01, 3.130568048881794e+01, -2.454397141854530e+01, -8.375174135191321e+00, 1.107865524597774e+01, -1.111116974240725e+01, 2.850879987214134e+01, 4.198207185155143e+00, -1.127298737236660e+01, 1.015577453532423e+01, -1.562027444977716e+01, 9.556675176905816e+00, -1.361978043126527e+01, -1.615655241980834e+01, -3.403786203290434e+01, -2.045736014381965e+01, 1.998757058992544e+01, 6.732720727778181e+00, 8.054025721224548e+00, 8.360909634413539e-02, -3.570543751735004e+01, -9.866624058464220e+00, 1.157401472481951e+01, -1.582041231175238e+00, 6.808508651373757e+00, -7.580370754869465e+00, -3.744407396144696e+00, -7.864945497797591e+00, 3.831140764687686e+00, 8.599797246189739e-01, 1.149378888297510e+00, 1.936680950721529e+00, -1.336462266182486e+00, -1.504882071009788e+00, 2.218492667018174e+01, 2.380822167308163e+01, -2.298854307768278e+01, 4.931399517542348e+00, 1.119351169828515e+00, 5.334912831626812e+00, 2.940086715930230e+00, 1.216151483565570e+01, 5.527531261215922e+00, 2.700891694280229e-01, -1.159172121272389e+01, -5.449434761206778e+00, 2.406155145377838e-02, 8.234902226543763e-01, 1.670541543984134e+01, -3.014932830541170e+00, 4.163417944655659e+02, -4.213149115625741e+02, -4.098795058547472e+02, -9.528849085230182e+02, -1.618936286492288e+02, -1.385704827003709e+02, 3.060129256461668e+02, 8.663418020584524e+00, 6.686205475120892e+02, 5.893778917239332e+01, -3.419425449106487e+02, -4.185136858257680e+02, 3.691735523618752e+02, -9.185787538233374e+02, 5.025112608919440e+01, 3.635658523647637e+02, 1.166283034530521e+03, 3.566459045462809e+02, 3.140776900307884e+01, 2.111092977858683e+02, -2.009638423135254e+02, -5.079572596206079e+01, -1.538807394165208e+02, -9.698957581694975e+01, -2.873022600142971e+01, 1.700613989443935e+02, -3.195522613291986e+02, -7.264592651935224e+01, 4.472594385901634e+00, 1.220547092208395e+02, -2.195697791454926e+02, -1.280078495307837e+02, -1.606255513992248e+01, -1.908157547493030e+01, 1.400370276318756e+02, -7.702281073908706e+00, -7.527033981617241e+01, 1.156250551772479e+01, 5.550888614977119e+00, 1.004338625207447e+01, 3.953058658858301e+01, -3.007626722259761e+01, 7.104352986813976e+00, 2.000809985329503e+01, -9.656169391379731e+00, 4.305849150864510e+01, -4.154919858772088e+01, -1.839344610162801e+01, 1.320084772655400e+01, 1.316484176315797e+01, -2.931984537336126e+00, 8.910893288418592e+00, -1.039288860593093e+01, 2.240696769045957e+00, 1.430195800018885e+01, 6.886778602606195e+00, 1.223723555556700e+01, -7.624312931025808e+00, -2.331991047433572e+01, -7.360275167495264e+00, 2.186728520895023e+01, 8.732046440850080e+00, 1.272211473990494e+01, -6.262249998873092e+00, 6.742166419519263e+00, 3.622275139740850e+00, 7.754354197003769e+00, 1.972915330456933e+01, -1.429159426290378e+01, 1.490209176445382e+00, 8.991846003689533e+00, -1.029592129033754e+01, 1.682045146444899e+01, -8.909417802589957e-01, -5.192941230158687e+00, -7.552423384430255e+00, -9.530490331587202e+00, 2.534915422923214e+00, 5.252396206729922e+00, -4.531030893290462e+00, -6.842611930988085e+00, -1.058053402367092e+01, 1.989229648742474e+00, -2.100730595156874e+00, 2.749020306922052e+00, 4.267565724977048e+00, -2.656833052703103e+01, -1.130814921656509e+01, 8.224717969433694e-01, 2.851969035618239e+00, -3.203106314272747e+00, 2.243336516841088e+00, -7.714998552071397e+00, -1.769345741124518e+00, 2.816936405238534e+00, 4.607144374527037e+00, 2.780862720432238e+00, 1.658537772598128e+00, 7.137630274195895e-01, -1.060650396204097e+00, 2.461850363449464e+01, -2.762170201292141e+01, -1.021621041638135e+01, 1.355048469897279e+01, 1.146563782510826e+01, 5.541013142730993e+00, 5.208272488424136e+00, 5.434566164668793e+00, 4.460166413714022e+00, -1.490574991016756e+00, -3.883698017255700e+00, -2.373721417033188e+00, 3.396120918134776e+00, 2.428081583492609e+00, -2.402519559012842e+01, 5.590431682127337e+01, 1.066373582199281e+01, -8.890685284736738e+01, 7.377157068665347e+02, 1.772085111704977e+02, 1.307465380034198e+03, -9.983409424861943e+02, -9.288691055080169e+02, -4.014927182233675e+02, 1.752769752266767e+01, 1.846439611141900e+02, 4.099002992669213e+02, 3.404150461674914e+02, -1.506980741679653e+02, -2.359909857499327e+02, 1.777405456831648e+02, -1.913425249223139e+01, 4.554809984042517e+02, 1.109133338888571e+02, -4.287030166023541e+02, -3.766021830531025e+01, 5.969752440230331e+01, -2.603942044360527e+02, -9.729143945434616e+01, 3.503653391501285e+01, 1.292472583776988e+01, 4.202561965527867e+01, 1.309864507687118e+02, -4.489376817955518e+00, -5.212684615908764e+01, 6.454628141906563e-01, -1.156274278234994e+02, 3.412979492119020e+01, 2.090675181744075e+02, 4.233037212185752e+01, 1.155720871711054e-01, 1.001468414949490e+01, 3.507020707665104e+01, -1.234906435533618e+01, -3.667235491191872e+01, -1.632212487772768e+01, 1.359264299131909e+01, -4.124481477655939e+01, 1.274206661319793e+01, 1.479758582395208e+01, -1.969193624715675e+01, -5.186976919064315e+01, -8.576125694656848e+01, -2.924495939712038e+01, 2.486788439882476e+00, 5.447217901802667e+00, 2.847327384978639e+01, -4.858176523749690e+00, 2.632196910460551e+01, 3.213585203024734e+01, 1.165386700419825e+01, 8.115194347250718e+00, -3.913396942435921e+00, 8.458436784474870e+00, -9.646365220307786e+00, 4.613902181782297e+01, 1.364927031844172e+01, 1.884606457631642e+00, -5.384593819587021e+00, 2.289882275141516e+00, -1.253114573011823e+01, -9.242854015080141e+00, -1.580035878084706e+01, -1.223527854988932e+01, -1.059221725580259e+01, 2.480225221233661e+00, 3.256081447742910e-01, 1.919225458986314e+00, 9.461212700281161e+00, -4.904044767007004e+01, -2.139984848318176e+00, -3.271143669369321e+00, 6.404890195451002e+00, -4.649893606775743e+00, 4.817681910161017e+00, -1.225943894252949e-01, 6.691090288043095e+00, 6.245079464763527e+00, 2.524945970816861e+00, 7.801676788050376e+00, -1.605669074726313e-01, -8.649470697009499e-02, -2.426268969177001e+00, 3.754746660634054e+01, -2.026132112163737e+01, -6.779834010160330e+00, -1.999881046506132e+00, 7.573438081092030e+00, 7.413837452318088e-01, 5.590316973372119e+00, -2.634965020025936e+00, 5.312047958869075e+00, 8.297516409442338e-01, -5.341867412753321e+00, 2.981238073345050e-02, -2.881292203178509e-01, 1.310376788321561e-01, -6.709793444652645e+00, 2.909811049092541e+01, 9.916928125290815e+00, -4.622786054346889e+00, -4.728812277983654e+00, 3.226442765238411e-01, -6.795758784549639e+00, 1.372689728140874e+00, -6.102638354455584e+00, 3.681119139212092e-01, 1.080036451460103e+00, 6.023855373608187e-01, -2.429095281933757e-01, 3.294449446037718e-01, -1.562584687808990e+01, -8.728654755723021e+00, -1.647804863842270e+01, 5.431603830181444e+00, 2.470387016803783e+02, -7.173801029780494e+02, 4.724615649153529e+02, 2.410131919836604e+02, -5.473642743297510e+02, 4.655622931740285e+01, -3.668091274659840e+02, -3.292794254753293e+02, -2.032678081746628e+02, -6.355950130550449e+02, 4.185817843440767e+02, -4.704775114080716e+01, -3.188718378816264e+02, -2.414600368144949e+00, -6.512653363749502e+01, -1.755831548016631e+01, -3.803190830635354e+01, 4.739226686309954e+01, 8.187130303642762e+01, -1.151211928161580e+02, -2.848484785746068e+01, 4.906549509531099e+01, 7.811044626439653e+01, 3.085117383596716e+02, -2.290166039568483e+01, -1.980779103625127e+01, -6.521238729584356e+01, 7.111891679458701e+01, -2.295060909785330e+01, -1.095445267926650e+02, 8.520824775712886e+01, -5.835996290904077e+01, -1.027615641933114e+02, -3.460421413396585e+01, 1.566988054607501e+01, -4.108713795778930e+01, -1.457701067276960e+01, -6.920394616577610e+01, -3.014307945788337e+01, 2.979653329501330e+00, 3.456851235809214e+01, -3.113455327789675e+01, 1.901724536769726e+01, 5.062176151666086e+01, 1.470024251238928e+01, -2.033236013083431e+01, 1.104371866704851e+01, 1.265207427134698e+01, -1.049848018412716e+01, 2.590826197866167e-01, -4.654604223112714e+00, 1.527693106494592e+01, 1.306008467951266e+01, 1.813589485635686e+01, -1.536256973729998e+01, 1.147317238851525e+01, 1.062980719881303e+01, -9.221072154032163e+00, 2.527711256027298e+01, 3.603792387488766e+01, -6.841282002920464e-01, 1.869610302781652e+00, -1.595408303227702e+00, 4.791873089006144e+00, 3.806311572125054e+00, -1.132848273131269e+01, -1.651753575605073e+01, 5.058193274365191e+00, 5.874805237276325e+00, -8.657915481037129e+00, -2.219314699723431e+00, -4.068153110233215e-01, -1.391073692182693e+01, 1.104095233563724e+01, -7.945603784586595e+00, 1.220967609630343e+00, 3.529857103688827e+00, 1.124537005394152e+00, 4.563540029958665e+00, 4.423659270012807e+00, 9.838079047075349e+00, -3.632223814671494e+00, -4.193057503970841e+00, 3.342110049269372e+00, -3.549773388680813e+00, 4.830087408893275e-01, 2.043788604636966e+01, -2.985046760859986e+01, 1.098862774458016e+01, -5.690608744899445e+00, -1.827517989394301e+00, 2.671534434455171e+00, -3.238283248899109e+00, 1.036884907201108e+00, 4.519776887427907e-01, 2.811876104206300e+00, 5.401598286426157e-01, -1.288769046963929e+00, -3.384348953065462e-01, 6.804314006617953e-01, -5.818680278820023e+00, 2.701566653228913e+01, 4.359277661507784e-01, 1.258968252898370e-02, -7.661936925971197e-01, -2.952138459760631e+00, -1.782503116653103e-01, -2.718689592045844e-01, -2.713927999147895e-01, -8.716849033224714e-01, 2.346364192074981e+00, 1.543410228767252e+00, 1.055548589927738e+00, -9.406673121631330e-01, 1.693169273077628e+00, -1.103585686493252e+01, -3.211637683618499e+00, -9.565857503372381e-01, 5.972380834848858e-01, 2.201609578096043e+02, -5.405292497718497e+02, 3.279945026353738e+02, 7.346525924876617e+02, 6.213401747808896e+02, 1.251160076547916e+02, -3.594921291605024e+02, 4.405196542958287e+02, -2.592200788951815e+02, 4.284521990461728e+02, 1.298859059769472e+02, 2.891427824544623e+02, -1.584715858146700e+02, 1.469504335707741e+02, -1.177157535616587e+02, 3.365728086793903e+01, -1.684811620936501e+02, 2.978284430694850e+01, 1.343545460833505e+01, 1.311273132078610e+01, 1.389950587207717e+02, -1.676284438979444e+02, -4.427158350259837e+01, 1.331505330864417e+01, -9.800277740217588e+01, 1.109388799753570e+02, -2.384002431309148e+01, 3.023434225238440e+01, -1.771047581553606e+01, -7.885028076906893e+01, 2.362888030891772e+01, 3.487256617170515e+01, -1.931292762970761e+01, 3.316020160707247e+01, -4.185956130542966e+01, 3.210647070359646e+01, -4.591541695227594e+01, -2.832699430692630e+00, -2.119494695177930e+01, -7.459673975728238e+01, 2.151943063363748e+01, 1.475193888559435e-01, 7.413966328294229e+00, -1.234815853422928e+01, 2.279541022612844e-01, -4.001157033641340e+00, 7.026781066638732e+00, -1.638042965549127e+00, 1.271914850446591e+01, 1.102858679159325e+00, 2.006283504953248e+01, 1.976654768686874e+01, -2.638387659706795e+00, 9.226687158295290e+00, 2.769287388452976e+00, -1.208101278184968e+01, 2.843015240437015e+00, 5.889082375040702e-01, 1.983764552292898e-01, 6.533107666410171e-01, 8.839234358399288e+00, -2.266864126004247e+00, -4.311492069601104e+00, 5.078687105987166e-01, -6.025091461718905e+00, -4.782237669027926e+00, -4.851796051416450e+00, -7.296118200226478e-01, 1.085924372018944e+00, 7.191852019180640e+00, 7.821674242344508e-01, -8.740713293664161e-01, -5.775969528440475e+00, -4.398933183982237e-01, -6.190727224265885e+00, -3.190470507403786e+00, 8.125294800194366e-01, 1.704157607358229e-01, 9.619918407920485e-01, 9.009217764445837e-01, 1.308121423196945e+00, 6.600073385437532e-01, -2.130101942631846e+00, -3.360912878525011e-01, 1.876672016116231e-01, -1.403702844076073e-01, -1.912489891601086e+00, -1.371593724831755e-01, -1.614332500681134e+00, -2.591612025029207e-01, -3.228543664140195e-01, -1.791516874255090e-01, 2.547764448624084e-02, 2.742810832095151e-01, -7.998163080274421e-01, -7.944535663877485e-02, -3.518422575779817e-01, -8.962656234452058e-03, -2.529933514994791e-02, 7.037405595651187e-02, 1.166644851887356e+01, -1.024649314076271e+00, -5.453450071430704e+00, -1.802048716716034e+00, 9.879038932836249e-01, 2.340973004586988e-02, -2.583809735564331e-01, -2.232340256503802e-01, 1.486595949855933e-01, 4.604756001111770e-01, -9.111968697306104e-02, -1.862413192434150e-02, -8.386974971830354e-02, 7.936034548797498e-02, -5.877923586721058e+00, -5.682842702290166e+00, 2.778190343722004e+00, 1.553665877808636e+00, 1.381939922632583e-01, -5.485718677723635e-02, 3.425127988405615e+02, -5.613118137241399e+02, 7.908571773763414e+02, 1.108704700071871e+02, 1.845022305160471e+02, -6.782503935227982e+02, -1.476590075949961e+02, 4.982084396739447e+01, 5.576022427307451e+01, -4.248663503786695e+01, 8.369615630488677e+02, 2.408363387793008e+02, -3.452463602700707e+02, -2.654383940337705e+01, -4.145847941926474e+01, 2.254036347082373e+02, 3.195104113922610e+02, -1.317514164793774e+02, 1.177158367941828e+02, 2.874269527470045e+02, 1.299236693544244e+02, -4.505733881911862e+01, -1.771247258782174e+01, 1.261753023853785e+02, -1.205241072575001e+02, 3.728659802384488e+01, 1.506743933265556e+02, -1.797467038952587e+01, -3.578101953122557e+00, -4.534981646834729e+01, -6.932556117411784e+01, -1.445824611498163e+02, -5.422931046576681e+01, -4.194278269524142e+01, -2.126212332066454e+01, -3.995585927956698e+01, -3.989326633422330e+01, -2.093663334615147e+01, 1.197699001663701e+01, -2.973695565515565e+01, -1.109352211100894e+01, 4.380770252116628e+01, 7.412086548592253e+00, -9.384503634141913e+00, -3.406880952509898e+00, 2.172876877828454e+00, -4.228922945029732e+00, 1.282644942014089e+01, 1.333086841119853e+01, 1.255838044174621e+01, 6.991179493658953e+00, -2.184600116881566e+00, -1.604212980900276e+00, 1.736944368514679e+01, 1.563546991179438e+00, -1.032779909160634e+01, 2.156713859606091e+00, 3.315657258677908e+00, 5.578030330864026e+01, 1.009031210801549e+01, 6.967939631609091e+00, -1.615335629224145e+00, -1.840647842796839e+00, -4.228059218201889e+00, -1.742591433316417e+00, -6.438220733340335e+00, -9.373541583013349e-01, -4.512760665757266e+00, 1.925670406436611e+00, -8.942721741344389e-01, -2.310712377871913e-01, 2.401514263136656e-01, -1.860867066837849e+01, 9.953610265009594e+00, -6.337733580677182e+00, 2.119909809717286e+00, 3.484481812691659e-01, 1.810356239446624e+00, 3.050201133398404e+00, 2.502413564062776e+00, 8.315589896554316e-01, 1.857356787677943e+00, -9.037747212849472e-01, -3.825229206313137e-02, -5.986959703044871e-01, 3.330232514217855e-01, 7.089979959989898e+00, -3.686230901788575e+00, 3.680915487961517e+00, -1.653875564816610e+00, -3.950419056532746e-01, -2.118604125911468e-01, 5.056083999968970e-01, 1.606901715721606e+00, -1.116588000751576e-01, -1.253045050052844e+00, -2.638306951043771e-02, -2.838565453006829e-01, -4.469598522851324e-01, 1.852759276539550e-01, -1.812531980940334e+00, -3.138722323481894e+00, -2.784954759135821e+00, -5.081907917239097e-01, -1.691816428187961e-02, -3.181075273532352e-02, 6.157939620004290e-02, -8.075129254167487e-01, 3.583483339783866e-01, 7.925405541729680e-01, -8.483202142228784e-02, 2.961221839954379e-01, -1.107199432554679e-01, 2.534102694987402e-02, -5.888833210148706e+00, -5.595626081265245e+00, 2.911860645588514e+00, 6.590210047360920e+00, -8.607310114038428e-01, 4.787869298436914e-01, 8.130715820823711e-02, -1.400075394323494e+02, 1.162228880902984e+03, 7.804919114241042e+02, -1.625609510866094e+02, 7.418291259513270e+02, -6.344983904262854e+02, -3.345322471668063e+02, 7.704654863880785e+02, 2.352846908063219e+02, 3.006613915681748e+02, 3.974273337099331e+02, 1.600179074896880e+02, -2.169214974259605e+02, -9.137873718440585e+01, -2.182339804328207e+01, -4.914914010880945e+01, 8.594905995271347e+01, 9.571948746466580e+01, 1.098696961823021e+02, 4.456959785226093e+01, -3.295845911950627e+01, -3.148299001474153e+01, -1.223721280800461e+02, 6.151852258781969e+00, -1.262115713021911e+02, 3.646274409257406e+01, 6.405756427499520e+01, 1.102010573089302e+01, 2.357040406853284e+00, -3.413669762798408e+01, -1.857989700385271e+01, -6.838529270900933e+01, 2.645946659707056e+01, 5.486222789978511e+01, -2.210189408895305e+01, -2.091133126357248e+01, 3.026379988028944e+01, -2.237416167630783e+01, 1.102854849335444e+01, -2.232985609761245e+01, -1.337039585401726e+01, -3.110853579553872e+01, 3.608261652329474e+00, 7.843250036412013e+00, -6.300211671001651e+00, -2.472293136974556e+01, -2.622363591182366e+00, 6.484931369455650e+00, 8.012978895324370e+00, -3.685390344708503e+00, -3.636544753489965e+00, 1.363158591826981e+01, 1.309479230288573e+01, 6.670784754714780e+00, -3.107993266873782e+00, 2.831901659850011e+00, 5.897256843809244e-01, 3.134390872593145e-01, 1.900050585603509e+01, 2.828451872506449e+01, -1.064672691929976e+01, -8.841185480774961e-01, -2.465693656227880e+00, -3.541706152525451e+00, -5.530792490533403e+00, -4.731449517978342e+00, -8.462324976936971e+00, -4.337649182697070e+00, 4.030535679867273e+00, 4.545502771995476e-01, -1.681229082734130e-01, 2.830632277525362e-01, -1.957691791027674e+01, -2.919971897795768e+00, 2.248344536374131e+00, -5.770515306790009e-01, 1.215197094104530e-01, 7.122984584547912e-01, 2.208382020815140e+00, 2.847777371191670e-01, 2.561097487737483e-01, -7.761336979391430e-01, -4.672288111013257e-01, 6.852418827628824e-01, -1.332841032456468e-01, 2.867696934299241e-01, 1.461399967733151e+01, -7.007347903802235e+00, 2.989642643962116e+00, -4.769535524374117e-02, -1.335894045361602e+00, 3.266580432036900e-02, 1.315972701403455e+00, -4.341472144316506e-01, 1.747195946065100e-01, 6.062053000919565e-02, 8.566636093434865e-01, -1.343502601713031e-01, 4.468715641698588e-02, 2.865821394883243e-02, -6.747795790211118e+00, 6.668773661484079e+00, -2.725942397550007e+00, 2.765105035101477e-01, -5.989667503874196e-02, 1.171590641740131e-01, -3.458785027258046e-02, -1.423046535345057e-01, -1.780490671255311e-01, 8.011863753854030e-02, 5.817473695024798e-02, 9.694515480234449e-02, 2.010182074065770e-01, 1.905532255928726e-02, 1.223844047734537e+01, -5.060414924719725e+00, 1.311127999349290e-01, -1.180794398505333e+00, -1.173962020755720e+00, 1.479134110938177e-01, 3.619749439257635e-01, 1.275194666407517e-01, -1.435517450037106e+02, -5.180376616646467e+02, 6.758315191927140e+01, -3.943709978821166e+02, 1.958002542961693e+00, -2.446647157313255e+02, -6.581473999026146e+02, 3.042863790251722e+02, 3.780195206634014e+02, 8.814961533115773e+01, 2.064109560560281e+02, -4.012699115650478e+02, -2.599323430234567e+01, 6.877887193433233e+00, 2.237513906231935e+01, 1.286098292713536e+02, -9.893822478055508e+00, 1.845213101938597e+01, 1.148560441156407e+02, -1.870814554690889e+01, 6.129628885188389e+01, -1.148367162309053e+02, 1.330299074086453e+01, -5.588974691954257e+01, -5.450901207170730e+01, 1.234259098696355e+02, -9.562550833891800e-01, -4.348005507115003e+01, 9.156187638915652e+00, 4.262988503844034e+01, 1.023455823337564e+02, -2.315539466930509e+01, -3.988820368219611e+01, 4.321693487510333e+01, -5.505389301932107e+01, 2.045002616697816e+01, 2.104346898619917e+01, 1.892079064539330e+01, -8.264595988049873e+00, -2.096452074445901e+01, -9.116553116940731e+00, 1.560606435445976e+01, 4.635101064319283e+00, -2.588042067057736e+01, -9.538247331914294e+00, -2.657307710000788e+00, 1.653795115116721e+01, 1.743646287588408e+01, 3.382062871487883e+00, -7.362534359143855e+00, -1.576604049877825e+00, 3.434393202654044e+00, -9.037861795625125e-01, -2.591582373667773e+00, -6.867622931640694e+00, -4.312910042732645e+00, 1.578788013135665e+00, -2.901427118523265e+00, 1.748280571313870e+01, 6.034971404554235e-01, 2.932942461013326e+00, -1.448005541363802e+00, 2.081200245355255e+00, 5.000746388245140e-01, 9.120007263615055e-01, 1.722653358072012e+00, -8.318467780148861e+00, -3.954003667112433e+00, 2.646174993096285e+00, 5.183836125963470e-02, -1.906031110822298e-01, 1.175867585562676e+00, -7.113888605118056e+00, 4.580765703937472e+00, 4.454776893739554e-01, 3.490770263161936e+00, -4.417101850088626e-01, 6.097911987314061e-01, 3.934047143914126e+00, 1.920138851730060e+00, -8.530243055690907e-01, 1.969760671377027e+00, 1.753966006200133e+00, 2.028709334603772e-01, -5.388080472936386e-01, 9.253937291606427e-02, 6.457821974353001e+00, -8.958574133049093e-01, -4.237168845270936e+00, -1.152420840608853e-01, -2.335825033430395e+00, 1.719665459488850e-01, -6.967456536547100e-01, -4.105788765310462e-01, 7.207367081186282e-02, 6.747889312587514e-01, -7.913443874990550e-01, 2.978093473869871e-01, -2.185610395159912e-01, 4.725660464951771e-01, 6.269680188894855e+00, 4.110023259135029e+00, 4.926811489697887e+00, 3.576146052009975e+00, 3.423098992791032e+00, -4.126276923891117e-01, -1.464101987756984e-01, 6.027961583017160e-01, -4.972490125451135e-01, -8.208667612737566e-01, 1.364278744071426e+00, 9.465237542450268e-01, 3.344596622872475e-01, 3.358176751317664e-01, 1.661204591563853e+00, -3.439326679053118e+00, -9.101096492501688e+00, 1.892103589261715e+00, -8.353589588349731e-01, -4.666460282892674e-01, -2.492125806990065e-01, -2.387871941929117e+00, 5.832393141928388e-01, -1.133194447586011e+01, 6.777353058088042e+02, 1.794911378646254e+02, -1.652906140877145e+02, 2.014894836126306e+02, -4.992595692896613e+01, -2.130255966767974e+02, 1.452929349610609e+02, -2.757132198801927e+02, 3.067044366536254e+02, -5.458679675147098e+01, 4.567885311841264e+01, 1.919638433871780e+02, -6.086479717286323e+01, -3.159931232613018e+01, 1.730297931418372e+02, 4.647757060626545e+01, 1.101324275208027e+02, -1.084652153069667e+02, 1.313831659633955e+01, -5.547439779700071e+01, 4.758236560930861e+01, 1.821700776631697e+01, 3.818972851976172e+01, 4.379944413895366e+01, -4.021100626714121e+00, -8.537903590166290e+01, -1.322335654294526e+01, 4.188063599669628e+00, 3.908333160041465e+01, 5.630212832853102e+01, 4.771480959591644e+01, 5.077855478425184e+01, 1.919479852078116e+01, 3.038722880209310e+01, -3.629200600409926e+00, -3.249321748004682e+01, -7.320784793197173e+00, 1.820081894568102e+01, 9.930356778722468e+00, 2.130109401003612e+01, 8.808352042172681e+00, 3.694261035625225e-01, -7.811160794642203e+00, -2.999420120025082e+01, -5.604562500130241e+00, -2.132861139014270e+01, -1.343984284133871e+01, 7.785397387375207e+00, 3.790883104929137e+00, -3.041552755465024e+00, -2.967671876934709e+00, 1.215302454698721e+01, 8.136310007691581e+00, 3.060103367332380e+00, -8.364353082662179e+00, -1.758354248950105e+00, 3.501478663075984e+00, 2.433702350898217e+01, 2.826007630866355e-01, 1.266977164517495e+01, 3.511617556598676e-01, -2.241972470016295e+00, 9.615255471402151e-02, -4.216789030859171e+00, -2.847804203618310e-01, -4.516768720213776e+00, -1.663914052749709e+00, -2.660269289171210e+00, -3.374975611686442e+00, -9.840945190280428e-01, 2.312447096751954e+00, -1.498021214407764e+01, -2.533007034340014e+00, -4.735178493960725e+00, -2.658071989534437e-01, 8.553098079658770e-01, 1.549989690119845e+00, 4.968378127330985e+00, 5.591654525658818e-01, 7.414004316195681e-01, 1.780395900742071e+00, 2.092269331855300e+00, -2.491665003582915e-01, -3.562400725069406e-01, -7.412629718473650e-01, 1.066844090592549e+01, 3.221221040619363e+00, 4.324030531879528e+00, -2.864691972235847e-01, -2.215007993758714e-01, -2.900587930135243e-01, -3.023620254238294e-02, 6.331385804782704e-01, -1.490358805808903e+00, -2.349101966430566e+00, 1.748849808899799e+00, 1.832795972231943e-01, -1.933959794376058e-01, 6.018175292528551e-01, 4.689599052863485e+00, 2.010112635430143e+00, -1.280075600764371e+00, 1.820713706560800e+00, 9.067277024697880e-01, 3.992183526621930e-01, -1.082293734708538e+00, -3.925387805513683e-01, 1.775014920793988e-02, -1.043864254990471e-01, -1.047205204871987e+00, 5.081908158557445e-02, -2.194271203744184e-01, 2.095806639585134e-02, -2.294284433554547e+00, -2.415258954688630e+00, 4.074691629686659e-02, -4.763212861639968e+00, 1.310729785043325e+00, -3.529907706716019e-01, -1.239701247264430e+00, 1.730372835719470e-01, 1.291618410836116e+00, 2.619194652664144e-01, 1.638266185300647e+02, 1.081179695125570e+03, 3.051208984247511e+02, 6.597756302053253e+02, 4.123547396199193e+01, -7.130855252286140e+01, 1.683533124380474e+02, 2.953730276181701e+02, -3.491210649234696e+01, -1.600751880957610e-01, 1.578756157597657e+02, 9.983621429669064e+01, -2.210324311376795e+02, 1.392352117111721e+02, -1.020531281179488e+01, -2.605346685457239e+01, -1.539222486054404e+02, -1.335375095117875e+02, 5.984843670414217e+01, -1.323250093421973e+02, 1.121316944508124e+01, -9.796718722651164e+01, 1.063022094874552e+02, -9.960850806051437e+01, 6.156532112056512e+01, 1.703432330180125e+01, -1.249982776001228e+02, -8.042185537562621e+01, -2.337512532028351e+00, -1.628191029201788e+01, -8.225462991255318e+01, 1.204764277699941e+00, -2.910398395699932e+00, 6.140059512707022e+00, -2.228789292366832e+01, -1.859042738989823e+01, -7.990343102627446e+00, 4.099535172539917e-01, 1.398167036812331e+00, -1.564533241154131e+01, 1.665952602703304e+01, 5.693478920249109e+00, -3.303804243074039e+00, 6.857981599996851e+00, 1.968058386564516e+01, 1.752153456407535e+01, -6.626479887405544e+00, -5.823888679319513e+00, -6.281802356691623e+00, -3.201987072176819e+00, -3.640849215803965e+00, -1.430904327997067e+01, -3.730462778060710e+00, -8.807250945523117e+00, -2.252842363135123e+01, -1.956079161646530e+00, -1.021010397891801e+00, 1.041091968839498e+00, -2.193980884348723e+01, -9.687610377024839e+00, 9.912839678131190e+00, 2.344989830349284e+00, 3.745539460599923e-01, -1.265993055474394e-01, 9.474402144139999e+00, 5.943355523680155e+00, 9.311154569859539e+00, -8.964338924699334e-01, -2.017823089934946e-01, -2.882596633331479e+00, 1.380428416826522e-01, -1.642600200254156e+00, 6.578901403455122e-02, 9.339679863547660e+00, -6.235953484982173e-01, 8.395805945054993e-01, -6.181766755044009e-01, 9.850377348778697e-01, -3.613723317139574e+00, -3.516994065139704e-03, -2.043578753030210e+00, -1.629883522805581e+00, 1.583196311685935e+00, 1.731905030763331e+00, 1.049084298446102e-01, 4.007866751227429e-02, 1.136993433002886e+01, 3.071824625478071e+00, 2.845712907895254e-01, -7.391146782002310e-02, 5.672334152509444e-01, -2.280322121580640e-02, 9.429646779554771e-01, -9.195881552736140e-01, 1.953830144037946e+00, -1.837574553170926e-01, -9.173634514043209e-02, -5.756600764429503e-01, -1.046350041833484e-01, -2.806039823713130e-01, -1.278076825999447e+01, -9.029599351979554e+00, -3.607358729794019e+00, -2.132865578855345e+00, 1.834739829217760e-01, 3.657967187936098e-01, -1.223558793866001e-02, -1.262663384193073e-01, -3.966474637023402e-01, 1.486488169699817e+00, 1.554577755047269e-01, 3.708588066479116e-01, -2.502857010826678e-01, -2.244583870559760e-01, 7.457866309290845e+00, 1.493075462715577e+01, 4.469566659754047e+00, -3.502828234264163e-01, -3.269839471962398e+00, 2.687393405922376e-01, -3.334656621278554e-01, -6.905743261497126e-01, 1.355916753373253e-01, 2.484714989742161e-01, -7.159574066515148e-02, 1.871277510185080e+02, -9.646600903138005e+02, 4.789083299372688e+02, -2.804277828866103e+00, 6.302001483317854e+01, 2.106236684753333e+02, 2.570243475034457e+02, -1.565799595104728e+02, 5.157080002995708e+01, -3.922434506409157e+01, 6.542145692470973e+01, 5.962793683187693e+01, -3.128740189007102e+00, 2.019636670278218e+02, -3.819406819037486e+01, 1.081679354688923e+02, -2.241657751885002e+01, -1.177664777907690e+02, 2.879876879419099e+01, 6.500981972464656e+01, -1.367541548808826e+02, -4.837705234883026e+01, 7.034753126236788e+01, 1.522022508163997e+01, 5.893794799899430e+01, -1.009974112644220e+01, -3.436984469247723e+01, -7.977912928485374e+01, -9.610868346724832e+00, 1.924748025640340e+00, -7.990841846073490e+00, 2.633034300472471e+01, -4.616494693118032e+01, 3.931175264987027e+00, 1.600092605218054e+01, -6.282614025079770e+00, -1.447615478379927e+01, -3.880475556783580e+00, 1.198905364571284e+01, -3.683929418047756e+01, 2.818891168163090e+01, 3.580289902911823e+01, -1.097020871099248e+00, 5.733873449958240e+00, -1.170981785086017e+01, 1.588559758196433e+01, -1.381921836513212e+01, 5.019303305191151e-01, -8.795008440249562e+00, -7.670301788936658e+00, 3.475070985010249e+00, 5.139594945116824e+00, -7.796835898585843e-01, -4.059290531704614e+00, -7.878011449005068e+00, -2.259460822009304e-01, 8.884765726764270e-01, -3.562118354264883e+00, -1.048947794902669e+01, -5.750080799110427e+00, -1.262162998355679e+00, -2.095689234492175e+00, 1.332148407055511e+00, 1.144753755241456e+00, 1.502528804087048e-01, 1.416723507985254e+00, -3.989007111242656e-01, -1.784379298528571e+00, 1.751989103861592e-01, 6.036278957291770e-01, 4.155377554433649e-01, -3.988152580306440e-01, 1.198787168766331e+01, -5.520366822518265e+00, 1.549193184525567e+00, -3.453746483755683e-01, 1.882539716584136e-01, 5.930842696076527e-01, -9.191480516221890e-01, -6.918331369627942e-01, -6.628802071419189e-02, -1.190521067270478e+00, 9.060850063392949e-01, -5.336161845667606e-01, -1.646448935025448e-02, 4.261139195544195e-01, 5.962271832162546e+00, 7.060099605541525e+00, 2.952264620206421e+00, 2.994909051758090e-01, -1.354263463395871e+00, 4.369851057547074e-02, 6.316963576567171e-01, -1.501817181166413e-01, -4.115339185653865e-02, 6.707824790820079e-01, 5.896038833493140e-01, -1.600046409945129e-01, -1.806310553272459e-01, 9.570188674874358e-02, -3.027812053916359e+00, -4.471825726472521e+00, -5.278458922971653e+00, -3.970276525127049e-01, 4.127194408600381e-01, -4.360381741532697e-02, 4.502383853312568e-01, -6.019583543378231e-02, 3.318453699060512e-01, -3.549586112691003e-01, -1.047839709975470e+00, 3.046821713784586e-02, -1.879502667172870e-01, -1.577101752194805e-01, 1.070015858055789e+01, 5.802463127712702e+00, 3.627639471521440e+00, -3.467953193117508e-01, -2.744756855680846e+00, -1.600173232669317e-01, -7.996396698731537e-01, -4.482803676229322e-02, -1.135745332204366e+00, 2.885561674939796e-01, 1.501374123510859e-02, 5.393988796142755e-02, 1.148374712362309e+02, 1.099142454162619e+02, -5.846425730681492e+02, -3.406156842554038e+02, -1.348238513680926e+02, 2.820590845768465e+01, 3.881731810343134e+02, 2.612961370754901e+02, 2.389298930530946e+02, 3.342839473625673e+02, 3.977650352162000e+02, -7.913927197888796e+01, -1.896594227840334e+02, -5.254703038205295e+01, -5.360775603233796e-01, -9.322985353145151e+01, -1.369712167259041e+01, -1.623000039932422e+01, 1.061335563818501e+01, 7.591595935432977e+01, 6.496768143360855e+01, 2.929965186836016e+01, 2.900526812301570e+01, 1.853268606261933e+01, 8.655136027360978e+00, 3.413083442750075e+01, -4.487453530092609e+01, -1.517047781407041e+01, 1.471540524006365e+00, 6.888700233980611e+00, -3.069322477582145e+01, -1.409276185963567e+01, -1.388109324547688e+01, 3.122812490014364e+01, 1.653308397316462e+00, 1.805366802254040e+01, -5.016931443405614e+00, -1.233826258238846e+01, -9.183420915573945e+00, 2.338329428865709e+01, -5.315017938422771e+00, -5.416600544955956e-01, 1.293363985508817e+00, 5.232579134674803e+00, -1.163202980450406e+01, -8.422274632592702e+00, -2.610292816588610e+00, -4.937933582499075e+00, -6.529794843366965e-01, 2.752390072137275e+00, -7.328393451491892e+00, -1.120336532327035e+01, -1.450852097214115e+00, -2.108959703377767e+00, 3.863913641439926e+00, 9.715889655653083e-01, 1.515756604281599e+00, 4.541944693161328e-01, 1.076612130188898e+01, 1.524714605699862e+01, 5.941790355022825e+00, -4.199876099546330e+00, -2.674048053996823e+00, -4.636051036911256e+00, -6.474906793810578e-01, 6.639463083194782e-01, -2.618185569354322e+00, -4.197024911617944e+00, 2.025379112131867e+00, 1.586162429770345e+00, 1.361067793771071e+00, -9.253025512342701e-01, -1.126208569467972e+01, -5.389634084110511e+00, -3.785305427003248e+00, 1.145122052491133e-01, 8.801803671032410e-01, 1.849358679548555e+00, 1.231395703503306e+00, 1.591559420056665e+00, 1.275112144641229e+00, 1.462864329978487e+00, -1.817561322070641e+00, -8.549261344534368e-01, 8.021428151972182e-01, 1.771540074522160e-01, 3.679111954196672e+00, 2.567219694807312e+00, 2.903034183674720e+00, -4.351704416025968e-01, -5.229773584024693e-01, 2.067149765658006e-01, -1.482050574083494e-01, 5.153454159659665e-01, 6.437898446666389e-02, -6.669447031046390e-02, 3.037492175527748e-01, 4.078424653681169e-01, 3.379843732509087e-01, -4.017497087810157e-02, 9.628346436798825e+00, 8.496262332442166e+00, -2.923597110855843e-01, -8.267206367209777e-02, -3.908074074850612e-01, -1.106150131330042e-02, 1.106344060139951e-01, 3.370623263126301e-01, 4.796530101428313e-01, -9.891182114195865e-02, -1.442570357648799e-01, -9.561295552105147e-02, 6.263027857404897e-02, 5.744882635394991e-02, -6.218155821896150e+00, 3.509068406666886e+00, 1.873311425466595e+00, -2.913785141917637e-02, -1.713192799605346e+00, 1.085713026704855e-01, 3.827313131267400e-01, 2.190581363554816e-01, 6.355038385021942e-01, 6.901856762079350e-02, -3.462414651649570e-01, -2.147934894230025e-01, -8.429550205878945e-02, -5.797407333244797e+01, 3.482173660273211e+02, 1.250367771024780e+02, -2.864699986593449e+01, 1.156087014608141e+02, 2.607831748926221e+02, 2.133870877461793e+01, -1.202862262554841e+02, 5.656738470204694e+01, 2.274778488948232e+01, -4.838501650173304e+01, 1.102433267334038e+02, 5.924639347374058e+01, -4.929358501175422e+01, 1.647725176119609e+01, 1.859786686804205e+01, 2.135996930399500e+01, -5.511324134976070e+01, 1.475167563616933e+01, 4.206845222328582e+00, 2.742820667300856e+01, 1.026939699629559e+01, -4.227471019805402e+01, -1.911371345102081e+01, -1.361311754534366e+01, -8.062099987547581e-01, -5.040145904857976e-01, 1.214093007754080e+01, 5.620841275470456e+00, -5.572232866677264e-01, -4.279863526659156e+00, 1.894620076659315e+01, -1.056295891952329e+01, -2.664134880615250e+01, -2.516976405167642e+00, 2.627452156667029e+00, 2.218387255055369e+00, -5.948456865973243e+00, -7.853225973234926e+00, -9.356619570772958e+00, -1.716154980522542e+00, 1.667071084087840e+00, -8.885035268444058e-01, 2.197764873509998e+00, -4.416845423007573e+00, -3.647610812626956e+00, -2.739178469721434e+00, 7.302492581831417e-01, 9.656775696735566e-01, -2.099630400739883e+00, 4.933030577538525e+00, 1.733218335745405e-01, 3.610318013289090e+00, 4.509750140965208e+00, -3.168259695813226e+00, -1.882364295107096e+00, -1.407836416497104e+00, 5.755418414437733e-01, -2.315203396596949e+00, -3.040307180552732e+00, 3.612153322703660e+00, -2.380747735050281e+00, 7.896910484943782e-01, 1.669656331202387e+00, -1.373238315956147e+00, -1.320589743160816e+00, 1.070710789789654e-01, -8.392721689185254e-01, -6.186534874934380e-01, 2.290536533472569e+00, -7.210607903404597e-01, -8.967908458569853e-01, 3.015547030973505e+00, -3.074372230918367e+00, 2.130590098889392e+00, 2.611359129567685e-01, -3.795518420054478e-01, 9.292561815810754e-01, 4.958826524604479e-01, 1.033195708969218e-01, 8.704919873113408e-01, 8.007723380318503e-01, -8.906980204461399e-01, -1.631754717352534e+00, -3.664174800718786e-01, 4.421923352822592e-02, -2.180114270506408e+00, 1.290084595526460e+00, 1.669293853188312e+00, 4.298308993782057e-01, -1.895921249710140e-01, -5.760138304413950e-01, 5.935056035254418e-01, 3.592008062272659e-01, 4.196348073836225e-01, 1.061481965464990e+00, 2.590254526372625e-01, 1.026130468869597e-01, -1.402702423558168e-01, 7.847972863621602e-02, -4.205684161259286e+00, -4.812869052979940e+00, -1.838243468207871e+00, -4.156396137565884e-03, 1.646623602118607e+00, -3.593245633741001e-02, -1.342166732178095e-02, -4.479026882118894e-02, 1.608639816539459e-01, 4.397238976394767e-01, -4.191004655452115e-01, 1.375245501246078e-01, 1.026563341399824e-01, -1.100056740272303e-02, -1.124446069500735e+00, 1.490178679761030e+00, -3.692867273160058e-01, -1.195703776031602e+00, -5.530151973852290e-01, 2.054212903487836e-01, 4.960940761794158e-01, 8.751792179450439e-02, -1.530201573434697e-01, 4.467400923632389e-01, -2.664783108787318e-01, -4.404204710861943e-02, 2.291098579046396e-01, -3.288066094223802e-02, 1.066366463026473e+03, 3.720506078929557e+02, -5.640158098059056e+03, 1.408135769684908e+03, -3.546028084761679e+02, 9.594004278702812e+02, 3.548976597123399e+00, -5.561305906754858e+02, 1.179184044805896e+03, 7.160076917200445e+02, -1.662642721396439e+03, -1.613884640266739e+03, 1.557094932322672e+03, 3.347015378824204e+02, -3.882182876691055e+02, -4.541190480979564e+02, 1.154849104613130e+03, -8.868793561843579e+01, 3.366341432947395e+02, -7.285448493760387e+02, 1.191313843989607e+02, -2.888848350729781e+02, -7.176329584225965e+01, -3.706664884993463e+02, 8.956803690660601e+02, 2.596354621499313e+02, -7.800721263524226e+02, -1.385601059682035e+03, 1.107015173913408e+02, -1.988041024565202e+02, 1.947507122121718e+02, -3.576356110166158e+01, -6.172296717656931e+01, -2.230791055241473e+02, -2.184653238407252e+02, 1.436095900533817e+01, -3.947503287069890e+01, 6.042032373176490e+01, -3.138116385205156e+02, 7.598698498041769e+01, -7.529075084208525e+00, 3.841181211099890e+02, 2.187955764771286e+01, 1.370494371243431e+02, -1.214280995038530e+02, -1.124074153848179e+02, -3.465969006421304e+01, 1.974986968834145e+02, 1.904162160098963e+02, 1.161957370748369e+02, 7.713602091184418e+01, 5.996450140496360e+01, 2.333713757344421e+01, -1.057952442722111e+02, -1.296921612417127e-01, -3.631376573324353e+01, -3.951679556353749e+01, 1.062427702917726e+01, -4.828650188151698e+00, 4.959948837189364e+01, -8.517942430599824e+00, -9.054835669757877e+01, -9.104267266499753e+01, -6.056677854597584e+01, -7.479388936721752e+01, -4.193054696429962e+01, 3.518744692299190e+00, 2.976980619083692e+01, -7.408765657232199e+00, -6.124132878310165e+00, -9.213011085109036e+00, -5.560774033643701e+00, -2.326540708709977e+01, -3.446196018346691e+01, 1.335026356429336e+01, 4.683758164457041e+01, 5.968073000580908e+01, 2.444042928320522e+01, 4.987567417204929e+01, 8.760009115660990e+00, -9.849831112308966e+00, -1.852093296874372e+01, 2.833065576679870e+00, -3.451193472538813e+00, 1.119282015114279e+01, 3.093661113248240e+00, 4.564855626659561e+01, 1.308013145425693e+01, 1.351778764128897e+01, -2.485296452564288e+01, -3.951476533946453e+01, -1.092146800036542e+01, -2.369886768808143e+01, 2.913700068444811e+00, 1.222637754069818e+01, 2.529158516062486e+01, -5.938533929382799e+00, -9.245923736172466e-01, 2.781261369581285e+00, -7.717691318137379e+00, -3.575047239801297e+01, 1.889034431804258e+01, -2.679555906146440e+01, 1.849566243578629e+01, 1.885245064551196e+01, 5.627944723573399e+00, 8.549354975049910e+00, 5.390749418709599e+00, -1.730737630727340e+01, -2.911865113733055e+01, 1.185279091260738e+00, 2.385788381969367e+00, -2.722215343702756e-01, 5.643237432770890e+00, -1.608672310300076e+00, -7.466151796117138e+01, 1.684356266065819e+01, 5.308333450035892e+00, 3.665039236342954e+00, 3.651577088679673e+00, -3.726998051947897e+00, -1.640936773895793e+01, 1.951110969759760e+01, 2.720071191198176e+01, 2.360177984460642e+00, -8.863868004563031e+00, 2.358217059030681e+00, -4.102211995454230e+00, 1.000716338708174e+01, 4.952434746251774e+02, -1.049544022985336e+03, 1.476161749218387e+02, 7.295893860251701e+02, 7.222488854248503e+02, 7.787919320205286e+02, 7.847939915354881e+02, -2.586646448555469e+03, 1.165671966947648e+03, -4.307983132705057e+02, -7.753845338742043e+02, 6.223967325021805e+02, -1.025780840640144e+03, 6.723432994281842e+02, 2.002313620851425e+02, -6.379319962025379e+01, 6.080632595493140e+02, 4.727111007632622e+02, -3.408763680091412e+02, -2.769212769503657e+02, 5.969268713683703e+00, 7.181634319542922e+02, 1.638132783087237e+02, 1.913803766147936e+02, -1.532460649732652e+01, 3.160601435230501e+00, 1.957197413308629e+02, -4.536868292786406e+02, 4.788662753665272e+00, 1.110315300273733e+02, -1.831777775928562e+02, -5.719530116346149e+01, 1.230135985881034e+02, 9.540190997629357e+01, 2.075046999941956e+01, -1.568367596192508e+02, 1.124920945407392e+02, 6.790727556081663e+00, 5.881102966150966e+01, 1.266809241576943e-01, -4.966031084847314e+01, 2.392876292207837e+02, -1.663985786061815e+01, 4.142528383558219e+00, -2.212153740939628e+01, 6.152524994705324e+01, -5.450045202290126e+01, -1.991643045281301e+00, 1.940108078239532e+01, 9.365347344425901e+01, 2.489542733928694e+01, 3.799347677821783e+01, 3.815081630093858e+01, -7.115635949473817e+00, -7.534206744193941e-01, 2.916209412040052e+00, -1.844288855833474e+00, 1.387608465512767e+00, 1.594819343030766e+01, -7.537524630247096e+01, 4.257276635024801e+01, 6.103378196261676e+00, -2.680083519490640e+01, -1.243411004687804e+01, -1.368779305378927e+01, -1.846832576782366e+01, -2.273556965476113e+01, -2.700577157679138e+00, -1.649152813871032e+00, 1.709797935304541e+00, 8.639451116286267e+00, -4.948524199645987e+00, -8.276163709055897e+00, 5.578448783315977e+01, -2.295786942172155e+01, 5.222871049754554e-01, 9.275571361375651e+00, 4.651295281678697e+00, -1.023228775438352e+01, 1.074076645940139e+01, 1.309700219611122e+01, 1.336622605825939e+00, 8.519609008133142e-01, -5.576643002623216e-01, 2.869014376641539e+00, 9.225453503314773e+00, -2.864295856107584e+00, -3.623509005153786e+01, 2.014505539910415e+00, -1.089846764442479e+01, 1.351045761405261e+00, -1.680855808196798e+00, 1.825977685189950e+01, 4.381326761413948e+00, 1.084100124345693e+01, 1.108878791033222e+01, -1.018614710430131e+01, -3.288589848534760e+00, -9.099321471715761e+00, -8.147367293100820e-01, 2.817359430314756e+01, 1.492811139102639e+01, 2.629826954223832e+01, 7.303390376307601e+00, -5.632515161121852e+00, 1.325992408553803e-01, -1.292216358050613e+01, -1.132456966192633e+00, -1.410872611967962e+01, -1.003476027044168e+01, 1.189695159627207e+01, 3.231415067068653e+00, -1.011770546992519e+01, 1.340577097943995e+00, -1.002853903912430e+02, -6.184306483520586e+00, -7.104218070368330e+01, -5.985410338429852e+00, 9.034981434368948e+00, 5.140337356343028e+00, 1.460287592707623e+01, -1.214860819502547e+01, 6.630954494123620e+00, 9.939292401101365e+00, -6.838092410534442e+00, -1.935102443977403e+00, 9.889291822074724e-01, -8.969955625633278e-01, 5.512573603551231e+01, 3.436991687499528e+00, 2.250883382911104e+01, -1.125554380152619e+03, -1.960282568530392e+03, -9.670963039196463e+02, -3.773585731611520e+02, -2.026830353757798e+02, -7.290885736408093e+02, -1.282931760885172e+02, -1.410341790801470e+02, 4.935834741210280e+02, -1.042325056920505e+03, -9.630776727240775e+02, 3.493957311663302e+02, -5.291075135416142e+01, 1.606670878308848e+02, -3.247015543315057e+02, -1.848421103216618e+02, -4.851674275890590e+01, -7.686103426856127e+01, -1.374229818148092e+02, 3.721629605686197e+02, 2.084025473770679e+02, 1.129355269504555e+01, -1.686621117626999e+01, 3.135485931499404e+02, 1.040139285927635e+02, 7.226708153484323e+01, 2.662989762731020e+02, -6.046909243017102e+01, 5.252671986532727e+01, -2.787044213939696e+02, -5.440514336609254e+00, 4.330681411585453e+01, 5.218086396308427e+01, -7.239774790534071e+01, -1.113186653248454e+02, 4.147025153984076e+01, 3.579130634973669e+01, 9.679027502003057e+00, -4.358727908538081e+01, 1.943711992815435e+01, 5.574846308252818e+01, -5.353938193631472e+01, -7.179567244036490e+01, 2.847233434648327e+02, 1.293859943414118e+01, 3.344022927855303e+01, 7.627402120933970e+00, -4.308031900895022e+01, 2.204894454698657e+01, 6.173610852547961e+01, -2.238134434149868e+01, -3.404422095095402e+00, 2.310743617802617e+01, -2.442943946608768e+01, -3.817851637060552e+01, -7.129702099395486e+00, 3.149190223953679e+01, -7.610932600029139e+01, -2.588621965567371e+00, -1.195852689341374e+01, -1.328833801748759e+01, -1.059796055135595e+01, 8.858877489238823e+00, -3.640914396520604e+01, 8.263275574577140e-01, 6.257254492829335e+00, -2.593530676250349e+01, 8.754759657246513e+00, 1.491087071524314e+01, 2.683847804581487e+00, -6.067877331248741e+00, 1.436989111742957e+01, 8.036043936698929e+00, -7.382503753365850e+00, 7.517167995021734e+00, 5.831793477134097e+00, -1.061358096449028e+01, 3.997545884031649e+00, 3.923143449648852e+00, -6.605143210039488e+00, 6.970548173098465e+00, 3.841383326367701e+00, -8.397931162458862e+00, -9.241644713912731e+00, 2.257621566885502e+00, 1.251854427163383e+01, -3.458112808578732e+00, 9.021896960015932e+00, -3.074610567593478e+00, 9.744283011577439e+00, 2.833759645862474e+00, 4.269943359922961e+00, -2.265837342574810e+00, 3.004102397692684e+00, -1.074967823208510e+00, -2.562097826920959e+00, 9.158088832535077e+00, -1.427415824728084e+01, -3.256121429469165e+00, -1.260451572045013e+01, 4.503368450837380e+01, 9.625028124832900e+00, -1.242323097842868e+01, -1.826438100527674e+01, -1.004765652647057e+01, -3.794477224261226e+00, -3.638326229718417e+00, -9.395260848243506e+00, -3.258591202228994e+00, 7.646329508497443e-01, -7.314238527523328e+00, -3.624638826965911e+00, 2.054098881146252e-01, 1.363530805841419e+01, -8.203626383024111e+01, -2.388578778786696e+01, 8.035455707745689e+00, 6.267909793397872e+00, -1.930681481044825e+00, -7.298581261575607e+00, -3.359805629688667e-02, 1.295653226223537e+01, 6.777763902948882e+00, 1.724065083388146e+00, 5.985931600163738e+00, 6.166135104834161e+00, -1.490999627089975e+00, -9.538081083360346e+00, 1.091563918987221e+02, 1.166540950311323e+01, -5.316446120543836e+02, -6.188894493639355e+02, 6.587493248346459e+02, 1.002232481160510e+03, 5.484414886645001e+02, 5.673335498772967e+02, 5.898151540542090e+02, -1.612376838938579e+02, -9.753825296017526e+02, -6.192216388833758e+02, 1.393544618060182e+02, 2.012585115222677e+02, -5.980974598633611e+02, -7.776000241951692e+02, 2.130587770437724e+02, -1.904119066938165e+02, -5.223865901080203e+02, -2.207591980131162e+02, 3.509555571820126e+02, 1.221204635051286e+02, 1.784809902093642e+02, -1.423079915641113e+02, -2.968630376759802e+01, 1.177857543651083e+02, -7.209982497355078e+01, -1.494719174315688e+02, 1.246300150070002e+02, 2.002962245838014e+02, -5.493760664155280e+00, -6.694260669313930e+01, 2.239326079223084e+02, -2.675424602089944e+01, -2.545992232359374e+01, -8.272193314381558e+01, 2.139847052505862e+01, 2.873752352776237e+01, 2.856224403892548e+01, -1.987828933081975e+01, -7.166477576624768e-02, 1.379235971874018e+01, -1.568716728774593e+01, -4.897445414849646e+01, -3.302436452697014e+01, 9.663570774230516e+01, -8.987961867133089e+01, 5.120121468512311e+01, 3.660815345771513e+01, 1.099368420590391e+01, -6.028335502007015e+01, -2.206601838222250e+01, 1.091932764515816e+01, 3.382391419513459e+01, -1.910268470289292e+01, -4.424159947212786e+00, 1.368344714667653e+01, 1.967728323385186e+00, -1.095409654387154e+01, -2.082360831028772e+01, 5.863524187120546e+01, 2.961840678887028e+00, 2.144207037205298e+00, 2.513300610628211e-01, 2.379321315737746e+01, 1.388872301923565e+00, 1.022880057916821e+01, -1.658689164924374e+01, 1.120374816769924e+01, 1.362859203806146e+00, -7.868118752488209e+00, 1.668894310924266e+00, 3.220747410376163e+00, 2.320187648090523e-01, -2.092894916005453e+01, -2.712490599717566e+00, 5.815122269185556e+00, -1.503877342928080e+01, -6.159677473439211e-01, 1.383181992264877e+00, -6.474588350026349e+00, 7.336547186004180e+00, -6.310021190412994e+00, 5.166769239309827e+00, -1.110405256997300e+01, -4.452837042386127e+00, 3.797875981636373e+00, -1.551735930113637e+00, 1.088143304700422e+01, 1.358613273241398e+01, 9.618430738013489e-01, 9.990879779190234e+00, -1.632681862469635e+01, -5.430159201952986e+00, 1.708287864896595e+00, -4.707514746137480e+00, -4.413851249406914e+00, -7.602131385080644e+00, 1.019456920463907e+01, 3.755938879934646e+00, -1.183244314129933e+00, 2.079169005610945e+00, -3.181368873834552e+01, -1.478251947797502e+01, -4.723494946707395e+00, -2.379828907649105e+00, 1.664910284705741e+01, 2.994406242683843e+00, -2.214827096286147e-01, 3.379267207635934e+00, 5.097873247440325e+00, 6.253248900308725e+00, -5.012500164345494e+00, -1.880994040386925e+00, -4.251853646322794e+00, -1.125006916779823e+00, 4.540170797232162e+01, -4.986349949179117e+00, 8.359974629258060e+00, -9.339011716527638e+00, -1.301013829095691e+01, -6.209373378491302e+00, -1.411488022950936e+00, -2.681115661993381e+00, -2.509883938111762e+00, -2.846823277017812e+00, 2.376080223073194e+00, -9.382312019916104e-01, 5.187022292982759e-02, 1.796886546881082e+00, -3.449564372510571e+01, 2.336875255325502e+01, 1.106225859171226e+01, 5.611339482145324e+00, 1.819102621075849e+02, -1.363257464494551e+01, 1.491725706358562e+02, -3.813726692057818e+02, -3.923532947219887e+02, -3.287917971929522e+02, 2.723838115807986e+02, 2.061245991952233e+02, -4.960255372376292e+02, -2.472912884380591e+02, 5.317549153100723e+02, 2.339469383558541e+02, 2.981486199735435e+02, -2.343179511863092e+02, -1.890632566146649e+02, 5.035127509266865e+02, -1.665215853801647e+02, -2.231412288034684e+01, 3.141605410362928e+02, -8.870964709945693e+01, -8.322617923459175e+01, -7.471801664323485e+01, 6.456081627334764e+01, 7.753569383455080e+01, 1.099219649600598e+01, 1.829013316766662e+02, 4.748425061925250e+01, 1.910118412152626e+02, -5.935458155401003e+01, -1.037065483210328e+02, -1.461466760801459e+01, 1.086422672377567e+02, -7.351653610016956e+01, 8.156168516197172e+01, 5.990733879813859e+01, 2.544027161475453e+01, 1.589509055061114e+01, -7.187433876087091e+01, -3.574545852458839e+01, -2.329844373012081e+01, 2.201412562751040e+01, -3.522665230279388e+01, 9.072004408445968e+00, 1.154065770874064e+00, -6.700551155274522e+01, 2.844002412463302e+00, 5.560877531997193e+01, -1.594116053253562e+01, -1.871320379642198e+01, 4.304939309641867e+00, -4.045533870614984e-01, 3.518700154714283e+01, 3.449413777453124e+00, -3.848580188291661e+01, -1.988129929026839e+01, 1.730511355811518e+01, 8.438845196735029e+00, -6.324380433118186e+00, 2.138753098782000e+00, -3.946117509163960e+01, 3.257145409926558e-01, -1.254628400399534e+00, 1.155588543392418e+00, -7.783056489738187e+00, -1.051210230425873e+01, -8.971441780804192e+00, 6.827552423914424e+00, 3.501815595854471e+00, 9.392305235315325e+00, -5.353567608953520e+00, -4.125411193185848e+00, 7.851121123847451e+00, -4.440573270033095e+00, -1.014781948294501e+01, -6.600586388991342e+00, 3.850335412872973e+00, 1.551999798790534e+00, -1.506316427296183e+00, -1.589747536715417e+00, -5.601825497671843e-01, -4.484275866901049e+00, -2.985769018332600e-01, -1.878367197575648e+00, 2.056760262883251e+00, -4.219658420354678e+00, -1.294720221550740e+00, -2.322434420733695e+00, 3.468225596486084e+01, 1.542885127954152e+00, 1.030368443767036e+00, -1.745320614282086e+00, 5.380680856457049e-03, 1.610158092526706e+00, 9.719861699227628e-01, -5.086550424895423e+00, 2.037211956446110e+00, 1.651086150929192e+00, -1.617212769553093e+00, 1.820677306607225e+00, 2.425507275223434e-01, -1.533286337459336e+01, -2.916031979149917e+01, -6.448439910494205e+00, 2.042909636656642e+00, 3.110706171206698e+00, 7.065740702973032e-01, 2.928109965728976e+00, -2.420807064397115e+00, 7.050121757675154e+00, -3.778402806886734e+00, -3.550752383528023e+00, 1.157332797100773e+00, 3.801322959521519e+00, 1.303258375514389e+00, 1.752774100979077e+01, 1.387442661947230e+00, 2.045896645857872e+00, 5.267267816267584e+00, -5.399943663224869e+00, 7.649547852708203e-01, -3.404219556438426e+00, 1.726620771261141e+00, -9.645187920371605e+00, 2.722248379747251e+00, 2.845531950034395e+00, -1.320464250354912e+00, 4.734616888538033e-01, -5.810312803117125e-01, -2.354298592994585e+01, 7.586580280955318e+00, -2.002898851850357e-01, 7.785802308647050e+00, 8.352002739105856e+00, -2.412243961628136e+02, 8.393514099502025e+02, 2.378193923044584e+03, 4.709621027868390e+01, 5.846905952144650e+02, -2.044107370855597e+02, 9.370146272808992e+01, 7.287073297586069e+02, 5.702497388246559e+02, -7.698336491289150e+01, 1.101377942672798e+03, -5.080106995210721e+02, 2.757765743169651e+02, -5.392393786957409e+01, 4.389374985657280e+01, -5.354885485264542e+01, -3.811599598976937e+02, -1.666088399963261e+02, -6.376860672353202e+01, -2.216965490472915e+02, -3.601972700464965e+01, -1.987190487986009e+02, 2.132731026822318e+02, -5.547468716487593e+00, -1.339966737864449e+02, 3.606248017324563e+01, -6.516029159824822e+00, -3.175726228219051e+01, -3.428910395285534e+01, 9.982648657549916e+01, 1.210492577388040e+02, 6.043918078696247e+01, -2.972398452401015e+01, 2.931325043566154e+01, 6.860246692619528e+00, 4.056896629512615e+01, -2.505083277435669e+01, -4.738198046324474e+01, 5.594589516305836e+01, -2.481781308444595e-01, -1.253226393442833e+01, 2.055207636350229e+01, -1.100561479116665e+01, 1.244846988478749e+01, -6.431804119557681e+01, -1.373691611853635e+01, 2.248124451305736e+01, -2.434679536931512e+01, -1.354890867350866e+01, -2.065608849034870e+01, 1.436142870083518e+00, -6.008191242274996e+00, 4.379796815103759e+00, 2.564667274029065e+01, -1.222862912892667e+01, 4.484678894102608e-01, 1.439392208422271e+00, -3.674127444461988e+00, 3.229706159095138e+01, 6.350584879793956e+00, -1.275381976042276e+01, 1.152059656186383e+01, 4.062592503199618e+00, -1.813020408981333e+00, -6.391267501376463e+00, -3.192855896525517e+00, -4.837384839087137e+00, -1.101120774478406e+01, 7.201473964630035e+00, -2.076954385565901e+00, 1.469301602933485e+00, 2.057508975337426e-01, -1.018002456831789e+01, -3.104683268902817e+00, 3.253332469949233e+00, -9.091064243320541e-01, 9.547268586439334e-02, 1.370161700819535e+00, 2.994017859112258e+00, 1.129216017690873e+00, 4.079666106401425e+00, 1.282602131849296e+00, -1.048542616260508e+00, -1.299976534741045e+00, 6.534705549220511e-01, -1.850970192407267e-01, 6.407051786960452e+00, 3.397174566979529e+00, 7.913748021546382e+00, 2.016226363395811e+00, -1.837837558980473e+00, -4.441588455445215e-01, -7.081287012181312e-01, -3.898219126857726e-01, -1.135699212973324e+00, 1.575560919274809e-01, 5.316875267606903e-01, 3.770385079701669e-01, 1.053137284657217e-01, -2.276503662991921e-01, -1.289612545048043e+01, -4.035838245897996e+00, 1.000409586211613e+00, 3.318137698438149e-01, 1.746126620732231e+00, 3.290779695161554e-01, -1.093681012846923e-01, -3.980653631466948e-01, 2.816197280137210e-02, 2.588114144751841e-01, 6.016085766292492e-01, 2.050528076763490e-01, -1.206434311404341e-01, -6.770464057140301e-01, 4.584720411032982e+00, 1.212174768789458e+01, -1.212338193200946e+00, -1.509451180132561e+00, -2.815832484165505e+00, -1.816856610609090e-01, -4.141355766090347e-01, 8.266540023341900e-01, 1.569346086269848e+00, -1.771594336492405e+00, -1.431890298155945e+00, -2.070232601303204e-01, 3.858062041690780e-01, 1.016746674753484e-01, -5.559234511033414e-01, -1.787253671627778e+01, 6.358859308430906e+00, 7.131943227387190e+00, 4.489201364384051e+00, 2.467873607064004e-01, -1.029045151401877e+02, 8.191630446393997e+02, -3.316724292042915e+02, 1.614774417183494e+03, 7.165119658929640e+02, -1.181747139338567e+03, -1.908650832827343e+02, 2.023131109791760e+02, 6.362111213825167e+02, 3.237196784236361e+02, 3.518021141950537e+02, 8.425052123918138e+01, -2.887541271285033e+02, -6.507282279981096e+01, -1.228225475041484e+02, 6.645703646302728e+01, -5.096131203383147e+01, 1.842309476841864e+02, -4.623565906237031e+01, 1.919988583224550e+02, 4.679325117509062e+01, 2.842420883844954e+01, 6.080004019520998e+01, -1.196470763443076e+02, -1.817955964891365e+02, -1.078248209475275e+01, -5.994748166559228e+01, 5.636523284212693e+01, -1.174926598087661e+01, -1.971679431455856e+01, -7.740647145437023e+00, 5.907932870798003e+01, -6.729982698743513e+01, -8.016236953274793e+01, 8.347759446047391e+00, 2.674394549186544e+01, 5.298475113536093e+00, 1.690687131900084e+01, 3.456061420825447e+01, -4.899583430757613e+01, -3.409763265848345e+01, -3.447361096014549e+01, 1.490078053061422e+00, 2.072555564323790e+01, 1.573020598373869e-02, 4.550833728502764e+01, 5.609108124837040e+01, 1.286993871909943e+01, -1.566463848855254e+01, -1.565986932463636e+01, -6.346152242342718e+00, 5.688983366966903e+00, 3.200150771383520e-01, 1.711151849147448e+01, 2.195895672705891e+01, -9.661737658163580e-02, -1.975674803787392e+00, -9.492129040286624e+00, -3.781993477426968e+01, -3.030474942697321e+01, -8.608061886754099e+00, -7.362751500963715e-01, -3.157487441637405e-02, 3.796030928100688e+00, -1.123258881271232e+00, 1.171164689396749e+00, -2.211519654743796e-01, -8.482079751797293e+00, -5.500475435921988e+00, 5.077166602084231e+00, -1.924476188984859e+00, 6.423461814609676e-01, -1.920251944633812e+00, -1.261211356997691e-01, -4.787265584722133e+00, -4.248892563804431e+00, -3.058219365383962e+00, -4.945385905119896e-01, -2.122166317414648e+00, -4.544731290965628e-01, -2.338938515672296e+00, 3.097439338519758e+00, -4.235919192678907e-01, -5.384621844944733e-01, -8.348595088046514e-01, -4.309614712982969e-02, 1.229382014483836e+01, -1.390237705417793e+00, 9.370630945296838e+00, 2.660218880781689e+00, 1.232434233531958e+00, -1.133535231089926e+00, -9.009327693735508e-01, -2.116710015453504e+00, 1.642912102528659e+00, -1.163495162215783e+00, 5.500926466409496e-01, -5.994465559198850e-01, 1.846002664433665e-02, -7.890188649565474e-02, -1.742129426951091e+01, 5.260460929535433e+00, -8.152192934470404e+00, 6.130736689096197e-01, 2.494510193043270e+00, -3.808985461662069e-01, -3.800634350098302e-01, 4.655537100528369e-01, -5.209226698718562e-01, 6.620636140953122e-01, 2.198587954588317e-01, 8.416255247686624e-01, 5.726929314333886e-01, -4.857276589342092e-01, 2.209003080196447e+01, 5.964041159815618e+00, 5.001294562165447e+00, -7.748015727723385e+00, -3.420088541038791e+00, 1.199364563301841e+00, -1.849143225547357e-02, 9.249236337047630e-01, -6.518670937198182e-01, 7.859611390938608e-01, -5.429303240831006e-01, -4.225536570177015e-01, 6.243240778710860e-01, 4.382543613231689e-01, -8.847002404480236e+00, -1.607782879727268e+01, -1.918210496667817e-01, 3.936550724001175e+00, 9.614467179251669e+00, -1.033078332351524e+00, 1.080231414999796e+00, 1.122070284839464e+02, 3.913665022694594e+02, 3.034696354510482e+02, 8.531687301141058e+02, 3.107616641599517e+02, -4.058672721305221e+02, 2.637111203538074e+02, -6.623356888216236e+02, 6.846330035094038e+02, -1.801368287249586e+02, 2.183912783385525e+02, 1.199309075247387e+02, -4.257774739937540e+01, 1.775330093551585e+02, 3.147476633861827e+01, -2.962865290583466e+01, -4.152320272571299e+02, -1.837679507676522e+02, -2.324526553273708e+02, 1.306527286535141e+02, 1.708097410011422e+02, 4.248137392867317e+01, 2.012130570079742e+01, 1.264444065659808e+02, -4.624125205648809e+01, -9.073744750667154e+01, -4.080252515580559e+01, 1.036316235650396e+01, -2.104857177226417e+01, -4.493734613147026e+01, 1.465086981390541e+02, 8.635089080401829e+01, -4.513258325630594e+01, -5.198849978113670e+01, 1.330824000639197e+00, 3.803877213982327e+01, -7.500075032435324e+00, -3.242134052890200e+01, -8.206171785493003e-01, -4.565627160682392e+01, 5.929153066224746e+01, 8.183793596324444e+00, -7.216876858076279e+00, 1.758417113946346e+01, -7.014516752405017e+01, 2.947163572953936e+01, 9.479394609597767e+00, -1.397332504632242e+01, -1.989679232653213e+00, 4.530469872199159e+00, 2.201811483527053e+00, 3.540250613001094e+00, 2.157534183467710e+00, 1.858383031119844e+01, -2.366457825047154e+00, 1.402565655439239e+01, -7.432449298936911e-01, -4.534686593769844e+00, 2.709625788164628e+01, -2.665156420847819e+01, 7.430505318926696e+00, 3.397979700007542e+00, -3.663200982426894e+00, 6.584454651954149e-01, 1.446759306602896e+00, -2.000371287376439e+00, -1.843443110029166e+00, -2.047378229701332e+00, -5.369678869848891e+00, -7.087689323428941e+00, 4.081308801267433e-02, 4.028119389523029e-01, -5.820664753393884e-01, -8.515551502779521e-01, -2.301001340601268e+00, -1.910140468216207e-01, 4.252506647366132e+00, -4.672873657268818e-01, 3.174980849173162e-01, 1.239513380872910e+00, 2.395121935050796e+00, 5.332998811901507e-01, 1.450115457799210e+00, 1.656341569060054e+00, 3.370299440940924e-02, 5.445700057512871e-02, -7.052311094976635e+00, 7.201744616951272e+00, -2.852153749483719e+00, -1.918347119725146e-01, -6.049366752883589e-01, -3.548205615450453e-01, -2.148843607800875e+00, -1.676812467314967e-01, -1.431154106238849e+00, 1.618816448427608e-01, 3.936732460909291e-01, -1.801656525356433e-01, 2.805061724109824e-03, -3.351465337493047e-01, 7.394872641787270e+00, -4.772969900047348e+00, 1.532173452499880e+00, 4.706247627739975e-02, 2.565172183989782e+00, 1.012749667956245e-01, -3.382071310752786e-01, 1.589789530463834e-01, 1.131729930859859e+00, 7.637748258341436e-02, -1.018918309629607e+00, -2.757745913562460e-02, 1.570849842226452e-02, -7.902813669627769e-02, -1.638570702062150e+01, -7.074729965812329e-01, 1.825401991103672e+00, 2.404742237119573e-01, -9.701477872290692e-01, 1.009751657703358e-02, 4.764813224332262e-01, 1.844877076652886e-01, 5.945339072778212e-01, -4.933163947981563e-01, 6.715762519566227e-01, 2.836166612782585e-02, 8.849542740288158e-02, 2.145980842193574e-01, 2.087059784070016e+01, 2.136751028252900e+01, -6.424227465288121e+00, 2.534046470979157e+00, 2.539558290579946e+00, -3.399740325866197e-01, -9.260300457271512e-01, -2.960585297858929e-01, 2.263665697157076e+02, 4.240649181563542e+02, 6.113490793159442e+02, 2.977339447992364e+02, 1.732903482253754e+02, 4.123623968300886e+02, 5.881415947172327e+02, 9.481352416502109e+01, -5.507927709472426e+02, -6.905403878289253e+01, 8.704871497132910e+01, 2.525504151644832e+02, -3.202921122106699e+01, 3.775408596130304e+02, -9.769786323667441e+01, -1.774204804810157e+02, -2.132896744434588e+02, -1.301609933919487e+02, -5.341308278657946e+00, -4.244638920071211e+01, 2.618992649392624e+02, -1.374575262902084e+02, -4.803461329229374e+01, -8.082750934432265e+01, 4.687030643206841e+01, 4.241603690482209e+01, 3.052675477564936e+00, -5.268291322428583e+01, -1.226001450180988e+01, -9.893518873303773e+00, 1.651775607742193e+01, 9.292685561575142e+01, -5.226696756805875e+00, -2.513590920618654e+01, -1.633627775016420e+01, 6.619247822855503e+01, -1.576253452703762e+01, 4.973342170659255e+00, -1.373883557951402e+01, -5.904133834385387e+01, 7.101454306620134e+00, 8.596593020212341e+00, 2.048740533120370e+00, 1.998553147082486e+01, -3.912914086174681e+01, -2.289256189671121e+01, -4.773081723106714e+00, -1.334952863527268e+01, 8.989837261289212e+00, -1.543172309938031e+01, 1.340518975805102e+01, -4.577973335963268e+00, 1.045895045457910e+01, 1.747486879835393e+01, 1.474827678430347e+01, -2.999092749593517e+00, -2.106705083544285e+00, 4.049951197572774e+00, 5.962331692760918e+00, 1.039385663640782e+01, -1.330279975919452e+01, -9.554429202380160e+00, -8.248142418977686e+00, 4.184807233044475e+00, -7.784685031006920e+00, -1.691751039183055e+00, 1.754521111232638e+00, 5.351967212111909e+00, -4.220327695570037e+00, 2.318396802677663e+00, -2.815435626486888e+00, -3.695372131877838e-01, -8.453855972075342e+00, -7.972311439212494e+00, 4.237458223366705e+00, 3.666880782904642e+00, 3.417149002618975e+00, -2.700782892026345e+00, -8.642574449456263e-01, -7.498524163335929e-02, 1.701204733540896e+00, -4.569244380365605e+00, -1.252960310459638e+00, 3.895462115131627e-02, -1.374635691628873e+00, -1.187067923541893e+00, 5.389829314207301e+00, 3.182089872923751e+00, 4.665406959013944e+00, -3.694839244258263e+00, 2.523272347269337e-01, 1.252606155212420e-01, -1.190586441069740e+00, -1.902060877139981e+00, 4.832935021411660e-01, 1.711102515850731e-01, -4.889971887925164e-01, -8.957683662254745e-01, 1.214567985759965e-01, -2.043274896036585e-01, -1.381932298619909e+01, -2.860346764271505e+00, -6.624854914706809e+00, -2.267299090126090e+00, 4.222673002739706e-01, -1.157173592211307e-01, 1.125976181297139e+00, 7.099958198769065e-01, -7.263939410530799e-01, 2.358184232214110e-01, 6.005282424602696e-01, -4.378869896295015e-01, 9.854973183046066e-01, -3.982183229468477e-01, 1.040551007524053e+00, -1.289940919466447e+00, 1.132537354362951e+01, -1.279781416579864e+00, -5.404059068964992e+00, -1.247280338508437e-02, -6.323074182857470e-01, 8.953312354065857e-01, -5.035211843510879e-01, 3.582632151592154e-02, -1.077213098764708e+00, 8.646981864935804e-01, 6.696962984176019e-01, 1.558600175834308e-01, -1.588126189704528e+01, 1.114350208955593e+00, -1.507295876159416e+01, 2.656048645704414e+00, 1.947657969075563e+01, -6.694227249103261e-01, 2.593571986119295e+00, 1.749209624823223e+00, -4.059781375076432e-01, -1.612743668590997e+02, -4.931761163860353e+02, 7.824403945294759e+01, 1.474282503056488e+02, 5.279220756420536e+02, 3.340093634206843e+02, 3.178403736900812e+02, -1.223529475630310e+02, -1.419110702512162e+01, -3.644760825569164e+02, -8.000231570060167e+01, 2.849178497711877e+02, -4.111905383245856e+02, 1.946007267358439e+02, 5.899783735525792e+00, -7.117651937743732e+01, -1.901009443301174e+02, 4.566118919743327e+01, -1.849224834893104e+02, -1.942030430610382e+02, -7.179964551388380e+01, -1.147138851954087e+02, -1.852963750355253e+01, 1.469303779470073e+01, -2.713718555879289e+01, -1.061971517106251e+02, -6.799989491396607e+01, -6.937985176739859e+01, 8.678015678375491e+00, -5.346515851821349e+01, 1.058984631842878e+02, -1.042716134731792e+02, 7.550063856798384e+01, 3.647641693488935e+01, 1.359405023482597e+01, 2.452821721393593e+00, -1.793121266675433e+01, -1.030040597428909e+00, -1.743470189563033e+01, 1.122729882862140e+01, 2.531142728578887e+01, -2.557980850520263e+01, 2.567808016986202e+00, 1.083671809707699e+01, -3.913067426778990e+01, 6.046780180240044e+00, -1.783303251026193e+01, -5.954444305567631e-01, -1.726653743916857e+01, -6.016939042937339e+00, 2.061272626540889e+01, -5.685504083597704e+00, -1.641336704670279e+01, 7.565348249532744e+00, 1.759996874929167e+00, 1.499293592764231e+01, -5.910936459803665e-01, -1.158961501216129e+01, 1.978174823563898e+00, 6.158842290546586e+00, -8.540008063672321e+00, 1.481642144137945e+00, 4.810753704898260e+00, 3.001651256000328e+00, -3.117569022571094e-01, 4.305986076604022e+00, 2.367634654060483e-01, -9.520998670578431e+00, -1.860636337202878e-01, 2.260854453373633e+00, -1.086850661246652e+00, 2.505933712035222e+00, 5.507693745737480e+00, -4.322649034855296e+00, 1.034084151381436e+00, 3.757494615709229e-01, -4.077720500391029e+00, -1.825437112963036e+00, -4.505108239910060e+00, -1.779693881002137e+00, 2.984819260314897e+00, 1.909730895742830e+00, -2.422977113639396e+00, 5.901169313802556e-01, -5.019416217276694e-01, -1.337960095648271e+00, -7.150440301394320e+00, 2.442995435434119e+00, 5.261987740681657e-01, -1.406037765067591e+00, 9.726530243772658e-01, -3.806297379845505e-01, 1.174833880250302e-01, -5.067724682371597e-01, -8.382714491457169e-01, 1.433046274442952e+00, -2.297299857985262e-01, -5.584591734957766e-01, 1.335797752661054e-01, 3.788236153375243e-01, -4.600376082859131e+00, -6.561018872010876e+00, -3.576848054670188e+00, 1.331690583920755e+00, 5.144426918572423e-01, 1.149099521453831e-01, 9.530119418763950e-01, -1.690631613552647e-01, 3.297863478445670e-01, 3.370341903190148e-01, 1.029340921817558e-01, 4.730921849607235e-01, 3.173793550427444e-01, -3.611544269132567e-01, 4.087275235774483e+00, 7.287944487947699e+00, 6.576182751497744e+00, 1.691664563361814e+00, -4.563106137973408e+00, -2.270144808505272e-01, 1.554358557816175e+00, 6.653403203564342e-01, -6.168089525392420e-01, -4.204338407679359e-01, 5.471813334989799e-01, -3.864118197813988e-01, -2.787875172442171e-02, 4.052201944552781e-01, -2.337717619561267e+01, -1.572215805440662e+01, -1.481461992652098e+01, 6.906217388536021e+00, 7.272817315676501e-01, 4.223219432912379e+00, -1.723940578491715e+00, -3.479840449202909e-01, -1.727163315694622e+00, -2.831965763836756e-01, 7.347988327353363e+01, -8.795661673406513e+02, -6.859464381134025e+01, -4.415469605552918e+02, -5.362889496208903e+02, -2.632511756703871e+02, -1.064259919861948e+02, 3.087545600354939e+02, 8.081047365857822e+00, 2.546337307739653e+01, 5.469179757893867e+01, -1.318258043126611e+02, 4.640080783750626e+02, -1.397435092298102e+02, -1.224091758044141e+01, -1.062913188198922e+02, 1.328671514319632e+02, 1.563720264903200e+01, 2.758972030606185e+01, 3.039135136527785e+01, -3.731310621884020e+01, -1.645089956765671e+01, -4.034832027706590e+01, -6.165407242985486e+01, -9.601451818030803e+01, -3.097135232113093e+00, -6.617522693821198e+01, 4.831408911749860e+01, 4.356553343745833e+00, 1.765435791784446e+01, -1.988998689352128e+01, -7.924709387026825e+00, -3.365423157548170e+00, 7.664998243636323e+01, 2.570584176336378e+01, -6.966687154576796e+00, 1.716398930331357e+01, 5.542639635561147e+01, 3.240366479582994e+00, -4.186836642857679e+00, 3.048076500019268e+01, 1.609574222963616e+01, -2.002812295352996e-01, 8.952342526398362e-01, 1.460981732409095e+01, 1.416090992447490e+00, -6.681209037420559e+00, -1.567197254367691e+01, 1.560028789949961e+01, 2.279954521366349e+01, -1.011062257744256e+01, 3.014917987939514e-01, -8.226730022277929e+00, 1.571723118046667e+01, 1.491282167836615e+01, -3.537126335028884e+00, 3.464284053564277e-01, -1.313727827069872e+00, 1.347178788429880e+01, 2.872080224976933e+00, 4.003914255822672e+00, 2.536932384698265e-01, -8.535065530490973e+00, -5.518847832048535e+00, 2.329521193402124e+00, -9.270142532927124e-01, 2.198894513058654e+00, 7.312080890249265e-01, 2.408404691384986e+00, -1.816196238380521e+00, 8.830139057170181e-01, 6.451139821163107e-01, 3.507534714298586e+00, -4.440444046535615e+00, -2.124192217919965e+00, -2.566144221750880e+00, 4.036202371987113e+00, -1.035491781610498e+00, -3.750065913525494e+00, -1.751491556075213e+00, -4.066785400734317e+00, 2.206710778188415e+00, -1.566526177721759e+00, 2.203894624369017e+00, 2.726381128785699e-01, 6.155081090893032e-01, -1.189192762429528e+01, -6.577937799081697e+00, -1.979465641050456e+00, 4.464608415752215e+00, -1.018056743415849e+00, -2.430410488062881e-02, 2.767036895894036e+00, 1.253405873257063e+00, 1.617606269510867e+00, -3.309622498024862e-01, -1.411381561815494e+00, -1.622126924158140e+00, -2.803698603724742e-01, 6.765513559974470e-03, 1.045423517962687e+01, 1.608538776782664e+01, 6.350971515716980e+00, -5.293859412369907e+00, -1.638705010059329e+00, 1.127892309516166e-01, -1.336331049602174e+00, 1.276032939228064e+00, -1.107216916903838e+00, -8.650261516498958e-01, 1.206257407870106e+00, 8.968706276217324e-01, -4.614697939991392e-01, 6.447990149476925e-01, -3.342413525723547e+00, -2.027538371238835e+01, -7.686537478654457e+00, 8.827177456647952e+00, 3.816233679459418e+00, -1.189995338674044e+00, 1.055220947654228e+00, 4.698656997106905e-02, 8.102789986466769e-01, -1.471520414015180e+00, -8.959243341066840e-01, -9.642824846611462e-01, -2.800715042237001e-01, 3.633445334690926e-01, -1.281489137765491e+01, 7.145178254258729e+00, 2.060498566592033e+00, -1.021629567296253e+01, 5.574825852816264e-01, 2.485688918804606e+00, 5.056216263088844e-01, 5.740430782321435e-01, -1.028659678619428e+00, 1.436896781562225e+00, 6.621838503970425e-01, 1.135495751771495e+02, 8.097761292161372e+02, -1.195267855845825e+03, 4.090677470292867e+02, -1.205728187120388e+02, 1.933030316961559e+02, 4.442796279824425e+02, 3.463155709515154e+02, -1.214089364856519e+02, 8.260957344084164e+01, -1.516329723516014e+02, -2.556048745812647e+02, 2.417366450349057e+02, 3.842351268466687e+01, -1.230078624706451e+01, -1.786736484784242e+01, 1.789400402908607e+02, 4.549494740394441e+01, 8.897624985527591e+00, -9.944887077189715e+01, -1.177907987508792e+02, -7.663818417329378e+01, 2.827987678680632e+01, -3.949993644681591e+01, 5.852721597962997e+00, 1.152216889680673e+02, -3.217127332661693e+01, -5.242649482599979e+00, 6.256523430442581e+00, -3.819446427049157e+01, -4.205031798154432e+01, 5.949219743260107e+00, 1.393465483226676e+01, -2.745214677183201e+01, 7.164787785839289e+01, 5.703531888143618e+01, 1.692553871239277e+00, -6.760139639299211e+00, -1.191082303499475e+01, 2.685108025151175e+01, -7.101474674606807e+00, 2.319011028361708e+00, 3.723974474397729e+00, -7.236830403052232e+00, 3.518041871286142e+01, -5.307425665421987e+00, 2.661610708101907e+01, 3.410070068069834e+00, -7.005991020355587e+00, -4.825298466144622e+00, 5.276482999635328e+00, 8.056765274984857e-01, -2.416351922878987e+00, 2.236098388540554e+00, 1.108562375003270e-01, -1.694832616361463e+01, 2.223947916744339e+00, 8.777051831927503e+00, -8.961176627953385e+00, -9.092864934985860e+00, 3.491164719058710e+00, 1.357171015578404e+00, -4.256261616011335e+00, -9.270489360781239e-01, -2.500830178574683e+00, -2.659234615005327e+00, 4.641531826611715e-01, 4.205968825824822e+00, 1.326593456003766e+00, 2.460266288793319e+00, 7.093166867211452e-01, -2.228143323086516e+00, -2.301149265539036e+00, 1.112383149258347e+01, -3.414400055484921e+00, 1.248072478900293e+00, 4.090190841526654e+00, 6.284834651736441e-01, 6.789999845846321e-02, 9.025513763503081e-01, 2.484115850968312e+00, -4.780249535061928e-01, -1.139506946542195e+00, 1.231984184505174e-01, -1.471429240261656e-01, -2.945301645747901e-01, -9.886353650863192e+00, -6.884372903505354e+00, -1.527605092423848e+00, -1.685491333980983e-01, -6.652298620961840e-01, -2.045982867138882e-01, 6.602948073708228e-01, 7.010777356260083e-01, -1.536055687181588e+00, 1.006161441474911e+00, -3.883006933802673e-01, 1.482458311638090e-01, -3.089432664561896e-01, 2.328275304321721e-01, 5.889262249226667e+00, 3.168146085870278e+00, 4.602030931570384e+00, -1.020793472985222e+00, -7.338412111059484e-01, -1.318238806478881e-01, -1.160209625268440e+00, -9.029212154687492e-03, 9.710776346675052e-01, -4.204448283485604e-01, 3.883831043974602e-01, -5.563855964924676e-02, 3.603951015674658e-02, -3.485964640323981e-02, -1.288294682637033e+01, -3.173930432428837e+00, -4.293438796943192e+00, 2.308772414263811e+00, 3.242329310353345e+00, 1.459707477587104e-01, 1.870147411138913e-01, -7.988840299717603e-02, -1.075871840806806e-01, 4.459337206100102e-02, 4.427399290411917e-01, -2.720880634042224e-01, 3.858439612404258e-01, 6.039470646385016e-02, 1.088948604596502e+01, 1.291517971523322e+00, -1.550452182482588e+00, -5.162907002240005e-01, 1.936379952989864e+00, 7.840278422148816e-02, 1.337832051466259e+00, 1.112547906304823e-01, 5.812315368723411e-01, 7.596238730569933e-01, 4.150178557810832e-01, -5.737741125680320e-02, 2.544901948301706e+02, -1.920339954920363e+02, -1.341112702286816e+02, 1.789087761045018e+01, 2.851829622655084e+02, -3.830938295993254e+02, 5.567015219479624e+01, -1.004912133523310e+02, 1.681414306082173e+02, 4.710353028050696e+01, 5.190103675054879e+01, -1.743016186318962e+02, -1.594105459029021e+01, 8.188976115439496e+01, 1.347585702127061e+01, 6.450170451185713e+00, 1.277959580209741e+02, 6.588481007118030e+01, 1.434996049842688e+02, -9.441389432185989e-01, -2.109472157212809e+01, -2.896438234487166e+01, -6.290427722352804e+00, -2.930532112672871e+01, -3.600610828660509e+01, -2.442272775265564e+01, -2.240945910674247e+01, 2.177307784403585e+01, -3.874773891504039e-01, 3.442322622132444e+01, 5.540639315307825e+01, 2.614911362487465e+01, 2.949735436922783e+01, 5.799310646761753e-01, -2.327498542348955e+01, -8.056436944404911e+00, -2.235245177506357e+01, -1.634872039009796e+01, -8.327512043329866e+00, -1.037387471039285e+01, 4.917529454752689e+00, 2.478297175209176e+01, -1.705315782636222e+00, -4.406913014768365e+00, -1.356109185207056e+01, -1.775755393558484e+01, -7.010577683484661e+00, -5.261296171073211e+00, 4.703849383987508e+00, 2.807753091248226e+00, -6.743235233779988e-01, -2.055168783389792e+00, 8.325806865955956e+00, -2.267943312683863e+00, 3.556534871289204e+00, 1.878101024639980e+00, 4.434437697585998e-01, 1.550295552433602e+00, -1.080130504891850e+01, -1.521037370044324e+00, -1.354003270380967e+00, 1.039921557100881e+00, 1.440702392857020e+00, -1.391672639189002e+00, 5.961965712115926e+00, 4.091960163127966e+00, 3.153835507118283e+00, 1.326177493429091e+00, -1.268768704962787e-01, -9.873189670534839e-01, 1.446433437288966e+00, 7.293428805324882e-02, -6.155075946385342e+00, -8.696880333372054e+00, -2.641646844820205e+00, -2.918372058621167e-01, 7.222685547198938e-01, 1.341500442338373e+00, -4.757114254327479e-01, -3.117883132465429e-01, 1.005153598508979e+00, 1.800084581595683e+00, -9.114907432323361e-01, -5.502561152242903e-01, 1.025794303995933e+00, 3.335088686502693e-01, 1.078715568363829e+01, -3.283190373734992e+00, 3.542376491501318e+00, -7.715312183038574e-01, -9.026342289310095e-01, 1.855242776958514e-01, -7.117987056615387e-01, -2.800269500856839e-02, -3.746659593355263e-01, -9.156949418617153e-01, 1.163076461715232e+00, 6.826002319415823e-01, 3.993834264445241e-01, -2.893691297126487e-01, -4.982645580963539e+00, -3.012881129693347e+00, -1.260394097685016e+00, -2.962295541203736e-01, -7.984013542716100e-01, 1.753016669932148e-01, 5.522997491135978e-01, -1.970231062533646e-02, 5.345895256384481e-01, -2.139319337881967e-01, -1.175639348742999e-01, 1.114844257648629e-01, 2.706871582378829e-02, -1.725926499692818e-01, 1.775615626645622e+00, -3.039009397209035e+00, -4.581611651200844e+00, -1.311386207777619e-01, -3.948159583867766e+00, 2.611559673154308e-01, 3.209357929218477e-01, -3.675788036367259e-02, -3.246934415827641e-01, 6.975353727582578e-01, 7.155437826108279e-04, -2.979008378057847e-01, 3.512845950321682e-02, 2.315487553362480e-01, -9.655971523471008e+00, 4.459851626935766e+00, -1.018957143076799e+00, 5.510722607828503e+00, -6.718497097379628e-01, 6.813246406498485e-01, -6.015362117698363e-01, -4.740265867611667e-02, -5.607744326936366e-01, -4.878864669966703e-01, 9.775280837419680e-01, 1.693657953893143e-01, 6.312474135384186e-01, -5.545987978543378e+01, -3.327217941036816e+02, -1.218492759342863e+02, 1.308699538853027e+02, -1.167078148913865e+02, 1.557822860340728e+02, -1.592915353173057e+02, -1.656774620142492e+02, -7.702942222374776e+01, -5.346944454930529e+00, -9.310049372611816e+01, 5.142411443289635e+01, -4.279466110865361e+01, -2.760727530416701e+01, 4.206159999085619e+00, -1.203193110881842e+02, -9.413440396351204e+01, -5.098973279083232e+01, 1.232594360303317e+01, 5.490876208621425e+01, -4.514677359685703e+01, 9.708200944470400e+00, -4.567398807086817e+01, -1.600025310032969e+01, 9.062434890668323e+00, -2.561590538395336e+01, -2.186792757032233e+00, 1.814854443384177e+01, 1.792791948597559e+00, -5.130217208763777e-02, -2.285707133759914e+00, 8.084785119656820e+00, -1.446337995595476e+00, -4.690417760947035e+00, -2.027845281882106e+01, 1.523261681475269e+01, 8.827482110752124e+00, 6.798506480349110e+00, 4.896404449884468e+00, -9.041027360328883e+00, -2.328796716346640e+00, 3.886048789260702e+00, -7.726850979008661e-01, 4.410977967494492e+00, 9.683926524138506e+00, 4.800320652156566e+00, 5.425604677504341e+00, 8.649219663347214e+00, -3.697830039562295e+00, 1.255384054292628e+00, -1.299456307268980e+00, -2.865897362401661e-01, 3.247530924897692e-01, 5.278841792650550e+00, -2.388873902947813e+00, -4.970923929056426e+00, -1.331617130907234e-01, 1.270812917651427e+00, -2.519724210830113e+00, 1.646645902091737e+00, -2.028411523614330e+00, 3.190555406538755e+00, 7.022043410576753e-01, -1.943567363627295e+00, -3.564375668220829e-01, 1.334478599705297e+00, -2.143623622415554e+00, -2.896810971598920e+00, 4.001332486238317e+00, 3.334540747226736e+00, 3.318086312768411e-01, -7.034622676051003e-01, 6.713750190337112e-02, -4.327872320124350e+00, -6.469460589425963e+00, 1.798561394673657e-01, 4.765306441339585e-01, -3.584245445946477e-01, 6.186696075508722e-01, 1.547713466333191e-01, -5.432877743696364e-02, -1.185228255165806e+00, 1.060570495002637e+00, -4.028288366659642e-01, 1.495798575507898e-01, 6.341035295863160e-01, 8.562026744229021e-01, 7.925303051326563e+00, 1.644599516182527e+00, -2.709857190721094e-01, -1.626899622584904e+00, -9.770928425307820e-01, -7.964744474861328e-01, -2.301356732681803e-01, -9.633108477718914e-01, -5.634044512904498e-01, -6.038872340693068e-01, -6.882274485393307e-02, 5.027604220798401e-02, 1.120119114461910e-02, 5.613688328613713e+00, -3.939908336607958e+00, 1.202068826674513e+00, -8.279545874286122e-01, 1.602164320447352e-01, 4.735470495846225e-01, -5.203725759794098e-01, -4.197189705313233e-01, 2.315327796658393e-01, -4.872049803056507e-01, -5.611422884064622e-01, -8.885521911405450e-03, 2.018895529740608e-01, -2.483847830447197e-01, -7.571641460904528e-01, 5.706635801796017e+00, -3.192872908554454e-01, -5.878941617295781e-01, -1.799152766558215e+00, 1.144015070628402e-01, -3.612727003959940e-01, 3.716605995897784e-01, -4.773068703141331e-01, -8.608725883075333e-01, 1.591494121803579e+00, 4.335237780903488e-01, 1.744366506892096e-01, 1.600997229082876e-01, 9.315332488601809e+00, -7.010526232109482e+00, -1.905209486140531e+00, 7.219062923346184e+00, 4.598212510662845e+00, 9.287610175783850e-02, -6.520360395437445e-01, -8.399497228162946e-02, -2.904321546887221e-01, -1.481515983724755e+00, -2.744144777658310e-01, -7.802452292866300e-01, -2.093125921497493e-01, 7.333253264205265e-02, -1.637084578686336e+02, -1.538468217895315e+03, 9.505002033654500e+03, -4.164853352917658e+03, 1.591652150652298e+03, 5.427183902584775e+03, 1.849908211179640e+03, 1.585516891523178e+03, -1.450361648578684e+03, -1.164698767107948e+03, -6.829385410005420e+02, 1.452976477885481e+03, -2.429119397395413e+03, 2.588785194590846e+03, -1.043439495340924e+03, 1.185509256114261e+03, -2.247210648313360e+03, 1.475234072931015e+03, -4.198632904595619e+02, -1.739689436584243e+03, -9.981299311598070e+02, 7.411334732691125e+02, 3.986909603786398e+02, 4.812386789169260e+01, 2.664558316368460e+02, -2.525520771518635e+02, 1.332130426693893e+03, 3.445007301124588e+02, 2.664327726709295e+02, -7.871397221244206e+01, -6.693224934169642e+01, -4.638157551191068e+02, -2.386614058559714e+00, 6.956320620246371e+02, 3.778376642134173e+02, -5.588255551250004e+02, -9.134504396450467e+01, 1.979701380999874e+02, -1.523427656788297e+02, 2.275630924949766e+01, -2.706007474418699e+02, -1.683381050681740e+02, 1.270877689779166e+02, -9.850344616946529e+01, 1.923402979326400e+02, 2.776564320149496e+02, 3.573410690880947e+01, -2.008232439476406e+02, -1.779414079822703e+02, 1.652411201363965e+02, -6.886272446279850e+01, -1.655482028663623e+02, 1.016182383349078e+02, -4.856591436063022e+00, 1.412901026992439e+02, 2.146178334133103e+01, -2.301094136109082e+00, 1.275881523574943e+01, -5.667193625774809e+01, -1.248379879459884e+02, 3.828659905594685e+01, 3.345472485401871e+01, 4.001966265212976e+01, -8.816822087527740e+01, 7.031105093223191e+01, 6.556880840459310e+01, -8.723633001540614e+00, 6.275567420646204e+01, -7.819176045776875e+01, -3.137930255505912e+01, 1.575588302807560e+01, -2.225874043922829e+01, 5.031529275640406e+01, 6.843970346167690e+01, -4.602341079871803e+01, -6.351249828230797e+00, 7.806077027710611e+00, 7.337071563227688e+01, -2.683028106111238e+01, 1.730979373693267e+00, -4.636744008464484e+00, -4.300524817112145e+01, 4.339300123869737e+01, 3.862983035757161e+01, 1.134761152285558e+01, 1.308535066831025e+01, -5.921992493118985e+01, -3.045400552334463e+01, 9.074539973694023e+00, 1.126311513059150e+01, -1.874998524939572e+01, -5.090290573190298e+01, 5.790733145887762e+00, -1.542719721781202e+01, 9.628222277154551e+00, 1.542386116147540e+01, -2.008500585937497e+01, -2.495878645344904e+01, -2.037954705978968e+01, -1.005406175460986e+00, 3.942493921806301e+01, -8.929296263128370e+00, 9.605810825825371e+00, -1.779609216890104e+01, 3.055147614680445e+01, 3.851090677130910e+01, 7.763360091778395e+00, 9.587816208117074e+00, -3.481213567763446e+00, 2.201144125579118e+00, 1.337768149348289e+01, 1.569309760261879e+01, -9.443085179055673e+00, 4.381833253349980e-01, -3.263964697364819e-01, 7.736507388880663e+01, -1.019863149447953e+00, -1.726455217735106e+00, -4.963029807674013e+01, -4.271093967638532e+01, -1.428179000625270e+01, -1.483825006142471e+00, -1.646084362355204e+00, -6.909386193884167e+00, -1.200009319436160e+01, -4.920846716309256e+00, 2.009959708063480e+01, -8.209180834610219e-01, -6.149940475604438e+01, -1.626622771116641e+02, -5.474915464156563e+00, 2.129374466614957e+01, 6.581318891833268e+01, 3.280102053330599e+01, 2.145387977231243e+01, -4.990847182435315e+00, -3.179003175588234e+00, 2.009069057490330e+00, 1.996246604140968e+01, -1.037814997158361e+00, 2.325432127229529e+00, 3.411719089707496e+00, 1.144314541301652e+01, 3.266711434919411e+03, 1.499724820917921e+03, -3.548072877304502e+03, 1.936608047315000e+03, -2.203656507396194e+03, 3.713162361174629e+03, 1.341243396638237e+03, 1.883539874809858e+03, -3.019094096679755e+00, -2.567805489022418e+02, -3.627416454286728e+02, -1.810841551549393e+03, -2.078759943244474e+02, 1.642502849415470e+03, -1.240998259016556e+03, -1.514874310423466e+02, 2.881485035354739e+02, -1.564602259832269e+03, -4.049500857557441e+02, -8.836115307927590e+02, -3.247601137357098e+02, 2.258548928970882e+02, -4.686404137157264e+02, 2.229732599622066e+02, 8.332611545869287e+01, 1.836813819234753e+01, 8.842665356200904e+02, -4.042102381994815e+02, -1.198792807918551e+02, -2.052579518170257e+02, -1.770878455745250e+02, -2.192347089083539e+01, 2.958532014095046e+02, 2.462304518070092e+02, -3.642427876946453e+01, -2.143430482146064e+02, -3.889124433712416e+01, -1.793600214919281e+02, -3.126758995061959e+01, 1.918524282817767e+01, -3.878052604146247e+02, -5.359326873715642e+01, 1.055294983268452e+02, 2.076040526871573e+01, 9.971309651715966e+01, 7.899610544468257e+01, -9.952583619319650e+01, -7.879819902464257e+01, 2.022958683825461e+01, 3.122897380382646e+01, -8.479814585375635e+01, 2.140403802711537e+01, -4.475804236153292e+01, 2.669849395015563e+01, 1.063413519877856e+02, -7.391025880577907e+01, 1.628735931397888e+01, -1.478834960326000e+00, -1.312665228891706e+01, -2.449327323399042e+00, -7.188629488315113e+00, 1.628865671008146e+01, -1.719351765087674e+01, -3.139781880491216e+01, 6.285226383388862e+01, -1.108312783541394e+01, 5.250628311245795e+00, -9.575612105947592e+00, -1.233696109961351e+01, 4.333183010958643e+01, -3.082681039919335e+01, 1.742801033958368e+00, -1.649299286243799e+01, -2.332208266454350e+01, 3.076683039110542e+01, -9.392590597143464e+00, 3.314285637556534e+01, 1.947815499319745e+01, -2.133717041175078e+01, 1.145832892463278e+01, 1.269556004865025e+01, 3.325520065520085e+00, -3.992921569304689e+00, -2.397316529635994e+01, -9.508583080967913e+00, -5.513584766289723e+00, 5.004992327224735e+01, 3.472728440673363e+01, -1.178419242287137e+01, 1.184122771657093e+01, -4.291630414596153e+01, -1.496550823731896e+01, 2.245870781165270e+00, -1.351366378101684e+01, -2.799125343064532e+01, -1.060018452523944e+01, 7.573374603891581e+00, 1.380442697260436e+01, 1.311090290049883e+01, -5.790599747907224e+00, -8.766686418793429e+01, -2.785527336145936e+01, -2.120123709159489e+01, -5.896499041733959e+00, 4.309084871639547e+01, 1.302484881920826e+01, -7.667159523649724e-01, -1.057475585023397e+00, 2.507988551959032e+01, 8.252297387393941e+00, -1.570288964316902e+00, -6.379359710549952e+00, 7.961089690270929e+00, 3.273078816853562e+00, 1.643575981486305e+02, 2.770612532895113e+01, 7.309397309261658e+01, 2.434674850850544e+00, -4.456131128933663e+01, -1.888171506051991e+01, -6.381036095608263e+00, 2.185564748071321e+01, -1.580497415078759e+01, -6.675212753726742e+00, -1.174808749528614e+01, 2.405354783881767e+00, -6.604770302748126e+00, -4.476243426283780e+00, -2.186301215127607e+02, -5.441501724161299e+01, -1.159955545206638e+02, -2.091808528916764e+01, 2.363501562029181e+01, 3.206215468031618e+01, 9.161610635092686e+00, -3.765283330907085e+01, 1.160177133110281e+01, 1.343074663766254e+01, 1.631341598639477e+01, -2.893714240982635e+00, -1.303301080354864e+00, 6.460771503151678e+00, 9.443343549817189e+01, 7.741553888242714e+00, -1.403925397761103e+03, 2.807768342567809e+03, -1.152141232083333e+03, 1.166144480288295e+03, 3.708661161057170e+02, 2.312484341367480e+03, 7.293590160581207e+02, -1.530131388759353e+03, -3.274963135182584e+02, -1.065221621977583e+03, -8.279932305494247e+02, 1.861551919028028e+03, -1.305490008065008e+03, 6.952520255299424e+02, 5.695961724154913e+02, -6.083700822593368e+02, 6.132102639206551e+02, -2.984242196699180e+02, -2.922864562828610e+02, -5.050805502449075e+02, -4.866109034611607e+01, -1.718179305872817e+02, 1.790111904927099e+02, -5.381127491881588e+02, -1.144389976632698e+02, -1.732637290890861e+02, 9.986922265251484e+01, -4.829385503854917e+02, 2.160074099734619e+01, 1.564274283616274e+02, 1.377954762000956e+02, 1.506076353216639e+02, -4.667376314462414e+01, -5.135689468601628e+00, -2.320898609675372e+02, 2.650342798663433e+02, -1.317880356085542e+02, 1.802991086571439e+02, 5.146590372406830e+01, -6.399234177042771e+00, 7.297593581076135e+00, 3.118683928740464e+01, -6.034670690812783e+01, -1.139450529518840e+01, -1.149265341670555e+02, 7.996780430573160e+00, 8.043848318084052e+01, 3.669962382509175e+01, 1.322443736431185e+02, -6.978640654495440e+01, -2.657047579710291e+01, -5.785918690192559e+00, -3.594567620811844e+01, 2.863237171167147e+01, -2.473019086386297e+01, -1.971300743214938e+01, 1.047405792346836e+01, 5.170115964754874e+00, -6.855805027534373e+01, -5.425317321166768e+01, -6.345519696067093e+01, -3.042654181013445e+01, 1.430074625040868e+00, -1.130242399708903e+01, 1.668684640704635e+01, -1.028282771220212e+01, 1.158835534527171e+01, -2.003301043257189e+01, 2.112349989184183e+01, 2.146218950734860e+01, 3.539747905902082e+01, -3.543350673527332e+00, 6.721507802081463e+01, 2.727233505800813e+01, 3.806925877726486e+01, 3.335922429413120e+01, -9.545592059054131e+00, 1.870087239129489e+01, 6.639369026260201e+00, 7.452786311501418e-02, -9.557060119262225e+00, 2.414176103971424e+01, -1.560138137534513e+01, -8.478729620780891e+00, 1.594272848008770e+01, 2.413711242760835e+00, -4.819314537849384e+01, -1.160755185279529e+01, -1.323149901403440e+01, -2.820414773270964e+01, -5.750672546252051e+00, -8.292229867386393e+00, -7.591286718479115e+00, 7.440188025991044e+00, 1.871060167024549e+01, -1.748386507572053e+01, 3.238566376595626e+00, -4.588262937403843e+00, -1.354922921015925e+00, 1.954774154986002e+00, 2.090388949408337e+01, -3.723472394226317e+01, -2.134328586091462e+01, 3.499443670935153e+01, 1.461893911098389e+01, 1.528554683439690e+01, 6.051160128617936e+00, -2.181227939980410e+00, -9.800604389762707e+00, 1.763978325654060e+01, -3.723320048294194e-02, 5.925518093582336e+00, -2.229235250336151e+00, 2.013043253705178e+00, -8.901620920757077e+00, 8.045344830006846e+01, 4.236561447351024e+01, -1.909342309592475e+01, 1.304832016280250e-01, -1.867164283448507e+00, 8.351132317894313e+00, 5.160900433256672e+00, 3.165111706875488e+00, -2.066347136245662e+01, -7.587912603851494e-01, -5.403127723332780e+00, -2.956646775013919e+00, 1.886447462278679e-01, -2.683091314872652e+00, -1.167993272012060e+02, -3.784592485880918e+01, -1.619543582343226e+01, -1.253797132059982e+01, -9.254249703525710e+00, -6.184717883487060e+00, 3.269419884358141e+00, 3.286848662917858e-03, 2.781837815975493e+01, -8.338568782632048e+00, -1.876223133023558e+00, -7.105784825123996e+00, 6.028746333981617e+00, 2.639467086983199e+01, 1.287605254543780e+02, 1.912392541894708e+01, -1.429588327593084e+03, -4.926177964257677e+02, 9.240009080788693e+02, -3.476966816322269e+03, 5.202452543190772e+02, -2.633965378808841e+03, -1.672875667371052e+03, 9.903960788208379e+02, 4.484559949856712e+02, -5.052458826127248e+02, 4.221210940387160e+02, 7.096721551830736e+02, 1.460570351684977e+03, -4.276240977926852e+02, 6.477348304668729e+02, 5.330509707360784e+02, -4.531737541756747e+02, 1.116752154738507e+03, -2.036748003684961e+02, 5.877363879448415e+02, 2.642313319138056e+01, 1.553906198958964e+02, 3.874445920524460e+02, 6.036861735472601e+02, -3.033542182054094e+02, -2.067893647677461e+02, -4.820999104365931e+01, 3.350687959319232e+02, 5.109892123020234e+01, 1.312395234899549e+00, 2.761701336137980e+02, -2.231893974884516e+02, -2.365262746621728e+02, -8.558409368576442e+01, 2.131214687331588e+01, -4.337890488054754e+01, -1.007627393286733e+02, -2.999503538148358e+02, 1.468733269055637e+02, 2.837710087017214e+01, -3.726338061093880e+01, -5.268055538740138e+01, -5.552304708898984e+01, -5.012767125521805e+01, -1.128089548518162e+02, 2.504951540508400e+01, 5.890227085724021e+01, 3.665486269437370e+01, 5.544063690893511e+01, -1.682849696563156e+01, -2.140403838121314e+01, 6.884241283497148e+01, -1.937239916953241e+01, -1.552053651090213e+00, -3.737076645171387e+00, -2.367736131370825e+00, -2.009394330624096e+01, -3.034291816157889e+00, -3.279106831760917e+01, -4.595355904803097e+01, -4.281535311159512e+01, 7.040477518922225e-01, -2.835177505236382e+01, 1.320731428191594e+01, -2.327168309161133e+00, -2.575567457691432e+01, -3.638736819312058e+00, -4.469677296400627e+00, 8.804063048938566e+00, 1.296199587545438e+01, 2.879135738416764e+00, 9.778256699522936e+00, 6.194918232496071e+01, 3.107011866695156e+01, 6.074346091793773e+00, 9.698055958811763e+00, 1.388900678786344e+00, -6.724176700388784e-02, 2.134949365169105e-01, 9.685294541764582e+00, 2.840119618401732e-01, -4.665755987136011e-02, 8.703704626083578e+00, -1.714328768631275e+00, 6.702459266881533e+00, -1.858485425193701e+00, -6.915099641562460e+01, -2.227023442123666e+01, 3.113242667701053e+00, -1.046460815844467e+01, 1.575916998276877e+01, -4.113849361077538e+00, -1.337890365074270e+00, -3.788034771208242e+00, 5.279413645374587e+00, 4.351880826837915e-01, -4.693906223825113e+00, -3.213745972312317e+00, 5.636812231327356e+00, -1.218043447922603e+00, 9.493837191581862e+01, 9.246265773987670e+00, -4.075427520713328e+00, 5.841528159985918e+00, -1.417732891769793e+01, 8.187181948002602e+00, 3.597552874593557e+00, 1.653215992730206e+00, -1.686412037858286e+00, 1.684395528791358e+00, -3.015115051420127e+00, 4.227257663535534e+00, 9.500464322792975e-01, -4.424835387568143e-01, -1.047314316713496e+02, 1.688404844148174e+01, 4.837343513380670e+00, 1.121407610977751e+01, 1.067228376872675e+01, -9.024153708963996e-01, -2.353084060413904e+00, -8.335030397999479e-01, -4.611386550536841e-01, -4.311240233281032e+00, 7.558163535924366e+00, -3.075406330936441e+00, -3.468478069801940e+00, -1.270858127778555e+00, 9.571790868926368e+01, -4.512565952492957e+01, -3.447266407964298e+01, -1.854026254333716e+01, -1.583861147289770e+00, -3.282579623795621e+00, 1.106878535053950e+00, 2.455382022503774e+00, -1.141168229646089e+00, -8.611879329334388e-01, -3.185117684329248e-01, 6.830366382941756e+00, -1.281647442653657e-01, -1.116441763869182e+01, -7.716601569425822e+01, 4.918577941573570e+01, 5.652694249583641e+01, 1.732308579276640e+01, -7.910666413577772e+01, -9.957302423796244e+02, 1.360460630232277e+03, 1.433612024724868e+03, 1.129191536690251e+02, 2.910091376555751e-01, -1.432174141884188e+02, 6.339331804627774e+02, 2.397411655155220e+02, 7.087889502082397e+02, -1.143014487549845e+03, -1.030495721293387e+03, 1.284529839325622e+02, -1.116467621675485e+03, 1.344284438171259e+01, -5.699916888130926e+01, -3.226554548848055e+02, 1.668258072267734e+02, 3.694408002036791e+02, 4.004949958831501e+02, -1.331199346905562e+02, -9.505761453455983e+01, 1.234616003861742e+02, 1.141657915012078e+02, 1.552006350075332e+02, -1.493388780507618e+01, -4.226688039160862e+02, 1.007353825364213e+02, -1.241901347326398e+00, 1.145736583691006e+02, 2.360460102067676e+02, -3.106355031362036e+02, -9.171671090936272e+01, -1.364977585421740e+02, 4.340597066901506e+01, 7.016215567361421e+00, -8.950439696522848e+01, -7.382086596396424e+01, -1.627485160433885e+01, -3.029447414755571e+01, 9.401455731758686e+01, -2.869119593947815e+01, 1.761014412445641e+01, -2.657845234479828e+00, -9.289138624212731e+00, 9.931518835692314e+01, -5.462141976283849e+01, 1.067375627785460e+01, -1.239753280426997e+01, 5.675888348177939e+00, 1.847621667051173e+01, 6.017958818681307e+00, 3.947784933663485e+00, 4.230446624806262e+01, 3.196337423138453e+00, -5.752384854046408e-01, 1.040282760455617e+01, -1.047969794683043e+01, 1.751870154194819e+01, 1.118781441054110e+01, 1.359892467585974e+01, -5.162406910250086e+00, 3.395433670202981e+00, -9.574673819680852e+00, 7.198113299091483e+00, 3.932439700924613e+00, -3.157660275332826e+00, 4.291832451665110e+00, -1.995495490943961e+00, 5.054936306192207e-01, 1.511161074007002e+00, 1.124732161596593e+00, 8.677184183353450e+00, 1.025517710284895e+01, 1.098511752192821e-01, -4.000182773079410e+00, 2.036611841195445e+00, 1.347633236350665e+01, 3.189880015291810e+00, -4.873856738372525e+00, 3.602552081191988e+00, -6.604241794528236e+00, -6.941429295179012e+00, 7.236969461421492e-01, 2.527641747318218e+00, -3.006021317893169e+00, -2.009153714925974e+01, -2.840890341811979e+01, -7.644001007396007e+00, 5.110726048468545e+00, -3.344851390623491e+00, -5.237281227518721e+00, -7.468629817443084e-01, 7.205992397787297e+00, 2.360064305616604e+00, 7.482089835472692e-01, 8.139813241835009e+00, 3.896127533272663e-01, 3.996202529298579e+00, -1.631214773062305e+00, 4.554355402843829e+01, 1.049136607372998e+01, 1.785113336816581e+01, -7.125784281721409e+00, 3.856465798587568e+00, 9.481911164174041e-01, -4.313820648961827e+00, -4.320109535539466e+00, -1.301075077585111e+00, 2.983034868371122e+00, -6.746449844196702e+00, -1.381351512317075e+00, -5.935870276367946e-01, 5.018919179308042e-01, -5.018807956392769e+01, 3.327711089204650e+01, -1.753742116180169e+01, -4.986403007975033e+00, 8.767774266001561e-01, 1.753135180506695e+00, 7.511075896593156e+00, 5.437192202226565e+00, 4.179661626205740e+00, -1.894058505248597e+00, 8.165812231801885e+00, 2.601857032479083e+00, -3.728035294921291e+00, -1.936015591217950e+00, 5.579982048829027e+01, -5.577047546518506e+01, 2.007962227391318e+01, -4.505415518744580e+00, -1.878965904683187e+01, -1.122731461376818e+01, -1.338964193011655e+01, -7.364662355221392e+00, -1.342738654056694e+01, -1.743326934150037e+00, -1.583596490349434e+01, -4.219806946677603e+00, 4.381333048390567e-01, -3.619569253246330e+00, -9.043167378833006e+01, 3.206525286267397e+01, -1.027967604265175e+01, -8.545595816515894e+00, 1.457164217870709e+01, -5.448461835308543e+02, 2.448859232463201e+02, -1.283148117793388e+03, 3.895041039345277e+02, -8.082645174629747e+02, 2.066023846932165e+02, 7.415636352822752e+02, -1.224008311914707e+02, -1.057099708496848e+03, -3.738084407123046e+02, -2.048860432142200e+02, 1.558659575282993e+01, -1.496713786543845e+02, 7.893471673895633e+01, 3.109065822785899e+02, -2.630316304534709e+02, -5.864888285605982e+02, -5.395881637778462e+01, 2.521583254014980e+02, 2.225970443797656e+02, -4.782550842734506e+02, -2.243618668838352e+02, -1.670582743341160e+02, 1.873538678635165e+02, -3.130189400780150e+02, 1.293828058392396e+02, -1.463764101043925e+02, -2.086948455900628e+01, 5.278182473561846e+01, 2.978354217581717e+00, 2.563206918459052e+02, -1.931831485194751e+01, -7.887676773572127e+01, 1.612978442280788e+01, 1.569420486222059e+02, 9.970583374279033e+01, -3.140377249579596e+01, 2.324960755591746e+01, 4.225736817016210e+01, -3.418801920266261e+00, 6.543147972478221e+01, -3.866041586805497e+01, -8.455795335873473e+00, -2.979113678424294e+01, -1.693540216619622e+01, 2.083880918271678e+01, 3.242624794728045e+01, -1.760674442570745e+00, -3.615791592242081e+01, 3.114085716519889e+00, 3.706842413599420e+01, 2.859070092218715e+01, -1.410319750546018e+01, -3.669272581564883e+01, 2.159128621090344e+00, 1.372138033625688e+01, -6.803644929566385e+00, -3.800009913575365e-01, -3.492344898176165e+01, -3.109083390255324e+01, -1.215579868515195e+01, 1.236596924056049e+00, 1.185906573174625e+01, -4.280679207855799e+00, -1.246082041874294e+01, -1.079798254339543e+01, 6.731390496646667e+00, 1.381956621438901e+01, -1.050370559797537e+01, -9.769760275987496e-01, -1.503454366407613e+00, 4.537799652740208e+00, 1.762782800690953e+01, 2.022761571134718e+01, 3.274839569750605e+00, -3.861470592289656e+00, -5.904144483444094e+00, 8.435450724437203e+00, 4.216149616235356e+00, 2.243792267558694e+00, -6.726255397244969e+00, -2.960128428345475e+00, 4.567598365473281e+00, 2.425234119695016e-01, 1.036357006995785e+00, -1.515804900452582e+00, -9.773924333718192e+00, -1.345593294610815e+01, -8.856624457333067e+00, -7.904784584706172e-01, 2.791247638072469e+00, -8.205776677008002e+00, -2.091099322888463e-01, 8.264707831062080e-01, 7.882530448114516e-01, 9.232443607125910e-01, -2.006060505306459e+00, 1.028018244964037e+00, 1.149247900910607e+00, 1.203603345084506e+00, 1.428817446727247e+01, 1.190705679665314e+01, -3.865485166945736e+00, -1.393678994344087e+00, -5.466709242461825e-01, 5.925262660712479e+00, -9.508272768784997e-01, 1.259794709310058e-01, 3.489901159650826e+00, -4.554877467012954e-01, 3.664274747164965e-01, -7.896471633092356e-01, -2.649826086277520e-01, 3.313603522054067e-01, -4.444819698959168e+00, -1.717860355691887e+01, 6.552296867941751e+00, 4.796783329713752e+00, -9.359495051843228e-02, -3.940708327745009e+00, 3.490033628101547e+00, -6.821636872874036e-01, -6.945885661688984e+00, 1.745287209591259e+00, -2.584889995268752e-01, -3.442850347925373e-01, -1.063755587486519e+00, -6.809798698154885e-01, -4.169121079062053e+00, 2.267459473229564e+01, -1.607416101815342e+01, -1.131112724865913e+01, -2.973181468391053e-01, 3.183998453685779e+00, -2.710028529286538e+00, -1.255142559672979e+00, 5.867417487467041e+00, -5.638423710265607e+00, 9.718663482500401e-01, 9.572514255133667e-01, -6.695743446163120e-01, 1.356194980168429e+00, -1.963136919280158e+01, -3.343892775399770e+01, 2.233993404868460e+01, 8.947147193127138e+00, 9.228589724667872e+00, -3.125664683405090e+00, -1.025102927632108e+00, -1.162327429979237e+03, 3.867214930862159e+02, -1.841199626380727e+03, -6.079292417292442e+02, 9.932941549227016e+01, -7.735078650957414e+01, -1.239641225079741e+02, -6.886538002932930e+02, 6.037641410194940e+02, -8.176959449014603e+01, -3.915656536668105e+02, 8.843800519205457e+02, -9.631488988594680e+01, -2.681404028892287e+01, 4.679858571521103e+01, -1.624241779640810e+02, -6.749142358924507e+02, -1.279627162639718e+02, 5.578158024702063e+02, -2.238667870798132e+01, -1.743166711771865e+02, -2.635228799734349e+02, -2.459422681905328e+02, 6.281319427414819e+01, 1.740268630083685e+02, 4.716840081519191e+01, 5.107019301927200e+01, 3.779933693900948e+01, -8.338848053186339e+01, 8.234996695697530e+00, 1.050121574231139e+02, 6.255474998397703e+01, -1.271582673156192e+02, 7.430760076490447e+00, 4.278059275821760e+01, 1.795495428886843e+01, -2.813249553379643e+00, -1.761021257473631e+01, -4.531107049222575e+01, 4.168703739258054e+01, 3.505913253159162e+01, 1.545934720522790e+01, 3.329487456170324e+01, 6.381824067538094e+01, -5.274066823244316e+01, -2.171352440086137e+01, 3.008541529971700e+01, -1.163862489556552e+01, 4.418053826137235e+00, 2.574935485009775e+01, 2.148601529394004e+01, -9.130363289745100e+00, 3.623548289061478e+01, -3.077607388752272e+01, -7.334499467299946e+00, 1.367809377915317e+00, -1.191956410704813e+01, -1.141061053989164e+01, 1.277259357770370e+01, -1.073196513353178e+00, -6.287350610424841e+00, 7.176564586046999e+00, -3.878212550408136e+00, -1.005933675824533e+01, -1.957551549467667e+01, 1.401796203694700e+00, -1.435651761187788e+01, 3.117429698456991e+00, -4.479101967812680e+00, 1.095462613171512e-01, 8.294622528096475e+00, 3.304474583968781e+01, 1.573638727436214e+01, 8.042651985801639e-01, 8.443858243749714e-01, 1.084158215695330e+01, 5.961535240614066e-01, 5.336166926965705e+00, 9.096217880343898e+00, 1.011359401467496e+00, 3.368574687643647e+00, 4.841631486256142e+00, 1.509385054919123e+00, 1.139014270319002e+00, -2.353325027177847e+00, -3.437217570137384e+01, -1.132883317233990e+01, -3.402062841239976e+00, 3.061991507727870e+00, -1.139359018404075e+01, 3.041280713906727e+00, 1.327039867691788e+00, -8.625004713615735e-01, 4.563157061987309e-01, 2.209577562786701e+00, -2.774063438301638e+00, -3.091935381197740e-01, 1.565347882589306e+00, 7.071113720776488e-01, 3.810696513110052e+01, 7.724042256246938e+00, 5.710356910715319e+00, -6.060522394519723e+00, 5.555713209000044e+00, -1.175385747804297e+00, 9.561368451381228e-01, 1.211583229162272e+00, -1.533043657931522e+00, -3.964042024787531e+00, 2.989519747412797e-01, 1.473545221737748e-01, 1.627307765616212e+00, -2.912804729227159e-01, -4.031032073425334e+01, -1.626748768593289e+01, -7.295705739381535e+00, 1.236837897960334e+01, -1.473418415414546e+00, 3.382954556566118e-01, -9.417370904652123e-01, -2.794997536613213e+00, 2.093270987778325e+00, 2.732995598585544e+00, 7.935363115221059e-01, -5.260904774776226e-01, 1.200238839532588e+00, -5.977249652463577e-01, 2.393317382325333e+01, 2.011898446064173e+01, 1.121032665186209e+01, -4.651192170106436e+00, -5.544620179386154e+00, 1.985615969501918e-01, -1.907558616249226e+00, 2.685181142980668e+00, -2.681705851812965e+00, -1.741896332701408e+00, 1.445649067186355e-01, -9.716237314315892e-01, -1.589783982128610e+00, 1.400740856728825e+00, -2.924688008395810e+01, -4.496925488367991e+00, -8.848627322629524e+00, -5.670756382693198e+00, 8.047652815441721e+00, 3.904390835769392e+00, 1.767821882053427e+00, -3.972951938554366e+02, -2.040281319611553e+03, 1.041066799368221e+02, 4.169656420983856e+02, -7.296411597548868e+02, 2.712926129200974e+02, -2.634332452000397e+02, 1.465877695161923e+00, -6.113888477710368e+02, -2.185114248039384e+02, 4.550815354709371e+02, 3.764801137112133e+02, 5.171758636567312e+02, -6.318550308025351e+02, 2.492623816133431e+02, 3.188990111130333e+02, 1.895062052184240e+01, -2.918381590601668e+02, 2.938352966214883e+02, 4.079879489052218e+01, -3.024748529894735e+02, -1.092965754947957e+02, -2.353153035316796e+02, -6.598290188167559e+01, -1.047114579283989e+02, 5.254726854066288e+01, -1.693930763439390e+02, 1.599475859059756e+02, 1.248672204723421e+01, 5.128374503833310e+01, 8.954803619864410e+01, -3.109095432782259e+01, 8.802466084027758e+00, 1.177445431877086e+01, 1.534373223279047e+01, 4.555022372176416e+01, 2.331055538347286e+01, 4.840761458996798e+01, 1.864211107564318e+01, 4.559895421853028e+01, -3.614259443785158e+01, -8.599936000770623e+01, -9.428801500365420e+00, -1.921167915504788e+01, 2.086457034676592e+00, -1.048640660018741e+01, 1.376289135791781e+01, 2.306706527294370e+01, 9.923611027733687e+00, -3.462327085232545e+01, 1.356000532905519e+01, 2.188227102184619e+00, -2.009117127161212e+00, 3.091253441538856e-01, -6.208013452205805e+00, 1.172774178445926e+01, -4.275812038935120e-01, -2.629289969180842e+00, -3.070918529520408e+01, -9.818475165526603e-01, -1.151034590809075e+01, -4.556130347941200e+00, 2.286374913751156e+00, 7.072053626218580e+00, -1.107827955758043e+01, -4.413546139745828e+00, -2.439038728580807e+00, -5.781669551899560e+00, 7.797161473914651e+00, -5.514841283755045e-01, 4.023935902099413e-01, 2.887338011285393e+00, 1.777536704208252e+01, 1.873207216228880e+01, 1.942383895383430e+00, 2.982856533997996e-02, -3.641373034276421e+00, 9.893765895484249e-01, 4.265602564555151e+00, 1.974291870227159e+00, 2.526170975723225e+00, 8.366020223690164e-01, -1.866404989972162e+00, 7.409100956297325e-01, -2.279140845892838e-01, 1.817595240138174e-01, -1.153245918707744e+01, -1.261471701087909e+01, 5.114961751510931e+00, -4.854556394193794e-01, -3.772040300418132e+00, -8.194278002191530e-01, 5.065027027073504e-01, -7.505721626318539e-01, -1.710528621553066e+00, 1.208703783979733e-01, -1.114296119769403e+00, -7.880910736154628e-01, -6.157190286137691e-01, -4.133371168606847e-01, 8.539484125725426e+00, 1.675502541499108e+00, -2.192397143010827e+00, 6.817648229410396e-02, 2.722224083761235e+00, 3.838290626606102e-03, 7.216071462936879e-01, -2.405288367274258e-01, 4.231404421149610e-01, -3.437209641754476e-01, 1.526167801707492e+00, 3.794059883683579e-01, -4.842108675943176e-01, 3.450427617148047e-02, 2.986815933590229e+00, 1.291019934888152e+01, -2.260692247762748e+00, 3.968314730413626e-01, -5.505338912611059e+00, 2.249680164996417e-01, -3.722090821482252e-01, -1.621941462465875e-01, -1.115931772406069e+00, 6.389953493086740e-02, -1.858562426417228e-01, 1.636145095489112e-02, 2.938355193475973e-01, 5.496724596687508e-01, -5.663778164421295e+00, -4.175473604129180e+01, 1.452153262949590e+01, -2.415685757887027e+00, 4.773066073393304e+00, 4.358454450269804e-02, 1.817035404872684e-01, 2.598755014355992e-01, -7.754468555340150e-01, 4.675847101409801e-01, -7.900972983210878e-01, -4.502152791610144e-01, 6.525795604049927e-01, -7.614462652602222e-01, -7.876752915222787e+00, 6.706581023459994e+01, -2.133274657777281e+01, -5.680684958494834e+00, -5.824235075084345e+00, 3.645898786396429e+00, -8.319603710855357e-01, 9.204242857134421e-01, 6.796061006917342e+02, 3.662548396738803e+02, -5.463401460360143e+01, 9.628764411419531e+02, -3.796447040971643e+01, -6.168573239683797e+02, -7.617329097321718e+02, 3.919388719719935e+02, 8.374422346620712e+02, 7.553358387603507e+02, 2.870366901493540e+01, 1.183244206907226e+01, -1.601674577315373e+02, -2.593977697170542e+02, -1.251592963801502e+02, 2.712163837504874e+02, 9.273668488568782e+01, -1.594997217032021e+02, -3.727073476050342e+00, 4.279649297537923e+01, -3.252289997921452e+02, -2.640213407989324e+01, 2.123979946027969e+02, 1.445325221435679e+02, -7.665275388967450e-01, -4.117303535330847e+01, 1.157285289304310e+02, -1.318126348793197e+01, -2.031301578370164e+01, -9.016973689304911e+01, -9.435532208173061e+00, 2.907975762891753e+01, -5.456324356782051e+01, 3.035715037850652e+01, -1.682223027100785e+00, 6.776787890739891e+01, -8.385272138152591e+01, -1.403663302801313e+00, -3.200913162812484e+01, 2.036775102289743e+01, -5.141903455339758e+01, 1.502428107674937e-01, 1.738737507573020e+01, 7.257561477376028e+00, 3.098328587600746e+01, -5.688063329267111e+01, 2.531702871519783e+01, 2.859642615101001e+01, 1.899596280905358e+01, -4.575318847875133e+01, 2.252661958743952e+01, -7.699814243789649e+00, 1.181464116572468e+01, 6.222536685847682e+00, -4.183038480103933e+00, 2.864391135013625e+00, 8.574743415391598e+00, -8.299257782060529e+00, 1.473227283542397e+00, 2.899287525926015e+01, 2.399685191366761e+01, -2.189508827211018e+00, -5.815717820122391e+00, 1.629508278924889e+01, -8.876115967443223e+00, 2.371611226092334e+00, -6.728909689615528e+00, -1.082470605060206e+01, -3.890942831824202e+00, -2.057084753164327e+00, 1.247232731994032e+00, -3.538731983700117e-01, 2.494210862480913e+00, -9.633834678568215e+00, -1.969351648901621e+01, 4.007509572401297e+00, 3.346531816394569e+00, -1.014838177792331e+00, 9.338725489579531e+00, 1.050224581509024e+00, 1.087898228420797e+00, 3.455759916315897e+00, 4.422366173194723e+00, -1.382911057225825e+00, 1.811785002398746e-01, 1.744526395773744e+00, -1.474741023339275e+00, 2.385762965298569e+00, 6.961531631424063e+00, -1.404647470757858e+00, -4.630633248983616e+00, 7.207665999983325e-01, -2.694842392619780e+00, 1.739027110130931e+00, -1.403260171322128e+00, 2.578871984607007e+00, 1.049822016790561e+00, 2.039957544685828e+00, 8.979545472065478e-01, 7.814091544398737e-01, 7.702384114979676e+00, -2.989410039089565e+00, -4.269733340610613e+00, 7.642608552870721e+00, 3.007127584178642e+00, -2.078775878910177e-01, 1.416677150365560e+00, -7.687980825258771e-02, 1.340614435122470e+00, -1.941165161289447e+00, -2.731967131347135e+00, -5.427596931150379e-01, 9.495480054561579e-01, -1.519089489473632e+00, 1.120744127115102e+01, 1.117646945526696e+01, -2.765004348778176e-01, -5.995828165887886e+00, 3.610352873409336e+00, 2.331639148346042e+00, -1.330815333914700e+00, -1.124195343991819e+00, 6.428081636211627e-01, 6.790506865120197e-01, 1.052685504000327e+00, -3.282715248063172e-01, -9.279171049983351e-01, 1.546835670655147e+00, -3.272362906414772e+00, -1.578944342499467e+01, 3.518117716621598e+00, 5.232515162685794e+00, -1.812330448343928e+01, -1.737563489346109e+00, -2.112734862263053e-01, -4.283657769714707e-01, 2.526104941233900e+00, 1.006945138524655e+00, 3.852724444440184e+00, -2.003193208447142e+00, -3.575779024216106e+00, 1.721812104372753e-01, 2.527270525847496e+01, -2.040482657885273e+00, 7.022568255097619e+00, -4.320933081446264e+00, 1.223301732215219e+01, -2.371748538341620e+00, -6.109350494654733e-01, -3.109796463812870e+00, -3.562159973186171e+00, 1.045519093210230e+02, -2.900003472491819e+02, 5.016644861752791e+02, -1.659894553408809e+02, 2.368715046206565e+02, -6.082675384771136e+01, 5.579904283704393e+02, 1.558876319974268e+02, 3.656696532773166e+02, -2.968818087576889e+02, 7.528319257822677e+02, -2.494004220258395e+02, 6.113731581007029e+02, 2.863498958713403e+02, 3.601363795704412e+01, 4.398509037742124e+02, -1.934431744553928e+02, -3.762590823210954e+01, -1.869065865250955e+02, 9.649668386730582e+01, 2.674747634011884e+00, 1.319482835513124e+01, 7.678545953843543e+01, 1.075084788301298e+02, -1.137883375994536e+01, 6.535229985478554e+01, 1.789051974332122e+02, 6.471757710360180e+01, -1.892430401032014e-01, -1.464598032619140e+02, -1.499527741279215e+01, 9.929423193981806e+01, 2.440878047614075e+00, -4.821961591255793e+00, -2.279950751381485e+01, 6.937389117261014e+01, 2.970402345254906e+00, 1.890974671929377e+01, -3.988403472876017e+01, -1.640088597959651e+01, -2.013062337256585e+01, 2.624055975406296e+01, 2.039645793424720e+00, 6.164507616354265e+01, 2.657822823389090e+01, 2.688822584904924e+00, -1.775310811923319e+00, 4.366394275209522e+00, 7.753097457122641e+00, -7.677399036028769e+00, -1.208197635336425e+01, -5.122121697484880e+00, 4.442253430017287e+01, -1.238523846788723e+01, -3.394619059164570e+01, -1.081723400278830e+01, 1.022626672785323e+00, -8.837086321210741e+00, -1.006580248062057e+01, -1.714959936855565e+01, 1.896636435692962e+01, -3.508860514656361e+00, 1.195490769930587e+01, -2.091430370682120e+00, -3.413510996569771e+00, -1.245963409283001e+00, -5.735468043146033e+00, 1.045600495789614e+01, 1.654139076460773e+01, -2.329382098017228e+00, -7.649875929614979e-01, 4.005038228859106e+00, 2.307395486829654e+00, 1.370913323509917e+01, -5.168282189638598e+00, 1.967405456100997e+00, -5.737792883570113e+00, 1.908010228376063e+00, 7.702843864201521e+00, 2.925418689824049e+00, -2.506286683485085e+00, -1.130720246552954e+00, -2.927153756335551e+00, -5.930921501526701e-01, -5.241818981679205e-01, -7.530618303696403e-01, 2.037975497008455e+00, -8.094214753335530e+00, 1.812322053059089e+00, -1.000785114137712e+00, 3.902290885070599e+00, 3.247119995743727e-01, -1.071863092686089e+00, -5.195066379303285e-02, 2.890338393863012e+00, -1.199238733966204e+00, 5.703842796825247e-02, -1.407261069510911e-01, 5.069498449452893e-01, -1.102370912701781e-02, 6.198717936261588e+00, 8.949525019451702e+00, 1.518575011976768e+00, 1.299124372496302e+00, -2.631445317478121e+00, 1.401802167287374e-01, -2.246042084276900e+00, 2.698012070184477e-01, -2.672452402145535e+00, -1.773093949208818e+00, 1.384658838527577e+00, 8.056287187663835e-01, 1.080315413007506e+00, -9.794473501057073e-01, -6.612297911041843e+00, -6.901013619429328e+00, -8.206706398010203e+00, -5.247339655166060e+00, 6.557148553557471e+00, -9.607244324516092e-01, 1.651213301379265e+00, -3.593072961863841e-01, 2.874586106623534e+00, 1.954207307559351e+00, -2.450430329027827e+00, -1.754032495127182e+00, 2.541179980619621e-01, 1.237068852236680e+00, 2.037871812762858e+01, 1.219363853952323e+01, 2.057699339970481e+01, -3.322080036550052e-01, -9.514936776032626e-01, -2.478371207077787e+00, -1.878057672032535e+00, 5.972219338219090e-01, -7.716649364419063e-02, 5.014808236591592e-01, -2.258142530949952e-01, 4.781851014539171e-01, -1.758352718728140e+00, 7.917477604785785e-01, 1.763268891850735e+00, -1.084803531802725e+01, -4.035857502522613e+01, -5.340151553214211e+00, 2.677591773177934e+00, 4.794900342755914e+00, 7.759346986197672e+00, -3.569692059172478e-01, 2.141062661371710e+00, -2.424210462266569e+00, -2.317885348522119e+02, 2.656328438704314e+02, -8.590998793438229e+02, -2.632091792865144e+02, 2.406157506890789e+02, 9.304264724293583e+02, -2.574084147987079e+01, -1.081193084388648e+03, -3.489067622467621e+01, 2.863898811424068e+02, -4.777387945499356e+02, -1.793687870236433e+02, 1.348218376912583e+02, -1.698562445083440e+02, -9.598487060839928e+01, 2.988464495654522e+02, -1.369624996545909e+02, 1.184029724594211e+02, -3.573727510972283e+00, -1.886422267055613e+02, 2.765903992672833e+01, 2.309186806166866e+02, -8.863901295061144e+01, -7.981421034106195e+01, 4.920459867097983e+01, 1.167133163094276e+02, 4.095483315375093e+01, -3.189772111759240e+01, 2.343300539101489e+01, -4.372050737819833e+01, 1.598465800350346e+02, 3.674541745813598e+01, 1.226455444611869e+01, -1.547521784028757e+01, -3.917839741884023e+01, -2.774585200822960e+01, 4.124166850776466e+01, -2.424425283356286e+00, 6.840568796238769e+01, -2.043205444717796e+01, -2.877438802818816e+01, -1.213244248939766e+01, 6.777373179876109e+00, 1.782539738622035e+01, -7.063438237278775e+01, -3.254573238945989e+01, 6.876915812171920e+00, -2.781593311371554e+01, -2.822706627622962e+00, -1.451875824465757e+01, -1.948334259460747e+01, -1.635180432348214e+01, -2.346810901460178e+01, -1.121648376998252e+01, -9.072859778054948e+00, 1.663795710178263e+01, -1.854987724662710e+00, -1.005471816301571e+01, 8.605121306412171e+00, 1.378372595245783e+01, -5.596040966735520e+00, 2.293342482559418e+01, -1.196176451056081e+00, 2.522149911733473e+00, 1.475793989959295e+01, 7.135200836883213e+00, 9.435753241258489e+00, -4.668605949750813e+00, -7.140350750008071e+00, -4.564638561703171e+00, 6.300743149074861e-02, 1.488221692874102e+00, -1.389018819191808e+01, -7.041648223117766e+00, -5.367123407577319e-01, -9.428680041954770e+00, 3.372347691467775e+00, 2.233413651258263e+00, -7.310964813706849e+00, -2.197421681139197e+00, -1.636746260301393e+00, 6.756020120834656e-01, 3.522216311019447e+00, 1.301203673582798e+00, 1.099850365841370e+00, -5.936898014208596e-01, 1.370039677782224e+01, 1.103083677507363e+01, 1.577171629039714e+00, 3.271162393566851e+00, -2.756048115410664e+00, 2.752151145951245e-01, 3.491801761379725e+00, 4.490862012955225e-01, -2.486330552847066e-01, -3.078765234671268e+00, 1.373333478635025e+00, -1.125761581923100e+00, 8.523740516096759e-01, -1.690663512218455e-01, -9.336557027420231e+00, -2.230425140404873e+01, -3.816768662068666e+00, 1.631029179804645e+00, 3.788331011580819e+00, 7.734665510727657e-01, -2.160771187303081e+00, -1.970054373535260e+00, 1.340813440043346e+00, 4.246484451104595e+00, -1.017099136366747e+00, 1.927616335628130e+00, 4.520765982946542e-01, -4.249291354113113e-01, 3.677317378695221e+00, 2.420085205553525e+01, 4.970091236806626e+00, -6.320621226638247e+00, -2.271126756572302e+00, 3.375755739135838e-01, 1.134669978183150e+00, -5.599357976142630e-01, -1.729268284083214e+00, -1.235462109899137e+00, 8.635528344719365e-02, -1.979624097954776e+00, -1.019640726047044e-01, -1.569512405451514e+00, 1.165347679218528e+01, -7.254137406100432e+00, -1.223114681894137e+00, 7.767673769442132e+00, -6.768593408494375e+00, -1.372211656064849e+00, -2.570486203819351e+00, -9.083749067358405e-01, 2.943966702952079e+00, -1.228414564386896e-01, 3.243012407154388e-01, 3.070844586734780e+00, -5.253515618445197e-01, 3.453629098375809e-02, -1.379620455795962e+01, -1.923871595069582e+01, 1.384899361778976e+01, 2.707771381370826e+00, 2.672717000796431e+01, -3.716364911598538e+00, -2.774596136248654e-01, 1.312883286593386e+00, -8.352009602482026e+00, 5.010591789950375e-01, -2.239095180203370e-01, -1.080029927484516e+02, -1.701906805865013e+02, 2.630828839158363e+02, -9.161485063501699e+02, -7.010884543708588e+02, -3.583572363638635e+02, -6.187314657792110e+01, 2.223536409412364e+02, -1.003210493636339e+02, 1.052240147779362e+02, -9.767152440285224e+01, -3.012552900575121e+02, 1.364260241529954e+02, 1.900401795976046e+02, -5.606793945816687e+01, -3.792610415289867e+02, 2.373890092563461e+02, 2.075952092158886e+01, 1.904405333106117e+01, 8.965619319550534e+01, -1.142280128109861e+02, -1.993705532675506e+02, -1.743115778366196e+01, -2.984907117354775e+01, 6.744964540353274e+01, 1.323042967626105e+01, -7.754371519379733e+01, -4.724645086399966e+01, -2.719168086240422e+00, 1.953779037574352e+02, -9.400527171227297e+01, -9.011143279854268e+01, 4.645856055593118e+01, 6.991048778528238e+01, -2.113175604536862e+01, 2.445668126043676e+01, -2.736871080070787e+01, 2.015622051366006e+01, -2.418708910064100e+01, -4.485165983256179e+01, 5.516093962719206e+00, -1.253611409217131e+01, -4.322497905782072e+00, -3.033456965891094e+01, 1.025912544096938e+01, 5.415909626371026e+01, -4.153409383299359e+01, -1.442587437518929e+01, -9.517941392175267e+00, -1.357298106959417e+01, -5.587943738414529e+00, 1.496991091638103e+00, 8.643175305438408e+00, -1.115989928612121e+01, 6.077194163682742e+00, 2.328286190706128e+01, -9.233043052547915e-01, -1.934425397574080e+00, 2.405577284490025e+00, -1.383860449293079e+01, -3.735538603772129e+00, -1.305403135910737e+00, 1.392374674085036e+01, 6.021273823785490e+00, 6.544161087600683e+00, 1.028287502106640e+00, -4.351783479609602e-01, 3.707185923138161e+00, -2.478436356716385e+00, -3.411530685304690e+00, 1.956875500202593e-02, 2.155536978070199e+00, 5.931269029472604e+00, 6.242363395975652e+00, 4.601555352500972e+00, -3.397218902931040e-03, -1.013396589553801e+01, -2.284630171677931e+00, -2.313182630053176e+00, -1.307954362881742e+00, -2.769856747496632e+00, -3.481947864290042e+00, 8.219580113910111e-01, -1.291088364848106e-01, -2.142332646623414e-01, 2.110804281986937e-01, 3.945464420634936e+00, -8.154441098045513e+00, -2.416786924228687e-01, 4.217890999516477e-01, 4.789486571446374e+00, 3.161907162336585e-01, 1.074173224761525e+00, -4.158048591714804e-01, -4.410547432713707e-01, 1.642034217431453e-01, 7.556214792223379e-01, 2.271242086412987e-01, -3.017615519422143e-01, -3.565643815114179e-01, -2.474500023329750e+00, 6.956640118387644e+00, -3.971801308596878e+00, 1.857423739957466e-01, -3.745843759732490e-01, 6.180874460304764e-01, -1.040194676196358e+00, -3.085561354633891e-01, 1.280434292944925e+00, 7.092669859677583e-02, 4.302545155465893e-01, -1.500337481675832e-01, 1.267734223890436e-01, -1.706059680377691e-01, 1.315251352775353e+01, -4.319362471109637e+00, 4.489787541170792e+00, -2.162006837645560e-01, -3.892428302933006e+00, -2.213182746429140e-01, 2.990098932272160e+00, 1.545489916913604e-01, -1.209660085239841e+00, -8.675224142559019e-01, -1.505387650017321e+00, 6.188583919845175e-01, 6.389896521694011e-01, 1.200863985003236e+00, -1.391535470295469e+01, 1.628338169950276e+00, -3.001640199916056e+00, -2.139151903796670e+00, -1.172565331269365e-02, -7.747969005140264e-01, -4.418295183202868e+00, 6.420048851383331e-02, -9.622221657986001e-01, 8.252580209413007e-01, 1.343203565111104e+00, 4.678515712915097e-01, 7.291168054909858e-01, -9.350643102614782e-01, 8.738653267147919e+00, 2.042865790175781e+00, 9.885297882514219e+00, -4.709317142180961e+00, 1.186246752969029e+00, 1.659287633085488e+00, 4.457144751892120e+00, 1.923357571424453e-02, 4.686704519505939e+00, -2.131823173871451e+00, -5.043013669624161e+00, -7.106544686584169e-01, 2.675349638089689e+02, -4.952617650338590e+02, -1.353515783804217e+02, 9.804004010827805e+01, -4.275150845918701e+01, -5.142218375302905e+02, -1.676912389200103e+02, -2.193197331643339e+02, 3.564563873334112e+02, -7.477894771801071e+01, -9.372620167924855e+01, 2.962985313098840e+00, 1.773267220235914e+02, 1.131357655986752e+02, -5.565849021744564e+00, -7.444966432794543e+01, 2.870853003882543e+01, -1.832897350995958e+01, -5.610075715286909e+01, 4.418957281923126e+01, 4.989885947647703e+01, 6.007911410044227e+01, 1.113542313220243e+02, 7.372256752612221e+01, 4.313944271639286e+01, 7.477847269589277e+01, -4.955926898919016e+01, -6.870804359563880e+01, -7.820078143098851e+00, 2.570431195832532e+01, 2.043007348483975e+01, 4.253270202476791e+01, -8.575162218018031e+00, 1.881225963502391e+01, 1.453637254713691e+01, 3.370000035630646e+00, 1.703053538887078e+01, 3.974421616916451e+01, 2.241260714560580e+01, 1.905257051071953e+00, -4.337046090719133e+00, 5.033592780154223e+00, -6.454019167251793e+00, -1.758256170307951e+01, -4.591616579912242e+00, -1.501911238622314e+01, -5.452181874269224e+00, 2.304439985193960e+00, 9.448347560226445e+00, 1.540212774969766e+00, 4.115437196656195e+00, 5.447573559370605e+00, 5.631552140302754e+00, -1.273695406777693e+00, 2.031812687852721e+00, -3.967973773017858e-01, -2.853230119836865e+00, 2.774952065579324e+00, 1.328825591888442e+01, 9.816637143148768e+00, 4.583940423393083e+00, 4.535775497609165e+00, -5.825486286315749e+00, 2.649982132291212e-01, 2.034012817929257e+00, 1.177696132469179e+00, -2.446641429993856e+00, 3.579496730852227e+00, -1.258173793268341e+00, 4.734770997828326e-01, -2.099895658105599e-01, 4.598735721916125e-01, 8.894493749399011e+00, 1.160288145146223e+01, -2.615455813534814e-01, -4.498704959536596e-01, -1.938209090404102e+00, -1.436802777857677e+00, -2.577489291632777e+00, -1.905424278658647e+00, -1.320495350408289e+00, 6.200216844120741e-01, -4.821516843710928e-01, -1.274248800936545e+00, 3.198949348572578e-01, 4.366045869408273e-01, -2.787709864607875e+00, -2.102285439562549e+00, -4.738175206607411e-01, 4.460265953130186e-01, 2.726885225271310e+00, -3.985897870320242e-01, 2.196037564213302e-01, 5.628836963275309e-01, 2.885384043935144e-01, -6.215729883000256e-01, 4.679911793992106e-01, -2.881007889010315e-01, 7.303097906269970e-02, -2.807520122868394e-01, -1.718322455071379e+01, 8.284807350874676e-01, -5.725053961125021e-01, 1.574331660292516e+00, 3.861171125562777e+00, -1.526188441081781e-01, 7.362187131821520e-01, -7.612267604693571e-02, 3.450222502591027e-01, -2.395661373312395e-01, -6.226845312560785e-01, 3.431891943031488e-01, -1.549732730563534e-01, -8.582714908076314e-02, 1.811369351728760e+01, -1.668722973769466e+00, 6.183345493207965e-01, -2.827988621052064e-01, 2.952620920827491e-01, -4.119863415836403e-01, -6.436209887777855e-01, -3.176913307754454e-01, -1.087939333915848e+00, 6.396301824836852e-01, -7.809393225466944e-02, 1.334091621526602e-03, -1.963160573588056e-03, 6.203388799904614e-01, -7.540151201841867e+00, -9.196259984080644e+00, -7.063061928227477e+00, -2.230733542763101e+00, 4.455037751256464e+00, -4.866062677925896e-01, -5.471962276567426e-01, -5.655742710917234e-01, 1.160181268557811e+00, -7.376371978301801e-01, 1.099562317650586e+00, -2.077384977992662e-01, 1.014640214753265e+00, -2.941521905652626e-01, 4.830064062274711e+00, 1.031468496888314e+01, 4.725499063271413e+00, 2.006005817653520e+00, 1.467861961175898e+00, 2.212318041927739e+00, -7.397947574881455e-01, -1.376426702706624e-01, -2.139795281961885e+00, -3.088562299432442e+00, -2.270998571911659e+00, 9.753124860594267e-02, 1.872302289999790e+00, -8.960264852823664e+01, -3.639091410427635e+02, 1.344748877295666e+02, 1.175585712761980e+02, -4.598762167758165e+02, -5.295924874351582e+02, 3.038574860558154e+01, 1.484247991460983e+02, -9.219310659382890e+00, -2.437967663496478e+02, -1.531022221185146e+02, 1.501880828725391e+02, -3.082835424409221e+01, -8.185939581479450e+01, -7.518050334067987e+00, 7.133014392544369e+01, -4.972076707493802e+01, -1.414837195923045e+02, -1.395288777184928e+01, -5.629074852086354e+00, 3.210880693341058e+01, -2.991867825180480e+01, 8.876213757001132e+00, -3.963676862108669e+01, -4.413644560010881e+01, -4.107477297322114e+00, 5.974423188569271e+01, -2.255226492958940e+01, -1.786311100093557e+00, 5.527169547099726e+01, 8.125192878446645e+00, 7.483199529512665e+00, -1.514366450874758e+01, -7.555172674918140e+00, 2.393175513866934e+01, -1.155612612467297e+01, 2.956340631551032e+01, 3.107737337333702e+01, 5.116994021446944e+00, -5.059094854297037e+00, 2.077231750746700e+01, 1.785153636682503e+01, -2.656991543486970e+00, -8.496764108170385e+00, 2.895168984537338e+01, 8.781041083600028e+00, 6.450875079136106e+00, -1.166336487621737e+01, 4.240058186006519e+00, -1.199840599020698e+00, -8.596416938383944e+00, -6.724988991929455e+00, 8.903179651213657e-01, 4.306453248723375e+00, -4.911870286556046e+00, -7.893609863967729e+00, -7.095888748913127e-01, -8.831588600957414e-01, -8.025125321035111e+00, 4.885228734618670e+00, 6.244295806147699e+00, -3.630770378079449e+00, 7.513240119584459e-01, 1.595982644254887e+00, 1.470109398178155e+00, 1.607228808798275e-01, -2.510463593191624e+00, -8.327770874341953e-01, -2.742865023594314e+00, -2.826668971752599e+00, 6.012400118473382e-01, -1.679522711968777e+00, -1.032695190443291e+00, -7.557461971241295e+00, 8.800701217392951e-01, -9.435848288028531e-01, 1.530247695769395e+00, 5.825647311449494e-01, -6.021844450390778e-02, -1.636276502004845e+00, 2.002121576059582e+00, 1.297888567158037e+00, -5.042465245210304e-01, 1.959298318923003e+00, 5.784780479032854e-01, 7.139160580661320e-01, 4.800817160115013e-01, 7.157434851174283e+00, -2.945816398155240e-01, 7.922015287608286e-01, -6.934005972490758e-01, 3.504265511492095e-01, -1.226040341982722e+00, 3.872946288165737e-01, -2.046450844319714e-01, 9.931923921087327e-01, 2.929579666994810e-01, 2.519343303696935e-01, 4.689705038581039e-01, -4.179299429757052e-01, -5.932255877496667e+00, -1.291447672910223e+01, -3.720899417839579e+00, 2.671111782511697e+00, 1.431208384055676e+00, 9.924343654569739e-01, 1.809245379116266e+00, -2.995338345807088e-01, -3.875176305104668e-01, -5.577761276662337e-01, 4.191970274511390e-01, -8.864530252203139e-01, 5.824921544871271e-01, -1.222500421248146e+00, 5.286467128955342e-01, 1.236891887745191e+01, 3.228772371631984e+00, 2.324499946141425e-01, -2.085365294369526e-01, -1.137681237670955e+00, -1.632875941030475e-01, 2.232579441105822e-01, 4.456502438371745e-01, 1.612621515797346e+00, -7.900103624973864e-02, -1.675562219896023e-01, 1.790975702907492e-01, -4.143799714095154e-01, -7.726554245776432e+00, -3.385035735986523e+00, 3.647981325854735e+00, -1.351691163282689e+01, 1.388657090416140e+00, -1.315358546401388e+00, 2.041351864769483e-02, -8.576609689344510e-01, 2.371416134504777e+00, 7.307413969509888e-01, -3.493476585978487e+00, 9.152304919554513e-01, -6.911380801611962e-01, -6.793816259448605e-01, -2.004867185203757e+01, -6.852623912437498e+00, -2.534776271907099e+00, 1.864265799218293e+01, -7.393642205346871e+00, 1.113528292737977e+00, 5.088876992463884e-01, 2.163101720201756e-01, -3.209788516189149e+00, 1.170579313443840e+00, 6.316787624332086e+00, 1.056585465644511e-01, -8.017963525175044e-01, 6.880668221855291e-01, 6.419654252096586e+03, 3.146850252803357e+03, -5.830224487576525e+03, -5.797389450635369e+03, -4.047367133474916e+03, -6.850530057805406e+02, 6.359533406948406e+02, -1.151874305289957e+04, -4.916990042963604e+03, -1.257463404931914e+03, -3.633128704906815e+03, 1.310601763955214e+03, -2.579141934783387e+03, -6.632526497902641e+03, -2.790661277838389e+03, -2.860228055460340e+03, -1.637779037452356e+03, 2.823250141758174e+03, -7.727761893090067e+02, -1.012865955103569e+03, -1.001832360210568e+02, 3.644981560013898e+03, 1.463567007705279e+03, 7.095565336991984e+02, 2.110331443580550e+03, -6.404378875179708e+02, 1.479019249343345e+03, 1.591841604384266e+03, 3.667305651553383e+02, 1.042003429552138e+03, 2.068995438116050e+03, -8.290671731511482e+02, 9.711809643861791e+02, 5.271060458249937e+02, 6.726866638875133e+01, -6.966614884426709e+02, -5.849091630637336e+01, -1.251051934356286e+02, -7.304111675218677e+02, 1.466899981410094e+02, -7.087837888733062e+02, -3.618007903044396e+02, 1.058396552100022e+02, -3.342721326991303e+02, -1.165831400461666e+03, 2.856449220763427e+01, -4.481408498275316e+02, -2.296693209091480e+02, -1.633196312646319e+00, 1.517828400945909e+02, -3.831051449217590e+01, -1.520347274203479e+01, 1.678915867871510e+02, -3.499763479015567e+01, 2.227683127687752e+02, 1.059931455386203e+02, -1.662756628072293e+02, 1.532820623723558e+02, 5.269252849244524e+02, 8.634122993476268e+01, 9.838712644979873e+01, 1.013348758932724e+02, 4.388807652160091e+01, -2.280083941090270e+01, 1.227081988307538e+01, 2.806207070410920e+01, -7.505802948678134e+01, -5.191157481200661e+01, -6.396436355570638e+01, 6.846099623691757e+00, -3.948954396515596e+01, -3.852792992028666e+01, -2.456106441863224e+02, -6.230261341092288e+01, 3.649182738993894e+01, -3.581862373657173e+01, -6.750876947914448e+01, -8.517181520227892e+00, -2.536109846429709e+01, -3.930277827554349e+01, 1.998824100682469e+01, 4.297734952383042e+01, 1.762743821313815e+01, -3.793827764061993e+01, 5.229722141142913e+01, 8.206318027830735e-01, 1.207386520908126e+02, 1.667274909260034e+01, -5.261641640847402e+01, -8.406429733910038e+00, 5.933710320616827e+01, -1.044354979869555e+01, 1.499021304189695e+01, 2.171677623957414e+01, -4.195299363209874e+00, -2.398779519144530e+01, -4.871382886848648e+00, 3.181533493823211e+01, 1.397545104594704e+01, 7.254293125635381e+00, -3.868802197522037e+01, 3.530563509261398e+01, 5.486688185348882e+01, 3.190363440940463e+01, -6.119212094640330e+01, 2.273802560612739e+01, -1.357257165473504e+01, -8.271833314066329e+00, -1.190818063837035e+01, 1.000047280834302e+01, -1.796650602715198e+00, -2.345290388836104e+01, -1.758612847960423e+01, -1.145409114020972e+01, -2.254287974487784e+01, -1.135841507138587e+02, -7.469501607439580e+01, -2.235574543285019e+01, 7.737736869975312e+01, -1.884051088053375e+01, 1.584711503169734e+01, 4.647982994301787e+00, 2.433571856640763e+01, -7.285756484688575e+00, 4.811658862033098e+00, 1.110815682982569e+01, 7.583914245531081e+00, 1.934122113326610e+01, 8.999250868637526e+01, 2.087924111528882e+02, 8.569178090857153e+01, 1.526525188499492e+01, -9.062984872688259e+01, 3.334266734227746e+01, -1.761480652049362e+01, -4.689644450700357e+00, -1.961628640908639e+01, 1.528157429436830e+01, -1.263274551068544e+01, -2.224161982907764e+00, -8.670678955612805e-01, -3.264529981583792e+01, -9.801248827163786e+01, -3.081699138718126e+02, -1.137693991056579e+02, 3.497784277427382e+01, 1.125763655035864e+02, -5.013497383643318e+01, 2.232749138924904e+01, 2.488986699696058e+01, -2.719384754834686e+00, -1.723751870022413e+01, 5.739946055834071e+00, -1.124416673368004e+01, -1.406604802566550e+01, 2.631326406337142e+01, 1.844528059978470e+01, 1.629628571442306e+03, -6.350523821748976e+03, 2.139124963614586e+03, -4.100767783847203e+03, 2.168653192098392e+03, -2.398833190065218e+03, 1.411691013949437e+03, 1.348705230086493e+02, -1.144762710448583e+03, -1.646284712016412e+03, -1.809292264259774e+03, 5.194507281376480e+02, -1.387720631164700e+03, -8.633838376860855e+02, -2.045104891803495e+03, 1.945353369787317e+03, 6.736372289962117e+02, 1.065953324309633e+03, -1.686132113114382e+02, -2.311674424857852e+02, -1.148203198663433e+02, -8.599268851735485e+01, 1.916006851807782e+02, 7.352771028707243e+02, 8.246618008290881e+02, 4.959111719694992e+02, 7.905557071728584e+02, 5.820243433095161e+01, 1.145717563553586e+02, -1.787239552901083e+02, -4.154400713255211e+02, 7.549821052601910e+02, 6.424000571006270e+01, 2.978184159604602e+02, -2.429365327620376e+02, -2.213205820566590e+02, 4.402698894459166e+02, -2.201765117007919e+01, -2.390356999080139e+02, -3.712008886851208e+01, -3.222129536176798e+02, 2.216078012162832e+02, 2.759062293493648e+02, 8.257164915654845e+01, 3.411120031203142e+02, -3.653827931383689e+02, 2.049815700315189e+01, -2.650152752822738e+02, 1.763771311763654e+02, 1.861681115103593e+02, -1.534836201138945e+02, -3.601214740564130e+01, 1.269605159958319e+02, -8.002200858095343e+01, 1.333842804835608e+02, -6.676157738824325e-01, 1.701713197488991e+01, -2.508583464698937e+01, -2.293584561501098e+02, 7.956089057506721e+01, 1.918430858780094e+01, 1.403969484863757e+02, -8.685659097609812e+01, -9.671634525762146e+01, 3.736468106690798e+01, 4.868783506686232e+01, -2.919085474165453e+01, 2.128294000441160e+01, -5.784787069984877e+01, -9.400616069124418e+00, -5.512773826722815e+01, -1.809787589832387e+00, 1.353667446721852e+02, 1.469749790805797e+01, -2.481668261119136e+01, -4.884377872913179e+01, 2.203856025712854e+01, 6.192711779099304e+01, -2.402313986490867e+01, -4.997925776895017e+01, -1.742474746078841e+01, 1.761360660325040e+00, 2.346272544255759e+01, 1.961238280466412e-01, 4.210018696354908e+00, 1.235308322701988e+01, -1.091726984976363e+02, -5.190651127365019e+01, -3.183358949613566e+00, 9.733772833754111e+00, 1.784212821209365e+01, -4.304108309079005e+01, 2.800009056030382e+01, 4.180454028571165e+01, 4.258694554911714e+01, 7.334440782833151e+00, -8.617638229764518e+00, 6.540073514312907e+00, 3.248174176404316e+01, -5.893936281882630e+00, 1.104607666321064e+02, 5.195256746387131e+01, 3.115777797509158e+01, -1.836157102346119e+00, -4.063195241527561e+01, 2.883509762639345e+01, -2.770806293705046e+01, -1.724153610299339e+01, -4.898341628284422e+01, -9.273657335485805e+00, -7.614390049830756e+00, -1.359652243034122e+01, -3.232320674027505e+00, 1.297705325268944e+01, -1.671872666760549e+02, -5.884749770837501e+01, -7.931908283662931e+01, 4.596821955539331e+00, 6.567523796978111e+01, -1.149229076078094e+01, 3.340967290045235e+01, -1.143743134737594e+01, 4.887537112976503e+01, 7.396345533554348e+00, 3.247213020617442e+01, 1.964913602526539e+01, -2.898894726062645e+01, -8.829238752631973e+00, 2.147988188439532e+02, 8.053818782968071e+01, 1.206571491715353e+02, 5.964131832194807e+00, -6.750700326758995e+01, -6.894673237811351e+00, -3.134547089610654e+01, 3.690078243492438e+01, -5.684342077923504e+01, -1.317519661249291e+01, -4.786549618646034e+01, -2.253529942242124e+01, 2.140373904645861e+00, 6.864586001574515e+00, -2.476648505099215e+02, -1.086313736410093e+02, -1.348715782555197e+02, -3.180709587031887e+01, 3.195884259130365e+01, 3.749859046508610e+00, 1.128611352856716e+01, -7.912803855600121e+01, 5.900419214789243e+01, 1.077252239811455e+01, 6.321016781985281e+01, 2.714399660463593e+01, 6.120509733434347e+00, -3.393068922344606e+00, 1.204901516129159e+02, 1.401420122659487e+01, -7.923967878450213e+02, 2.126923877081105e+02, 3.933719515668141e+03, 7.711611139270736e+02, -3.984492030015346e+03, -1.711973368157620e+03, 1.718600990306206e+03, 7.109039313366353e+03, -4.024583506097384e+03, 1.936529463068628e+03, 2.335060706305727e+03, -1.001794324848485e+03, 3.788146118154927e+03, 2.159188712243219e+03, 5.021956298076765e+02, 6.904305916876409e+01, -1.090167852849655e+03, -5.982361281304240e+02, 1.235831371478462e+03, 1.176349884865231e+03, -6.868975139534313e+02, -1.736376932590042e+03, 1.033995685472728e+03, 1.483861574084883e+02, -5.334779008313527e+02, -5.683740119296385e+02, -4.028654176901539e+02, -6.408039033258865e+02, 8.562810205056954e+01, -2.015013087807262e+02, -2.931677670361430e+02, -5.701311865553598e+01, -3.828714640899575e+01, -5.029744874721971e+02, 3.028793822992257e+02, 2.387598941854362e+02, -3.492086587604287e+01, 3.420777172227289e+01, 1.093790752886996e+02, 1.714590760523543e+02, -2.503971811208355e+01, 2.069436441199158e+02, -4.607645112266260e+01, 8.229558075015645e+01, 1.648265361760845e+02, 1.061428603786065e+01, -2.129334005330975e+02, 2.379702285099832e+02, -2.262904072925090e+01, -8.171991757639668e+01, 2.161287945349054e+01, -1.113690650345620e+02, -6.105799937001539e+01, -3.056903633104884e+01, 5.931544026229093e+01, 1.795801127618332e+00, -3.604187862614166e+01, -2.919679953962750e+01, 8.275016161085871e+01, 4.173390019237763e+01, 1.588818130943950e+02, -1.002148544891249e+02, -8.140823173337358e+01, 6.177551059407575e+01, 1.304714761729232e+01, 7.425077351640896e+01, 6.928788640904405e+01, 1.152615967783195e+01, -4.615481967733107e+01, -3.803933121028346e+01, -2.578396713889635e+01, -1.799526351334885e+00, -6.275996538108389e+01, -1.856709554271314e+01, -6.916533741958655e+01, 1.518745660868787e+01, 5.093048926947480e+01, -2.670025193522036e+01, -2.611669898897178e+01, -2.630799852669744e+01, -4.816523483166980e+01, -1.265304344603938e+01, 2.862150143439684e+01, 1.592545619123330e+01, -2.111081617362503e+01, 1.825261447641226e+00, 1.358282431441901e+01, 5.814732907663650e-01, 6.826654905374608e+00, 1.344668638717273e+01, -1.467966934665082e+01, -4.061257779861682e+00, 1.151879450522032e+01, -9.070035178957113e+00, 1.558619806058054e+01, -1.595634808756460e-01, -5.670248518733331e+00, 9.324210610977087e+00, 8.252945027206025e-01, -3.997154057122630e+00, 3.201504026944973e+01, 4.793734297147127e+01, 4.689777616996444e+01, -3.263978967322198e+01, -5.632149412019483e+00, 4.033254300601374e+00, -3.933481098817612e+00, 1.706812402191525e+01, -1.185876330070184e+01, 4.775292706777251e+00, -2.241873278873635e+00, -1.692823810161049e+01, 2.055862056246381e+01, -5.888070010278333e+00, -5.457873086476577e+01, -9.111801545491461e+01, -7.667586989525266e+01, 1.948263825023788e+01, 5.965326788563609e-01, -1.587017853867711e+01, -1.139012458640412e+01, -2.300866636032556e+01, 1.412762126383771e+01, -3.422735759384614e+00, 4.728706073239481e+00, 1.915330028236209e+01, 1.282562196936442e+00, -2.439569088930625e-01, 6.371674752522777e+01, 1.314047436211986e+02, 6.831466327399312e+01, 2.326657140878723e+01, 1.459809053388763e+01, 2.829297303548712e+01, 1.271248383930831e+01, 1.322355732834923e+01, -1.058670007073686e+01, -1.407852553997405e+00, 5.038874907734527e+00, -1.119910494668349e+01, -1.772760791358575e+01, -6.420620689331409e+00, -9.018247145300398e+01, -1.508232257209767e+02, -4.927263030359600e+01, -7.758365847797863e+01, 8.853715111390926e+00, -4.079081860963059e+01, 4.164434204647121e+00, 1.431522341811012e+01, -1.812199316526244e+00, 2.200550976370907e+01, -1.423479428025253e+01, 2.667416000422697e-01, 1.962858595487893e+01, -1.233112370291450e+00, 1.713695737619191e+02, 1.667362694862121e+02, 1.458378537832916e+01, -2.903274610576974e+03, 1.307142650493159e+03, 6.046435512467617e+02, 2.021329425019794e+03, 1.943665780668102e+02, -3.657803746799756e+02, -1.761809233733161e+03, -9.014642434420467e+02, -7.196435866997006e+02, -5.478094943105126e+02, 2.750027172110024e+03, -5.995210392524237e+02, -7.448641544576379e+02, -5.413361253525825e+02, 7.550047536237511e+02, -5.344265343252463e+02, 6.312109079263120e+02, 9.131653707195755e+02, 8.465380606367145e+02, 2.407829690712892e+02, 1.317032023712475e+03, -2.461955284292677e+02, 4.025621896173511e+01, 6.255248556864083e+02, -6.102951801631290e+02, 8.810882284793118e+01, -3.915818521752141e+02, 1.352788812850951e+01, 1.809158966063141e+01, -3.874855814501125e+01, -3.694623769569674e+02, -5.454863665504857e+02, -1.216907745501167e+02, -1.327237838100722e+02, -4.978846815758908e+02, -1.498436174758503e+02, -1.476094913015874e+02, -4.662408517373578e+02, -1.635033819120412e+01, -1.442767219619336e+01, 9.919206990339353e+01, 1.531805178364672e+01, -3.576414648074293e+00, 6.171448884971259e+01, 1.111498190412065e+02, 1.555682770127457e+02, 7.142535192078843e+01, 3.832410047053599e+01, 7.320110309767475e+01, 2.020592397939454e+02, 1.055302924698901e+02, 2.838224878302522e+02, 2.356159841399804e+00, 1.744734010371772e+01, 2.237436819034757e+01, 1.842474601989879e+01, 2.660489669304233e+01, -1.215114501338033e+01, 6.343995896990427e+01, 2.710243913741848e+01, 1.690346140391773e+01, -4.785936977931012e+01, 7.200494383187072e+00, -9.343872373049722e+01, -1.089954417862233e+01, -1.033267316125540e+02, 5.202098748722520e+00, -2.091142288255696e+00, -1.992922827132199e+01, -3.067682475488503e+01, 4.779680190891074e+00, 8.944661011579182e-01, -1.144616768896848e+02, -4.749928400169570e+01, -1.541984760128008e+01, 2.457092519840304e+01, -1.842334868541868e+00, 2.813092808552964e+01, 4.514146526071804e+00, 3.842489039391594e+01, 9.491485678999499e+00, 1.527628662740076e+00, -2.997440217678229e+00, 1.438442017512264e+01, -6.682290868535354e+00, -3.098104400118888e-01, 1.254873383924952e+02, 3.274750978088678e+01, 1.290611923112929e+01, -5.548651193258715e+00, -6.320352854318561e+00, 2.180315119205166e+00, 2.811596307851583e+00, -1.228067532891285e+01, -1.578700423833066e+01, -1.457361599853006e+00, 3.899144578014209e-01, -5.263920022341889e+00, -4.795648735121835e+00, -3.534878770777152e-01, -1.462808767259102e+02, -1.654505257469098e+01, -1.511919711564305e+01, -2.738281000841472e+00, 2.754966237287417e+00, -1.257106094830028e+01, -8.719542147253977e+00, 2.962007778659774e+00, 1.241072242121852e+01, -7.933261264116400e-01, 8.032474476224674e+00, 2.316444241715684e+00, -1.005100882905745e+00, 1.378449251445959e+00, 1.441276472442425e+02, -1.077275990449631e+01, 1.253165728884819e+01, -5.481734793397694e+00, 2.837891104876501e+00, 4.116998156656554e+00, 1.124870528073807e+01, 1.618113158307908e-01, -1.376858107946906e+01, 1.373837431108993e+00, -1.420844162470665e+01, -1.794928830464462e+00, 2.022410726854851e-01, 3.972685578799384e+00, -1.281177228703284e+02, 4.098019684392740e+01, 2.318474730150686e+01, 7.464586398426954e+00, -1.702190190859149e+01, 5.307017943563713e+00, -1.203139583392692e+01, -3.018324129446711e+00, 1.961336043573765e+01, 6.000906727611675e+00, 9.540759599207865e+00, -4.217472461191813e+00, 2.025416377275537e+00, 5.085092822128463e+00, 1.013663273260226e+02, -4.809554713551130e+01, -6.151643642074484e+01, -2.289980969765341e+01, 2.962404762669280e+01, -1.850418563258554e+01, 1.639696631149272e+01, 9.262863068324730e+00, -1.936300108265575e+01, -6.487668506006311e+00, -1.110304967544716e+01, 6.006009554541857e+00, 3.707903910344007e+00, -1.080704712977584e+01, -5.381963217462303e+01, 3.407990237031916e+01, 1.066947192390753e+02, 3.886483328703370e+00, -5.717905755835228e+02, 1.688482967021551e+03, -4.754039285830632e+02, -6.963732666589938e+03, -5.798279046195656e+02, -2.009778098500249e+03, -2.271115540373340e+02, -7.288744130449618e+02, 3.164766590006840e+02, -1.934818548389963e+03, 1.478884527119934e+03, 1.474404988207492e+03, 9.773877526864885e+02, 1.257769013156904e+03, 3.505334037002394e+02, -2.987470874222712e+02, -6.074269746211976e+02, 2.095493661584686e+03, -1.316194346600575e+02, 3.610344785752658e+02, 1.276591450079775e+01, -9.507173789607717e+01, -1.269994372344519e+02, 1.495984459773296e+02, 9.838448826417797e+01, 1.566558389042843e+02, -1.157007028450631e+02, 3.016462216647953e+02, 5.614858108892114e+01, -2.030601730179991e+02, 3.396620773249622e+02, -3.953292462906953e+02, 3.748601794521441e+01, -1.716530840276624e+02, 1.174289165007101e+02, 5.479974034103282e+01, 5.034426855408812e+01, 1.240760717788393e+02, -8.720272946684713e+01, -1.411277195470263e+02, 8.729979623221008e+01, -1.722637118167631e+02, -6.695189734847447e+00, 9.215282839559927e+01, -2.290719271599305e+02, 1.305074622714274e+02, 5.697690154958448e+01, 1.298065896062895e+02, -5.403280692487431e+01, -9.310192466810218e+00, -1.322911345889428e+01, -4.311331083706364e+01, 2.872109287282456e+01, 5.397941452304549e+01, -8.200587012963928e+01, 6.407458194894193e+01, -2.268879700994879e+01, -2.143753950044791e+01, 6.090652354321634e+01, -1.079958820456454e+02, -9.503517758306970e+00, -4.083221757488822e+01, 5.590244700172381e+00, 6.517828555119049e+00, 4.977116084427449e+00, 1.391176710568837e+01, 6.352567104131868e+00, -3.606063176028179e+01, 3.891059580544251e+01, -1.367416566338858e+01, -2.118745500278395e+01, 8.984817363960792e+00, -3.027373515477687e+01, 5.295591642396749e+01, -6.510762861379635e+00, 2.552001883546258e+01, 1.467089141074437e+01, -9.133609071949126e+00, -1.546853131467426e+01, -4.060264856970677e-01, -1.738054764026219e+01, 1.479358410191587e+01, -1.463388222658714e+01, -2.234775093503309e+00, -7.795780607980045e+00, 2.695343979519630e+00, 3.349452721573962e+01, -1.465479029515869e+01, 2.439104468537029e+01, -2.393627470175737e+01, -2.370189656574663e+01, 4.645070701034413e+00, 1.104237581718895e+01, -4.715753294649899e+00, 1.412841698849192e+01, -3.139597664869473e+00, 6.400969387281687e+00, 2.748380638909310e+00, 6.523376571207704e-01, 3.271464181107540e+00, -4.910638771432050e+01, 3.225792836038013e+01, -3.304223228404213e+01, 1.960719552881326e+01, 2.134085621084348e+01, -7.977694754085321e+00, -7.801707920819051e+00, 6.658534595032493e-02, -1.505110162066149e+01, 5.657569043641293e-01, -4.231194204986288e+00, 8.772011439839338e-01, -9.725856588775795e-01, -2.573080002087641e+00, 4.729355307682199e+01, -8.172035433933674e+01, 3.318731565423282e+01, -7.576737083689993e-01, -2.713038285392792e+01, 9.456248355206931e+00, 5.866061422668511e-01, -2.215972036798332e+00, 7.992613571743106e+00, -6.367154137544189e+00, 1.399025465308714e+00, -4.940616715873217e+00, -2.173962845243738e-02, 7.495705220553246e+00, -4.486596065404808e+01, 1.147149947490496e+02, -3.808273611647755e+01, 4.368728254673173e+00, 4.886395918215447e+01, 4.637898046405079e-01, 1.107389647829796e+01, 5.533084276799294e+00, 4.394056954023485e+00, 1.460004616404651e+01, 9.482926340753435e+00, 1.059821092597911e+01, 2.358450947741960e+00, -1.804021689048134e+00, 6.596031163179713e+01, -1.023274305334664e+02, 3.277037850068046e+01, 1.764076802022031e+01, -6.585922776976837e+01, 6.930135605854627e-02, -1.301950694649046e+01, 1.196769210803629e+01, -3.911944528430136e+00, -1.823188646993447e+01, -2.590840970805743e+01, -1.187945299430407e+01, -6.124521701225618e+00, 1.506984510525190e+01, -8.491288277662927e+01, 2.799419433123465e+01, -4.037696298577012e+01, -3.818976941831961e+01, 5.390305215219853e+01, 2.735563408959155e+02, -1.502869621568772e+03, 3.497754288611450e+02, -9.199098859502079e+02, -9.264425894300780e+02, -1.858400176090401e+03, 1.153542685803527e+03, 5.847882235236352e+02, 2.693466746056566e+02, -5.583485727871647e+02, 4.352283036686375e+02, -7.316817576422726e+02, 7.913721282382626e+02, 3.054337083885480e+02, -1.290490733317873e+02, 6.340218425256202e+01, 7.013067111230431e+02, 5.722511631267764e+02, 8.127779943123580e+02, 4.747592474908930e+02, -1.660895811574835e+02, 5.566312087170014e+01, 8.022419993706741e+02, 3.113038180771503e+02, 3.114022526990086e+02, 1.598273025680141e+02, -2.388538315516714e+02, 7.385605399934693e+01, -4.234813735414101e+01, 1.658041644933393e+02, -2.338945166841110e+00, -2.099403313119573e+02, -2.601438095796888e+02, -2.354904398479937e+02, 1.601974997163406e+00, -7.200933091015297e+01, -2.438181760183055e+02, -2.672244912060459e+02, -9.732944060786453e+00, -4.892660890038341e+01, 7.286408536647041e+01, 1.609863126108936e+01, -1.099495082587550e+00, -2.435918980002780e+01, -2.006927881350179e+02, 4.043985758686210e+01, 4.715441616951870e+01, 7.956908737991004e+01, 4.029793082754226e+01, 1.721242917862323e+01, 6.079707696550122e+01, 7.895242269537188e+01, -1.568701893048085e+01, 9.610721406471376e+00, -4.418212960144622e+01, -1.540666458210627e+01, 8.333563086134264e-01, -3.091901995134098e+00, 1.470778650822186e+02, 3.212699634381578e+01, -5.120441847857445e+00, -2.528119428374908e+01, -3.601737362405023e+01, -1.630850984535196e+01, -1.740938068902067e+01, -3.168577811311373e+01, 2.059610277216315e+00, 1.292095794894761e+01, 3.248491450460641e+01, 4.744811209950206e+00, -8.065431964950289e-01, 9.735513209137487e+00, -6.608945724562170e+01, -3.444238015441121e+01, 1.093830871380631e-01, 4.060819616096212e+00, 2.602226643182410e+01, 4.263673191953155e-01, 4.866931065047900e+00, 1.633441660742040e+01, 9.983974748019767e+00, -9.434245499321966e+00, -2.041795406663364e+01, -4.378472727707977e+00, 1.322009631458757e+00, -5.308670462664818e+00, 2.937889804161740e+01, 3.299468414619177e+01, 1.316792533455272e+01, 5.901238933560862e+00, -1.777930011306934e+01, 6.421367185685774e+00, -2.331024143424280e+00, -7.176680560642730e+00, -6.266158804696421e+00, 3.476066456870520e+00, 1.278536703568755e+01, 2.515327108959191e+00, 3.582592817365719e+00, -3.413272872567663e-01, -2.236110116499884e+01, -3.608954808513698e+01, -2.398963511849665e+00, -4.464425895907829e+00, 1.093867300974101e+01, -5.967147880059256e+00, 8.357221973845538e-01, 1.295015168659822e-01, 3.439174574939898e+00, -1.263707248104877e+00, -7.912594163423083e+00, -2.387736037628136e+00, 3.320613758919411e+00, 6.720812651817767e-01, 4.479262291354029e+00, 3.944785523134934e+01, -2.523180631890755e+00, 2.373408352215584e+00, -4.418339883421976e+00, 4.021157634872070e+00, -2.494022211674358e+00, 3.232862407304152e+00, -1.018532272283776e+00, 3.690875918724323e-01, 5.608734477795241e+00, 2.883556320140734e+00, 2.546474575590238e+00, 5.422804928292202e-02, 1.080182481154778e+01, -4.542955390875309e+01, 1.301611253700611e+01, 4.322105777820091e+00, 8.287001762527406e-01, 1.484005869433535e-01, 5.866160911546870e+00, 2.958986710046436e-01, 4.636373356020443e+00, 4.189399481914379e+00, -6.473123018841790e+00, -3.109781398393380e+00, 6.722592686766516e-01, -4.271635219062287e+00, 2.012424874388110e-01, 5.527923932608405e+01, -2.003568854392551e+01, -1.284667240290970e+00, -7.252909827163783e+00, -1.318960923348484e+00, -1.071227803397063e+01, -3.275583074735740e+00, -7.937784550501468e+00, -4.568422043918417e+00, 1.012904080597452e+01, -2.156980059322953e+00, -7.231962372660708e-02, 2.376027911770326e+00, 6.754571598520295e+01, -2.326827115573860e+01, 3.591260876519615e+01, 1.705268359707450e+01, 2.517195239380812e-01, 8.189266249108817e+00, 1.901474732326634e+02, -7.178655719707847e+02, -1.725688491605906e+03, 1.582153186803070e+03, 1.712225745545920e+02, -1.570804672835229e+03, 1.422059533070957e+03, 8.395722457579238e+02, 8.808397490617976e+02, -1.230520331812266e+03, 2.585156785048166e+02, -2.937568410535249e+02, -5.620967560365544e+02, 5.198982612384217e+02, 6.631547201805621e+01, 6.738065186520091e+02, 1.058899560118448e+03, 1.032703436023562e+03, 5.915365959451340e+02, -3.350213187307157e+01, -3.713106075975040e+02, -3.434797232276961e+01, 2.287453809262061e+02, 5.099131811570002e+02, 1.193848652438266e+01, 2.539162982315937e+02, -3.341088699380057e+02, -2.264393167624611e+02, -1.137337389738561e+01, -1.157488138236063e+02, -2.171129624514738e+02, -7.502360430074353e+01, -2.539377410045756e+00, -5.070588439378255e+01, 1.855456195463941e+01, 1.369183351490207e+00, 9.164332804290996e+01, 2.605470775504694e+01, 2.848797203662677e+01, -8.080253706058076e+01, 3.073348612663849e+01, -3.083067865111975e+01, -4.109739952630346e+01, 4.052053502443762e+01, 6.526021271005346e-01, -7.195946173131517e+01, -8.511737283920992e+01, 1.745450735302954e+01, 5.669828957340973e+01, -3.233935666020211e+01, -8.165742092502232e+01, -3.841889137744264e+01, 2.453980811094336e+00, -1.651339828945262e+01, 1.086089033629766e+01, 2.052848500395582e+01, -1.418942679070217e+01, -2.977602732981947e+01, -4.939253960471004e+01, 7.224167623619188e+01, 4.530076475582344e+01, -2.944454556940379e+00, -3.780503261759483e+01, 1.344596640684412e+01, 1.096606582071239e+01, 5.588135769292819e+00, 5.049409130407864e-01, 1.503208681165061e+01, 1.216495350324798e+01, 4.166025054815821e-01, 7.745031193353880e+00, 1.740759094895780e+01, 2.365470651442457e+01, -6.105546346332221e+01, -1.527451272482200e+01, 4.500309805724261e+00, 4.128569072743361e+00, -2.641512050145765e+00, 1.165190266148640e+01, 8.530797097070440e+00, 8.942210186558313e-01, -6.961836592789759e+00, -1.339463897812788e+01, -2.307177751516692e+00, 7.654629671574846e+00, -1.190612581349398e+01, -9.758403716312424e+00, 3.938281362919381e+01, 1.141954282997686e+01, -1.095089517295776e+01, 1.001084965248522e+00, -4.023164048695545e+00, -1.663810129033678e+01, -1.210732752391800e+01, -4.594131523617662e+00, -1.024724522448833e+00, 6.171012223942249e+00, 2.017970820829472e+00, -1.768716240644670e+00, 5.213198927926227e+00, -8.261701033174297e+00, -3.022975178412783e+01, -1.793528826410014e+01, 1.544422989769672e+01, 5.469207029232845e+00, 2.528885362153136e+00, 8.424772730604607e+00, 6.744063539648805e+00, 7.864868645042112e+00, 4.612206755167924e+00, -1.489171813105887e+00, -1.631119205356883e+00, -4.654846727671067e+00, -8.444135545292996e-01, 1.589476107951461e+01, 3.083847030924247e+01, 2.428728741778616e+01, -1.967441303521996e+01, -1.100139189890477e+01, -1.224430699133609e-01, -1.371303157501421e+00, -1.589932758802954e+00, -7.804562787898067e+00, -3.692163912363943e+00, -1.378793515728669e+00, 1.232119445471611e+00, 5.820656856500895e+00, -2.875122298157726e+00, -7.027186553273767e+00, -2.455309926626787e+01, -3.829450224984107e+01, 9.642886031242695e+00, 1.947920659223806e+01, -5.363631203495380e-01, 2.306194937175483e+00, 1.018134688563733e+00, 6.619524469500745e+00, 2.944747773900680e+00, 6.602422964912348e-01, 8.044669315748653e-01, 1.005383839704826e+01, 6.453185661408003e+00, 9.996619793941189e+00, 1.013135153421195e-01, 4.086849350565220e+01, 4.134081461937081e+00, -1.936699271535100e+01, -1.386212095568795e+00, -1.468862805937117e+00, -1.334359388561388e+00, -2.502009873449441e-01, -1.074154311555141e+01, -7.292215691119422e-01, -4.905345120751323e+00, -3.730365346960375e+00, -1.335571336074608e+01, -3.751683463520966e+00, 6.555530157355918e+00, -3.757030618012013e+01, -1.358877014857658e+01, 2.464872652715370e+01, 8.274624003329548e+00, -1.528035929319892e+00, -1.286803829536186e+03, 3.239019552215950e+03, 1.382527206964466e+03, -5.383852852793785e+02, 1.419630135612872e+03, -2.771239663711224e+02, 1.334578643291825e+01, 1.514909962401228e+03, -2.317770882436826e+02, 5.267482439359503e+02, -1.219570912734479e+02, -1.529316966132784e+03, -8.674462505194923e+01, -3.515924109259573e+02, 2.166677494953482e+02, -7.042811181625545e+02, -2.003651598911926e+02, 3.006700366885115e+02, -4.140152965122973e+01, 8.937442044032734e+01, 3.275954333408457e+02, -1.916130549359603e+02, 5.036590070100332e+02, 1.025911486006107e+02, 3.386353177568778e+01, 1.985749042679776e+02, 2.807251092818718e+01, 3.099364069368256e+02, -5.024922105887799e+01, 2.658649818993819e+01, -2.398421144531355e+02, 1.343631397004154e+02, -8.398888633735884e+01, -1.440375578462517e+02, 1.225150097615379e+01, -5.828528468989832e+01, -6.137808364177528e+01, -1.320351955929566e+02, -3.957545606493888e+01, -5.644665844272996e+01, 1.386479876988278e+02, 6.223803882155945e+00, -2.083712303599904e+01, 1.421688588834244e+01, 1.109250982744930e+02, -5.896882080509061e+01, 3.088189238738519e+00, 3.618878276967520e+01, -4.426117992680952e+01, 4.222233616515609e+01, -2.818607078138260e+00, 2.383272005467516e+01, 1.849890262628546e+01, -2.134094553340527e+01, -4.206412300853438e+01, -4.129922579507030e+00, 7.365269714623655e+00, -5.069336523530273e+00, -1.639464898425775e+01, 3.987573289062906e+01, 7.155343854975779e+00, -1.554806513422327e+01, 8.379843412200810e+00, -1.449280705067522e+01, -4.177896224859386e+00, -1.125767700886162e+01, -2.928343992968207e+00, 9.631281297822577e+00, 1.323240870477892e+01, -2.547984759184307e+00, 5.703481848173493e+00, 2.569238609772022e+00, -1.351950457076584e+01, -4.087880327868042e+01, -6.616215152914354e+00, 4.295339600969605e+00, 3.572654065406410e+00, 1.852767305011467e+00, 5.332824913478672e+00, 5.014168528641324e+00, -2.750510483753520e+00, 4.557915601518703e-01, -4.033729204430196e+00, 2.088739469151943e+00, 1.926951048771046e+00, -1.319103974312406e+00, 2.375960322805093e+01, 2.824467539622419e+01, 1.029633532611298e+00, 2.724735351049619e-02, 2.494886589479676e-01, -3.299351839635268e-01, -4.573960871525616e+00, -8.434923559269678e-01, 2.167639764694573e+00, -4.639833006313240e-01, -1.109131313363249e-02, -1.498618868394495e+00, 3.243563040358093e-01, 2.565233753486937e-01, -2.324155385367789e+01, -1.197267868016135e+01, -2.279850172735190e+00, 9.001414129824890e-01, 2.199512567207381e+00, 4.373248236293565e-01, 1.168504353316702e+00, 2.680538576885484e-01, 1.362151631485506e+00, -2.725760076148238e-01, 1.737683919218602e+00, 9.504440404314123e-01, 7.001420810271435e-01, -6.259916438202502e-02, 9.641692781661297e+00, -7.824239167678567e+00, 1.642811783761317e+00, -3.679989963853744e+00, 2.957498177478512e+00, 9.115974778982086e-01, -3.891412254414097e-01, 3.626247848581389e-01, -3.004065367732472e+00, 1.670728027713228e+00, -4.847518345292614e+00, -8.738072892521767e-01, 1.933697378908398e+00, 8.404665872040469e-02, -9.245658460051304e+00, 4.042276325964374e+01, -1.337644836933521e+01, 9.026570821255500e+00, -8.014535181156878e+00, -1.844369546596492e+00, 1.585199897388059e+00, 5.271079692233370e-01, 5.241964676557172e+00, -2.511118665573080e+00, 6.220968253701600e+00, 2.393146017483637e-01, 8.143489675338762e-01, -3.245147606516556e-01, 2.224475637696792e+01, -6.868425684046746e+01, 2.449377548882639e+01, -2.520095865691316e+00, 2.088681856575876e+01, -2.503882187245877e+00, -2.212362662205437e+00, -4.141985951081383e+00, 1.279959157540746e+00, 4.210343919662611e+00, -8.328641600258759e+00, 2.050048951842667e+00, -1.894538915062776e+00, 1.428864917302573e+00, -4.252827187267721e+01, 8.735971027030727e+01, -2.744348815692325e+01, -4.636142257247226e+00, -4.014041609816231e+01, 5.818431997244081e-01, 3.917543229009381e+00, 4.059825835651855e+00, -2.457892391217540e+02, -2.382494813430930e+03, 5.380765553122286e+02, 4.681943935236224e+02, -4.637900124527018e+02, -1.075759599183349e+03, 6.916266704198348e+02, -1.209347942161746e+02, -1.691729706684388e+03, -1.319183046908121e+03, 5.185009307472859e+02, 2.323885357015041e+02, -9.517225511212051e+02, -2.335936329920991e+02, 3.318792732076137e+01, 4.949169681166435e+02, 5.803674731771754e+01, -2.322830626852131e+02, 4.523245887609929e+02, 5.550967339115182e+02, 4.890377570066526e+02, -1.793068877985801e+02, 2.959223245666595e+02, 6.587304072056448e+00, 4.978823317632941e+01, 3.112522788965380e+01, 2.751060334928695e+02, 1.266617597718200e+02, -5.872767150896912e+01, -9.838665182316082e+01, -1.174053975609618e+02, -1.192627974601612e+01, -4.421430955150247e+01, -9.736429459985666e+01, 7.335636789823266e+00, 8.698437953722960e+00, -7.007462818273456e+01, -6.612650785458081e+01, -5.307239556277101e+01, -6.135837481533207e+01, -5.399343767321826e+01, -3.889707382962940e+00, -2.679989643202138e+00, 3.064653868328848e+01, 9.942659289015316e+00, 5.907567303987407e+01, -3.753495294267741e+01, -3.771758585369161e+01, -5.337420724285919e+01, 5.090869262702887e-01, 2.501106116594923e+01, 3.563857795007357e+01, 2.755176912097479e+01, 1.421285779381314e+01, 3.816546048287199e+01, 3.782412643919605e-01, 5.702524805275361e+00, -2.376341138590663e+00, -1.115990020823695e+01, -1.031452878892404e+01, 5.780895338852392e-01, 4.105377815480947e+00, 1.610847156546951e+01, 7.183754979589304e+00, -1.248184038288510e+01, -5.479455034530060e+00, -9.004104280715127e+00, 4.484165389205246e+00, -3.767109824218466e+00, 4.136609299511812e-01, -2.145331511314554e+00, 2.838717060282623e+00, 2.213029657797294e-01, -1.371128529146751e+01, 2.499017272574639e+00, 2.189367974313269e+00, 4.684361069702461e-01, -1.276813575753390e+01, 4.260516217073842e+00, -3.616287470474262e+00, 3.908119409798987e+00, -4.768870560878837e+00, -1.479545869341597e+00, 1.176616548757918e+00, -4.161412861513293e+00, -2.509242623615172e+00, -3.345306380752178e+00, 1.841415865618400e+01, 9.402949630394622e-02, -6.209367183718480e+00, -1.725961494368016e+00, 7.320101259264643e+00, -4.310270477571578e+00, 1.574217439005970e+00, -2.919601820323893e+00, -5.666120045884292e-02, -2.125663397426797e+00, -2.984198280597269e-01, -2.916284186186798e+00, 5.050096177848854e-01, 1.599846433745676e+00, -1.006340996643579e+01, 5.736570746833291e+00, 5.413946701677329e-01, 2.332230466714334e+00, -3.179382132927657e+00, 1.473361047241328e+00, -2.025845475796783e+00, 4.354825402129982e+00, -1.573842567620147e-01, 2.389174215111477e+00, -1.378016712149931e+00, -1.285476770918199e+00, -3.792722146965290e-01, -2.403670012575578e+01, -4.074414772833631e+00, -7.604505758049577e+00, -1.371489145325531e+00, -7.491779906608301e+00, -4.213642760353079e+00, 1.719711874687409e+00, 9.133344630462409e-01, -8.003278312354619e+00, 5.416593141127622e-01, 1.656561174076771e+00, 2.058831214383094e+00, 4.696690190019472e-01, 4.997601982441959e-01, 2.175186846783100e+01, 1.085917966761674e+01, 9.624257574239662e+00, 4.658494490813668e+00, 1.830726868268204e+01, 7.495477892763356e+00, -2.937417095768123e+00, 6.178331790413758e-01, 5.011793113850923e+00, -1.881199637191672e+00, -6.410053311605923e+00, 1.463715268553315e+00, 4.057702824182837e+00, -5.101246269469617e-01, -4.198856898042782e+01, 1.734318103968389e+01, -1.898862565498861e+01, -1.145993899401059e+01, -1.263034273866542e+01, -6.952807184500209e+00, 5.165203016552089e+00, 5.714053542278458e+00, 1.133661006481659e+00, -6.684395570212059e-01, 9.298938198368013e+00, -5.882958488318610e+00, 1.018302537717551e+01, -3.188456073315982e+00, 2.268103167854147e+01, -8.792683429613353e+01, 2.283646525137309e+01, 3.849984189320433e+01, 2.944802196262226e+00, 1.552270295301728e+01, -3.244648005567240e+00, -7.492082384236968e+00, 7.097406701294697e-01, 2.249919468480605e+02, -6.852253239226951e+02, -5.571941583872004e+02, 2.252676592548811e+03, -9.214832648896537e+02, -1.337469298248713e+03, -1.458112603490163e+03, 3.017205437132885e+02, -3.929574848643332e+02, 9.517617682745919e+02, -4.760011087405373e+02, -1.540616812323596e+02, -1.260964047368216e+03, -6.908036975052677e+02, -1.529975781315025e+02, 2.720709158510632e+02, 8.472217140754335e+02, -7.085278908079970e+02, 6.687676483430189e+02, 3.699558556042406e+02, 1.068632631530147e+02, 1.877127791519701e+00, -1.762781004370150e+02, -1.004846848581041e+02, -1.602521493486780e+00, 1.493672269358113e+02, -1.157057950842502e+02, -8.630560725309640e+01, -4.952313581648072e+01, -1.295653163609502e+02, -3.543475695685990e+02, 5.880508360649882e+01, -9.690413869512041e+01, -1.220443237432873e+02, 2.533185524011152e+01, -1.134046024737767e+02, 4.580060702124039e+01, -8.032927813371541e+01, -2.901259752843103e+01, -2.031448272895918e+00, 4.316234324054291e+01, 1.676520999983303e+01, 2.709713407062972e+00, 5.826004748946156e+01, 9.682191729840878e+01, -1.076185053843212e+01, -1.417848569563042e+01, 1.730099901908529e+01, -1.892256841344442e+01, 9.718729739124898e+00, 2.464254893586873e-01, 3.489990157444505e+01, 1.353958273305301e+01, -1.731931105955652e+00, 2.110692566837560e+01, -2.073497383657536e+01, 3.746954644642317e+00, -3.297273418889665e+01, 6.828976963866809e+00, 2.197334741743342e+01, 2.218355868111734e+01, -3.504416448675267e+00, -3.393039840880990e+00, 1.393288314589471e+00, -4.670455976144318e-01, -1.720654390633227e+01, -2.220487808521100e+01, 2.509481143586651e+00, -1.157137240147691e+01, 1.357486204641924e+01, -1.468140918393635e+00, 7.069973668882228e+00, -3.757335771119698e+01, -2.678739894844029e+01, -3.117752405647174e+01, 8.755251130752245e-01, -1.713643410363635e+00, -7.677810895536217e-01, -7.061989326971569e+00, 4.530016692657522e+00, 9.204677303477684e+00, -6.426406966496027e+00, 2.854065062905105e-01, -3.532493384939653e+00, -1.803989589814575e+00, -4.617533845214625e-01, 3.947067690263935e+01, 2.486642192514436e+01, 2.745054340270920e+01, -4.365077031381324e+00, -5.866351590681843e-01, -2.366046502659384e+00, 2.704355107308922e+00, -3.743379956007344e+00, -1.332403590812495e+00, 4.306485873460561e+00, 2.357332524749862e+00, 8.117591010483663e-01, -3.416807516038449e-01, 2.042934695670726e-01, -4.142338727717688e+01, -2.344972347371642e+01, -2.332920946362534e+01, 4.255263529694855e+00, 1.980386713681972e+00, 1.515595008123368e+00, 3.827942005349471e-01, 2.589817970981432e+00, -2.231798424700553e+00, 1.869089926525404e+00, -2.788046839499577e+00, 7.647541194456142e-02, 5.025052523502614e-01, -1.834552470109161e-01, 3.769217179443331e+01, 1.980450838434607e+01, 2.760412847693718e+01, -2.655517997661467e-01, -9.291984345780843e+00, 4.689660201734190e-01, -2.216047055351643e+00, -3.684586702778977e+00, 2.633718091774340e+00, -4.316494273417912e+00, 2.217763218102598e+00, 2.567205526821915e-01, -4.101154928408414e-02, -8.531528129849297e-01, -4.146188280964340e+01, -2.164560271606920e+01, -3.801755128881324e+01, 2.325044832502591e+00, 8.260748461116741e+00, 1.135160770002720e+00, 5.487061827992620e+00, 3.719127884619482e+00, -4.531823776386957e+00, 1.097127109104513e+00, 3.354806145279474e+00, 2.164662703054232e+00, 4.719195916513955e-01, -8.881873208516464e-01, 1.943849644265301e+01, 2.475777738233728e+01, 5.801253044232691e+01, 2.970320159477988e+00, -1.594088550066940e+01, -2.098681069786347e+00, -1.679012347994567e+01, -4.812725084721384e+00, 3.026436398382747e-02, 9.389346920237113e+00, -7.600975038284667e+00, -9.707157902573119e-01, 4.111887892931973e+00, -9.267635465284747e-01, -6.393851977015314e+00, -3.049407745433384e+01, -4.741199526241306e+01, 1.196077015880150e+01, 3.517300215677554e+01, 1.217148218270400e+00, 2.659501507641534e+01, 8.449345909654005e-01, -7.573049124502791e-02, -1.101787335222605e+01, 5.654574874530159e+02, -2.736905590332182e+03, 2.054047866506475e+03, -6.032042015005544e+02, -2.422815034997355e+02, 6.297197758570138e+02, -1.957883439748734e+02, 1.263446320415183e+02, 1.521152103185437e+02, 4.012513354548138e+00, -2.212128212635148e+02, -3.376485378373096e+02, -7.208093415810968e+02, 4.790248659788130e+02, -8.328751617511379e+01, 9.160431363016777e+02, -5.874647959616218e+02, 8.851882064056221e+01, 8.373250524436581e+01, -2.298793425582973e+02, 1.746391985795914e+02, 1.972616004071164e+02, 2.462904888798252e+01, -9.284298217706760e+01, 6.915041072155718e+01, 4.112744484696786e+01, 2.232630221614304e+01, 1.704552923117895e+01, 5.752946246281455e+01, -3.029274407402931e+02, 2.311315301790411e+02, 1.886696193568054e+01, 2.497723907545934e+01, 6.000090144062301e+01, 5.000394380169975e+00, -8.056689014605134e+01, 2.246133774677222e+01, 5.779186850109647e+01, -1.263869059201884e+01, -2.902866668575355e+00, 1.111554310720004e+01, -1.905197506337995e+01, 5.016912506755251e-01, 3.965500337863548e+01, -1.224825914123243e+02, -6.045777531958126e+01, -5.655548566018965e+01, 3.593596580591496e+01, -1.811568018986636e+00, 2.660002882737144e+01, -3.239971343191011e+01, -1.423843123641868e+01, -2.441501463924415e+01, 1.727917704151326e+01, 1.143888916473080e+01, -1.110679732904199e+01, -1.395598629544409e+01, 9.449061829701099e+00, 6.263462430331231e+01, 4.206118375709026e+01, 2.336952021427297e+01, -2.609175888560475e+01, 4.677092810291962e+00, 1.695766043771737e+00, 1.291163344263172e+01, 1.026721640300550e+01, 1.106985564048843e+01, -1.592029127852555e+00, 4.234481475685536e+00, 1.862875621442628e+00, -2.836737640627958e+00, -6.558844492158163e-01, -7.116887275987677e+00, -1.334375449868168e+01, 7.054450892184626e-01, 1.146076099930411e+01, -2.392317524009192e+00, -4.402400083498540e+00, -5.427264152209561e+00, -7.176946520979896e+00, -1.188301861665754e+00, 4.595985957247940e+00, -1.570184744907433e-01, 2.116973095804049e+00, 1.710414936484081e+00, -1.563532006080936e+00, -6.992455381212617e+00, -2.168950764670352e+00, -1.293467752282659e-01, -7.258411672608129e+00, -1.919682766558159e+00, -4.203202778956523e-01, 4.060530775884621e+00, 5.841246560829785e+00, -2.268680108040964e+00, 8.786060804679971e-02, -4.511589015711915e+00, -2.154618899830367e+00, 1.571158566665701e-01, 2.431786559170422e+00, 1.051844151768539e+01, 2.270338313413525e+01, -7.775815246146772e-01, -1.408082960073907e-01, 7.236199372379070e-01, -2.152711243014431e+00, -3.825225137003061e+00, -2.953538312427952e+00, 2.719267448503531e+00, -3.149885559654890e+00, 3.433925682738654e+00, 1.078831094561843e+00, -2.040689433633876e+00, -1.421888218818099e-01, -1.028573711855566e+01, -2.669696551707118e+01, 3.063532727212075e+00, 5.054119296363106e+00, -4.788896190508054e+00, 2.035288390406362e+00, 3.765131930671576e+00, 4.325881614710209e+00, -2.869000431604312e+00, 1.856017998715672e+00, -1.434159392654332e+00, -1.213763244703036e+00, -9.076926673734048e-01, 2.245662263233455e+00, 1.530795934801744e+00, 1.307305540075819e+01, -9.881629914769620e+00, -8.342181416437613e+00, 1.462490523402492e+01, -3.395181738684766e+00, -2.886886963782097e+00, -1.105750457192240e+00, 8.858847316384935e-01, -3.298568435915569e-01, -7.046535920398950e-02, 1.218287642026739e+00, 3.871891128992054e+00, 4.393870082062646e-01, -1.630766064033203e+00, 7.631747126436780e+00, 7.801495351220613e-01, -5.115404360809178e-01, -3.474608088917166e+01, 1.010080535808241e+01, 7.612835213274010e+00, -1.436840329508840e+00, 6.179094535703945e+00, -1.948646182791199e+00, -2.663553664633679e+00, -1.348696419279413e+00, 1.953059427427355e+00, -7.090179285874187e+00, 4.982939899132447e+00, -4.936969063780947e+01, -5.403513634767070e-01, 4.490889965745547e+00, 3.802109542186700e+01, -1.617172461473823e+01, -6.933087975433190e+00, 9.893342645544401e+00, -7.151719331582943e+00, 1.171300126392278e+01, 5.926836618637722e+00, 5.637494141147524e+02, 8.895831838282884e+02, 5.513818157454735e+02, 1.491936450516670e+02, 6.220279847138755e+02, 1.014006658627499e+02, 1.260439009716596e+02, 2.977133416667850e+02, 8.743763613536652e+02, -4.707156696157187e+02, -2.478389655170986e+02, 2.027570194917342e+02, -5.549980977076005e+01, -2.796220865240249e+02, -1.918947331420835e+01, -7.447490755208132e+01, -5.181247286052786e+02, 6.259061715294627e+02, 9.958374177850901e+00, 4.305277910026729e+01, 1.568905490035246e+02, -5.391544446557256e+01, -4.769120289583702e+01, -6.096043831289453e+01, 1.671146022027261e+02, 2.143489069411981e+01, -9.799728135006245e+01, 2.995230218879256e+00, 2.622307638895495e+01, -5.751578797565880e+01, 1.537573832782928e+02, -1.454519592311568e+02, -2.907115287317126e+01, -1.088370345814956e+02, 3.255010706313380e+01, 3.493518576296049e+01, 1.661911643392214e+01, 7.767503543779034e+01, -3.646500752984279e+01, 5.864068417918660e+01, 9.289176516764435e+01, 2.109521860246459e+01, -4.253380434115959e+00, -3.983018808328433e+00, -1.214115807319046e+01, 9.181335316148772e+00, 5.176577970900355e+00, 1.552884923220877e+01, -1.948461001552467e+00, 7.451700175414082e+00, 1.388701462643520e+01, -3.172236883491491e+01, 1.996495175879847e+01, 2.266954739429593e+00, -4.177529834800458e+01, -1.262481312698932e+01, -2.071834167056510e+00, 5.559687015416536e+00, -2.733601347117084e+01, -7.631462877688841e+00, 1.480209889477331e+01, 6.314670016564920e+00, -7.040696710516962e+00, -9.091326759475265e+00, -7.564209527257450e+00, 4.299095928357684e+00, -1.468865212946404e+01, -1.167427736709866e+00, 1.339503273351465e+01, -4.619946065528619e-02, 4.931760603292330e-01, -3.846934549865956e+00, 8.868392959430931e+00, -1.873065699507322e+00, -6.137036450241080e+00, -3.059398544945081e+00, 4.666209473835408e+00, 3.894928418190486e+00, -9.274440823325869e-01, 1.238325099695569e+00, 8.498244342859277e+00, 2.101940236785832e+00, -3.206847561275231e+00, 4.001159568783073e-01, 3.736043966964878e-01, 1.325559963851195e+00, -3.930054561717109e+00, 1.084616295792970e+01, 1.571895377289830e+00, -8.295471949976370e-01, -5.582692528464535e-01, -2.387048252032783e-01, 3.004292839191814e+00, 8.737247810561903e-01, -4.403032581590915e-02, 6.569785645494055e-01, -8.839384760640578e-01, 2.249581760855987e-01, -5.100585472955627e-01, 6.154415746465559e-01, -1.663692895822195e+00, -8.118377967419844e+00, 3.547227894768845e+00, 5.198804542709564e-01, -5.646866306942316e+00, -1.010369512965588e+00, -2.246278186265497e+00, -1.446541199739784e-01, -1.651842516977844e+00, -2.880849768690027e-01, -3.371267346365800e-01, -4.820708665415913e-01, -1.022688331955847e+00, -5.415697260861813e-01, -8.950060285004612e+00, 3.853298220793550e+00, -3.174839805718926e+00, -1.087169991198178e+00, 1.107096860476708e+01, -6.387193546138950e-01, -7.686046269661142e-01, -2.226437968318665e-01, 6.719658079947968e-01, 1.697864053473996e+00, 1.261853505641196e+00, -6.002821538678174e-01, -8.139131457877624e-01, 1.706020214392831e-02, 1.029804993573461e+01, 1.540187115256536e+00, 2.690894210181968e+00, 2.258093464436159e+00, -1.002430920058321e+01, 3.479924975591814e+00, 2.074417014489983e+00, 1.098566294354938e-01, 2.791399738449642e+00, -2.152952367569339e+00, -2.277957591423867e+00, -5.601104596808486e-02, -5.843738642839792e-01, -6.545819586892876e-01, -6.613517169325726e+00, -4.355211912247102e+00, -1.101434409216052e+01, 4.694321903555098e+00, 1.203091803916476e+01, -7.898741290625355e+00, -2.567081112513493e+00, 1.420318685128585e+00, -7.727101592045486e+00, 3.205376328650709e+00, 6.224629526102010e+00, 4.012539189843204e-01, -1.670094400016590e+00, 2.313423380118952e+00, 1.174001602573154e+01, -2.281721699309924e+01, 4.583856072191851e+00, -1.066679499158809e+01, 2.407003144217077e+00, 1.280808803039156e+01, 4.605873122727189e+00, -7.298899083906176e+00, 9.453510703335160e+00, -7.251729820374463e-02, 7.700858995444624e-01, 4.230813513472425e-01, 2.728891495365056e+02, 1.309140807403034e+02, -1.204057230143172e+03, -4.818430708954220e+02, -3.784421952978325e+02, 5.958276521924757e+02, -8.938490347201929e+01, -3.027148241886862e+02, 5.018141467989615e+02, 8.346417289265082e+01, 9.103599853152951e+01, 2.265074920584338e+02, 2.474446053897803e+02, 3.672593260462426e+02, 1.165330930502642e+01, 3.103858514464853e+01, 4.870486169771078e+02, 1.178517550505486e+02, 2.245065565610415e+01, -6.425564480078798e+01, -1.112757450758285e+02, 1.724243289253285e+01, -8.038102551572837e+01, -2.219135501864802e+01, -3.495534095688180e+01, 4.256741317466692e+01, 4.207281742646605e+01, 2.257688910048683e+01, 2.717046824297326e+00, 4.974285340777562e+01, -8.629189195347981e+01, 2.085661324633197e+01, -3.839970547085475e+01, -7.716452212209844e+00, 2.288601315622065e+01, 5.587066028371360e+01, 1.073522642351485e+01, 3.560782230950213e+01, 2.688747353363948e+01, 2.316419800559428e+01, -2.416276983736739e+01, -2.377211846417132e+01, -6.952753303562293e+00, -1.192896178396736e+01, -8.316758275261025e+00, -2.937790903997594e+01, 1.293320148886923e+01, -3.028963434561878e+01, -1.679764769877763e+00, -2.467904031955832e+00, -1.333263433770088e+01, -3.433988990480677e+01, -2.013584945368171e+01, -1.446992369238851e+01, 8.407806992624659e+00, -1.761670163614682e+00, -7.361329381860194e+00, 5.347104913086974e+00, 1.576495059837055e+01, -4.766991946516715e+00, -1.035962686664545e+00, 1.053232672810557e+01, 1.315266557478779e+00, 3.237170352454675e+00, 3.295700042693535e+00, 4.402787869476407e+00, -2.858311420526371e+00, 2.128015289890868e+00, -3.322965481831300e+00, 4.448688009043453e+00, -3.802456061072880e+00, 1.679309129844373e+00, -1.792323597247501e+01, 1.393186778482497e+01, 1.049014637679872e+00, -2.615274547903798e+00, -7.638325851205336e-01, -4.100794097325999e+00, -2.541670312430634e+00, -3.720117500689880e-01, 1.854344796650003e+00, -3.118768632048679e+00, -4.262858843910495e-01, 2.258254152221072e-02, -1.957522382209298e+00, 1.931073640767934e+00, 1.036133393467429e+01, -6.543018798345409e+00, 2.085570264776582e+00, -3.128099947352715e+00, -1.376774680001541e+00, -3.667335104772704e-01, -1.277399659758812e+00, -2.936295384865357e-01, 2.461622871568355e-01, 1.721384982080828e+00, 1.802091846925899e-01, -8.296896016660815e-01, -1.501565168755677e+00, 8.464610251102241e-01, 9.525814452853172e+00, 3.370936175825996e+00, 3.468100543213632e-01, -7.031047344766725e-01, -2.595092912092476e+00, -7.493580177846505e-02, -1.740262923155430e-02, -3.850548814690285e-01, -6.416709668082752e-01, 1.306682113016239e+00, -2.607069975883745e-01, 2.357320043543857e-01, -1.556131501250030e+00, 9.738791715111739e-01, -2.903056917462669e+01, 8.713149620877875e+00, 1.312937334773053e+00, -1.982835583296190e+00, -2.381152297326558e+00, -6.915815550588962e-01, -1.476472397715753e+00, 2.551115911381244e-01, -1.520652200624714e-01, -2.243291661678744e+00, 1.395654537875415e-01, -3.602852952975844e-01, -1.692879522493146e+00, 2.137917547131371e+00, 2.258904909059250e+01, -5.170163818267019e+00, 1.956134457686885e+00, -2.060205643238457e+00, 6.025895013746400e+00, -2.301705325182366e+00, 6.133078083794534e-01, 1.065030231351271e-02, 3.620532878272770e+00, 6.415143190813409e-01, -8.606951647999290e-01, 1.822651313370591e-01, -9.296168533877825e-01, 1.288235835076194e+00, -2.208130040757135e+01, -7.322907216789146e+00, -3.314672860609287e+00, 2.419666763884410e+00, -9.954408898583898e+00, 5.326735065747660e+00, 6.510846437562442e+00, 1.029549368990763e+00, -2.604127952232727e+00, 3.708414952197506e+00, -7.639163077541047e-02, 3.760510343020294e-02, -2.039399838640419e-01, 1.238002436502743e+00, 4.844828499408396e+01, -1.808146361896612e-01, -2.508948673663140e+01, -4.120529568976761e-01, 1.446854825842843e+01, -4.509816292977376e+00, -7.333541047527131e-02, 2.545781040225370e+00, -7.180774343788919e+00, -2.441678566682588e+00, 3.655223005881507e+00, 2.642885475480139e+00, -2.929337556700371e+00, -3.360280285918057e+02, 1.222570234874902e+03, -2.768436664151553e+02, 4.625678788309984e+02, 2.853461162996824e+01, 2.324620798505526e+02, 4.314707904882783e+02, 4.168033210358803e+02, -2.803311733829511e+02, 7.132518319777836e+01, 1.196600421172679e+02, -4.080269165238405e+02, -1.566001013096070e+02, 1.175652124299167e+02, 5.639347452115953e+00, -2.935527042325335e+02, 2.017253831904624e+02, -2.614500873831536e+02, 1.311051013113826e+02, 1.282726249418706e+02, 2.349212554411047e+01, -2.359044000166457e+01, -1.240948824501041e+02, -7.620366837959742e+01, -1.271144673657848e+02, -1.627963361149362e+01, 4.611275354050430e+01, -1.508461606783253e+02, 2.355062642591397e+01, 2.581221366133686e+01, -1.000084112061372e+02, 8.598599467107749e+01, 3.362720488705969e+00, 2.660499303559317e+01, -2.387649074973782e+01, -9.722952416516167e+00, 2.588685484776018e+01, 1.393028669852361e+01, -1.231856141665643e+01, -2.602182072578691e+00, 6.660902658747061e-01, 5.042375893439383e+01, 7.927502554191169e+00, -1.604633215664811e+01, 4.834395378292339e+00, -2.923582981974335e+01, -1.203180526882631e+01, 2.086150868595550e+00, -2.021035938988278e+01, -6.519562150835173e+00, -1.174798991777087e+01, -1.928478065387588e+01, 2.023023910129406e+01, 3.983503599858550e+00, -1.802031655334038e+01, 9.022406295005766e-01, -1.394553068248774e-01, 1.303995780684225e+01, -7.374934454728309e+00, 6.666692536255817e+00, -3.634083363068034e+00, 4.759125315946124e+00, -1.069031027766996e+00, 2.208068267103098e+00, 2.308590048086089e+00, 1.375960105955703e+01, 1.682852943323575e-01, 3.948008281893720e+00, 5.716508556834365e+00, -2.461737537950825e+00, -1.116791567042605e+00, -5.859637803722961e+00, 1.233253810441247e+01, -2.579165272923583e+00, 5.453611769186830e+00, -8.343844936460787e-01, 2.782237813399310e+00, -1.515981548621260e-01, 6.875898784468645e-01, -6.184670533100545e+00, -3.308133781356811e+00, -5.199163066094606e+00, 3.171484236370938e+00, 1.509022297089185e+00, -1.714862825717313e-01, -9.869430471010917e-01, -6.647275586076832e+00, -6.714802822278556e+00, -6.640304093087933e+00, 6.510134841206137e-01, -8.322919229012842e-01, 9.240828002118765e-01, 4.172693639261751e-01, 3.813364174727232e+00, 1.440524156907865e+00, 3.062231931034185e+00, -2.577147426381275e+00, -1.257463449273853e+00, 1.186574246852155e+00, 1.476586864447848e-01, 7.215142385612420e+00, 1.756420435032263e+01, 7.530413609478939e+00, -3.230936831305239e+00, -4.049188088273663e+00, -6.432771826801845e-01, 6.182360942145931e-01, -9.290472265921398e-01, -5.682130915349362e-01, -3.707181707016138e+00, 1.533380442689193e+00, 1.751636145331092e+00, 2.468901586029466e+00, -9.822086171908557e-01, 2.939719806053696e+00, -2.384802593527064e+01, -3.063204899433706e+00, 6.360205427051485e-01, 6.367773374855650e+00, -9.984894264640289e-01, -1.381343271432034e+00, 3.496826677749893e-01, 1.538228522603439e+00, 2.041543462996526e+00, 1.644084588907130e-01, -1.074995099138154e+00, 2.229140005430180e+00, -5.416815158803127e-01, 4.186185605264999e+00, 1.777186356268781e+01, -4.342654850001422e+00, 1.580509312546069e+01, -1.234883776836385e+01, 6.406259729398586e+00, 1.021779768624858e+00, 6.195169920677762e-01, -6.106190973259409e+00, 9.579519775168613e-02, -3.734929245585643e-01, 1.427798215207012e+00, 1.182120267335725e+00, -3.921266375303260e+00, 2.263458026635364e+01, -9.297938806393324e+00, 8.693894000278672e+00, -2.420843184161951e+01, 1.897120953812887e+01, -1.055117709580654e+01, -2.598652150769279e+00, -1.382400550245061e+00, 4.965834462332927e+00, -7.388321034230327e+00, 1.667682464328113e+00, -1.998212180895230e+00, 1.875301361748302e+00, -5.871634035157169e-01, -4.834906494819263e+01, 1.992659842223383e+01, -7.382503550720367e+00, 1.239980629865607e+01, -2.444201661119347e+01, 1.005841443282064e+01, 1.183331685641771e+01, 2.784979078060082e+00, 3.752932172471434e+00, 7.276301382236008e+00, -2.487245809464746e+00, -1.678361460478726e+00, 9.808306092004874e-01, -1.927673469804554e+00, 1.834357805785382e+03, 1.435519959163768e+03, -6.184602176536348e+03, 5.417930870479677e+03, 5.147181136372581e+03, 3.460401547501269e+02, -8.909765771420354e+03, 2.652099834940680e+03, 4.233015399384513e+03, 1.171079840761497e+03, 1.816400818165736e+03, 3.533834210217554e+03, 4.596782389109396e+02, 9.846882626227413e+01, -4.987333943100733e+03, 2.452512690793424e+01, 7.354835416942945e+03, -2.781510493209662e+03, 9.550179816152801e+02, 6.591227017386134e+02, 3.305144446458548e+03, -2.695588000056725e+02, -1.320452617037310e+03, 1.212410566929746e+02, -1.333641780979458e+03, -1.452623368646869e+03, -3.316137861309563e+02, -1.439464650735104e+02, 1.313755484494637e+03, 3.022760503619426e+02, -3.774698551314641e+03, 1.301532305109698e+03, -1.092131794081038e+03, -2.809921860471609e+02, -9.398239616785439e+02, -6.670850040558821e+01, 8.125015844629021e-01, -6.016588766770487e+02, 5.458014508549095e+02, 3.906767053721026e+02, 1.652813373254600e+02, 3.071500596389418e+02, 5.758429346698048e+02, -2.347153010071899e+02, 1.651208391068142e+03, -4.916877184674979e+02, 5.225307996357543e+02, -1.341627967335801e+01, 1.419325869523959e+02, -1.125851597603313e+02, -1.614167970825444e+01, 3.451051788376524e+02, -2.245662687271247e+02, -1.270266064461159e+02, -2.579987249887304e+01, -2.461897218510518e+02, -2.200354321401833e+02, 7.678361479148603e+01, -6.987377187916627e+02, 2.588828093624580e+02, -1.249384492865691e+02, 7.124144731966474e+01, -1.757020529808793e+01, 1.208285218732668e+02, 2.640886220611090e+01, -1.655048093675650e+02, 1.167855222682593e+02, 9.176030620173911e+01, 1.053283749015217e+01, 1.286138606634570e+02, -8.938149314744535e+01, -3.606873258039813e+01, 2.958219873559181e+02, -2.057867330828328e+02, -6.438178967647713e+01, -6.559517523224538e+01, 2.786828259003975e+01, -8.756768652023831e+01, 1.817184483936492e+00, 9.983037765756318e+01, -4.438336043653291e+01, -6.723886338949234e+01, -1.745083143018155e+01, -6.523667063569557e+01, 9.594519497917219e+01, 1.594109021707959e+01, -1.144800876803839e+02, 1.967249230439853e+02, 1.250839885123148e+02, 5.693514257087143e+01, -3.498963956941950e+01, 8.584544772721667e+01, 1.128329747452446e+01, -5.214914278402234e+01, 2.867496382912323e+01, 6.011448015891163e+01, 1.632021439236254e+01, 3.678431149651169e+01, 2.113356287206875e+01, -7.505679705667728e+00, 9.466050766248031e+00, -2.099447518909219e+02, -1.542339009507198e+02, -4.829839441944537e+01, 4.832834841382360e+01, -8.381829889410164e+01, -1.666491382627648e+01, 3.232229840086210e+01, -2.043157551291305e+01, -5.786675749624926e+01, -1.319182214360351e+01, -2.264275699447307e+01, -8.512869824233873e+01, -1.584991245166299e+00, 5.088652395929981e+01, 2.472919507524101e+02, 1.857411778143017e+02, 2.962952659762831e+01, -6.966069210057118e+01, 7.923974970193396e+01, 1.630842957749185e+01, -3.128897456367068e+01, 1.622207768245429e+01, 6.346861419314794e+01, 1.154800743159457e+01, 1.892477473996774e+01, -1.169743809230301e+01, 8.601700945362396e+00, -9.484500792722136e+01, -2.969926368771617e+02, -1.940480162995075e+02, -2.251061365650046e+01, 7.847228669174142e+01, -9.853552023629312e+01, -1.794762785068326e+01, 3.741184879826201e+01, -2.599161200082852e+01, -7.425149454939644e+01, -7.991456748417384e+00, -1.706525795382487e+01, 7.282180690468809e+01, -6.320052190742936e+00, 1.001901297689329e+02, 3.513082085936271e+02, 2.155185828367265e+02, -2.568651509537637e+01, -9.947263578327008e+01, 1.150145428715619e+02, 6.187885862338391e+00, -6.519632820767251e+01, 3.573149476414034e+01, 7.036490930329943e+01, 1.764200420211109e+01, 2.245933294868227e+01, -5.746121483534537e+01, -4.793659244939795e+00, -9.443573407999125e+01, -3.325776889298870e+02, -2.296595802598356e+02, 3.515729216879908e+01, 8.652920233584126e+01, -1.303276080941698e+02, -4.115503227620525e+00, 8.466408127349763e+01, -3.492678459946973e+01, -4.003486881243417e+01, -2.785108264351619e+01, -2.052486931745546e+01, -1.593528245420255e+01, 1.580450970553008e+01, 6.567985171861251e+00, -1.530583456348297e+03, 9.017735030206684e+03, -1.514058057060724e+04, 7.106184195077193e+02, -6.698566073211590e+03, 5.264809755479061e+03, -5.705343394013977e+03, -1.106559041058318e+04, -2.514785316134243e+02, 1.329239286033742e+03, -1.019680961685402e+02, 6.411184773216371e+03, 1.278795229987605e+03, 3.292463375363176e+03, 5.899285246300817e+02, -2.087563746146585e+03, 5.992002670787633e+03, 7.291640119259441e+02, 2.800692378571538e+03, -1.772385013263913e+03, 2.143164252466226e+03, 4.331107819650876e+03, 5.061346909945429e+01, -9.129433981631980e+02, 7.417988745321113e+02, -3.359513646946545e+03, -1.421218168759271e+03, -1.428230472547026e+03, 4.858125031513489e+02, 1.247756624516618e+02, -1.689129636487118e+03, -1.007912759691452e+03, -1.044475608391256e+03, 3.994950391027488e+02, -5.902817247192453e+02, -1.090990401295122e+03, -2.542471142714833e+02, 1.228458149972162e+02, -5.104697552585222e+02, 1.001255945044387e+03, 5.844187868579317e+02, 2.031148107546178e+02, -5.897567241189602e+01, -1.396406510395954e+02, 1.566077257676273e+02, 2.012516443246464e+02, 3.578920668486840e+02, 2.015282362758671e+02, 2.434817919735535e+02, 2.348767056280585e+02, -6.635319757528409e+01, -3.890642534182516e+01, 1.634643228028453e+02, -3.262460552848160e+02, -1.444666447857630e+02, -3.514685939516852e+01, -1.487224945764073e+02, 1.127454470369619e+02, 1.045440547145925e+02, 1.129532272711821e+02, -1.710285070618309e+02, -2.359636447882559e+02, -1.407114804300038e+02, -2.745880868234707e+01, 1.491054542304407e+02, 1.165708844251262e+01, -8.626955788018341e+01, 1.952681013389202e+02, 1.394132508035242e+01, -3.654417079924288e+01, 2.260839689830699e+00, -7.203226370543339e+01, -6.759777841633787e+01, -1.424883929379711e+02, 8.385112734970630e+01, 1.456492118460339e+02, 1.047520002553318e+02, -1.286686632496624e+01, -1.058732566736340e+02, 2.907549654010781e+01, 8.843943214971047e+01, -1.212939650119892e+02, 7.277683093174194e+00, 5.364008808478877e+01, 5.050523109577520e+01, 3.446793788861585e+01, 2.371975129375632e+01, 1.098373832739822e+02, -3.182732865137280e+01, -7.596021748895936e+01, -9.177534904542186e+01, 2.361269760482125e+01, 5.604292200330428e+01, -5.011627300810387e+01, -1.014553064564630e+02, 5.935326384774488e+01, -6.339562958320481e+00, -5.079811589459928e+01, -1.542048837809410e+01, -1.732356013770808e+01, 4.459575398481520e+00, -5.653998716198961e+01, 9.956871063171103e+00, 3.650462726233382e+01, 8.428437704486592e+01, -2.410846000856722e+01, -2.256072687341700e+01, 4.637340735113861e+01, 1.097058875015428e+02, -2.574213998210339e+01, 1.074196721860243e+01, 4.822613743237877e+01, -5.138479335976106e+01, 6.671264112315195e-01, 1.698642538747843e+01, 2.858107844918749e+01, 2.827347339331946e+01, -2.594983107026546e+01, -9.987004905799934e+01, 1.485973454154349e+01, -6.193722366429501e+00, -3.490363798690104e+01, -1.142945633437489e+02, 1.141920365412928e+01, -2.817693057576728e+01, -4.831933891572764e+01, 2.189216042509565e+01, -7.940638033436370e-01, -4.038505709077585e+01, -1.469799298530516e+01, -5.352665477437767e+01, 1.498258335857406e+01, 1.027494735736683e+02, -9.775128417648808e+00, 1.749472064962290e+01, 1.479987907759281e+01, 1.234345049853861e+02, 1.477679237536604e+00, 3.996590152482205e+01, 4.893309974191285e+01, 7.053547059422051e+01, -5.188350328789445e-01, 7.236472326337675e+01, 1.561478833179661e+01, 6.344621620756072e+01, 1.091854503480415e+00, -8.645873824570918e+01, 1.834071820317907e+01, -1.188645827864543e+01, 2.100877665930787e+01, -1.255818501198855e+02, -7.224594765671072e+00, -5.307421068612754e+01, -5.186919895537839e+01, -8.372332372073261e+01, -2.589335999462616e+00, -1.504285425928716e+02, -2.722222586803807e+01, -1.069184463220226e+02, -5.071734242707752e+00, 6.351668875358740e+01, 4.610695830603539e+00, 9.165075444055283e+00, -3.533380223340892e+01, 1.461407885947940e+02, 3.098845634511404e+01, 3.431686745841148e+01, 4.690787938152919e+01, 3.672097799240230e+00, 1.637933485811371e+00, 7.033361409490355e+01, -2.688892995575638e+00, 1.075626034160337e+04, -1.925648653853166e+02, -1.924787634832246e+04, -3.237143288570436e+03, 3.431549943459018e+03, -1.934547185371730e+02, 3.374833887276051e+03, 5.898727792978813e+02, 1.329981135992538e+03, -5.854991630656738e+02, -1.193794091877342e+03, -2.898204274812787e+03, -2.468431604612489e+03, 3.680317427156922e+03, -4.482448440127751e+03, -1.385474580597430e+03, 9.383428255717414e+03, -1.613179019001723e+01, -2.184509167735875e+03, 1.605909876695141e+03, -7.783220607496793e+02, -1.316653047871482e+03, 7.432608892435217e+02, -7.821534727726392e+02, -1.613431729044190e+02, 1.542315750318146e+03, 4.790887588523207e+02, -1.804433809511009e+03, -6.262185262496037e+02, 1.153804255961532e+03, -3.081527075208292e+03, 1.047761769877471e+03, 9.518851997173547e+02, -1.188818240245807e+03, 1.401576776612474e+02, 9.495396626165420e+02, -6.488658757612837e+02, 3.032899682339615e+02, 3.611427234221541e+02, -1.165624512608572e+01, -3.932241823633509e+02, 4.083152098060429e+02, 3.378672583216604e+02, -5.464384035477843e+02, 1.120649891503205e+03, -6.605005376257097e+02, -2.707211178465431e+02, 6.105411342571185e+02, -1.261401820740673e+02, -5.087552230271722e+02, 1.977968147885599e+02, -1.074429236667177e+02, -1.604819865589538e+02, -2.393479808608369e+02, 2.087794166807921e+02, -1.106704289771757e+02, 2.008213094774007e+02, 1.870170274317469e+02, -5.661289058938085e+02, 2.971362145659230e+02, 7.880312771303225e+01, -3.358776858401649e+02, 7.243398972409607e+01, 2.285554353838979e+02, -1.103712998743648e+02, 1.102166950004408e+01, -8.926944931632004e+00, 1.470962173865435e+02, -7.596667652890149e+01, 4.663924265707044e+01, -1.087923234826593e+00, -2.541569970319811e+01, 2.654197747227217e+02, -1.223882128468774e+02, -4.654666839149666e+01, 2.198694531319595e+02, -1.564368823856772e+01, -1.295306941602188e+02, 6.715695195524242e+01, -7.858734012006974e+00, 4.338247146082409e+01, -6.907248760328862e+01, 2.309290750948898e+01, -8.484474445141949e+00, -5.774380950509013e+01, -1.949085782114635e+01, -1.020742036633076e+02, 3.598093043527233e+01, 4.807070342323713e+01, -1.487185397877014e+02, -8.558433486163297e+00, 1.066378198562978e+02, -1.785196083063607e+01, 3.152365348497339e+01, -2.520043101757403e+01, 4.434371695584976e+01, -1.982292926152220e+01, -2.112801199636761e+01, -1.431218045826780e+01, 2.499781247724202e+01, 7.654784535600390e-01, -2.138572688588571e+01, -7.604290767321021e+01, 1.165195401872174e+02, 1.968661529071181e+01, -8.401635559778232e+01, -8.867037805041242e+00, -3.689082068213042e+01, 1.914456703886712e+01, -3.604258868338673e+01, 2.172613297495898e+01, 3.231148601457715e+01, 2.716328526497419e+01, -1.065732801078481e+01, 5.922029250059565e+01, 3.321253076620930e+01, 1.003166593164054e+02, -8.600614786025339e+01, -2.278969042508127e+01, 7.072580348777581e+01, 2.758782029125148e+01, 3.507960942759982e+01, -1.895311788712389e+01, 3.169236630112676e+01, -2.496606718132963e+01, -3.753272261981402e+01, -1.470125623020370e+01, 1.016247430426323e+01, -8.002934400151446e+01, -6.357172116224814e+01, -8.827263821319167e+01, 4.003314935602120e+01, 7.759930593392251e+00, -6.449661189066445e+01, -3.800102185958731e+01, -2.297137251284285e+01, 7.715454326716206e+00, -3.111064188617937e+01, 2.147093818917908e+01, 3.384601372133547e+01, -4.597217354177990e+01, 6.095802936448125e+00, 1.170379362010158e+02, 8.786730367312117e+01, 5.734548322993415e+01, 1.495911087940584e+01, -1.691267957198407e+01, 5.570048993623540e+01, 3.396598051269694e+01, -3.685767499088784e+00, 1.017435425007770e+01, 1.770614396777536e+01, -1.853196333846182e+01, -2.408900575785814e+01, 2.965482593164888e+01, -4.704914184291609e-01, -1.738054508463142e+02, -9.983068278662580e+01, -3.154240547791191e+00, -7.858682569041122e+01, 2.926423427174689e+01, -4.308032707420669e+01, -2.060763355338339e+01, 1.883462509647662e+01, -3.294766427364286e+01, 1.548617264912033e+00, 2.259415804526577e+01, 1.005151924587873e+01, -7.609376566729113e+00, 5.709282754364312e+00, 1.728606528617998e+02, 6.279258543041524e+01, -3.012275720685667e+01, 5.725408070840077e+02, -6.449680342139704e+03, -3.322742983770514e+03, -5.851507647323791e+03, -1.165663546543008e+03, 2.006553593109017e+03, -2.287976878938471e+03, -3.370597586301561e+03, 2.544222017094979e+02, -3.197412161270316e+03, -3.392995558059899e+03, 3.199209380627532e+02, 1.380268976164739e+02, -3.297455572783982e+03, 1.966620916021577e+03, 3.084046671672364e+03, 1.998491280607539e+03, 1.997895679872017e+03, 1.732225488329569e+02, -8.322878962316785e+02, 1.166471100727057e+03, 2.502173947532257e+03, -9.748007187999477e+01, 1.927443996197532e+03, 7.856836027116371e+02, 3.326661028187551e+02, 2.869838870985318e+02, 2.131059420563295e+03, -5.469439717461892e+02, -1.089166637172405e+03, -9.223945581534161e+02, -1.021750845913136e+03, -2.369985202813578e+02, 2.450761052686923e+02, -4.585118989264458e+02, -7.000393380901045e+02, 2.580555681407902e+02, -6.964043919715108e+02, 6.429522301293292e+01, -1.502947435492529e+02, -4.055602071341445e+01, -9.276510144003641e+02, -2.844640383316033e+02, 3.960997348459618e+02, 4.020187507432210e+02, 5.574961738228563e+02, 5.723100211651931e+01, -2.457245971272196e+01, 2.313100272100188e+02, 1.096872282452090e+02, -8.310794466275621e+01, 2.961118725489080e+02, -3.006867175901804e+01, 4.442016750910610e+01, 2.430019926001412e+00, 3.091002935236549e+02, 3.661838626567070e+01, -1.329050559833913e+02, -1.940179631956438e+02, -2.883854322505350e+02, -4.874684018136734e+01, 1.128172470707698e+01, -8.881021912816129e+01, -1.665858441175217e+01, -1.757474775194787e+01, -1.707941235837377e+02, 2.002224250662481e+01, -8.885958467201617e+00, -3.167286237362856e+01, -8.121418246072862e+01, 3.851294499300408e+01, 3.680853903239736e+01, 1.152763928301525e+02, 1.233521126088989e+02, 3.667416308111719e+01, -2.044056659413835e+00, 5.871645490271490e+00, -6.601760918365017e+00, 2.907743158995948e+00, 7.493903836187579e+01, -3.368279059339710e+01, -7.997899682920581e+00, 3.644751441705931e+01, 1.753039139111603e+01, -2.422828684708676e+00, 2.840568279166349e+00, -8.563346003486478e+01, -1.776066133214314e+01, -3.736246674781042e+01, -1.528339935294558e+01, 1.703335883389657e+01, 1.310679688817919e-01, -4.321249275874676e+00, -2.930561175412915e+01, 2.976053391710056e+01, 1.293060755676418e+01, -1.673724070129630e+01, 2.358636413455359e+00, -1.550531438083761e+01, -1.094773627089958e+01, 9.477465119749805e+01, -3.723414569302246e+01, 5.295317428727971e+01, 2.047557496554949e+01, -1.864299334690636e+01, 2.597191519316419e+00, 1.026171070640077e+01, 7.914282431985978e+00, -1.668946042201727e+01, -1.015080709200105e+01, -5.496442486974030e+00, -1.031189318009979e+01, -6.181171814743037e+00, 1.014482052519772e+01, -9.888751218138813e+01, 7.547648809704222e+01, -6.861207928371221e+01, -9.182009361015458e+00, 1.716404802313901e+01, 5.053300959877216e+00, -1.792318080751125e+01, 8.133108903079218e-01, 7.385612451401715e+00, 8.832761719832707e+00, 2.399280266964580e+01, 1.469929627454720e+01, 1.262856238298065e+01, -1.021108664510181e+01, 9.039413961415113e+01, -1.059621451970734e+02, 5.585557838747769e+01, 1.293144805747225e+00, -7.330660013905916e+00, -1.487179793764434e+01, 2.185257530460875e+01, -5.215079337509936e+00, -4.273537800287457e+00, -1.576865718223987e+01, -3.330608325860153e+01, -1.271176697785636e+01, 1.051990871565890e+01, 1.694970698140663e+00, -7.707070756947297e+01, 1.238219945413698e+02, -2.573344094624891e+01, 1.067027840806190e+01, -7.641574966723790e-01, 3.031045814136442e+01, -2.326149220257586e+01, 9.888805433093714e-01, 1.780208639295167e+00, 2.208372992290721e+01, 4.013956002616155e+01, 1.001487047750414e+01, -3.988264268454972e+01, 6.559751025597298e-01, 4.882104619585967e+01, -1.358173529061479e+02, -2.805272379009876e+01, 9.444573792692134e+00, 3.726886232593777e+00, -3.546589328434821e+01, 1.602673126015120e+01, 3.881786070040271e+00, -2.053428644373978e+01, -2.887354155171827e+01, -2.836115244504078e+01, 7.724346183230154e-01, 1.195144681460735e+01, -1.089416398606202e+01, -3.965727800692629e+01, 1.028124817340360e+02, 6.187035260051942e+01, -1.962515672442665e+01, 1.696780758698098e+03, -6.457911281166475e+03, 3.788529102150168e+03, 2.990134924241290e+03, 2.841462563849279e+03, -2.189606609085929e+03, -4.132876987457096e+03, 2.972258790619278e+03, 2.775040057758855e+01, -5.538509998859322e+02, 2.650578319026657e+03, -1.270117747302121e+03, -9.556464851358163e+02, -3.126717023472326e+03, -1.395997611559001e+02, 3.339553355658205e+03, -9.764116339400131e+02, 1.049532714083034e+03, -2.345882641314486e+02, 1.323426396808931e+03, 1.589676329518093e+03, -1.194924802340802e+03, 1.086324241779182e+02, 1.152576250592876e+03, -1.329764283378450e+03, 7.572687117945802e+02, -3.908142267455062e+02, 5.822036394801360e+02, -2.414064536983935e+02, -1.099019807448000e+03, 3.833744693624602e+02, -1.004820341754970e+03, -2.206105386317984e+02, -4.256810264208187e+02, -4.598017753518303e+02, 4.518428639300081e+02, 1.614104963261488e+02, -4.305239065100072e+02, 3.739527864055999e+02, -4.008824196893595e+02, 3.314882390592427e+02, -9.269285276574136e+01, -5.353078187439459e+01, 3.992445149517264e+02, -2.413523487673039e+02, 3.642333099606352e+02, 3.602319239185634e+01, 1.491779209034904e+02, 8.700795431053307e+01, -1.426271401290275e+02, -1.248917556646376e+02, 7.487128108252283e+01, -8.592655627022391e+01, 1.596534398296074e+02, -1.056916913886094e+02, 4.185282265333301e+01, 3.095457867803344e+01, -1.483506488312939e+02, 2.865914133218743e+02, -4.064277843880442e+01, 3.571476557840391e+01, -1.202191604741129e+02, 3.047787523200297e+01, 4.488439759377901e+01, 7.814854391421740e+01, 1.706365859229962e+01, 6.540856902284195e+00, -4.465664235362922e+01, 2.192970701531881e+01, -4.783641919662701e+01, 2.861460324751974e+01, 4.634401095031227e+01, -2.393909471052223e+02, -3.438360011222052e+01, -4.959481084465782e+01, 7.913874489849104e+01, -6.562996019718898e+01, -2.303997274416497e+01, -5.293246488763633e+01, -4.621807665591827e+01, 1.144087874770522e+01, 1.092227706372780e+01, 4.476686231304415e+00, 4.265383321864588e+01, 1.484879103718410e+01, -1.643316289800105e+01, 1.683897187111995e+02, 4.074573387094426e+01, 2.456732397793070e+01, -4.775436637214257e+01, 7.168479553986383e+01, 1.405479645447572e+01, 3.960578693912697e+01, 4.364483975922435e+01, -1.940379732541019e+01, -1.301247131575335e+00, -1.141481654555296e+01, -2.843533647262577e+01, 4.614477932397188e+00, 2.366871993315784e+00, -1.092636196191248e+02, -7.057463429230583e+01, -4.082710096055960e+00, 3.146934471157704e+01, -6.136355934976677e+01, 4.132705191308352e-01, -2.593186103137053e+01, -2.852319888879816e+01, 2.945322677804735e+01, -4.828145784717628e+00, 1.145767396062757e+01, 1.361955069971945e+01, -1.758393862630820e+00, -5.443242912819216e+00, 7.141057141660352e+01, 1.112871075668035e+02, -1.491733350384142e+01, -2.888443204480955e+01, 6.304158282538684e+01, -8.064643906502331e+00, 2.450243905566049e+01, 2.141135634120508e+01, -2.981543674004194e+01, 1.435310666049442e+01, -9.105694870775759e+00, -1.310479258039820e+00, 8.347273918614643e+00, -4.044198101039049e-01, -5.195807633720208e+01, -1.415410665129781e+02, 3.229073140098760e+01, 1.661370771391008e+01, -7.359240163872897e+01, 5.724533369463973e+00, -3.001054010314441e+01, -1.779889107925812e+01, 2.585206005518597e+01, -2.301016337663276e+01, -1.037241723755717e+00, -1.261013705484526e+01, 1.160646643941342e+01, -5.886470679544690e+00, 1.784229592056009e+01, 1.326328855940397e+02, -5.081269759959553e+01, -2.922681226183824e+01, 8.232536789196254e+01, -7.163526856481910e+00, 3.207111767376614e+01, -3.721972754776468e+00, -3.290839245719604e+01, 2.172933706328866e+01, 1.569787601438822e+01, 2.285001406062806e+01, -6.910679695538080e+00, -5.970359185977672e+00, 1.265907509123966e+01, -7.102801216456210e+01, 7.801117247108671e+01, 3.789840901951582e+01, -1.125591875406288e+02, 4.742992205559261e+00, -3.965950238761011e+01, 3.684557515214143e+01, 3.368592762114019e+01, -3.033840454501149e+01, -2.406300761407727e+01, -2.301660641570819e+01, 3.414319643737033e+00, 1.020801836873222e+01, -4.071991987905238e+01, -2.512459054081398e+01, -5.374131004618393e+01, -1.500370471673951e+01, 5.058466405219502e+01, 3.113190229095715e+03, -2.153572764531988e+03, 3.982569487454109e+02, -6.532776339626985e+03, -2.289296226093938e+03, -5.082398251057733e+02, -5.323600490644073e+03, -2.517152408652678e+03, -1.382029155331861e+03, -2.476258889335625e+03, -1.804989600609213e+02, 1.132686889835486e+03, -1.848226889340844e+03, -3.284320825241854e+03, -9.471087398804095e+02, 1.741968163275532e+03, 1.935795457649884e+02, 3.416573815186130e+03, 1.854887713017388e+03, 3.046875198724009e+01, 1.963545241079841e+03, 6.597045288937131e+02, 5.398222979958867e+02, 1.699967158003016e+03, 1.019260307783782e+02, 6.831039774462532e+00, 3.310405024157735e+02, 9.236904939522035e+02, -8.172693977758728e+01, -8.314610538857792e+02, -5.631143577213970e+02, -1.244251978628753e+03, -9.628537209003941e+02, 1.863839065093240e+02, -4.552521652925399e+02, 8.980265531387803e+01, -1.441894163245059e+02, -3.797751396050350e+02, -1.700769739979600e+02, -7.353402741093183e+01, 1.673272242994700e+02, -1.708682173735538e+02, 9.661416325666227e+01, 2.793656506046347e+02, 4.503416154711302e+02, 4.705678561457277e+02, 3.372572697204610e+02, -8.489209938289299e+01, 5.989915604743391e+01, -1.269255372686642e+02, 4.407545836225987e+01, 7.561353605113278e+01, 7.321531107534942e+01, 3.545587999155415e+01, -1.536290440043593e+02, 1.692252201777647e+01, 2.279769040247771e+01, -7.381708260003030e+01, -2.235070202742491e+02, -2.246824476534788e+02, -6.607571250307481e+01, 1.985340031805690e+01, 1.378441463640466e+00, 7.844866329492510e+01, -8.620739247016296e+00, 1.421802753236900e+00, 5.667029399413719e+00, -5.210161367211523e+00, 7.672138536765011e+01, 3.979465696866156e+00, -6.662836126535884e+00, 6.840095947665265e+00, 9.803370173480775e+01, 1.290009214874612e+02, -8.263718255196878e+00, 8.622568585499714e+00, -3.124033854366707e+00, -2.752536684562918e+01, 4.627833462047227e+00, -1.445930176496841e+01, -3.400812128914817e+01, -1.045032946383921e+01, -3.575341087292359e+01, -2.215801485250589e-01, -6.371646442245221e+00, 2.975104645856388e+00, -5.299350159585144e+01, -9.292549403063992e+01, 2.912324403162947e-01, -1.345423169594463e+01, 2.899341735166824e+00, 3.749161036267638e+00, -7.527500179716370e+00, 8.645488025759869e+00, 2.898146363730824e+01, 1.163054790688749e+01, 1.891621320525479e+01, -1.989498458841000e+00, -2.805372945357901e+00, 7.194275116976171e-01, 4.481288862161865e+01, 7.492968388707624e+01, 3.678436215190731e+00, 8.169768551981452e+00, -1.719196407315774e+00, 1.271333978031152e+00, 1.071517591626100e+01, -2.968409037120732e+00, -2.110406683545898e+01, -6.750950370445756e+00, -1.354566198159680e+01, 4.614703086702242e+00, 6.863855553061688e-01, -2.603987603003193e+00, -3.291687061776221e+01, -6.325541884842445e+01, -1.265816616104545e+01, -6.036424399157347e+00, -2.993665162916449e+00, -2.008784750584290e+00, -1.319041324232170e+01, -8.117497962563476e-01, 1.145895279750640e+01, -1.166517889465856e+00, 1.269161537610443e+01, -6.660795040220967e+00, 7.171068773029767e+00, 7.373996930690104e-01, 1.652406068942176e+01, 5.762845997364298e+01, 1.614512841383563e+01, 9.997107043236984e-01, 9.607041115419655e+00, -3.157423902635189e+00, 9.902854115200288e+00, -3.290068710092559e+00, -6.713851097957703e+00, 2.733617536039100e+00, -9.587502412503465e+00, 9.896495140491059e+00, 2.227531999868958e+00, 4.057208665677138e+00, -1.867955561170718e+01, -5.609305791838715e+01, -2.396528887805021e+01, -7.836806992512103e+00, -1.080746406043860e+01, 6.881920238282026e+00, -6.163933729832737e+00, 4.050061996333502e+00, 3.731195169785183e-01, -6.301441525194635e+00, 3.249754459148004e+00, -9.682205425118271e+00, -1.684351734415972e+01, -5.399497507085622e+00, -2.988227797659635e+01, 2.340192641883231e+01, 1.719717107127230e+01, 8.420210095716686e-01, 1.173705858951063e+01, -2.288743148568633e+01, 4.157304615319778e+00, 3.089925517732065e-01, -3.339582971073877e+00, 7.483587052134624e+00, 9.417672657733474e+00, 6.505929346818370e+00, 1.172262599498076e+01, -8.342933595635984e+00, 9.044608754873107e+01, -9.945411259179870e+00, 1.409187186928979e+00, -1.197501200741878e-02, -1.953559693906678e+01, 6.340030142316465e+00, -2.251493399408751e+02, -2.135216932123545e+03, -9.885075056442877e+02, -3.811986101194369e+03, -1.075673079323131e+03, -8.820627794759640e+02, -1.039738407045241e+03, -2.552244545647881e+03, 1.642820724599154e+03, -3.234400286241297e+03, 1.675354197089821e+03, -2.372279935694418e+02, 3.021811318032867e+02, -1.846450817372657e+02, 5.162438821925887e+02, 1.203479885279899e+03, 3.075756036008241e+02, 1.102930431880179e+03, -1.197627401017917e+02, 7.607867225128823e+02, 2.765073173188681e+02, 7.865806842594188e+02, -6.225910151225949e+02, 1.562071176032865e+03, -5.113243878437014e+02, -2.007868167758739e+02, 2.154119255213592e+02, 4.510918461878332e+01, 4.939600485175892e+01, -7.302882542705305e+02, -6.822614199407148e+01, -8.110440121255474e+02, -1.752478859647861e+02, -1.224143756638527e+02, 1.449122174980197e+02, -1.635884779246499e+02, -1.671334446471388e+01, -5.549147925687499e+02, 4.982000299301671e+00, 1.460766916885908e+02, 7.484521934809757e+01, 9.672781948963984e+01, -8.134604069013731e+01, 3.067702178251470e+02, -1.235969844929693e+02, 3.562334437772162e+02, 4.592254368477816e+01, 5.342205451237968e+01, -1.818273356796107e+02, 6.680606514177202e+01, 6.059296471537934e+01, 1.219617587640802e+02, 4.758572921468876e+01, -3.115459479134021e+01, -6.943999519490457e+01, -2.601669428598017e+01, -2.964981757652263e+01, -9.207000132300632e+01, 2.420597315015227e+02, -1.219644052942110e+02, 4.996964536546430e+01, -3.094383690520481e+01, 1.238675331520736e+02, -7.838128730840730e+00, 1.339770123898717e+01, 3.477646488012546e+01, -2.847317539083135e+01, 1.145252406743713e+01, 1.398095241704073e+01, -1.720603906190624e+01, 1.756850489174025e+01, 2.066313936876871e+01, -1.861184842393500e+02, 4.973852986490150e+01, -5.706687375886289e+01, 2.671764452464070e+00, -6.430392538831116e+01, -1.372060745212244e+01, -3.411514095787446e+01, -6.786574355934751e+01, 6.204692750404316e+00, -4.334862450550809e+00, -5.283273223936331e-01, 2.054287587278867e+01, 1.693356580226856e+01, 6.048620471429680e-01, 1.254307702765130e+02, -2.077524442872818e+01, 3.507765739375228e+01, 1.419928181745289e+01, 3.250103481102740e+01, 1.540990465178962e+01, 2.499527372184815e+01, 6.323623407171755e+01, 3.785106269954356e+00, 9.871775929949094e-01, 4.773302916596577e+00, -1.475081444608355e+01, -1.032534684160353e+01, -1.789981663083831e-01, -7.757590337040405e+01, 1.123081157852547e+01, -1.138997474213588e+01, -2.162391038591528e+01, -2.075150727506502e+01, -1.210705083439958e+01, -8.814926351728033e+00, -5.030898035388180e+01, -7.701379994777472e+00, 2.055870149763894e+00, -8.871899122036574e+00, 9.849650218060363e+00, -2.033247634420224e+01, -4.441716616328920e+00, 5.033254820039434e+01, -1.040357039647892e+01, -7.327230726219658e+00, 2.546837363562322e+01, 1.533620102654663e+01, 9.176700994121283e+00, -3.589933698772690e+00, 4.113728099720772e+01, 3.240825760442692e+00, -6.790465862512494e+00, 1.240145264627424e+01, -6.222502470843068e+00, 1.107291860518298e+01, 1.194005584529288e+01, -4.043443544869079e+01, 7.682475979956831e+00, 3.100379338598258e+01, -2.340040672848639e+01, -1.770862066204022e+01, -1.216573178494325e+01, 4.118072529137444e+00, -3.906851944126251e+01, 5.829718150691634e+00, 9.762820811719177e+00, -1.291776340277922e+01, 3.134352100594032e+00, 1.722652852382114e+01, -2.596518708233909e+01, 2.653347689192448e+01, 6.805304384131038e+00, -4.567133026822687e+01, 1.997086202344196e+01, 1.126761543726075e+01, 1.227037008197907e+01, -7.358463643862295e+00, 3.513419433632721e+01, -2.292547794799492e+01, -6.511549372832022e+00, 1.465673805637887e+01, 9.030510227689302e-01, -3.307401038473357e+01, 3.687911383091350e+01, -1.943551722940821e+01, -1.229639211628069e+01, 4.644451107526739e+01, -1.486456047859000e+01, -7.410235854169947e+00, -1.110958747150006e+01, 1.162003577956865e+01, -2.650281331345060e+01, 3.070116417693941e+01, -8.648820407208422e+00, -6.085682301501165e+00, -1.881548243885789e+00, 1.091175998555611e+01, -3.441281919917531e+01, 1.108244868529780e+01, -1.147651213579831e+01, 1.062874741671336e+01, 9.683269193868549e-01, 9.335538506937915e+00, -1.003762145096089e+01, -1.042637863349520e+01, 1.978739303454310e+02, -7.926849768183339e+03, -4.295634612784967e+03, -2.908462575431749e+03, -2.165203384121142e+03, -1.883975081307168e+03, -9.181622284215736e+02, -3.164200572122047e+03, -1.351745323741723e+03, -2.740592928019664e+03, -9.488719965737453e+02, 2.036018584280300e+03, -2.596290079849824e+02, -1.062194883863546e+03, 5.964302745868406e+02, 2.811512348320703e+03, 1.264931804820547e+03, 1.058439085013185e+03, 4.919849540194853e+02, 5.587794276758742e+02, -8.796915081520144e+01, 6.903381559293347e+02, 5.806853121521889e+02, 1.155199920495414e+03, 4.569872887197455e+02, -2.050718199774091e+02, 8.494095209135753e+01, 6.187927862596263e+02, -9.425470218456116e+00, -7.346848953565005e+02, 2.957507249526296e+01, -4.703609375754890e+02, -1.194594752158617e+02, 4.669457344031110e+01, 8.561429136154702e+01, 1.596516349284073e+01, -2.312945687136010e+02, -3.524832203088546e+02, -1.068718934627703e+02, -1.003563119222450e+02, -8.653364359971377e+01, -3.225397041557198e+02, -3.602372346379791e+01, 2.045661449477163e+02, -1.160611525356731e+02, 1.271130780123636e+02, -9.480581730227858e+00, -3.970031213428727e+01, -3.446004899346654e+01, -4.676300723324286e+01, 6.804784790393997e+01, 1.583718658064541e+02, 1.782467864545872e+01, 9.850745785310978e+01, 6.210542544657900e+00, 9.812205338323609e+01, 6.545984003774210e+00, -6.003639483902067e+01, 6.809801725847429e+01, -2.197721359479897e+01, 5.486738391420408e+01, 1.809396777735717e+01, 3.305852111660641e+01, 2.796049628138925e+01, 7.533754115480343e-01, -4.500710376811051e+01, 1.232845514755695e+01, -1.870006902362879e+01, 6.133420164677248e-01, -2.909901727797262e+01, 4.487625719275821e+00, 1.422292476263317e+01, -2.528624866554138e+01, 4.727204583302246e+00, -5.366258264664832e+01, 4.615839356191460e-01, -1.968718523505401e+01, -4.308755812745444e+00, -5.640419726913207e+00, 1.005688155953092e+01, -1.765617249405761e+01, -1.154517510762764e+01, -2.256507506912738e+00, 9.237079781802112e+00, -2.046342089023545e+00, -3.908471195297774e+00, -1.884726890355333e+00, -2.411631456788430e+00, 4.109456641092923e+01, -3.489193893575978e+00, 8.885557083315062e+00, -2.668623082758257e+00, 2.509316243091384e+00, -1.054634027698679e+00, 1.648877969498074e+01, 1.182111941575191e+01, 7.579301842211392e+00, -1.526773803024962e+00, -3.369868014937373e+00, 1.086112791158381e+00, 1.221860053679970e+01, -2.169646224681872e+00, -2.623249876835252e+01, 4.881949187308600e-01, -7.694377444312829e+00, 3.483260428462465e+00, 1.741262644747299e+00, -4.487910583426175e-01, -1.371940694930043e+01, -7.462534093455027e+00, -1.175894161760323e+01, -6.543526186031339e-01, 5.067760522271380e-01, -1.667010743240448e-01, -1.184918647938829e+01, 1.125398731293590e+01, 1.705813686069106e+01, 4.534399548434298e+00, 1.369330429012504e+00, -4.619003385736191e+00, -4.219956670455860e+00, -1.587262808383631e+00, 9.253663178052646e+00, 1.880640813639153e+00, 1.709584929353997e+01, 9.910409790833902e-01, 5.725664283357770e+00, -2.888040989231250e+00, 1.771171272059807e+01, -2.968240087178535e+01, 7.519924362588074e-01, -1.371800192535061e+01, 8.756380026644495e+00, 4.325318664879304e+00, 4.943411093824035e+00, 3.706728446464563e+00, -3.969639677926677e+00, 1.108768334669812e+00, -1.909255306207546e+01, 1.296495408572380e+00, 2.679722372192023e+00, 2.456699470560516e+00, -3.712772263593577e+01, 4.466667861138554e+01, -2.359759901012152e+01, 1.452148550076142e+01, -2.845457004530342e+01, -1.401858043610099e+00, -6.413135420651199e+00, -4.933656062183949e+00, -8.698822720682063e+00, -7.576015656369088e+00, 2.117329563043073e+01, -6.511555462180769e+00, -4.391907729377762e+00, -5.461000600654915e+00, 5.572561978326686e+01, -5.430827497139027e+01, 4.012725250391993e+01, -6.240320016986979e+00, 5.486852745939068e+01, 6.448625956446446e+00, 2.969706936458305e+00, 4.081557542110382e+00, 1.818684272705938e+01, 7.083035064141032e+00, -1.795372897909123e+01, 1.587817408814399e+01, 3.636503750551042e+00, -3.878471777908313e+00, -8.007170290159209e+01, 1.969397686678434e+01, -3.431615566993383e+01, -1.170017243709917e+01, -6.597943212673719e+01, -1.675857991439660e+01, 4.951078401545062e+00, -7.803809650712952e+00, -2.440200294813401e+03, -4.002300609383402e+02, 1.367785428167779e+03, -4.946333972423877e+03, 1.717814805823009e+03, -1.619045181217018e+03, -2.052365174391220e+03, -6.859782405480423e+02, 4.599315835699507e+02, 3.008662611616361e+02, -8.560417369921690e+02, 3.398613615619696e+02, -4.222327553181613e+02, -5.631804907446664e+02, 1.135151256805435e+03, 4.876001298491610e+02, -1.193674430852873e+03, 2.053197698036739e+03, -4.636865925537953e+02, 5.962227277271612e+02, 5.798124648417369e+01, 3.865865730449378e+01, 2.201011737465231e+02, 4.338459368682963e+02, 5.059756499321148e+02, -2.843982191964686e+02, 5.076796114472756e+02, 4.088720535244178e+02, -5.584312743749913e+00, -2.614023268453652e+02, 5.926101832120577e+02, -4.602683768797866e+02, -9.821931760582009e+01, -2.701299126556964e+02, -9.652649203802632e+01, 1.385326501893239e+02, -8.621805912334700e+01, -1.584473588557681e+02, -2.791955619508176e+02, 1.035221114610851e+02, -2.066816631531118e+02, -1.394512389693048e+02, -6.148197638001037e+01, 1.355769486950959e+02, -1.404955631810631e+02, 4.544416415879350e+01, 1.175898715693641e+02, 1.057635822157083e+02, 5.396483753826142e+01, -6.368117675282019e+01, 3.544730196589077e+00, 7.595878894051437e+01, 1.093086306464377e+02, -3.020800685273436e-01, 4.099537166339949e+01, 1.085243769584577e+01, -1.465810873100925e+00, -6.709306033329101e+01, 2.144994732228919e+01, 1.337659931297839e+01, -4.016339624411390e+01, -1.138192048546331e-01, 2.306368395659864e+00, 3.153935614914697e+01, 2.050190363205193e+01, -4.928918010456290e+01, -3.520271796627391e+01, -2.397739920698524e+01, -1.539704588445425e+01, 1.185237831408665e+01, 3.918519277054184e+00, 2.435918404268347e+01, 1.464459531114062e+01, -2.071395293007128e+01, 8.208219027227017e+00, -1.922140234312873e+01, -1.241486648402164e+01, -1.189503014188855e+01, -1.520495813310548e+01, 2.655607553002252e+01, 4.111418253917406e+00, 2.010357106356378e+01, 6.886392998940265e+00, -1.016179345651447e+01, 2.014688326674809e+00, -5.748708581510362e+00, -1.475649787698839e+01, 2.736492462268978e+01, 5.047254146528672e+00, 1.939137131722134e+01, 5.915319718695076e+00, 5.036296541932580e+00, 8.131855525359672e+00, -9.572318211437265e+00, 7.383085446036278e+00, -1.101462013755499e+01, -9.226425154056649e-01, 4.432972479976655e+00, 3.773622437057221e+00, -8.290231609876074e-01, 1.553782561926188e+01, -3.639069414188888e+01, -1.180855721573524e+01, -1.432931510197426e+01, -2.314177541020280e+00, -4.009948640931635e+00, -2.095959409049129e+00, 4.380075266528911e-01, -1.135844427652301e+01, 6.566475465792573e+00, -1.881133045983693e+00, 4.680728933926009e-01, 5.806250414363856e+00, 3.958461376987866e+00, -4.593309016067338e+00, 4.728386110022284e+01, 1.287283553096642e+01, 1.403289261833883e+01, 3.605931321559478e+00, 8.030536302864247e+00, -3.334013483757721e+00, 5.294358357125185e+00, 1.349159157057417e+01, -3.734218874441926e+00, 1.640892327256785e+00, -3.704589798326541e+00, 1.415530981127429e+00, -6.239513823802834e+00, 7.391383638355502e+00, -5.429249480959766e+01, -1.326397218428192e+01, -1.762072450195152e+01, -6.298087722673444e+00, -1.121936048882140e+01, 6.551180594831041e+00, -9.104276287959152e+00, -9.399227702245765e+00, 3.215652078440096e+00, -3.058537519661162e+00, 2.827978727479028e+00, -1.188224920545241e+01, 4.208345633463263e+00, 6.006487650332027e-01, 2.870820986900482e+01, 1.087913883863118e+01, 2.734042281324636e+01, 1.825037685476624e+00, 1.163325056797433e+01, -9.251782092415448e+00, 3.104207189303217e+00, 9.413639424777875e-01, -3.710858922583819e+00, 6.710133393035573e+00, -1.097984474407659e+00, -3.457153742944037e+00, 6.630769580164038e+00, 1.203524778546225e+01, 3.458423001726268e+01, -1.114780583062035e+01, -4.919834714727723e+01, 3.796740825452016e+00, -1.606245532852824e+01, 2.777117498293256e+00, 1.538834633217941e+00, 1.326502085292631e+00, 5.549125314501246e+00, -8.702693214808864e+00, 1.134186044918778e+00, 1.315211550627922e+01, -1.430554631697512e+01, -7.325657132091586e+00, -8.809426057374739e+01, 2.247841670850895e+01, 3.340598816607905e+01, -2.852425645430177e+01, 2.539717430917924e+00, -1.904556768918721e+01, -1.492893575241374e+01, -2.124743035795733e+00, 1.058637069440728e+02, -3.869556299311465e+03, -5.423625490479460e+03, -5.025336129673185e+03, -1.081189396331149e+03, -1.034482157555357e+03, 1.021615288122576e+03, -2.514416329618627e+03, -5.560338399912445e+02, -3.377919906177276e+03, -5.008351331380529e+02, 1.269104739758958e+03, 1.246688877560907e+03, -5.745780598241199e+01, 1.599006670774928e+02, 1.622016210299979e+03, 1.878359241595034e+03, 1.183430484716427e+03, 3.207869744791896e+02, 8.488447999253668e+02, -1.126695008844276e+02, 7.132530634030458e+02, 1.976855567690939e+02, 1.307715620963332e+03, 3.445161312649175e+02, -5.245206392073407e+02, -7.538825156272610e+01, 3.748054129859531e+02, 2.882964069370917e+01, -4.555538793108277e+02, -4.231596373861923e+02, 1.887530396331431e+02, -1.791736154122425e+02, -2.750088816396912e+02, 5.622456670192020e+01, -8.009368052823167e+01, 1.758689970999552e+02, -2.979189029618651e+02, -1.575297171837867e+01, 2.405653600794413e+01, -4.623145120233766e+01, -1.061918715929417e+02, -1.157073431356377e+01, 9.163524674611305e+01, 1.411073683715504e+02, -2.598150059655339e+02, 9.383784909992484e+01, 8.549839291691362e+01, 5.837734967885480e+00, 5.230620953682010e+01, -1.571418391260817e+02, 7.003013309785594e+01, -2.348330250019977e+01, 4.237678014049244e+01, 2.651892840602454e+01, 4.672062227018790e+01, -7.683555858949161e+00, -1.438727405480163e+01, -1.119886818342386e+02, 1.449287102386183e+02, -7.209219639362195e+01, -1.721105566277524e+01, -1.997434779663073e+01, -2.286091739472300e+01, 7.991818511715809e+01, -1.403790642680011e+01, 2.037953827003828e+01, -3.011804943979050e+01, -2.039568427265113e+01, -1.594451475267438e+01, -6.565481674337459e-01, 8.202452301602857e+00, 1.126162992797836e+02, -5.731632317029909e+01, 7.378683038900017e+01, -5.739307543569657e-02, 2.415793683614909e+01, 8.899527368943488e+00, -2.653936411224479e+01, 8.694198272703629e+00, -3.878872720142286e-01, 1.769855713445762e+01, 1.759479783169175e+01, 1.883999713820717e+00, 3.437136236912630e+00, -4.508505014825245e+00, -1.012188912156014e+02, 1.881906579439402e+01, -6.420646862623049e+01, 5.634262109620906e+00, -1.737442483730245e+01, -3.467136733606442e+00, 6.389186659841969e+00, -6.734211901996632e+00, -1.077865664231597e+01, -8.462557545236770e+00, -1.198622158072456e+01, 2.789364814400042e+00, 4.640209412590610e+00, 1.504339365695218e-01, 9.070171641253303e+01, -4.870913980266981e+00, 5.552246866169057e+01, -4.154975645963070e+00, 1.010456270410902e+01, 2.574792760411970e+00, -4.366174926040806e-01, 6.166677848191231e+00, 1.541686724385286e+01, -2.258907150244036e-01, 7.051241018346209e+00, -4.116913441753353e+00, 1.889193305060023e+00, 3.073726408786823e+00, -8.391587933462202e+01, 7.014027190411413e-01, -5.620610939830134e+01, -5.003238120792671e-01, 1.408741468163496e+00, -3.195424499122884e+00, 2.492649530820750e+00, -3.334100531123953e+00, -1.542380803934531e+01, 4.512746833163382e+00, -2.461413142412005e+00, 3.366000118493599e+00, -4.304120148723953e+00, -3.636277211353378e+00, 7.880868104562703e+01, -3.218232457562986e+00, 6.086508098824937e+01, 5.938614222120729e+00, -6.258660634225645e+00, 2.866843165035946e+00, -8.507874357118181e+00, 2.583463280080939e+00, 1.566353986100501e+01, -2.359108084181951e+00, -5.452616720627235e+00, -4.231295539902914e+00, -4.666860017986077e+00, 5.042213359805523e+00, -6.248725534981262e+01, 7.228514911872950e-01, -7.636166585398819e+01, -1.450585050614137e+01, 1.577473782287420e+01, -3.938683126418647e+00, 2.129715582964369e+01, -2.154786108360676e+00, -1.250117014228236e+01, -9.983578228992030e+00, 1.313400438917296e+01, 2.653753954694901e+00, 6.681117256829718e+00, -3.751082303031323e+00, 5.284997964581492e+01, 1.083890488868392e+01, 7.924244293986442e+01, 3.404136332760732e+00, -3.538513639282303e+01, 3.857708393821886e+00, -3.651806869281464e+01, 2.460241965997916e+00, 9.371027025889122e+00, 2.367806891693262e+01, -1.709544638385001e+01, -7.051185488643524e-01, -1.525624460846654e+00, -3.830728781951891e+00, -1.177336715884171e+01, -1.949564118109575e+01, -3.763416755524482e+01, 7.375319877596587e+00, 2.525970830740162e+01, -9.647587836513059e+00, 2.391852701740710e+01, -9.269466167425792e+00, -9.506002105756192e+00, -1.318992387727103e+01, 1.413607631809618e+03, 5.094128147838661e+03, -1.866741938203207e+03, 1.536421044468013e+03, -1.248098190099511e+03, 7.284797709130615e+02, 1.219594488700447e+03, 2.197504811846638e+03, -6.802095421131421e+02, 4.149765074140709e+02, 5.092867547260649e+02, -2.433174070523037e+02, 2.061541153360578e+03, -2.582804405913287e+01, -7.263591553148824e+02, -1.749586871855749e+03, 1.095291552424551e+03, -2.828505459160566e+02, 3.269713141807274e+02, -1.499157255239678e+02, -3.645214798989377e+02, -8.655548552585462e+02, 7.409545335503448e+01, -2.271500043444782e+02, 2.690618553936175e+01, 2.267740209927109e+02, -5.900071660456308e+02, -2.879384464153389e+02, 2.568165710039590e+01, 4.013048973989997e+02, -5.556474628425792e+02, -5.193056843371500e+01, -6.836738114821411e+01, -1.657123200274270e+02, -7.163995754688294e+01, 1.729469436677384e+02, 3.416599511599721e+01, 1.676480651404561e+02, -4.674117696377213e+01, -2.087950548529190e+01, 4.505695576419301e+01, 8.872118975100658e+01, 2.828192825016826e+01, -3.401340839161571e+01, 1.863356582193420e+02, 1.072664901780538e+02, 2.212193147211067e+01, 1.385848763961929e+02, 8.349944535291560e+01, -1.918280166921971e+01, -1.907270068567118e+01, -1.012919015431342e+02, 3.893520267032246e+01, -4.872302538450474e+01, 4.042625819480271e+01, 2.831260867022476e+00, -3.425412854856169e+00, -1.580095671588406e+01, -1.595889521361130e+01, -7.353040147207916e+01, 1.085957857591759e+01, -9.161495929373859e+01, -4.329463083084372e+01, -8.371482047885898e+00, 2.344499631559932e+01, 4.635011440953357e+01, -1.472659869010114e+01, 3.517017551681643e+01, -3.977946462810669e+01, -4.209139701523220e+00, 3.273407115826357e+00, 4.469590049688112e+00, -5.530294862354099e+01, 3.166168501147893e+01, -2.315091906254688e+01, 5.281309886066283e+01, 1.120836554858446e+01, 2.347944331743095e+00, -2.157250816351337e+01, -2.229566073318848e+01, -1.720814681647820e-01, -2.545865628710097e+01, 1.999028468873716e+01, -6.711696449358559e-02, 5.667867633736977e+00, -8.038558793708824e-01, 6.264625890700459e+01, -1.524524745039660e+01, 1.183199232283796e+01, -2.486257766772842e+01, 5.278505690124391e+00, 3.757802708181234e+00, 1.376516681120752e+01, 1.084277888343176e+01, 4.760883959320403e+00, 1.334939746528018e+01, -8.901859612325691e+00, 1.264460264449607e+00, 1.912143315590513e+00, 3.942516076068827e-01, -6.068856843517279e+01, -1.897507303955733e+00, -4.001334721195150e+00, 1.501742139390496e+01, -6.339682727640664e+00, 4.545148018114719e-01, -4.737714722278872e+00, -6.460576165065185e+00, -5.248740298597237e+00, -5.029190307356971e+00, 6.716009866209623e+00, -1.559802376443797e+00, -2.830926264074098e+00, -5.034979967096751e+00, 5.717188068937286e+01, 2.358651215868194e+00, -4.109620520872269e+00, -7.224343609579772e+00, 1.051535673834933e+01, -2.019690690649770e+00, -1.805399685705978e+00, 4.085875773246039e+00, 6.212293049279542e+00, 2.553755385588524e+00, -8.383631646516699e+00, 3.195974706616914e+00, -2.948201731728208e+00, 6.283875349300578e+00, -5.209794576963512e+01, 9.873901627384297e+00, 1.524174713858623e+01, 7.049219392055315e-01, -1.725891576177375e+01, 5.585662545829827e+00, 7.826936150238895e+00, -6.846105069323392e+00, -5.591474678096127e+00, -2.288327975004399e+00, 9.901116220533199e+00, -6.193467244779812e+00, 4.725129332258048e+00, -7.858509299296450e+00, 5.054647037813009e+01, -2.194617919676327e+01, -1.155654189577642e+01, 1.148953286842708e+01, 2.963905196398082e+01, -1.269805569928377e+01, -1.501987829424010e+01, 1.120330529793970e+01, 1.985707820751498e+00, 5.397150323730787e+00, -6.533852472748984e+00, 9.819311587736721e+00, -4.122352725891958e+00, 9.153652101907582e+00, -4.543597235431537e+01, 4.202222625241181e+01, 8.781674938078783e+00, -1.359954806255318e+01, -3.116203767227138e+01, 1.823226655839167e+01, 1.615848011146251e+01, -1.736162243677013e+01, 2.125739940238992e-02, -1.325518728151685e+01, -5.053574803730749e+00, -1.098532068325632e+01, -5.147040132295815e+00, 2.115754799517070e+00, 4.291047959013871e+01, -2.289108932615899e+01, -1.601276613522707e+01, 2.749638243288902e+01, 2.045810206990166e+01, -1.416722189862363e+01, -4.615056769363446e+00, 1.847837018061327e+01, 9.096030512698755e+00, 1.684108347304924e+01, 1.942964928703238e+00, 3.610640367920414e+01, -1.683424590625968e+03, 3.190128174589200e+02, 4.258939539111156e+02, -6.766294071640431e+02, 1.707997735332830e+03, 7.611552597852049e+02, 2.405304413108391e+02, -6.837840842282766e+02, 1.277539893937370e+03, -1.372993252606484e+03, 3.708493568620380e+02, 1.208808083430134e+03, 5.425312499910027e+02, -3.774832724085678e+02, 9.492436557946357e+02, 1.721108326116739e+02, -5.388948862323845e+02, 2.184886419397919e+02, -8.428234423561956e+02, -3.822805421881952e+02, -9.050222536163464e+01, -2.358157385247187e+02, -1.091358020489607e+02, 5.112682891106984e+02, -2.764049629420427e+02, -4.976857285389218e+02, -3.202824008087872e+02, 3.765085610536949e+01, -2.862523826913921e+02, -1.257905868674546e+02, 7.640462263238682e+01, -3.632519638325883e+01, 2.740502923814809e+02, -2.844048950862590e+01, 2.046674098494007e+00, 1.303047737060410e+02, -3.727429573215473e+01, -1.496914833868236e+02, 9.011721539231840e+01, 1.171249709082625e+02, 1.368852316873555e+02, 1.366175458379657e+01, 7.754201621558872e+01, 3.314688925057762e+01, 6.986671855629514e+01, 7.860307139776073e-01, -3.479666208579919e+01, 5.087208753097896e+01, -1.078910709005048e+01, -7.045593795573490e+01, 1.590718507138980e+00, 1.872268082457236e+01, -5.802765680753259e+01, -2.130797036280648e+01, -4.421882569102011e+01, 3.844559356946579e+00, -7.480517764465400e+00, 2.414227035698629e+01, -6.390116606890759e+01, 2.784736216486988e+00, -1.114571647259056e+01, -3.148115293614373e+01, 4.039370496784169e+00, 3.289520815565657e+01, 8.073582178314805e+00, 2.705446896084519e+00, 2.059587136139510e+01, 5.402851717302450e+00, 1.254332329065269e+01, 2.271745858172449e+00, -2.460589698961153e+00, -2.187031620822114e+01, 5.493058506015205e+01, -5.360960238284956e+00, 7.785753906062987e+00, 1.485886806049584e+01, -4.310098578231376e-01, -1.368516664725291e+01, -6.198891453529504e+00, 1.287816758826906e+00, -6.536038350944623e+00, -5.990253542645639e+00, -2.608631356309284e+00, 6.795146985967663e-01, 1.886471821970050e+00, 1.459599673596881e+01, -5.267597809784000e+01, 8.238165446415058e-02, 9.181038861190158e-01, -4.877712433623024e+00, -6.941994100750871e-01, 4.763244706101387e+00, 1.143354004869080e+00, -8.720446927680246e+00, -1.012128116872917e+00, 7.518824961214720e+00, -7.582800271387681e-02, -1.558834755090265e-01, -1.017520285832710e+00, -7.232791033392641e+00, 4.632535222117490e+01, 1.559125230851292e+00, -3.676161558686773e+00, 5.021446100047663e+00, 1.263119972173732e+00, 4.981473510751082e-01, 6.920994711003579e-01, 9.940885606684137e+00, 3.462807281130728e+00, -5.572124017736464e+00, 7.618086481211515e-01, 3.058133262527588e-01, 1.927565905582855e-01, 1.520174330540573e+01, -4.044234420030315e+01, -4.278113650889290e+00, 5.029016625129783e+00, -7.823857129533212e+00, 2.450683033925130e-01, -2.752410708424280e+00, -2.831853337229880e-01, -7.612025254468414e+00, -5.493089853361196e+00, 3.624667941800829e+00, 1.311093228123825e-01, 1.898401019651635e+00, 4.999712595668230e-01, -1.752858455669728e+01, 3.593630122939821e+01, 5.453180034885798e+00, -6.828562307329468e+00, 8.668317576334731e+00, -2.861547413921726e+00, 5.131492794440257e+00, -1.233469413769666e+00, 2.491177805300481e+00, 5.945078448461021e+00, -5.886483742798040e-01, 1.519255142073401e-02, 2.675641134403521e+00, 3.901568836734728e-01, 1.620642456244923e+01, -3.390642536515549e+01, 4.162194673626698e+00, 3.260744527968820e+00, -1.192784150627745e+01, 7.702491496185166e+00, -6.261109986264706e+00, 1.973371688118257e+00, 3.507213384616281e+00, -5.484472158387677e+00, -3.755840642333973e+00, 5.124120773937578e-01, -9.570502987943441e-01, -1.489100366893897e+00, -2.046328032707542e+01, 4.445440361847923e+01, -7.270225793748095e+00, 4.546662202970199e+00, 2.885064917803226e+00, -1.319564112569125e+01, 4.231920052840044e+00, 2.013471819856311e+00, -6.615899134737766e+00, 1.785632831104575e+00, 7.748351836611914e-01, -1.215455360480753e+00, -4.355707146634854e+00, 7.624681850925778e+00, 2.137546416665327e+01, -4.928061779580749e+01, 4.428683860979469e+00, -1.478184368599673e+00, 1.699236468914234e+01, -1.405113439994451e+00, -1.279047918020732e+00, -8.292291737449062e+00, -4.761956708134091e-01, 8.912023053513287e-01, 4.950568737587519e+00, 1.273047730924291e-01, 4.874502124879985e+01, -3.267845614051237e+01, -7.397330921424253e+01, 1.416064061731424e+02, 4.034444774714943e+01, 2.985033554939927e+01, -1.019274437394180e+00, -2.648132226612073e+01, -3.641036036122431e+01, -3.810178249806853e+00, 3.230816336693534e+01, -1.112127370697273e+02, 4.416496052552000e+01, 7.953396600467060e+01, 2.413593217183327e+00, -6.222845603577809e+01, 4.174419588382494e+01, -1.429711412491825e+01, -2.940727673520209e+01, 3.542719749532478e+01, 3.413919534562429e+01, 6.402434365673418e+00, -5.521881526169287e+00, 1.040788129672434e+01, 1.047489803281740e+01, 1.204285844518190e+00, -2.227052967716948e+01, -2.598653633947783e+01, 5.533805949892706e-01, 1.397123435899158e+01, 1.286666282115355e+01, 1.179128126876781e+01, -5.355077490069097e-01, 3.169207761514215e+00, -2.760212539716630e+00, -6.896843789303127e+00, -1.089235516649355e+01, -9.643648289384145e-01, -4.235306910685946e+00, -3.648510376282045e+00, -2.451919364096744e+00, -3.771812297532255e+00, -5.339339117411781e-01, 1.084378765305092e+00, -1.149348425472573e+01, -8.616008979133689e+00, -1.867376456813655e+00, -3.024945537081918e-01, 9.642812752997586e-01, -3.290005443484451e+00, -9.076992069145182e-01, 8.722218973108719e-01, 8.513162213454213e-01, -2.110405516671416e+00, 5.682839990416588e-01, -2.176475229148055e+00, -3.604127879968204e-01, 5.356680000591937e-01, 4.166080272600976e+00, 1.783818713598353e+00, 4.062963899561020e-03, 1.255649539596156e+00, 6.477413639501693e-01, -1.110473964862320e+00, 1.180099529540229e+00, 3.035375357199866e+00, 7.233634541399947e-01, 1.896820705882133e-01, 1.870891346328020e+00, -2.186929837533702e-01, 1.004748072036498e-02, 3.383721975580842e-01, -3.192648778644141e+00, 3.680695374037412e+00, 1.222339607325191e+00, 3.576564771777308e-01, -3.415450472226038e-01, 5.859858794983022e-01, 5.770773909210606e-01, -3.452762808580269e-01, 4.830731147738476e-01, -9.938019472235907e-02, 6.617167363662539e-01, 4.297765076254942e-01, 6.149053106208210e-02, 3.001889243338499e-01, 2.054597368702465e+00, 4.111739565064815e+00, 2.941401692480147e+00, -5.317116693680853e-01, -4.123099441609038e-01, 1.729912359195963e-01, 2.968679857605703e-01, -5.108524775689054e-01, 1.992706370493176e-02, 2.842528195990546e-02, -3.891998653543797e-01, 2.365027877404755e-01, 2.448995628298616e-02, 7.958492564343554e-02, 3.689453860853221e+00, -3.504130569729370e+00, -4.750656343218205e-01, -5.148160790196507e-01, 4.488745111455770e-01, -5.904986133255252e-03, 3.137345638767939e-01, -1.759311128551927e-01, -1.994415774460054e-01, 3.385916706944178e-01, -7.558641403465167e-01, -8.257624096135009e-02, 2.253238030670061e-02, 6.210470725281217e-02, 4.144999530225286e+00, -3.602977245054129e+00, -1.875016493769925e-01, -4.172475290633216e-01, -6.003406076443745e-01, -1.387796390039685e-01, -5.868399895451073e-03, 6.331692763459908e-02, -7.045610231945011e-01, -2.619648722692162e-02, 3.656888130108185e-02, -1.509615435998174e-01, 3.259083876729414e-02, 2.210684390965612e-02, -3.047922698211668e+00, 5.797094752676379e+00, 5.366826091080944e-01, 3.870501623478169e-01, -2.842509693450627e+00, -1.072306907120955e+00, -5.518054182410098e-01, -5.457730526420202e-02, -4.723373417051359e-01, 2.979160875264169e-01, 8.191437624984154e-01, -3.687164466510867e-02, 4.977115334264594e-02, -1.217397750947685e-01, -7.612113369161162e+00, 1.534879151116642e+00, 3.239500745149839e+00, -1.009762320089514e+00, -8.523605091283316e-01, 1.108928248601113e-02, -1.451208515657294e+00, -6.415746193951118e-01, 1.228024484651285e+00, 6.387594410446089e-01, -4.453735597429201e-01, 4.207953086717566e-02, -1.674021932609835e-01, -2.871817396442434e-01, 8.964024181193355e-01, -4.751592845391190e+00, 1.035300337622923e+00, -3.124671438057831e+00, 6.949258199664863e+00, -3.678706712505869e+00, -3.380967506840958e+00, -1.345592606958780e+00, 1.184883845140549e+00, -1.655291052814183e+00, -1.757355355858720e+00, 3.782888941699626e-01, -1.158705998457330e+00, -5.739066774108115e-01, 1.913021687254373e+01, 9.019950619026936e+00, 1.266331366313883e+01, 1.440872542913236e+01, -1.821456615052366e+01, -6.248868238782095e+00, 4.146007560154683e+00, -4.798626070276928e+00, -4.930946644417437e+00, -8.190240229768938e-01, 3.068206928642404e+00, -1.256873793128021e+00, -7.312068347561143e-02, -2.501041102993394e+01, 9.788190301286618e+01, -7.777430777292621e+01, 2.478430782136454e+01, 8.175388357739828e+01, -2.752572508276531e+01, -5.174640484924493e+01, 4.591502811736746e+01, -3.104150015798225e+01, 1.806943382935086e+01, 6.900064241905048e+01, -5.585312482674029e+01, -4.981867214034624e+01, 8.522302709095349e+00, 4.550913951798810e-01, -1.673368246610361e+00, -6.015848117702277e+00, -3.204370011381221e+01, -9.380233994596587e-01, -9.430596317606842e+00, -1.561040284486980e+00, -9.542640910570631e+00, -3.243025381259401e+00, -3.759321671707352e+00, 9.412380017372636e+00, -4.414238005288198e+00, -5.808505730054930e+00, -1.216359209127768e+00, 3.559327084141605e-01, -6.146890908274560e+00, -1.735772890655226e-01, -2.413512777071741e-01, -3.426746262160226e+00, -3.281556485245599e+00, 1.377089173208331e+00, -5.689429512625740e+00, 9.319386413301304e-01, -8.886696639562107e-01, -2.737708987352271e+00, -6.017892224704119e-01, 2.335172226961712e+00, 2.426008030755210e-01, -1.096008442854488e-01, -3.363193394430838e+00, -3.512544021135856e-01, 2.203348334546059e-01, 2.390955974186430e+00, 1.147005178054280e+00, 5.669061962958547e-01, 9.364175502163594e-02, -4.756621897845765e-01, 3.793982925969250e-01, -9.353251362080156e-01, 2.071547288836562e-01, 9.514312258588710e-01, -3.971212608562180e-01, -3.332728139162381e-02, 3.171587973503883e-01, -5.329565133260938e-01, 1.394538217293819e+00, -8.662144064604634e-01, -1.099588594006540e-02, 4.864324418512926e-01, 9.192628300472184e-01, 5.833147875039452e-02, 1.800619823422104e-01, 2.416449491765528e-01, 1.828555784704397e-01, -2.402173771777604e-01, 2.186817180567402e-01, 2.644447776110714e-02, 1.355725579272123e-01, 9.633128693199648e-01, -1.837986722203790e+00, -1.212648430035080e+00, -4.026069379133710e-01, -6.256111089957270e-02, -2.512016421402166e-01, 1.775220633496576e-01, -3.908843918038664e-01, -4.728484139840967e-02, -2.230755123058207e-01, -7.476939118440337e-02, -1.339179034425824e-01, -5.418574552948324e-05, -1.394578256826226e-01, -2.521421721197008e+00, -1.737833349134048e+00, 2.773382202864534e-01, 3.407502789599552e-01, 2.760847798278413e-02, -5.183366803890933e-02, 2.325248635179433e-03, 2.210178991112863e-01, -5.667883587807355e-02, 7.899575798423152e-02, -2.195404166456131e-02, -9.077830774666788e-02, -1.410311400141946e-02, -8.997372648933068e-02, 1.354216644322067e+00, 2.008626551558077e+00, -5.577696593407795e-01, 4.774349773776917e-01, 2.978620637065008e-01, 1.076599883580140e-01, -9.496783218573025e-02, -3.016260606697956e-03, 2.472971504128501e-02, -5.094298944701664e-02, 1.255025911325443e-01, 5.602231422780343e-02, 6.227950205276438e-04, -4.899050923402916e-02, -9.422834706669890e-01, -6.393974157728035e-01, -1.103491505495233e-01, 1.022208403621755e-01, 5.549039073600798e-01, 2.330202001931689e-01, 1.844308971517507e-01, -3.435852976736278e-03, 1.747834324385634e-01, 1.101235106391751e-02, 5.288209233810834e-02, 4.886212422861132e-02, -2.816835296530945e-02, 1.562339909133377e-02, 1.089467692848754e+00, -7.029729807163959e-01, 9.410768940559363e-01, -5.619185705363873e-01, -1.019454711247641e+00, 6.350621357526420e-02, 1.698950030948644e-01, -2.678837428073757e-02, -1.516011493729839e-01, -6.850791725802166e-02, -6.492578740138281e-02, -6.369256469141719e-02, -1.826493014342046e-01, 1.093072241720445e-01, -6.243922584211643e-01, 2.833081336718185e+00, -2.592048686430011e+00, 1.245176761590260e+00, 2.245933802040326e+00, -4.797364075573367e-02, -2.318673163268343e-01, 3.108261099672821e-01, 5.380089362033859e-01, 4.402246489657530e-01, -1.805296589678456e-01, -1.449915898080724e-01, -4.203010058537885e-01, 3.120016657357058e-01, -6.423510601536728e-01, -5.736343682679871e+00, 5.441186723064614e+00, -1.402403185527491e+00, -3.572183270987421e+00, -1.820784602158052e-01, -1.319023809533502e-01, -9.179794693822757e-01, -6.083031864003937e-01, -1.777648197763978e-01, -1.822556376680861e-01, 2.266755076503021e-01, -4.786581350049172e-01, 1.117307180666495e+00, -4.298947766197483e-01, 5.002412176424896e+00, -4.595418620967532e+00, -6.671352863376868e-01, 3.735583615374079e+00, 7.173710220670449e-01, 5.506774038044876e-01, 1.575368503162384e+00, 6.292406302847842e-01, 2.349492404209372e-01, -3.009201848296069e-02, -8.619411707427402e-01, -2.726051196559471e-02, 5.627177249290333e-02, 1.453829586638559e+02, 2.281635264958135e+02, 5.049506722964826e+01, 2.919724813308954e+02, 2.779901606772119e+02, 6.542011290435455e+02, -2.974113587695266e+02, 6.946002805864786e+02, -3.265255846740311e+02, 8.447778795460659e+02, -8.394049309480730e+02, 3.981783607414912e+02, 1.288625377043166e+02, 2.887245042358823e+02, -4.092951542469941e+01, -2.780142617830333e+02, -2.301378466995223e+02, -3.793838812244217e+02, -8.282225771627392e+01, -9.637289113322554e+01, -2.121252921108531e+01, -2.441237929109811e+02, 4.446130765226766e+01, -2.870602918055550e+02, 1.687490976617252e+02, -1.894572946381146e+02, 1.416433745340853e+01, -2.018715797056965e+02, -2.384403304868782e+01, 1.387006855467529e+02, 1.524021553244583e+02, 1.905974345592583e+02, 1.537533426565690e+01, 2.554548626341238e+00, 7.137735308398189e+01, 3.094853722332488e+01, 8.585700572402070e+00, 5.688301225777317e+01, 1.654511003191411e+01, 6.996914497506422e+01, -2.694015624775904e+00, 7.423117530884696e+01, -2.037053584153099e+00, -4.620009635233370e+01, -6.624731845484862e+01, -7.129628615064969e+01, -7.678225255956580e+00, -7.308469281267187e+00, -3.884525571597770e+01, 1.580462908656888e+01, -3.714677586644301e+00, -3.280720504574056e+00, -2.013007647810151e+01, -2.663160789146290e+01, 4.829272629037575e-01, -1.445114958339604e+01, 5.524696443286081e+00, 1.264691150798057e+01, 2.910601897816276e+01, 2.600619070272255e+01, 4.046069236657122e+00, 2.173589770467501e+00, 1.618810512073352e+01, -1.501689050254172e+01, -4.356446100399999e+00, -2.240460806057644e+00, 6.287259840373300e+00, 6.730879474142891e+00, 2.393068556375743e+00, -2.497314963123775e+00, 2.254669732366581e+00, -2.409174056311791e-01, -9.836279775556696e+00, -4.850748595913215e+00, 1.220835105460982e+00, 1.685818615165033e+00, -7.520856909217106e+00, 9.020873122435368e+00, 7.427439578804363e+00, 3.411451553080469e-01, 1.017499120117231e+00, 1.190009327905794e+00, -2.762153783393095e+00, 5.886468415832527e+00, -2.055946521626051e+00, 1.169363889192467e+00, 6.506130287539325e+00, -1.098415647808679e+00, -2.498114561541210e-01, -4.811916207563900e+00, 2.562734778447399e+00, -5.312277372451931e+00, -7.578876017393276e+00, 3.531841199418132e+00, -3.688092067383631e+00, -1.846765113336371e+00, 7.472970509460800e-01, -7.527541563101154e+00, -1.508718281618534e+00, -6.325182691798418e-01, -3.391167732272209e+00, 3.211939084348867e+00, -2.383544708689744e+00, 6.508582059115024e+00, 2.049472041267456e+00, 4.865387867178191e+00, 7.989813212253574e+00, -6.155082328600431e+00, 5.484595600866357e+00, -4.010682518338961e-02, 1.998410691607623e+00, 8.884470357832633e+00, 1.118788915815504e+00, 2.666616693940542e+00, 3.717636968872151e+00, -1.103197224815421e+00, 7.142089510534430e+00, -8.333264581987745e+00, -6.114739655144583e+00, -4.891914279380949e+00, -8.109466869996565e+00, 8.144042850977105e+00, -6.792011221975240e+00, 2.566659554619146e+00, -4.311623803274363e+00, -1.049807839510811e+01, 9.756798158070479e-01, -3.176721771344089e+00, -2.503113164785270e+00, 4.309960690503975e+00, -9.841596561263701e+00, 8.240401580848257e+00, 8.519075260617496e+00, 4.157139429145512e+00, 8.048301347730721e+00, -8.983953595277107e+00, 9.014677803003668e+00, -3.626302717431656e+00, 5.912542250660032e+00, 1.182793407787672e+01, 1.890925057128843e+00, 2.671999533032882e+00, 3.398360993633971e-01, -6.465805101955544e+00, 1.343494850506247e+01, -1.006101888575254e+01, -9.173184489630566e+00, -2.725636676068111e+00, -7.968283149060458e+00, 8.536838100886724e+00, -1.150415397236757e+01, 4.142505942188765e+00, -7.467638133943277e+00, -1.261529856276592e+01, 4.886270612690030e+00, -4.521060893742106e+00, 1.511818814825628e+00, 8.180346702272990e+00, -1.344960790279087e+01, 1.164834727708487e+01, 6.298146199451056e+00, 2.532172784505234e+00, 7.139651959644531e+00, -6.552726908348804e+00, 1.250019129835799e+01, -3.832309659542669e+00, 7.253826386970588e+00, 1.163486826989061e+01, 8.695264252944525e-02, 2.774268342366154e+00, -6.600970010227505e+00, -7.342197106481377e+00, 1.005399076629264e+01, -6.993776685069881e+00, 9.221929426423392e-01, 2.163965002276576e-01, -3.608151857061376e+00, 4.210412043242153e+00, -7.930554767385625e+00, 2.964250490427786e+00, -4.320411308199370e+00, -7.455341745932162e+00, -2.918543818462203e+00, 2.880253213971959e-01, -2.730085915933493e-01, -2.773337626057097e+02, -4.953565566424703e+02, -1.832783016371669e+02, 5.231354334085066e+02, -7.137974460199653e+02, 2.293754149039380e+02, -6.674131601215095e+01, -7.289592365479956e+02, 6.990434282336679e+01, -2.858630084761005e+02, -9.579799327049409e+01, -1.437877090064788e+02, -1.926121355240418e+02, -2.242790812056021e+02, 9.002092171683941e+01, 1.925273134181898e+02, 2.106678346433388e+02, -1.404882446789851e+02, 2.118187383453834e+02, 1.834811092456711e+01, -5.012711979229776e+01, 3.072725677414302e+02, -3.315342291478549e+01, 1.198349092090072e+02, -3.207369578857565e+01, 4.589436525330215e+01, 2.879105092592247e+01, 9.994553702702821e+01, -1.035309596731956e+00, -3.004702136023295e+01, -8.738717543340670e+01, 4.180576945458397e+01, -5.038284996038979e+00, -3.716277238481139e+01, 1.206713275188361e+01, -5.965710832532688e+01, 8.058789753725442e+00, -2.055441421577672e+01, 3.133660909434236e+01, -3.074712739937964e+00, 3.070623287636764e+01, -2.173462005707762e+01, -1.088109925476896e+01, 6.378615920178727e+00, 3.872689518593992e+01, -9.347941644121635e+00, -2.227104749852294e+01, 1.250917642764315e+01, -4.010834980148507e-01, 2.632660931866230e+00, 2.084712129215903e+00, -5.271057221282669e+00, -1.361903294832365e+01, -2.774699514004861e+00, -2.762057314592600e+01, -1.374002216752724e-01, 2.890251651277847e+00, -1.731919792811486e+00, -1.766575473169925e+01, -9.600255038676254e-01, 2.456467496274567e+01, -5.055596301356100e+00, -3.719476500868382e+00, 3.971333837420211e+00, -6.586903905832683e+00, 8.670147936807949e+00, 6.371355062684297e+00, 3.590070432740473e+00, 1.490988638744651e+01, 1.706766540508106e+00, 5.660487854851407e+00, -2.585786116874553e+00, 9.485581195219986e+00, 1.233132624747214e+00, -2.339293275519428e+01, 4.363509881751857e+00, 4.708077184453380e+00, -3.497435501419763e+00, 3.987463606254505e+00, -7.976567258461887e+00, -3.604798563925416e+00, -3.441609610175552e+00, -6.241901125140385e+00, -8.323480474978580e-01, -1.476683625337711e+00, 3.837972657379646e+00, -7.388881571065212e+00, -4.956654465643847e-01, 1.742093020120801e+01, -2.915189798856966e+00, -3.618327861394384e+00, 2.817054079917200e+00, -1.901160404248514e+00, 5.971220016681640e+00, 1.824234688908765e+00, 2.740179989638998e+00, 1.864706351549074e+00, 7.690642234868574e-02, -4.357611405612102e+00, -1.104477962087981e+00, 9.080230317425290e+00, -2.102096618952586e+00, -1.286011125967885e+01, 6.551915780925773e-01, 3.834568961646643e+00, -1.607521698652575e+00, 1.191101101123484e+00, -3.240796152427550e+00, -5.277405763700624e-01, -1.955482810044371e+00, -2.888400338608614e-01, 2.286612589818451e-01, 1.122519118948073e+00, 4.793555740764138e-01, -8.298890344615282e+00, 4.603602962378383e+00, 1.005032348766299e+01, 2.855452768070767e+00, -3.890152651385941e+00, 7.996669741626261e-01, -6.169988746376557e-01, 1.335424788725724e+00, 2.844276403196428e-01, 1.585591934645229e+00, -3.749307347066903e-02, -1.883498432512759e-01, 3.368966643695877e+00, -2.144700570569455e-01, 9.877055116793837e+00, -5.167096743152489e+00, -9.445127105337123e+00, -5.723227470644326e+00, 3.230808905400348e+00, -4.519625506874437e-01, -1.284240635779949e-01, -5.529944352421039e-01, -1.170261849009421e+00, -1.511671421505542e+00, -4.148627688769979e-01, -6.255989292132218e-02, -1.809575981619230e+00, 9.303401311245336e-01, -1.070186344585019e+01, 6.209884076093312e+00, 9.418756306257393e+00, 7.083772639267039e+00, -1.352155160337749e+00, 3.997492339708675e-01, 6.653295766123353e-01, 9.141976259798021e-02, 2.985992379762731e+00, 1.577564043574348e+00, 9.240103860668626e-01, 3.797712729484258e-01, 1.372614132107854e+00, -2.772716734814823e+00, 8.647543251450397e+00, -6.431971217137930e+00, -1.072132540997503e+01, -5.904479082124436e+00, -1.393073288399889e+00, -2.758983112396851e-01, -1.384165419127238e+00, -4.552376611197890e-01, -5.316253337638802e+00, -2.053743303956613e+00, -1.068283965010042e+00, -4.406682202626626e-01, 3.594930134301215e-01, 2.844253655218232e+00, -4.353757786281554e+00, 3.740800925943833e+00, 7.346279832082200e+00, 2.387871517413437e+00, 3.585373968512208e+00, 7.328168361914824e-01, 1.618522535882748e+00, 3.029171984709755e-01, 4.348131634709913e+00, 1.399113514264387e+00, 1.124476402994039e+00, 2.190248752449404e-01, -1.830218580121357e+00, 3.341057984979341e-01, -4.653997707154062e-01, 6.417765203594608e-02, -3.831339597570245e+02, 5.083245898061421e+02, -1.790275119050377e+02, -6.666871257090403e+01, -6.431364092196769e+01, 2.213363717345560e+01, 1.659792406906357e+02, -1.752813501717868e+02, 1.587125776221539e+01, 2.115834525403594e+02, -2.228670787159926e+02, 4.074340956934350e+01, -6.855933262661939e+01, 2.504406026088990e+02, 5.930113613842427e+01, -2.544125898889119e+02, 1.287452287494307e+02, 7.816075929382464e+01, -3.194478168762150e+01, -4.019114818418452e-01, -7.798131035526006e+01, 5.180310511181374e+01, -5.395691281319122e+00, -9.248155194890100e+01, 2.435945993068305e+01, -4.266012042133499e+01, 4.067628958032702e+00, -5.129495108195565e+01, 1.984532017889544e+01, 9.762644238644236e+01, -3.889704410664007e+01, -2.440336727402775e+01, 6.998082258801676e+01, -2.121566169203425e+01, 8.486969568158798e+00, -1.146749317579543e+01, 1.455774330756121e+00, 2.910015150545470e+01, 1.384633605867346e+01, 2.129764348435732e+01, 8.469899578174313e-02, 5.523552369645147e+00, 8.513189029094070e-01, -2.602084674377602e+01, 1.058716747685564e+01, 5.481375683584314e+00, -3.003915287584693e+01, 1.652353313968633e+00, 1.429530799156019e+00, 7.974007328237604e-01, -6.678258594513987e+00, -2.286341658215545e+00, -8.157216704155717e+00, -9.811067135580194e+00, 2.202517700060690e+00, 5.415811749225466e+00, -3.638861772501362e+00, 5.239601578253256e+00, -4.799335954879820e+00, -2.933434893893840e+00, 6.829674113408509e+00, 7.101419805105763e+00, -7.110592014607944e-01, 2.144162764569737e+00, 3.918153554023692e+00, -2.581968191100855e+00, 4.248114300465176e+00, 3.639487630064560e+00, 2.075583856260089e-01, -4.957284498299608e+00, -2.664970186852064e+00, 5.891300287544643e-01, 2.838628585640957e+00, 2.830654585514634e+00, 6.915659091218239e-01, -5.864889681773959e+00, 2.376618263108896e-01, -2.415458573577938e+00, -8.353104455526179e-01, 1.441852385009403e+00, -2.860266533870875e+00, -2.019766001660871e+00, -5.578501536691900e-01, 2.944280229557864e+00, -1.392755494506706e-01, -6.057169665452893e-01, 4.791990866977229e-01, -1.046870116861086e+00, -3.186744600579636e+00, 4.187253967994299e+00, 1.858818249871702e-01, 2.776191029314985e+00, -3.630473332567847e-01, 8.987186779392969e-01, 1.996504029118491e+00, 1.319805708192749e+00, 5.105489120061635e-01, -1.426609909279109e+00, 1.819900166855714e+00, 1.090715784396817e+00, -1.312951018165105e+00, -1.280378535166427e+00, 3.492004518166535e+00, -3.531922630251827e+00, 2.785097173932577e-01, -3.097309824708756e+00, 5.735514781237955e-01, -2.464415968625510e+00, -1.453624453715415e+00, -8.910073707167087e-01, -2.729759737780560e-01, 8.057847882937080e-01, 1.571686226181129e+00, -1.363972368497752e+00, 1.488757355333848e+00, 2.387718709705453e+00, -4.810441976788813e+00, 4.231866609947986e+00, -5.451900628109494e-01, 4.268329121699927e+00, -5.008072193643944e-01, 3.084609741853844e+00, 1.129662922911843e+00, 3.007372814999564e-01, 8.522962808990243e-02, -3.819704598188383e-01, -1.617714274915989e+00, 1.155393063295284e+00, -1.789868350773822e+00, -2.217412349644308e+00, 5.159482707122544e+00, -4.966484177081298e+00, 1.168162372234390e+00, -4.791754754356452e+00, 1.257912062015968e+00, -2.858680026366783e+00, -8.736731338244288e-01, 1.208234397258981e-01, 2.293621037730089e-01, 1.753798521310480e-01, -2.079346090007391e+00, -9.852617845651372e-01, 2.661647260000366e+00, 1.942983152288833e+00, -5.005259532243095e+00, 5.324541885419523e+00, -1.377295418045044e+00, 5.580570172395223e+00, -2.328949844349447e+00, 2.026931167334468e+00, 7.142698237134453e-01, -1.564552486664699e-01, -5.655395931634638e-01, -2.384910154636998e-02, 4.912053784684770e+00, 1.153407491279169e+00, -2.803479327118805e+00, -1.745458987206614e+00, 3.777781205533653e+00, -5.810460572084716e+00, -2.720063833116032e-02, -5.312058498443038e+00, 3.163486125105651e+00, -9.370629131201801e-01, -8.609786114900588e-01, -7.311193882919246e-01, 9.956056489041453e-01, 2.826724137836885e-01, -7.375437249934683e-01, -2.455036907979300e+00, -3.057661680833628e-01, 2.306714979838823e-01, -3.444909289222912e+00, 5.766973100451566e+00, 3.171680607936360e+00, 4.165379472657555e+00, -1.674058172531203e+00, 1.009674661498206e+00, 1.036351737525264e+00, 1.329423273080701e+00, -1.181450391530727e+00, -8.787123590042871e-01, -4.469727175172949e-01, 2.762484529310693e-01, -6.432344091512023e-01, 1.283268987449312e-01, 2.487317266119037e-01, 1.722617534167608e+02, -5.796738882345791e+02, 4.637193386402924e+02, -3.042658088933737e+02, 2.310682027381771e+02, -1.283317650094265e+02, -1.428962673596448e+00, -2.057164868446223e+02, -2.360051394648432e+02, -3.517629804449045e+02, -1.370857828616360e+02, 2.602398848976930e+02, -3.433640919632239e+02, -3.540358521554878e+02, -4.632227901722910e+01, 2.500908976533701e+02, -1.956174302995474e+02, 2.125276702559339e+02, -3.253880658574389e+01, 8.455017968889154e+00, -4.269351246361867e+01, 3.565237365310418e+01, 1.206651554557909e+01, 1.889972256893522e+02, 8.703070195682162e+01, -2.530647579160437e+01, 7.252933257187151e+01, 8.875407967736011e+01, -1.599237920935537e+01, -6.738429701999642e+01, 3.273607360345972e+01, -6.349395428536404e+01, 1.989527577539748e+00, -1.445519974476684e+01, 3.042830448402641e+01, -2.115933364730659e+00, 2.087831844496488e+01, -4.419282333345078e+01, -1.682977402386026e+01, -3.950205505500549e+00, -6.777024219071774e-01, -1.117875550283914e+01, 5.551741676827903e+00, 8.775798614277102e+00, 3.645428116494802e-01, 1.573836829827832e+01, -5.740469740071150e+00, 1.363461922131197e+01, -1.118677080513467e+01, 1.166005716325490e+00, -1.284237083214433e+01, 2.311885248513742e+00, -1.760196037837142e+00, 2.864949572336492e+00, -4.667216618983578e+00, -5.738537621805577e-01, 6.356180537644567e+00, -2.323598303116826e-01, -1.682732017284075e+00, -2.598595603695599e+00, 3.162792000841628e+00, -6.304853453294400e+00, 3.725224156496071e+00, -6.228876320842599e-01, 5.336604662265013e+00, 2.559958565878940e+00, 7.786929246758290e-02, -1.946932740464438e+00, 2.896383632078883e+00, 4.044041614457158e-01, 8.928246524162783e-01, -1.308648379294161e+00, 3.713758986534401e-02, -2.766649433543309e+00, -8.791031937649124e-01, 1.442381985257469e+00, -5.430143515783061e-01, 1.046210639123626e+00, -8.680712311530011e-01, -9.940689790150771e-01, 2.123413942207987e+00, 7.226801146429671e-01, -1.304162906282548e+00, 1.529321706007672e-01, -1.798643078685644e+00, 5.752204159376648e-02, 6.977012410902640e-01, 3.729373688341087e+00, 5.418098244993743e-01, 1.078627757360549e+00, 7.899085632734203e-02, -6.368980312013580e-01, -2.198929015312412e-01, 2.488698322396225e-01, -2.315263379267742e+00, 5.892333158824228e-01, 2.965895318530523e-01, -3.888933897298613e-01, -9.341770113979219e-01, 2.382878932034271e-01, -2.527666313342387e+00, -3.567745998798175e+00, -7.567964772570739e-01, -5.991050310341716e-01, -9.875799277251863e-01, 2.853619833158534e-01, 3.119505027653990e-01, 5.563800898935600e-01, 2.228606715810382e+00, -1.252064500560912e+00, -5.971322743571494e-02, 1.209037672467219e-01, 1.167559745264770e+00, -3.575726092253546e-01, 4.178396275981399e+00, 3.289088283561926e+00, 1.017980392797786e+00, -1.164384840414416e+00, 2.077830257468487e+00, -2.054732180527672e-01, 1.119594440555927e-01, -6.481761317228014e-01, -1.892019824491364e+00, 1.993670237756808e+00, -1.416302535413528e-01, -2.268248996628971e-02, 1.475490783733938e+00, 1.227977505113030e-01, -5.365582509681298e+00, -3.252625440450728e+00, -9.978327870277934e-01, 3.618542956829416e+00, -3.422888875911568e+00, 4.533633548100405e-01, -4.966934444246109e-01, 8.943999748686415e-01, 1.589779324601140e+00, -2.433728450143716e+00, 1.990616829799141e-01, -1.091643030728917e-01, -8.104703018622890e-01, -6.515035251607942e-01, 6.022947961958907e+00, 3.558980970124328e+00, 7.402335280341705e-01, -5.188666254099899e+00, 4.458954025253780e+00, -5.655811766304066e-01, 7.207465023247391e-01, -7.259948384663237e-01, -9.374923058197726e-01, 2.715321369591558e+00, -3.914780975331614e-01, -1.000655659846258e-02, -1.964087840317569e+00, 1.150732127821979e+00, -5.454907908114476e+00, -2.011748980600393e+00, 7.328132719806052e-01, 5.337193490533148e+00, -4.977256172736915e+00, -1.868848788470697e-02, -6.356616969834420e-01, 6.052529095692586e-01, 2.941241075538156e-01, -2.140144279862478e+00, 3.613148510210243e-01, -1.798114408611564e-01, 2.378640536170257e+00, -1.287314495380577e+00, 4.422815006428076e+00, 1.504353236960290e+00, -4.155167900754282e-01, -4.054745266182484e+00, 3.062574497775226e+00, 4.996195331902964e-01, 5.294437271246325e-02, -5.006536263733163e-01, -1.912022845220380e-01, 6.992130079158174e-01, -4.838980770993476e-02, 7.067406281985446e-01, -3.435669474049641e-02, -3.296140990760870e-02, 2.658761847958678e-01, -4.373108464546491e-02, -2.099437379192273e-01, -1.454926230131951e-01, 7.883651548066091e+01, 9.802282061940546e+01, 1.376502836055868e+01, -2.506123248779176e+01, -3.072962524776496e+01, -1.102418494208954e+02, 2.204608197024685e+02, 1.295435931448959e+02, 2.811144727444666e+02, 8.189386509967476e+01, 1.962553439408761e+02, -8.478841593722623e+01, 2.992822752384897e+02, 1.670122570122068e+02, 7.006976244598312e+00, -2.317438791777728e+01, 3.293832654944488e+00, 5.340906202391524e+01, 7.763995871834375e+00, 4.230768960768349e+01, -3.433534848303441e+01, -1.331008075369870e+01, -5.491848850826190e+01, -1.009421000128266e+01, -6.419961661760107e+01, 6.854884663154487e+00, -6.876054835498971e+01, -1.025405192571477e+01, -1.362498020982533e+01, -1.936250686288189e+01, 2.576916204746864e+00, -2.797809856858306e+01, -1.138087277685616e+01, 1.032136081157816e+00, -4.820250838250560e+00, -9.126599410772647e+00, -6.676038547655675e+00, -5.447471211178574e-01, 1.288497136827498e+01, 1.161953937299451e+01, -1.046164483565746e+00, -1.870491723700376e+01, -1.674743560535914e+00, 8.288266223280988e+00, -5.543368293230472e+00, 1.388788311160682e+01, 9.494440439958979e+00, -7.520333807976762e+00, 2.165151053341504e+00, 3.651927820744479e+00, 6.978852110647537e+00, 1.443507873679811e+00, 6.109899152203101e-01, -3.525674834995446e+00, 6.248987972714813e+00, 9.883717920245989e+00, 3.179518711696888e+00, -1.174349658897143e+00, 2.884344366911076e+00, -5.237985861750572e+00, -6.074353682002696e+00, 6.698481708687322e+00, 1.605637779434334e+00, 5.867396373915557e-01, -2.957454321722123e+00, -1.864436514075516e+00, -4.188886347117990e+00, -1.553967379022008e+00, -3.000316317371486e+00, -3.904925032520413e+00, 8.273626422393905e-01, -7.044651030453671e-01, 1.360581638111779e+00, -1.973669412246647e-01, 2.591938421259039e+00, -4.684688000366029e+00, -1.351578418979744e+00, -1.114900926187665e+00, 8.173718033655596e-01, 1.366988451307104e+00, 3.065164089953411e+00, 2.108677402691558e+00, 1.940932367070436e+00, 1.305397490001444e+00, -9.309513190432037e-01, -1.824887483418062e-01, -2.771129386105889e+00, 1.184874809702680e+00, 1.216150076248330e-02, 2.647149621569199e+00, 3.636925226397765e-01, -3.108133192210852e-02, 5.350466129946774e-02, -6.817850183482581e-01, -1.353380035476559e+00, -1.570967439175733e+00, -1.540410090579019e+00, -1.230584462568065e-01, -5.223399112840673e-01, 5.223330230248399e-01, 1.909509121700132e+00, -1.140654612955115e+00, -1.610435012293811e+00, -6.559494954325124e-01, -1.747146661786571e-01, 5.426640739596380e-01, -8.857884224479592e-01, -3.325384615299443e-01, -1.630541642164721e-01, 1.182979117177526e+00, 1.465678365834352e+00, -5.158535028748100e-01, 2.311575562436450e-01, -9.820225766561974e-02, 7.425477580807860e-02, 1.452189655222707e+00, 3.087463646348618e+00, -1.066930690450136e+00, 2.647465820188846e-01, -9.813074131060772e-01, 1.694450179185653e+00, 1.277271484948274e+00, 1.390613693543336e+00, -1.164476914571084e+00, -1.300087592407947e+00, 8.248475215051302e-01, 1.503538922492001e-01, -2.901004530899821e-01, -5.668332730630032e-02, -1.835868614468978e+00, -4.025553401077124e+00, 2.620147324627969e+00, -8.551986125184111e-01, 9.034259470237919e-01, -2.583274244900218e+00, -2.193746978980415e+00, -2.390644339164917e+00, 1.608232215968624e+00, 1.293155170595643e+00, -9.519965019643573e-01, -3.238512322678169e-01, 4.112707130624900e-01, -5.134709027872233e-02, 2.876028381879988e+00, 4.766698282226783e+00, -3.610269457074511e+00, 1.460905929034675e+00, -1.018650842204636e+00, 2.980479843862922e+00, 2.681862219946786e+00, 2.771466909392816e+00, -2.206684925718335e+00, -1.353712167335205e+00, 8.020388175973127e-01, -7.289272377459197e-01, 1.995559970046005e-03, 1.143087554234578e-01, -2.425471708383748e+00, -4.551240404642618e+00, 3.349659120520471e+00, -1.420695462609153e+00, 4.163470542610740e-01, -3.128076425678628e+00, -3.095498862363315e+00, -2.603154349468028e+00, 2.210380188042626e+00, 1.414577895349320e+00, -3.747039799156279e-01, 5.437995791752834e-01, 5.157538302158315e-01, 7.697528731773511e-01, 2.233235867902274e+00, 3.229378745507822e+00, -1.908013657844455e+00, 3.220620068362782e-01, 4.433151465484640e-01, 3.278618137659768e+00, 2.351746825092853e+00, 1.501579124767770e+00, -1.076674340825015e+00, -1.083895424900333e+00, -2.429691188511518e-01, 2.055170490844198e-01, -1.600296922729884e-01, -1.020282481541897e-02, -2.023928813909381e-01, -1.325824580846740e-01, -3.507556556007560e-02, -4.465372804792249e-03, -3.726393394673647e+01, -1.721064185229506e+02, -2.681951564118592e+02, -8.322643161513919e+01, -2.820727715466312e+01, -4.155669130213802e+01, 6.973671973712899e+01, -1.782205762120771e+02, -1.257145152032821e+02, -1.267641853831389e+02, 6.470879369483842e+01, 9.112049723949586e+01, -5.223556207503961e+01, 5.306070469087751e+01, -5.747105431008747e+00, 9.384538406492848e+01, 9.311718916222863e+01, -8.887776365037311e+00, -4.374915769284913e+01, 6.904256188752729e+00, -6.935281272281020e+01, 4.859266640989845e+01, 2.186758607226715e+01, 3.335529099031533e+01, 3.345092357509623e+00, -6.006773718148043e+01, 2.059020976704197e+01, -1.800531763390171e+01, 2.020668341777265e+00, -3.974657738462950e+01, -3.752693896429535e+01, 2.006786148974370e+01, 2.104110540162330e+01, 1.364388972475184e+00, 2.542743669438931e+01, -9.799648490609195e+00, 6.045898994715928e+00, 1.911390787610215e+00, -9.084528976610637e+00, 1.387737779610687e+01, 2.138308268047672e+00, 2.324306773974235e+00, 3.061376319028227e+00, 1.046112929365874e+01, 1.153361306022489e+01, -5.477885296363639e+00, 1.111297305173368e-01, -2.516121589060199e+00, -8.060896574838154e+00, 1.357702098415125e-01, -7.357393235804899e+00, -6.807554925848017e+00, 3.936023977021868e+00, 4.412188132208794e-01, -4.225152810285661e+00, -7.166796502551161e-02, -1.096867556511592e-01, -1.885208466818405e+00, -3.349179092399176e+00, -1.178227726828420e+00, -5.460029188776393e+00, 3.720516563216602e+00, 1.848051513622374e+00, 7.585117340727887e-01, 3.273673756240957e+00, 3.990085044943855e+00, -2.219168720256341e+00, -2.344399898387836e+00, 2.709353296331067e+00, 1.035448697770257e-01, -6.213965393717227e-01, -4.082517652401271e-01, 7.980056416257236e-01, 7.157640512439917e-01, 4.624555919716850e+00, -3.524830968136941e+00, 3.907439582585870e-01, -2.674237969815628e-01, -1.332319878441466e+00, -1.210280382740972e+00, 1.244598939855509e+00, 1.405232952264058e+00, -1.084804345487405e+00, 1.395782696708555e-01, -2.095959167272408e-01, 4.795714599912448e-01, 1.251797680970186e+00, -5.159001268268307e-01, -3.124991541955227e+00, 2.831769636130716e+00, -9.912406542582471e-01, -2.894301674443068e-02, 4.287618559870372e-01, 1.321585187326611e-01, -5.823937066885303e-01, -3.190785646070406e-01, 3.180172970552945e-01, -9.369020748469002e-02, 1.464786109034967e-01, 7.723408657796306e-02, -2.731632984889766e+00, 6.914674382760456e-01, 2.300165253773729e+00, -1.458409549792379e+00, 6.541322901736617e-01, 1.641302453717331e-01, 2.546765744930765e-02, 4.805499488670941e-02, 1.632362860324310e-01, -3.817212153262804e-01, 1.045679336395769e-01, 1.817371653483050e-02, 3.069561043819264e-01, -1.511380023794245e-01, 4.366357822462630e+00, -9.524838384015385e-01, -2.022052863552679e+00, 8.551480046454908e-02, -1.742432676180082e-01, -2.232531807875696e-01, 3.167002507226395e-02, 1.952527857604467e-01, 3.545436332715701e-03, 9.372504679853749e-01, -4.651659945072694e-01, 1.364715042539604e-01, 1.225592186680526e-01, 2.074689632319784e-01, -5.029712216557398e+00, 9.301358125402437e-01, 1.585912426536714e+00, 1.297055121087919e+00, -5.008536572434411e-01, 1.484723843452205e-01, -3.266708449256309e-01, -9.562842476602375e-02, 1.778428790668293e-01, -1.286260463566757e+00, 9.102710059368750e-01, -2.729700700882532e-01, -5.036759818216462e-01, -2.681211642028686e-01, 5.572300168741361e+00, -1.044263293738308e+00, -1.167470158198944e+00, -2.081067283941260e+00, 1.228886652026332e+00, -1.342398708862422e-01, 3.641137651174737e-01, -1.082221534500332e-01, -6.010789599875477e-01, 1.665344071867514e+00, -1.388299116106154e+00, 3.620353437629317e-01, 1.564122314051854e-02, 4.295706640218440e-01, -5.269172510462841e+00, 2.167190530223311e+00, 1.316610888311594e+00, 1.966221577302891e+00, -1.954074798716871e+00, -1.374579739589488e-01, -5.555317090300911e-01, 3.000034278039300e-01, 9.189759280846357e-01, -1.797055603952371e+00, 1.529096434818465e+00, -4.224673156838744e-01, 1.918389081879477e+00, -1.020776937683368e+00, 3.595325571360827e+00, -2.741526634096273e+00, -1.137347152210569e+00, -6.066011500853974e-01, 1.652480808031981e+00, 1.216983887770313e+00, 1.434795900740279e+00, -6.328323976062189e-02, -4.631751280581207e-01, 1.538057325615066e+00, -1.067058234835067e+00, 2.764244924182143e-01, -2.783458950413870e-01, -1.287368103793281e-02, -9.288360599646577e-02, 4.252590947645912e-02, -1.680193870039194e-01, -1.883148909303952e-01, 3.920845964242507e-02, -2.821343874589376e-02, -2.194836889728434e+01, -9.933464024251178e+01, -7.937695576655251e+01, -2.148384084285928e+02, -2.403741384987483e+02, 2.632617053156807e+02, -2.135528529162753e+02, -6.444219495832375e+01, -6.743150061354442e+01, -7.777518102603935e+01, -1.495692976543491e+02, -6.788835893944075e+01, -5.484332239633430e+01, -2.399717296935286e+01, 1.188666143134138e+01, 5.741645257474543e+01, 6.842776526325453e+01, 3.807006594376113e+01, 9.823910108261535e+01, -6.336350799740699e+01, 7.966164424285071e+01, 3.663098340832173e+01, 1.916715808920999e+01, 3.836786237297279e+01, 3.474371156554830e+01, 8.048846915336522e+00, 1.214010107750063e+01, 2.256092429978820e+01, 4.314998771499257e+00, -1.838462242384467e+01, -4.700768562619535e+01, 1.450615812053857e+01, -2.136287802645834e+01, 7.963343849956735e-01, -2.314287383969269e+01, -1.167298610496250e+01, 1.218196816899323e+00, -7.066543997457992e+00, 3.472003696731868e+00, 6.774022147916585e+00, 1.763892084472556e-01, -4.942240660732978e+00, 1.360581478813493e+00, 3.449966307724383e+00, 2.234266477603104e+01, -9.732976825587476e+00, 2.986048560632388e+00, 8.160607559891504e+00, 6.705916093355129e+00, 2.308612452307430e+00, -2.684516630647716e+00, -1.385221299619039e+00, -4.340935723207388e+00, -3.189377064202716e+00, -2.153098382074305e+00, -9.178345817943641e-01, 7.839347338647447e-01, 3.880860476259104e-01, -9.298270149086548e+00, 2.146482181878854e+00, -1.368640493150491e+00, -4.290174147846802e+00, -9.032861091848208e-01, 7.797980726603216e-01, 1.871849191834463e+00, 2.203137557876561e+00, 1.778346723176420e+00, 6.020651990906419e-01, 1.112524709085936e+00, 1.381361728738604e+00, 2.626875847098255e-01, -7.860256572721093e-01, 3.680694902074931e+00, -1.445728481938388e+00, 4.243164824368102e-01, 1.157772919953018e+00, -6.793633763515303e-01, -6.864952836206972e-01, -6.315153973960766e-01, -5.621884978527030e-01, 3.702506512330581e-01, 7.792454563733482e-01, -5.192622636661121e-01, -8.071283836905953e-01, 7.166084914679859e-02, 7.866050833816786e-02, -1.286717804239287e+00, 1.053812474175814e+00, 7.056033370924916e-01, 4.511677819836778e-01, 1.085141023267250e+00, 3.597385062867338e-01, 1.369137625603219e-01, -8.389336550784826e-02, -2.179011000983154e-01, -4.702258319384391e-01, -6.065463899725714e-02, 2.693639167781032e-01, 1.462685924844966e-01, 2.266223839049862e-01, -2.462462000772199e-01, -1.471905028834211e+00, -1.478407143207609e+00, -2.556902481483487e-01, -1.086491364308463e+00, 1.130016248671759e-01, 1.363431465891294e-01, 4.478534434486864e-01, -3.360143436507704e-01, 1.194625747641016e-01, 3.482777985736635e-01, 1.016941183037175e-02, 2.334986295478461e-01, -1.334817016372643e-01, 8.066705357466413e-01, 1.506632997002083e+00, 1.572632921819431e+00, 2.170280587762047e-01, 1.288215415941784e+00, -2.886566782483238e-01, -1.226063621440626e-01, -4.389462526060159e-01, 9.327065529744785e-01, 1.793821257905205e-01, -4.339525769694291e-01, -2.257146581234271e-01, -4.780823814274943e-02, 8.008870562544708e-02, -7.842424987517703e-01, -1.958232723955433e+00, -1.684737968867510e+00, -3.888935994807998e-03, -1.463155608271306e+00, 4.239702877963313e-01, -3.570448313621551e-02, 5.801269170567092e-01, -1.368347400817654e+00, -2.350352760349113e-01, 3.153397859884325e-01, 4.414961009724326e-01, -7.769175093071123e-01, -3.191406208015658e-02, 1.034572434015160e+00, 2.177099059105703e+00, 1.461018243908581e+00, 3.019250466384277e-01, 1.212920994932708e+00, -7.413779407857224e-01, 2.411936481396226e-02, -6.963794645028842e-01, 1.647917292749035e+00, 1.570391306220754e-01, -1.333046529983148e-03, -6.317590701662538e-01, 1.708690434808310e-01, 5.283443032243520e-01, -7.420512782093528e-01, -1.344253570493141e+00, -7.630336991923650e-01, -8.992983469108057e-01, -2.552426868830738e-01, 5.666287282415766e-01, -8.879903326402387e-01, 4.305357596348056e-01, -1.797825821821074e+00, -8.786194623563942e-02, -1.904470695086256e-01, 7.321924137805679e-01, 1.267084400319515e+00, -6.364977357305276e-01, 5.630279101540062e-01, 6.569808714826709e-01, -1.197387945716420e-01, 1.649142231802152e+00, -4.451443347267487e-01, 9.607480888149641e-01, 1.758883144427720e+00, -1.402470279509800e-01, 1.428278207439779e+00, 2.214774547313036e-01, -6.695075215212332e-02, -5.208244933843662e-01, -2.879887272158896e-01, -2.154391404693901e-02, 5.002936705777685e-02, 1.828356236973068e-01, -5.884268920271446e-03, -2.015233856192937e-01, -8.223841743478659e-02, -9.273485577785011e-02, -1.357743615317944e-02, 5.630732501445530e+01, -7.365504467217214e+01, -1.076135249532307e+02, -1.396132062369133e+02, 4.256704638868145e+01, -5.135832561730074e+01, -2.049619945051016e+00, 1.104441025798261e+02, -1.217141642694901e+01, 5.059698969485735e+01, 1.178516924681689e+02, -6.511485761499887e+01, 1.062914468369956e+00, 1.810770720580871e+02, 1.260533203192338e+01, 3.796138437366410e+01, 7.822834518731251e+01, 7.231036732498751e+01, -2.360605893309735e+01, 2.908025547982488e+00, 6.654663417109859e+00, -5.067158313415223e+01, 2.586713778726371e+01, -8.525841101093111e+00, -3.709931456045958e+01, 3.102128427113085e+01, -2.188636790439796e+01, -6.866740288557430e+01, -2.041179896295353e+00, -1.398333797165466e+01, -3.315730458553931e+01, -1.882993489069759e+01, 6.462484837992042e+00, 1.325652193676565e-01, -2.042788984627483e-01, 1.024076020344841e+01, -4.938021854822553e+00, -6.647631743972549e+00, 9.102252158923877e+00, -7.102723177374079e+00, 1.829925228550200e-01, 1.014057204664500e+01, -2.169212458644588e+00, -1.293064569312616e-01, 8.613375248881516e+00, 2.562439692987229e+00, -2.266886619995051e+00, 2.417700387861479e+00, 5.838362195805183e-01, -7.703141784590040e-02, -2.211443437014912e+00, 3.756457685481862e+00, -1.010062191941409e+00, 3.992309871598045e+00, 2.959846437083278e+00, -2.018470711001396e-01, -2.229691001618693e-01, 2.978022300599406e+00, -2.190758411957842e+00, -3.546469249809380e-01, 4.521726107985610e-01, -1.470418702641562e+00, -2.662705394230285e-01, -7.282444105835801e-01, 2.757322447538745e+00, -6.666134678369263e-01, -1.680114431834740e-01, -1.760840342567727e+00, -1.968053998213762e+00, -5.383292613734989e-01, 3.045810827026250e-01, -1.012004760028516e+00, 9.876170122727784e-01, 6.321644396987147e-01, 8.137426594858320e-02, 2.929231157655045e-01, 2.404728787866469e-01, 5.277998669448021e-01, -1.328549709099710e+00, 3.678112915082821e-01, 7.294135089660863e-01, 7.880129533433500e-01, 8.868211047401975e-01, 2.638743678183877e-01, 3.346867960539167e-01, -9.053789578682736e-02, 8.890086294140847e-01, -9.971659479052877e-01, 9.097712778818194e-01, 2.958316908305576e-01, -1.944935102382858e-01, -1.076729424814313e-01, 2.998909963554797e-01, -2.010358693070179e-01, -2.018717991909788e-01, 2.276123096076068e-01, -3.772257599762150e-01, -2.063124741439025e-01, 2.242222352367012e-01, 2.470150865562162e-01, -2.373358483990777e+00, 9.239416175972234e-01, -1.523356507325355e+00, 1.881216731111424e-01, 1.760309111283302e-02, 2.851540968748953e-02, 2.296256349698661e-01, 1.074026858537719e-01, -2.298920421130008e-01, -5.783615983778825e-01, -1.681226160043467e-02, 9.791405402527030e-02, -1.890947246135783e-02, 8.667142706424408e-02, 3.423350335707411e+00, -1.373461569446658e+00, 1.302410468812348e+00, -1.776721260261028e-01, 2.881297799009377e-01, 3.339277916786856e-01, 1.296077631882712e-01, 1.698578634910005e-01, 7.854163684232017e-01, 8.418006912070919e-01, 3.341552393772116e-01, -4.526627794499763e-02, -3.682105236455596e-01, -2.316863947805377e-01, -3.769687153094148e+00, 1.465000376581450e+00, -1.519950389324451e+00, 7.327046501255994e-01, -4.474440278831343e-01, -5.989662828997306e-01, -4.286725453297666e-01, -1.435191769791434e-01, -1.132077227636088e+00, -6.947738909515417e-01, -7.849218099405082e-01, -4.950161490640969e-02, -5.648912519193363e-01, 2.211503570199040e-01, 3.824882943098673e+00, -1.276973343436859e+00, 1.671337315479270e+00, -7.305629979423043e-01, 3.960389539440634e-01, 8.099788633329194e-01, 6.446012406099940e-01, 2.376800911922875e-01, 1.215116887830182e+00, 4.456442540141293e-01, 1.332667772986012e+00, 1.004452851126482e-01, -2.835607471151210e-01, 6.709369499364486e-01, -3.208891940749238e+00, 1.354309798180132e+00, -1.016261515141242e+00, 2.960296261407120e-01, -7.241703853265418e-01, -1.222576031807118e+00, -8.756237520220366e-01, -4.170264208501288e-01, -1.098349107776712e+00, -1.262955562345043e-01, -1.525070596368173e+00, -1.001856685737709e-01, 7.530056044768452e-01, -7.689471791938661e-01, 1.831718471763680e+00, -4.430797994561788e-01, -1.437626452010986e-01, 5.028100274155168e-01, 1.230227228436637e+00, 1.973106641096646e+00, 8.070597405284096e-01, 2.658033303708340e-01, 1.049588023581531e+00, 2.252455631645195e-01, 8.826030684498003e-01, -1.186789306319367e-01, 9.049757777003872e-02, -5.880182030753855e-02, -4.735576848287929e-02, 1.347170152184146e-01, 4.000502598506781e-02, -3.558893015887594e-01, -2.515973621083848e-02, -1.181633598665292e-01, -1.097797466243886e-01, -4.841275936938890e-02, -4.100345617896463e+01, 1.447996263002906e+02, -4.780587266835393e+00, -3.235416607272620e+02, -2.276232941700199e+01, 1.769921925081185e+02, 7.938302864112008e+01, -5.040742576682615e+01, -6.436384153275704e+01, -6.703114600199846e+00, -5.878756198438651e+01, -4.792762619769636e-01, 7.544733668250478e+01, 5.534267765077843e+01, 1.895907323942214e+01, -6.606218737573565e+01, 1.001833660179623e+01, 8.515787886423233e+01, -3.267320439907792e+01, -4.157277159385307e+01, -3.955030143531926e+01, 2.073129516527447e+01, 1.112680343414142e+01, -2.311537473712832e+01, -1.076680434558433e+01, -2.136203896495067e+00, -3.314345896777625e+01, -5.382814621570496e+00, 6.514806318448959e-01, 1.392361761455509e+01, -1.713629081452318e+01, -2.014704650571331e+01, 1.161452066774190e+01, 2.572253771678121e+00, 2.069301059170652e+00, -1.393688894047593e+01, 3.943461554023219e+00, 1.114866249994792e+00, 9.332924209804172e+00, 4.950454087303700e+00, 2.948562922637243e+00, -8.675137695668100e+00, -2.072559352864494e+00, -2.382676242461863e+00, 1.247832313674782e+01, 1.225110913654334e+01, 3.189670413094281e+00, 7.277485508297576e-01, 2.529031639705578e+00, 6.028562873549628e+00, -4.638271444919176e+00, 3.771887892464563e+00, -1.655414063348590e+00, -1.266006284666595e-01, 2.013088445037451e+00, 3.847965960418205e+00, -9.431076693817118e-01, 1.863903313806684e+00, -6.542478642831480e+00, -8.541559366282421e+00, -4.369209747840781e+00, 3.510080812850004e-01, -1.118372001738025e+00, -1.813061963589302e+00, 3.050783647307103e+00, -1.863258139250452e+00, -5.150720266124847e-01, -1.052350763976091e+00, -1.493610284867070e+00, -1.357658419131131e+00, 1.009438674693200e-01, -4.902575980612328e-01, 3.091370334435267e+00, 4.744190035717799e+00, 2.224023515139486e+00, -8.823554792021420e-01, 5.913632338734034e-02, 3.508859260761353e-01, -1.642031148222113e+00, 5.777994777512306e-01, 5.639162798588996e-01, 7.623583002846450e-01, 8.082404609044163e-01, 4.233813478215969e-01, 5.638689261708799e-01, -1.446872723611818e-01, -7.537912495221547e-01, -2.668215167012321e+00, -1.273355802142533e-01, 9.301501398750778e-01, 4.426680600174621e-01, 2.491166158081084e-01, 8.365601151473107e-01, 1.113117943560600e-01, 1.579455695417726e-01, -1.128969523643678e-02, -7.123823323194238e-01, -1.901086651674405e-01, 4.715183185127000e-01, 2.775009836194038e-01, -3.724468372783210e-01, 1.371891183306563e+00, -9.958354245086282e-01, -3.283828018685154e-01, -6.495996984176755e-01, -2.922036228146431e-01, -2.063684108020470e-01, -2.254177422418060e-01, -4.431419849267584e-01, -1.289938517407892e-01, 6.672920535776076e-01, -2.214649945587348e-02, -1.138552105422472e-01, -1.308655279261356e-01, 7.000203671840398e-01, -8.820318575708898e-01, 8.157660138042558e-01, 3.321308129213257e-01, 1.091017275841896e+00, 8.444609089845989e-01, 3.801423775756556e-01, 6.247248879657049e-01, 6.713368376911693e-01, 9.656169907877507e-02, -6.351787799082292e-01, 2.027034218212214e-01, -7.421300363431591e-01, -8.266847773218103e-02, -6.874485859860242e-01, 8.691020735063661e-01, -7.861553353661619e-01, 7.940659870126508e-02, -1.233155578824421e+00, -1.328178417237311e+00, -4.821668132546142e-01, -7.552718770033425e-01, -6.129104544407457e-01, 2.562761379484197e-01, 5.151180729919639e-01, -3.564899693631344e-01, -5.032668112739994e-01, 3.166137371364307e-01, 5.763795232538376e-01, -1.346029311882005e+00, 6.202260821334628e-01, -3.666670039851587e-01, 8.969863875906813e-01, 1.653332128217571e+00, 5.766596764684155e-01, 8.151661244448002e-01, 3.444403971590954e-01, -6.162400303508534e-01, -3.095053731420273e-01, 5.062608745843428e-01, 3.769610281226386e-01, -9.096609583081013e-02, -7.192146608826929e-01, 2.284320896322273e+00, -4.657147661542187e-01, 5.576923162332811e-01, -5.452298665501462e-01, -1.989142465009258e+00, -1.183375751744174e+00, -8.587065051061121e-01, -1.049159133056363e-01, 7.053680445603411e-01, 3.179663377574561e-01, -5.656268817538103e-01, -5.038519063826848e-01, 3.287856220262458e-01, 9.059856880259815e-01, -2.607274241144401e+00, 8.659109646268869e-02, -2.866687935451349e-01, 5.377363685668775e-01, 1.910258911207706e+00, 1.600185510529372e+00, 4.170690558061536e-01, -1.002519974771034e-01, -2.127751820746407e-01, -3.517484401755683e-01, 3.593066920227230e-01, 4.866163723535518e-01, -3.543411854965557e-02, 1.068194396173335e-03, 1.596024292999762e-01, 1.378912118287014e-01, -2.138529746722272e-01, -3.547269981208079e-02, -6.912303789641547e-02, -6.807556363538862e-02, -6.628621959119384e-02, -1.864017750304631e-02, 6.127391796668773e+01, -1.339946840583260e+02, -1.639968560208168e+01, -2.136511577913600e+02, -2.616784192519523e+01, 8.266151886559382e+01, -5.932810210834169e+01, 1.101942385614800e+02, -1.968309928411007e+01, 3.908892335937015e+01, -5.293975731938723e+01, -1.383827852365150e+02, -1.822849419221737e+01, 5.431154929909809e+01, 1.018404862547240e+01, 6.188828093643170e+01, -2.268647421083737e+00, 6.828445525806826e+01, -7.711415330692057e+00, -7.712227707648808e+00, 2.926241585694003e+01, -1.537528051143192e+01, 3.900133183083017e+00, -2.244131230298535e+01, 9.973898552674296e+00, 5.611009212937814e+01, 2.138184742822164e+01, -1.307250435245174e+01, -1.938868856554565e+00, -2.173963896120100e+01, -1.435340119010768e+01, -1.158530530707371e+01, -4.090482786866002e+00, -5.593907487183407e+00, -4.951996296854358e+00, -1.271909879077850e+00, 3.678877705308488e-01, 5.842587585346377e+00, 2.978071063067532e+00, -1.092940843433857e+01, -9.667760169214914e+00, -9.701484978726679e-01, -3.690544017794459e+00, 3.677321857757587e+00, 8.513033262865855e+00, -2.406804851417607e+00, 5.530324876900884e+00, 6.148618294238182e+00, -3.110333815408940e-01, 1.788441338321106e+00, 2.953643525176679e-01, -9.899811941169676e-01, -1.807721886610459e+00, 2.988888675351340e+00, 2.507986647882524e+00, 2.287324725159472e+00, -6.689895316031856e-01, 1.158497179253800e+00, -3.753530615909913e+00, 2.424014980248770e+00, -3.254538169299842e+00, -2.982373797844668e+00, 2.150956081830238e-01, -9.457073396298098e-01, 5.201738827482567e-01, 1.311447685605763e+00, 6.673298945416133e-01, -6.252584603348218e-01, -2.674769110881248e-01, -1.394609515935927e+00, 8.112578151528479e-01, -5.819612101147466e-01, 1.661513939598730e+00, -1.454310710930582e+00, 1.010647825815689e+00, 3.652807889612206e-01, 1.308633569655888e-01, 3.043399806737460e-01, -7.327500893890629e-01, -1.125603937849683e+00, -7.454844026566773e-02, -4.821455262426037e-02, -1.507876943743978e-01, 5.520941614338490e-01, 6.940647680431793e-01, -3.762036681686202e-01, -1.017849243873514e+00, -1.723853274239755e-01, -3.593087014353616e-01, 1.418926492164471e+00, -4.611414726907576e-02, -4.213263838974263e-02, 4.390950892996976e-01, 5.631160831109803e-01, -3.246247515272568e-01, 1.714634669677125e-01, 2.469939460624938e-01, -6.205542375529097e-02, 1.492736860987680e-01, 6.276256695269298e-01, 5.337058195827641e-01, 6.820620790663439e-01, -1.220618009248230e-01, -1.498489173002834e+00, 8.028778392537991e-02, 1.292019808339071e-01, 2.393296426755820e-02, -7.574870204545717e-02, 4.996634231307920e-01, -8.912576908953933e-02, -1.727251334433655e-01, -2.208994152415804e-01, -3.225565670315736e-01, -1.905622900776582e-01, 2.517672728927767e-01, -1.021480519710545e+00, 1.945248957293567e-01, 1.472014439315192e+00, 3.061944860420382e-01, 3.141306680833260e-01, 1.031623295532904e-01, 1.646241655569683e-01, -2.411672102682950e-01, 2.810121911759541e-01, 7.538877240576785e-03, 3.900663681262322e-01, -2.280110947705774e-01, -3.492702834993416e-01, -3.705200503909158e-01, 1.304623354166665e+00, -7.171474760366818e-01, -1.244149156434657e+00, -7.920342090940533e-01, -6.867271018710771e-01, -1.554732061891121e-01, -1.834867060119032e-01, 1.024405034624609e-01, -3.955344545242886e-01, 6.844660047907749e-03, -5.440889394784660e-01, 2.672941176719938e-01, 8.038259632506140e-01, 6.814439928379533e-01, -1.347750271659310e+00, 1.335573849799501e+00, 1.077028972910980e+00, 1.053844898436950e+00, 8.235982417670340e-01, 1.207049266614146e-01, 4.195321891536403e-01, -1.910028475192492e-02, 6.210560566919280e-01, 4.882175340584819e-02, 6.259109118934814e-01, -4.777081980177108e-02, -8.468389519258852e-01, -4.829820823480933e-01, 1.410072217670456e+00, -1.726998559639239e+00, -5.004769832287994e-01, -1.189043137459899e+00, -8.932177714065614e-01, -3.070515031932173e-01, -9.359098250824915e-01, 7.914417953446132e-02, -8.718588565556217e-01, -3.337615226394943e-02, -5.890105974032880e-01, -2.475453580076275e-01, 1.025444198252624e+00, -1.550004927569783e-02, -1.567167724035160e+00, 9.460120451868799e-01, 1.492350406366344e-02, 1.074514127192916e+00, 1.324522786223976e+00, 5.584946462015262e-01, 1.377880637348549e+00, -3.683672386697107e-02, 1.011101095345589e+00, -1.750848035083135e-01, 1.750733288600826e-01, 1.454520676682593e-02, -3.902195927969694e-02, -5.087404741351754e-02, 1.274904744649687e-01, 1.331295149645998e-01, -1.584629569285165e-01, -4.591663528365344e-02, -7.616661932475305e-02, -6.314029406788528e-02, -8.271136911943019e-02, -5.335443794492317e-02, -3.014932841630930e-02, 8.163725300647889e+01, -4.739385865455691e+01, 1.936063136064215e+02, -3.272548861632431e+01, 6.773761772022675e+01, 1.008613772866471e+00, 1.008998968449862e+02, 4.867973089214509e+00, 1.237867886472876e+02, 1.114570605891389e+01, -9.634845767235195e+00, -9.885938501142407e+00, 6.122890379509672e+01, -6.101882640335643e+00, -1.590873120944183e+01, 1.416541119670839e+01, -1.221594394936544e+02, -6.588259135223117e+00, -3.982790256607108e+01, 1.013038033420575e+01, -2.643082895840101e+01, 2.400563548059867e+01, -5.889813644300029e+01, -2.604893036526423e-01, -6.591308828455560e+00, 2.029848559613087e+00, -6.712343377358705e+00, 8.399163687119012e+00, -3.983808416632784e+00, -2.052935179852478e+00, 4.350286717960486e+01, 5.643009221070695e+00, 3.264528152893388e+00, 3.137156173780777e+00, -1.274720156914086e+00, -1.054750821513448e+01, 1.539163391969936e+01, 2.495958857092780e+00, 7.519444742119012e+00, 1.957367985307807e+00, 3.517244440199197e+00, -3.058935788980698e+00, -4.133280425096034e-01, 1.207694377031549e-01, -8.785096556386202e+00, -2.532618113568016e+00, 5.271860927693321e+00, -4.622003001667561e+00, 4.631531474082870e+00, 5.971258724311928e+00, -4.421472538356324e-01, -9.886318187791954e-01, -4.087409070043587e+00, -1.002194869307689e+00, -2.833561542396479e+00, 2.343408119006658e-01, 6.085857963568105e-01, -1.056484127845595e+00, -2.545501092978271e-01, 2.278819447607908e+00, -3.339924189192400e+00, 2.850761400345915e+00, -2.453748458920595e+00, -2.362075170404438e+00, -1.553675808263487e+00, -4.509514287711113e-01, 7.764265005102542e-01, -3.081378793908549e-01, 1.969233130954771e+00, -9.833866055522805e-02, 4.033735862837345e-01, 4.901944202562057e-01, 1.920400760135637e+00, -2.371218060578738e+00, 1.633985582970645e+00, -9.278286081062191e-01, 1.371902383382182e+00, 7.147644138387965e-01, 9.327034256538765e-01, 4.955852917843527e-01, -6.438720373873951e-03, 1.989995116492244e-01, -8.840114622084676e-01, 1.912943949540570e-01, -2.317146634987435e-01, 1.108288529980121e-01, -1.761745744060830e+00, 2.753911149551677e+00, -4.648968095928956e-01, -5.490379535974640e-01, -1.140563206211616e+00, -1.198965260131011e-01, -3.845924143693201e-01, -2.282510909726866e-01, -2.201063515670238e-01, -3.637668837119826e-02, 2.910251383825708e-01, -1.727233418657886e-01, -5.486804323884162e-01, -2.229261166224198e-01, 1.833993546871036e+00, -2.606799109606437e+00, -9.076839319785418e-02, 1.111999675822980e+00, 1.068762961053457e+00, -1.633221902524715e-01, -3.615423735502903e-02, -1.073299905310917e-01, 3.204101118037213e-01, -2.488609147896220e-01, 7.910104891607569e-02, 7.391448769103411e-02, -2.328937493408304e-01, 9.854421800604454e-02, -1.981415781643575e+00, 2.529854068454853e+00, 7.057625533579415e-01, -1.550644991258095e+00, -1.170072598001628e+00, -5.441631323346645e-02, -6.354106982414435e-03, 6.285557552675779e-02, -6.285373523902753e-01, 3.446074283679443e-01, -1.759340799472668e-01, 2.527344601177984e-02, 5.593972863544391e-01, 2.177835594803949e-01, 2.135307841903378e+00, -2.958431161288806e+00, -8.663000274858418e-01, 1.570904746390274e+00, 1.137769182985870e+00, 2.657870739075795e-01, 2.832172017131339e-02, 4.025309642735003e-02, 8.165191120680225e-01, -5.153479987661325e-01, 3.190227725563895e-01, -5.848706073173342e-02, 5.443464504409929e-01, -5.062536365612036e-01, -2.369885585243719e+00, 3.373335452729191e+00, 1.086045836958345e+00, -1.620823992962089e+00, -7.787245379181240e-01, -3.418009413916178e-01, -1.920019216524529e-01, -4.467951786125896e-01, -8.213043838072632e-01, 6.067453347837510e-01, -4.565887127633027e-01, -3.229097595231258e-02, -1.069858256527231e+00, 5.630158691237063e-01, 2.080340704127825e+00, -3.925226861396826e+00, -1.337577037381138e+00, 1.588783182196851e+00, 6.118705608865247e-01, 4.796111144661336e-01, 7.360691050082852e-01, 1.249275078933329e+00, 5.924016117419676e-01, -3.952734106588692e-01, 4.268434898094998e-01, 1.965263177611992e-01, 9.223047409862458e-01, -6.673779331664133e-01, -9.078343774064986e-01, 3.846262606089746e+00, 1.734275948532007e+00, -1.272310004304188e+00, -1.225154910811949e-01, -6.657231599434824e-01, -1.049572065190763e+00, -1.564693393317402e+00, -2.192979051742822e-01, -7.097774742511816e-02, -6.084795502789737e-02, -2.342933064494658e-01, -1.496774480030037e-01, 1.650911295081908e-03, -1.046612483977953e-02, -2.641304839766210e-02, -7.997418980955959e-02, 1.070063620645277e-01, -3.575453109381595e-02, 1.615844202956325e-02, 2.507775860706588e-02, 1.864157574381328e-02, 3.781256829015979e-03, 1.518717954178936e-02, -1.114449079012828e-02, 4.858957093239768e+01, 5.110787356485916e+01, -8.905778649714914e+01, -9.055098816125395e+01, -5.146295854351375e+01, -3.438123134731540e+01, -9.482402422943442e+00, -5.234479088014408e+01, 1.537238239355454e+01, -3.154226369481052e+01, 1.846912303877592e+01, -1.757437718118812e+01, 6.679326381123873e+00, -2.228453190036127e+01, -2.550893572002525e+01, -1.432493495168173e+01, 3.609423634875450e+01, 2.478699027608852e+01, 3.796639792287180e-01, 3.771482774890426e+01, 1.938043621156379e+01, 2.284250363245577e+01, -4.298307032161587e+00, -5.523800624075328e+00, -1.177745045871987e+01, -4.113181793124191e+00, 4.507373137017633e+00, 1.333291372068790e+01, -4.993248360187960e+00, 8.012476369824562e+00, -1.512734676613523e+01, -2.833317789774982e+00, 4.886990964271795e+00, -1.066145074971744e+01, -5.633872879142384e+00, 6.705756301539305e-01, 2.612042134654522e+00, 6.188255316998226e+00, 1.894299009166023e+00, -2.184788625401016e-01, -2.822153328395546e-01, -1.873060315457717e+00, 1.593920785333494e+00, -2.681882918201194e+00, 8.761588020658241e+00, -3.046495019802862e+00, -1.248640290528941e+00, 4.471566368276183e-01, -2.672735829028689e-01, -3.452769171286080e+00, -9.646285999188752e-01, -3.544983561840262e+00, 4.658917924218864e-02, 7.679374900386170e-01, 5.689819861489981e-01, -5.540108859561852e-01, 5.775430180976426e-01, 6.123330804238201e-01, -4.971052252090422e+00, 4.443466358217144e+00, 6.322781553566248e-01, 4.250889312882824e-01, 6.303959268716229e-01, 1.725461258934824e+00, -4.963843163979419e-01, 1.276955299376348e+00, 1.405511318360975e-02, -7.550938056281441e-01, -5.382850730149569e-01, 6.079215204390612e-01, -9.284092863201567e-02, -9.124935215514901e-02, 3.911111578984549e+00, -3.048768733099860e+00, -2.835922796561055e-01, -4.743777967393389e-01, -3.760424192274692e-01, -5.492511492438440e-01, 3.067711631701106e-01, -4.171885068574540e-01, -1.146744526960960e-01, 4.411942200716260e-01, 5.240683273461687e-01, -2.342361936826772e-01, -1.555595466957099e-01, -1.830811695629608e-02, -3.445730991338711e+00, 1.953932643323135e+00, 4.253667630242507e-01, 1.864154724658843e-01, -1.039643729367062e-02, 6.512331370311768e-02, -2.131956552052683e-02, 4.669073783862524e-02, 1.230274357369045e-02, -2.624847879361650e-01, -3.879219361661927e-01, 4.729768850056460e-02, -5.191503647094702e-02, -4.627457026880898e-02, 3.338844380235553e+00, -1.175675247220233e+00, -5.442072796099466e-01, -6.081393941155862e-02, 1.949747329952011e-01, 4.568238106540200e-02, -2.805970147323999e-01, 1.145079869739783e-02, 1.174975598509582e-01, 1.187511317344534e-02, 1.724658806468634e-01, 3.876734122680986e-02, 1.040615334671685e-01, -6.123513462982438e-03, -3.135933539568578e+00, 7.244945096560670e-01, 9.413687099164756e-01, -1.672022744026554e-01, -2.509538379065348e-01, -6.957808005909462e-02, 4.060554421903863e-01, -7.656848295775694e-02, -3.626309273746871e-01, 1.865597801552848e-01, 6.253153567398526e-02, -6.288724647269213e-02, 1.878877613230935e-01, -1.986080978593318e-02, 2.991898823960243e+00, -6.614215126560939e-01, -1.394108537362951e+00, 3.794045047591169e-01, 2.321764205695419e-01, 9.731022551992609e-02, -4.965688752803330e-01, 7.891588555520664e-02, 4.972611710912974e-01, -4.549989173861402e-01, -2.241326728146111e-01, 1.373107235574891e-01, 6.398986959678334e-02, -1.188041965264186e-01, -3.026377953425862e+00, 5.731297858289388e-01, 1.927875599607680e+00, -5.710754647060928e-01, 3.650320614187744e-02, -8.041252783569482e-02, 5.643003627512910e-01, -1.965373615392737e-01, -4.850383524907970e-01, 7.097713076706033e-01, 2.531831542101389e-01, -2.235359533900851e-01, -7.802843783774756e-02, 1.850992367953230e-01, 3.121958792936596e+00, -6.282135830350777e-01, -2.183394755452081e+00, 5.718722124603471e-01, -3.921754077100760e-01, 3.000562004036518e-01, -4.279833912271023e-01, 5.652645659228778e-01, 3.866768316035022e-01, -6.869546054878007e-01, -3.088394033369071e-01, 2.613174417122547e-01, -1.204985369372392e-02, -2.451507420767821e-01, -1.841863975084254e+00, 5.691188967252115e-01, 2.311177573722645e+00, -6.423705339640130e-01, 5.040316938275338e-01, -6.481028282472536e-01, -3.367864483986561e-02, -7.583570674126777e-01, -1.962526803416004e-01, 3.359383509237420e-01, 2.788475686611853e-01, -1.959357001361856e-01, -1.042784398877677e-01, 3.974232514561236e-02, 5.824769003323973e-02, -1.383921092126051e-02, -1.112392622987177e-01, 1.093862480908771e-01, 3.488972495935579e-02, -8.550992444948649e-03, 2.591824930716393e-02, 3.237263813437460e-02, 1.172407067319267e-02, 1.759954196299550e-02, 8.878067927038411e-03, -3.817258953807925e-03]
