elements:      [Cr]
cutoff:        8.0
pair_type:     gaussian
feature_type:  gtinv
model_type:    4
max_p:         2
max_l:         12

gtinv_order:   4
gtinv_maxl:    [12, 8, 2]
gtinv_sym:     [0, 0, 0]
gtinv_version: 1

electrostatic: 0
mass:          [52.0]

n_pair_params: 14
pair_params:
- [1.0, 0.0]
- [1.0, 0.583333333333333]
- [1.0, 1.166666666666667]
- [1.0, 1.75]
- [1.0, 2.333333333333333]
- [1.0, 2.916666666666667]
- [1.0, 3.5]
- [1.0, 4.083333333333334]
- [1.0, 4.666666666666667]
- [1.0, 5.25]
- [1.0, 5.833333333333334]
- [1.0, 6.416666666666667]
- [1.0, 7.0]
- [0.0, 0.0]

n_type_pairs: 1
type_pairs:
- atom_type_pair:      [0, 0]
  pair_params_indices: [0, 1, 2, 3, 4, 5, 6, 7, 8, 9, 10, 11, 12, 13]

type_full:    1
type_indices: [0]

n_coeffs: 20454
coeffs: [1.229158696795900e+01, 4.404925930223938e+02, -1.886331379271329e+03, 1.542454018040837e+02, 2.877523992174984e+02, -5.555207285729561e+01, 3.557994244236394e+02, 1.149276920033754e+02, 9.316983827296879e+01, 2.155857118046734e+02, -2.665941568346631e+02, -3.573835131246463e+02, -3.838187833149848e+02, -4.697110849495031e+01, 9.736814749525399e+02, -1.826218508536175e+03, 9.349857089067569e+02, -8.323136287598360e+02, 1.449328516496855e+03, 6.871043525095661e+02, 3.758691048329625e+02, -1.045036041718050e+03, -5.321368843727510e+02, 9.407918879850606e+03, 2.716127367883768e+03, -1.104715368875859e+04, 4.071009057209093e+03, -4.268976533766993e+03, -5.329608202212022e+03, -4.373126118841492e+03, 1.503585510679264e+04, 7.002575759716533e+02, -3.789248011582331e+03, -2.656026610446429e+03, -1.328819912260951e+04, 4.887967361219251e+03, 3.334934065250936e+03, -4.247699901907386e+03, -4.441233761800289e+03, -5.965842118313218e+02, 2.433125235789553e+03, -6.390083942475651e+03, -7.676700618750682e+03, -1.234322433659225e+04, 1.508407005697462e+03, 8.318550917229486e+02, 3.679847943088419e+03, 3.666070306388103e+03, 2.298169784278672e+03, -8.135774666110354e+02, 2.734146201826035e+01, 3.888935539577205e+03, -2.376711738450952e+03, 4.121055399851502e+03, -7.312873865523686e+02, -3.244336188936608e+03, 6.338485240704398e+03, 1.029719157428349e+04, -1.003019077223250e+04, 7.966282468917714e+02, 1.242249722629394e+03, 2.759115193006307e+02, -6.848641420800479e+03, 3.993573853720319e+03, 8.144373167407166e+02, 2.436834427826409e+03, -6.527797205224608e+02, 3.801114115334174e+01, 8.874256803314421e+02, 6.988681752191871e+03, 3.529311977524789e+04, -7.542352529150458e+03, 3.323306031841238e+04, 3.596222159475136e+04, -1.540487347626459e+03, -1.253599236016687e+05, 1.205396019472843e+04, -8.701179963609149e+03, 8.562565448303816e+03, 9.480030822304640e+03, -1.818060946161715e+04, 6.488618532023394e+03, -4.856715377470752e-01, 4.609332015741378e+01, -4.300508417678591e+02, 1.701305481925616e+02, 6.677552096466701e+01, -1.154042172218899e+02, 2.749278832479974e+00, 5.988769075518233e+01, -2.657092914811810e+01, -1.735360888390663e+01, -2.685374737783546e+01, -2.953045039177886e+01, 4.061272494008879e+01, 1.229074563005330e+01, 7.499632186283532e+01, 2.064600337643339e+02, 2.512062738907253e+02, 1.146307610565774e+02, 1.782520958200790e+01, 3.033825638244083e-01, 1.199294231531622e+02, -4.496954253687994e+01, 6.557209708307019e+01, 1.197895634365289e+03, 3.850247445083622e+02, -4.232308741782661e+02, 9.680546819687518e+01, 5.569215039817017e+02, 2.917817268873397e+02, -2.999359615348125e+02, 2.556175057149937e+02, -1.851363031738047e+02, -5.530564974018181e+02, 1.232047392499007e+02, 9.980262651989448e+02, 7.701530799697386e+01, 4.040908521958589e+02, -3.559966399407127e+02, 8.174240182836586e+01, -1.623373079715248e+02, -1.211454355575188e+02, 2.069661041896759e+02, 1.884042622568930e+02, 4.453155594846924e+01, 5.727169609475388e+01, 2.777763900233379e+02, 2.028411318133732e+02, -1.320951504832126e+02, 3.843944831380012e+02, 2.677231966165837e+02, 9.776912320825690e+01, -9.038992091987339e+00, -1.305090066774235e+00, 2.801753204702093e+02, 1.310628147977046e+01, 2.012391182462120e+01, 7.954125562107909e+01, -1.789564469254481e+02, 7.086413114631293e+01, -4.402714738752147e+02, 1.328115481339419e+01, 3.329795945099509e+02, -1.634541045883265e+02, -9.996640230704554e+01, 1.079834797340625e+02, -1.742182199091687e+02, 8.237711654078811e+01, -1.108170569038955e+02, 1.655710933472767e+01, -2.315071076736883e+02, -7.360813367304924e+02, 5.830571738095019e+02, -1.562250826802280e+03, -4.238328694030376e+03, -2.291513038689788e+02, -1.864763204789950e+04, -3.610204774110636e+02, 2.370092693176046e+02, -2.712991082857586e+02, -3.003686028532917e+02, 5.760408126331296e+02, -2.055877071952108e+02, -1.012746393377169e+00, 3.520707528774351e+00, -7.759781075011657e+00, -2.243491632052650e+01, -2.099015883369087e+01, -1.373037384134752e+01, -1.906120753255370e+00, 1.502436225370903e+01, 9.834004737552826e-01, -8.189078115786035e+00, -4.513166812499462e+00, 4.896437867923833e+00, -5.453004602585239e+00, -1.362231735617817e+00, -2.672955149209490e+00, 1.420297358274158e+00, 3.687252104199534e+01, 7.048097744838496e-01, -1.437770487054925e+00, -1.124481223163536e+01, 4.664058188987384e+00, 4.950570169729941e+00, 8.099673004020302e+00, 2.188301781200696e+00, -2.105752123940050e+01, -2.646933312770102e+01, -5.429146704871442e+00, 2.407324896444943e+01, -3.033420315526162e+01, 1.273229770840012e+01, 1.560579592229128e+01, 1.134370630262863e+01, 4.924175742268564e+01, 3.504397377557017e+01, -4.420562925764440e+01, -6.886431547245529e+00, 7.383898599150156e+00, 9.442392826483943e+00, -1.180869268046699e+01, -3.093211521075805e+00, -5.160200717972511e+00, -1.324933187689652e+01, 2.720012355655866e+01, -3.999244655390380e+00, 1.708707324152782e+01, 1.406061751200150e+01, -3.343351575339337e+01, 3.829054422796963e+00, -1.858891458766441e+01, -2.121256223830342e+00, -9.385768162942639e+00, -6.599184273651196e+00, -1.394485357173311e+01, 5.010823949878456e+00, -1.685963924710223e+01, -8.335164512774774e+00, 2.895360494559034e+00, 4.508773709899406e+00, -1.880813255194708e+00, -5.676001991319843e+00, 8.976199847222857e+00, 9.876462788416607e+00, -8.057514989724920e-01, -2.102956780022005e+00, 4.767960803491547e+00, -3.036868086123977e+00, -8.431996641037268e+00, -1.038445913198756e+00, -1.707796003844965e+00, -4.222417003260042e+00, -1.376095369234798e+01, -1.893908820726975e+01, 1.213518206759863e+02, -4.031320366847147e+01, 4.109757659304017e+00, 3.344267587479125e+02, -1.400441328751330e+02, 1.154629489831903e+02, -3.262625974727043e+01, -3.612219612595222e+01, 6.927473745299957e+01, -2.472387301708020e+01, -1.254558255119962e+00, 2.920917587549801e-01, -9.680444623606000e+00, 3.317758370233233e-01, -6.032349615686204e+00, -1.104819254489663e+00, -2.883860212814639e+00, 1.060363632380668e-01, -2.050905101721185e-01, -1.821663358921861e+00, -2.684758950021095e+00, -1.269265612387334e+00, -3.136351734725533e-01, -4.292919508304621e-01, 2.313892973525859e-02, -2.967722155765330e+00, 4.961089963271632e+00, 9.768661911417652e-01, 9.302717124126441e-01, -2.258369964856802e+00, 5.208770845576590e-01, 1.032690674969050e-01, -2.481239468186248e-01, -9.849658719768643e+00, -9.454509287969610e-01, -2.526503841622560e+00, -1.084734367543117e+00, 6.700659733888581e+00, -3.511884516100873e+00, 1.000217981822461e-01, -3.522947815108116e+00, 2.993805697920229e+00, -3.850042711173594e-02, 2.232945523211168e+00, -5.951636476506853e-01, 4.283395557923527e+00, 3.380244163301842e-02, 5.262896712601846e+00, -1.561200710325972e+00, 2.560228921425105e+00, 1.038328414209057e+00, 3.217807667169270e-01, 6.433060091032552e-03, -4.711267989173450e-01, 1.013489344846580e-01, 2.357270694212597e+00, -4.648395971636712e+00, 2.378003020730328e+00, -3.732633008416942e+00, -1.167962315840146e+00, -4.376069285134474e-01, 1.774871791107569e+00, -1.760745724452342e-01, -5.179647697801394e-04, -2.646587728780215e+00, -1.915361244519327e+00, 1.565994052354171e+00, 1.074699293035550e+00, -4.067044128962081e-02, -1.659717724669495e+00, 4.559693683086726e-01, 2.931895977455595e+00, -1.183392815103395e+00, -4.217816610032523e-01, 1.769961855986310e-01, -7.614686566487857e-01, 4.813111457086492e-01, -2.715638039576374e-01, 9.582293402281011e-02, 4.951821208103644e-02, 4.392678846003665e-01, 1.914864108370593e+00, 6.495886064331238e+00, 3.471673739437712e+00, -2.741456293232105e+00, -2.230874690680459e+02, 7.277399317039080e-01, 7.424788930733619e+00, -7.557249184780258e-01, -8.368345005342274e-01, 1.604612777086185e+00, -5.726439561699672e-01, -1.184564288471176e+00, 9.994271899685955e-03, 6.757768131413434e+00, 5.653175665190627e+00, 2.152339658676428e+00, 5.050857236266268e-01, 1.957933526428433e+00, 4.145123610650265e-01, 1.756798838867426e-01, 1.815219951432255e-02, 9.870363746540660e-02, -4.575069402593417e-01, 4.589548068989462e-01, 9.188691795619289e-02, 2.242463722701728e-02, 6.366069707028953e-01, -1.729691643508140e+00, 9.237425835653255e-01, 2.043481740039391e-02, 5.789711085872809e-02, 2.446562377410420e-02, -8.646178680825142e-02, -8.473054435180762e-02, 9.559072117327602e-01, 1.287302191976868e+00, 4.699746502477469e-01, -1.921720684400154e-01, 3.336160747256188e-02, -6.085765303428401e-01, 4.771075420991746e-01, 5.758541877621112e-01, -2.673400262780779e-03, -6.130023261978725e-02, 5.178141818001459e-01, -6.968667205695814e-01, -3.887960591260295e-01, -1.539479454475398e-01, 1.996085145598906e-02, -9.471262501659078e-02, 7.443905856660192e-02, 8.212756918419498e-02, 6.617365207110575e-02, 4.617712144145191e-01, -2.983906076619490e-01, 7.000922781264127e-01, 4.937506187872752e-01, 1.073492916450944e-01, 1.243498896473690e-01, -1.790478646670091e-01, -1.540744878549102e-01, -1.255678575583312e-01, -1.325356612384186e-01, -1.672909570075783e-01, -8.141304975594206e-02, -2.263000288548134e-01, -1.522517399642792e-01, 9.393583523185957e-02, 1.079871754183753e-01, -7.564312956791248e-02, -1.049542125357375e-01, 6.904137801532112e-02, 2.802453590380214e-01, -2.479675375640691e-02, -1.093537536085856e-01, 1.897211250843374e-01, -1.402768404473146e-01, -1.131263158823511e-01, -3.011314575711928e-02, -1.573472790058814e-03, -8.025973973210304e-03, 1.896066025936094e-01, -1.068771320950885e-01, 3.493287818771605e-01, -3.580431311726792e-01, -3.931797646757476e-01, -3.198684491445385e+01, -6.100822977630481e-01, 3.437045658441610e-01, -3.221997243750371e-01, -3.567287054517897e-01, 6.841896738363338e-01, -2.441866025828308e-01, -6.099079748961607e-01, 7.303661981269463e-02, 1.763255265552367e+00, 1.492087810222341e+00, 1.349838877046450e+00, -1.213521581633469e-01, 4.155807022366754e-01, 5.524488052222863e-01, 3.355306291763468e-01, -1.943233716453826e-01, -9.063957793697386e-02, 2.452867543231628e-02, -5.367806269917205e-02, 4.051029251051454e-02, 4.164809328545728e-02, -1.418479165805010e-01, 9.403515278283344e-01, -4.406572569219132e-01, -2.157722660244897e-02, -2.591816301907617e-01, 1.032082007163784e-02, -2.884981905780025e-02, 1.000872522963283e-02, -1.263236274590638e+00, 1.555694240282071e-01, 7.667217504826367e-02, 1.756280537681624e-01, 9.322379735873448e-02, -6.117031614220505e-02, -1.178207887275328e-03, -1.802336794343332e-02, -1.647647678527134e-01, 5.339228341970886e-02, -9.125434817045247e-02, 2.333784230976089e-01, -4.187268931342168e-02, 6.973686448016249e-02, -7.659182165647895e-02, 1.020800844579974e-02, -1.277744353757856e-02, 5.738607973298494e-02, 5.959698972619658e-02, 2.227845112753902e-01, -8.176452355336390e-02, 3.055034103848533e-01, 2.455344449461154e-01, 1.780986562111778e-01, 2.233117996781098e-01, 1.205492471997884e-01, 3.815590247532047e-02, -3.373594554125114e-02, -4.341242373126677e-02, 1.832865459837653e-02, -7.585747421976220e-02, -2.049086838634072e-02, 2.968305025240084e-03, 4.596367500703395e-02, 3.427626720006430e-02, 1.146959693699388e-02, -3.433574155577687e-02, 7.537745150196973e-02, 1.657203739684820e-01, -1.073517604745334e-01, -6.503991516226744e-04, 2.179669965449037e-02, -6.563710521389002e-02, -1.664538482372420e-02, -3.685569909845267e-02, 2.370963475168434e-03, -3.108151158192484e-03, -1.063751171294968e-01, 7.343711279567509e-02, 3.537420899605654e-01, -6.903766715652657e-02, 7.074737901957118e-04, 5.328617629325400e-02, -2.026492638425170e-01, 1.574450577021267e-01, 3.915426046823094e-02, 4.334235331732166e-02, -8.315419544962747e-02, 2.969269647389625e-02, 3.441814312540547e-01, 7.013246919129444e-02, -1.125483541634472e-01, -2.984567287126359e-01, -2.673377192872799e-02, -2.692246414157351e-02, 2.506742081110460e-01, -9.391222215254401e-03, 1.389410394816855e-01, 1.697701248443675e-01, -1.454711866146417e-01, -1.502102192617573e-01, 4.408132478413906e-02, -2.148751113873402e-03, 2.410066441682780e-03, -6.712484357256499e-02, 1.048198438642875e-01, 1.356097124447922e-01, 1.487662356786097e-01, 3.382066871121776e-03, -1.118085072864400e-01, -1.731412386269206e-02, -2.259501541954083e-02, 4.418825835358065e-01, -1.548608530886464e-02, 3.566043450022197e-02, -3.188237482124234e-03, 4.444481192890567e-03, 3.221960152261116e-02, -1.543087291791279e-02, -8.975517470261002e-02, 9.296857135867460e-03, -5.640360832740809e-02, -4.639313033747169e-03, -1.728549965699357e-02, 4.549768951671735e-02, -1.661632339164680e-02, 2.680131924166454e-02, 8.041796321754195e-03, 2.564459772156430e-03, -1.804401852985911e-02, -3.062906377036646e-03, -5.000015116164731e-02, 1.335285643898749e-02, -5.824202531197678e-02, -3.478530257886708e-02, -3.049740153607827e-02, -2.199693317554956e-02, -1.192038453392960e-02, -4.310178848322244e-03, 1.193152600852436e-02, 1.938331755105212e-02, -4.622622443768267e-03, 7.930857161877082e-03, 2.583571646533749e-04, -2.941909415066053e-04, -4.052814814894916e-03, -9.953400015470985e-03, -5.167026695352049e-04, 7.560043125880696e-03, -8.164478328603748e-03, -3.026834369371306e-02, 1.934548516891602e-02, 1.202172498898737e-03, -4.757908411233903e-03, 1.745837397426616e-02, 7.724929754965555e-03, 1.070678743647142e-02, -2.259245141983259e-03, -4.500837619955057e-03, 8.487111728805832e-03, -3.231878593296245e-02, -1.449661422422943e-01, 3.253612467517994e-02, -2.145143536173218e-02, -1.746876304183140e+00, -2.547605396065610e-02, -1.388157748579421e-02, -1.674030690777530e-02, -1.850570068903567e-02, 3.557113203268564e-02, -1.266908863570768e-02, 5.700831148404144e-01, 6.657381258439948e-03, 4.721676847473805e-01, 3.596804308335703e-01, 4.038182516792390e-02, 9.444434613642208e-02, -1.000593710849471e-01, 3.616373458818766e-01, 2.039331781884441e-01, 9.497441956078644e-02, 2.703193377128973e-01, 6.053957515141545e-02, 3.786407763008332e-02, 3.280920817504770e-02, 1.580261905215329e-03, 4.369189994652417e-01, 4.691533488351040e-01, 4.342111045152432e-02, 6.608305271614874e-02, 1.983275303092640e-01, 8.752127234172373e-02, -2.058976496790266e-01, 4.113222214678389e-02, -3.795883170822810e-01, -3.456146577817262e-02, -3.208588869872349e-02, -3.623294108415168e-02, -4.386461110594673e-02, 1.554420510342671e-02, -4.546904690441267e-03, 1.444956898385346e-02, -3.818277276352753e-03, 3.201555100431051e-02, 1.111946362341487e-02, 6.601091853511249e-03, -3.403558194473940e-02, -1.429107534862345e-02, -3.859236563489259e-02, 1.220083817846302e-02, -1.882384105648800e-02, -4.951008880613916e-03, -9.705708247381206e-03, 2.679752424283818e-02, -8.747900125994071e-03, 2.866448735132562e-02, 8.932045613003814e-03, 2.600842796581916e-02, -1.102774261255376e-03, 1.409669761746700e-02, 8.448683973193764e-03, 3.111222409286544e-03, -1.163250554984120e-02, 5.332840772517842e-03, 4.587056720476764e-03, 3.462610561878571e-05, -7.534679469977753e-03, 3.267062461647424e-03, 1.344400574439018e-03, 4.587245383888181e-03, -6.077521062273932e-03, -1.528863605331258e-03, 1.891888403926475e-02, -3.737747675577234e-03, -4.827851342916893e-04, 2.035155032452962e-03, -1.344629796506186e-02, -4.051377839789331e-03, -7.634658068480077e-03, 3.766963500998074e-03, -2.857554004552028e-04, 9.778866246717722e-03, 3.462343336508707e-03, 9.167051566590545e-02, -7.827863458826910e-03, -2.394943507301738e-02, -1.954627061556718e+00, 3.244521675814396e-02, 1.470534260985906e-01, 1.048555615953896e-02, 1.160934578911505e-02, -2.231474797778446e-02, 8.016323452856747e-03, 3.058922788993530e-01, -5.106300055105566e-02, 2.579408975854519e-01, 7.128757624180054e-01, 5.523549055047023e-01, -2.769867168811808e-01, 8.316871502206133e-02, -2.410615083189905e-01, 1.752783662074514e-01, 3.782369519732905e-01, 1.820830903619505e-01, 2.119521245634970e-01, -1.546602233372764e-01, -3.580007166629592e-02, 3.280537247020804e-03, -1.238069044480741e+00, -2.075063448405479e-01, -3.154591476312424e-01, 2.901839168924465e-01, 1.211765689384277e-02, -1.003094614298042e-01, 9.770560735349604e-02, 3.854067447279690e-02, -2.173086867612299e-01, 2.081391319554195e-02, 5.610308575994175e-02, 1.990923629251300e-02, -9.383860791870639e-03, 6.123321401394987e-03, 2.624931059921676e-03, 1.089351185482126e-01, -9.458437406635781e-03, -4.697252812842588e-02, 9.209613267567893e-03, -6.612100313645752e-03, -1.159402900601792e-02, -9.222934164355942e-03, -3.222692336515578e-03, 2.011588894028340e-02, 6.504025741673670e-03, -2.794424304874447e-03, 2.893533611371197e-03, -9.172582438295902e-03, 7.344567333286149e-03, -1.137988468751805e-02, -2.691530387926487e-02, 2.143011749366073e-03, -2.341009332559515e-02, -7.095924485648471e-03, -5.724137846428217e-03, 8.547451257200467e-04, 8.660269450108659e-04, -2.141177002965600e-02, -9.737473943923531e-03, 5.314861546987095e-03, 2.095732760004201e-02, -1.024229671999550e-03, 1.740231076203131e-04, 4.983132953551275e-03, 2.119742541130709e-02, -3.407966006058055e-03, -3.211759053706145e-02, 3.319187758798453e-03, 9.085156010669089e-03, -1.742856825074640e-02, 2.306463404748968e-02, 3.924473813903226e-03, 5.630863099824125e-03, -2.688456801455848e-03, 7.973901976555238e-04, -2.163180449290965e-02, -5.904782691269300e-02, 6.539059929829211e-02, -3.521855309645744e-02, -9.327435497955221e-03, -7.694197490922806e-01, 1.557427869797542e-02, 5.406518221274582e-02, -2.230506062832162e-02, -2.461599790631933e-02, 4.700979025558822e-02, -1.697136434113311e-02, 8.161408034082752e-01, -1.061693773897893e-02, 4.257919226180820e-01, 4.418819365731972e-02, 2.596808305804214e-01, -1.462529750156840e-01, -2.615121403214018e-02, 2.702653082061176e-01, -2.928107520880061e-01, -2.638998872111902e-01, -3.714314293796083e-02, -1.891970526112924e-02, -2.387814873274642e-02, -1.028385355764028e-03, -3.578420484749142e-03, 1.344554962526160e-01, 8.793131214915036e-02, 5.410325725262042e-01, -2.626858419868911e-01, 2.652079268254912e-01, -6.359266164844893e-03, 5.669012701330112e-01, -2.410329535093894e-01, -6.258167539007191e-01, -6.948218817279100e-02, -6.377110350356938e-02, 4.909700086111575e-02, 5.938712585781581e-03, -3.229242645292488e-04, 6.656407335092866e-03, -2.393718823314602e-01, -4.753899135115525e-02, -7.138392054409520e-02, -4.592374846504235e-02, 3.504642394759180e-02, 5.354492558658375e-02, 6.771843778101533e-02, 3.182386801482423e-03, -3.243119327050246e-02, -3.398581329470276e-03, 7.539099225525112e-03, 8.620926862943761e-03, -8.143084423346988e-02, -1.191330988341017e-02, -5.686930786890449e-02, 2.819022634861000e-04, -1.612354386549773e-02, 2.139841105786316e-02, -2.636198969033161e-02, -2.706374518221060e-02, 1.672468349032429e-02, 1.638531714091808e-02, 3.809790083677905e-03, 1.118471050710067e-02, -6.646427874039844e-03, -2.503607885539787e-02, 2.881411117528223e-02, 9.699588054926480e-03, 3.851104753174105e-03, -2.145212193141620e-02, -6.187167668089858e-04, 2.308635083780060e-02, -2.242304798324881e-02, -5.704151409150886e-03, 4.102447003695618e-03, -1.087690308798149e-02, 1.305363058150293e-02, 8.997413696433518e-03, 3.411791094863299e-03, 3.060409022596356e-04, -4.468916937625923e-02, -1.460389503145989e-01, 1.584991366530593e-01, 7.560237242899492e-02, -2.285919513328871e-02, -1.875655787919858e+00, -2.599158729601703e-01, -2.299168201200041e-01, 1.411637566535297e-03, 2.060955469874951e-03, -3.129522212119013e-03, 1.237023115093873e-03, 8.705484920493002e-01, -2.016823293778709e-02, -2.911334730588755e-01, 1.026638016595682e+00, 5.523262933209938e-01, -8.090039848892377e-01, -5.469017688873068e-01, -5.777485091242243e-01, 1.700127973883656e-01, -5.163442694796924e-02, -5.216155360527396e-02, 5.183524123864065e-04, 4.949522479734665e-02, -3.319190864905671e-02, -6.855425507159041e-03, -1.169107538543911e+00, -1.116935647061304e+00, 6.410800318231077e-01, -8.982762989874907e-01, 1.049792810157497e+00, 2.011271845616396e-01, 5.518718995013534e-01, -3.173069077740380e-02, -1.129445432416208e+00, 6.712546926637029e-02, 7.663480965094212e-02, -5.486355921585473e-02, 1.683512149929144e-01, 1.371582736486284e-02, -3.785397747292756e-02, 4.217014892625286e-01, 2.293097327667863e-01, -1.466311386729101e-01, -9.641205648278840e-02, -1.634522618618108e-03, -8.157192434716296e-04, 6.173992721765979e-02, 1.047102439781101e-01, 4.121610060743626e-02, 1.902863223788670e-03, 4.401077586876454e-02, 4.905965837025379e-02, -7.440470882922620e-02, -3.928267246920285e-02, -1.074696832139041e-01, -3.582580433067593e-02, -2.341198938910963e-02, -5.911650388117968e-02, -7.596368324634950e-02, -3.104727074785794e-02, -4.670851064478895e-02, 2.983004500447784e-02, 4.603088580246921e-02, -2.059709436807819e-02, 4.613226430813165e-02, 4.344192698474917e-03, -2.958477242919510e-02, 3.980027474335680e-02, -3.471666520123341e-03, -1.320190031878420e-02, 3.443600388351627e-02, 4.980856703158261e-03, -3.955661785294512e-02, -1.647301480815783e-02, -2.406859543729790e-02, -3.078374517958020e-02, 5.441190200284482e-04, -3.979288323322620e-02, -5.637652278517776e-03, -8.576032881471577e-03, 2.354391832683385e-01, -5.432046969907887e-01, 4.193647743405252e-01, -1.481525732948896e-01, -1.669307043458798e-02, -1.208246378912670e+00, -7.059602857318990e-02, -1.347176660210275e+00, 1.150461800079240e-01, 1.268261164441270e-01, -2.444036150642411e-01, 8.721914039737372e-02, 2.357080700177945e-01, -1.412753860739555e-01, 2.083313534024284e-01, -6.406802541787409e-01, 7.894832561869126e-01, -1.520055745623851e+00, -7.891409299074523e-01, 4.085866077261099e-01, -7.212556076403716e-01, -4.162905906297567e-01, 4.995385990505456e-02, -1.070686615435700e-01, 2.935113001685485e-01, 3.744339535154750e-01, 4.916885412433476e-02, -4.573957772275308e+00, 1.682080208710503e+00, -3.431823114149672e+00, -2.239505041591805e+00, -3.644792839036422e-01, 1.290045207333162e-01, -1.327977825096893e+00, -1.842055371367033e-01, -5.757272462540927e-01, 1.259360538214884e-01, 2.310173317475178e-01, 2.529236425213531e-01, 2.453282699243165e-01, -3.040931244131438e-01, 3.582346384233911e-01, 3.551647531938194e-01, 1.966871121043388e-01, 2.209764424756285e-01, 4.642757735793763e-01, -1.633909095073060e-01, 3.015611619276638e-01, 3.670454385368600e-02, 2.693629685672365e-01, 9.735053276602103e-02, 3.370952044427995e-01, 1.124986329278839e-01, -3.991331656701403e-02, -1.350795497793213e-02, -5.183584607071311e-02, -1.110646347300197e-01, 2.183306968451793e-01, 1.497002097204596e-01, 2.094398856373217e-01, 3.248952747693269e-01, 1.363738681218726e-01, 5.452320467564461e-02, 4.317981168362410e-02, -3.379471098912346e-01, 1.082819474166251e-01, -2.151002644032966e-02, -9.309713091717901e-03, -1.141337192666810e-01, -3.791032812717760e-02, -1.654793248612110e-01, -3.073742844624973e-02, -2.481839635791660e-01, -2.490402033029779e-01, 1.074406227164771e-01, 7.622260685943426e-02, 2.179835613031030e-01, 2.605619964683692e-02, 6.457376111025855e-02, -8.367933770094553e-02, 5.506351320143977e-03, -3.267104946378229e-03, 1.039445460796874e+00, -1.407762460566284e+00, 4.573019694519478e-01, -1.945496681432703e-01, -4.213506266410337e-01, -3.502642410409045e+01, 3.486409661468828e+00, -3.137129948092254e-01, 3.671478159017466e-01, 4.161760792240978e-01, -7.621101630796296e-01, 2.767205472453272e-01, 3.158147064961359e+00, -8.223603569424389e-01, -2.362036010869960e+00, 1.765853623181914e+00, 2.696243761859355e+00, -2.112609728542161e+00, -9.435279401016329e-01, -2.205407813050567e+00, -1.406302554439197e-01, 2.376425087584558e-01, -5.519629262433223e-01, 7.118580613315125e-01, -5.931329245856602e-01, -6.149453434274178e-01, 6.411182783688699e-02, -1.286937547175727e+01, 2.618076266198588e+00, -8.111906294204756e+00, 7.010920620291292e+00, -1.196137071044677e+00, 7.277968431759042e+00, -6.084450472688027e-01, 1.500582248564025e+00, 1.757317211290374e+00, 9.400481660797004e-01, -9.726246009812997e-01, -2.660433701010824e+00, 5.014747632003419e-01, 6.553347204553511e-01, 1.597716655603597e-01, 3.222474491250225e+00, -1.085824657179386e+00, -9.846296695673766e-01, 1.980354392480747e+00, 2.714430409043307e-01, 6.564884351706083e-01, -7.315591767427665e-01, -1.597263651851899e+00, -5.151952889723502e-01, 6.938498317176552e-01, -3.633842043813688e-01, 6.400468683451563e-01, 5.385145699891336e-01, -3.851148471050788e-01, 3.108396466371037e-01, 1.020242155294357e+00, 1.217235876815983e+00, 4.540872065767688e-01, 2.574797297312531e-02, -4.290016661629324e-01, 2.900761977494032e-01, 1.147342444644018e-01, 1.754926659939086e-01, 9.530745939410859e-02, 1.953874789674363e-01, 8.536920878236028e-01, -9.469730929303418e-01, -1.009044792862404e+00, 8.222492382474160e-01, 2.770939716566179e-01, -1.567328460655238e+00, -5.777481913782021e-01, 1.116419693540652e+00, 6.288825098633599e-02, -5.683131268364964e-02, 3.146523929408101e-01, 2.602573267923418e-01, 8.266740465650584e-01, 1.790124997643264e-01, -1.728482574123650e-02, 5.557165808943332e+00, -2.126453754142684e+00, -1.515329285097659e+00, -2.455659353753652e+00, -9.887124733848617e-02, -9.592434326751906e+00, 8.418585630123534e+00, -2.858068281119329e+01, 3.093761914409963e+00, 3.511487822809978e+00, -6.475235386069304e+00, 2.345884763387158e+00, 1.475394065596815e-01, -7.003274823508084e-03, 2.177462237344000e-01, 2.695682682935304e-01, 2.745880402419510e-01, -1.222536681313743e-02, 1.313949367849095e-02, 5.228589456554078e-03, -2.766454375372854e-03, 6.964995259284258e-03, 8.417116877575879e-05, 4.910858871726710e-03, -5.311728545893069e-03, -8.597158089788179e-03, 6.273296281605156e-05, -4.065307547803695e-02, -1.287951961643717e-01, -1.086160818145018e-01, 1.867720665741721e-02, 1.988205097129585e-02, -6.177927851963231e-03, -2.333434550321329e-03, -6.517077740191727e-04, 1.981617278987462e-01, -8.223944353376507e-02, -2.689836644602975e-02, -2.439355928617086e-02, -1.171171041146500e-02, -5.433066690827990e-03, 8.603362431858276e-03, 3.616254282116239e-02, 2.384544164767523e-02, 6.454695535383334e-04, 8.775202516330306e-03, -1.534748154727975e-02, -5.193109893922731e-03, -1.278909827670086e-02, 7.789484688313794e-04, 6.187985190710348e-03, 2.422089612920385e-03, 1.557398155563099e-03, -1.007000540426940e-03, -1.055957265701537e-02, 3.449023766384498e-03, -2.803107799630362e-03, -2.917840577655287e-03, 5.562756602168270e-03, -1.356940326586648e-03, -3.036944014957348e-03, -2.534797450728192e-03, -1.566711659959336e-03, -6.545461199461975e-03, -1.744984690688052e-03, -4.174677371314910e-03, 8.068165293526100e-03, 3.945725994448876e-03, -2.026795202567377e-03, 1.253653884112800e-03, -6.817780183682830e-04, 7.991747805936950e-04, -2.422382505662482e-03, -5.377481288701327e-03, 9.392801316196581e-04, 5.728925215303974e-04, 1.736495781900639e-04, 1.425628266851899e-03, 5.041385951087468e-05, 2.195816109597046e-04, 4.254925172549375e-04, -2.078759099801163e-06, -7.262563876838833e-03, -3.844203535170326e-03, -2.665467860587751e-02, -1.070290765699502e-03, 1.134105836519885e-03, 9.183304250229346e-02, 6.627679073989350e-02, 4.971893277363313e-02, 7.202780559680279e-04, 8.078389845248180e-04, -1.541007231030095e-03, 5.453788741676037e-04, 4.404916814956046e+02, 9.736842796335962e+02, 6.988678849482092e+03, -1.826219329820958e+03, 3.529312002128019e+04, 2.047421805229105e+03, -9.349864842494163e+02, 7.542353014690760e+03, -7.776236812474988e+03, 5.519796055398256e+03, -8.323132129137567e+02, 4.614233118529987e+03, 4.269840645041752e+03, 1.238737900905427e+04, -7.237032657632826e+03, 1.449328722548893e+03, 2.828985854900950e+03, 9.908842105560756e+03, -4.861898971510479e+03, 2.524236520463845e+03, -1.959940520321150e+03, 6.871052335572665e+02, -5.236474755045550e+03, -3.994417912581405e+03, -3.610657298676060e+02, 6.669277257381176e+02, 7.162915825573666e+02, -3.014661316806194e+03, -3.758700244169021e+02, -1.446589430087401e+02, -5.701350815502121e+03, -1.996648936355225e+03, 8.062625016355856e+02, 2.628311642083511e+03, 7.035675998838930e+02, 4.831740696411734e+03, 1.045035622043895e+03, -2.458090362963743e+03, 6.071334509269808e+03, -1.132393433587158e+03, 5.547022079615485e+03, -7.200961358389735e+03, -7.249876224253751e+02, -3.714162445597305e+02, -4.509259053485686e+03, 5.321378308695606e+02, -1.816394055270981e+03, 1.449344468557421e+04, -3.418722068910834e+03, -1.357170477857754e+03, -5.372798644994031e+03, 5.184223168765322e+02, -8.705739987016231e+02, -4.331312214635014e+03, -2.563485539788486e+03, 1.379012592377220e+02, 1.267594705747159e+04, 1.138301033074921e+02, -2.820575221729107e+03, -6.807401660223152e+02, 1.620942722772720e+03, -6.551555055926350e+02, -1.513775280133519e+03, -3.136464841320275e+03, -8.073677122145263e+01, -2.416433276687429e+02, 5.762942207868216e+02, -9.440398835060740e+03, -5.728610258911902e+03, -1.057378111632120e+02, -7.034053545976612e+02, -3.680746071483092e+03, -7.243888628046446e+01, 1.042401246777660e+03, -1.392906913942913e+03, 1.444350257805422e+02, 1.925367418799663e+03, -4.201722642452788e+03, -2.501263450580174e+02, 5.622756572058926e+03, -4.147052269375327e+03, 2.738483281275976e+03, -2.239771665857816e+03, 6.592845606858949e+02, -2.312450868902660e+02, -6.368824908005156e+02, 7.005641486834312e+02, 1.500885726917797e+03, 1.858951768113520e+03, -2.194823884958606e+02, -5.853278453748071e+02, 7.991234618156807e+00, 2.896812028792599e+03, 4.812593132357961e+03, -4.092987051378223e+02, 3.001180472459733e+02, -3.504247139144366e+01, 2.494694877372302e+02, -2.514874871855791e+03, 4.604806100054275e+02, 2.370682676680842e+03, 6.421101302280656e+02, -2.847071567685992e+03, 4.240141503390058e+02, -2.237601387969980e+03, 2.031218326592967e+02, 6.369226998735670e+02, 1.680652872341898e+02, -1.016990364243355e+03, 9.217056384233739e+01, 4.226820192348488e+02, 3.247413394125295e+02, -6.813521238293971e+02, 3.443638042377025e+02, 7.253662941536317e+01, -1.588995723883496e+02, 7.739119186586449e+01, 1.050272986015879e+01, 6.408777708678693e+00, 4.609320520551476e+01, 1.316758477921970e+02, -1.299209073307746e+03, 4.836523434987446e+02, -7.375487101231844e+03, 3.688137729477455e+03, -6.913579714520202e+03, 3.919992290808713e+03, 2.378436174507926e+03, -9.775263392453994e+02, -3.061797650168040e+03, 1.400160797626100e+03, 4.375724159075958e+02, -1.193433784884739e+01, 7.731162200696829e+02, 7.499609551277683e+01, -2.315074397301777e+02, 5.919461254796732e+02, 6.391715995825440e+03, 7.845722350254776e+03, -2.696313075770932e+02, -5.179334174768048e+03, 8.697519415603463e+03, -1.974580234330870e+03, -8.833295446276912e+01, 6.004314542832608e+02, 2.540486907726875e+03, 6.856866409176283e+02, -2.881809892109630e+01, -4.163428158750919e+03, -3.785770382519996e+02, 2.064606178232300e+02, -7.360818576908025e+02, 3.045595086125930e+02, -4.871873128264369e+02, 6.220962585058329e+03, -1.057627510607952e+04, 2.490638382805661e+03, -9.824506223816470e+02, 1.934733327036109e+03, -2.578843054951663e+03, -6.169073907833626e+02, -1.309732612263713e+03, 1.620023716649702e+03, -7.201934937118958e+02, 6.899523263892311e+02, 3.855826391221777e+02, -8.387704027698414e+02, -2.512064280588590e+02, -5.830575925304098e+02, 2.053046310346078e+02, -1.748909118899024e+02, 2.055737211939863e+02, 5.871343436096720e+02, -4.034743639064269e+03, 4.142676658057249e+03, -2.865864908123949e+03, 9.927626218942222e+02, 8.701580898313470e+02, 1.462180574303630e+03, 5.975652046352651e+02, 5.299876083225394e+02, 3.493116653617398e+02, -2.055005765568873e+02, 2.756705301314110e+02, 4.666305342289213e+02, 1.146309136858374e+02, -1.519440217852328e+02, 9.256904580266529e+02, -9.738502777895976e+02, -2.990350843602765e+02, 9.798518586865134e+01, -9.865943953165269e+02, 9.267569991887921e+02, -1.102066350446212e+03, 7.515838748118285e+02, 1.024331394593357e+03, 2.370461352778063e+03, 7.239719892725011e+02, -8.802319511443324e+02, -7.319471129603916e+02, 5.651929123882093e+02, 4.365757234400579e+02, -9.857355056874669e+02, -1.892301738524798e+03, 1.782498224668307e+01, -1.509927666100150e+02, -1.333930445236498e+02, 1.042967229897994e+03, -2.017272171923300e+02, 3.719914141969601e+02, -2.450370960489853e+01, -4.919957738054420e+03, 4.226763007200523e+03, -8.526857097868361e+02, 1.430439737960234e+03, -8.929025912501660e+02, -3.326101778295488e+02, -6.186896946019749e+02, 1.937140992100212e+02, 7.765514163879321e+01, 2.802685817213419e+02, -5.559873853383837e+02, -1.764914797557429e+02, 5.377526233557596e+02, 3.034974569563429e-01, -6.288454466628508e+02, 5.343313935032339e+02, -5.105568134232660e+02, 3.937554673328495e+02, -1.273122604147001e+02, 3.705815493735661e+01, -3.419767965273779e+02, -1.034100008146920e+03, 1.480763767767418e+03, -3.506317929827503e+02, 5.870638033837000e+02, 1.310890209067535e+02, -9.980548983646454e+02, 3.288183171205589e+02, -6.863548724905986e+02, 8.590101469083494e+02, -4.600392455471263e+02, -3.010662507997880e+02, 4.848793687726863e+02, -2.071204497190838e+02, -1.199293973234809e+02, 1.308687751893426e+02, -1.393559605450885e+02, -5.648123445309378e+02, -2.621266073954808e+02, 1.911570489918146e+00, 3.871713175222813e+01, 1.001418402281159e+02, 5.447484648646898e+01, -2.500365154591458e+03, 9.019753373165963e+01, -2.741223894479316e+03, 1.474261023995148e+03, -1.623344494329843e+03, 4.689393658397558e+02, 6.063186914406995e+01, 5.681804396284822e+02, -1.059332633156529e+01, -1.712185765203209e+02, 1.813103496399163e+01, -6.411309722559547e+02, -5.913905670321955e+02, 4.496971723764030e+01, -1.003215578866127e+02, -5.182311119580834e+02, 4.844665451272426e+02, -8.793283920504255e+01, -1.966382986713256e+02, 8.789048080022138e+01, 7.159099046902095e+01, 3.427049069289442e+01, -1.319784637115851e+02, 1.428745919911268e+03, 3.553798001140478e+03, -3.080169474579719e+03, -1.684558568137037e+02, -1.439972615922192e+03, 1.256103116025933e+03, -2.585749611361540e+01, -8.216850877581572e+01, 1.802958194393596e+02, 4.213151420716002e+02, 3.713649892219440e+02, 3.714985723334773e+01, -1.966602602588484e+02, -6.557227532857499e+01, 2.503634500994421e+02, -2.472611948490714e+02, 1.260154232986684e+02, 2.801332929465162e+02, -1.906694833969529e+02, 1.747489217462320e+02, 1.824529975752592e+01, 9.025885629604797e+01, 9.843544712680971e+01, -7.356556508828636e+01, 1.279261043205603e+03, 1.673041409245132e+03, 5.247132523742587e+01, -7.433148181103435e+00, -3.499106262328028e+02, 1.145878531032543e+03, -8.713789364633221e+02, -4.787854124839842e+02, 1.181104303170413e+02, -7.456862715249507e+00, 2.842134981563701e+02, 3.391110847788193e+02, 2.226716077164627e+02, -1.934394464556678e+01, -1.030098603694731e+02, -1.209827370904675e+02, 1.558402399889266e+02, 1.846137798469836e+02, -1.152127373859989e+02, 1.257492798921265e+02, 2.798384006510412e+02, -8.739301513797566e+00, -7.825735724760050e-01, 2.307722541070425e+01, 3.744157546461847e+01, -1.704491252393706e+03, 1.353474143652232e+02, -3.200158903467041e+02, 1.138758307975954e+03, -9.577440950243367e+01, 1.230448607642993e+02, -1.868154722808665e+02, 6.220243224585154e+02, 2.955649489405276e+02, 6.136183768277207e+01, -1.082369946934236e+03, 1.298111537243643e+02, -8.127311148777263e+02, 3.756084063704127e+00, 3.931821920558920e+02, 3.429346241827199e+02, -6.661670156172519e+01, -7.318175352874772e+01, 3.120951575639462e+02, 3.038088995208564e+01, -3.347151513136050e+01, 4.570436618211278e+01, 5.298382037274372e+01, 2.178107276340631e+00, 2.041382070929211e+01, 1.213054326570021e+02, 3.427224109845872e+03, -3.723445460306382e+03, 1.326344869169156e+02, 6.699245749792009e+01, -4.613780722388934e+02, -4.499367998964703e+02, 5.421428992248337e+02, 7.654703947716459e+01, 3.487311911931418e+01, -3.244984305925768e+02, 3.929005093139379e+02, -6.704392330960188e+01, 4.608690054973370e+02, 3.306220961615461e+01, 9.315321193226075e+01, -5.614186072700603e-02, -1.891203748796083e+02, 2.686644430854403e+02, -1.978911011314967e+02, -2.050630728577997e+02, 7.031438397698623e+00, -4.959809243046478e+01, 2.462392847793814e+01, -3.321007073609154e+01, 5.228173692589618e+01, 1.847589035183853e+01, 5.798761370893686e+01, -1.187785840013100e+03, -1.126455325768634e+03, 7.193314005800065e+02, -3.421053048082960e+02, 8.229162564902499e+01, 2.433292916056617e+01, 2.218564216642924e+02, 5.158518112550440e+02, 1.622054010135825e+01, 8.300015682887721e+01, -2.285841966190384e+02, 8.336362409485058e+01, -1.407619008707694e+02, 1.551497127786893e+01, 3.630348019951998e+01, -2.132320483870211e+02, -3.193180138927818e+02, 1.603796968789412e+01, -7.276183128913802e+01, 1.733664950892395e+02, 1.738899368465215e+01, 2.858906671441229e+01, -5.721591049970315e+00, -4.811417253773453e+01, 1.650632999474289e+02, 2.045901468203622e+01, 1.210964659719654e+02, 9.087227875118974e+01, 4.375673239401050e+02, 3.301984813962728e+02, -4.189228476473903e+02, 1.402604592904953e+02, 1.237771191937025e+02, 8.835219734761141e+01, -5.213307984521439e+02, 1.611920973138860e+02, -1.367304947413292e+01, -1.861603635479485e+02, -1.446120413441547e+02, -8.470789170025954e+00, -2.806715598506517e+01, 1.349460052813990e+01, 1.158555168047613e+01, 1.528394567124827e+01, -6.572036308664701e+01, 6.925025201827644e+00, -1.197146876560989e+01, 9.112580565164178e+00, -1.312510579286149e+01, 1.637603621911450e+01, -3.502240819339306e+01, 1.071201572214568e+01, -1.726196698268857e+01, -3.984460143629185e+00, -2.281239118463405e+01, 3.520691074582343e+00, 4.540421062068575e+01, -5.394854142418097e+02, -1.044163792804537e+03, -1.996010884925930e+03, 3.515967197921786e+02, -2.380912329873139e+03, 1.681224743564323e+03, -4.707873938127227e+02, 2.832343164349401e+02, -6.360300921880263e+02, 5.806489200873096e+01, -2.588468439373252e+02, -4.927740059579510e+02, -2.339150917772763e+02, -3.574285117830621e+00, 3.204884106956232e+00, 5.845421035768991e+00, -7.372832802208110e+01, -2.163317464641757e+01, 1.667766183033175e+02, -1.156996853982352e+02, 6.286206450090117e+00, -4.480023813153714e+01, 1.311520803074932e+01, 1.904368058040746e+01, 2.055045429897741e+01, -2.479801001873633e+01, -7.791527858286594e+00, -2.672989843646080e+00, -4.222374643333181e+00, 3.151952209366872e+02, 2.997409488926993e+03, 1.064499012449390e+04, 7.500834481174876e+02, -3.218156090889775e+03, 5.078466667814492e+03, 1.965639653063255e+03, -3.029569419169691e+03, -1.414760921993046e+03, 1.722843931385534e+03, -1.016587053511074e+03, 5.109987283290065e+02, -6.240776166578155e+02, -8.156638484173232e+02, -2.729130939567953e+00, -4.030602898959759e+02, -4.157270789958966e+02, 2.354382148866945e+02, -6.790753018927714e+02, -1.593881670253491e+02, 1.547466064082900e+02, 2.905894382837413e+02, 1.941076109741252e+02, -2.272495212578111e+01, 2.240281629016153e+02, -5.095075935388438e+01, 1.497139530677874e+02, 3.640201228842394e+01, 1.420191639825125e+00, -1.376072805498673e+01, -5.462406699848016e+00, 1.470845787584499e+02, -3.722936715002008e+03, 1.417450848819893e+03, -1.073547583730311e+03, -2.800311696907774e+03, -8.975479771180095e+02, -2.811838290343917e+02, -1.169946682340043e+03, -2.393388880499856e+03, 2.898066025461195e+03, 5.873424086614676e+02, 8.763609586270198e+02, 2.603234005734218e+02, -9.340318712265426e+02, -2.812774884288862e+01, 5.231973934357297e+02, -1.136937944269008e+03, 6.358881509010793e+02, -1.185649154552688e+02, -3.050987066888761e+02, 7.051623373393612e+01, -1.522759063463200e+02, -1.245577966057339e+01, -2.270584292578783e+02, 7.330692767175910e+01, 6.026395304969290e+01, 1.904271153650915e+01, 1.603122891554459e+02, -3.687249707203313e+01, 1.893915525265142e+01, 7.941730198313962e+01, -2.103229487796239e+01, 7.486753246628300e+01, 1.167136909680994e+03, -5.862984048130144e+03, 2.455269824495757e+03, 7.066843419703342e+02, 1.194408022547985e+03, -1.162008783443891e+03, 9.675476228338148e+02, 2.575984382018505e+02, 7.780016125628412e+02, -7.760615374350684e+02, -3.984358188063275e+02, 1.810150961902675e+02, 4.859910002689237e+01, 2.072413938988650e+01, -1.601516967356523e+02, 4.646237060236289e+02, 8.807890635650168e+01, -1.974014944072987e+02, -8.854095705302775e+01, 1.490318505254094e+01, -4.077282704999385e+01, 5.471811362869886e+01, 3.348608307772138e+01, 4.500629992407070e+01, 1.413720530333948e+01, -2.017115106345199e+01, 4.822177126582071e+01, 7.047104689777571e-01, -5.974648838372380e+01, 1.292689778693993e+02, -1.602799911965146e+02, -2.385180823616088e+00, -2.510082351342653e+01, 6.191571684578463e+02, -1.229217864100597e+03, 8.020306174937109e+01, 4.018463720529192e+02, -2.229314109869791e+03, 5.512863447737512e+02, 8.588484772539861e+02, 1.447897865672747e+02, -7.160499854346880e+02, -5.133026874561128e+02, -6.226687437428433e+01, -6.236091133270578e+02, -3.146204821981532e+02, -1.399839715542072e+01, -2.897777819250604e+02, 4.891470606091446e+01, 5.669417528081156e+01, 1.160746608658932e+02, -9.356450415749832e+01, 1.065259020565038e+02, 2.152281258973487e+02, 8.414141717261948e+01, 5.107913634168006e+01, 1.721797494058248e+01, -4.629022989062295e+01, -1.417047637324001e+01, 2.497399241031202e+00, -1.437719291072421e+00, 3.121607337065149e+01, 9.907101507141435e+01, 1.803735249033392e+02, 5.971813878216838e+01, 2.715789910502196e+01, -1.638889150413946e+02, -1.013584649577656e+02, -4.094672331277106e+02, 2.103315264777881e+02, 1.083328385793904e+03, -4.075378083941876e+02, 3.857949452006491e+02, 6.416556799000579e+02, 4.182852580493650e+02, -3.303968794716702e+02, 2.644229222236918e+02, -3.338426572356030e+02, -3.109453454258929e+01, -5.522255441016521e+02, -1.856247488775163e+01, 1.185720769342602e+02, -2.835136532666916e+02, 2.168535815792993e+02, -1.851362241114647e+02, 8.266727049038003e-01, -7.558647400846618e+00, -1.093314416553277e+02, -1.347883221087228e+01, -6.847465839722754e+01, -4.365899422681778e+01, 7.957179722309263e+01, 5.356633243850943e+01, -8.462891813967407e+01, -1.124478972603257e+01, 4.819950327961349e+00, -3.341025903848253e+01, -1.656578281372149e+01, -1.424994745075860e+01, 3.103706122416099e+00, -1.329492207407811e-01, -1.698292753703630e+02, -1.997861055742540e+03, 4.221189300801525e+02, 7.278362169636397e+02, 5.200507950741953e+02, 9.391352495095595e+02, -7.194932981173627e+02, 2.755350305468855e+02, -9.875415328051473e+02, 9.892751902841687e+02, -1.976878419637940e+02, 1.736345125688797e+02, -6.676574837220858e+01, 7.008513364624331e+01, -3.254671837623285e+01, -4.428367863765055e+01, -3.741904567983074e+02, 5.909121858624707e+00, 9.297147890300820e+01, -1.270097870903499e+02, 7.832744120491523e+01, -7.943199740792150e+01, 5.200353956969490e+01, -9.342339526548240e+01, 6.016270374787099e+00, -2.585816833775090e+01, 1.851253894636193e+01, 4.963058728581432e-01, -4.663986529272568e+00, -2.922473331734541e+00, -2.439474146278720e+01, 1.260739621429236e+01, 5.654346679685225e+00, 3.822586028411450e-01, -8.032792308960797e+00, 2.918452931154210e+00, -5.981829501479358e+01, -4.307369301244852e+02, -1.222862209915171e+03, -1.201476298942129e+03, 6.928441489521473e+02, -8.125789122110502e+02, -1.003560528896864e+03, 1.912549102336423e+02, 1.483473406181125e+02, 1.435337620270840e+02, 2.663698434784192e+02, 8.610740235288864e+01, 3.818164243360429e+01, 1.932904856646250e+02, -3.469894159720491e+00, -2.301219731335279e+01, -2.237442620534317e+02, -6.971848750896902e+01, 1.379865938798175e+02, -4.489143340548816e+01, 5.586414263752428e+01, -2.901130603740480e+01, 1.929019992952923e+01, 8.976384742559925e+01, 1.082025771620758e+01, 1.709740473519303e+01, 5.134656162441367e+01, -1.310499609255188e+01, -4.950565275077195e+00, 1.125109503641555e+01, -5.502387920948265e+00, -1.750729295453083e+01, -3.153589213994700e+00, -4.660717684836758e+00, -1.499858074750559e+01, 5.386512299307128e+00, 4.448292371163020e+00, -2.054731731354872e+02, -1.020124101443499e+02, 1.382126432554736e+02, -1.507156685990306e+02, 9.627191347156884e+02, -1.284224019136497e+00, -1.018842307767676e+02, 2.807157289694518e+01, 7.669606975025389e+02, 9.862168982948939e+00, 2.670336435563713e+02, 1.254291755520337e+02, -1.053806807805383e+02, 1.869613905958234e+02, -3.005973224582194e+01, -1.859531427007138e+01, 1.571281203281331e+01, 1.465590846782941e+02, 3.938192699352604e+01, -5.466290934657732e+01, 9.249842042780643e-02, 3.780821407892735e+01, 9.303670273531376e+00, 3.619975930347542e+01, -7.798951966049755e+00, -3.070020314827317e+01, 7.555277157972913e+00, -5.933554412167109e+00, -8.099688366195235e+00, 4.642978216567091e+00, 1.685085030334809e+01, 8.246127713950299e+00, 2.219917367828768e+01, -1.686738123125555e+00, -7.602496436537026e+00, 8.453488770392877e+00, -3.440119113265788e+00, -4.560635061563338e+00, -7.015194969074962e+01, 1.720079876033330e+02, 6.896373969363686e+02, 1.587181738515707e+03, -1.141412438911816e+03, -3.178531283890961e+01, 5.502952801093624e+02, 4.435566079597162e+01, 2.344531984398870e+02, 2.304496811293694e+02, 8.091191192906290e+01, -8.777024274746971e+01, -5.188528441421434e+01, 1.123016804146506e+02, -2.088330158155571e+01, -2.784475116383171e+01, -6.867950538124886e+01, -6.001083976856030e+01, 1.083780741090928e+02, -4.719788095323232e+01, -6.814206597526170e+01, 5.317349168116482e+01, 8.084590895931274e+00, 1.536755141776719e+01, -4.829895459245963e+01, -4.013293832012361e+01, 2.050325136575125e+01, -5.976218100514175e+00, -4.568703208455489e+00, -6.163793798207392e+00, -8.841562163686145e+00, -1.742037705279927e+01, 1.562020830152446e+01, 2.287761975146426e+00, 4.166746918786900e+00, -2.092626865808551e+00, 2.466676649115831e+00, 8.712445045169562e-02, 2.750619231034872e+00, 4.074428770663592e+01, 3.528702857372684e+01, -4.628651034455531e+02, -3.617612564989386e+01, 7.164264685294793e+02, -5.937822676559635e+01, -7.348769078081885e+01, 3.619364875622911e+02, 4.360041582989603e+02, -1.183854184198149e+02, -1.367419837040180e+01, -1.306641799303980e+02, 9.511040354940359e+01, 6.644163622080710e+01, -2.604280436457413e-01, -1.299534061842165e+02, -3.012540226701711e+01, -3.765856128122981e+01, 1.476251087078578e+01, -8.258123286775630e+01, 2.341560441720840e+00, 3.431467462156629e-01, -5.341654345263469e+01, 4.993060873681912e+00, 1.778088576852297e+01, 3.381685135177786e+01, 6.294148186494712e+00, 6.890923865571769e+00, -4.452510410167554e+00, -1.275773366934838e+01, 2.921307935953779e+01, -1.591951078868649e+01, 1.143472457970179e+01, 7.585580251717703e+00, -2.335242814117144e+01, -1.158738417568574e+00, 3.062986964135687e+00, 1.668118282321376e+00, -4.554760683027020e-01, 4.298401111425257e-01, 8.489856116375526e+01, -7.964738838775268e+02, 4.904938395643085e+02, 6.283673880227877e+02, -1.474537905445474e+02, -3.013717440241911e+02, 6.576817829876254e+01, -2.104588239268535e+02, 5.525142344434946e+02, -1.197618215666684e+02, -2.946782412477143e+02, 2.238082639952869e+02, 1.782174613275878e+02, -1.323089585308258e+02, 2.132749830395957e+01, 1.290310804453417e+02, 1.818291340355624e+02, 5.117992663799971e+01, 4.340925097745296e+01, 4.215086016721601e+01, 2.129160130250964e+01, 3.017597796619838e+01, -1.229613812665165e+01, 7.680256676670601e+01, 6.110213416409022e+01, 2.814189252592095e+01, -5.710221265044903e+00, -3.844621194358046e+01, 4.852396220218918e+00, -9.463080802168018e-01, -4.650812402919028e+01, -6.281376735646619e+00, -8.401551100188009e+00, 3.644597564300609e+00, -8.299439629730154e+00, -1.359675873469476e+00, -1.301152705420219e+00, -3.565572889777911e+00, -3.733948270032874e+00, -6.993996159648716e+00, 1.113278345481741e+00, 1.741338004881560e+02, -1.759505918908640e+02, -2.636350904508696e+02, 7.370313435410681e+01, -1.867575976456360e+02, -5.225726967524301e+01, -2.342292273515436e+02, 2.530100427424163e+02, 2.726799351743510e+02, -7.240665623779327e+01, -3.137766288214565e+01, -1.889961858061463e+02, 1.335175591792693e+02, -2.009163364034894e+02, 2.273789663826596e+01, 4.553086508013520e+01, 5.397051449176395e+01, 1.479547635124846e+01, -7.598429917502865e+01, 1.398786305592482e+01, -3.920486989494091e+00, -2.046233073170069e+01, -1.698798084327125e+01, 1.968058841333748e+01, 1.137120764071835e+01, -5.578766270092011e+00, 1.312993808197119e+01, -1.308275825625111e+01, 2.723774969327113e-01, -3.590535630489668e+00, -9.109832043533904e+00, -1.002282102909734e+01, -3.274251542197564e-01, 2.123291744311099e+00, 1.447022803202154e+01, -1.846030727618108e+00, 3.454554960460020e+00, 4.383461634092187e+00, 3.339308424111837e+00, -3.427724707152846e+00, 1.431434038615110e+00, 2.087140796854882e+00, 4.073733003048929e+01, 1.614628711130648e+02, -1.547446897135497e+02, 6.046423237109386e+01, -1.480096142041305e+02, 1.408948584243049e+02, 6.821140974957238e+01, -8.474881669425767e+01, 1.494147408556962e+02, 7.974883417982193e+01, -9.977709978655911e+01, -8.371544313223822e+01, -1.393541853238376e+02, -5.884259808663737e+01, 4.961885937520446e+00, -2.602867554595498e+01, 1.032999208344998e+01, 6.072083934959232e+01, -2.220459735157019e+01, 2.148295896393251e+00, -7.761138376762688e+00, 8.036753532347744e+00, -4.007091739638912e-01, -1.641418539262911e+01, 6.030726786605863e+00, -1.421517435449883e+01, -8.610871991924208e+00, -1.450073395224853e+01, 1.145692618609726e+00, -1.916970572136250e+00, 2.214625833848245e+00, -4.091786581459765e+00, 5.327846023297236e-02, 1.818057036891886e+00, -8.027541874732483e+00, -2.018336950431734e+00, -3.351028538540983e+00, -3.318069561073912e+00, 5.419519838555164e-01, -8.659911383534221e-01, 2.546022540826420e+00, 1.422960824929640e+00, 2.920963413488517e-01, 3.282871492813548e+01, -2.750281632631626e+02, -1.672960477117695e+02, 5.003532688415083e+02, -2.962955855658242e+02, 1.575861656566969e+02, -2.139496702617016e+02, -2.954705678165394e+02, 1.993252472404002e+02, 2.113214421585260e+02, -2.691391216765098e+01, -6.023102642251953e+01, 4.529611903582047e+00, -4.306354198032320e+01, -7.474325943115059e-01, -2.846392392647531e+01, -6.466361352034914e+00, 1.603767190555942e+01, -2.824826379861054e+00, -9.617352256795142e+00, 2.070561385693935e+01, -2.407552228992255e+00, -3.431795116858943e+01, 2.090694206583460e+00, 1.902469758983812e+01, 2.643919403190837e+01, 2.320856683305021e-01, -1.547687135360386e+00, -3.691328527632982e-01, -1.196594103322218e+00, 9.437406413179179e+00, -1.407528235143662e+01, 4.082650646288373e+00, 3.958466073566724e+00, -2.779381953329044e+00, -1.361671799918637e+00, -2.281258149610057e+00, 7.486532856240873e-01, -2.046869086810922e+00, -1.473960901188649e+00, -6.045858819815303e-01, 9.327348054813087e-01, 2.314409304189991e-02, 4.951628320804959e-02, 2.996501934513017e+02, -3.327430347323007e+03, -2.389169777832923e+03, 2.884435953471004e+02, 2.649829720534271e+03, 9.031850400838335e+02, -1.461940793656479e+02, 1.002013231426165e+03, 3.550492825475910e+02, -1.621220978384922e+03, -8.626950148586342e+02, -4.904752900439947e+02, -6.002043373567359e+02, -8.459875401696769e+02, -4.573840654434354e+01, 1.504772037014461e+01, 4.507220932704241e+02, -3.357330873495425e+02, -2.136465319354647e+02, 1.107549554089312e+02, 3.108730805160634e+01, -1.431772347015298e+02, -2.318534804056695e+01, 6.210954287472894e+01, -5.689292952662759e+01, 4.417599240466966e+01, 6.501663389389923e+01, 3.684246954795264e+01, 1.398545560509649e+00, 2.012028230345270e+01, -7.499323198212072e+01, -5.368820437162546e+01, -2.655383681594709e+01, -3.121585890873894e+00, 4.788621963369146e+00, 1.101354356567620e+01, -1.372395537938673e+01, -1.574079714422484e+01, -1.851419114049629e+00, -1.857511938159315e+01, 3.997874735690869e+00, -1.433363905261266e-01, -2.967774752830211e+00, 4.392530957377666e-01, 3.643620322780959e+00, -4.278079867637121e+01, -4.604721403625135e+02, 3.827216489587101e+01, -5.110068307320291e+02, 1.083269525972719e+03, 1.698624212507172e+03, -1.173576209148277e+03, -4.724514750692998e+02, -4.759295089450545e+02, -2.231775811720114e+02, 1.444915298492814e+02, 1.778683769784016e+02, -3.483890522950160e+02, 1.490070460223837e+02, 9.778853218788305e+00, 1.724946864349171e+01, 1.390984308235563e+02, 4.935946746409466e+01, 5.077837143830016e+01, -1.197956550626072e+02, -1.179221461343212e+01, 1.005933689731028e+02, 6.386281521721680e+01, 8.047240140715449e+01, 3.983251025205032e+01, 3.614257551561650e+01, 4.464158858867617e+01, -4.109084286132359e+01, -1.315346746861073e+01, 3.159426574128972e+01, -2.052581463353729e+01, 1.707497274869337e+01, 4.035481394048203e+01, -2.331466343871896e+01, -7.556521877132145e-01, -1.650212460488354e+01, 7.749072909914883e+00, 7.511917956941929e+00, 6.294699412909217e+00, 4.227081874339325e+00, -7.707658714649383e+00, 5.308400991638149e+00, -4.961134572274728e+00, -1.914868019886545e+00, 3.242748753522179e+00, -4.871569896118755e-01, -3.936240818771338e+01, -2.638453146845830e+03, 2.928323710319464e+03, -2.182898853146282e+03, 1.095737656754301e+03, 5.233706349526456e+02, -5.038140339223108e+02, 1.471959808544115e+02, -1.334309279665274e+03, 1.571942141590578e+02, 2.563888387928033e+02, 2.670824455425320e+02, 2.495481892094717e+01, -3.557454821585040e+02, 1.613754799478767e+01, 2.181111208589947e+02, -3.657778695614454e+02, 1.651005236109008e+02, -1.471616438785908e+02, 2.977255828035290e+01, -1.187965413284283e+01, -1.701140725925519e+01, 4.610129985454284e+01, -6.869390090953630e+01, -2.229287124219552e+01, 4.084310902645248e+00, 4.939251219555326e+01, 2.393516016445033e+01, 5.522743633194766e+00, -1.246103348490831e+01, 1.611940915283534e+01, -1.821019004892422e+01, -6.972142384598990e+00, 1.283401043282628e+00, 8.662879885551769e+00, 2.114767926471767e-01, -1.014521674858114e+01, 5.962225267682590e+00, -6.836074054998987e+00, -5.609371482085876e+00, -4.919290429382245e+00, -2.592463071808240e+00, 9.768605783221390e-01, -7.894330989491219e-01, -1.237385564582441e+01, -3.336552319692621e+00, -6.299094901130092e-01, 1.116189824712768e+02, 1.092035174490032e+02, 1.097853460142808e+03, -8.547469073740124e+02, 1.975914870408703e+02, 8.801052287592952e+01, -2.047329269081903e+02, 7.184277994563206e+01, -6.188782439947376e+01, 9.276993625571644e+01, -1.809174422663733e+02, 4.415817127157762e+01, -2.921214217185733e+02, -2.094934503213660e+02, -7.991265355602409e+00, 6.189368346014238e+01, -1.591689856438793e+02, -5.337451855626276e+01, 2.999656722021000e+01, -2.482813196496454e+01, -2.278110932522539e+00, -5.555116859475891e+01, 2.722485108467900e+01, -1.715369496650863e+01, 9.834268633233144e+00, -5.809923338389551e+00, 7.950789810030113e+00, -3.072689887151216e-01, -7.098147014577575e-01, -3.079942510510706e+00, -1.605354753093236e+01, -1.020931260076410e+00, -5.422799586786831e+00, -8.781566276354372e+00, -1.281579165199885e-01, 4.988383608816076e+00, 3.394502542980884e+00, 4.417802455205883e-01, -2.462564954852760e+00, -2.711641297747579e+00, -2.949684775787211e-03, 7.289476028511828e-01, 9.302760077155124e-01, 2.283840887490463e-01, 7.182097398976817e+00, 8.975510246318490e-01, 2.601067659413785e+00, 6.843916882802868e-01, -1.363310006946082e+02, 1.832104132773906e+02, 6.701587646000016e+02, -8.403080223055862e+01, 6.960297339819011e+02, -5.510091176467239e+02, 2.521860998159302e+02, 2.081075462631346e+02, 4.368609576319390e+02, 1.136069238438238e+02, -9.333332791987435e+01, -2.060147626242360e+02, -2.842495369118374e+02, -6.010818365899471e+00, 1.117925738527748e+01, -3.044528532113859e+01, 1.927505863582599e+01, -2.594246086639870e+00, 8.620075709562536e+01, -1.152805401196480e+00, -1.362995362261345e+01, 1.703929578703444e+01, -6.536756808234169e+00, 2.136013834682718e+01, 2.206827221779492e+01, -3.478037088581528e-01, -8.795631956634750e+00, 8.688923327212587e+00, -3.296027851887144e-01, 8.404118431208108e+00, 1.214789002698574e+01, 1.915456772777055e+01, 1.060379516589526e+01, -5.940519010747455e+00, -7.237094388752756e-01, -5.039408030560487e-01, 3.578323391183596e+00, -4.140111820394424e+00, -3.267539927477478e+00, 3.314443181344025e+00, 2.613130936625168e+00, -4.013521291043654e+00, -2.258361064139113e+00, 3.598208264963630e-02, 4.578359353318387e-01, -1.977149425542327e+00, 8.308965839562840e-01, -7.136429439817086e-01, -7.022694640291521e-01, -7.091303798433252e+01, -4.164317221222491e+02, -6.624397306629425e+00, -1.717601074590954e+01, 8.013535473580926e+02, -6.433977988640589e+02, 6.055039579023338e+02, 3.024604516589232e+02, 2.519276919324785e+02, -2.633134805619144e+02, -1.804386230218416e+02, 2.575964234737161e+01, -3.076360208844023e+01, -2.112370438165654e+02, -3.721579566580963e+00, 2.991321250131532e+00, 6.556470466620803e+01, -1.765544693497838e+01, 5.082984376740138e+00, 5.603651389105440e+01, -7.225685222311455e+01, -1.941644238384280e+00, -9.753866659030084e+00, 1.332742365042306e+01, 2.289530095692334e+00, 1.159665535656706e+01, -2.252713590111006e+00, 1.415141303607049e+00, -6.940531593131959e-01, 1.892983131673122e+00, 1.419356770403135e+00, 1.270297549051370e+01, 2.805258302184767e+00, -1.139614261578221e+01, 4.049603546372652e+00, -2.557665335370527e+00, -2.183280768156114e+00, -5.014936817542149e+00, -2.067452384408317e+00, -2.662780430072910e+00, -9.205739558189183e-01, 8.902327273679187e-01, -5.208783247835761e-01, 5.188706814230534e-01, 7.129988964937321e-02, -7.213083331703574e-01, 5.943149928961419e-01, 1.986337241656162e-01, -1.295769965445948e+00, -1.470460141216032e-01, -3.361801428526142e+01, -6.303488199468530e+02, 1.120624480642703e+02, 3.296680428083903e+02, 5.791152166086832e+01, -4.757882413216289e+02, 1.495351977183462e+02, 1.477600481084764e+02, -1.287367175957222e+02, -3.424686246000979e+02, -1.234450194305258e+02, 1.400859436034392e+02, -3.176867106399866e+02, -3.092525920758051e+02, -2.137416404396736e+00, 4.823280000812068e+00, 2.953555993931133e+01, 3.055550572526626e+01, -2.009606079799365e+00, 2.776665663872034e+01, -1.015434824077032e+01, 7.579756282006279e+00, 5.236591962665950e+00, -1.618942868636540e+01, -3.189641036967865e+01, -9.633539897296328e-01, -8.239464849526229e+00, 4.164842984680279e+00, -1.022805866238350e+00, -3.586273078825863e+00, -8.779844306181726e-01, 3.162333585940923e+00, 3.779156386940900e+00, -6.259519998955483e+00, -3.042271615214124e+00, -2.915909068503219e+00, -3.963570309440796e+00, -1.944817124903573e-01, 1.793350451609008e+00, -1.785209057479035e+00, 1.229265005352121e+00, -1.033462807984531e+00, -1.032643328730860e-01, 6.294769501970805e-01, 2.269659518702929e+00, -2.697652668693172e+00, 1.391935384563083e+00, -6.351608833446404e-01, -1.373781720865139e+00, -6.873839011370387e-01, 4.326084205987336e-02, -9.982778379608479e+01, -1.189087043141455e+03, 2.818975686676287e+02, -6.968722614046042e+01, 6.928879842163290e+02, -7.438822777964498e+02, -1.439184783207146e+01, -1.795393930874696e+01, 1.584125032269588e+02, 8.342180894705371e+01, 2.605733732785324e+02, 2.230469445415586e+02, -2.974327928058985e+01, 1.196812991932295e+02, 4.286619803567774e+00, 1.779410399506228e+01, -7.210454016116310e+01, 3.368796509918574e+00, -6.132056525164536e-01, -1.502097304347422e+00, -2.998257218818422e+01, -2.260277623465672e+01, -1.759455591585297e+01, -3.056496935921376e+00, -4.451829247819949e+00, 2.797947426635194e+00, -2.660459215000707e+00, -1.892439418327661e+01, 9.967665447174427e-01, -2.312826847115838e+00, 1.260299124616137e+01, -1.628820186134432e+00, 2.567796019202824e-01, -3.534242783132620e+00, 2.397641679480352e+00, -1.569705334917146e+00, 9.540640291284457e-01, 2.130537834617007e-01, -8.185313675075674e-01, -1.805519766136676e+00, 1.357020240270411e+00, 4.447515044765805e-01, 2.481401808767874e-01, 2.252865766768844e-01, -1.573438311405054e-01, -1.945194280767679e+00, -7.521924451085847e-01, -3.459747283943107e-01, -9.264562054684481e-01, 4.554011688152166e-03, -9.798923527462706e-01, -2.252498011516011e-01, -2.439542304630616e+01, -4.593763383432229e+02, 4.764678347409327e+02, -6.649464302429936e+02, 9.290996293736313e+02, -1.151725976406314e+02, 8.133452001269700e+01, 8.314358347694134e+01, 1.373244637847967e+02, 6.169197120567200e+01, 1.102627029204894e+02, 1.082101861165709e+02, 2.376092321566389e+02, -6.977550583662159e+01, -9.450741143053545e+00, 2.896795344380902e+01, -3.591148697458836e+01, 9.577725768308238e+01, -4.199719271589352e+01, 8.861071867003181e+00, -3.898772792785585e+00, -8.442725124300752e+00, 3.727784445996030e+00, 6.293543426967855e+00, 4.707237328083529e+00, 3.968679338722653e+00, -7.172011621807722e+00, 4.833625366368758e+00, -2.842174905410298e+00, 2.983417100308831e+00, 1.578398054549216e+01, -1.110409862567189e+00, 5.688067415495440e+00, -3.535601635260448e+00, 1.537673347323313e+00, 1.736845981219144e+00, 5.894762530555209e-01, -3.114839031990362e-01, -1.305913029562261e+00, -1.291777780739366e+00, -1.491762398800633e-01, -1.429771426502171e+00, -1.303695163445032e-01, 4.049059685715879e-01, -1.587375113365506e+00, -1.298263778561578e+00, 2.433982115698338e-01, 1.036074037715942e+00, -4.925148164947098e-01, -7.269126277880807e-01, -8.116833689094702e-01, -6.200940296931603e-02, 1.336529745903050e-01, 4.013198065609393e+01, -2.552509221601698e+02, 4.055061467218109e+02, -2.396928313513537e+02, 5.925248347076612e+01, 1.548301423669791e+02, 5.136491678552496e+01, -1.633995412144829e+02, -2.194438159510459e+02, -9.184318876113178e+01, 2.219828741498657e+02, 8.387528757806137e+01, -1.783650974491304e+02, 1.481400398112719e+02, -7.794793973326074e+00, 3.258900329613903e+01, -4.155967470155716e+01, 2.916171803306420e+01, -1.589579683932603e+01, 1.288030788116097e+01, -9.654606462992757e-01, 1.079767989545833e+01, 1.390983690019888e+01, -9.960051181628947e+00, -1.756747666479486e+01, -1.687766330750968e+01, -8.048656428423776e-01, -9.951956984548195e+00, -1.961388485080841e+00, 3.664222011205785e+00, -4.484746191521906e+00, -1.365354438570485e+00, 1.621459506596738e-01, 1.834835309235567e-02, 4.517746022367652e+00, 1.292781042257109e+00, -9.268388878280968e-01, 1.745878400453993e+00, 9.187360062936970e-01, -8.644581178162379e-01, 2.153745743473744e+00, 3.233904182364445e+00, -3.243056746772003e-02, -2.713783387737603e-01, 3.659571259550291e+00, -9.725791005681917e-01, 3.838390409662353e-01, 3.863003776241814e-01, -1.201106859539552e+00, -4.225128389253828e-01, 6.505875575206302e-02, -1.514205461142741e-01, 9.629090892737878e-02, 1.749677502541278e-01, 3.028988686614311e+01, -2.901837218118979e+01, -5.429412057305086e+02, -3.478463159777226e+02, -2.940072677791437e+02, 2.162075162494207e+02, -5.759894160736745e+02, -1.104176904681719e+02, -1.531002583737251e+02, -1.297593979193853e+02, 1.647888033467433e+02, -1.195028423201645e+02, -6.659808904273945e+01, -6.927627838196764e+01, 2.448095201841433e+00, -8.125899246675569e+00, 2.149643437316205e+01, 2.913745435411858e+01, -4.683957153524373e+00, -6.796577302823836e+00, 6.523252208854035e+01, 8.271295125139023e+00, 1.620351193461685e+01, -7.158813479336269e+00, -1.950988098478679e+01, -4.081642265442214e+00, 2.591817079958951e+00, 6.168641492155761e+00, 6.501110693524402e-01, -2.284179221492006e+00, 6.114905524567343e+00, 2.137174221694465e+00, 1.516339207758217e+00, -1.311155682561233e+00, -2.608958099639741e+00, 1.217878481547106e+00, -3.497479106643699e-01, 1.891162276237987e-01, 2.290079445505070e+00, 2.530961999327434e+00, -8.157037630855438e-01, -1.238703949570668e+00, 3.405507788176079e-01, 6.691736561568281e-01, -1.085030991254873e+00, 1.411339567451840e+00, 8.276275543795473e-01, 8.915966286360102e-01, 2.453861149900478e-01, 5.685305653765179e-01, 2.620576756376239e-01, 1.447168279531484e-01, 3.037000422746910e-01, -5.584865048915619e-01, 1.031643888239667e-02, 1.028958600339600e+02, 1.207067903854069e+02, 2.016608519947177e+02, -4.774468986004787e+02, 1.414370917217357e+02, 1.030967011058816e+02, 4.593287816248179e+00, -2.552348560719305e+02, -1.342122596412739e+02, 1.573774136447644e+02, -6.592903622956007e+01, -2.591361080450539e+01, -2.325893684337389e+02, 1.024739295018340e+02, 1.761421298082761e+00, -3.916861608266560e+01, -4.836957219601138e+01, 1.263257266487249e+01, -2.528056723930014e+01, 8.249518097940324e+00, 2.994877673488130e+01, 2.725552248455711e+01, 3.176669383799207e-01, -1.893508908123261e+01, -5.706843727887720e+00, 1.677324080034689e-01, 1.998255723353805e+01, -9.303792403889046e+00, -3.647664264265221e-01, 9.139116637553814e-02, 2.584557121216818e+00, -5.734389102334666e+00, -2.438098572047854e-01, 2.532082693371574e+00, -1.256256002872567e+00, 8.558645184127178e-01, 6.536143548276875e-01, 1.319272504342111e-01, -1.122191932939956e+00, -5.417667130544055e-01, -5.785570138932697e-01, 4.586500578719068e-01, 3.600870827967088e-01, 2.161040713080867e-01, -7.859154015126636e-02, 9.994945822276306e-02, 4.877624380033374e-01, -1.482347014276928e-01, 9.730596129147949e-01, 2.886251812373723e-02, 5.521039412477485e-01, 3.404821328607172e-01, 7.154730157238562e-01, -2.356142508943019e-01, 1.782593002011968e-01, -3.261014414829354e-02, 3.479944294545633e+00, 6.085264872897764e+02, 1.513396212210591e+02, 6.748352876385061e+01, -7.648087065390602e+01, -9.800077089108548e+01, -6.529100743189726e+01, -4.463805622596856e+01, 2.887498939661974e+01, 1.939502314785776e+01, -1.529010671571659e+02, -5.313395177890427e+01, -1.822230917642450e+01, 7.237761215461737e+01, -6.080846464777145e-01, -1.031036385495580e+01, 2.291890370225126e+01, -3.001091367649616e+01, -8.305437112139813e+00, 5.933370184489978e+00, -5.582266609658948e+00, -3.675320785833262e+00, 1.517066537971468e+01, 8.760967121021345e+00, -3.921581357209614e+00, -1.111394748315120e+00, -1.962761244141863e+00, 4.524528480654488e-01, 4.091026440693620e-02, -1.960773618904779e+00, -8.572852273855965e+00, -8.738348949133311e+00, 1.539901595241903e+00, 2.153163275975533e-01, 8.750155004792844e-01, -9.556560709934726e-01, 1.157755044403993e+00, 1.877542980924023e+00, 1.657447374136024e+00, 1.334481664071042e+00, 1.310217219039327e+00, 4.743555918606379e-01, 2.207907201386423e-02, 4.107575746435119e-02, -8.819181623804345e+00, 4.948782461418110e+00, -8.575598248449606e-02, 1.738860387021300e-01, -4.948267442828183e-01, -2.750050235941814e-01, 4.164529324416564e-01, 5.506853257591736e-01, 3.337749204376996e-01, 8.732872648230108e-02, 2.140131731705787e-01, 2.266003171388989e-01, 9.995275788931932e-03, 1.106070091496431e+01, 9.957327393809994e+01, 2.143621377190286e+02, -1.874195173695962e+02, 1.621140296382050e+02, 9.015148310622537e+01, -5.629543625200283e+01, 1.198158767154858e+02, -5.160738856065350e+00, 7.125778230847911e+01, 3.684359727607050e+01, -2.989186432140144e+01, -3.042663750349197e+01, 4.440427860119183e+01, -1.925858778572534e-01, 1.657539262647964e-01, 1.935571081427255e+01, -6.886970460880659e+00, -7.970935472870130e+00, -4.360845086523731e+00, -3.014911628051316e+00, -3.787684442384231e+00, 6.083086968817475e+00, 1.268854748415706e+00, 9.256984978776719e-02, 4.730431063399530e-01, -1.708269825284407e+00, 1.621906839613354e+00, -1.788890080669583e-02, -6.655106079352426e-02, -8.705679472695765e+00, 5.801313695796495e+00, -9.214606657068862e-01, -7.350447458367517e-01, 3.910760515656709e-01, -7.448788878199887e-02, 1.168088772824936e-01, -6.389667707526473e-01, 5.224725742985716e-02, -9.211868443655671e-02, -1.480991800110937e-01, -2.951971367741580e-01, 3.478842653271459e-02, 3.365478853065272e-02, 1.064535178518961e+00, -9.559804381787874e-01, -6.968383743819612e-01, 8.211228788820779e-03, 4.105769724868412e-01, 7.025225018389294e-02, -3.843806935055973e-02, -6.480225993708805e-03, -3.181982708209276e-02, 1.811752171491863e-01, -1.633647055579860e-01, -8.825911118358583e-02, 2.242505227657404e-02, -8.025656582426681e-03, -6.254623169168432e+01, 7.355564801265730e+02, -1.111444053093915e+03, -4.044087978174184e+02, -1.640841399860118e+03, -1.729848198773835e+03, -1.452890866341887e+03, -9.203314351486378e+02, -7.932165357308322e+02, 5.321850635066569e+02, 1.084899058275909e+03, 5.945229470771899e+02, -3.182102139122733e+02, 8.492708340147057e+01, 4.732907266278962e+01, -7.965270018054495e+01, -1.274651536382376e+02, 1.483907132285396e+02, 1.678248424277099e+02, -2.339615074568064e+01, 1.278011190988476e+02, 1.348522062257876e+02, 8.946143422877900e+01, -3.137779100686324e+01, -4.025511119778898e+01, -5.436201761460527e+01, 3.657686403771265e+01, -2.567176675104944e+01, 1.343974721686338e+01, 9.910393363561726e+00, 1.822995205200531e+01, 2.024284873853050e+00, -7.142061050370767e+00, 3.206669271464656e+00, -1.769414310953726e+01, -1.001019184156477e+01, -9.241611065452252e-01, 1.171183291944382e+01, 6.903246883424496e+00, 1.206372568332346e+01, -6.959865551595154e+00, 4.270363280314357e+00, -5.368560017752711e+00, -2.361207609938372e+00, -8.878482749943274e+00, -4.147717677158643e+00, 3.131898413638398e+00, -6.171647233399585e-01, 4.923109715665807e+00, 2.044411119314550e+00, 2.172641185569242e-01, -1.365217499779192e+00, -1.267437304578265e+00, -2.260294657894547e+00, 9.073225213036860e-01, -1.269141451453525e+00, 6.366253713505908e-01, 1.895914036944166e-01, 5.225606541476625e-01, -2.757345873845961e+02, -1.209813960695446e+03, -1.518281124371794e+02, -1.692625535206691e+01, -1.583608655981016e+02, -1.508896177053068e+03, 5.861839103282979e+02, -9.988410421821411e+01, 2.612639421311956e+02, -8.971822437272091e+02, -3.741495762801444e+02, 2.675378640268476e+02, -2.438861800136750e+02, -5.830320973608860e+02, -1.584553114139552e+01, -1.095624255155955e+01, 7.410069147517848e+00, -6.305689489602256e+01, 1.600204442200496e+01, 8.754350955103561e+01, -1.854297149789730e+00, 3.975901344070432e+01, -6.213092917089881e+01, -1.142994214718919e+01, -3.247202844051316e+01, -4.025216196027993e+01, 1.100898951735119e+01, 4.537606911106558e+01, 3.551740498536059e+00, -1.145231058828012e+01, -6.797559961068793e+00, 8.777294165772725e+00, 1.632045396517968e+00, -1.353544261321541e+01, -9.720049492951246e+00, -8.104796343995480e+00, -2.767845575823173e+00, -6.221443768910412e-02, 3.262450354304189e+00, 4.500618211915274e+00, -8.365606363473289e-01, -5.509539274238526e+00, 7.760802793085783e-01, 1.345551979849275e+00, -2.247851796329798e+00, -2.060506180486974e-02, -2.620403571056828e+00, 2.344489175592883e+00, 1.697141085866897e+00, 4.107030837623703e-01, -1.070533028122714e-01, -1.093555176283873e+00, -1.047125117278121e+00, -9.838633702507626e-01, -2.979044023074824e-01, 6.117908848892756e-01, 1.729684797244507e+00, 1.068756412345842e-01, 2.577284835485169e-01, -2.076971144378436e-01, -1.137677741133626e+02, -1.184785737237785e+02, -3.158532474393433e+03, 1.160898277947253e+03, -9.948838374609531e+02, -9.398442687064894e+02, 5.064359051486642e+02, -5.236626490361884e+02, 2.214065745179280e+02, -4.408419204658256e+02, -3.672165560700079e+02, -2.313098005716544e+02, -3.010982740266975e+01, -7.433863238332636e+01, 1.474505879883032e+01, -7.708877843923817e+01, 1.358146444092540e+02, -1.344306113231515e+02, 5.869374535117830e+01, 2.453383969440429e+01, -4.255604601434320e+01, 7.525348047562434e+00, -3.805155650653106e+01, 1.941735954577616e+01, -7.224572187161235e-01, 1.837330012186650e+01, 3.303896298645111e+00, -8.010618503935826e+00, 3.832775842073119e+00, 7.258761435551147e+00, -2.349617068298731e+01, 5.478048136326011e+00, 6.820033022326512e-01, -5.193633599255700e+00, 4.310270501297543e-01, -1.482284850880282e-01, 5.771603858628046e+00, -1.998848519193625e+00, 2.007506425063999e+00, 5.747689567643492e-01, 1.632536171853431e-01, 4.001593754777458e-01, -8.422526593001788e-02, -1.991488180124251e+00, 5.791743420237820e+00, 2.142311146247358e+00, -5.176908868540175e-01, 1.085868654698402e+00, 1.142769019846174e+00, 1.777179911608943e-01, -3.528797364268201e-01, 3.838919187646884e-01, 2.969261332227456e-01, -3.712023050565151e-02, -1.527400739229178e-01, -1.154414938413284e-02, 9.237289548934600e-01, 2.738374492129068e-01, -3.027740553593831e+00, -1.487269218242872e+00, -5.690098904733573e-01, 1.540769951256149e+02, 1.943024456186132e+02, -4.723127493742086e+02, 2.066641852696368e+02, -6.661834908111788e+02, 2.315377169871562e+02, 8.061051780877382e+01, -3.241060414513975e+02, -2.863838585523348e+01, 3.867246603533648e+01, -5.590504828957662e+01, 6.774282472549245e+01, 1.398871352561129e+02, 2.129898726135062e+02, -8.436779515756005e+00, -6.973145440262869e+01, 9.267393112454444e+01, -5.290281004226854e+01, 1.136821315025892e+00, 2.088487929131110e+00, 1.642791556422789e+01, 1.210650753572382e+01, -8.955529269921850e+00, -9.315399458666150e+00, -3.136959261059786e+00, -1.226773304086067e+00, -1.624479912694458e+01, -1.225801004570608e+01, -4.232982701891154e-01, 9.817941535978189e+00, 2.049551467668718e-01, 3.199791120742891e+00, -2.426957798285613e+00, 3.840135011280132e+00, -1.072194766878661e+00, 9.523896555023077e-01, 1.553789216428594e+00, 2.084755019412330e+00, 2.401607334375524e+00, -2.281800736805115e-01, 2.002158588865511e+00, 1.394553867144427e+00, 9.282220424934663e-01, -3.090389830546091e-01, 3.680958268765500e-01, -9.267471138831280e-01, 3.291061755696207e-01, -1.217746007888106e+00, 1.209494413936852e-01, 4.289287558906052e-01, 3.455789686975797e-01, 3.492282844078316e-01, -6.193787549381262e-01, 4.828687119269521e-02, -5.548426336489483e-01, -1.914908717373200e-01, 2.043427219824963e-02, 1.358848609213130e-01, -4.581081839481641e-02, 4.384941981949493e-01, -2.562035040160247e-02, 5.316369699658159e-01, -8.476467262539909e+01, 7.520085606292580e+02, -5.031786185480821e+01, 5.013194147156836e+02, -6.685327580986838e+02, -1.096461130822134e+02, -6.651043167391423e+01, -1.214373572553708e+02, 4.717880156673305e+01, -8.404265602790898e+01, 9.054479044036066e+01, 3.748023633934722e+02, 1.671959487082195e+02, -2.332797418326984e+01, 7.318034401244144e+00, -1.926540349519787e+01, 3.115022723113962e+00, -1.365309521385980e+01, -2.159998050664142e+01, 2.088829404792722e+01, 1.615569112726695e+01, -6.954370168458379e-01, -1.237210838115072e+01, -1.629385749583301e+01, -1.821807980765658e+01, -3.021905946117623e+01, 1.012680611103507e+00, 1.719870871686347e+00, 3.637527405091073e-01, -1.195675935623391e+00, 6.264506330229107e+00, 8.192934146493445e-01, 2.712571963638915e+00, -1.267487082911060e+00, -4.004394060817686e+00, 2.724293659926392e-01, 4.913348214180669e-01, 3.249567613165903e+00, 1.911846139518807e+00, 1.343826562042258e+00, -1.097819862579416e+00, 1.248677159090557e+00, -4.785705687142419e-01, -1.267337388232788e-01, -8.849606621546184e-01, -1.009735666535341e+00, 4.949066207337222e-02, -5.748487004887317e-01, 8.902286830439433e-03, -3.632984360807514e-01, -5.519026018840745e-02, -2.672694731907536e-01, -1.904416804788596e-01, -4.999921105987097e-02, 2.257951867174452e-01, -3.017355047990160e-01, 5.790163007979672e-02, 1.749466552803411e-01, -6.019671834652307e-01, 9.362273016819987e-01, -5.621307998000312e-02, 1.780302820453826e-01, -1.111084704022703e-01, -3.269960941488606e+01, 7.213335244539581e+02, 1.113333387947009e+02, 3.402354034618619e+02, -5.016329970344474e+02, -1.569303974322858e+02, 1.009728184697225e+02, -5.354663688216392e+01, 4.876035210806759e+02, 1.068140628016831e+02, 1.774024213867196e+01, -2.267187317478310e+02, -1.346277236330165e+02, 2.385459931478809e+02, -2.081506394977162e-02, -2.523250670963392e+01, 2.457986165378882e+01, 1.267481217725759e+01, 4.562978336053821e+01, -2.154025103471609e+01, 1.162669656994181e+01, 5.031391844849343e-01, -6.994300729319810e+00, 5.945840408653215e+00, 1.366867716626900e+01, 9.195267877371746e+00, 5.811897134711429e+00, -1.405400028575103e+01, 7.993155521987769e-02, 6.811677634345084e-01, 5.893837146982498e+00, -1.065650396187994e+00, 5.582401182509986e-01, 1.683339265562345e+00, -3.760700894495447e+00, -9.017974852645286e-02, 1.436210615406953e+00, 5.989086216069940e-01, 2.481453618740267e-01, 3.767630289697083e-01, -8.312338743196863e-01, 9.198223905150515e-01, -4.634883343738828e-02, 3.589463710093339e-03, -1.342413792943538e+00, -5.788185664124387e-01, 1.145648768040439e-01, -7.183712484294229e-01, 2.249765613174838e-01, -2.595731209654688e-02, -2.325646760660662e-01, -1.796097826726548e-02, -4.729055111348392e-02, -8.856271525421562e-02, 2.378176859639486e-01, -4.028025635490318e-02, -2.446532701848445e-02, -2.134139621624552e-03, -1.777232076891951e-01, 7.541172082943937e-01, 1.267933287464151e-01, 8.941998179799196e-02, -9.508132867616985e-02, -3.571049339566677e-02, -1.067479717745075e+00, 3.464275274698048e+01, -1.652110496465213e+01, -1.623043270587464e+02, -1.169327073423527e+02, -2.036289204548623e+02, -4.347701735251896e+01, -1.881646218564383e+02, 6.467444864218157e+01, 1.688659279478795e+02, -5.519353403297270e+01, 5.731810332222965e+01, 6.611526124133168e+01, 5.125866281544958e+00, -3.672142119161294e-01, -7.363972322782304e+00, 2.301523705084832e+01, 3.744733726501271e+01, 2.313654994372211e+01, -6.762594694850184e+00, 5.994799326158814e+00, 7.721295995955193e+00, 4.914857215756416e+00, 1.061385912952163e+01, 2.902206140497403e+01, -9.384888173179501e+00, -3.512903867509630e+00, 5.208428655674147e-01, -9.119116702160969e-02, -5.687289561055248e-01, 6.040507023150875e+00, -1.091017660419334e+00, 2.924350049735501e+00, 1.095111270237572e+00, -1.133513865142344e+00, -3.976697644588718e-01, 1.134755380541948e+00, -4.461559994978025e-01, -1.711349114637812e+00, 1.850966014745698e+00, -7.603028528036271e-01, 1.602287712469872e-01, 8.889475766704773e-02, 1.818015618347223e-01, -1.330311096550689e+00, -3.157127400974119e-01, -5.862070993504269e-01, -4.609149706524943e-01, 2.108222831141103e-01, 9.880201248716855e-02, -2.826965575442139e-01, 8.412165012968550e-02, 1.285416008507896e-01, -4.005891193666508e-01, 2.578113749658135e-01, -1.841618360018842e-02, 8.646196152982349e-02, -8.074323863029202e-02, 5.443519004294026e-02, 8.058722195986273e-01, 1.428884658922756e-01, 1.085397519853608e-01, -1.287113126144833e-01, 2.068994241427571e-02, 1.284585387047695e-02, -1.737524596667353e+01, 4.607798499073935e+02, -8.643257129043473e+00, 2.018515609800027e+02, -9.546610845293685e+01, 8.988851785592223e+01, -1.702604654430252e+02, -9.081759355741769e+01, -1.653265403548169e+02, 6.368552727877271e+01, 1.853072714104289e+01, 4.283090167841370e+01, -1.850509354362287e+02, -1.426108924717764e+02, 5.227338024967442e+00, -3.026497772448858e+01, 2.824984334619066e+01, -1.063388256736091e+01, -2.751359347320133e+00, -9.951486706041578e+00, 1.927130283888942e+01, 1.380932712740264e+01, 6.077781582182103e+00, -4.649598199388129e-02, -6.068999654561027e+00, -1.131780272111636e+01, 5.487956294028793e+00, 1.242429908426938e+01, 5.202109190368089e-01, -1.321229051864545e-01, -2.108016897747123e+00, 3.336479772481982e+00, 1.522622281925053e+00, 5.454311455367049e-01, -3.498339626809862e+00, -1.001564518528887e+00, -4.261464948016943e-01, -8.474617969829459e-02, 1.366547073579560e+00, 1.244674898636738e+00, -5.479637858563393e-01, -6.896261250141028e-01, 4.580993983648671e-02, 2.385942666642152e-02, 5.337441310931623e-02, -6.250307702114466e-01, 2.240907735109678e-01, -1.350513623094588e-01, 3.600541586971999e-01, 7.358841796882147e-02, 2.555102248494299e-01, -5.289038196218732e-02, -4.262513436070026e-01, -9.561643501876252e-02, 6.222084093710708e-02, 5.450232594768829e-02, 8.472930743220637e-02, -5.187627940814774e-02, 9.858430887673282e-02, 7.622566135462314e-01, -9.921647342113081e-03, 6.357356236720690e-02, -2.818696852610767e-02, -1.694807294746948e-02, -3.315127647946050e-02, 3.423897984572626e-02, 4.269721352377031e+00, -2.092815984260126e+01, -6.288374501911090e+01, 4.055291792950677e+01, -1.671137895269993e+02, -1.161656286207259e+02, -2.613492183380505e+02, -4.092334166732640e+01, -1.191587963180049e+02, 4.841266325117816e+01, -6.611556134669849e+00, 2.791230835974019e+01, -1.585211212517833e+02, -9.071890264382719e+01, -1.483278396750840e+00, -7.532974661289026e+00, 7.183451257390542e+00, -1.157603302921956e+01, 2.304096571410172e+01, -1.927634328573968e+01, 8.732492033137481e+00, -4.467806978385100e-01, 6.526838415683632e+00, -2.376141116287077e+00, 6.234122507635477e+00, 5.105306364792709e+00, 2.314846186550922e+00, 3.328492398397403e+00, 6.428818592521890e-01, -1.482220531162855e+00, -2.769864818726778e+00, 1.293817883271807e+00, -6.921771544771414e-02, 9.123794777357712e-01, -3.051219402479295e+00, -4.554696075160126e-01, -2.628511021041339e-01, 1.187896613763513e-01, 5.438413575092197e-01, 1.679055162522537e-01, -4.089452498987239e-01, 4.726414177495586e-01, 7.196542874011929e-01, 3.193733109631124e-02, 4.749633046578282e-01, 1.318141955088358e-02, -1.274989661846610e-01, -3.819725565837309e-01, 2.928819877737055e-01, 1.509688236256495e-01, 3.752650051197678e-02, -6.276038720126688e-02, -3.032165258054411e-01, -4.597588818161513e-02, 5.634305486000443e-02, -1.996020926887214e-01, 2.645843589344344e-01, -3.778666418015981e-02, 2.776209880594713e-01, 2.855028340741867e-01, -1.646198145853157e-01, 2.564185666993306e-01, -1.294441289327748e-03, 4.114594025152114e-02, 1.501578560790172e-02, 1.208530057415691e-01, 7.258529819327721e-02, 1.679903091572015e+01, -1.962268182411021e+02, -3.582117760866813e+02, -2.731184194026220e+02, -1.253007038569952e+02, -6.612471475529823e+01, -1.925178540262020e+02, -1.310399939021278e+02, -2.205576387323030e+02, 4.232923089948918e+01, -6.354584504262489e+01, 5.893975808634106e+00, 1.371373572690195e+01, -1.279620675005757e+02, -6.673083808734477e+00, -3.065803546722543e+00, 1.709566462106970e+01, -1.155682133354286e+00, 9.378661057963519e+00, -5.276927648679647e+00, 1.007952250117489e+01, 9.145402748424408e+00, 1.270579518392602e+01, 2.154562142064126e+00, -7.632571423236997e-01, -7.818932451406400e-01, 5.230845330964455e+00, 6.582784682904607e+00, -9.725198681941176e-01, 7.052077200147880e-01, 2.029070302034026e+00, 5.213484108742508e+00, 1.244233674605857e+00, -1.936433335465044e+00, -2.848882969693638e+00, -6.861696505708993e-01, -9.457908683822069e-02, 9.431662768949801e-01, 1.132461453645963e+00, 1.174340914599446e+00, -1.495072344276875e+00, -1.145861174178897e+00, 1.452095501687386e-01, -1.112588813085144e-01, -5.558007829409063e-01, -7.971587009576064e-01, 2.388322203263547e-01, 1.363214275154780e-01, 1.680265130770401e-01, -1.693182109669510e-01, -1.702734948231962e-01, -4.631890345569110e-01, -2.046744670523368e-01, -2.054248248881564e-01, 4.580863152422102e-01, 1.372357559977447e-01, 1.536752503970201e-02, -2.420624911889140e-02, 1.569262882170873e-01, 5.422783625790011e-01, -1.103184937560154e-02, -1.475963330545071e-01, -1.103945851789055e-01, 3.718634771965194e-02, 4.527721551836475e-02, 1.982355440358325e-02, -5.324301300620616e-02, -4.132673580148817e-03, 1.924395841864137e+01, -3.325942241458367e+02, -4.135555645996079e+02, -2.608104983128540e+02, -5.892911487251084e+01, -5.956271289005403e+01, 1.095626103345517e+02, -1.882204387904463e+02, -3.246532235645295e+02, -2.844676122989474e+01, -1.185293684046223e+02, 1.152586328503688e+02, -4.482062324618659e+01, 4.514310847260593e+01, 1.167319080612755e+00, -3.366547966832824e+00, -5.333658580604865e+00, -2.679198949497509e+01, -3.436919653068720e+01, 2.331159958425126e+01, -1.899157102749023e+01, -9.593125559372464e+00, 2.792389324469297e+00, -1.437585628843759e+01, -1.951457100938991e-01, -9.652641123721619e+00, 5.104012907294744e+00, -5.648494975557915e-01, 9.239823394087952e-01, -7.058948135322177e-01, -2.462142029420883e+00, -9.132359896442753e-01, 2.858800476648820e+00, -5.946095181526423e-01, 2.390572687719100e+00, 2.951543060880544e-01, -1.079025705222121e+00, 1.604990832925962e+00, -6.040296160087675e-01, -3.031176212755123e-01, -5.631730808157803e-01, -2.050494709444644e-02, 3.810732512566942e-01, -3.566560087932882e-02, -8.019333881936225e-02, -5.888119562928306e-01, -1.213219403950627e+00, 5.838753735168500e-02, -7.978694905920802e-02, 8.931662857472496e-02, 3.433070578247595e-01, -2.658282254233055e-01, -1.041624079589149e-01, 1.273604740529215e-01, 2.054107163314847e-01, 9.126765335381563e-03, 7.743205177951676e-02, -3.759876843360846e-02, 1.659653401954670e-01, 1.268426509843691e-01, 1.505510171001994e-01, 2.621880394559878e-01, 1.051135586008109e-01, -4.680583872488195e-02, -8.769216846739283e-02, 1.621399461280656e-01, 6.144525643212281e-02, -1.035852158603309e-01, -7.955914857077577e-02, 5.808620655833324e+00, -2.179568292010127e+02, -3.479764012370476e+02, 2.352507908562623e+02, -1.143627522072992e+02, -1.615561178635813e+02, -1.121733848215334e+02, 7.163678532126708e+01, 7.809046144360966e+01, -1.958955486071862e+02, 7.560137015812936e+01, 1.445760600163387e+02, 6.788656152163635e+01, -3.009277132927858e+00, -1.324278199955740e+00, 1.270429166974685e+01, 2.195694690771890e+01, -2.167437524111866e+01, 2.854555899485140e+00, 1.242761961830076e+01, -6.053999819003114e+00, -9.722183890597833e+00, -5.084435233149914e+00, 8.101622217411611e+00, -6.119208962799506e+00, -7.837079084394269e+00, -6.828982680259621e+00, 2.063493566711802e+00, -2.953233178439323e-01, -5.607055856969992e-01, -1.650748953401439e+00, 3.454563878216247e+00, -4.553839432479412e-01, -1.568334600688468e+00, 1.631870705020687e+00, 1.120845655202609e-01, -9.942965069756084e-02, -5.992478715048517e-01, 5.069105032460450e-01, 6.101302637388648e-01, -2.049958797721629e-01, -5.514935362060018e-01, 4.604357395636816e-02, 4.054390949110927e-02, 1.602993318723498e-01, -4.566944549916840e-01, -1.619939119004392e-01, 2.233449926817621e-01, -4.700681869937857e-01, 4.855215654500634e-02, -6.111765941049428e-02, 9.584141563419721e-03, -1.647070605437854e-01, -5.324381404335685e-02, 1.222441598591072e-01, 8.028402844688341e-02, 8.898016427891287e-02, -1.063613172355123e-02, 4.423179697984334e-01, -6.583181277392763e-03, -1.987242342153867e-02, 2.251027174170044e-02, 1.689836665235601e-01, 1.741848768610739e-02, -1.144848021405456e-02, 3.792883236715691e-04, 4.386691992533636e-02, 1.891166730897679e-02, -4.716632166981641e-02, -7.122102832402969e-04, -2.876482273831068e+00, 6.025653518080583e+02, -1.539065581894062e+02, -1.457366897354659e+02, -1.227886419544267e+02, -4.209461725414651e+01, 2.778869956904088e+01, 4.936500630498262e+01, 6.409576330496103e+01, 2.080070961675288e+01, -1.972036276429413e+01, 8.248499971077220e+01, -1.489817532539737e+01, -2.064926341129125e+01, -1.628603567801617e+00, 1.590251643920220e+01, -6.987312771129362e+00, -1.425170617845258e+01, 1.627503578765010e+01, -1.123888909996242e+01, -2.360919121016569e-02, -1.161375379304331e+01, 4.491836701140269e+00, 4.845275474028807e+00, -6.397628683043816e+00, -1.032231692785011e+01, -1.246837088746635e+00, 5.063232300384660e+00, -2.605600909647155e-01, -7.776681071419098e-01, 2.140518032342257e+00, -3.627219920518205e+00, 2.631498278758571e+00, -1.901493773262473e+00, 4.418920017350628e+00, 1.962095729541786e-01, -8.287962793878701e-01, 1.456069482779935e+00, 8.547567913966876e-01, -1.786883423117320e-01, -1.535666099739583e+00, 1.772453831133600e-01, -6.134731638042359e-02, 9.616339022051118e-02, 8.017468541222868e+00, -7.721714239757239e-01, -1.672149509057131e-01, 6.617735106948056e-02, -2.571704698895548e-01, 2.929824086736204e-02, 1.616917228630057e-02, 3.038293131647630e-01, 4.710105590529959e-02, 3.957426018368487e-01, 1.055488629416699e-01, -5.807419100526149e-03, 9.068255681371901e-03, 1.553982984464414e-02, 3.411711805042096e-01, -2.048835408440651e+00, -2.210048881605255e-01, 2.467375104431998e-01, -1.430520778556423e-01, 4.908734304815162e-02, -8.944696116671265e-03, 1.615815280706082e-02, -1.627444290219547e-02, 1.364044681563189e-01, -7.108271833132224e-02, -2.106799662282091e-02, 7.303664586641884e-02, 1.420171398844216e+00, -1.931687086636442e+01, -4.452574567403468e+01, 8.842184999297963e+01, 6.674242711809504e+01, -4.222827118228266e+01, 4.831803605017458e+01, 2.082826328379221e+01, 1.329339912195362e+00, -2.334644886980632e+00, 8.896537116730778e+00, -9.502218916147587e-01, -1.552522313070055e+01, 6.171859122401439e+00, -9.765798550701493e-02, -5.075807731396432e-01, -1.066815471293343e+01, 1.317885947872100e+01, -2.276094897326300e+00, 2.230416182671781e+00, -2.801619817566455e+00, 1.767542476144785e+00, 2.692649033886682e+00, 1.408652207614897e+00, 9.661542464492922e-01, 3.288731013264153e-01, 2.689076032281097e+00, -1.698467246245431e+00, 4.271742398765442e-02, -7.364969086084516e-02, 2.346846391493758e+00, -1.866264871096501e+00, 3.080178590611225e-01, 7.343109603281315e-01, -5.935860553818679e-01, 8.090584884906835e-02, -6.763934149571124e-01, -3.715717159975702e-01, -1.120083907804915e-01, -8.151572286889673e-03, -1.390226480295406e-01, 7.640909339263208e-02, 2.563557700924088e-02, 4.626038533478834e-03, -7.293656621784724e-01, 7.395109741003634e-01, 2.631724203082859e-01, 1.091474066935585e-02, 9.462558146033802e-02, -2.645524561703080e-02, 5.525871825409820e-02, -4.230323293390375e-02, -1.258517384441381e-01, -7.559948205868421e-02, -1.979490612613066e-02, -2.758532763659386e-03, 2.445648906706278e-02, -2.873028192511071e-02, 2.445935223235687e-01, -2.126020606011063e-01, -1.635722107319465e-01, -7.857163281506530e-02, -2.329475718312857e-02, -9.252897464706370e-03, -2.981970171217072e-02, -1.192066474851532e-02, -4.492341246674929e-02, -2.218839365678689e-02, 2.623152752023973e-02, -4.880623141639077e-03, 4.164820020371371e-02, -3.108143599907235e-03, 2.611330348983894e+01, -2.966062342978552e+01, -1.776423356496183e+02, 5.006249315185744e+02, 1.231913285935640e+03, 2.536156793460081e+01, -2.469884530351132e+02, 3.086257794674638e+02, 4.534683218443798e+02, 3.315926749603321e+02, -2.931315276653257e+02, 1.241160813955961e+02, 7.673031017352506e+01, -3.243280172134839e+02, -4.652772146778089e+01, -3.752989451339076e+01, 7.846443158212688e+01, -5.399072529580729e+01, -1.021136059654838e+02, -1.585311698520653e+01, 3.276861230439196e+00, -3.127600307517416e+01, -4.121954728621490e+01, -3.135339613611820e+01, 7.054777102919782e+00, 1.284952173234674e+01, -1.496677127707038e+01, 2.512670516222046e+01, -4.109654057293120e+00, 1.376804301355041e+01, 1.130879954176650e+01, 2.590824698725920e+01, 1.954724405396535e+01, -5.083561585252537e+00, -5.864086018404998e+00, 3.011577432062041e+00, 8.249743225135502e+00, 6.145069521568302e+00, 2.796171159886929e+00, 2.900361060189291e-02, -2.731148876558501e+00, -4.207070324487590e+00, 6.656856769668007e+00, -2.766710608256663e+00, -3.328247021031386e+00, -4.545127222927192e+00, -2.976643661213462e+00, 5.778926865367371e-01, 6.443424857490424e-01, -1.103679708564071e+00, -1.847637727292019e+00, -9.748913016750141e-01, -3.136469140406706e-01, -5.043696771952659e-01, 1.502497295809648e+00, 8.908285236191452e-01, -3.076182956867165e+00, 9.833387626652413e-01, 1.151147517659793e+00, 5.702103823697401e-01, 6.692618444800681e-01, 5.118294711982786e-01, -5.400021081153539e-02, 4.410497847145902e-01, 5.329171476608724e-01, 2.163495845117182e-01, -5.045274897812772e-02, 3.111481410377464e-01, -5.277702654878086e-01, -1.731379967443188e-01, -1.418677707434329e-01, -1.063880883197295e-01, -8.994512185232697e-04, 6.669614937080725e+01, 1.354924501881273e+03, 1.215293657636874e+03, -4.701225213489259e+02, -2.291576770793252e+02, 1.180186161319521e+03, -1.060109866960647e+03, -3.308221873624086e+02, -9.444915568093375e+02, 7.091429143932153e+02, 3.352573993817490e+02, 7.375661416199129e+02, -7.032896568111249e+01, 2.929983256661545e+02, 2.635331646261540e+01, -4.396869981385633e+01, -2.449286257163097e+01, 5.737936372086988e+01, -1.177385747925860e+01, -6.413692346763582e+01, 7.552387450505216e+01, 2.722192608027480e+00, 4.726198529369476e+01, -3.359555073359476e+01, -1.700916956510429e+01, -3.866709474048253e+01, -1.336079122060600e+01, -4.054690842039311e+01, -1.360487686043867e+00, 9.279979993740763e+00, 1.234826426016329e+01, -1.293119033042340e+00, 2.305350755821459e+00, 9.569654010171996e+00, -2.814415871296288e+00, 3.593826399934335e+00, 1.473642706961982e+00, 4.949175844702717e+00, 3.878173564872043e+00, 6.003907261051075e+00, 8.111657485182207e-01, 4.131342897960518e+00, -1.357231545648885e+00, -2.178559805906386e+00, -2.330107297380212e+00, -8.769262843565356e-01, 1.024608362945876e+00, -1.967656654509793e+00, 4.828264514870822e-01, -1.054948659295182e-01, 2.115980601853834e-01, -4.880548745450770e-01, -5.627201193497492e-01, -1.142297348295403e+00, 4.926700109048019e-02, -7.709013889542939e-01, 1.695886396967011e+00, 4.078430682329535e-01, 3.737910954847872e-01, 2.575887860233860e-02, -4.012222461063212e-01, 7.824065523490814e-01, 7.888872433843339e-02, 8.119894811068651e-02, -2.336923330454279e-01, 1.015273952993286e-01, 6.618512673532162e-02, 6.786613383262327e-02, 1.242329511100949e-01, 3.251121250349521e-01, -9.403418504860729e-01, -7.344050089611592e-02, 1.077073147913630e-01, 2.523632122143346e-02, 1.623645959850634e+01, 3.330247590075959e+02, 2.697917804335752e+03, -6.702219426644510e+02, 3.122959066025716e+02, 1.234159643809491e+03, 2.581159992639700e+02, 4.943504956806520e+02, -1.119081377356051e+01, 1.093186831721403e+02, -6.330029328869627e+01, 1.636670273328358e+01, 2.209095771834146e+02, 1.767698417719500e+02, 2.058499601952743e+01, -3.098127473098629e+01, -1.900029389671393e+02, -4.239704194780760e+00, -1.045092844319923e+02, -1.559597899215575e+01, 4.765233706264693e+00, -4.212699385271669e+01, -3.811959380015158e+01, -5.082367534165635e+01, -3.135389781666646e+01, -1.431194595615973e+01, -1.451001721146667e+01, -6.959623874681264e+00, -1.838851364980574e-01, -3.527610530571936e+00, 1.751497624817211e+01, -4.045959577428230e+00, 4.979204488396993e+00, 2.030019239405340e+00, 9.075152001227063e-01, 3.264825993783578e+00, 1.583569823246199e+00, 4.141836136277999e+00, 2.002018352562800e+00, 1.651598592259625e+00, -2.719970756007540e-01, -8.772258919127428e-02, -2.088785459830770e+00, 1.698993957585180e+00, -3.201628283076430e+00, 1.338692002353246e+00, 7.674380147222716e-01, -5.925161987574974e-01, 2.871591382122129e-02, 1.306161465982558e-01, 3.506706453841654e-01, -6.219027051418136e-02, 1.397304946896028e-01, -8.767595962466557e-02, 7.420912208806979e-02, -1.588532433941583e-01, 1.235082032977459e+00, -6.986934770201363e-01, 1.229439420279159e+00, -9.161660365170851e-01, -1.836182581458174e-01, 9.131757474399253e-02, -7.825373590347691e-03, -1.323673776099893e-01, -9.220215967549071e-02, -6.207411164596145e-02, -1.834293858174043e-01, -1.202776200261264e-02, -8.428951878165945e-02, 9.319067009511785e-02, -4.406498049225940e-01, 2.775347623584524e-01, -1.268179828625021e-01, 6.265463564807652e-01, 6.834389974210806e-02, 3.948152462745079e+01, -9.481562874698002e+01, -3.048879759700003e+02, -1.977372721090427e+02, 3.438961360902487e+02, -2.555441446625067e+02, -7.470368864836998e+01, 3.549817805208924e+02, 1.587534610444073e+02, 3.844908465496979e+01, -1.912921267327064e+01, -2.003743875255875e+02, 6.985676062756919e+01, -5.080226496782079e+01, -2.299168233037920e+00, 3.908822406448333e+01, -2.485249722751673e+01, 2.296710654455383e+01, -2.988694364495423e+01, 2.366164108014387e+01, -2.439563732971962e+01, -2.509579201210737e+01, -2.322511399020205e+01, 1.279876736224560e+01, 1.635405138740350e+01, 2.226549763521611e+01, -2.163942704877785e+00, 9.498022998083700e+00, -6.613068640585631e-01, -6.547241618250842e+00, 2.465394879550221e-01, -3.280581152956699e+00, 5.587953533133142e-01, -1.035087815870927e+00, 3.014245713633143e+00, 1.116420834692212e+00, 7.057339096319934e-02, -2.114599693910127e+00, -1.820544573626699e+00, -2.049219143705179e+00, -6.756383500882827e-01, -5.247328735063309e-01, 8.437215870307023e-01, 5.568742588593167e-01, -1.887056320628247e-01, 4.461920050605620e-02, -1.249004394308380e-01, 7.018245337936901e-01, -5.317333810955045e-01, -2.780274812016810e-01, 1.956795521828728e-01, 2.103659275585436e-01, 5.212049658789684e-01, 5.257828735780338e-01, 2.646973881013205e-01, 8.628815382901146e-02, 7.146471193672109e-01, -8.142849815063073e-02, -1.483689831753005e-01, 3.431395560378864e-01, 3.664908924347926e-03, -2.511874997694305e-01, 2.584109281485824e-01, 1.560459394194543e-01, 5.515173940249143e-02, 6.169760855707908e-02, -2.492685206852148e-02, -6.023172864617111e-02, -1.897270149404590e-01, -8.219185028242697e-02, -2.157303442556844e-02, -5.186011775593192e-02, -1.326497746346970e-01, -2.890762052540796e-01, 5.469093478471728e-02, 1.504666050588879e-01, -8.777908863938078e+00, -2.227182561175418e+02, -1.318379076852394e+02, -1.451649925291434e+02, 4.691975769209075e+02, 2.773844987446433e+02, 7.277950718752078e+01, 2.412838935488435e+02, -8.464280598987177e+01, 2.739070473027872e+02, -1.531216886986439e+02, -2.009284039889009e+02, 2.984348973885373e+01, 1.163149929492442e+02, -3.518870391994880e+00, 2.038443282856154e+01, 2.778918252124899e+01, -6.723506915797717e+00, -4.976092587950703e+00, -2.517235012628061e+01, -1.120510591130234e+01, -6.230659264261992e+00, 1.748589330076419e+01, -1.514948107248950e+01, 1.503043346079987e+01, 8.154297473882631e+00, -4.738013872913546e+00, -7.728270925406433e+00, -4.712484951825831e-02, 1.408874532285508e+00, -1.286418076313338e-01, 4.917350966280653e+00, 1.840825469632384e+00, 1.619542587605258e+00, 1.601557405255425e+00, 1.936659218954280e-01, -2.236788083640813e-01, 1.903576475590627e+00, -6.155308746072764e-01, -4.085334411290713e-01, 9.697274994031323e-01, 2.161396387224153e-01, 9.572412158383033e-01, -3.764981441801784e-01, 2.311414950765666e-01, -4.939839706421849e-01, -7.014438424228537e-01, -9.542466358761853e-02, -1.547309176941403e-01, 2.292523337081149e-01, 7.816343351420202e-02, -2.709661701142411e-01, 1.985325262980701e-01, 1.013584883946653e-01, -2.102594923240786e-01, 1.075989902783035e-01, 3.601942814283529e-01, 1.006908545919689e-02, -5.563230868868534e-02, 9.130058196610370e-02, 6.962877714913615e-02, 3.500020248443592e-01, 2.807486608335471e-01, 9.320582533382715e-02, 1.064806742029870e-01, 8.778267230985311e-02, -5.438026525181936e-03, -2.417737464873983e-02, 1.127396787873532e-01, -5.152044566943251e-02, -2.591828323376054e-01, 2.955150240229271e-02, 5.798576357156193e-01, -8.652423839325837e-03, 1.116619925297175e-01, -1.782266405845653e-01, -5.232584627517341e-02, -3.201253670471838e+01, -3.959459611393154e+01, 1.175659504075311e+02, -4.445175810550094e+01, 3.971771533988340e+02, 2.774913746593476e+02, 1.200799176537494e+02, 2.467993250023377e+02, -1.382649097943078e+02, 1.111934951924711e+02, -1.546222755488382e+02, 1.388257294507940e+02, 2.332457338692286e+02, -1.229793937376325e+01, 1.142177708105915e+00, 7.825411558635573e+00, -2.143136674594332e+01, -4.562432162511447e+00, -4.307739190911833e+01, -1.876590258152249e+01, -9.592195709479467e+00, -1.588521124449029e+01, 3.749468219371050e+00, -3.753541874120890e+00, 3.100064662486794e+00, -1.532334114357232e+01, -5.074185804752041e+00, 2.257249310775154e+00, 6.705223326715166e-01, 5.626899403556312e-01, 4.608510145649787e-01, 2.653926732984327e+00, 3.361286902306290e+00, 7.224731840822693e-01, 2.158120742767533e-01, 6.348658860324395e-01, -5.558841254362451e-01, 9.861122693910105e-01, 6.110594816480935e-01, 1.366203631186820e+00, -3.312133622746073e-01, -2.507275508741371e-01, 2.579748542316335e-01, -1.960916722653111e-01, 6.671231495069052e-01, -8.037123387808955e-02, -1.869087303328404e-01, 2.474141331146287e-01, -2.704293182746564e-01, 1.624259455278784e-02, 2.452379545600022e-01, -3.003978416233003e-02, 9.094525373990317e-02, 2.221315857269480e-02, 1.927115180978158e-02, 2.634083569559071e-02, 9.013745774854473e-02, 5.684253728052268e-02, 2.397308931565715e-01, 1.991834456316931e-01, 1.409279709489599e-01, -3.738851360566908e-02, 1.610508778572743e-01, 1.816319370290287e-02, -2.097234500097192e-02, 5.320727389958965e-02, 5.335388186104965e-02, 3.785707152962812e-03, 3.206766803541290e-02, -1.924613413450650e-02, -1.031911884632503e-02, -1.813068121342836e-02, 1.506703385917007e-01, -5.417771263627313e-02, 1.513304300954523e-02, 5.031406452131788e-02, -5.485604507867827e-02, 9.895933639074109e-03, 1.657028135913193e+01, 3.667826461672378e+01, -1.823224520294945e+02, -1.501350169600239e+02, 7.198590712248753e+01, 2.607033597340169e+02, -2.042268915446070e+02, 9.394392059893636e+01, -1.890969802235578e+01, 7.441190908118747e+01, -2.639736427273565e+01, -3.881933499000807e+01, -1.769614441138199e+01, 1.493516478232686e+02, -3.151165186958459e-01, 1.385153292658749e+01, 3.284101935109140e+01, 2.281940150966571e+01, -1.565571800627408e+00, -1.843826008857946e+01, 1.901487564036577e+01, 3.177791038982673e-01, 4.818072398246427e+00, 3.356137852331151e+00, 2.535520241603793e+00, 7.337567915339301e+00, 2.059642395469626e+00, -9.829860565792403e+00, 5.310830647260792e-01, -2.516758308736433e-01, -5.343702423119940e+00, -2.183734733809401e+00, -5.227568978409953e-01, 1.448409262690692e+00, -2.538131209416917e+00, 4.718333082340915e-01, -2.015859261974449e-01, 3.236378134244888e-01, 8.501322629284649e-01, -8.997743774974691e-01, -3.227220509801504e-01, 1.093919631477807e+00, 3.294478996381714e-01, -1.449103295982776e-01, 8.016555397335640e-01, 4.073792753091797e-01, -3.568591128198883e-02, 1.279236544663857e-02, 3.034330418265506e-01, -9.334108023226546e-02, 9.652475340250663e-02, 5.039578375589398e-02, -7.433207558696786e-02, 3.115069225447643e-01, -3.308921870162914e-02, -1.950401681064468e-01, 7.336002940120558e-02, 3.074603910827461e-02, 1.221475791638775e-01, -8.441267115325510e-02, 1.244812614661667e-01, 7.400208330943239e-02, 6.919772517896050e-04, 8.351140597206268e-02, 7.024386790276620e-02, 3.002702204766248e-02, 4.681962031700879e-02, -6.637702193912258e-02, 4.803016172704169e-02, 4.590167282071805e-02, 2.884944863724944e-02, -1.549327292983053e-02, 1.296435901337547e-02, 1.198400950629822e-01, -8.425315088266891e-02, 3.331719304627090e-02, 3.627507193817819e-02, -4.233017782630515e-03, -5.828818864971390e-03, -1.144721815201505e+01, -2.348871310939599e+02, -2.879646907687909e+02, -1.991099303933445e+02, 1.127371210914999e+02, -1.265512833501286e+02, -1.694392327146219e+02, -2.093704556222337e+02, 6.223054693550742e+01, 6.131140465305018e+01, -4.543969726250919e+01, 9.896202591252425e+01, -2.151645086500276e+01, 2.631634211224453e+01, 2.565808775481140e+00, 2.366489238300078e+01, 2.206122498741324e+01, 3.881511181496782e+01, -7.768713902221584e+00, -2.399566411016830e+00, 8.296754068793268e+00, 9.633162447905981e+00, 8.214148948496764e+00, 8.709292870316922e+00, 1.018086962065161e+01, -3.470239134353736e+00, 6.475311999587909e+00, -8.334229483298090e-01, 2.420761200443852e-02, -2.657489583489451e-01, 4.063825458477538e-01, -2.052883597444485e+00, 3.158252061769338e+00, -2.025048604510878e-01, -2.281975679843969e-01, -2.643840694706007e-01, 4.672537334883103e-01, 3.143608307517755e-01, -6.309199135550073e-02, 1.422790859516898e-01, -8.780297451566923e-01, -4.728214049127361e-02, -3.529209010151107e-02, -5.066415592468238e-02, -2.252425032692812e-01, 6.030601572926857e-02, -6.967421119439249e-01, 6.029903376256667e-02, -7.265508709036253e-02, 2.509987996539534e-03, -9.896559797562166e-02, -7.682520625278746e-03, 7.768393967426372e-02, 3.954949388229312e-02, 1.487551059890024e-01, 4.178868324924638e-02, 4.235530812658934e-02, -2.795922887665826e-02, 2.484650375310699e-01, 7.179545307870727e-02, 2.499949206292010e-01, -4.003460007911225e-02, 1.485346659474046e-02, -1.553013242574585e-02, -2.821238692812713e-02, -8.379962023853721e-03, -3.760463485102623e-02, 7.262152124544312e-03, -9.737477989631811e-02, -2.386850289396687e-02, -1.000828562281619e-02, -1.095192109252141e-02, 1.690941419144629e-02, -5.707332060326826e-02, -2.613192169869130e-02, 1.766627405756232e-02, 2.468493238820813e-03, -1.559187748660387e-02, 2.250911116513317e-02, -1.927975336889196e-02, -1.285314274979441e+01, -7.892633957400582e+01, -2.248029825967160e+02, -1.636052918528267e+02, 8.428689263243585e+00, 8.339918844071981e+01, 2.606852766899700e+01, -2.166836489393700e+02, -5.140554406044324e+01, -2.267364500784269e+01, 7.187974066949859e+01, -4.857762002840383e+00, -4.864315868958832e+01, 1.310239874495120e+02, -9.260676766043638e-02, 8.984259304505107e+00, 4.013407783997097e+01, 2.705270745018381e+01, -5.648931715484126e+00, 1.131640513660135e+01, 7.825465901492880e+00, 9.209185457623873e+00, -2.069518553324570e+00, 4.064643891406555e+00, -6.948859083223332e+00, 2.084666922173121e+00, 4.961898109765353e-01, -7.418702877592470e+00, 9.845560560085879e-01, -4.056802869071663e-01, -1.899218721460092e+00, -1.764631738520283e+00, 1.902402069275404e+00, -9.888707793582580e-01, -1.184726824232561e-01, 6.840630687519834e-02, 2.060611606606751e-01, -6.581915417068311e-01, 1.459829807995525e-01, -6.384661928710247e-01, -3.658913163748384e-03, 4.177279685517683e-01, 2.202131380418013e-01, -5.170132643736600e-02, -4.210541609612730e-01, -3.086877735305536e-02, -5.311055297009123e-01, 3.309111940279077e-01, -4.951355707183661e-02, -1.595359240180387e-01, 3.221028477439333e-02, 2.512138018865577e-01, 5.311337514016866e-02, 1.744980355780291e-02, 1.072472923915556e-01, 2.063246537701070e-02, -1.888276276486886e-01, -2.563462496548349e-02, 2.828584155845437e-01, 6.625179263819168e-02, 2.931067066440848e-01, -6.609593679131516e-02, 4.752802917165859e-02, 3.412304149773327e-02, 4.521894873828414e-03, -8.264046845444083e-02, -2.481860521371690e-02, 7.298999415706488e-02, -8.139504716136815e-02, -6.669975644992102e-03, -1.661123333618831e-01, 2.538359931067451e-02, 2.829701323094500e-03, 7.344900180825784e-02, 5.621685351605169e-02, 4.627382953340155e-02, 1.397046517791676e-02, -2.128926523195385e-02, -2.083308002607996e-02, 1.776616619363162e-02, -8.968549973764190e-04, 2.251936682730849e+01, 1.024592644888900e+01, 6.253273960636173e+01, -1.398273431776282e+02, 2.656811884507116e+01, 1.549092151109657e+02, 5.140892023401443e+00, -1.488047545042279e+01, 8.476418192170152e+01, -1.177521133822335e+02, -1.344488342570914e+02, -5.065184184450766e+01, -1.020821494249175e+02, -1.516059408105734e+01, -8.364598570931679e-01, 4.984716745291136e+00, 5.003974317742544e+00, 1.401896897716684e+01, -1.221736517977539e+01, 1.118099371228919e+01, 1.427985596517066e+01, 4.712776941454435e+00, -3.382779890299657e+00, -4.014263377406770e+00, 4.693276028992158e-01, -4.144113284193706e+00, 3.550935951679368e+00, 1.858051702859317e+00, 3.298815972976230e-01, -6.947242872979829e-01, -9.924419537360363e-01, -1.252046144140960e+00, 1.860280951097600e+00, -2.479089241869630e-01, -9.519213241051785e-01, -1.813491521034070e-01, 1.234251282628308e-01, 3.766559527872756e-01, 2.111449134445715e-01, 1.384367179082131e-01, -6.036980048908326e-02, 3.837046180548512e-01, 3.476960513536858e-01, -3.692411646404410e-02, -2.967236332515715e-01, -2.606939564935045e-01, -7.608878035939919e-01, 3.672980447128718e-03, 1.599312003340368e-01, -2.890971897196874e-02, 5.720924104070337e-02, 8.094508781994342e-02, -1.620966945885155e-01, -9.791379284843212e-02, -8.757976100231996e-02, -4.422975478240177e-02, -3.635739821552667e-02, -3.014817352545513e-04, 3.684828736167510e-01, 1.279874994245641e-01, 2.989483012427415e-01, 1.308892084393615e-01, 3.641396064613906e-02, 4.662084846323239e-02, -3.156578917799589e-02, 1.671276817678604e-02, 8.696342641088577e-02, 5.109492628502057e-02, 6.794215515297523e-02, 2.255436651368272e-03, -4.609726745588144e-02, -7.637479059785414e-03, -1.529006093521649e-01, -4.743809921070616e-02, -8.443589578966121e-02, 3.334810708072498e-02, 2.560578756530869e-02, -2.367412888688946e-02, 5.372069497884781e-02, -3.813670963989597e-02, -7.340444185032723e-02, -2.200784246068927e-02, -6.013792944258009e+00, 1.393582250805131e+02, 2.128051646288676e+02, 1.960264816018993e+02, -8.041423926066311e+01, -3.371765044124645e+00, 4.447189566553661e+01, 1.709698346731594e+02, 2.422919222986667e+02, -3.009075896750958e+01, -1.336846752097546e+01, -5.649538803852018e+01, 8.296213780883167e+01, 2.824998890792467e+01, -1.247054906986241e+00, 7.165996322152341e+00, -1.704384333912207e+01, 2.469478631123211e+00, 7.911959262809534e+00, -1.045966719181647e+01, 3.013790976851175e-01, -1.036970430804057e+01, -1.123711306388599e+01, 9.918140559570288e+00, 8.553127899916591e+00, 6.064075725077290e+00, -1.452220716463604e+00, -2.837000628296543e+00, 1.703883846417869e-01, 1.856920726156724e-01, 1.633456213100792e+00, -3.189902648259814e-01, -1.436202511420150e+00, 1.214188053023134e+00, 3.042526911641662e-01, 1.450979919526562e+00, 1.106460792493149e+00, -9.670073589082985e-01, -9.771116199480254e-01, -4.651393525982741e-01, 4.429980430740305e-01, 4.730347031676344e-01, 6.264011726351331e-03, 8.340816354315382e-02, 5.430292518018118e-01, 4.630175369744986e-01, 6.265643524709761e-01, -1.397917068998501e-01, 4.400464012901810e-02, -2.511174440282213e-02, -8.166719566443134e-02, 2.589926060146896e-01, 3.199411451368676e-01, 1.142235566940148e-01, -1.627357213594516e-01, -1.042698652540799e-01, -6.665736431679462e-02, 2.369779298703265e-02, -4.966037472720616e-01, -1.432591568544290e-01, -1.677266839717087e-01, -8.778736129275964e-02, -5.412573115231203e-02, 6.880769480094655e-03, 3.962596895302378e-02, -9.992600559185086e-02, -6.039804176175098e-02, 3.041667412133996e-02, 4.217455483617324e-02, 2.217676102805513e-02, 3.907030666406712e-02, -3.432288156332921e-03, 2.933245997859220e-01, -5.340247537596504e-02, 7.960106171563633e-02, 9.713088362022132e-02, -1.344122944639523e-02, -9.888264853992926e-03, -7.999310415323193e-03, 8.882006223171637e-02, 6.144411040096553e-02, -2.464438920512468e-02, -5.680633285351937e-03, -1.536601666115691e+01, 1.946191289203643e+01, 7.376943376784290e+01, -1.075556688541355e+02, 1.159970343014518e+02, 2.332269208294910e+01, 1.224998807369606e+02, 1.545843924075940e+01, 9.271219830848736e+00, 1.028501036875252e+02, -9.694892419799639e+01, -5.072125529995500e+01, 7.309082213859186e+01, -4.420210412575647e+00, 2.484586166773038e+00, -4.826534388800919e+00, -1.139666030142353e+01, 2.893909172245445e+00, -1.016181110496585e+01, -5.050519587212681e+00, -7.478528867719940e+00, -4.375732421012065e+00, -3.759385967144772e+00, -4.561258603759143e+00, 8.637012309026884e+00, 3.413579548537516e+00, -2.866597797688165e+00, -6.481003585331951e-01, 2.720785170755665e-01, 3.704423225775105e-01, 1.647523006120998e+00, -8.314952237530879e-01, 1.330057917945784e+00, 6.228345610825523e-01, -2.902736489439918e-01, 4.654768962671358e-01, 2.125663310336983e-01, 4.048215290823159e-01, -4.917224830637552e-01, 5.769343577313009e-02, 2.635193525254554e-01, 1.604853277358462e-01, -3.253699199628678e-02, 2.616178693507593e-02, -2.329639736087972e-01, 3.129823275040730e-02, -1.568201757182314e-01, -9.518960229312481e-02, 3.046892857112714e-01, -2.176403618335766e-02, 4.947667988791299e-02, -1.943044775542409e-02, 1.198949312185035e-01, 1.261729875075746e-03, -1.081416961943768e-01, -6.497721332730809e-02, -5.829660090085785e-03, 6.334873768089799e-03, -1.453222528345363e-01, 6.693548642320717e-02, 3.610566707410790e-02, 2.102594637422667e-03, -1.199427157828935e-01, 5.136833597759821e-03, 1.044369672095680e-02, 2.754187956551981e-02, 2.086510341563548e-02, 2.035487091506239e-02, 5.959464065487621e-03, -3.787594302253157e-03, -8.780654098074710e-03, 9.538850274268332e-03, 5.115559755032610e-02, -1.305069056290566e-01, -6.331532761111362e-02, 2.017787504845303e-02, 4.771088656310717e-02, -5.075343695831225e-03, -8.914271151553256e-03, 1.061422522103187e-02, -1.518124098210436e-02, 6.558812960546751e-03, -1.205793335847984e-02, -1.327995638569623e-03, -1.007778711286354e+01, 1.139423584966208e+02, 1.806904269208983e+02, 1.046308760922996e+01, -4.978372186613510e+01, -7.033370090234003e+01, -4.880713827540259e+00, 4.241840599327841e+01, -1.394494417261013e+01, -1.000657475945745e+02, -1.723966086989462e+01, 8.603768785188845e+01, 2.947666566041477e+01, -4.662257242688998e+01, -2.135964108782188e+00, 8.439334394393143e+00, 2.400105161060043e+00, 7.689398023216721e+00, 5.417647353164798e+00, 5.517054111535365e+00, -9.423760291473554e+00, 9.653775006355000e+00, 3.985303712170671e+00, -4.020655056206504e+00, 3.023926130452582e+00, 2.862868666220315e+00, 1.440258407261493e+00, -3.873319539061689e+00, -2.988310059386022e-01, 1.432792252562741e-01, -2.221834894268019e+00, 8.462326986334672e-01, -6.674868561422787e-01, -1.073736129200220e+00, -1.620352488787551e-02, 7.882703494756829e-01, 5.839426157178553e-01, -1.756429499504100e-01, 1.508165303957885e+00, -3.510642452457682e-01, 1.795802661646151e-01, 7.425859026359868e-01, -9.433068306997441e-02, -8.989840182704400e-04, -9.879743190324888e-01, -8.874164141798141e-01, -1.151874483703540e-01, -1.541030218087634e-01, -1.818393335936047e-01, -6.942504690343060e-02, -2.986766015607854e-02, -1.166215331509619e-01, 3.741474693988547e-01, -1.211426272302496e-01, 4.206993041481116e-01, 6.607004242023125e-02, -5.843141652752804e-02, -4.943776838560042e-02, -1.069604636814237e+00, 1.550045800259223e-01, -2.042999860611052e-01, -8.277801530645920e-02, 4.934954899353720e-03, 3.167788834076662e-03, -4.264393061997889e-03, -3.899740317916542e-02, 2.025575084135242e-02, 4.905212901449083e-02, -1.428521425490105e-01, -3.440871479733817e-02, 2.349418639272760e-02, 1.057378394948860e-02, 2.174286661557627e+00, 1.168675271370245e+00, -3.046385515119907e-01, 2.036805552707839e-01, 6.179315946087589e-02, 2.411375643674636e-02, -6.459391271399670e-02, -1.250742255013620e-02, 1.478363654447033e-02, -3.540033786628101e-02, -1.372471885039006e-02, 3.024451913468695e-02, 7.013243082703496e-02, -2.680650308043211e+00, -8.910926414042326e+01, 6.811737120601012e+01, 1.653097870614969e+01, 1.798905468131086e+01, 2.541122881713151e+01, -3.741939098200218e+01, -1.116615802819360e+00, 7.758212132014290e+00, 6.172337569809535e+00, -3.608227849080774e+00, 5.889639835208260e+00, -2.656751145616266e+01, 1.438299492392778e+00, -5.533627728347886e-01, 1.309669669539407e+00, -2.225182132905009e+00, -3.435066704671445e+00, 1.887344697345757e+00, -2.200308406984516e+00, -1.455197598156536e+00, 1.059668260858723e+00, -3.534002908874519e-01, 1.207244338542565e+00, 5.381344039708910e-01, -8.172389168953891e-01, 7.923524744713663e-02, 2.969002524284736e-01, -3.454275536174409e-02, -1.703649398577118e-01, -4.233792996608495e-01, 1.246620627732848e+00, -3.079852088651786e-01, -6.839276325779093e-01, 2.071188105045152e-01, -3.460007545455537e-01, -1.602812148390098e-01, -1.485750162077378e-01, -1.724543242318219e-01, 1.578107640680745e-01, -8.275949062716651e-03, -1.296716518523965e-01, 6.242087200308720e-03, 9.613908534680301e-03, 1.477419569180515e-01, -3.200184537295832e-01, -2.906627357128496e-02, 5.566895525413747e-02, -8.074695804924061e-02, -2.562666079687474e-02, 2.664089621421392e-02, 5.099260274217689e-03, 6.910660287597059e-02, 3.137796896709823e-02, 9.904361774243274e-03, -1.067632565206113e-02, -2.791482224932479e-04, -1.154919208544177e-02, -3.029780075922039e-02, 2.352181674353020e-01, 1.374228890612321e-01, -3.071185318944114e-02, -4.150761007193354e-03, -9.452640508313617e-03, -2.964473880004866e-02, -8.694645630391643e-03, -4.427587864634295e-03, -4.528329487186621e-03, -2.599037734768080e-02, 6.224601547078203e-03, 8.032099015286599e-03, 5.613889875301754e-03, -7.813508324839094e-02, -8.122067187938946e-02, -1.685420796481867e-01, 3.917629940667396e-02, 2.413360401241187e-02, 6.129553599826533e-03, 7.897250435168774e-03, -7.911216738345720e-03, -1.127657967961509e-02, -1.718274453511068e-03, 2.168080710087884e-02, -5.815632449966682e-03, 2.410275330868077e-03, -4.500781915713487e-03, -2.979629673243704e+02, 1.319009191730935e+03, 1.112810758184435e+03, 8.448812806768035e+02, -6.449214742954318e+02, 6.901622625199035e+02, 8.823998460604041e+02, 1.144992925122008e+03, 8.030027632695712e+02, -6.015214960871440e+01, 2.812257586670764e+02, -1.074877259573487e+03, 3.700526938158496e+02, 8.371388333018917e+02, -4.357411727275034e+01, -5.245255888021645e+01, -3.258468681868329e+01, 2.820865395784725e+00, 9.448650624589678e+01, -7.861704584391985e+01, -5.554176722100784e+01, -6.317381514942816e+01, -4.586438204981548e+01, 1.314719192391708e+01, -2.297020455405203e+01, 6.038546305954372e+01, -1.380558205764490e+01, -5.826418083835908e+01, 1.458569733619824e+01, 3.298365978926433e+00, 4.142772814816598e+00, -7.984698035570932e-01, -6.452781240001137e+00, 2.255096625039627e+00, -2.243229071816993e+00, -1.601226697668310e+00, -1.471870692905133e+00, -5.436363172892773e+00, 3.532390290226924e-01, -5.472047697996916e+00, 1.193966680749315e+00, 5.787512366729187e+00, 3.143019180402358e+00, -5.890594446066725e-01, -6.792491675961232e-01, 3.210562246830691e-01, 1.134301973705239e+00, 3.955886112451359e-02, 5.710912138373953e-01, 5.150023934602381e-01, 2.426879597452814e-01, 8.427263350438442e-01, -2.766256123723806e-01, 7.687810820825282e-01, -2.566146157713370e-01, -9.490202105726351e-01, -2.081630024499768e+00, -1.122601593837481e-01, -1.324669528451619e-01, -2.320985048207700e-01, -5.708149901120582e-01, 1.174017379473283e-01, 5.938674349491722e-02, -3.552520006214398e-02, 6.383852145475201e-02, -1.518440471503808e-01, 1.570326551782704e-01, -2.220956466970450e-01, 7.628885975230416e-02, 2.319095556102262e-01, 7.189681305363349e-01, 2.808646108394975e-02, -1.071945587367703e-01, 7.443417500465434e-02, 3.405427328496036e-01, -5.426060763950267e-02, -1.012155543978176e-01, -4.471952511688507e-02, -6.226118032161154e-02, 4.105250680260722e-02, -1.026439318978389e-01, 1.174245202433290e-01, -1.575737624066955e-02, -6.432646213594725e-02, -6.714431708138960e-02, 8.481903119235527e-03, 2.849404973989476e-02, 8.121960630816676e+01, -9.624221333769831e+02, -7.587093753663773e+02, 2.976698616403543e+02, -2.494039793056013e+02, -5.603252742877600e+02, 1.155796014774042e+03, -2.338174530322298e+02, 7.616167994927143e+02, -6.792689579878335e+02, -1.988992983458261e+02, -6.259080729839775e+02, 5.311922037404868e+01, -7.555697275483213e+01, -1.175671910592770e+00, 1.063096033702874e+01, -5.793079458347564e+01, -9.894962260571150e+01, -4.613162121597742e+01, 6.144941695847188e+01, -6.580628181293739e+01, 2.200066754436080e+00, -6.475383776301081e+01, 1.572103669506539e+01, -1.139327850601999e+00, 2.016696960486388e+01, 1.588557212252129e+01, 2.539360503951445e+01, -2.267742828597963e+00, -9.336953736118762e-01, 5.315980537791550e+00, 8.071671991065058e+00, 3.664459604704366e+00, -4.990901798271265e+00, 5.341699814559806e+00, 1.237625144300593e-01, 5.977564909805386e+00, -9.193150901294047e-01, -2.905629514107849e-01, -1.583121996978628e+00, -1.925634785509656e+00, -3.570170392041536e+00, 3.373187678889846e-01, 2.390190364309551e-01, -8.765638253663725e-01, -7.827392540596575e-01, -4.670623457487718e-01, 7.269016048539196e-01, -6.268072911880992e-01, -1.398605624989261e-01, -1.001967918599975e+00, 1.268209933916845e-01, 6.931219965326563e-02, 2.370008545734729e-01, 2.891838194255504e-01, 6.663319262134005e-01, -6.330542260543300e-01, -2.362070312015245e-02, 1.934651156864399e-01, 1.739839350802485e-01, 2.416352871690107e-01, -2.924186292519662e-01, -1.566225363952426e-03, -7.126725258289385e-02, 1.960990850344502e-01, -1.413209322791297e-01, -6.664052584718171e-02, -7.867408453495560e-02, -7.416785444955037e-02, -1.990010302371673e-01, 1.154581301012771e+00, -3.423562682537021e-02, -3.140377493767143e-01, -8.282434897616457e-02, -1.275022547571824e-01, 1.497321445753841e-01, 6.077342487003275e-02, 2.185210821187270e-02, -6.211201440952058e-02, 1.105721566516763e-01, 1.560090431934548e-02, 5.231195147922448e-02, 2.579292826572453e-02, 8.980216932137797e-02, -1.048055863986734e-01, 3.231864390710516e-02, -1.037375759184804e-03, -1.077425843976222e-02, 1.017322588101959e+02, 1.901160065668984e+02, -1.036871595792222e+03, 1.284837426540263e+03, 1.655292674123905e+02, -9.468520232393812e+02, 3.682923276351728e+02, 4.128639030832517e+01, 4.618545664701689e+02, -4.670242181318263e+01, 5.832509450878928e+02, -3.106851122480223e+02, -2.152515887831533e+02, 8.896433571754785e+01, -1.068816475850810e+01, 2.457498652025137e+00, 1.274283239163708e+02, -3.686900490485636e+01, 5.315098977353101e+01, 1.287841226589012e+01, -1.538160219191346e+01, 5.944896673452396e+00, 1.313266139856071e+01, 4.461123163650753e+01, -1.877553022440127e+00, 4.038776419768013e+01, 9.796560801682311e+00, -6.997033571629475e+00, 3.552426407597678e+00, 9.886044974682537e-01, -1.211443225402829e+01, 3.314170267439606e+00, -5.072596411459561e+00, 1.509544552272469e+00, 8.191291020446770e-02, 1.700610513996340e+00, -6.640553572378096e-01, -3.010060720112084e+00, 6.664892876167334e-01, -3.405056311206375e+00, -9.874606857222110e-01, 7.422360473313279e-01, 2.946873728645135e+00, -8.569426242059106e-01, 1.100866064857587e+00, -1.272220727332851e+00, 4.930778402164069e-03, 9.925472329917995e-02, 6.149529308949371e-01, -3.021678181371485e-01, 1.845391742224384e-01, 4.425055421422647e-01, -5.703523155824269e-02, 6.283610761084407e-01, 2.417255236710845e-02, -1.478079012968437e-01, -2.551283462863570e+00, 3.138400480875704e-01, -6.268311884078781e-01, 3.655867476806474e-01, -1.238799502577796e-01, 1.608248355448744e-01, -1.336823228123417e-01, 1.715223990192761e-01, -2.251152204295069e-03, -4.380046511664299e-02, 2.013688049850684e-02, -1.854913291744302e-01, 2.868598020108793e-02, 3.076319418527417e-02, 1.096202800255881e+00, -1.174693247541744e-01, 2.466873391012733e-01, -1.316425187885404e-01, 3.869525700070253e-02, -5.171409698961908e-02, 7.178577201873795e-02, -8.735268374067418e-02, 4.907714492833628e-03, -4.784528342192831e-04, 1.575209190481501e-03, 8.991898446032408e-02, -1.895532237365119e-02, 1.724143478846665e-02, 1.356138869239701e-01, 1.631107338770137e-02, -2.161645908756937e-01, -5.156254529930100e-02, -5.814501644824272e-02, 2.048704131405638e+01, -7.357450685544983e+01, 3.552711804454255e+02, 2.344262826858260e+02, 2.826287412627318e+01, 8.250412187332101e+01, 7.406004252675599e+01, -1.199468052378091e+02, -4.059078440189062e+01, 2.813998646317761e+01, -2.489737851403525e+02, 1.286563096447770e+02, -2.440078091266187e+02, -1.293249306704624e+02, 7.222588030323252e+00, -6.508397870288570e-01, 4.399055840514590e-03, 2.993459516313623e-01, 3.375510071970799e+00, 5.684869762963005e-01, 5.703095603063253e+00, 2.373498705951669e+01, 1.513024970056551e+01, 1.368796997466774e+00, 8.268408281407689e+00, -1.513994276151746e+01, 1.598148614358796e+01, 8.642124367073398e+00, -3.466584284647431e+00, 2.715958896554157e+00, 6.312328599855435e-01, 5.812291809586727e-01, 8.429154824967692e-01, -3.105496579718203e-01, 8.230968347607254e-03, -1.766198309674146e+00, -3.253706543889732e-01, 5.253240188475354e-01, 8.516952918148668e-01, 1.781984603144305e+00, -1.179255120724255e+00, -8.325775479656998e-01, -1.525112248607531e+00, -4.251516152059847e-01, 1.934406483259740e-01, 1.079081811103696e-02, -2.285777516018154e-01, -3.360486441137817e-01, -2.751602339420109e-01, 2.596583550394569e-02, -2.495073803703154e-01, -2.153363496997487e-01, -4.272544305141574e-01, -3.155181796991903e-01, 9.696498226499943e-02, 1.244098236059621e-01, 1.295881635618763e+00, 1.810671527176299e-01, 1.855492701698792e-01, 3.139514269584325e-02, 1.772542380158359e-01, 3.098289501669554e-02, -6.134069368749558e-02, -7.683678941054610e-02, 5.723240641148760e-03, -6.708203130271158e-03, 9.981029537081906e-02, 2.777523634901667e-02, 3.434587785065880e-02, -1.340104116406128e-02, -8.015906401799365e-01, -3.591488559797720e-03, 1.650454575772583e-02, 2.615185259932676e-02, -4.314040217640219e-02, -1.107689512236912e-01, -2.541373651120825e-02, -1.690260215435791e-02, -2.584291528912220e-02, -1.635693273182670e-02, -6.907582578256156e-02, 1.471814876770748e-03, -4.019341941818016e-02, -2.915506872867584e-03, 1.487647104999628e-01, 2.287609084137104e-02, 2.656616019218671e-02, 4.210355515088884e-02, 1.120763631576596e-01, 1.490154197641369e-02, -3.531501010750474e+01, 8.073544098988367e+01, 3.226390881940920e+01, 1.751657104406953e+02, -3.948229068257660e+02, -2.773965773179114e+02, 1.933509775182108e+02, 5.799129792224939e+01, 2.283533337303869e+02, -2.266297917686276e+02, -3.638533845895150e+00, -6.894794627675620e+01, 2.645793011949535e+00, 2.467983483939607e+01, 5.691870801911146e-01, 9.449885702542609e+00, 4.426852453869637e+00, 1.951518228250419e+01, 3.559976562123024e+01, 1.230468637678137e+01, -1.869882624015411e+01, -1.066070407086792e+01, -8.753747355323972e+00, 2.056772876722393e+01, 3.907361643929049e+00, 1.180440328380788e+01, -2.977172447570739e+00, -3.981815088832961e+00, 1.074815247472624e+00, -2.497667882168179e+00, -1.429747715497233e+00, -4.093868440256140e+00, -3.883029917484835e+00, -1.377987042355203e+00, 2.278440925597459e+00, 1.542827185038466e+00, -2.849728136845081e-01, -2.575412544765625e+00, -1.226122185168200e+00, -2.366522171883463e+00, 6.405158835158368e-01, 7.143318788078737e-01, -5.892301131724142e-01, 2.582140255911750e-01, 3.683500184739021e-01, 7.811261918851272e-01, 6.550479479193361e-01, 1.981611269829871e-01, -5.686508359121731e-01, -3.920934883610808e-01, 1.641387946618768e-02, 3.551445676598612e-01, 1.890398644389260e-01, 4.358911863310492e-01, -6.383188960303224e-02, -1.160821669515856e-01, -7.934434992613347e-02, 3.448931479371618e-02, 9.282601590115230e-02, -4.548595287068454e-02, -1.182311391703569e-02, -2.278162392859363e-01, 5.656066537645919e-02, 4.120609843497678e-02, -3.317133347626370e-02, -8.840013060138638e-02, -4.883502988810228e-02, -1.044958281525562e-01, -2.285520351627278e-02, 1.468777468867030e-02, 3.378973642286859e-01, -2.544592669821577e-02, -1.047890705805295e-01, -6.474234133126433e-02, -5.333112569754329e-03, 1.175185808152855e-01, -5.351400885613247e-02, -1.479921878376297e-02, -1.753004656347089e-02, 1.457473050659199e-02, 1.010807479061150e-02, 1.818871180929685e-02, 1.518461310266112e-02, -9.239259806386757e-03, 3.381946791257439e-03, 7.583937779416246e-03, -1.496713124677668e-02, 7.620997163043423e-02, -5.735101270405281e-02, -1.743998241972548e-02, 3.743394737093170e-02, 4.149178719484819e+01, 2.554187492914893e+02, 1.730064270293748e+00, 2.683194044204797e+02, 5.153696386033067e+01, -1.747493499821082e+02, -8.798544206408921e+01, 4.252728699274317e+01, 2.137977310770763e+02, 2.076934135763068e+02, -9.080477300879755e+01, -1.722783348735510e+02, -1.687883955986489e+02, -1.127789870272893e+02, -1.211257575778500e+00, -8.952236911392728e+00, 7.088929270143780e+00, -3.642817865651075e+00, 8.362812194120174e+00, 8.080670661463179e+00, 8.012849303126227e+00, 3.133769691381594e+00, -5.189165528818616e+00, -6.837021055848155e+00, 1.268862507399480e+01, 1.318146761752383e+01, 7.368029561276027e+00, 8.457321132700523e+00, 2.249423577938930e-01, -5.126897470622235e-01, -1.367756026141273e+00, -2.010115924151020e+00, -2.656990270996058e+00, 4.707436009244277e-01, 4.500022827218250e-01, 1.580919448679591e-01, 2.354132917573251e-01, 1.035477496652454e-02, -1.683952016436398e+00, -1.634976095675653e+00, -2.085481865391648e-01, -8.009346096797370e-01, 5.380020363167689e-01, 1.633444794349425e-01, 1.930189373764536e-01, 6.804119679041855e-02, 1.866050553525443e-01, 8.078333538414735e-02, 8.377120544261957e-02, 1.157791842609035e-01, 7.472721033635943e-02, 6.431974316428594e-02, 3.114504252793677e-01, 2.659085758934120e-01, 4.541810966171227e-02, 1.419111066412264e-01, -2.917634185319374e-01, -5.933872996195053e-02, 5.274766306536825e-02, -2.455423918737350e-02, -9.421271628613306e-02, -1.427398702599972e-02, -1.220811230927948e-02, 2.335149215832390e-02, 1.892057497633750e-02, 7.032206207947923e-03, -8.347769667361225e-02, -5.605946408836524e-02, -3.561085541825014e-02, -3.459930125117145e-02, -2.972054629645941e-01, 4.829075221006729e-02, 4.118156126452982e-02, 6.655122833528178e-02, 5.668854020802763e-02, -4.378545446527163e-02, -2.743247599347997e-02, -4.470001626261473e-02, -2.823045081197459e-02, -1.883307784289119e-02, 3.745607110472286e-02, 1.639879233007200e-02, 2.261710315477098e-02, 1.203816996839493e-02, 1.118075173521632e-01, -1.975443182392977e-02, 1.838610307189097e-02, 5.283219362926812e-02, 5.745025434285361e-02, -3.737787838325541e-02, 2.094378148158762e-02, 1.605929308924950e-02, 3.792182415788787e+01, -5.169078772059385e+01, 1.471164476845424e+02, 1.047863423167657e+02, 7.807326586032146e+01, 2.988146887291369e+01, 1.141467853517373e+02, 7.757321396872996e+01, -4.781551345486697e+01, -1.489987821831377e+01, -1.696263432060545e+02, 4.100484813531816e+01, 1.316837256954431e+01, -1.780689823562442e+02, -3.922898736602159e+00, -1.527296366421681e+01, -4.655744350630879e+01, -4.615271678755903e+01, -2.991117590123643e+01, 1.566191104805532e+01, -1.210263384812975e+01, -1.021541484969841e+01, -8.097122985532620e+00, -1.267032341706482e+01, 1.137816425174639e+00, -1.160565926561311e+01, 4.583021396939547e+00, 1.235914176434205e+01, 3.761659332987542e-01, 6.193345165276739e-01, 3.534835930445551e+00, 3.316758344318633e+00, 1.575872972185515e+00, -1.045310204259700e+00, 2.423590089152597e+00, 9.060977880821929e-01, 4.726713616217821e-01, 1.023908713857630e+00, -5.038812422041573e-01, 7.539607070653901e-01, -3.115194661655945e-01, -9.885873817397514e-01, 8.658276482821470e-02, 3.342560099433452e-02, -1.831994912619875e-01, -2.271440431294205e-01, -1.553193599810390e-01, 1.317221193944297e-01, -4.608716225937290e-01, -1.175321664094682e-02, 5.196292667458802e-02, -1.198751731630192e-01, 1.863734117985107e-01, -8.014464317480169e-02, 5.031679285691081e-02, 1.434791420843493e-01, -4.808843082271682e-01, 2.147494467329251e-03, 1.077941324290104e-01, 5.187469474783567e-02, 1.189134483909284e-01, -1.408973292155597e-01, 6.573867452041354e-02, -5.481742199832567e-02, -7.853173170183322e-02, 3.538143718334445e-02, -6.379122463010696e-02, 2.318140712545620e-02, -3.687834015446041e-02, -3.813040156252473e-02, 2.879581728415719e-01, -7.500653946094961e-03, 6.172393050147598e-02, -7.594350659159867e-02, -4.376673080485376e-03, 2.524250525121668e-02, -7.228265689946868e-02, 1.189124960661089e-02, 2.802899177787832e-02, -5.482862459612929e-02, 1.415465312246628e-02, -2.908376730806797e-02, 1.806322564060905e-02, 1.086390655903884e-02, 1.731419043875771e-02, 4.978301224461477e-03, -5.238373363331049e-04, 7.937562855616390e-02, -3.373173558965861e-03, -2.150629271009569e-02, 4.786152451680493e-02, 6.799759214086580e-03, -6.085107537885807e-03, -1.777288292846135e+00, -6.214805238327507e+01, 1.033638399706178e+02, 1.868041334580997e+01, 1.262554306821777e+01, -1.178076797768474e+01, 6.554794503951782e+00, 7.029621261770281e+01, -1.059186864909407e+01, 4.485168787216526e+01, 1.825857756426736e+01, 2.527135894415235e+00, 4.128985291076808e+01, -4.885232967504587e-01, 1.802968048245275e+00, 6.154526616043547e+00, -8.979763651596398e+00, -1.051345404398903e+01, 7.921032166763592e-01, 6.283099073862339e+00, -4.881839318105552e+00, -2.232902076384371e+00, -3.489836830601635e+00, -5.695005441897243e+00, -6.401757359836747e+00, -3.697308793961757e-01, -5.477707133187007e+00, -1.995744618538136e+00, -3.310289033373351e-01, -7.339608752796070e-01, -6.458882454242250e-02, 4.821741753363892e-01, -8.182409880014520e-01, -5.871002905931014e-01, 6.401475365047157e-01, 6.648465237148511e-02, 1.385937584606582e-01, 4.293233471884082e-01, 7.158103898499588e-01, -8.704864658083773e-02, 6.528947608023674e-01, 3.558403222805687e-01, -1.092879836898493e-01, 7.432653928883130e-02, 2.314163467723015e-01, 9.012105735928514e-03, 2.851494533720846e-01, 5.038933782804763e-02, -1.195714086190876e-01, -1.687912155778832e-02, 1.528734126163633e-02, -4.008384263351260e-02, -7.325442380425828e-02, 7.565346023012265e-02, -1.272658887855269e-01, -8.598622917917163e-02, 6.132025846758937e-02, 8.107417057092433e-04, -8.125137740329513e-02, -2.218581166706889e-02, -8.298965724872524e-02, -3.946249324106058e-02, 1.466234596773920e-02, -1.235351599527641e-03, 6.794147761181659e-03, 9.239021179196193e-04, 2.043480110563107e-02, -4.668107986065660e-02, 6.067173020278008e-02, 2.668680115950525e-02, 2.144526210471986e-02, 1.519314794389324e-03, 6.195653976911415e-02, 1.529067272461480e-02, -3.766190460998888e-02, 1.435679033634202e-02, 1.158150170213867e-02, 6.082818902042073e-03, -2.363316630762074e-02, 6.221877194150154e-03, -1.853312877079089e-02, 3.546306685257233e-02, -3.991843979243839e-02, -9.309366192780114e-03, 2.259484287717733e-02, 1.669873060075314e-04, -2.640306219523646e-02, -4.950368367944501e-02, 4.167811260756831e-02, -2.608964047639570e-02, -8.714613981082517e-03, 1.226943103680718e-03, 4.733290713536287e-02, 2.186867616618008e-05, -7.223442796382175e+00, -1.867766345902262e+02, -1.315987068348422e+02, -3.506889667035575e+02, 7.766568727647531e+01, -4.642172358194900e+01, -3.013270756562642e+02, 1.180593003611167e+02, -5.747701139405594e+01, 1.061921124656076e+02, -5.802188684604581e+01, 9.122641885146068e+01, 1.031086359904777e+02, 2.058934036183405e+01, 2.333539968269040e+00, -2.958692281899077e-01, -1.582514999894423e+01, 2.290924751719044e+00, -9.444696105671095e+00, 6.479889143808687e-01, 1.111869062928612e+01, -8.909948807125039e+00, 1.779111511366405e+00, -9.630309521509341e+00, 1.010520752910363e+00, -1.115281646326887e+01, -2.258440925305992e+00, -6.730343197807513e-01, 8.830612107731450e-02, -3.269248639296205e-01, 6.742005209196863e-01, -3.983802487905059e-01, -3.702152829445413e-02, 1.115196072018684e-01, -5.453106690940417e-01, 6.931273642290546e-02, -6.135362977876604e-01, 9.751159254992015e-01, 1.524966639886431e-01, 1.144548981599508e+00, 7.260497247066160e-02, 2.233083817243557e-01, -2.488698539752561e-01, 8.154577426234765e-02, 2.067764406090573e-01, 4.912728000083656e-02, 8.774984782466316e-02, -1.859733006127650e-02, 7.594649068518182e-02, 9.617881846287686e-02, 1.415486885155332e-01, -2.265435955714340e-01, -5.799702874779701e-02, -1.450396711733620e-01, 3.399795609109649e-03, -7.156083821858279e-02, 4.295314807127906e-02, -3.106968776495854e-02, -1.027678714729720e-01, 2.121525452437404e-02, -5.996959040644122e-02, 9.653409225738336e-03, 1.015450444072396e-02, -2.604523092782758e-02, -4.669519091805731e-02, 6.870403669395127e-02, 8.811345119837759e-03, 2.574149964560698e-03, 2.658872174277577e-02, 3.090256308017451e-02, 1.220446141623752e-01, 2.311450908839344e-02, 9.231700266630088e-02, -2.444156648607609e-02, -1.513920727009301e-02, -2.036579151637641e-02, -1.659717365852683e-02, 9.835037417524220e-03, 1.726241511813371e-02, -3.007835801392952e-02, 7.495369616919658e-03, 1.396828955931096e-02, -2.301861052018803e-02, -6.005182523184881e-03, -2.288896833194461e-03, -2.208492544575869e-02, 6.944556393195415e-02, 3.752688653706030e-02, -4.578171650465849e-03, 2.174420559625579e-02, 1.799442917496830e-03, -2.960267711858252e-02, -1.672736520174377e-02, 7.542209500833418e-03, -6.895926022524798e-03, 4.904459623591863e+01, 1.131161239832646e+02, 6.501996071114650e+01, 7.471759888613164e+01, -1.359725568301055e+01, -5.686456104585795e+01, 8.751106464198499e+01, 1.155364805632938e+02, -6.377966729268541e+01, 7.751588266491073e+01, 6.590875911941818e+01, 3.548215633547062e+01, 5.537185605181187e+01, 6.586084674281535e+01, -5.702084384663071e-01, -6.832316518340243e+00, -1.343252828566362e+00, -3.401273837927763e+00, 7.108848574073986e+00, -1.107026284739832e-02, -5.923455315361383e+00, -1.703140683388374e+00, 7.316626283774474e+00, 5.322356998344989e+00, 1.332166420325336e+00, 3.795798487667114e+00, 1.348301549168347e+00, -4.011905500534729e+00, 9.441013364624989e-02, 4.209912926366869e-01, -3.983066217010018e-01, -5.068762657857788e-01, -1.720849287660464e+00, 4.396294878694576e-01, 8.688345918456262e-01, 5.721452654523423e-01, -4.317559147595030e-01, -5.233633483360833e-01, -2.341772521228657e-01, -2.796354882677065e-01, -8.274140269117632e-01, 8.948045262940848e-03, 4.175047476290295e-02, -6.445331300199371e-02, 1.738530902558502e-01, 1.162657105476741e-01, 3.475435793784276e-01, 7.991826663964008e-02, -1.511251246487128e-02, -8.447260874140926e-03, 1.120277488690924e-01, 1.143441251726217e-01, 1.790393740420131e-01, 9.778024464195023e-02, 2.315091868874517e-01, 5.019967857283881e-03, -1.441788145666414e-01, -1.459388485871838e-02, -1.050980433433952e-01, -3.579311621098234e-02, -1.396711112143834e-01, -7.304541976323869e-02, -2.900675383319985e-02, -1.643875412506785e-02, -6.693491828024089e-03, -3.009462145325321e-02, -7.011804602450435e-02, -4.001230586879059e-02, -9.556822244752200e-02, 1.118479001221428e-03, 1.579215684991127e-01, -5.643869641262093e-03, 8.884532545257542e-02, 6.614949454203078e-02, 4.744329653397012e-02, -7.776792931022321e-04, 3.683553633441557e-03, 8.726042222381080e-03, -2.449440384628303e-02, 2.377185751454758e-02, 3.471350180813340e-02, 2.467057061233304e-02, 5.343861771111848e-02, 2.028043433056697e-03, -2.232009962682223e-02, 4.896587118967247e-03, -7.171119188485561e-02, -2.281461371607891e-02, -5.863241777957334e-02, -2.666269549443953e-02, -9.740903939712421e-03, -6.302091019893338e-03, 2.461839614227896e-02, -2.664506916173846e-02, -6.869546969575491e-03, -9.660418864448466e-03, -1.396218406889291e+01, 4.920305384431516e+01, 1.984229042953403e+02, -9.948124793124329e+01, 2.892236716097834e+02, 1.910562416875467e+02, 7.300082763714476e+00, 6.023935094284596e+01, -8.936559693748588e+01, 9.534838702702748e+01, -6.984550027984937e+00, -2.837236756511570e+01, 1.626058562483509e+01, -5.939112162171249e+01, -9.527182161351064e-01, -1.629933481128657e+00, -4.343080887257823e+00, 9.927218620586547e+00, -1.609437192857279e+01, -1.155057740218647e+01, -9.035880294476147e+00, -4.684641447679947e+00, 1.706726286957985e+00, -7.953283668113632e+00, -6.061871420818732e-01, 5.137023216815146e+00, -6.694175080694790e+00, 7.036552941657770e-01, -6.609600501536805e-02, -3.476551752534309e-01, -1.101952846668278e-01, -1.251854213076906e+00, 1.437807840094225e+00, 8.235789567903691e-01, 8.470759184007884e-01, -2.803608958869337e-01, -2.020929377841985e-01, 6.134705270188587e-01, 1.728333245923331e-01, -1.001621048338309e+00, 8.528515880355847e-01, 8.654223003826866e-02, 9.329408774598367e-03, -3.627722455422798e-03, -3.740571948188206e-01, 4.664704631339693e-02, -3.871504656237578e-01, -1.506800200958251e-01, -1.598485215668733e-01, 1.400767568144574e-02, -7.369706184511726e-02, -2.441042297334689e-01, -2.110760424957409e-01, 1.384753615745286e-01, -5.950130174826057e-02, 1.969763063328644e-02, -2.305864639593807e-02, -2.124913868575236e-03, 1.710693940428020e-01, -1.496583224405237e-02, 1.282196562911432e-01, 6.392508593291182e-02, 3.286830788305719e-02, -1.817924494118768e-02, 2.329540791327041e-03, 7.507480841342434e-02, 6.165351251041652e-02, -7.293452356291572e-02, 9.473114064458020e-04, -5.891064914118166e-03, -6.299638264225426e-03, -1.040783022230587e-02, -1.429261661539325e-01, 5.671001555251797e-02, 1.716787393726689e-02, -8.156680161353366e-02, -1.799771824563666e-02, 7.476027729139505e-03, -1.098268512659610e-02, -4.921607165413985e-02, -3.722237462811746e-02, 3.733340155112898e-02, 1.221815015023707e-02, 8.466856963539373e-03, 7.148314259199154e-02, -4.756681424119437e-03, -2.280603655255282e-02, -5.481635124682788e-02, 3.291335225890829e-03, 6.596447430134939e-02, 2.282111875182370e-03, -9.985092240872902e-03, 3.661484403482097e-03, 2.441470648450108e-02, 1.727642449438253e-02, -4.368921763181354e-02, -1.021712657108037e-02, -1.733027583619668e+01, -7.127641054798667e+00, 1.633471112440181e+02, 5.400348116458529e+01, -2.347216426121621e+01, 3.684509387522824e+01, -4.660366076781966e+01, 1.454615992150596e+02, 3.566772166144205e+01, 3.081155692513809e+01, -3.076107210780114e+01, -6.175985862368323e+01, -2.494477686363071e+01, 1.466843152589220e+00, 5.499270086150025e-01, 2.299406278143993e+00, -1.083230170804019e+01, -6.830880933128457e+00, 2.000772063524430e-01, 2.784971271517724e-01, 2.511616342179948e+00, -8.334522445244440e+00, -4.858432807630572e+00, -5.681148516653568e+00, 2.633829376162008e-01, 1.560736773042930e+00, 3.159724421875265e+00, 1.995952317783543e+00, 2.028383297929339e-01, -3.326472865097702e-01, 8.603721540598237e-02, 3.539482774619315e-01, -5.773338441018911e-01, -1.995409735958760e-01, 1.751888177725199e-01, 1.970741109514509e-01, 4.338905238057834e-01, 3.077966918344672e-01, -2.393856751275490e-01, -3.686907562551047e-01, -2.745073567516539e-01, -2.452958536671587e-01, -2.935003681312175e-02, 5.054378465548180e-02, 7.489258991125297e-02, 1.410824563026730e-01, 1.978107532722679e-01, 1.201409430318263e-02, -1.687978539346422e-01, 3.464415342348056e-02, -8.211114023183838e-02, -1.224705025123470e-02, 4.331517062244069e-02, 8.877420927420469e-02, 5.890927115162984e-02, 5.674686608605527e-02, -4.392302390403610e-02, -7.335659868459103e-04, -6.503523377644076e-02, -1.060190972314295e-01, -6.393931416709249e-02, 1.520339778745831e-02, 7.054566828166960e-02, -1.206285773840050e-02, 1.726860968679496e-02, -1.354995109272842e-02, -3.188271850734012e-02, -4.220325331809825e-02, -6.859209978678188e-03, 7.758493554243040e-04, 9.821772517584329e-03, -7.209026016980711e-04, -7.694250195788116e-03, 9.616940558166470e-02, 5.038886475231642e-02, -2.084106472920547e-02, -2.938136450423461e-02, 3.873713828476309e-03, -8.338604877316556e-04, 5.193053243962386e-03, 2.426041062604004e-02, 1.155729429599213e-02, 8.795572100120878e-03, -4.160430484899451e-03, 3.524220118834324e-02, 6.172273596855599e-03, 1.337008105436258e-02, -6.987898036071340e-02, -2.037004065010455e-02, 1.661488548445361e-02, 1.330269625924691e-02, -1.188284620927257e-03, 3.977374510392274e-03, 3.949068116466753e-03, -1.368300913578749e-03, -6.334124698366497e-03, -9.843852574150819e-03, 6.456041137969100e-04, -6.356477088180442e+00, -1.215149475072157e+02, 1.420557643061933e+02, 9.960089720590283e+01, -7.832267745675179e+00, -1.596896622729479e+01, 9.082393583765932e+01, 2.895709653578663e+01, -5.050084845071652e+01, -6.602769438696566e+01, -3.984667114199214e+01, 4.328173135425352e+01, -3.095421020650853e+01, -3.905545530956194e+01, -1.930117879041326e+00, 9.859880794248161e+00, 1.008424480051750e+01, 2.333667323238188e+01, 9.047064627278477e+00, 1.092532581610689e+01, 1.996721688370737e+00, 6.382393356635675e-01, -6.076544449046354e+00, 2.328726556184054e+00, -4.380771560166641e+00, 1.277128434105764e+00, -3.356167674368531e+00, -4.334472551270165e+00, -3.758188711837669e-01, 1.114188972660083e+00, 6.391770515129575e-01, -2.675603788678330e-03, -5.119190585157529e-01, 1.094062681846455e+00, -1.805632549027337e+00, -3.976990747837099e-01, -8.080816997435151e-04, 1.175073972430775e+00, -1.221135452981577e+00, -3.498450717412280e-01, 2.654668225654285e-01, 2.880984941523097e-01, -1.387156963222791e-01, -1.218811339883365e-02, -2.506528672824670e+00, -5.282228558281767e-01, 6.564185448901682e-03, 3.578984480956858e-01, 3.450310547175522e-01, -5.520700123564837e-02, -1.600072455164910e-01, -9.835015289645488e-02, -3.884373711515428e-01, 1.677951762589731e-02, -1.800035651747246e-01, -1.622777171572070e-02, -1.118614356080481e-01, -2.851241260031933e-02, 1.325707686430206e+00, 9.959392750446694e-01, 4.175806459897389e-01, 2.019172274193879e-02, 2.109473383118497e-02, -3.562351522642796e-02, 2.203294381066644e-02, 9.200200177601620e-03, -1.419229093888703e-01, 3.844108120383891e-02, -7.969047278909154e-02, -5.216929905942430e-03, -5.183444551008844e-02, 1.080023905090498e-02, -3.123886737376054e+00, -3.076772697281769e-02, 5.421124167823523e-01, -3.005602869789666e-01, 1.727267935963534e-01, 1.294937237087318e-02, 1.666607008739331e-02, 1.665451111158853e-02, 8.973166529375200e-02, 8.619183918805196e-03, 6.137285142132968e-02, 1.231381851534554e-02, 3.562055753295987e-02, 6.196689528228898e-03, -3.740683091268025e-01, 1.728223744895095e-01, -3.658561914031587e-01, 2.347298173532223e-01, 6.645084976447568e-02, -4.527184275593697e-02, -1.264158159358608e-01, -9.819837891946924e-02, -1.124265674457328e-01, -4.276402533531718e-02, -3.980587951079669e-02, 1.644456116209107e-02, 6.657408802328824e-03, -3.454053148891755e+00, 3.641401140931685e+01, 1.765172810419233e+01, -1.252554777504723e+01, -1.617450183269104e+01, 8.538822055608724e+00, -1.719168312558493e+01, -1.550069947098223e+01, -3.027539986929686e+00, -1.110500805191756e+00, 3.840679917527938e-02, -8.998962672743620e+00, -3.253530305576291e+00, 1.458734025208615e+00, -5.699791142674465e-01, 1.846308551288243e+00, -2.651920119824561e+00, -4.104471698294658e+00, 1.938043571837666e-01, 1.070769833604127e+00, 8.771682928508372e-01, -1.477379249516852e+00, 6.857651582454400e-01, -3.237322225927631e-01, 1.364705315202919e+00, -1.040291766634898e+00, 7.221658986185793e-01, 8.449887395698255e-01, -4.694709871320338e-02, -3.633937071680703e-02, 1.050978039282940e+00, 5.172344309395581e-01, 4.107104294496323e-01, 1.323822330057559e-01, -1.606584955176103e-01, 2.301067168450779e-01, 1.230980693305075e-01, 9.950319871230012e-02, 1.029172522807518e-03, 1.759623709852700e-01, 1.338537497191418e-02, 6.042217150558697e-04, -1.056707658829654e-02, 4.177800764242072e-02, 5.961498911341032e-03, 2.417584796516786e-01, 1.192542742947875e-01, -5.395519194324581e-02, 1.579950493165971e-02, 2.096275298126551e-02, -4.946839534223688e-02, -1.164854597218646e-02, -3.726967206612124e-02, -4.727930230939200e-02, -1.843493511178346e-02, 4.091520205006808e-03, -1.454712308680260e-02, 5.369035925041450e-03, -3.056809661245986e-02, -2.493875786087042e-01, -1.298542894678039e-01, -6.571819535956395e-04, -9.582435946186680e-03, -2.184929112083883e-03, 2.187819234721763e-02, 1.676950900726112e-03, -1.901734976737483e-03, -9.046471916647730e-03, 2.948193163567367e-02, 1.125515278260607e-02, -5.555274854461787e-03, 7.952234510699308e-03, 5.342698393805660e-02, 1.412929905971484e-02, 9.195530593829979e-02, -3.122280244093170e-03, -3.255323492027400e-03, 5.091826215132760e-03, -2.547996014932637e-03, 2.892109920425883e-03, -3.995706428039268e-03, 3.058500251628442e-03, -1.435158158942161e-02, -3.911885644617921e-03, 7.344118807350775e-03, -1.744391499520078e-03, 4.162107322907408e-02, -7.154630699301193e-02, 1.969445535275650e-02, -2.114964485882239e-02, -1.030798061155333e-04, 3.644651107372980e-03, 8.741147996555486e-04, 2.821425957176828e-03, 2.028290804605737e-02, -1.703267488995180e-03, -1.637861561602868e-04, -6.529598937381569e-03, 1.580353961904277e-03, -2.857970939682389e-04, 2.257861156934346e+02, 6.562251733624778e+02, 2.349155385996618e+02, 2.728024725177700e+02, 1.880551325264312e+02, 1.905940013132418e+02, 4.468117226467867e+02, 3.766798093500312e+02, 3.627721820121032e+02, -3.216698207785037e+02, 2.444046992622987e+02, -2.698755667087258e+02, 1.256024119096715e+02, -5.592358005391623e+01, 2.401548780524799e+01, -5.681981302728510e+01, -2.374293776493783e+01, -2.137127466059978e+01, -3.000178525772730e+01, -9.802814505538784e+00, -3.142951251060683e+01, -3.817203944441694e+01, -1.558561870485990e+01, 3.499909006552540e+01, -3.665656746539950e+00, 3.415446657647897e+01, -2.309188853095790e+01, 1.264951489745233e+00, 1.843436862949555e+00, 2.213892500532320e+00, -3.837941544169392e+00, -5.095653356359456e+00, -2.244364956600660e+00, 6.976265720558753e+00, 8.537001410291994e+00, 8.435897164148074e+00, 3.626569054463776e+00, -2.457540086183566e+00, 8.804113535287968e-01, -3.881234726562077e+00, 3.028251975101454e+00, -4.069737918343007e-01, -6.909431806745626e+00, -2.093096548036525e-01, 8.154205201564725e-01, 1.114489526138452e+00, 5.337012714658991e-02, -1.230322715723398e+00, -1.315841052296879e+00, -1.243673362589616e+00, -2.467783279149688e-01, 6.176791189963466e-01, -1.112647753058487e-02, 7.214553304255198e-01, -5.309396007919619e-01, 1.829123223603653e-01, 3.933935433115991e-01, 2.557450291824229e-01, 7.702842387854186e-02, -1.976615019095665e-01, 4.106462785743987e-01, 8.646191621928689e-02, 4.497102159531668e-02, 4.779324411191991e-02, -2.114313100935694e-01, -3.256797252881141e-01, -6.922930358910144e-02, -2.369940616153159e-01, 1.698444476827681e-01, -7.149162626522367e-02, 2.433138388913796e+00, -7.483261126147309e-02, 2.062028916877014e-02, 1.449513899140567e-01, -2.935714267150337e-01, -2.262002905908377e-02, 3.798249206631658e-02, 4.261100825407504e-02, 1.622375301465923e-01, 1.729211094522050e-01, 3.466920488184569e-02, 1.003779066305389e-01, -8.518763695946463e-02, 2.581689650379028e-02, -2.862015509005426e+00, 1.140195776228821e-01, -7.919512157231447e-02, -5.451205058753587e-02, 1.282707726817156e-01, 3.106164075089247e-02, 1.924581937314049e-02, -9.552438528913009e-03, -5.246995897292569e-02, -4.620228890089019e-02, 3.377448057134071e-02, -4.656954454885985e-02, 4.430792507833479e-02, -1.268766481799113e-02, 4.369072887407631e-01, 9.776752135256887e-03, 3.189230780449338e-02, -1.858520037056582e+02, 1.859868806694895e+03, 1.616272070308476e+03, 4.166135719186346e+02, 5.540013719507800e+01, 1.582480311338714e+03, 1.109576339925290e+02, 8.541289515960414e+02, 1.253520980136067e+02, 6.629843820653866e+01, 1.234140983674559e+01, 4.098089066026849e+01, 2.141313718976647e+02, 5.250194875007753e+02, 9.778842403356201e+00, -4.600226673000187e+01, 3.147920546102243e+01, 1.022312202690884e+02, 9.471177876970570e+01, -1.579476914282485e+02, -1.398113920259645e+01, -3.134525245203734e+01, 2.257101742143173e+01, 5.396429874981240e+01, 2.481391848143368e+01, 1.874818584777035e+01, -3.286667255504882e+01, -4.590599017878102e+01, 6.725063521579810e+00, 3.153353391360799e-01, -7.750416169629545e+00, -1.404740732198584e+01, -1.087184445358157e+01, 1.487949890422222e+01, -3.134019371219779e-01, 9.364566417728974e-02, -4.661894009864671e+00, -8.650830509416236e+00, -2.857836701397448e+00, -2.472698179652424e+00, 3.794657592196025e+00, 4.567744698205708e+00, -1.959080670664835e+00, -7.573320632390944e-02, 1.243115018161711e+00, 2.065344691122093e+00, 1.292075956019617e+00, -1.950228919002878e+00, 2.534149115144363e-01, 2.645811398231496e-01, 9.830953360944742e-01, 1.637478150628515e+00, 2.240730623953131e-01, 2.546101667852201e-01, -5.066355120803635e-01, -5.827827372422142e-01, 1.618984465142878e+00, -8.822515718883385e-02, -3.448801940054939e-01, -6.796184675896670e-01, -3.954892558168024e-01, 5.942114256088825e-01, 9.735764009757789e-02, 4.842797499058098e-02, -2.212179007186698e-01, -4.011733455267769e-01, 6.759433175025727e-02, 5.249552680658151e-03, 9.259764044330106e-02, 1.085997265946220e-01, -9.938295126279809e-01, -4.048466879847993e-02, 1.916839053453016e-01, 2.928626313287178e-01, 9.957344298919937e-02, -2.055332611162751e-01, -6.310788837510047e-02, -1.374845036567379e-02, 1.224393743415318e-01, 1.594777873938753e-01, -8.950060118704364e-02, -6.036381837121641e-02, 3.637733158997329e-03, -3.153600873824237e-02, 5.064371553930843e-01, 5.211597232444280e-02, 7.223952968588163e-02, 2.393801952480572e-02, 6.610065172968135e-02, 4.835953989981101e-02, -2.394915289327164e-02, -3.088859045652878e-02, -9.613549717072560e-02, -8.737984877930538e-02, 7.388332330386113e-02, 6.030072902456127e-02, -2.078813954362756e-02, 1.166601083517963e-02, -4.691748492528394e-01, -3.462510486511140e-03, 5.739595490931202e-02, 6.752176606037866e-03, -9.796540919233435e+01, -1.811849587224169e+01, 1.085140993425195e+03, -2.216265684092794e+02, 2.571760458794012e+02, 5.565311013825996e+02, 6.932668559076927e+01, -8.210580695797897e+01, 2.471265978439407e+02, 1.696049416778993e+02, -8.214955928489758e+01, -1.534511428669665e+02, 1.242323115120413e+02, -6.496196876129505e+01, 5.284936865119700e+00, 1.225487931053497e+01, -9.293348178926392e+01, 1.823506644328175e+01, -4.631141771661743e+01, -1.975079505266115e+01, -4.616034148390746e+00, 1.310973023979454e+01, -3.504865959563318e+01, -3.265779088359690e+01, -5.986944267828928e+00, 1.726481230127708e+00, 2.761057838475432e-01, 9.033863898035538e+00, -3.152441122756049e+00, -3.620530092276480e+00, 8.655048463430388e+00, -3.000037556676939e+00, 4.747133359744530e+00, -1.480538586926772e-01, -9.089466458603618e-01, -4.733742817197935e+00, 1.821559139857547e+00, 1.977454608760823e+00, -5.261426356147867e-01, -2.169673157544185e-01, -7.120882681865607e-01, -1.241895528368417e+00, -1.372641229092622e+00, 1.010631257923892e+00, -9.447807280977147e-01, 1.118829855056654e+00, -1.096882572601544e-01, -1.661304076101903e-01, -1.459661301654717e-01, 6.774529543633873e-01, -4.672569111285284e-01, -3.970946703803069e-01, -4.174875130124859e-03, -1.642165783121645e-01, 3.088196453709861e-01, 2.449075552750981e-01, 1.707154648215768e+00, -4.087968331024722e-01, 4.069859502225789e-01, -5.151062520025835e-01, -9.345949218760853e-02, -3.707204969076247e-03, 4.385537297205646e-02, -1.666562580390588e-01, 1.089070021457937e-01, 3.936556265148414e-02, -4.787425696205344e-03, 4.753008411033593e-02, -8.971223806911201e-02, -4.059620137471798e-02, -6.490870031005002e-01, 1.411248482846877e-01, -2.110929021520676e-01, 9.529760151299672e-02, 2.251675077282467e-02, 4.979434315314943e-02, 2.820279235298170e-02, 7.776272469454393e-02, -1.985211263363751e-02, 3.578055912634331e-02, -1.163448543236824e-02, -8.324668492238630e-03, 4.409169769353798e-02, -1.581558761784517e-02, -1.074039676680279e-01, -1.035735900543741e-01, 1.756313162979494e-01, 3.793776191592261e-02, -3.942726034331478e-02, -6.663106384339700e-02, 7.945548924211412e-03, -3.464921479232626e-02, 3.935220312185571e-02, -5.487090464561147e-02, 1.633031050176700e-02, 6.967020194243207e-03, -4.057144548835872e-02, 1.870028632570326e-02, 4.341940328719200e-02, 2.674898952724598e-02, -5.550867536308370e-02, -3.459405541293554e-02, 7.106381218169054e-02, -4.655966086533025e+01, -2.665668348371869e+02, -4.478585408527422e+02, -6.394868676565187e+02, -1.610697094259712e+02, 3.480225429990498e+01, -2.791109419897607e+02, -2.186422290864214e+02, -1.885495643563963e+02, 4.386311316137014e+01, 2.385774752706314e+02, -3.564352258237253e+01, 2.369993738663107e+02, 1.584573582673056e+02, -1.623455934763949e+01, -2.157928514419127e-01, -2.026288922726608e+01, -9.896409298526553e-01, -1.366488607283743e+01, 7.610630276250840e-01, 1.230861370805756e+00, -1.219897590459105e+01, -1.395842836145847e+01, -2.288611427658648e+01, -2.200829809498362e+01, 2.581630661637479e+00, -1.688112896909713e+01, -1.005713639706045e+01, -3.359161935538982e-01, 8.096288660679756e-01, 5.982253869308207e+00, 2.990407496913346e+00, 3.488536490611988e+00, -1.785358623676689e+00, -9.118530924780415e-01, 7.304273310935402e-01, 4.933601171954960e-01, 1.749490981183470e+00, 8.292890559815328e-01, -6.887486968128680e-01, 1.267083315944554e+00, 7.557333485168697e-01, 1.263522207876174e+00, 3.241073982319639e-03, -1.082510423794099e+00, -2.537491350113091e-01, -2.340527149264322e-01, 1.394061905520908e-01, -4.370946873558610e-02, -1.999124947284665e-01, -1.552483375996228e-01, -3.881295107699722e-01, -7.099251007171292e-02, 5.546230588452148e-02, -2.868691666839100e-02, -6.722014606628152e-02, 8.525424255272172e-02, -2.242322497192158e-02, 1.694456245862552e-01, 8.786016636839725e-02, -1.848763915843680e-02, -1.747594996396399e-02, 8.160244472506459e-02, 7.264947806697486e-02, 7.664520054831905e-02, 1.358998533083482e-01, 1.286476495171429e-02, -1.083869618986614e-03, -4.447802678692665e-02, 3.090102124237980e-03, -5.295708051494272e-01, -9.228132800907124e-03, -8.090412723289095e-02, 3.431740316885420e-02, 5.596636534241723e-02, 6.695296494239909e-03, 2.308263467063738e-03, 6.951614690030591e-04, -1.676100251412941e-02, -5.256840830727759e-02, 2.355366973097427e-02, 4.900394584093995e-03, 2.799557458929666e-02, 7.805953637173321e-03, -6.685616790356183e-02, 5.009170639336816e-02, 2.574633382308311e-02, -2.014706690408234e-02, -5.092409957067744e-02, -3.125397319510007e-02, -1.959984574315473e-02, -4.532671717479634e-03, -1.180322940663607e-02, 2.595358147952364e-02, -3.064052230904995e-02, -1.694486076841133e-02, -2.255829488568770e-02, -7.543243501287544e-03, 6.608756997564906e-02, -3.866200231012428e-02, -9.374566331830109e-02, -4.766273564988112e-02, 4.283570989688010e-02, 1.730572761119367e-02, -8.656926047722041e+01, -3.800131293765164e+01, 9.788075098094583e+01, -2.892921314783069e+02, -1.220172209500135e+01, 4.892442867095490e+02, 7.160218483227113e+01, -8.302379612916135e+01, -4.200780299488814e+02, -2.182019434514350e+02, -2.045358817759386e+02, -2.281705908476664e+01, -1.726971301720229e+02, -9.154219370594934e+01, -5.529581683849728e+00, -7.575261462595826e+00, -2.547063352887432e+00, -1.229358712404651e+00, -1.877678728331061e+00, -2.185587546156961e+01, -8.843280645658471e+00, 1.224683260607415e+01, 2.090329701251480e+01, 2.009409999724138e+00, -7.564267595826347e-01, -8.079555317352725e+00, 1.587797441357703e+01, 9.251631638327593e+00, 5.110519615028551e-01, 3.407682139692162e+00, 3.240321366571837e+00, 4.398474814631893e+00, 3.566017170780100e+00, -9.399665473742316e-01, -9.387045989619710e-01, -3.325302770662498e+00, -2.301223832517436e+00, 5.051776136232304e-01, 1.458694745705903e+00, 1.670748463569240e+00, -1.748722411655038e+00, -1.235112315142708e+00, 9.747962169598139e-02, -2.824640947472680e-01, -4.423418066958316e-01, -7.323831329677559e-01, -4.660150487784230e-01, -4.933004237604395e-02, 3.123862947700678e-02, 5.282496223107963e-01, 2.714005415161649e-01, -2.721621434607198e-01, -4.046030533158763e-01, -2.739747386645691e-01, 2.263541809297664e-01, 2.005548339936733e-01, 2.427815379518296e-01, -6.555679105546223e-03, 4.286627503791622e-02, 2.563207707685920e-01, 9.519243098187505e-02, 5.418265607134251e-02, 1.349686079988180e-02, -1.382425896526241e-01, -6.195254065648378e-02, 9.628294183721782e-02, 1.031900930598943e-01, 3.125394254282539e-02, -2.832890050491233e-02, -4.218677322478447e-02, -7.736104482910591e-02, 1.533955733064610e-02, 2.968403694757519e-03, -4.692665748222274e-02, -1.597162839852031e-02, -6.364954578323126e-02, 8.815340517636635e-03, 5.493191159311973e-02, 2.104018012123159e-02, -5.669147128520591e-02, -4.466923290574957e-02, 7.666558715513374e-03, 3.375471657042074e-03, 2.321099931275143e-02, -1.806291474502140e-01, 1.335830703797958e-02, 2.429042989491664e-02, 5.952418406769478e-03, 9.556635882344554e-02, -6.006489034427945e-03, -4.997203764594431e-02, -4.026733471811298e-02, -6.043355915486099e-02, 2.779848536427375e-02, 4.208534160082505e-03, -1.800092091991436e-02, 4.739869097300847e-03, -1.182312238095280e-02, 1.983284807062994e-01, -1.391918002471489e-02, -1.327505449935447e-01, -7.268945863148392e-03, -3.995701608596466e-02, 2.474063538890008e-02, 1.984762217630339e-02, -1.531608515462559e+01, -1.385035114290079e+02, 3.643963075432888e+02, 5.606518373782578e+01, 8.998423603600229e+01, -2.073770794044861e+02, -5.123462784371363e+01, 1.563935830232438e+02, -2.101634313095219e+02, -5.145124344808681e+01, 5.168822456395453e+01, 4.056883385224377e+02, 3.839317622608076e+00, 2.471037605093867e+01, 2.297807944511460e+00, 1.472846856116157e+01, -6.483661857259916e+00, 9.869324898776586e+00, 9.767894509775294e+00, 1.193488095600598e+01, -8.256670572275929e+00, -1.709912971112820e+01, 1.706451747499371e+01, 6.629212063184609e+00, 3.609065285519887e+00, -1.592657556433142e+01, -7.124275199398189e+00, -6.651376137175479e+00, -1.485102448627152e+00, -1.427726036594961e+00, -7.353389252235822e-01, -1.789991290022724e+00, -1.314871770448816e+00, -1.276841167674628e+00, 1.187055741750968e+00, 1.892870759193799e+00, -2.281435300847894e+00, -8.817464217756544e-01, -1.057827586609809e+00, 5.951071738782965e-01, 1.093555465339005e+00, 9.236345751795828e-01, -1.184445126152216e+00, 3.597612822835288e-01, 3.515516169456679e-01, 7.423149880851450e-01, 4.631474121632350e-01, -5.050495849463952e-02, -4.880089883771338e-01, -4.986738040161554e-01, 2.911703491156772e-01, 5.039819827069977e-02, 1.585981815203426e-01, -6.225529294537931e-02, -1.748778826080027e-01, -1.526463927770949e-01, 2.610998273736902e-01, -3.046298629758859e-02, -3.743423609375880e-02, -1.816179636793499e-02, 9.749523710778003e-02, -1.722885869822933e-01, -6.968903924678312e-03, -1.577464558888126e-02, -1.895952881865623e-01, -6.730716052080288e-02, -8.435339263843435e-02, -6.707919343323864e-03, 4.266776430761642e-02, 3.321543609026271e-02, 7.951192606314313e-02, 2.318930178769649e-02, -3.171162748578003e-03, 4.318740270105616e-02, -4.185495838883427e-02, 8.860719388655111e-02, 9.224077393383625e-04, 5.746168389797554e-03, 5.676097172420446e-02, -7.543368902740384e-03, 8.183520139929033e-03, -1.666046489227687e-02, -5.918024070866550e-03, -4.165665452558111e-03, 3.435418153155067e-02, -7.081821130846291e-03, -1.481136337019661e-02, -5.197925987983030e-02, -9.937812398782383e-03, -1.199071892753462e-02, -5.732326038631464e-03, -1.769524244837556e-02, -4.142023284468154e-02, 1.086720664536622e-02, -6.030760169303245e-03, 5.001007292793989e-03, 1.134348353517806e-02, 3.274161549039179e-03, -8.752288739040999e-02, 1.711631384070545e-02, -1.487904500468917e-02, 1.257717826650647e-02, -8.453942362855819e-03, 1.589243262457359e-02, 1.266415546753317e-02, -6.618287646705545e-03, -7.002036240457593e+00, 1.113292468020573e+00, -2.002873467089446e+02, 7.412710073986256e-01, 2.462298347985629e+02, -2.240909479310453e+02, -1.496104881041085e+02, 8.914172008764150e+01, 2.722819564982597e+02, 1.048193498006698e+02, 1.256480412647739e+02, -1.287652801476494e+01, -5.220768043059930e+01, 2.452735274368665e+02, 4.300343766306703e+00, -6.987267249638634e+00, 2.001528833258642e+01, 8.288816990181099e+00, -4.105728117286791e+00, 5.736115474714357e+00, 8.888888500976355e+00, -4.527002090577930e+00, -1.170447823999692e+01, 1.309168254539868e+00, -5.469892653294147e+00, 3.324604273124242e+00, 5.031637921220422e-01, -1.531953024103150e+01, -1.853386420878309e-01, 2.157241137375057e+00, -4.635631390231866e-01, 4.915467682859412e-01, 1.435862083762747e+00, -7.995647712848606e-01, -1.304069143065838e+00, 9.338746883191443e-01, 1.419605943218833e+00, 8.009694794565203e-02, 1.121344655207411e+00, 3.514973541553371e-01, -4.209719770492593e-01, 9.371140025753738e-01, -6.597140872193205e-01, -4.956135359312473e-01, -2.610001549079345e-01, -4.620567219075086e-01, -4.080289292347546e-01, 1.785968780459859e-01, 3.144980691141958e-01, -2.029877225137326e-01, -2.708369979770606e-01, -1.029662099634082e-02, -2.461275950832096e-01, -1.072174791531017e-01, 1.177791317113192e-01, -1.106987079289243e-01, 7.654467315802044e-01, 1.245849838089495e-01, 3.042043503089545e-02, 2.049723607324105e-01, 3.992250594520651e-02, 2.339958878637944e-03, -5.759817206908367e-02, 8.324253307445909e-02, 1.309165889960940e-01, -4.716274080261066e-03, 6.322977504803315e-02, 2.686853762238895e-02, -2.540631793972785e-02, 3.356240712230801e-02, -3.136376819817149e-01, -3.989774558730856e-02, -6.885397740215145e-02, 3.965432099527471e-02, -1.586984493822216e-02, -1.444484292933545e-04, 6.385023942485034e-02, -2.408950096078929e-02, -7.462885925619026e-02, 2.670559431426589e-02, -5.381354656331461e-03, 3.095827644698942e-03, 2.748330695589234e-03, -1.264315944154134e-02, -2.180600566365456e-01, 1.058794801975588e-02, 3.612342267371185e-02, -3.419375668015204e-02, 7.193093434817915e-02, -7.749723387285288e-03, -5.740036176101490e-02, -1.350685597418198e-02, 2.372123243534836e-02, -5.942618341382118e-02, -1.918812247989069e-02, -2.967256325258366e-02, 5.839222534578795e-03, 8.647353051265835e-03, 2.058964497233943e-01, -7.459471677755792e-03, -6.281853978775535e-02, 3.897449165616934e-02, -9.473991332416659e-02, 4.736067330858238e-02, 5.313548145134383e-02, 2.489050264208359e-02, -2.321636124689267e-02, 2.160029744403212e+01, 1.747465665443544e+02, 2.296735709044972e+02, 4.527911842923252e+02, 2.328494637252608e+02, 2.671629157921424e+02, 8.386231685196012e+01, 1.587119259599707e+02, 1.089107019079289e+02, 7.989408857004869e+01, -1.271924665668983e+02, 3.330301725882714e+01, -4.984460282548019e+01, 2.289055983007499e+01, 1.155532882653844e+00, -9.473151571675585e+00, -1.344700758304541e+01, -2.532482560466824e+01, -1.528065345373214e+01, -2.026704059458311e+01, -5.094658088832939e+00, -8.398500213765454e+00, -2.151019298028253e+00, -2.150499811084848e+00, 1.484561986097658e+01, -1.484842771730449e+00, 3.386039545974409e+00, 2.673056006996744e-01, -4.149607525860403e-01, -1.088460276792584e-01, 9.554182194603205e-01, 1.374243803413901e+00, 8.289573310625816e-01, 2.398962741245573e+00, 1.187560301438846e+00, 8.921927776245796e-01, 1.047904818338569e-02, -1.461974611097383e-01, -1.851861468742928e+00, 5.808162426255797e-02, -2.804250022702445e-01, -1.806614733152424e-01, -3.823344261236122e-02, 1.192754793544280e-01, -3.589420440561050e-01, -2.796941889773564e-01, -3.282068193571034e-01, -2.469715475063237e-01, -1.771967387049951e-01, -3.719558502411291e-02, 2.767708249759860e-02, 2.756858276872053e-02, 2.706213706654940e-01, -1.052947421560381e-01, 1.035730925077239e-01, 6.954206592209355e-02, -5.933511260670706e-02, -1.535741844620286e-02, 1.559479790787817e-01, 1.427648367507242e-01, 1.487057658750964e-01, 2.214551772995376e-03, 3.701787349987181e-02, -2.095457779637636e-02, -2.145130302885972e-02, -2.220555754135035e-03, -7.053111480482178e-02, 7.509923075060920e-02, -6.487588125577287e-02, -2.647289656527272e-02, -2.216135964476107e-01, 2.437652970263961e-02, -2.663529062967351e-02, -6.996670110506195e-03, 3.030597167241642e-02, -2.513451543625455e-02, -4.776247743275122e-02, 4.436218462874210e-03, 1.020688546317203e-02, -1.750975351003595e-02, 3.515945199802005e-02, -5.892017043399359e-02, 3.734375533051906e-02, 7.440244886920203e-03, 1.425544787021052e-01, -5.213213809987735e-03, -4.988329095796798e-03, 7.896476418204121e-02, -1.061363527258062e-02, 3.102534379167874e-02, 3.493192647861212e-02, 6.783249409648416e-03, -2.467630874745422e-02, 6.921510440605575e-03, -1.851799509409609e-02, 4.304388412868279e-02, -1.678559594242481e-02, 1.368988034495649e-03, -4.113001279079681e-02, 4.541483935549432e-03, -2.861856997898137e-03, 8.432184627202566e-03, 3.690549947401939e-02, -3.152956269121576e-02, -3.616709760822694e-02, -1.942716646274810e-02, 4.487932076887696e-02, -4.948251617022287e-03, 2.341338668663303e+01, -1.133257371100777e+00, 2.435679093180562e+02, 2.928703752481657e+02, 1.230276388740749e+02, 4.825509984787406e+01, 2.064270822114083e+02, -1.616754270137631e+02, -2.896926698065306e+01, -3.792078891464154e+01, 4.187221587504605e+01, 5.900294890230725e+01, -1.207648371557496e+02, -7.492359901449653e+01, 4.368576057775219e+00, 1.381049467380592e+01, 8.240233639299731e+00, -1.074483735587845e+00, 8.182512087176963e-01, -2.576506244719168e+00, -1.311703745049817e+01, 1.303291894048263e+01, 5.160037194303676e+00, 6.216892294275027e+00, 4.428190331407142e+00, 4.274087308023294e+00, -5.128393970598670e-01, 1.125927971538749e+00, -1.009756666042236e-01, -1.105245284967766e+00, -4.817049355103912e-01, -1.212613782950640e-01, 1.498289401383156e-01, 4.942076032243696e-01, 1.924833878682022e+00, 1.522764210742042e-01, 6.466938527154692e-01, -1.234483704613588e-01, -4.691438379255283e-01, -5.436680559533894e-01, 3.770801363360606e-01, -1.001343375701143e-01, -2.863842969587809e-01, 2.752540528215276e-02, -2.702452212067500e-01, -1.098313833161493e-01, -2.659937162416833e-01, 5.364264517662160e-02, -2.571895184257674e-01, -4.991151852243374e-02, -1.464507784844673e-01, 8.294484221213481e-02, 1.266835637535271e-01, 9.231748027103956e-02, -8.399909833755277e-02, 3.736166829009544e-02, 7.788768551481328e-03, 1.512224454520191e-02, 1.241044528590100e-01, 1.012551973281872e-02, 1.451166869336790e-01, -6.822060024504570e-02, 2.140229266090708e-02, -8.591470363200040e-03, 4.079080681857020e-02, -4.587243686819450e-02, -4.098457964991613e-02, -6.158193109061953e-03, -5.897126772520482e-03, -2.639609236306940e-02, -7.912655884496071e-02, -2.493715459661105e-02, -8.612966395283138e-02, 3.751249227932983e-02, -4.739985081271807e-02, 4.003626513061511e-02, 3.277440440257363e-03, 1.210879604593913e-02, -2.635371627624804e-02, 1.611848836874057e-02, 9.129612437498462e-03, -1.241272958043004e-02, 1.815044835251400e-02, 1.176757481864313e-02, 7.392070468499563e-02, 1.185975076180574e-02, -6.113129111019006e-02, -3.324259804790129e-02, 5.719324620145488e-02, -2.582742703344230e-02, 2.833017316736330e-03, 2.076258060453707e-02, 2.892204906967081e-02, -1.369965376975448e-03, -3.395107822663113e-03, 1.188227949243671e-02, -1.657649550506301e-02, -4.877050744151074e-03, -1.276395155804441e-01, -8.847372192614137e-03, -5.880921233570401e-02, -1.023093691833917e-01, -5.722476901812828e-02, 1.360717706891399e-02, -1.445180636015469e-02, -1.507964843652353e-02, -7.723480555886698e-03, 6.964408552376514e-03, 2.104009726278989e-03, 2.790564731576912e+01, -1.634876988417207e+02, 4.466369218939666e+01, 3.366457139514495e+01, 7.865430150019246e+01, 7.357948852108537e+01, -1.667157899878929e+02, -9.351769143254795e+01, 1.149869069159735e+02, -3.290932794930418e+01, -5.783249331190193e+01, -5.525642255986993e+01, -1.327434293510468e+02, -1.038564147221341e+02, -5.367393030046775e+00, 1.417524003236643e+00, -1.201879792850435e+01, -2.051105713249994e+01, -1.054451509990428e+01, 3.395635993734697e+00, 9.142111224195352e+00, 2.630523983849488e+00, -8.934456906669897e+00, -5.900906022486059e+00, 3.194750623729397e-01, -1.524221820478749e+00, 5.067558270007154e+00, 7.383040176317425e+00, -5.641887821042714e-01, -1.042755347674321e-01, 1.184266712724865e+00, 2.849493400494844e+00, 1.093124306438667e+00, -5.327216870666561e-01, -5.036303204321279e-01, -3.689539381915350e-01, 7.636287209104030e-01, 8.782029140602156e-01, 3.252166129671735e-01, 3.068555459718157e-01, 1.074909072686594e-02, -5.181662653824483e-01, -6.228712533487139e-02, 3.373037591761772e-02, -2.206090823734195e-01, -4.431135208485217e-01, -1.702058529811445e-01, -2.916007151836976e-02, -7.725230967075297e-02, -2.363134420455715e-02, -1.756574794959109e-01, -2.256394580854220e-01, -2.126370241509456e-01, -1.269959515596936e-01, -6.846638018875005e-02, 7.491594245571637e-02, -1.229332303017396e-01, 2.798907057775209e-02, 1.205485056521170e-01, 1.535591924564416e-01, 1.282327843794431e-01, -2.314896235277767e-02, 8.621061217996676e-03, -1.506811729815370e-02, -4.974973886555122e-03, 3.762255276579715e-02, 5.243357817724734e-02, 3.463201656086030e-02, 5.281481776657352e-02, -1.268325581271913e-02, 6.100683698827244e-02, 6.973888821920904e-03, -7.984456960747759e-02, -7.319308149470767e-02, -3.716009026421216e-02, 1.541116491715462e-02, -1.143144067535667e-02, -2.983725456416664e-03, 1.265248560208296e-02, -3.281577619282738e-02, -2.399046125450589e-02, -2.508539934026124e-02, -3.477306049601810e-02, 1.386802110210725e-03, -7.321295098002240e-02, -1.201956242283349e-02, 6.560224755115718e-02, 4.120742522366859e-02, 6.129823926767308e-02, 2.044838569856191e-02, 1.857568324290714e-02, 1.069872061793232e-02, -1.532004426433869e-02, 2.750824375133644e-02, -2.596478747330050e-03, 2.061671121936542e-02, 3.612764846355226e-02, 8.258277848614963e-03, 1.216418501484526e-01, -4.278534937337933e-03, 3.028008669660784e-03, -7.040432280133979e-02, -2.049368987033441e-02, 1.670018509864396e-02, 1.074049103275529e-02, -1.492445223454558e-02, 1.582828851888530e-02, -3.427954910370327e-02, -5.959424849135811e-03, -1.279641510164364e-02, 6.566275491952411e-01, -5.618174137164110e+01, -2.333634824270552e+02, 4.555582119019591e+01, -1.555270545084024e+02, -1.341593837442250e+02, -3.600392133653352e+01, -9.107976659880443e+01, 2.231670258827409e+01, -2.371824359491376e+00, 4.569104849849305e+01, 4.635040197064725e+01, 2.705754998576632e+01, 6.043218672887112e+01, 1.129814446978232e+00, -2.306349071588213e+00, 7.735820235114178e+00, -5.569511674389789e+00, 5.863301538788972e+00, 6.667188769655072e+00, 1.109049978273328e+01, 8.028202208294410e+00, 1.909407765761481e+00, -8.906695578697797e-01, -3.354869259264957e+00, -6.358475716389727e+00, 4.038792680217196e+00, -3.143087990352313e-02, 3.038697544885764e-01, 7.415169792875321e-01, -5.827461059803366e-01, 5.356564010753840e-01, -4.231788779603755e-01, -1.145746402737069e-01, -1.387525103882048e+00, -4.872633623776329e-01, -3.528142822695350e-01, 1.475440841031545e-01, 1.548392725437853e-01, 9.101478809634368e-01, -5.993549648799119e-01, -1.519369162384657e-01, 2.500984512618805e-01, -5.823374852441680e-02, 4.070440757279087e-01, 4.060438733867584e-02, 1.581358740945307e-01, -1.528927725332229e-03, 3.031523559171015e-01, 1.523820322270592e-01, 1.917843908169860e-01, 1.156297405744882e-01, 1.446860382014767e-01, -8.868724518452632e-02, 5.972761720384728e-03, -9.883666115305292e-03, 6.071150575992908e-02, 9.963452786256736e-03, -1.548871095998341e-01, -2.865443524057225e-02, -8.481063661726308e-02, 3.446810765610384e-02, -3.909910951433594e-02, -3.215555746703271e-03, -1.315155953512915e-02, -3.675379016609405e-03, -2.509142734793138e-02, 5.554426371197395e-02, 1.594120425107826e-02, 2.880971460376591e-03, -1.672758096323685e-01, 1.480699771928522e-02, 1.265899737645907e-01, -4.898287085275560e-02, -3.338229861292272e-02, 3.112063187268466e-02, 2.427874285916765e-02, 6.024180513409355e-03, 1.841085539757689e-02, 1.315299308719395e-02, 1.618063462543610e-02, -2.132704179161915e-02, -2.447237465498144e-02, -7.669519384788646e-03, 7.899773072447956e-02, -6.532571270871510e-03, 1.269706772629288e-02, 3.497855626843127e-02, -9.014392432702644e-03, -3.152739654863440e-02, -1.081086780760510e-02, -3.643331614903132e-03, -1.226340433977352e-02, 1.123531601437091e-03, -1.396211043229530e-03, 2.449859502506520e-02, 3.071409193988361e-02, 7.951077716484506e-03, -7.485704688767242e-02, 1.214669060154082e-02, -3.031172553520719e-03, 4.824208307866942e-02, 3.519838619719564e-02, -1.013134436063468e-02, 1.582457952332847e-03, -7.125293758404882e-04, -4.514197326055850e-04, -8.681311109871762e-03, 2.109657872431644e-03, -2.114521289247145e-02, -1.796725887894484e-02, -2.169190856931960e+00, 2.070227709436809e+01, -1.952647271341984e+02, 1.494551021598379e+02, 4.284144455699561e+01, -1.520295032897263e+02, 8.127620831595833e+01, -8.636868619479054e+01, 8.403331863444572e+01, -4.386287543618220e+01, 1.698484095245645e+01, 5.681089282790419e+01, 5.266813164906579e+01, -4.997354858509561e+01, -6.565521041361576e-01, -4.424496719131311e-01, 2.357539186681011e+01, -1.502271574451991e-01, 7.001880125953766e+00, 4.860797970737974e+00, -6.923045644083820e+00, 4.622043129807455e+00, -5.943434033005230e-01, 8.722913769939497e+00, 2.587608012670033e+00, -1.616783001669702e-01, -6.961432926841622e+00, 6.164176530548164e-01, 7.469554575281548e-02, 1.877350175553499e-01, -1.758692422916677e+00, -5.536163777249064e-03, -5.654570447262265e-01, -2.247613038047959e-01, 2.702232462237690e-01, -2.342637074159385e-01, -3.704438136177765e-01, -9.540190987716912e-01, -3.607398148776952e-01, 9.472757046781675e-02, 8.397341762487295e-01, 9.541280359990305e-02, 7.328626679890228e-02, -4.425210567019537e-02, 1.604462694328602e-01, -1.438236168221034e-01, 1.536790751652674e-02, 2.962555981023704e-02, 7.543591085643148e-02, -3.982575441558210e-03, 9.657405490612472e-02, 1.115939348209855e-01, 5.050618865829368e-02, -6.717160405746767e-02, -1.547848549117088e-01, -3.282943860259972e-02, 3.468467778232993e-02, 1.708884455162389e-02, 2.628760428248603e-02, 9.807556294246492e-02, 8.619740658779461e-03, -1.017123797892394e-02, -4.134550924160015e-02, 9.909657876373767e-03, -2.206606663222942e-02, -2.638760338537972e-03, 9.235971738842101e-03, 4.431642067150529e-02, 3.461240701438170e-02, -5.354109307665762e-03, -3.335848037420992e-03, -1.399780019583939e-02, -1.789798568158736e-02, -1.060611308794378e-01, -2.276631552109256e-02, 2.193756322519014e-02, 2.338802739578031e-02, 2.907492212069686e-04, 6.457689631597287e-03, -2.064868000873740e-03, -1.788377600151055e-02, -1.798693203155567e-02, -1.642672098934275e-02, 6.831520680387075e-03, -3.418313785545597e-02, 4.017721853432242e-03, -4.641322631021713e-03, 5.362483799734265e-02, 1.572791489763964e-03, -8.694688013381455e-03, -1.616198964363397e-02, -5.192402162641431e-03, -8.541193822938340e-03, -2.922609550076451e-03, 6.011969979195875e-03, 1.136933731592434e-02, 1.304752968246971e-02, -3.345872497105048e-03, 2.952139630462793e-03, 3.236661414380954e-03, 2.582043656547796e-02, -1.311942591112423e-03, -1.362057028570783e-02, 1.966543910605650e-02, 1.694389522450561e-02, 1.345482396564450e-02, 4.398690621986565e-03, -1.881327318282035e-03, -1.092436671348241e-03, -1.051256999337439e-02, -9.368734654614574e-03, 1.769534540580336e-03, -2.434965834156424e+00, -5.026956450903807e+01, 8.103630295323457e+01, 1.041123744209802e+02, 4.370750415044281e+00, -1.110210692074532e+01, 7.569703802108680e+01, 6.671929390721167e+00, -3.987619621022061e+01, -6.253564920462578e+01, -5.798735432099706e+01, 1.459873758684858e+01, -3.609494214481332e+01, 3.761487933984572e+01, -9.428823984818813e-01, 1.075062430360954e+01, 1.632804769250443e+00, -9.619015468130396e+00, -2.312618043061430e+00, -5.274811574991402e+00, 1.464814804635825e+01, -1.232934294843588e+00, 1.294896695908563e+00, -2.207844385155063e+00, 2.963120947877653e+00, 5.714891302927517e+00, -2.191104713032847e+00, 1.587853563950213e+00, -1.644449638129937e-01, 6.204879682988790e-01, -3.277757604575787e-01, -3.304268103547238e+00, 4.807195508057174e-01, -1.531569096823495e+00, 6.425583479746643e-01, 4.189808074329910e-01, 3.089733413622223e-01, -2.676076862615713e-01, 1.258894085174382e+00, -2.108141773542654e-01, 9.494271059525415e-01, -2.055002835199541e-03, -8.788823193529742e-02, 5.101110559463295e-02, 1.660750574694233e+00, 5.267303407744905e-01, -2.058889009215997e-01, 1.999125575897986e-01, 1.936176480931315e-01, 4.981346871652802e-02, 7.433369063420157e-02, -4.878172464918210e-02, 1.475540630684801e-01, 2.405505362280813e-02, 6.367277238698936e-03, -1.721888167634419e-02, -9.363023152590294e-02, 4.228291609989477e-02, -1.043760705576467e-01, -7.390727608695862e-01, -4.548112258073694e-01, 9.454379327564949e-02, -2.246234602469556e-01, -3.390026034870243e-02, -1.353822182465618e-02, 3.523341419506909e-02, 1.044948689653701e-03, -3.959003480175659e-02, 2.957094941646778e-02, 1.302903936609548e-02, -7.427208700490243e-02, 3.322386244453421e-02, 2.345668355410860e+00, 1.253449829486505e-01, 2.937552519825058e-01, 1.592076697461404e-01, -6.031264327115096e-02, -8.486297279888730e-02, -9.007604334953175e-03, 1.162211592950597e-02, 1.459014539944126e-02, 4.860622640859831e-02, -5.394129337578501e-02, -2.717432855930842e-02, 2.410809746992716e-03, 1.807889765113633e-02, 3.136733764202201e-01, 2.686814956379685e-01, 9.846663511297110e-02, -9.641873584970471e-02, -1.283021746283029e-01, -1.233676152182283e-01, 9.195501287040267e-02, 1.134074615393364e-03, 2.574698306902201e-02, -1.068151721880130e-02, -4.909767059308319e-02, -1.862259432322390e-02, -7.887442481255122e-03, 9.264261390975847e-03, -1.765707205134482e-01, 1.022251337157477e+00, 6.146984682623837e-01, -4.728777635725759e-01, -1.080527236623566e-01, -9.292714117405641e-03, -1.167540057979224e-01, 2.732182239035234e-03, -7.527405143445381e-03, -4.437117222554605e-02, 2.094035070017093e-04, 3.321403155625092e-03, -5.106302257419301e-02, -1.705630602515626e-01, -1.193904680557424e+00, -2.454029246163265e+01, 3.369192827151595e+00, -2.163189863507814e+01, 2.460511213673892e+01, -2.261740847870626e+00, 6.886906752760144e+00, -4.334280924784523e+00, 8.317921619279220e+00, -4.366063899871910e+00, -9.012285095640332e+00, 1.962018085514501e-01, -1.411023887238585e+00, -4.145636231423376e-02, -2.602184361721764e+00, -2.648949439021972e+00, 3.909626397654531e+00, -1.284643630523041e+00, -2.217770967765404e+00, 3.943726228401219e-02, 6.257195176823427e-01, -2.110126723180065e-01, -5.493538359440899e-01, -1.509186482144727e+00, -5.733956875345947e-01, 2.695064941516985e-01, -2.155101696100444e-02, -4.278747520210688e-03, -1.269799452911285e-01, -5.964018556296937e-01, 4.493601475427859e-02, 4.630658130385368e-01, -6.808092189150478e-02, -3.801482800339572e-01, -2.007804454418162e-01, -1.091193782476110e-02, 1.482814057318867e-01, 1.999946161662839e-01, 1.390107720706729e-01, -1.932850369180183e-03, -4.517234958029489e-02, -2.157573667795771e-02, 1.405644879063094e-02, 2.456653211337037e-01, -2.531857880226120e-01, -1.398640836841054e-01, -6.114222445567586e-02, 8.886824138914623e-03, -8.941562471610673e-03, -2.954731374192508e-02, -3.704915307356502e-02, 2.551776914229002e-02, 1.669003918548503e-02, -2.117855535903385e-02, 9.190711835182576e-04, -2.074670557093655e-02, -1.689105547298672e-03, -4.256823465619709e-02, 2.194337770988751e-01, 1.241939489772371e-01, 1.876512858544778e-02, 2.008199266361525e-02, 8.619917841483759e-03, 9.853541117203560e-03, -3.802225062844007e-03, -1.237161232591743e-03, 6.120666259132809e-03, -1.946027357481211e-03, -1.125238953966357e-02, -7.720894789515638e-03, -1.274396607492125e-03, 2.783023034744413e-02, -1.365446314840072e-01, -1.690216436645466e-01, 1.677169371077516e-02, -1.786437666578504e-02, -5.488108627143471e-04, -1.095827270156318e-03, 8.341221566268545e-03, -7.172362090167268e-03, 2.374247216300640e-05, 4.656557739020618e-03, 7.279869226998030e-03, 9.944529472137541e-03, -6.140020732715527e-03, -3.104381316857211e-02, 9.374656728510602e-02, 1.791535988956259e-02, 4.711407747559473e-02, 2.660056328902003e-02, -4.741292788756428e-03, 6.183178336406465e-04, 3.875844187488590e-03, 5.826370531933413e-04, -1.258138238031985e-04, 2.308809332172646e-03, 3.127384984387431e-03, 5.823725632450605e-03, -2.677476554005673e-03, 5.474705224260108e-02, -1.190299134063574e-02, -1.089469480568892e-01, 3.716083979492275e-02, 4.296913487287750e-03, 3.065496901251752e-02, -1.500975913891346e-02, 1.033641904181551e-03, -8.750994344879853e-04, 5.751634738403800e-03, -2.519301855217248e-04, -1.443828090520646e-03, 3.280566139893284e-03, 7.974027391666734e-04, -3.714993945188434e+02, -7.628249806959636e+02, -4.614319394375350e+02, 1.323143104295303e+02, 4.114750865205440e+02, 5.119404826130007e+02, 5.912491905419920e+02, 6.406401198389220e+02, 2.122456365272871e+02, -2.260401962332397e+02, -7.293563531434228e+02, -4.713287492347864e+02, 2.971137879316565e+02, 2.809453427649731e+01, 1.742942809487618e+01, 4.030138892342185e+01, 2.162545376177364e+01, -3.302060308056011e+01, -3.929915709708035e+01, -2.993529239027456e+01, -4.116214220032360e+01, -3.846889507890764e+01, -3.312077570580856e+01, -2.957722113719384e+00, 2.222610702476462e+01, 6.858779498232960e-01, 8.052795115200821e+00, 4.084639021824510e+00, 1.798532904665182e+01, -1.694567133364957e+00, 3.326041467046192e+00, 8.760337006887447e+00, 7.484196635300069e+00, -4.869143711490742e-01, -2.093957588473930e-01, 3.376650911477049e-01, 2.510054525838178e+00, -7.796395811529765e-02, -8.059360156923866e-01, 2.408456439818220e+00, -3.068589789641001e+00, -4.736040781173552e-01, -2.437535784302733e+00, -5.747364130694388e-01, -1.952141468398700e+00, -2.651898487076075e+00, -2.316333574572339e+00, 1.236101702623546e+00, 1.043414076253263e+00, 7.076696662566494e-01, -1.857432747262620e-01, 2.983348464197286e-01, 1.365698326921551e-01, -6.235052941783195e-01, 6.268625419176577e-01, -4.678381150337857e-02, -7.018665416694484e-01, -1.148518540513753e-01, 2.637285671248735e-01, 5.437015046760821e-01, 3.371611817345893e-01, -1.170814016136815e-01, -5.569349689975053e-02, 1.252882652235675e-02, 2.671389352385541e-01, -3.246219731192255e-02, -1.477874876769908e-02, 2.449764880766125e-01, -1.665458248321262e-01, 6.184023355730449e-02, 2.851110267576935e-01, 8.937029955153970e-02, -5.703606678489028e-02, -2.594727010046889e-01, -5.323464842466132e-03, -2.555343366201288e-03, -4.881284230268165e-02, -5.613518702678212e-02, -1.424085822199173e-01, 1.211998509464897e-02, 2.458882569243956e-02, -1.263936275163122e-01, 4.541028750728755e-02, -4.072069620038109e-02, -1.384499738146737e+00, -1.539971515879670e-01, 5.993662151155725e-02, 1.736674286244671e-01, 4.756541898544812e-02, -6.171872509830731e-02, -4.475402883618331e-02, -4.168019385190563e-02, 1.234228653560891e-02, -6.279634032714065e-02, -7.283573995101367e-02, 6.995154387325014e-02, -4.000110787471787e-03, 2.237115692560897e-02, 1.482949133279277e+00, 5.485452373504121e-02, -2.242463716949403e-01, -1.644384892129340e-01, -6.315818786855903e-03, 3.234319807367327e-02, 8.674110097260612e-02, 1.922575240775763e-02, 5.800065541512347e-02, 1.863962942806626e-02, 6.308489667665985e-02, -5.594414468656379e-02, -7.665892057615505e-03, -2.396439281352324e-02, -1.238082423346254e+00, -2.163387260505443e-02, 1.253915811222686e-02, 5.666884659582028e+01, 1.036583316514990e+02, 1.067423995539363e+03, 6.471090811922152e+02, 7.838521641824578e+02, -2.855797465641909e+02, 2.086534631886473e+03, 1.468968835128281e+03, 1.261525934177267e+03, 6.842462280010611e+02, -1.038562708717278e+03, -1.072612218484197e+03, 8.997247344907853e+02, -5.201623524489611e+01, -1.012202902577318e+01, -1.421074108288112e+01, -9.805069506696437e+01, -5.350325692650595e+01, -5.798473660845934e+01, 2.860695521313326e+01, -1.612677842006919e+02, -1.000506532088538e+02, -8.619249587234700e+01, -5.885214849152688e+01, 7.911152302085075e+01, 7.771871930010657e+01, -6.131396050876874e+01, 5.280203569118944e+00, -2.667377279074678e+00, 3.614699324772832e-01, 7.411001078944506e+00, 1.747798680042547e+00, 2.091425554326268e+00, -1.959386760887076e+00, 1.508281841351709e+01, 7.616420388177350e+00, 5.823118659029668e+00, 4.408352665033246e+00, -9.167027505569722e+00, -7.750225962576114e+00, 5.467764515787957e+00, -5.429889243509806e-01, 6.712283206177444e-01, 3.476586932569473e-01, -7.153699680168688e-01, 5.651183616266600e-01, 5.829625373782874e-01, -1.645353569401837e-01, -2.278116412305351e+00, -1.165900770324677e+00, -7.222806934506091e-01, -6.010593699796615e-01, 1.688173673794891e+00, 1.215326372040597e+00, -7.772435322027795e-01, 7.488273507002405e-04, 8.147503839758672e-01, -6.128819136066502e-02, 9.276546111003477e-02, -2.713651378021177e-01, -3.152291253900705e-01, 8.839150424619947e-02, 4.925374404938906e-01, 3.134713805682659e-01, 1.831993717389688e-01, 1.269156662170395e-01, -5.111117320869570e-01, -3.050135930663622e-01, 1.551803485142034e-01, 2.580721046531685e-02, -4.147258618090851e-01, 1.967728162210204e-02, -9.598666156576741e-02, -8.265306396779590e-02, 1.243888804338908e-01, 8.502128751838321e-02, -4.585777314132808e-02, -9.208905407815110e-02, -6.183970364406850e-02, -1.516569967644615e-02, 2.363987939966657e-01, 1.389444570518930e-01, -6.221015181615432e-02, -2.396973535280848e-02, 5.913160697776229e-01, 2.869866553087432e-02, -3.926063294509192e-02, -1.204270791726015e-01, -2.238266460613018e-01, -4.050528608738338e-02, 3.851514693773507e-02, 8.287498368279041e-02, 5.619350247741269e-02, -2.574322100636659e-02, -1.434631602154814e-01, -8.892906881366136e-02, 4.284213415874712e-02, 3.188246721861755e-02, -7.451992181414668e-02, -2.713419459095837e-02, -2.647784185266470e-02, -2.606800278518508e-02, 1.502942892370658e-01, 6.763792696925176e-02, -6.556545490150029e-03, -2.150603656656258e-02, -5.165096859473244e-02, 7.712579359348774e-02, 1.342996037013865e-01, 7.736867693273222e-02, -6.557099535799345e-02, -2.997133813092410e-02, 2.075057574502668e-01, 5.904848830582141e-02, 2.049104867421867e-02, -1.439482867232826e-02, 5.031443822144042e-01, 4.436710872531913e+02, 3.339248250558241e+01, 1.562262713881051e+03, 4.444664203087291e+02, -2.858681400388164e+02, 5.271597935113047e+02, 2.860527092261527e+02, -2.514153573817526e+01, -2.008005967725303e+02, 4.345275800769682e+01, 3.282983824274417e+02, -4.370579199949510e+02, -9.262434995106270e+01, 2.263536980222653e+01, 8.469513255744072e+00, 6.507596999302748e+01, -6.600689978874829e+01, 2.895993554135050e+01, -1.165098632515515e+01, -3.962947541110609e+01, -1.627074099245380e+01, 2.450404909288139e+01, 4.863802372864067e+01, 2.576978145967078e+01, 1.067570874424540e+00, 1.778468254320715e+01, 7.134949374597294e-01, 3.401779467075626e+00, -1.842250056015758e+00, -8.193191953916124e+00, 5.901971142103859e+00, -5.367890236753427e+00, 3.673761902181757e+00, 4.711389801141989e+00, 4.443858778333925e+00, -7.223164530267273e-01, -3.859108259118969e+00, -1.999815031353729e+00, -3.314446084566545e-01, -1.321467864535866e+00, 1.407045988046801e-01, -1.559505334726629e+00, -1.052209684991149e-01, 4.983788967286856e-01, -1.894813970587069e+00, 3.834146959746862e-02, -1.246222226871511e-01, -1.935936855546428e-01, -5.357673575546879e-01, 2.673764052609419e-01, 6.430769095280301e-01, 3.060791899971437e-01, 3.431429077576237e-02, 1.823410263889709e-01, 2.827132953944567e-02, 9.973414148753573e-01, 4.861645688873658e-02, -2.412581083601753e-01, 7.469262123409591e-01, 3.597807590470008e-02, 2.832000089654049e-02, 1.005317120445754e-02, 1.433994319791940e-01, -5.427118651533783e-02, -9.584185468185503e-02, -2.196144561310503e-02, 6.143310122720867e-02, -8.404461234367820e-02, -4.678724804338109e-02, 8.685538383746573e-02, -4.495105932358266e-02, 6.752678127659451e-02, -2.520112643135677e-01, -4.436451153972373e-02, 1.309257327608352e-03, -3.887500468140363e-03, -7.404540270441293e-02, 1.422577186185475e-02, -5.056426951505956e-03, -1.750076026878299e-02, -6.587039687401976e-02, 3.927405542121008e-02, 5.057951705784858e-02, -1.620945542942183e-01, 6.356550069016043e-02, -4.465077073644196e-02, 1.918980438189583e-01, 1.138062698681819e-02, 6.655640694951109e-03, -4.777014800336291e-02, 2.462784702273983e-02, -7.046552466101488e-02, 2.849737308803539e-02, 3.961560237271049e-02, 6.745764625960556e-02, -7.006287180665384e-03, -2.224844094429027e-02, 9.545192317457389e-01, 1.848160232949714e-02, -6.774969149690745e-02, -1.235306821674081e-01, -1.460440164552982e-01, 2.581900941035788e-02, 1.360990832556453e-01, 6.741533129057155e-02, 1.129447998392763e-01, -1.263453126110769e-02, 1.433533791485084e-02, -3.115973177710607e-02, -1.562235355513718e-02, 7.085210738273162e-03, -3.154497700969398e-01, -2.540640980252883e-02, 1.298743379242042e-01, -4.736551918948021e-02, 3.319249498623146e-02, -1.004038367752039e+01, 3.766662686138309e+02, 9.289121256119125e+02, 1.905004076989751e+02, -8.387950345820360e+02, 8.905684600200548e+02, 4.797173208522398e+02, 2.500746333574604e+02, 3.771853648048775e+01, -2.585190328555483e+02, -2.441029169105396e+02, -5.276052367818634e+02, 1.873670870130202e+01, 6.885849588478875e+01, 1.660442280037869e+01, -1.104066811526184e+01, -1.295075244372864e+01, 2.531655597685864e+01, 9.763875963320477e+01, -6.076920295551791e+01, -2.547514279459999e+01, 8.697145365340903e+00, 2.528687739504321e+01, 3.871529455827592e+01, 2.520201794040767e+01, 3.745974844937005e+01, 3.048045058224732e+00, -3.804260335971089e-01, 1.260952910944746e+00, 1.340206496197459e+00, -1.973994137605028e+00, -3.770579411734897e+00, -1.123139524508728e+01, 5.508792069924874e+00, 2.684679778707197e+00, -1.236335102148588e+00, -1.903767909106018e+00, -3.013672641934244e+00, -1.085899466653981e+00, -3.177043820222053e+00, -2.567136681687614e-01, 1.949138061163882e-01, -2.402262895268124e+00, -2.660804190917546e-01, 6.628688927210336e-01, 4.863599426478200e-01, 1.778601988344794e+00, -6.622772828973854e-01, -2.587850744143989e-01, 3.869610101697730e-01, 3.948820282012586e-01, 5.245596362740750e-01, 1.243779581914315e-01, 5.981476082969336e-01, -8.983275567838649e-02, -1.255177510958780e-01, 1.147525336609487e-01, 2.041468879152081e-01, -1.407180676083506e-01, -9.655952358849737e-02, -3.858953056091857e-01, 6.390119572658381e-02, -4.342530519428710e-02, -1.971739209386354e-01, -1.622272627729335e-01, -1.633538184211422e-01, -5.462663977940750e-02, -1.854885980272112e-01, 6.346107759295036e-02, 5.621110875001820e-02, 9.779396045791625e-02, -1.126884070262308e-01, 1.411462151691527e-01, -3.321282518169483e-02, 2.069809693949980e-01, -5.432168100726208e-02, 5.405016906018853e-03, 4.088499244340195e-02, 4.190549612094038e-02, 3.291710710703320e-02, -1.862580514857286e-02, 5.603518563216986e-02, -2.619690959380512e-02, -2.485533705592562e-02, 2.511112827557554e-01, 3.208362596580616e-02, -8.039756330883824e-02, 2.117617848331289e-02, -4.702724169894253e-02, 1.612259866168040e-02, -1.953049411722587e-02, -3.011518010587269e-02, -2.531223148666351e-02, -9.974305509124846e-03, 2.952520151121984e-03, -3.313234551362838e-02, 2.065276866919630e-02, 2.170215307491028e-02, -4.315665152655125e-01, -2.818248661766146e-02, 7.433569477888594e-02, 6.228383561626101e-03, 2.824258078653642e-02, 1.620436575120610e-02, -1.654650077053619e-02, 1.125361013523791e-03, 2.295720142844250e-02, 1.011970763059934e-02, 1.105213258687912e-02, 1.946559571309707e-02, 1.417160642599758e-02, -1.321386202273448e-02, 2.901878265193260e-01, 1.118786662829137e-02, -2.635709817069807e-03, -1.029813093988480e-01, 1.027259728204630e-03, -2.327120096243693e-02, -1.056143366991630e+02, -5.932319767000173e+02, -5.998169698645087e+02, -7.915378303605584e+02, -5.051043666163104e+02, -2.185044073777691e+02, -6.686988375469390e+02, -4.029684289745671e+02, -3.986024037060498e+02, -5.023463535359953e+01, 1.067073350817173e+02, 4.201132010462022e+02, 6.895238795029815e+01, 2.115421832406040e+02, -1.137479056714003e+01, 1.416428579391337e+01, -1.205757316117013e+01, 1.828300535849416e+01, 8.200585068829218e+00, 2.627768429758702e+01, 3.384477263171559e+01, -1.413581354824478e+01, -6.588204669266900e+00, -2.560642485324045e+01, -2.206587758009929e+01, -2.826570114352502e+01, -7.837882278441636e+00, -1.840200603116740e+01, 2.594079199383604e+00, 1.189379670950785e-02, 4.645630074442969e+00, 1.384110665314093e+00, 2.231459763911720e+00, -5.821518963315051e+00, -4.742294896564879e+00, 2.252359962583107e+00, 7.964173575397219e-01, 2.742816412589557e+00, 1.932968289872458e+00, 1.857178775376050e+00, 1.062049728934225e+00, 2.264713820839302e+00, 1.424246014029882e+00, -2.861275797458598e-02, -5.809412566064447e-01, -9.732616869226884e-03, -4.565409005597016e-02, 9.639396913788839e-01, 6.488848128891351e-01, -6.191772564210940e-01, -1.819869020484224e-01, -4.040830555607338e-01, -2.740878596492559e-01, -2.588762840291248e-01, -1.793113599745016e-01, -4.186768016326447e-01, -9.759335766663767e-01, 1.644994293185546e-02, 1.273389674905462e-01, -6.513722254159070e-02, -8.118306097998072e-02, -2.307035260865105e-01, -1.796097965021588e-01, 1.965052135441799e-01, 3.480287913029212e-02, 8.644034628546338e-02, 5.925557021226994e-02, 8.398091575321098e-02, 4.570189361300066e-02, 1.234936043747393e-01, -7.082360098526855e-02, 5.528544141684888e-03, -3.427488331043772e-03, 7.116136260769497e-02, 1.682984269103175e-01, 3.136689951517934e-02, 1.946245284619403e-02, -1.565572360859599e-01, -3.705194942938917e-02, -4.766512491512169e-02, -2.318420818250875e-02, -5.696733367644387e-02, -1.227153376565328e-02, -6.371759741772878e-02, 4.369110668186710e-01, 4.753247702159298e-03, -7.080947749395407e-02, 9.850727056406746e-03, -1.555808411790033e-01, -4.760898170560944e-04, -3.534549941698221e-02, 7.665887301514500e-02, 1.953816872007504e-02, 1.587783397955098e-02, -1.791720870384122e-03, 2.048339577919707e-02, 1.293508148212385e-02, 5.073038691741209e-02, -2.400789466629851e-01, -7.986683378849946e-03, 1.701699788914656e-01, -3.488400591202652e-02, 1.133088535545963e-01, 2.284762455501559e-02, 1.878590098909438e-02, -8.725399149063966e-02, 8.875334734714873e-03, -3.194993557687628e-03, 1.588048667558494e-02, -6.871866976797284e-03, -2.476874926331992e-02, -4.210721542224118e-02, 1.211556209627147e-02, -1.008530019099396e-02, -1.077559428727712e-01, 1.115032471434889e-01, -1.653076236652000e-01, -1.885991840682513e-03, -3.323211566859257e-02, 6.887517431653065e+01, 2.827703723705360e+02, 1.218114168317990e+02, -4.795932564899100e+00, 2.508900110796750e+02, 2.677064465190596e+02, 4.287400794550661e+02, 1.427883581824258e+02, -2.017384352216975e+01, 6.158588017858096e+01, -4.236497306230756e+02, -9.101690088498843e+01, -4.992887739631165e+01, -1.103489669278330e+02, 1.335548282722970e+01, -2.285420351837426e+01, -6.310495803606885e+00, -1.105404626749909e+01, -3.186054807781377e+01, -3.242984270076921e+00, -8.879984535352223e+00, 1.391077919461931e+01, 8.329897246685823e+00, -4.542977014481473e+00, 1.929034382094887e+01, -1.086149685200262e+01, 9.243161491743436e+00, 1.220846638215801e+01, -4.832916923431602e+00, 2.511525515181646e+00, -4.890122377151969e-01, 1.183973166014709e+00, 2.508402653744919e+00, 6.084034284153939e-01, 7.637448096979188e-01, -1.588464739338970e+00, 6.687584638967338e-01, 1.510558405435307e+00, 1.646257998161944e-01, 2.451948606683957e+00, -1.179779448554698e+00, -1.147042396342585e+00, -1.106859927444772e+00, -4.586515747996581e-01, 3.134105806532111e-01, -4.178076376403509e-01, -2.657252973844997e-01, -1.072959051231040e-01, 1.124726720770327e-02, 2.584383651767047e-01, -2.712899933433502e-01, -3.003965480630114e-01, -2.720353855609306e-01, -4.829927954326793e-01, 1.586633411308109e-01, 1.187875190629365e-01, 1.595943105925334e+00, 1.380045271812135e-01, -6.085390878744473e-02, 2.282189619462617e-01, 4.426859799429076e-02, 2.174084489565609e-02, -5.386156493206684e-02, -4.208659738495544e-02, 1.139842176720822e-01, 5.664271445953384e-02, 9.652176327391040e-02, 1.275973207407763e-01, -1.422216202091337e-03, 4.434676739744845e-03, -6.551376143667654e-01, -8.173762951595044e-02, -3.412675928419202e-02, -1.256786755532526e-01, 4.935498396890752e-02, -3.078952834787596e-02, 4.211047233350918e-02, 1.119922579353416e-02, -3.555674994625123e-02, 2.219329990145442e-02, -2.090097607656934e-02, -2.467243192640246e-02, -3.187585420465750e-02, -2.015083914747088e-02, 3.119104969883508e-01, -1.156542389459991e-02, -1.392621072219015e-02, 1.353623061360346e-01, 1.825094295778092e-03, -1.771899459437665e-02, -5.365287529875804e-02, 1.190720022365553e-02, 1.773810170410363e-02, -3.472926332110472e-02, 7.517023634853418e-03, -3.930308700910523e-03, 3.201946158641611e-02, 1.709224814473786e-02, 1.176033236024560e-01, 1.543755514070989e-02, -2.320606895859135e-02, -7.784291847053176e-02, 6.599831622850265e-02, -4.142321162851472e-03, 2.053845499284339e-03, -2.380335845635757e-02, -5.444580214526472e-03, 3.764094591002570e-02, -2.034844711554748e-03, 2.734452180729309e-02, -4.522731803643465e-02, -2.475560826584912e-02, 1.003061209267345e-01, -8.719113290173897e-02, 9.946360878668674e-03, 1.522361048782461e-02, -1.145357595978264e-01, 1.273966389031498e-02, 2.940820599269188e-02, 3.233019798092646e-02, 1.098872160209710e+01, 2.870755924841006e+02, 9.921064007242455e+02, 2.467196330498975e+02, -1.556542782993712e+02, 3.178233362260040e+02, 1.947928434289582e+02, -1.029209550753461e+01, -6.703574816446553e+01, -1.129379866510658e+02, 1.064353603877970e+02, 6.182308648587351e+01, 4.198516418754407e+01, -1.934058095343934e+02, 9.271708770257757e+00, -1.412981496546563e+01, -7.493293320924492e+01, -3.152202142690977e+01, -1.063114748962445e+01, -3.829881722752091e+00, -5.185548237594299e+00, -5.575200762148164e+00, -9.257984152580534e-01, -6.556405268645125e+00, -1.258416921080042e+01, -8.441195923425271e+00, -7.094971890190497e-01, 1.289038233314563e+01, 1.238377922043358e-01, -1.162849566614191e+00, 4.084460171733757e+00, 1.734085487221571e-02, -1.384188063661155e+00, 1.389796405573035e+00, 1.939327077632583e+00, 1.145906931820074e+00, -1.770179206845755e-01, 7.358257161778309e-01, 6.669325836449042e-01, -7.032837097874584e-02, 6.940297929281766e-01, -7.164144095931679e-01, -8.987301078009600e-01, 5.374647657644487e-01, -1.888048874607449e-01, 4.710211069224455e-01, 5.228618045731886e-01, -1.863129692590116e-01, -3.898091217676981e-01, -2.773503297726261e-02, 2.652636723115900e-01, -2.397498704559873e-03, 6.297390853697662e-02, 1.830173552340182e-01, -2.375844501415686e-01, 7.399551797066894e-02, 2.071497685405219e-01, -1.117022267493205e-01, 4.721684280753308e-02, -1.674959593040840e-01, -3.210040554097328e-02, -5.615454454934710e-02, 4.511631973424726e-02, -6.221550136632376e-02, -1.597871020210187e-01, -1.203042898340223e-02, -2.808661131294333e-02, -5.839043380282383e-02, 5.356880591188688e-02, -3.826714170600178e-02, -1.668959353938640e-01, 5.052167937437091e-02, 4.077044319296765e-02, -2.656154506027886e-02, 6.944176942517521e-02, 5.121224659590219e-03, -5.000128545520525e-02, 1.252985720413219e-03, 6.577524446322293e-02, -3.283676507131487e-02, -2.347591083148408e-02, 5.268512888247215e-03, -2.640866334091822e-03, 2.573288442149687e-02, 3.362978164773468e-01, 8.371457585933209e-03, -2.952885569884119e-02, 3.595002588751233e-02, -7.258117437066232e-02, 5.060016718113881e-03, 2.352922456533553e-02, -4.596309582193033e-03, -5.288459616444136e-02, 3.869958656433159e-02, 2.048324211225119e-02, 1.204208967389887e-02, -2.764492725990793e-04, -1.300034873466979e-02, -2.805366730455610e-01, 1.991245157146422e-02, 1.060458042833474e-01, -5.291991562380987e-02, 1.522506685784524e-01, -6.490228550484804e-02, -3.173874346722276e-02, -4.132616427466108e-02, 8.229274123510727e-02, -3.933170197507341e-02, -8.656340093937344e-03, -9.578014575536111e-03, -1.012739222267914e-02, 6.213919527395401e-03, -9.771144988225713e-02, 3.485663406900738e-02, -6.172896478912965e-02, 7.791007125810807e-02, -1.243725515233380e-01, -3.281615679285042e-02, -5.363666617945089e-02, 8.946623859350713e-03, -8.542613531706558e-02, 4.418130265631618e+00, -1.260226037891634e+02, 6.394632547127073e+02, -5.019336470013464e+02, 2.489531172238494e+01, -3.382163827057985e+02, -9.598143570497523e+01, -3.637169688647064e+01, 2.293390836120561e+01, 5.449570163778058e+01, 2.166563675053958e+01, 1.239676231967166e+02, 1.526154644462444e+01, -1.020710505767119e+02, -3.452125689118523e+00, 2.307872272657981e+01, -1.935908537536284e+01, 6.211535851800274e+01, 2.318775495394042e+01, 1.572469961327849e+01, 2.460263932010855e+00, 1.094231306385022e+01, 2.116191258093281e+00, 6.386426505978391e+00, 4.722213231059316e+00, 1.519671322571113e+00, -1.014539861887156e+01, 4.407592249201761e+00, -1.212896946942831e+00, -7.200082455501435e-01, 2.585560991185344e+00, -4.817535584195999e+00, -1.298746304609976e+00, -2.184871151989877e+00, -1.123318117217798e+00, -1.382236174193891e+00, 2.233835718172577e-01, -2.534671837101089e-01, 2.883330500952776e-01, 1.113078656317025e-01, 9.902264690990227e-01, -4.144106449097341e-01, 2.113146118247121e-01, 2.321764170449811e-02, -1.219356867194804e-01, 8.171127137675896e-01, 4.199020724687219e-01, 1.702576212836835e-01, 1.951530806144143e-01, 9.186571093574025e-02, -1.075200593923338e-01, 2.805384346089333e-02, -1.425054741607598e-01, 2.509709679482088e-02, -1.818432496898092e-01, 5.589756250558978e-02, 4.775165886413570e-01, -2.998257961858441e-04, -1.263070177337782e-02, -2.172754057929748e-01, -1.447304177656702e-01, -9.450057440733446e-03, -9.331411252215799e-02, -2.250275277964619e-02, 1.821190797193599e-02, -2.566387526464787e-02, 4.472804514223283e-02, -5.489755056043356e-02, 7.081434002977179e-02, -8.752515871549753e-03, -4.176165622278247e-01, -1.766944229998655e-04, 1.891275030232559e-02, 5.337084827693821e-02, 4.753927892166918e-02, 7.275820387088891e-03, 5.257774222769722e-02, -1.573678070584677e-02, -2.841492966120510e-02, 8.873036888753513e-03, -4.279743098813507e-02, 4.619115081689639e-02, -3.378279216707566e-02, 5.474177893932054e-03, 1.979833249322364e-01, 1.025449807300122e-02, 5.560128098542201e-03, -6.695558181168103e-02, 3.999364586838040e-03, -4.511174555440031e-02, -8.110804463366281e-02, -3.496393177974543e-02, 4.663256809687774e-04, -2.347596853168422e-02, 8.332805714116443e-03, -5.872865963137316e-02, 2.257431387927090e-02, -7.704902704639508e-03, 1.347583216344425e-01, -1.933423089649208e-02, 3.302200975819736e-02, 1.450189442066957e-03, -2.601834226353094e-02, 4.324102595652032e-02, 5.923021896540430e-02, 2.320323732222014e-02, -1.611921995160944e-02, 1.662520795190938e-02, -2.355787299929068e-02, 5.545334834083376e-02, -5.363280985504673e-03, 1.050939936121257e-02, -3.854276469793454e-02, 1.372227527629127e-02, 2.110020802123963e-02, -9.049931245621917e-02, 6.532082261456588e-04, 1.193827535115572e-03, 6.922996459199054e-03, -3.192744245074407e-02, 2.984840726783091e-03, -6.867472423367188e-03, -2.103960795095182e+01, 1.307405316903318e+02, -9.826268005434926e+01, -1.742280068122539e+02, -1.885120092229611e+02, -6.021340929024095e+01, -2.831901386249310e+02, 2.599921034751449e+02, -1.500306276941738e+01, -1.528039400636400e+01, -7.034058813017197e+00, -9.108645166840809e+01, -5.279971341028341e+01, 8.642371938406187e+01, -4.613705429958378e+00, -1.272514873794248e+01, -2.338769528986953e+00, 3.179237605676329e+00, 1.339814208674789e+01, 1.481071079046009e+00, 1.871155698072175e+01, -1.981086050074254e+01, -4.648092997532682e-01, 2.511792377450055e+00, -1.696104970671492e+00, 5.514375464866112e+00, 9.845891041301352e+00, -1.901101740585851e+00, 4.769789157891412e-02, 1.516205171980220e-01, -1.012639367122958e+00, -3.217041285429990e-01, -2.130733466906419e+00, -4.879676005341524e-01, -2.537516274835037e+00, 4.149751401532124e-01, -1.287293473748215e+00, -9.561126067196392e-01, 1.745619094530014e-02, -8.086303274663893e-01, -1.273992947051686e+00, 2.175044627603738e-01, 4.317191085797288e-01, 2.290762149157801e-01, 5.160699688033141e-01, 4.167442856777320e-02, 6.227396617508000e-01, 3.783125404754657e-02, 3.913344454164566e-01, 1.859203116561345e-02, 2.919326217615010e-01, 8.517333605991238e-02, -6.551016446703012e-02, 1.281788798474430e-01, 2.763363812906388e-01, -5.877465446337066e-02, 7.401843021473850e-03, -7.344413729636097e-02, -2.185427784228532e-01, 8.563318541143941e-02, -2.288794544516120e-01, 6.002227762571798e-03, -7.551437259050746e-02, -8.090523667600704e-03, -8.211554777980358e-02, 7.920011505118178e-03, 2.727668898401727e-02, -4.079681328524749e-02, -8.187114942352708e-02, 2.807571125367075e-02, -2.813528349023041e-01, 7.527355620673713e-02, 1.718086283926357e-01, -7.975612294200791e-02, 1.502111245886999e-01, -3.131281279536220e-02, 8.589865736252981e-03, -1.837582181338210e-02, 3.151996402640572e-02, -1.405131738743130e-02, -5.338102939323405e-03, 2.692027124936798e-02, 3.397319590295581e-02, -1.206668272334505e-02, 2.040067653289356e-01, -1.685214416343127e-02, -2.156849269037284e-02, 9.124766901243132e-02, -1.079709453456530e-01, 2.076371276914570e-02, -2.098285967635111e-02, -2.984975436180392e-02, -4.439379835189881e-02, -1.032421891184628e-02, 3.361952924680666e-03, -3.130863211006745e-02, -1.709514281760566e-02, 7.315088867015695e-03, 7.021312817956016e-02, -7.457780941946760e-03, 1.068389961780242e-01, 7.481273030113324e-02, 1.119604807792525e-01, -3.220880991122647e-03, 2.331719085931416e-02, 5.907518277820463e-03, 2.840811809661012e-02, -4.032452642029252e-03, -1.410837927586159e-02, 2.640152272913968e-02, 1.395254567093298e-02, -6.309753128250024e-04, -3.679213922861711e-02, 3.436916759353593e-02, -5.043363812270397e-02, -1.202049202215685e-01, -6.009816105215066e-02, -5.453721057217428e-03, -3.945376355371205e-02, 7.702130861534061e-03, -2.621648951794767e-02, 2.731550102022855e-02, 1.766907324387457e-02, 1.032718211888231e+01, 9.072616473835686e+01, -2.682448692949296e+02, -2.825643311544521e+02, -2.206849665699020e+02, -1.262335258489711e+02, 2.090894686832307e+01, -2.137659170380601e+02, -2.354948582412624e+02, 2.077531026429124e+01, 1.241643555958159e+02, 1.108578425811224e+02, 4.474720465996265e+01, 1.165575743735366e+02, -7.105645524125220e-01, -9.117885997377581e+00, 3.212210879311559e+00, 1.666665563705351e+01, -2.444842821404053e+00, 9.246682005582478e+00, 4.237395762860850e+00, 1.276480240461079e+01, 7.132993817869951e+00, -5.243941148093578e+00, -1.180113554727562e+01, -5.801637141083764e+00, -2.616281345608071e-01, -6.082049100652264e+00, 4.940266514938055e-01, 1.503342668508370e+00, 7.651571629498269e-01, -1.492726135285815e+00, 1.150128794652276e+00, -6.447845238184571e-01, -6.080894117580588e-01, -3.627220279230651e-01, 3.567210581201115e-01, 9.125158772644459e-01, 9.827380302595002e-01, 3.592573746398018e-01, -1.677902103596151e-01, 3.638752682303698e-01, 2.130108568753667e-01, -2.041724714298649e-01, -5.387459233588791e-02, 2.889353982683072e-01, -6.595203381669114e-02, 5.760859893189148e-02, 1.389919833465241e-01, 5.881238617306046e-02, -6.916338416020873e-02, -3.801778318468648e-02, 7.147773109893783e-02, 8.609823519141249e-02, 4.000963641675485e-02, -4.442649416554229e-02, 3.202940789182027e-02, 1.371007286046537e-02, -9.622968267079528e-02, -1.341293731065346e-01, -1.022125237035875e-01, 3.675697121359253e-02, -2.271129151471964e-02, -1.325755339269624e-02, 5.611727150909722e-02, -6.062517462735347e-03, -5.086102946503354e-02, -3.786964135248626e-02, -4.013264591121730e-02, -6.000869414480890e-04, 7.191431701614708e-02, -4.223825296931646e-03, 7.251034421420290e-02, 4.850751655281177e-02, 4.863272618521185e-02, -1.346977023075662e-02, 2.545657617813200e-02, 2.535990439882792e-02, -2.800220030106269e-02, 3.226854071580736e-02, 3.382681493996426e-02, 2.793268885204468e-02, 3.116060487343955e-02, 6.364620474700634e-03, -1.104690132239656e-01, 1.387661492664856e-02, -8.211315645914923e-02, -5.490045655712163e-03, -6.118375095218884e-02, -2.381679374121647e-02, -4.949773689125727e-02, -4.307716703153833e-02, 9.974845027153225e-03, -3.623995113856587e-02, -7.633886702458841e-03, -2.755469238060442e-02, -3.660203573348967e-02, -1.328935947333093e-02, 7.755250833702107e-02, 2.856352377106747e-03, 1.512734062035149e-02, 3.447168485228876e-02, 6.221398964533854e-02, -2.204275877714886e-02, -8.561455159587308e-03, 1.212529057853235e-02, -2.308105857993391e-02, 2.457658494873536e-02, -7.245645145467142e-03, 2.225033296341829e-02, 2.721412560450333e-02, 1.941400006370384e-02, -1.089202398809230e-01, 5.481268158584291e-03, 6.485265625155466e-02, 7.905945211000093e-03, 2.237997625673560e-02, -2.098398291261671e-03, -1.438655726873814e-02, -4.653392316524324e-02, 1.179589476308703e-02, -5.880560353122027e-02, -1.524682876744554e-02, -1.660212374422603e-02, -1.818177717533285e+01, 7.042245457311810e+01, 2.175422732209296e+02, -6.533818747081308e+01, 5.402035499710371e+01, 1.400149133775850e+02, 7.093323580741751e+00, 5.368489226112465e+01, -2.788271756162320e+02, 3.862397888172314e+01, -4.592596875847622e+01, 4.725907805056523e+01, -6.411693806510623e+01, -8.076738962202732e+01, 8.244029955266788e-02, 5.482858949492216e-02, -1.608424741578376e+01, 6.660423848914613e+00, -2.260173190742932e+00, -7.690954678057202e+00, -1.242292147953638e+01, -9.736068347738430e+00, 1.120477159122134e+01, -2.693068791029947e+00, 2.259398138416495e+00, 1.288718478790195e+00, 4.177189308000796e-01, -3.851665185364493e-01, -4.111857350733131e-01, -3.837634533129408e-01, 1.939779210701614e+00, -7.154469878748859e-01, 5.400768177282812e-01, -1.137692405456165e-01, 1.537477753094835e+00, 6.729971602522112e-01, -7.911752827459582e-01, 8.558581866657720e-02, -7.506345687498629e-02, -4.816018934219987e-01, 8.001121626909115e-03, 3.162230109610015e-01, -5.486403684444518e-02, 8.172010187397136e-03, -5.856255915654064e-01, 5.465820545091785e-02, -2.393770656250998e-01, 8.862462864935491e-02, -3.111961634535929e-01, -1.687672016348958e-01, 1.944798129443920e-03, -1.173392442709712e-01, -1.479263767969628e-01, 1.206302409097072e-02, 1.122462730499891e-01, -3.236743180251305e-02, 1.193376662049794e-01, -5.697266800336612e-03, 1.806844628061992e-01, -4.079335849921276e-02, 1.044569664868293e-01, -2.570859000074444e-02, 5.939369810944187e-02, 3.010021462740186e-02, -2.218033499921419e-02, 1.108982574306341e-02, 5.024946724605798e-02, -1.983661070648327e-02, -5.372012646520552e-02, 1.158610534445844e-02, -1.114565450839363e-01, -1.306430450364227e-02, -1.610248236665774e-01, 8.287508033779360e-02, -8.534688712569309e-03, -2.514992304404397e-02, -3.088924539889295e-02, -1.695007821357204e-02, -3.314223879020052e-03, -1.328200306551167e-02, -3.469143302599309e-02, -1.390202304658953e-03, 4.550407306519540e-02, -1.157387816215525e-03, 8.545176769135143e-02, 2.800881389950534e-02, 1.141903377101920e-02, -5.941418267021252e-02, 3.204814398092851e-02, 2.134680956013472e-02, 1.089157330561710e-02, 1.606225327414080e-02, 1.362417556700758e-02, -2.811008166346856e-03, 1.389718982048522e-02, -2.559588872726315e-03, -4.636234033138971e-02, -4.438498588519456e-04, 3.865493668625701e-03, -2.509752125374493e-02, -1.670905442467351e-02, -4.441414233763486e-02, -7.127440747890831e-02, 1.573238165629394e-02, -5.525587774587037e-03, 2.620442343241893e-03, 1.002879432610589e-04, 1.577955744613863e-02, -1.058120710656159e-03, 9.543391941722646e-03, 4.836983278150941e-02, -6.893080720607964e-04, 7.235986247398692e-02, 1.040006039137713e-02, 1.386907441417037e-02, 5.978068681698733e-02, 4.345920761841843e-02, -2.840973812755731e-02, 3.868876691435617e-02, 4.557767578272112e-02, 2.125893936812947e-02, -3.828807178467466e-05, -8.600494122676449e-03, -1.377798929736238e-02, -2.881535787494711e-02, 7.365771939499913e+00, 2.375622913625707e+01, -1.395337615173547e+01, -1.905746063558148e+02, -1.980410908438269e+02, 1.727162018923501e+02, 1.247610904021181e+02, 1.255030448680363e+02, -9.169920039144181e+01, -1.013502310934395e+02, -6.998962631261846e+01, -1.250227114623905e+02, 2.241556462752138e+01, 8.269768547247178e+01, -2.115822170310076e+00, 6.265680954287499e-01, -7.698025137729331e+00, 1.088566792532498e+01, 4.273393502265415e+00, -8.773836983797512e+00, -5.401771589355087e+00, -3.021862173433199e+00, 3.890750655915173e+00, 4.468553034360990e+00, 1.773579750577629e+00, 3.401313170092788e+00, 2.819137819278951e+00, -1.961798457934693e+00, -1.434209925794989e-01, 1.221231623355027e-01, 7.742348650766468e-01, -8.787728929677925e-01, 1.855943979204761e-01, 2.873821615256352e-01, 4.151991451950782e-01, -9.761428439604042e-02, 3.089424831525600e-02, -1.311434466468634e-01, 1.576443607010390e-01, -1.426123424340150e-01, -6.825347820738261e-01, -7.500912632905539e-02, 8.081229773473766e-03, -3.949336850409508e-02, 2.934605965985529e-02, 2.770477505883715e-01, -9.758082405150302e-03, -3.714978189983557e-02, -1.552349147545682e-01, 2.019002057386791e-02, -8.218669315216980e-02, 8.261530633790682e-04, -6.404453210242514e-02, 3.746157447825197e-02, 1.629353832181445e-01, 3.991639037837150e-02, -4.857479372605039e-03, 2.024328035478417e-02, -8.064774381726926e-02, -1.158612013596011e-01, 2.437942070261530e-03, 2.013277609250660e-02, 5.803821545615439e-02, -5.627765159722191e-03, 3.020606941955922e-02, -7.008772790201697e-03, 1.520342261927849e-02, -2.638655038550890e-02, -4.246202908023568e-02, 9.616131553168317e-04, -4.746874943835197e-03, -5.082521854234363e-03, 4.528203694341335e-02, 1.128026586715264e-01, -8.832312267344678e-03, -1.824588391467798e-02, -2.377404328053875e-02, -1.463630007132131e-03, -7.510539471898106e-03, 2.106381291061781e-03, 2.038415185856045e-03, 1.000899540724019e-02, 1.938754729748235e-02, -6.529938669420264e-03, -1.884580642196695e-02, 6.683278628396951e-03, -5.937827859606239e-03, -4.238405058580964e-02, 1.804214769992909e-02, -1.100850318369554e-02, 9.704750111509636e-03, 4.074029142607395e-03, 8.379559460601068e-03, 3.576591600797109e-03, 9.595474610711771e-04, -6.720789074566884e-03, -1.142214948018601e-02, 2.205246141405035e-03, 1.767307822220309e-02, -5.126465759985940e-03, -2.722572794262098e-02, -1.378200944705953e-02, -1.216898032497537e-03, -2.574672039732373e-02, -2.020497395051627e-02, -2.687481969494261e-02, -8.844981597660093e-03, -5.148120247808099e-03, -8.805255089283555e-04, 8.133953700657826e-03, 8.634410366990737e-03, -2.815600616190622e-03, 7.253494097531822e-03, 5.616973947950536e-04, 2.130100174338122e-02, 9.690343761799385e-03, 7.007751625171570e-04, 1.000420247211948e-02, 4.476720370355672e-02, 2.621675999365806e-02, -8.640415796655051e-03, -5.015773762582127e-03, -4.507906039248305e-03, -1.792071647094452e-02, 2.705376259832577e-03, -3.291102930543308e-04, 3.441428851860889e-01, -1.277011781833432e+01, 4.240395446345079e+01, -2.102250737319504e+01, -3.354591386040318e+01, -1.166341005103649e+01, -2.816174522241674e+01, 3.831363165568816e+01, 2.143577007156467e+01, -6.667477357340911e+01, -3.293512077200400e+01, 2.203808380273296e+01, -2.318312613858495e+01, 4.105705842849962e+01, 1.229473951300783e-01, 7.390816433136296e+00, -1.471155795474442e+00, -7.200787387686382e+00, -8.833545942110055e+00, 8.879024928488148e+00, -1.921187469868788e+01, -4.820456025227974e-01, 5.036670626600707e+00, 4.466042430106589e+00, 2.474344062412527e+00, -3.177155731255154e-01, 2.024686885187381e+00, 3.446759910563974e+00, 9.103421726573711e-02, -9.367980814480484e-01, -9.578276121693634e-01, 5.284017791404842e+00, 1.311926026046803e+00, -4.828530504504405e-01, 5.079547948960415e-01, 7.416903161027695e-01, -6.018956073137920e-01, 1.128323344631289e+00, -4.334851858423004e-01, 7.937191546493308e-02, -7.069331680547293e-01, 1.042808461397963e-01, -4.339068217843800e-02, 7.685110635403504e-04, -6.252744620010305e-01, -8.992481971653167e-01, 5.144116034912379e-01, 2.921700450851647e-02, -1.957960387644436e-02, 3.450424122161860e-03, 2.554252304610316e-01, 8.228959481228640e-03, -4.600150066387731e-02, 1.431107390914806e-01, -6.419514451419758e-02, -5.625831180313927e-03, -7.729445333731841e-02, 4.086703120511652e-02, -3.536404367852943e-01, 4.634951601341161e-01, 2.937848279711517e-01, -1.789778907042408e-01, -2.494864787542629e-01, -4.777532796732093e-02, -1.565827865726075e-02, -2.364227383370712e-02, 9.339596501379676e-03, -1.197823625738663e-01, 8.132078770009353e-02, 4.471992391595496e-02, -6.816064347055760e-02, 1.177712928167086e-02, -1.649279626016005e+00, 5.776099308320973e-01, 1.919082681862870e-01, -9.070869221928880e-02, 2.400843918243183e-01, -1.917729733754786e-02, -6.667100387393968e-02, -5.556914326167504e-02, -6.276887045205221e-02, 2.223068205757709e-02, 2.167945819906496e-02, 1.461889900831358e-02, -1.017150707042625e-02, 9.168095889321952e-03, -7.275588175137193e-01, 1.631153615633537e-01, -3.208757443142548e-01, 1.651923833405834e-01, 1.811313431011920e-01, 1.152759783979983e-01, 6.615898830001549e-02, -2.869569905039858e-02, 4.250978206954391e-02, 1.551045115360066e-02, 7.234092151538726e-02, 1.709189852623698e-02, 1.689993907635354e-03, 1.495593394388037e-02, -5.938785854696367e-01, -1.179990738019330e+00, -4.914117779549033e-01, 3.345072909245592e-01, -1.311654651223869e-02, 9.207157983720005e-02, -8.172620392317849e-02, 1.144484465594081e-01, 7.626228555705529e-02, 1.358307244598610e-02, 4.099339540001666e-02, 5.560487966844311e-03, -4.032521331700486e-02, 3.685909727157293e-03, 9.524408838454446e-01, -3.299140665076437e-01, 2.648405274059568e-01, -5.012371066903361e-01, 2.599152431970595e-01, -1.030230362848963e-01, 5.319180654584473e-01, 2.988845465533619e-02, 1.989200062156865e-02, 1.193517594003990e-02, -5.924124062727316e-02, -4.782619820465794e-03, -1.061691301841635e-02, 3.957020078120753e-01, 5.860792732485809e+00, -3.462135422855972e+01, 1.639260316229436e+01, 2.282175737140532e+01, 2.000212430922500e+01, 2.056157472704285e+01, -1.187191009068785e+01, -6.472225951053562e+00, -2.438357329388975e-01, -2.598562025112955e-01, -1.652761163532597e+01, 8.016852012837052e+00, -3.804594496362329e+00, 2.772034027757536e-01, 3.964284842186798e+00, 5.624102310157531e+00, -6.333331518474155e+00, 2.267791040028207e-01, 1.406516059520818e+00, 1.716373181910048e+00, 2.742625465555974e+00, 6.959912891079744e-01, -6.199008233122991e-01, -1.300337022887468e+00, -1.703836186268695e+00, 1.262934337593702e-01, -3.743916219532855e-01, 8.231545202932462e-02, 1.867172223308369e-02, 5.834284099727710e-01, 4.287651843944926e-01, -5.297130521444666e-01, 2.855837879691547e-01, 2.588986339656256e-01, 1.336237387920451e-01, -3.714096268216705e-02, -1.123442679385391e-01, -8.512642309308252e-02, -6.168917099359544e-02, -9.820713542568550e-02, -3.429537381427063e-02, -3.613606465040570e-03, -1.319718800695776e-02, -3.322326431775413e-01, 2.829553792600761e-01, 1.171922967368859e-01, 2.007848959217614e-02, -3.491905406462171e-02, -1.985621630385182e-02, 1.689453513947227e-02, 2.621750105087855e-02, -1.491743784909948e-02, -1.649874042799691e-02, 6.892519555379219e-02, 2.045415172651755e-02, -7.829757813886912e-03, -4.637516605201500e-03, 7.734800482729448e-02, -1.815130174900250e-01, -8.024234468646330e-02, -1.343146114216121e-02, 1.614619504630594e-02, 1.417102507327973e-02, -1.184287073946305e-02, 5.625867287513675e-03, -6.939276299681660e-03, 6.190809858287866e-03, -2.314933737327006e-02, 3.651534908688842e-03, 6.109291450968732e-03, 2.396608708417245e-03, -7.615548546728397e-02, 4.666042108653220e-02, 7.700030232589390e-02, -1.958542370577281e-02, 1.866949786962912e-02, 4.795459339078659e-03, 6.910258615224027e-03, -7.736478800422634e-03, 5.021938397766580e-03, -1.109548605753408e-02, -1.867099970647897e-03, -1.034051659894536e-02, 1.253760524326055e-02, -4.233265295561458e-03, 1.355448602051902e-01, -1.061260810320575e-01, 1.968293250920507e-02, -3.823434479398743e-02, -1.761467556409192e-02, 1.506956154217878e-02, -4.842589587470356e-03, 3.666601916859707e-04, -5.745975021883248e-03, 5.547777140088232e-03, 1.905896990169328e-03, 1.608412550521611e-03, 1.204284110211955e-02, -3.514400803063276e-03, -2.615352852729452e-02, 6.346403161851730e-02, 7.475820914673215e-02, -3.950607914511928e-02, -3.383373551552471e-03, -3.090557343602723e-02, 4.411590679846852e-03, -5.543875179196762e-03, -9.355957134088971e-03, -1.301011376237392e-02, -1.091124010959744e-02, -1.378970839091189e-03, 3.537595708582231e-03, -9.364463678720598e-04, 7.526799622409794e-02, -1.762114233394471e-01, 1.177713326739949e-01, -3.901995707697112e-02, 3.355066350887083e-02, 6.632481231581290e-02, -1.916497056383032e-02, -1.096073949189949e-02, -2.298005474592542e-02, 1.980078233874357e-02, 6.197397265419373e-03, -3.052840803893687e-03, -3.578453070749520e-03, 3.060520560498063e-04, -3.832037820025298e+02, -1.587409531218756e+03, -3.839528195961885e+03, -2.387859213927286e+03, -2.232701714041703e+03, -2.805019429999136e+03, -2.508546614271301e+03, -3.280918593126758e+03, -1.369033346968741e+03, -3.513337290626879e+02, 1.291048044292498e+03, 1.694148030945079e+03, -4.631855435624475e+02, 4.579879016390517e+01, -9.906102539569632e-01, 1.825186913299405e+02, 3.511514179476397e+02, 3.211286998227445e+02, 2.965764446928143e+02, 6.685429371726238e+01, 6.919734235945216e+01, 1.668543138243940e+02, 9.580366814120262e+01, 6.398171448641754e+01, 1.183997108914384e+01, -5.036045479233796e+01, -3.356650832301082e+01, -2.189856301430523e+01, 5.627641468684644e+00, -1.123235863332277e+01, -2.215995164122328e+01, -2.319713893657105e+01, -2.054920759424873e+01, -9.444887411236502e+00, -4.130716320200002e+00, -1.303907705722291e+01, -7.451166450104553e+00, -6.309793770400519e+00, -5.364394747722640e+00, 1.900484838576076e+00, 6.747059499322225e+00, 3.171924542123918e+00, -4.165689218347321e+00, 1.519012543735670e+00, 3.273072024930489e+00, 3.828290376613809e+00, 3.436326256145820e+00, 4.946099825852756e-01, -7.754637595442583e-01, 6.926786338664859e-01, 3.528573582881969e-01, 5.869687203352910e-01, 1.024641282964162e+00, -2.257285291563151e-01, -1.380139301002608e+00, -5.645081917083964e-01, 5.226177750205914e+00, -2.659738541368744e-01, -8.087610171244566e-01, -1.074542744805036e+00, -8.559496906250100e-01, 9.772270127366556e-02, 4.744937089551745e-01, 8.502416197606016e-02, 2.743922722349792e-02, -3.578353730849169e-02, -2.737370993864160e-01, 7.510075005996603e-02, 3.828406839269086e-01, 1.316643990676540e-01, -2.603981557650794e+00, 1.060673231688467e-02, 2.177206874363087e-01, 3.584107806605321e-01, 1.888396824575429e-01, -2.941907685494642e-05, -1.807455287355952e-01, -5.309692690971670e-02, 1.292768104597979e-02, 1.675679093757899e-02, 1.407893027545872e-01, 4.887682357852656e-03, -1.556359265511809e-01, -6.319661715076708e-02, 1.608542324171511e+00, 1.516387811750111e-01, -6.927938052088424e-02, -1.534009595661484e-01, -6.068791639774715e-02, -1.868179454278692e-02, 1.130844193033960e-01, 1.641792035094653e-02, -4.499699929565382e-02, 6.333328176243720e-03, -8.072000672230663e-02, -7.011174818676823e-02, 1.019313041031669e-01, 3.684422975793659e-02, -5.233654562831320e-01, -7.018373739622785e-02, 2.795138730968382e-01, 1.257566208831246e-01, 8.326283561890520e-02, -3.915756443468204e-02, -1.731143703915271e-01, -3.486306708841035e-02, 2.873947203776837e-03, -5.479160710419775e-03, 2.566787200672862e-02, 7.563010177669000e-02, -5.173858548499884e-02, -1.793986714794637e-02, 1.324386732145592e+00, 7.090921356034544e-02, -5.693485667520203e-02, -2.039193350724581e-01, -1.185286128129651e-01, 3.497639546096370e-02, 2.117750413567783e-01, -7.579222461218339e-02, 3.595381965618964e-02, 1.633606960800469e-02, -9.590731140396720e-03, -1.116238797878130e-01, 4.223803957563687e-02, 2.524829246343361e-02, 1.344811460396088e-01, -4.468910083700504e-02, 3.063918550882637e-02, 2.427822355095117e+02, 2.623229261737684e+03, 2.661167636037917e+03, 3.358147383406522e+03, -3.624577939776615e+02, 1.168854120993794e+03, 8.610436465117825e+02, 5.635638092805435e+02, 4.150095570968875e+02, -6.335353168097914e+02, 8.775977727921305e+02, 4.830148561153028e+02, -3.525783939055155e+02, 1.633543006618758e+02, -1.708076794449430e+01, -6.629582369886867e+01, -8.694381389652651e+00, -1.014893700491517e+02, 9.361644437299340e+01, -5.596655006154498e+01, 5.536508931004846e+01, 7.233545777667884e+01, 4.803943246120098e+01, 9.225582452469413e+01, -8.033541698131397e+01, -4.785305727466682e+01, 3.902744118322045e+01, -1.943089204569814e+01, -1.759046124452543e+01, 4.609615534699216e+00, -1.316691001585907e-01, 1.094027445630548e+01, -5.462976187277619e+00, 1.596630616905192e+00, -1.011884877746001e+01, -8.760946480297306e+00, -2.680499096442391e+00, -6.563844579207731e+00, 1.179765780236089e+01, 7.326368723949171e+00, -5.177163357683855e+00, 2.178285256221185e+00, 4.705346531960647e+00, -8.906693024516066e-01, -2.869802881238253e-01, -2.328918118021725e+00, 2.566315795073587e-01, 1.035308053040332e-01, 1.298388969796794e+00, 8.390864726350955e-01, -6.151067306410214e-01, 3.277381804504520e-01, -2.603002933530067e+00, -1.645042347799909e+00, 9.275584148795870e-01, -3.741643583597654e-01, 4.640820184705543e+00, -1.610696616519524e-01, -1.038853823594535e-01, 3.438218387193686e-01, -4.266589939897876e-01, 2.847313706843810e-01, 2.148701486482092e-01, 1.191061130253532e-01, 5.014053664672962e-01, 1.005689949193848e-01, 8.210779911483624e-01, 4.608770108966207e-01, -1.967561049666123e-01, 1.360443637926754e-01, -5.124363332075176e+00, 7.589290487883035e-02, -6.520941587794900e-02, -2.746985138518050e-01, 4.068980391606990e-02, -7.073197863577271e-02, -1.937794833427432e-01, 6.465067196686936e-03, -1.378073899922115e-01, 2.654063775648137e-02, -2.803275734380356e-01, -1.089343413050683e-01, 3.909126492239865e-02, -9.037076064144940e-02, 1.732457353662390e+00, -7.281528988839253e-02, -6.288983317073184e-02, 4.963586381694434e-01, 1.560074326378438e-01, -5.652132264867196e-02, 9.254607325219197e-02, -1.606281473032013e-01, 3.094088298946029e-04, -7.486361376246391e-02, 9.263176125273695e-02, 1.490722866142588e-02, -6.762235917369052e-03, 5.193789345717009e-02, -6.604848271398348e-01, 9.025529842276703e-02, -3.028275014750667e-02, -2.914297360976296e-01, -2.985093931214353e-01, 1.694625961206321e-01, -5.718265728256384e-02, 1.372173480542580e-01, 4.065265024150991e-02, 5.728426993831653e-02, -4.440634572583153e-02, 1.250800428054454e-02, 8.254934844370506e-03, -4.441965005469561e-02, -3.842593811999147e-01, -2.163830661316411e-01, 9.315233338752445e-02, 2.772958016130819e-01, 1.230372528211553e-01, -6.130506953907285e-02, 5.510220871197023e-02, -1.321275842332986e-01, -4.873522069365294e-02, -9.013777013544095e-03, 1.911395726599222e-02, -6.949093429987460e-02, 6.022284901568525e-03, 2.572037825469613e-02, -8.792639622209815e-02, 1.460417837457237e-01, -5.551803732301824e-02, 1.217558782033246e-03, -2.842342840271538e+02, 6.221954629319291e+00, 5.248963997108574e+01, -7.757144328019844e+01, -3.845124216749338e+02, 2.645990237959486e+02, -6.290346242760469e+01, 4.445833834858752e+00, 5.467338215079174e+02, 2.261225856761102e+02, -4.253825884041419e+02, -2.296172434604562e+02, 9.368049035754588e+02, -4.071093671134126e+02, -7.301590609050666e+01, -5.767051345942335e+00, -4.422823736485641e+01, 2.401675678162049e+01, 3.528575886358794e+01, -7.474943264148814e+01, -6.143013587722499e+01, -5.519076750272266e+01, -6.866089052454303e+01, -2.419880202656708e+01, 4.400004052670189e+01, 2.173512323804422e+01, -8.045506872048881e+01, 3.134190123577843e+01, -2.770360709563692e+00, 7.050566200753439e-01, 9.645928923837703e+00, -7.714547816286351e-01, 3.123093244205662e+00, 3.841137768071188e-01, -6.101656607378567e-01, -1.900734171717333e+00, -1.533770675948347e+00, -4.455677288451811e+00, -9.122068772056904e+00, -3.799577301152343e+00, 9.257108730194210e+00, -3.651067336215576e+00, 5.085911978374572e+00, 7.746951429847704e-01, -9.404259399940894e-01, 1.914204931469454e+00, 6.854295776591098e-01, -6.505534469644342e-01, -8.666211501271794e-01, -6.109406456592985e-01, -2.356583005305901e-01, 2.657500022140318e-01, 9.736405858562706e-01, -4.619900095975676e-03, -1.289892447271721e+00, 8.096777510937255e-01, -1.482193540634069e-01, -6.240001801528220e-01, 2.888866475980748e-01, -1.248085177421826e+00, -5.393612012277781e-01, 2.229018302920253e-01, 5.155680496208007e-01, 4.331976605245727e-01, 1.578742269494330e-01, -4.400416830407037e-03, -1.346101521780998e-01, 1.807987552803821e-01, 3.054928740674623e-01, -2.615887619606390e-01, -2.324852923766772e+00, 2.177588382637975e-01, -3.496271416565870e-01, 3.225800696201883e-01, 9.404891387146294e-02, 1.362757703358979e-01, -1.471978712144449e-01, -1.404916500591857e-01, 1.616967425412852e-02, 8.206439451633642e-02, 5.370580160837543e-02, -8.523012719230265e-02, -1.426038167397043e-01, 9.696647104002426e-02, -4.236482049533479e-01, -1.409596465462500e-01, 9.392292914918882e-02, -1.972401195376345e-01, 1.684978081608624e-02, -1.538305406142269e-01, 1.351400589086877e-01, 3.788944582466212e-02, -2.165151943746602e-02, -1.239942749536330e-01, -4.431421687374346e-02, 1.782004753727802e-02, 8.204386613783435e-02, -7.208369758480061e-02, 4.079177755087488e-01, -8.376282957895376e-02, -1.268379404322679e-01, 9.276693558508207e-02, -8.927370903047524e-03, 1.793972548896500e-01, -4.306379735811468e-02, -8.980528051000669e-02, 6.952892561646496e-03, 1.153713505633861e-01, -3.128779875060508e-02, -1.011354989865529e-02, -7.286408821414841e-02, 5.959354446712178e-02, -2.033613457093667e+00, -8.672786108635666e-03, 1.965766337651400e-01, 5.760116964943072e-02, 9.924537648346364e-02, -1.143699465050871e-01, 1.646930276689339e-01, 1.034865191348468e-01, -7.663391146474093e-05, -1.550544926318676e-01, 9.368521435474157e-02, 2.176683129580368e-02, 7.461011987850590e-02, -4.007441916331456e-02, 5.410320364719440e-01, -9.721634803133500e-02, 1.690842400110377e-01, -1.200592303759849e-01, -1.118079298541684e-01, -2.033683246348482e+02, -9.720274413519987e+02, -2.298750763644623e+03, -2.066768730844736e+03, 4.715982834023237e+01, -6.788383761426509e+02, -5.732656067198657e+02, -6.165285584146059e+02, 2.087939624012124e+02, 6.775475880039920e+02, 3.199607097702720e+02, -4.768748422516027e+02, 9.101823745535726e+02, 4.964177440263320e+02, -7.885256153733973e+00, 8.383015565803279e+01, 1.595631260077808e+02, 1.611326573866261e+02, -1.160758805714512e+01, 3.501288918951801e+01, 3.129245018346883e+01, 3.616413165720627e+01, -1.993635773578693e+01, -4.932797964766947e+01, -3.144117083120848e+01, 2.603577767548120e+01, -5.679199150277784e+01, -2.902351485909219e+01, -4.803187860111124e+00, -5.565632958664498e+00, -8.163848609064120e+00, -1.043123546936556e+01, 7.375095903109838e+00, -7.701110419065556e+00, -6.253729836139643e+00, -6.028016020438776e+00, -5.751462195582426e-01, 3.001186124493689e+00, 1.491827144059534e+00, -2.342287695116924e+00, 4.252309045483036e+00, 2.030176775985577e+00, -1.653953801742318e+00, 7.937733767421665e-01, 1.046791922648010e+00, 1.833617010468325e+00, -8.925049297731913e-01, 6.674126124562716e-01, 1.611226596199163e-01, 7.653576090148584e-02, -6.978548750838360e-01, -1.078526357716743e+00, -5.034350011186648e-01, 7.823590414195157e-03, -2.272881389747927e-01, -1.073645350634771e-01, 3.208556009737102e+00, -3.058808770909951e-02, -1.356463241338950e-01, -3.757516026498143e-01, 3.410203962481641e-01, -1.436802276248378e-01, 8.378428734413303e-02, 1.249131212594780e-01, 3.024019869466409e-01, 3.376281158854940e-01, 1.048199569665439e-01, -7.047306071745295e-03, -5.414081815454125e-03, -1.243222177886925e-02, -2.187789509472283e+00, 1.064971986851927e-01, -3.765177313680175e-02, 1.181054096241973e-01, -2.912925743981541e-01, 1.639798916583098e-01, 4.642860399983249e-02, 6.391563094034379e-02, -2.626445827749783e-02, -3.721255582190795e-02, 8.830442161173284e-02, 6.724876553084030e-02, -9.570190883337444e-03, 1.744109658072069e-02, 5.424041472910527e-01, 3.825435403458372e-03, 2.601196000636961e-02, -1.287168409470598e-01, 1.414970907254350e-01, -7.436894939158160e-02, 2.421681033163620e-03, -4.035660514877797e-02, 3.936496333562883e-02, 4.054315278182397e-02, -6.161018009856582e-02, -3.084302742014442e-02, -1.296575328582950e-02, -3.365843987768914e-02, -2.093117067907559e-01, -2.350832206005364e-02, -8.225349141170070e-03, 1.874956602995217e-01, -1.453070404676450e-02, 2.738746211890437e-02, -4.878336166997227e-02, 3.322503494167816e-02, -7.987903769055629e-02, -6.846374703059901e-02, 5.010171979182794e-02, -3.746793383675880e-04, 3.933087264746314e-03, 5.073106709239911e-02, -1.899186678520121e-01, 7.554836829984479e-02, -2.359837106952805e-01, -9.811505198379637e-03, -8.587168161920092e-02, 2.663635150004011e-02, 8.361343865006761e-02, -3.319618794000904e-02, 1.008218901379276e-01, 1.211488525723617e-01, -5.534873895433358e-02, 2.286930914908381e-02, -5.165670411476866e-04, -5.318771376176340e-02, -2.626962982170624e-01, 1.491971651124174e-02, 1.477109003108046e-01, 1.200091766673445e-01, 2.136747297967768e-01, 7.104607073440899e-03, 4.094101037656100e+01, 1.813249936552596e+02, 4.904755189850374e+02, 1.015305322495652e+02, 1.360565325861195e+02, -6.712013901640146e+02, 1.752605582235583e+02, -2.458932339428683e+02, 5.667696074504025e+02, 3.300390671319938e+02, 1.999257368787969e+02, -2.656692825015470e+02, 9.982363323230940e+01, -2.444694030099559e+02, -5.174488489465853e+01, -6.816799904495524e+00, -7.042269596598861e+00, -1.461136013387972e+01, -2.873002183628582e+00, 5.065903924416546e+01, -2.048956405017802e+01, 4.329381746424771e+01, -3.203710940953992e+01, -2.740667878691110e+01, -1.924049958959805e+01, 9.191186072361843e+00, -3.410921164855463e+00, 2.171929176995401e+01, -1.163141389223134e+01, 4.478210160495930e+00, 3.042476514047873e+00, 7.679563366169372e+00, 4.359357643102397e+00, -8.465472140259944e+00, -9.332134109418437e-02, -9.503176381462879e+00, -8.397110759912559e-03, 6.811194203018364e-01, 6.043753259075436e-01, -9.884351861892551e-01, 2.815123069696741e-01, -3.019945270119400e+00, 2.838047144770607e+00, -2.326826544784743e-01, 8.438258336897615e-01, -5.748691038538543e-01, 5.872621179940154e-01, -1.720719708708911e-01, -1.437998869147860e+00, 7.462498333829125e-01, -7.716673836158374e-01, -6.804820911882151e-01, -4.557834472518129e-01, -1.773064863948819e-02, 1.220524540186538e-01, 7.110298579317672e-01, 1.276273088619389e-02, 1.617749022958082e-01, -3.141996923744819e-01, 4.434220147737782e-01, -4.963555191004628e-02, 6.533600835147103e-02, 4.200329106561744e-01, -2.510451748025594e-01, 2.252813667395495e-01, 1.457929323097286e-01, 7.734241823778897e-02, -8.282702887228117e-02, -1.711696285787286e-02, -2.285357813466625e-01, 1.323821369739378e-02, -1.599160252468486e-01, 8.790278112791214e-02, -4.372798667508762e-01, -1.830582982228527e-01, 9.599258414665952e-02, -6.806134120099737e-02, 2.332397870060345e-01, -4.211881575217048e-02, 1.934879079048062e-02, 1.471740219099944e-02, 1.007020157984672e-01, -8.765441778041635e-03, 1.298758034932374e-01, -8.903078409790418e-01, 7.425699076869655e-02, 4.950260141146883e-02, 1.668154742791806e-01, 1.236183778116579e-01, -7.561133298404095e-02, 6.218306851373823e-02, -1.278130738779224e-01, 5.710911880076328e-02, -1.791012672636360e-02, 1.002470717323522e-02, -6.342286823077742e-02, -2.134868519997650e-02, -1.158204233355886e-01, 5.717574021009246e-01, -9.744804280726140e-02, -2.448432349181676e-01, -3.510646228770933e-02, -6.632613178761905e-02, -1.063262520998958e-02, -1.027403507911019e-01, 1.719652073214408e-01, -6.951116031801903e-02, 4.764755647288364e-02, -6.289676211132121e-03, 8.356725199262317e-02, 4.230218481955509e-02, 1.019134828268821e-01, -1.073796597166093e+00, 7.657396289558897e-02, 1.527844837077130e-01, -1.871290855738000e-01, 1.758246943641963e-01, 4.631882584564154e-02, 1.377266680639443e-01, -1.713738354897878e-01, 1.243777456902679e-01, -8.805895914745115e-02, 7.224699366285232e-02, -7.186536280993276e-02, -9.588420280441645e-02, -1.301681664666843e-01, 2.651998794317735e-01, -1.483419431384388e-01, -1.426801844672714e-01, 4.832199950909286e-02, -2.686992765243882e-01, -1.395115899092333e-01, -8.460776155800442e-02, -6.494497077856232e+01, -8.410094978812151e+02, 1.491822907462651e+01, -2.648799766116687e+02, -2.805294922320564e+02, -3.955851462357156e+02, -6.362000346361672e+02, -1.266520583506540e+02, 2.488116131649153e+02, -4.566432257458610e+01, 5.569538218540059e+02, 1.123811973355978e+02, 1.678429305867193e+02, 3.165612068165744e+02, -2.791552530493283e+01, 7.591417289415279e+00, -7.337339893118160e+01, -4.251822139075286e+01, -1.063554204958104e+01, 4.259317319090511e+01, 2.355946040922723e+01, -3.885550763425120e+01, -5.495135576135764e+01, -3.520400517476129e+01, -5.673175008366064e+01, -6.941106386790413e+00, -1.064115911100948e+01, -2.719658149907145e+01, -1.755005609714926e+00, 4.507164633941246e+00, 1.449323663878713e+01, 1.028636203498438e+01, 6.098211408365304e+00, -8.760556903397358e+00, -3.220550649630424e+00, 4.163350416117543e+00, 4.890740267167664e+00, 4.213652223990811e+00, 4.822107148644409e+00, -1.598953497206020e-01, 1.030403092379810e+00, 2.508642549931747e+00, 5.443436918785862e-01, -4.297919537095892e-01, -1.557179278286625e+00, -2.906912456496744e-01, 1.263835026591578e-01, 4.696055849815857e-01, -5.984020284838433e-01, -1.345678250442238e+00, -1.082364401799242e+00, -9.279455183271015e-01, -5.845193627475308e-01, 2.007798895978566e-01, -1.665402739451395e-01, -3.358701444000023e-01, -9.143149270929473e-01, 2.157937785925950e-01, 4.295060302344291e-01, 1.660232393143861e-03, 7.958118272172453e-02, -2.317232845017161e-01, 7.036360563851488e-02, 1.862807392843032e-01, 1.365869600402183e-01, 1.638229327376997e-01, 1.764399652977263e-02, -1.774011910889814e-01, 5.223857442828701e-02, 6.379246501266443e-02, 7.283835114706191e-01, -8.915498502265193e-02, -1.932416882653553e-01, 3.040667305794333e-02, -6.555273488013706e-02, 1.379827475053449e-01, -2.244726919704332e-02, -4.758969416657177e-02, -5.616200130607593e-02, -8.277783088744126e-02, 1.410197441871815e-02, 9.452012137833438e-02, 1.330685654478842e-02, 1.350645352458187e-03, -6.534223747821531e-02, 6.964180935899329e-02, 6.377314024154532e-02, -9.880581214446250e-02, 1.023276860821210e-02, -2.329077426391901e-02, 5.279935789976842e-02, 5.896053372461437e-03, 5.997922170963157e-02, 7.013354905898055e-02, -1.916609677644597e-02, -5.710225719316873e-02, -2.815948867837389e-02, -2.369386074116231e-02, -3.014977921198198e-01, -9.045437708485278e-02, 4.448988761252685e-02, 1.577111045117192e-01, -1.694406079785639e-02, -5.664098687720436e-02, -9.634383187105230e-02, 8.276054106334748e-03, -9.877665230480405e-02, -8.022423515562040e-02, 1.653238724721372e-02, 1.098413021848715e-02, 7.077035916046409e-02, 4.888700368576804e-02, -9.370457351581928e-02, 1.830372557207304e-01, -1.124373356076590e-01, -7.874674845528147e-02, 1.392193310482136e-02, 8.710445948612251e-02, 2.965292466440382e-02, -1.314575525033422e-01, 7.909398939828180e-02, 9.853564570643795e-02, -1.900737000830583e-02, -3.470341018734037e-04, -7.408479535265348e-02, -4.295921883881079e-02, 6.360841838748359e-03, -1.548070442690699e-01, 1.873650466672768e-01, 1.721948494879557e-01, -1.513218773733229e-01, -9.894208862320711e-02, 1.122661273288025e-01, 1.241270035484142e-01, 5.438368415409857e+01, -1.748961346209663e+02, -2.971106013314946e+02, -1.564770406541881e+02, 5.751987997979044e+02, -7.736711054075610e+01, 3.232747914296703e+02, 5.750838026485085e+02, -1.388548789775929e+02, 1.934132681846992e+02, -2.577057614652998e+02, -9.659987628873354e+01, 1.691967251239804e+02, 1.126878199356659e+02, -2.006790216108338e+01, 3.475572494583307e+01, 7.200175342433269e+01, 3.647278016071743e+01, -7.645688312109346e+00, 1.191173916145131e+01, -2.008476367932006e+01, -1.016665396666872e+01, 2.740906282066320e+01, 8.904461355508401e+00, 1.746905698970397e+01, 9.018788955082719e+00, -1.421445261546428e+01, -6.195265529307337e+00, -6.021035146786426e+00, -8.960206677844039e-01, -4.501832353039556e+00, 8.183791857604674e-01, 3.705285319546073e+00, -5.309894578135448e+00, 3.899942691804127e-02, -1.010853207221023e+00, -2.276047361256327e+00, -5.436341053126931e-01, -3.691465611582744e-01, 3.595096361798736e-01, 8.657624827411031e-01, -1.069332357006560e-01, 2.211541184133268e+00, -5.147726986038113e-02, 9.496944579211112e-01, -2.440193432876547e-01, -2.969524313993254e-01, 6.571675791005523e-01, -3.526563607812725e-01, -1.224335246415702e-01, -1.273254627688949e-01, -1.635923480405084e-01, -2.108488076393659e-01, -2.707714254397171e-01, -5.085300408628505e-02, 8.693510469981446e-02, 2.001710758471479e-01, 1.385506122666855e-02, -2.395255280960090e-01, 2.591234304085291e-01, -4.642905433319992e-02, -1.557739973646655e-01, 1.211680184837482e-01, 5.228059115339342e-02, 1.332474051658751e-01, 3.781775098938086e-02, 7.562399512685052e-02, 7.142817385469956e-02, 5.298333122267654e-02, -4.814898454103776e-03, -6.506704980198393e-01, -5.599639471112356e-03, 1.036098468549795e-01, -3.492980940617488e-02, 5.516360156212729e-02, 1.031998613741796e-01, -3.464229058429729e-02, 1.115932497275861e-04, -6.871743492222504e-02, 3.990556073277304e-02, 8.953245743519836e-03, 7.742775267873199e-03, -6.179960337010797e-02, -1.774438727818311e-02, 4.530546075668520e-01, -6.875665986480820e-02, -7.413317925862953e-02, -4.302487315783224e-02, -2.630525740274570e-02, -1.092531903937837e-01, 6.757223723579582e-03, 3.362614325536877e-03, 5.745860790930828e-02, -6.500249159509301e-02, -1.480744536920312e-02, -4.304345034205296e-02, 4.629380796391570e-02, 1.477197036131781e-02, -3.342023241466196e-01, -7.174155280817170e-04, -4.491217021946072e-02, 7.551388114701427e-02, -4.468789906977511e-02, 1.241578565758151e-01, -2.750036306274478e-02, 3.140990157767855e-02, -1.017618598141888e-01, 8.018563934746158e-02, 1.128136936147673e-02, 5.208193589740667e-02, -2.716716176090858e-02, -1.317040899012485e-02, 1.033277002463237e+00, -9.874920317975254e-02, -7.823688071872933e-02, -1.873587953362801e-01, -1.241938234871540e-02, 9.644669575950891e-03, 1.817438260423485e-01, 5.273194173203508e-02, 2.003326903342207e-01, -4.320745514842092e-02, 6.134370258462909e-02, -4.117255761373607e-02, -1.200642754662716e-02, 7.647643471410107e-03, -5.669099148316349e-01, 3.730923690816032e-02, 6.651198540919744e-02, -3.651596170236615e-02, 4.560794898083548e-02, -5.646488543814141e-02, -3.241826375152903e-01, -1.267953880954010e-01, -1.060518372949181e-01, -2.917346351508126e+00, 1.542042893165611e+01, -8.297253479389643e+02, 1.920279425873100e+02, 9.261193994081154e+01, 5.725977533814521e+02, -7.566699330375799e+02, -2.083163641656992e+02, -2.775378011926725e+02, -1.230662948971786e+02, 2.183655959656174e+02, 5.002732540971940e+01, -2.906999896164049e+02, 2.425985171586635e+01, 4.538827047354246e+00, -2.139434783139352e+01, 2.614866102376457e+01, -5.602983413491948e+01, -4.015132732530112e+01, -1.849601433408231e+01, 5.073749035271660e+01, -2.178311276478418e+00, 1.032527961156609e+01, -4.166732431650086e+00, -2.701963288974265e+01, -1.519568095725587e+01, 3.195414670534987e+01, -1.025242507797607e+00, -3.900344294862021e-01, 1.291548622166746e+00, -2.376690209238122e+00, 5.067896292042036e+00, 3.145740611227394e+00, 1.357439567283694e+00, -2.277232177890938e+00, 1.153083860171656e+00, -1.267584168038784e+00, 1.302157105037819e-01, 1.975339025279965e+00, 9.200787327080940e-01, -2.901581768488395e+00, 4.638034987596564e-01, -1.257080760215354e+00, 1.837077650851386e-01, 4.186418046061572e-01, -4.713653806698365e-01, -2.361251129226171e-01, -2.510204313676438e-01, -2.313792406367946e-01, -2.134013582346696e-01, 2.427687232245543e-01, -1.982941687566980e-02, -1.521641675110678e-01, -4.889906524939897e-02, 3.474460196855881e-01, -1.687133518651313e-01, 7.031078539850811e-01, -1.133923788357157e-02, 1.400441710835614e-02, 1.673354836916859e-01, 1.434589734438625e-01, -5.757866234344007e-03, 1.711988757864759e-01, 4.544051928765980e-02, -4.893252021955273e-02, 3.365765139400632e-02, 3.825184808368310e-02, 3.576258448778034e-02, -8.040190815774856e-02, 5.875749018087489e-02, 1.572339368492013e-01, 5.061093833149733e-03, -7.679862771999280e-02, -6.062481131321597e-02, -4.826712271932086e-02, 1.136438371369264e-02, -8.221777952786781e-02, 5.647213391192840e-02, 7.067076995859986e-02, 1.372928595748421e-02, 2.486442850938730e-02, -1.929082248562144e-02, 1.470146260881301e-02, -3.894147947480828e-02, -2.521557379242550e-01, 4.375036283726217e-02, 2.875563713994167e-02, 5.897200411759064e-02, 6.187997528376211e-03, 1.070298243954485e-02, 1.094459194567537e-01, 1.800581452934083e-02, -7.819525831170506e-03, 6.692701051422058e-03, 6.827039141127190e-03, 5.896587181180658e-02, -8.866786067946428e-03, 2.145042991964813e-02, -1.915002111507486e-01, 1.194689156669039e-02, -2.050681314463302e-02, 5.332342088532646e-02, 7.363760641987273e-02, -5.035333240791969e-02, -1.266196994321566e-01, -2.877376681177482e-02, -7.850341678408089e-03, -5.622983591022628e-03, -1.392541101174574e-03, -7.844927866834313e-02, 8.632607010413225e-03, -2.604396021147186e-03, -1.331071589291028e-01, 6.588227163717242e-02, -1.685689669571816e-01, 4.776992230208876e-02, -2.787215392163294e-02, -4.582014108340167e-02, 1.520674150018759e-02, 3.191917886493920e-02, -7.936456128403142e-03, -1.911015056225041e-02, -3.815969919661197e-03, 7.996944374739662e-02, 5.827841634201597e-03, -8.674009975200066e-03, 2.410280619865480e-01, -8.529874987934755e-02, 7.978563956966826e-02, 9.472931719606030e-02, 8.016132414703241e-03, -7.603430469128782e-02, 1.343625313642103e-01, -3.912290223606843e-02, 9.382239835093341e-02, 4.314473916325379e-02, -5.859886728498979e+01, -4.959046675163197e+02, 8.156866650573724e+01, -5.854348811279383e+02, 7.893762888173704e+01, -4.837761976373116e+02, -2.109131679823660e+02, -5.155515995178487e+02, 9.933328425677065e+01, 1.331485816873169e+02, 1.828741245382857e+02, 1.924406396304792e+02, 9.468260512101830e+01, -1.938206609844966e+01, -4.553052163690184e+00, 4.705129231196576e+01, 2.499696036066217e+01, 7.580140199651299e+01, 1.574773389203494e+01, 3.180319924785382e+01, 4.201156083034968e+00, 4.192038385293309e+01, 5.450206175597275e+00, -1.740598085562723e+00, -8.832365333711037e+00, -1.252452609760874e+01, -1.073717044908161e+01, -1.868703030435765e+00, 2.245938144402044e-01, -1.435982024537430e+00, 8.803899495323584e-01, -5.805901564960079e+00, 1.038507545959980e+00, -4.352790214364984e+00, 2.229952446839286e-01, -3.534770869388726e+00, -4.599596964030361e-01, -3.015568150873849e-01, 6.324206875351458e-01, 1.053638993867295e+00, 1.461288726968642e+00, 3.081148466602877e-01, -4.776015321230045e-01, -4.106834728632024e-03, -1.658569482575680e-01, 1.266686182703429e+00, -1.141825439313483e-01, 3.769719564902535e-01, -4.620590002620857e-01, 2.153098926004135e-01, -1.592635712479545e-01, 1.364399964865433e-01, -8.305038432940592e-02, -1.202620763942337e-01, -3.013812636110628e-01, -5.522848794065686e-02, 2.070202724153475e-01, 5.409747773858680e-02, 1.890176338990550e-01, -4.060705005304665e-01, 1.078620991833099e-01, -1.085604460114856e-01, 1.232577768154551e-01, -4.005358105904742e-02, 6.711012203262627e-02, -8.181957505008497e-02, 2.039273638474381e-02, 2.285801663537827e-02, 8.981469443894777e-02, 7.565721569650804e-03, 4.243402965607809e-01, -1.245839509354550e-01, -2.568300333208828e-01, 1.736480812182752e-01, -1.227552913506127e-01, 1.081028332106090e-01, -1.066467952863551e-02, 5.589988307838557e-02, -3.034914684338122e-02, 5.742079794779879e-02, -1.026295162211322e-02, -1.140194479739006e-02, -4.029387858550382e-02, -5.308258724860195e-03, -1.690356642078514e-01, 3.253106897093824e-02, 5.473960806888688e-02, -1.639796189603176e-01, 1.162908237762339e-01, -1.027376865639166e-01, 3.862088182294088e-03, 4.330820248532181e-03, 5.926749975929920e-02, -1.907111784658082e-02, 1.722744220263771e-02, 4.016229444917948e-02, 1.104643098922799e-02, 1.200493552704691e-03, -9.323787537117890e-02, -1.906722823343234e-02, -1.150822623502392e-01, -7.740023443767928e-03, -7.217477753817136e-02, 1.648704944008148e-02, -5.435356268116086e-02, -3.510865329744144e-03, -7.828806406065118e-02, 3.402712149108974e-02, -1.175121048423188e-02, -4.238459978995715e-02, -5.472402813305237e-03, -5.134991864478480e-03, 2.042902212646916e-01, -4.183661086625643e-02, -1.894352699480021e-02, 7.946835663287059e-02, 2.126989335293309e-02, -2.048483971361201e-02, 9.113577803239617e-02, -3.878735708306053e-02, 3.082067482451579e-02, -7.456792791597686e-02, -2.335509303479447e-02, 2.055208609739683e-02, 7.448409497320049e-03, 7.683545666058257e-03, -4.019957652692540e-02, 1.142757352694803e-02, 3.423779740244189e-02, 3.819100978007471e-02, -9.500575812417135e-02, 2.564493498281767e-01, -1.050086835934260e-01, 5.828369440786122e-02, -5.954858887748763e-02, 5.771391444965036e-02, 1.586649304896742e-02, -5.084625178177504e+01, 8.293975929159163e-01, 1.419734362532346e+01, 7.900286074672654e+01, -1.414455852355654e+01, 3.234656103034965e+02, -3.971363261354525e+02, 7.390163097014523e-01, 1.601403684308480e+01, 1.492750585039929e+01, 4.990501416388268e+01, -1.941583890969880e+02, -1.781922640706780e+02, -3.882582991039688e+01, -7.814293742896260e-01, 1.466634696718422e+00, 3.043524957019514e+01, 2.390645621399061e+00, 3.689527524544562e+01, -3.502618529353066e+01, 9.921538542462443e+00, -5.989571402061570e+00, 6.147035149539713e+00, 5.745655183052255e+00, 7.846359178469298e+00, 2.290468730282072e+01, 3.154344344906397e+00, -9.488102493311595e-01, 3.634783664185427e-02, -1.964602356967323e-01, -4.221518684325185e+00, 4.723462362403891e-01, -4.721993005726461e+00, 2.430973716257429e+00, -5.832671359437334e-01, -4.529072395365387e-01, -2.205512121405724e+00, -1.392058058162195e+00, -1.161984828436836e+00, -2.751253819741775e+00, 1.846815003388175e-02, 1.838567995189301e-01, -2.751729934816715e-01, 1.965999175236747e-02, 6.613562587992815e-01, -2.611674176319538e-01, 6.647297102218050e-01, -1.789560283434204e-01, 3.053033026747072e-02, 4.256865386259137e-02, 3.875504303456147e-01, 3.793652314423325e-02, -1.026446905674989e-01, 2.650412124460965e-01, 8.592107299775562e-02, 2.271626810797069e-02, -3.387364596210850e-02, 7.536845265368351e-02, 2.644100471231604e-02, 2.050607861041306e-01, 3.030537967733155e-02, -1.012326562247797e-01, -5.349653746391481e-02, -1.835743107346133e-02, -1.589146370254258e-01, 2.987539649971493e-02, 7.944184331353189e-02, -4.415725124481647e-02, -2.572272078786727e-02, -1.454575673563451e-02, -3.221165100865953e-01, -1.643354292878069e-02, -5.473850670747591e-02, -6.810605100592590e-02, 3.515317596763905e-02, 2.431099472646611e-02, -1.539239452882444e-02, -3.466099195485324e-02, 6.772805557647014e-02, -5.829533780894048e-02, -5.002290491437710e-02, 7.421818841990661e-03, 3.982342431664241e-03, 9.495547228228063e-03, 5.036507190123554e-01, 6.541016698252348e-03, 1.061648364717319e-01, -2.246891645548068e-02, -8.411235316782242e-03, 1.336003916426431e-02, 7.719996488489139e-02, 6.180865311929538e-02, -2.507682007938479e-02, 5.967350872083190e-02, 2.232098309235855e-02, 1.384151194969124e-02, 1.514564053532864e-02, -1.726867409859891e-03, -2.191002367577238e-01, -2.592924025880538e-02, -5.395694020826026e-02, 3.492761446320049e-02, -7.345838343700316e-02, 1.572887533125139e-02, 1.069968577995043e-02, -8.964314946124501e-03, 3.883412359976501e-02, -1.833010126988028e-02, 1.954989672761850e-02, -1.330712512795347e-03, -1.823409293595717e-02, -8.544039621927268e-03, 1.426639151658477e-01, 1.897033829777225e-02, -4.429407079336978e-02, -1.296410648845582e-01, -1.553578754719774e-02, -2.294283311119509e-02, 1.432797042060764e-02, 4.985361642539603e-02, -5.198930032751121e-02, 5.453241536375059e-02, 1.129322562980113e-02, 1.816101107317078e-02, 6.167408965927139e-03, 6.927452265900498e-03, -1.098920901625574e-02, -3.221144554671451e-02, 1.568486699347758e-01, 1.787728591380418e-01, -7.787049611655672e-02, 3.219702192543313e-03, 1.169996471424282e-01, 4.020920404057786e-02, 7.423131457514125e-02, -1.120505428179264e-01, -1.473640326345326e-02, 2.108894528955835e-03, 5.890832104668079e+00, 9.380621995145957e+01, -1.665151516100592e+02, 1.808288031802448e+02, 1.646265881987406e+01, 2.776704857630953e+02, 2.180222151866723e+02, 1.893317919987912e+02, 3.323189133713743e+02, -2.039382020111974e+02, -3.263881442067868e+02, -1.771584098837559e+02, 1.178037644567478e+02, -7.849536849014906e+01, 5.065038622322541e+00, -8.742622228922899e+00, 2.165903015173263e+01, -1.406621524775436e+01, -2.511654405016420e+00, -1.851864958173049e+01, 5.891653277004332e+00, -1.188715310579779e+00, -1.080613144140890e+01, 1.308772084221717e+01, 1.919936988148882e+01, 3.342278101988875e+00, -9.973941453739861e-01, 1.276901439650330e+01, 4.383080208561450e-01, 9.292037701507599e-01, -3.009164242593427e+00, 1.641254912031028e+00, 1.710552801137176e-01, 2.220618555416823e+00, -1.589953965391721e+00, 3.753724595720508e-02, 6.634280964969845e-01, -5.941458941805050e-01, -1.284342537998620e+00, 4.937748706032783e-01, -2.842783950474369e-01, -1.532248571350706e+00, -2.828740763564460e-01, -1.330464282641894e-01, 6.843496271320672e-01, -3.173039674577515e-01, 3.967007730440456e-03, -2.893150596878721e-01, 3.946971087826193e-01, 1.158499640643044e-01, 1.821730218427551e-02, 9.146205284021912e-02, 2.859535441673847e-01, -3.721362828704415e-02, -7.642408768205730e-02, 1.984734001315081e-01, -3.347017390636513e-03, 3.120090020671078e-02, -1.775732904559579e-01, 1.353525401661176e-01, -2.950700662413866e-02, 4.938880914459741e-02, -6.937136901717483e-02, -1.834974190216751e-02, 2.304921828779038e-02, 3.080461551630430e-02, -8.750883635248261e-02, 2.846536710459568e-02, 4.834245092730172e-02, -4.985761242325345e-02, 2.017184539672146e-01, -9.308921680577259e-03, 1.870330371496437e-01, -1.166510720615338e-01, -3.837273086546519e-02, 1.400412734237762e-02, 2.678173077941464e-02, 1.982768395074892e-02, 8.741574377030402e-03, -1.209711548192785e-02, 6.449046823738484e-02, 1.089494384660754e-02, -5.696908800901992e-02, 1.202884456686647e-02, -4.568689802160940e-02, -4.984735355196164e-02, -3.095040752607774e-02, 6.330754552652093e-02, -1.783193782544753e-02, -8.199248576765891e-04, 8.339049252201197e-03, -2.838794923299622e-03, -2.752834563906456e-02, 2.442714769305918e-02, -4.450109077443199e-02, -1.118061112107666e-02, 6.196237584311234e-02, -4.551729553208690e-03, -1.204294092352105e-01, 4.118937391985396e-02, 3.251326830161229e-03, 3.127521553711787e-02, 5.955876427980152e-02, -3.563871163252649e-02, 1.472010522714940e-02, -1.499775623689866e-02, 1.950176835993996e-02, -3.984187059609749e-02, 2.871486578219837e-02, 4.218663765232683e-04, -6.613878204230170e-02, 6.882683720372090e-03, 2.296248514386619e-02, -2.786136256532619e-02, -9.601171690031078e-03, -4.318840676093727e-02, -4.969270957944672e-02, 6.208136594641071e-02, -5.335957488302593e-02, -3.168145680546465e-02, -5.610248360552134e-02, 5.279759564225911e-03, -2.442987638824367e-02, 1.965284336430273e-02, 7.756107327728964e-02, -1.239917101596835e-02, 1.128061482093979e-01, -1.263569973438907e-02, -3.927837487229227e-02, -1.486759427457821e-02, -9.014440855950764e-02, -1.444269146013154e-03, 1.326024063254724e-01, 9.057065216178609e-02, 5.581737755672449e-02, -2.705907164838423e-03, 1.791498136027626e-02, -1.505906664649734e-02, -6.596114549200854e-02, 5.647215735790692e+00, -7.497736207688884e+01, -1.053078654945141e+02, -1.079506279539423e+01, -1.166384040164244e+02, 6.923844729562927e+01, -9.132698584018812e+01, -1.140723489094163e+02, 6.409131243034146e+01, -4.814543015532072e+01, -2.679102961199982e+02, -2.918285136107000e+01, -6.221640875827089e+01, -1.448190587032864e+02, -2.699515010632000e+00, -1.953889618826003e+00, 6.618419307612254e+00, -6.261407281883533e+00, 7.581184861136355e+00, -1.107446673863147e+00, 7.356153474012123e+00, -4.193442733447534e-01, -2.928482105291354e+00, 1.996006186766227e-02, 1.868722855976223e+01, 1.261856113857984e+00, 3.890483637469402e+00, 5.804985793697433e+00, 1.504637892306211e-01, -3.985361395453153e-02, 2.039430917754811e-01, 1.009719126006257e+00, -1.273401267891728e-01, -1.079518738458690e-01, -1.100718445916970e+00, 1.051807347171220e-01, -3.005818160118400e-01, -1.026684849508902e-01, -1.787540177886623e+00, 4.520624910299457e-01, -2.970274248368884e-01, -2.623512516144213e-01, 1.819587358101901e-02, 6.213937077097517e-02, -3.187331013908986e-01, -2.677174257850601e-01, -8.886343861591757e-02, -5.323256380467829e-03, 2.248568012723165e-01, -3.057355679774165e-02, 9.431059717419897e-02, -3.047400262375197e-02, 2.427022720024707e-01, -2.152647025392478e-01, 2.736520529799086e-02, -2.444280465316364e-03, -6.330139594555094e-02, -2.054937416787873e-02, 2.378925716450397e-01, 1.059999042949418e-01, 7.078507433152557e-02, -3.229705328613788e-02, -9.881942907229467e-02, -1.160150671474601e-02, -4.653565282803560e-02, 1.319993872816612e-02, -5.272665831840174e-02, 9.510531466888882e-02, -1.320107478957786e-02, -2.698143469516781e-03, 3.078259411337988e-02, 1.046794140284131e-02, -1.277712949768899e-01, -1.044888976095254e-01, -2.216986767914940e-02, 1.278760735975019e-02, 3.816927551316451e-02, 9.114612396545757e-03, 1.206428486134713e-02, -2.899749978404529e-04, 1.048029542821892e-02, -3.832001010789299e-02, 2.313477040989326e-03, 7.491402607167959e-04, -4.569145366326567e-02, -2.131200658472391e-03, 3.521561481849148e-02, 5.098932867284126e-03, 8.424611399484708e-03, 2.795372023386562e-02, -1.164163185838384e-02, -6.884799019795793e-04, -6.055340908702894e-03, -6.434432025511876e-03, -4.147677691610549e-03, 1.892884499758324e-02, 2.860629047047304e-04, 5.653556001145849e-03, 9.693091595304983e-03, 1.815331487800954e-03, 8.047763970419375e-03, 1.937054434462140e-02, -4.673884304008647e-02, 3.706280550930239e-02, 4.275710181206648e-02, 5.020573508270850e-02, 2.161971019369466e-02, 1.316460305416342e-02, 5.174886041812630e-03, -1.490648359359192e-02, 2.698842922094462e-03, -2.413192947033216e-03, -5.946477723227441e-03, 1.210201228871459e-03, -8.880306392914697e-03, 4.005805581023368e-03, 5.047276197047190e-02, -1.884484790189061e-04, -6.350898025129677e-02, -3.158196494992701e-02, 1.844854241344649e-02, 3.300184346417525e-03, 1.212277817788007e-02, 2.962648095484792e-02, -1.609883963902969e-02, 9.218367222016723e-03, -3.587090204763508e-02, 4.614474988320777e-03, -9.299895101149716e-02, 9.009848925743396e-03, 5.690911327102035e-03, 4.459644271822596e-02, 1.822217708784744e-01, 3.558821495179283e-02, -3.505604777770970e-02, 2.635664595644981e-02, -1.486399635591525e-02, -1.475519093339980e-02, 2.556232134693531e-02, -1.334120239670731e-02, -1.703972849417117e+00, -5.025306349930866e+01, -3.797849392093647e+01, -3.521219960153671e+01, 7.283550404164818e+01, -6.320960188910003e+01, -1.567316626053602e+01, -1.461687954718685e+01, 2.514498670405269e+01, -5.127582235988634e+01, -6.128967568072763e+01, 5.980493570673121e+00, 1.528055125563182e+01, 1.415377616973630e+01, 2.553690165834244e-01, -6.334054363842051e+00, -3.135520008685845e+01, -5.299233432821340e+00, -1.542612987392763e+00, 1.423250814999569e+01, -1.912368778305014e+01, -7.250753208751346e+00, -1.802090273777937e+00, 1.228288630397018e+01, 9.732976524411253e+00, -7.645694300997522e+00, 8.662079442892942e+00, -7.104494180005731e+00, -1.185885260259430e-02, -2.475763755360776e+00, 1.248810337088408e+00, -9.793428795722515e-01, 5.091866106317631e-01, -1.320957925409886e+00, 1.450518917321743e+00, -2.466603282983696e-01, -6.996824546613466e-01, -2.845658520532119e-01, 6.232979787888997e-01, 1.805452514205796e-02, 6.237460892444990e-01, 1.414888364018567e-01, -1.783489975292811e-01, -1.369481208269631e-01, 2.090559268772892e+00, -2.683981652017671e-01, 4.430812962379649e-02, -3.849809478853049e-01, 2.455544229333126e-01, -5.356276955644552e-02, -6.218834303131669e-02, -2.632948256904790e-01, -2.114205811651002e-01, 2.516666828167921e-01, -7.622153604718479e-03, 7.738473886902215e-03, -1.545802220360143e-01, -2.776967100357615e-02, -8.438070915591891e-02, 1.001599192935728e+00, -8.999646355129019e-02, -4.702989744558370e-02, -1.209680603333335e-01, -6.563267993047180e-02, -5.315069693356815e-03, 5.523739501633679e-02, -1.103236622723762e-01, 5.841621574385789e-03, -5.645761975420958e-02, -1.097859339507653e-02, -1.117533434554831e-01, -2.146667420837865e-02, 2.546814806737411e-01, -7.397658183124518e-01, -1.054711733660471e-01, 1.103303715939322e-01, 5.527262050483097e-02, -3.041986981600565e-02, -3.138066524755707e-02, 6.784750411896773e-02, -3.915433460372549e-02, -6.428457022449377e-02, -2.986422162284709e-02, -1.524446643845944e-02, -8.199585824435113e-02, 6.470804284085766e-03, 7.809973942766415e-01, 4.151287114797227e-01, 7.432281756611381e-01, -2.894793035671653e-01, 1.311896834191558e-02, -2.391227572317792e-02, -2.268957970577288e-02, -5.481499139148200e-02, -9.942970517149305e-02, -2.524710888072630e-02, -6.611778711557557e-02, -3.037712692564921e-02, -5.937101028613573e-02, 1.768848665756412e-02, 5.851340766682008e-01, 6.615319626293596e-01, -1.280071061401914e-01, -6.448648214869386e-01, 2.950958767479721e-01, -2.267089331788917e-01, 8.218490652170966e-02, 1.162451918459042e-01, -1.649224892711675e-01, 5.270451890400177e-02, -3.966281860579941e-02, -2.154398696103196e-03, -3.646874313501483e-02, 1.056179048706132e-02, -1.229695040473118e+00, 5.620476379817988e-01, 8.414568017188119e-01, 5.676940347112345e-01, -3.867549159623445e-01, 7.992371074697061e-01, -3.396791006552749e-01, -2.902036385762051e-01, 8.001036735901014e-02, 1.345023756069598e-01, -4.775694881687338e-02, 2.629203023726327e-03, 2.227343126580531e-02, 8.102393824982956e-03, -1.762878042176332e+00, -4.363869131065081e-01, -1.804959973958853e+00, 2.002386489003048e-01, -9.702202770312013e-01, -4.334386652964565e-01, 6.626808577075907e-01, 2.283088929866063e-01, -1.043974529949311e-01, -2.033896940755850e-02, 3.632180396146113e-02, 2.792061062720647e-02, -2.016821415087517e-02, 2.063600955806254e+00, -9.180132374365931e+01, 9.280389935410339e+00, 2.588802756935884e+01, -8.430028117162992e+00, -8.317649664422058e+00, 1.220204461612779e+01, 3.864804955584652e+00, 1.074485788292326e+01, -7.369616540622654e+00, 3.720512904550137e+00, 7.997938638901317e-01, -2.847487048795514e+00, -4.942026493714191e+00, 7.374871385931454e-01, 1.349149944581693e+00, 3.698473751462192e-01, 6.651593517650788e+00, -1.372903814536911e+00, -4.131713066382304e-01, 1.010149522345576e+00, -1.863562525684057e+00, -1.046839069004070e-01, 6.537534598288663e-01, -4.585632776219995e-01, 1.547670955702008e+00, -5.444771755754199e-01, 5.006147730459830e-01, 1.671319655541448e-01, 9.166542469363800e-02, -1.219678660530567e+00, -6.518257363082943e-01, 7.354798231480142e-01, -9.848141453819889e-03, -1.398190376178159e-01, -8.249453820395033e-03, -4.282232944552445e-02, -1.134123846751968e-01, 8.603059106039825e-02, 3.527395796814011e-01, 5.392318750564852e-02, 1.254071854821496e-01, 1.489583349221641e-02, 1.910227155055972e-02, 9.309573805164122e-02, -4.037008310931083e-01, -3.471860869693950e-01, 3.838978912443462e-02, -1.010060663815325e-01, 5.501157112320688e-02, -1.400806841850276e-02, 8.393059705262166e-03, 5.992206131721108e-02, -5.418481903080127e-02, -6.754537597121608e-02, -4.524184006727748e-02, 1.782261175812715e-02, -8.023170905631425e-04, 1.295865421913640e-01, 9.305964716682066e-02, 1.110633023272918e-01, 7.690467581584497e-02, 8.179451865988605e-02, -1.016880061523272e-02, 1.133320324609937e-02, -1.614825757761006e-02, -4.461994517935417e-03, 1.154755441715888e-02, 2.068802046576929e-03, 1.389739592880500e-03, 2.991422283931741e-02, 4.874935480263767e-03, 2.229639879392407e-01, -1.583174767496908e-01, -1.556878374028379e-01, 3.077254215990952e-02, -6.332008313351481e-02, 1.103020657731428e-02, 1.710241107856628e-02, 4.223791708308109e-03, -3.974971196425401e-03, 1.104871655027831e-02, 2.977557445286241e-02, 1.192676480525122e-02, 2.616885904993727e-03, -1.103428269290757e-03, -1.700063441190837e-01, 1.330670977216697e-01, -2.805114920930498e-02, 1.360849395610252e-01, 2.449711109485339e-02, -5.272795453044903e-02, -1.864536138190442e-02, 1.730040853710654e-02, 2.648561978463531e-02, 9.717490477317082e-04, -2.968412139521424e-02, 6.786090430127447e-03, 4.861672706864151e-03, -8.036219677001356e-04, 6.904955333362028e-02, -1.164463388399647e-01, -9.329178281652635e-02, 8.132621564588374e-02, 4.037026547754539e-03, 7.887705131720157e-02, 4.128727135399730e-02, -4.621169594161587e-02, -1.320662120355453e-02, -9.585041701485636e-03, 4.347593213331663e-02, -2.514869012554299e-04, 1.774885801991827e-02, -4.361016880957423e-03, -1.067035251302115e-01, 4.139894308127993e-01, -9.776986610405279e-02, 1.098753248184546e-02, -5.278742756824387e-02, -2.069259072240681e-01, -1.044435929029371e-02, 8.932598026508318e-02, 5.567491950464492e-02, -1.645688596329836e-02, -1.428128450814852e-02, 1.014948309020601e-02, 9.014555726121481e-03, -4.312454166593382e-04, 4.789761630685008e-01, -4.740668916176642e-01, -1.787253661593145e-01, 4.925271628235995e-02, 1.514072809522214e-01, 2.325570420457217e-01, -3.245876166002458e-02, -4.015056574744772e-03, -6.504239363663712e-02, 2.603611246453809e-02, -3.374737535193270e-03, -1.135014782544347e-02, -6.855336584708907e-03, -8.576024739652141e-03, -4.502416602368635e+02, -7.305030193725177e+03, -7.994063946042470e+03, -7.624341698205729e+03, -4.033152649936983e+03, 3.048063870667888e+03, 2.456137062505427e+01, -2.173460140032921e+03, -1.890923491302769e+03, -8.800529549788996e+02, -2.661733992101542e+03, -3.034092874692383e+03, 2.104851289658962e+03, 9.979580441085881e+02, 1.036462107552936e+02, 2.092770486434676e+02, 1.375453933633397e+02, 6.924189142501710e+01, -2.555408748662751e+01, -7.186599790975055e+01, 9.658902164064033e+00, 4.263012252143901e+01, -3.464470061323287e+01, -1.577421012265756e+02, 8.876665660021931e+00, 1.035087417376934e+02, -9.132815022581813e+01, -4.095267065258945e+01, 5.062939476086574e+01, -1.850916520225951e+01, -1.506243293393114e+01, -7.501770602512323e+00, -8.312325560850764e+00, 1.893648925761954e+01, 5.467821334313355e+00, 1.273585911014078e+00, 5.996014770554141e+00, 1.688143827735922e+01, -6.168396355710019e-01, -1.059208748579905e+01, 8.550453982723459e+00, 3.295085362994677e+00, -1.296547578196013e+01, 1.736452957062836e+00, 1.011240001893015e-01, -2.032451867822045e+00, -7.530469529576510e-01, -2.816229850961445e-01, 2.584128246940427e+00, 2.876766170104386e+00, 1.185413810498356e+00, -6.635202012959081e-01, 1.415354030059835e+00, 2.482721346146677e+00, -1.648344688368429e+00, -6.060368469531308e-01, -8.136853423549573e+00, -5.075694930283163e-01, 6.297056650383752e-02, 1.176374982241219e+00, 1.999063536954852e-01, -1.227670629742544e-01, -1.106658060180272e+00, -1.068071416253887e+00, -2.863114381168251e-01, 6.568191901596136e-02, -4.063809307700491e-01, -6.430668442569860e-01, 3.847613562776049e-01, 1.821544032711071e-01, 1.098371083874760e+01, 1.179238328912443e-01, -2.203156928095367e-01, -7.358443369624450e-01, 1.377356857411734e-01, 8.912148973482957e-02, 5.901175372811236e-01, 4.557501275008985e-01, -6.406273039250127e-02, -1.425055181272123e-01, 8.155367287517214e-02, 1.805665426826753e-01, -1.010391854328002e-01, -6.750983527929218e-02, -7.559838279935689e+00, -1.630668613198585e-01, 4.999931526356886e-02, 5.593811419124355e-01, -3.554456836886919e-01, 1.219062049490824e-01, -3.178413244820262e-01, -1.495410410060843e-01, 2.576066632852531e-01, 2.224562293391499e-01, 1.184177416141354e-01, 3.681953208646079e-02, 1.504102500730486e-02, 3.149075245858383e-02, 5.802329393946801e+00, -5.203295238997403e-02, -3.439928386238139e-01, -3.731624946045859e-02, 2.425832930954583e-01, -9.384331436890682e-02, 3.771967859457304e-01, 1.461522033270051e-01, -1.956998685788610e-01, -1.580153812349896e-01, -7.678361736257910e-02, 5.384282538819138e-03, -4.500696529892854e-02, -8.438875550815304e-02, -3.527359431488824e+00, -1.772702572253540e-02, 1.318854884332820e-01, 8.305461715472578e-02, -3.003126103199107e-01, 4.118070093569683e-01, -3.599911385642948e-01, -5.545484041183460e-02, 2.491819614054095e-01, 1.510207700570081e-01, 9.341251794781019e-02, 2.032707608352947e-02, 2.006439339430913e-02, 1.080809962666304e-01, 1.899433054372073e+00, -1.406412336714736e-01, -1.565462044753375e-01, 4.156353296818736e-01, 3.719071689788854e-01, -3.524013004028929e-01, 2.479348021556505e-01, 4.929011024470564e-02, -5.386549607872583e-01, -3.280895293604274e-01, -3.333476753922415e-01, -2.893305957535541e-02, 2.119057640007636e-02, -6.088345356031913e-02, -1.169146974727557e+00, 2.354566331734437e-01, 2.179615880182043e-02, 4.446852166891246e+02, -8.814377469377373e+02, -2.584864559880280e+03, -3.641301096622951e+03, 3.050347012577228e+02, -9.406986520565641e+02, -3.999454526213473e+02, 7.259013206847200e+02, 6.274811310954632e+01, 2.047066549577190e+03, -1.338713239762175e+03, -1.814099335839286e+03, 5.876225896162435e+02, 3.660143751073014e+02, 1.674354495327625e+00, 8.531036767864259e+01, 2.855867444609895e+02, 3.269698418379783e+02, 9.599708381436797e+01, 9.248498713146390e+00, -1.459140694326285e+01, -3.003725343709486e+01, 6.363005033602467e+01, -7.154779593112775e+01, 2.006346215310452e+02, 2.132119024134745e+02, -6.178712808693501e+01, -2.263674074644792e+01, -2.400273480953307e+01, -9.055719509651384e+00, -3.690634341043695e+01, -3.586752056075419e+01, -2.033583203604882e+01, 4.449940041578967e+00, 6.767739380497483e+00, 5.708152464045025e+00, -6.496244941497719e+00, 6.270286273948004e+00, -2.367813310851165e+01, -2.442285890768307e+01, 4.679630779007564e+00, 9.142567591447783e-01, -6.929687171333495e-01, 1.905518274467037e+00, 7.402352156697394e+00, 6.904778834880568e+00, 5.179908728945335e+00, -1.965674963557745e+00, -1.773754162992156e+00, -1.691095570409014e+00, 5.982229623256869e-01, -1.560667951197703e+00, 3.904772650567215e+00, 3.982026709024767e+00, -7.306508893830210e-02, 6.991951026737966e-02, 1.245133708686492e+00, -5.131642112510201e-03, -1.118307592059272e+00, -9.092266241597288e-01, -4.143424819278924e-01, -3.130322416424297e-01, -5.175649846308377e-01, -1.509566836169203e-01, -5.609777147114435e-01, 3.168703350063461e-01, -1.198499709458268e+00, -1.076386880401806e+00, -2.018651483429321e-01, -3.598821939932650e-02, -6.917192772669940e-01, -1.354316493591477e-01, 6.831288881463030e-01, 7.187773074136557e-02, 1.207390660401922e-01, 1.637707035193104e-01, 4.557862187996417e-01, -4.019095080900716e-02, 6.892467526236272e-02, -3.265032502286327e-01, 4.563032345383193e-01, 3.563575245696380e-01, 1.541869933194402e-01, 1.325827131142863e-02, 1.988538528981555e+00, 2.190529613958869e-01, -4.606353036969683e-01, -3.118488822854807e-01, -2.411246051731310e-01, -8.308400042164496e-02, -3.383404336967850e-01, 8.766435911436396e-02, 2.970187150746391e-03, 2.783307787411954e-01, -2.512358395518854e-01, -2.081121728451996e-01, -4.448402617981582e-02, 1.308163910711115e-02, -2.438428954147062e+00, -2.611945615514326e-01, 4.248262938187102e-01, 2.320178577656891e-01, 4.940188280450748e-01, -3.562498555193675e-02, 1.194034745334217e-01, -1.066427172211615e-01, -3.330438762885714e-02, -2.926277534561800e-01, 1.589282730688333e-01, 1.314978927601716e-01, -6.376032691981952e-02, -2.645243769432555e-02, 3.929477057237427e+00, 3.223619830351884e-01, -7.111817566004236e-01, -1.334204126839471e-01, -5.344311698083172e-01, -1.963975490133045e-02, 1.650991780144422e-01, 3.474218693744663e-03, 4.140527738793345e-02, 3.022502896579154e-01, -1.326835078535407e-01, -9.832182382922806e-02, 1.206531808200992e-01, 4.268894565443342e-02, -4.070700387710771e+00, -4.661895768261344e-01, 1.464512473695862e+00, -3.432181245795364e-01, 5.439278851886900e-01, -6.530709880408476e-01, -3.999167806599804e-01, -1.983894609194824e-02, -1.053301699544971e-01, -5.698836293815573e-01, -3.798336373020493e-02, -6.930386699442591e-02, -1.667152171526441e-01, -4.362069528760631e-02, 1.117021747724527e+00, 5.432051121550650e-01, -5.688313161770101e-01, 7.385632685918146e-02, 4.155494071673220e+01, -1.361159027688579e+03, -4.216114717262861e+03, -1.376924683491196e+03, -2.686875219649550e+03, -2.979104794715215e+02, 5.574757908561817e+02, -1.725716028920637e+02, -1.952932187289550e+03, -3.992562646143440e+02, -2.058051459055337e+03, 2.774515095769891e+01, 1.550667858545661e+02, 5.235584031991405e+01, 6.780253562999562e+01, 2.270258694408138e+00, 1.395109593861550e+02, -9.408426731072070e+01, -1.194112952194826e+01, 2.009074756543674e+02, 7.034189689496478e+01, 3.634702314371425e+01, 6.816681709402256e+01, -6.793186545615919e+01, 2.157011146639971e+01, -1.047724493501404e+02, 5.492709857209697e+01, 1.368435621307264e+01, 1.963637313979034e+00, 1.153815986147260e+01, 3.872136053348458e+00, 2.747928628478834e+01, 1.518632073226681e+01, -2.629153183706792e+01, -5.800849069488527e+00, 3.690955872088672e+00, 7.877846129914513e+00, 1.846583185764476e+01, 1.007968933176263e+01, 1.810232707303193e+01, -9.600488316652605e+00, -1.764084574433122e+00, -5.674100886327690e+00, -3.070230731539561e+00, -2.255662621985910e+00, -6.906372627731542e+00, -4.289074006803168e+00, 4.843146049162243e+00, 1.537192189601454e+00, -1.774285226365187e-01, -1.834299426540325e+00, -2.962812186521780e+00, -2.076632845089571e+00, -2.953161928450435e+00, 1.526356838733650e+00, 1.327392480308083e-01, 1.312958506617850e+00, 1.097710409537520e+00, 7.225844168164006e-01, 2.600756628968687e+00, 1.632392681775958e+00, -1.227189904375400e+00, -6.994689924634067e-01, -2.466613426471669e-01, 4.743447038505118e-01, 6.953533427948460e-01, 5.886359096970191e-01, 6.823736402533517e-01, -3.205947530930159e-01, 1.369863412130407e-02, 2.118103352860613e+00, -4.226366921383081e-01, -7.714289182932765e-02, -9.810377753882328e-01, -6.181231216524617e-01, 3.201706155064809e-01, 3.118446345653055e-01, 1.338295419817299e-01, -1.893658777549614e-01, -2.518379134837802e-01, -1.926349449505899e-01, -2.237492632834663e-01, 7.257362003300341e-02, -1.532784504100969e-02, 6.066275899665967e-01, 1.661111445574344e-01, -1.148473750434319e-01, 5.799183242548036e-01, 2.140256569172830e-01, 1.869956713517124e-02, -2.438907674051648e-01, 2.421255480179171e-02, 9.472341708642049e-02, 1.949475862086514e-01, 1.540180940609734e-01, 2.023872517965197e-01, -5.131667545176735e-02, -1.156084272368483e-03, -1.728187621677277e+00, 1.665940813054148e-01, -1.278301490643208e-03, -2.589852965210712e-01, -1.199619147475295e-01, -4.731404623710277e-02, 1.179362700936175e-01, 1.274801323148695e-01, -2.447158066330466e-02, -1.762773984409362e-01, -5.016313504743181e-02, -1.459987719988943e-01, 2.673251673489886e-02, 7.590710064033547e-03, 3.511004589450736e+00, -1.005977194239608e-01, -5.940819185365781e-02, 1.649734407215908e-01, 4.258285029911538e-02, -1.627781289216974e-02, -1.530605501865890e-01, -1.812666164630209e-01, -7.583205723609063e-03, 1.810557875368292e-01, -4.104071357381986e-02, 1.310557779550662e-01, -2.436656121119359e-02, -7.323388908426574e-02, -3.055812157723008e+00, 2.166189752293495e-01, -5.009247702027677e-01, 4.659966710932274e-02, 9.330956101869091e-02, 6.681644222151774e-02, 1.909124262216585e-01, 4.234078649675306e-02, 8.046654645636908e-02, -4.045384564558140e-02, 4.727807145254408e-02, -1.970839740465906e-01, 1.707750863300692e-02, 1.612246035175078e-01, 6.410702895242344e-01, 3.180342278510871e-01, -2.554616061354175e-01, 8.146199384945514e-02, 1.384851456024107e-01, 2.627412870785262e+02, -8.255856306825950e+02, 1.182809429375729e+02, 1.521036172082149e+02, -1.717487774951890e+03, -6.130756267984661e+02, 5.701058832198588e+02, -7.846827702151971e+02, -6.421558444960333e+02, -1.064470372991154e+03, 2.005791523204645e+02, 9.343220918509810e+01, -6.894567682979999e+02, -2.719557693958546e+02, 3.006372408361392e+01, 5.425416698672595e+01, 1.684358449219019e+01, 4.624460535214121e+01, 1.888981269874803e+02, 2.129453661118102e+01, -6.091412695486331e+01, 9.157047380012246e+01, 1.060177020066326e+02, 1.310555229086031e+02, 3.463205897806310e+01, 2.958343771863705e+01, 5.548462646329467e+01, 3.113087929950800e+01, 7.026254396448060e+00, -4.770207471000743e+00, -5.452099464779841e+00, -8.515799710633203e+00, -2.291574773716488e+01, 3.437085212278619e+00, 1.268365346053461e+01, -3.851096982220037e+00, -7.157236345720216e+00, -8.477118942700482e+00, 4.041649920991384e-01, -1.762789709985187e+00, -6.665246103404741e+00, -4.109293639265164e+00, -2.152425421616762e+00, -9.436408554241932e-02, 1.251590568531938e-01, 8.290931522233985e-02, 2.001394089928532e+00, 5.219240735541653e-01, -1.064290718064586e+00, 1.397308146259649e+00, 2.060265731539707e+00, 1.484658385558023e+00, -1.257767481562500e-01, 4.521770480908562e-01, 8.087934139240844e-01, 6.626633635782262e-01, -6.814288618019623e+00, 3.423746733464449e-01, 2.716865381389819e-01, 4.131829564942551e-01, -9.784850372285388e-02, -5.418335341916736e-01, -1.643938904373787e-01, -7.209772988032196e-01, -9.793387705906941e-01, -5.185395474953635e-01, -1.444343139046166e-02, -1.794479874699079e-01, -1.060150221865026e-01, -1.495403312048939e-01, 4.298827167543815e+00, -1.807270776406518e-01, 1.188899380213096e-01, 7.212095969613151e-02, 2.232121071853282e-01, 6.402717604607111e-03, -8.872977951322081e-02, 1.063300533589318e-01, 3.184959799509444e-01, 4.815424648468465e-02, -1.514369671210323e-01, -2.934600355119970e-02, 5.004336470791441e-02, 6.848550305090322e-02, -2.302029981609456e+00, 6.494224166676539e-02, -2.455108660154228e-01, -1.001242467064598e-01, 3.344910957648142e-02, 2.911883624840570e-02, 5.545093368346318e-02, -1.878615872004032e-02, -2.213521451893736e-01, -2.291363943694107e-02, 9.035349732334007e-02, 4.310719683815115e-02, 1.015831134318053e-02, -9.654882536126822e-03, -3.123734083374947e-01, -3.593419758965088e-02, 2.399791059901762e-01, -7.089134019830547e-03, -1.260151340166280e-01, 5.548944218489577e-02, -8.223503701917279e-02, -1.066490337920439e-01, 8.852631520095820e-02, 6.822729556400274e-03, -7.388260518225087e-02, -5.302270275152280e-02, -2.366944635632163e-03, -1.074713671723208e-02, -8.422244060288461e-01, 1.183676963798485e-01, 2.247398611515822e-02, -2.742900301990160e-01, 3.705565211372167e-02, -3.060414631600316e-01, 1.118855999882169e-01, 1.397644515690689e-01, -1.817108071499852e-01, -7.337453981381457e-02, 1.280418270430761e-01, 6.724837126757134e-02, -1.327042947070017e-02, 2.896510155313660e-02, 1.201594167186263e+00, -2.616377864049957e-01, -4.058269582573829e-02, 4.209891843324971e-02, -3.345068297014341e-01, 1.274327547467874e-01, -1.669027153366507e-01, 2.393077190400302e-01, 2.359010542798907e-01, 1.132729129679326e-01, -2.695678587504090e-01, -9.122268478555523e-02, -9.016000569560470e-02, -6.229101600165898e-02, -8.983562698595705e-01, 1.364382305370293e-01, 2.408442655020168e-01, 3.208978531812069e-01, -3.099583708261575e-01, -8.012395410001726e-02, 4.139507250301529e+02, 2.055105358698053e+02, -6.245508024864702e+02, 9.029960683237790e+02, 1.822016571559466e+03, 5.907248356962567e+02, 3.415846477740999e+02, 2.983131316829180e+03, 3.800549418728824e+02, -1.913646354419302e+02, -3.692990187848058e+02, 1.059444833873607e+02, 3.485614697857868e+02, 9.632893573096662e+02, 7.549582462276507e+01, -2.322798322282132e+01, 1.750132649291882e+01, -5.799616490169070e+01, -1.334275627111702e+02, -1.385561782859196e+01, 1.271638647411197e+01, -1.887614236022168e+02, 2.830515294756884e+00, 5.805865407335551e+01, 3.513663619004541e+01, 7.375836249661376e+00, -1.834841513187702e+01, -7.649416148994744e+01, -7.227737775511557e+00, -9.909642458274201e+00, -1.766429969740622e+01, -1.692672456596964e+01, -4.921475622954876e+00, 1.224441043821725e+01, 4.333928775977372e+00, 2.245576592616545e+01, 1.291795965713187e+00, -5.949096769393311e+00, -2.267763035188145e+00, -7.191201241856470e-01, 1.284026459308920e+00, 8.258996680739736e+00, -6.123869215840540e+00, 1.356695871518694e+00, 2.083937706607835e+00, 3.237343908782759e+00, 4.264871545891564e-01, -7.370821363622020e-01, 4.807990162269273e-01, -2.673391023473711e+00, 4.617044332696250e-01, 1.478178294519909e+00, 5.014886148573452e-01, 1.198025944912457e-01, -3.343578699494359e-01, -1.502106392279919e+00, 4.119347612489129e+00, -2.165330181472977e-01, -2.463214889452114e-01, -1.008616918475461e+00, -1.186090916959585e-01, -8.044567747167762e-02, -3.312410664968736e-01, 5.889384094437653e-01, -2.775095861681048e-01, -4.617587870864195e-01, -1.466642666945258e-01, 3.461753640975511e-02, 1.145963868249267e-01, 4.746241042621957e-01, -2.341686953680223e-01, 6.529658309498265e-02, 1.336356833165890e-01, 6.606143954928521e-01, 1.679688469319437e-01, 5.899726603022309e-02, 1.450449568919315e-01, -2.588479496741804e-01, 1.820689891158866e-01, 2.050866123385777e-01, 6.956126575935334e-02, -5.545326378421860e-02, -4.916636614451082e-02, -2.572111611747230e-01, -8.477347111685164e-01, -1.427487683990670e-02, -1.371362360368308e-01, -2.099079456131360e-01, 2.385502680209287e-02, -8.399908356376749e-02, -1.843050097134468e-01, 7.182055169047108e-02, -2.301264667951725e-01, -1.440605746603771e-01, -8.099700988018758e-02, 4.520456068311057e-02, 2.935194743724539e-02, 2.204848307329160e-01, 1.577175019607590e+00, 6.358940960458821e-02, 2.963642851570018e-01, 5.297536371347741e-02, -1.048600342984643e-01, 5.289237881760930e-02, 2.946426289000626e-01, -1.590451184406537e-01, 1.888967765233329e-01, 9.394575655195428e-02, 3.872398441096433e-02, -9.877185385968933e-02, -2.274824601031465e-02, -1.788849984654869e-01, 4.799748886678413e-01, -1.509288330906764e-01, -1.983138074227006e-01, 1.434641888408966e-01, -1.334952492391225e-01, 3.293215578977866e-02, -2.868192144572017e-01, 3.480447968177029e-01, -2.303398901446655e-01, -2.013563767380051e-02, 3.506536800756800e-02, 1.568350327743651e-01, 1.247196356666678e-02, 1.927639696095033e-01, -2.620132706240101e-01, 1.471772065980871e-01, 2.051129568780758e-01, -3.389101548109588e-01, 2.321066254333403e-01, 3.797646244095922e-02, 2.566017480966168e-01, -3.238370313087061e-01, 5.047756420435086e-01, -1.198893923819078e-01, -5.448737187204713e-02, -1.869348026586189e-01, -5.122945377294473e-02, -2.780034368549736e-01, 1.049754234797723e+00, -2.631973129476018e-01, -3.261328632658479e-01, 3.608846094440274e-01, -6.268745958526798e-01, 8.642816798163748e-02, -1.414481533460688e-01, -1.965189029205543e+01, 3.226921861984742e+02, 2.948969651151377e+02, 2.732853065307220e+02, 1.683105690320623e+03, 9.550647626494917e+01, -5.199384334540470e+01, 1.917614621298616e+02, -1.011501168514451e+03, 4.258449063141816e+02, -3.577009196644246e+02, 8.698363581281144e+02, -3.363955417842286e+02, -6.511902019765694e+02, 4.061663282235150e+00, 7.780257116285520e+01, 1.449067819096068e+02, 1.403467954652242e+02, 1.936561202471808e+01, -9.586448608686221e+01, -2.899535111428501e+01, 4.357767780449774e+01, 1.432373099893321e+02, 6.250569428895980e+01, 9.179123669510862e+01, -2.477205868781860e+01, -4.831752589041878e+00, 4.493303844199512e+01, -4.124800058975763e+00, -1.283473587591944e+01, -2.365782375238496e+01, -2.038272043469487e+01, -8.652181310937898e+00, 1.288601625090127e+01, 2.276863168882246e+00, -9.267480689726192e+00, -1.775277988346755e+01, -1.071388033085124e+01, -1.104374538618305e+01, 9.088074375875387e-01, 1.489150941598183e+00, -4.071938248444587e+00, 8.169056318955706e-01, 2.062693976737832e+00, 3.488260097528116e+00, 2.061528860206040e+00, 1.178857251649890e+00, -1.893839296197514e+00, -2.585072513011048e-03, 1.736294735326226e+00, 2.535611034037472e+00, 1.463913147746263e+00, 1.228675947375712e+00, -4.376261640939602e-01, -4.831691227941326e-02, 6.434124126746864e-01, 2.312211644207937e+00, -4.206675976476197e-01, -5.510065296481020e-01, 9.125515524134625e-03, -2.343202297430366e-01, 4.808107304890624e-01, 2.545021774762675e-02, -3.196772072883909e-01, -3.863307171656128e-01, -1.374769469338650e-01, -8.912592093628477e-02, 2.962352275613824e-01, -6.086508680201185e-02, -1.575539037125856e-01, -1.994201403456302e+00, 1.461411760000947e-01, 1.135128091234764e-02, -1.583117159593761e-01, -1.388279647353069e-02, -8.344067980638296e-02, 6.956052626455800e-02, 1.302289484956771e-01, 1.191161460697655e-01, 3.379169302223933e-02, 5.092460161008177e-03, -1.508801033458504e-01, 1.735280999297176e-03, 3.688559389753635e-02, 5.969402718268042e-01, 3.051307674520507e-02, 1.935283020807929e-02, 1.591626889386744e-01, 9.102114506791842e-02, -1.422119336229949e-02, -9.820464019563033e-02, -5.157478321073086e-02, -4.132080509218711e-02, -1.228279315261406e-02, -6.302355764738152e-03, 1.022446412549047e-01, -1.347782562143309e-04, -5.106007604469714e-03, 9.853953579769517e-01, -1.398783972821544e-02, -5.365901677145889e-02, -2.167430128865648e-01, -1.188818289948181e-01, 6.076997546239493e-02, 1.836748444532787e-01, 3.033062148295125e-02, 5.213572887639725e-02, 1.318189911747161e-01, 5.495172211695590e-02, -3.498068680184915e-02, -7.102552002491976e-02, -4.262509654630482e-02, -7.810142437962474e-01, -5.126975235303656e-02, 6.503406745516840e-02, -6.207465049055152e-02, 1.490863121586078e-01, -1.087943217719086e-01, -1.389259414102288e-02, 1.182403669336157e-01, -6.311700979426038e-02, -1.912243340848484e-01, -5.504201089948667e-02, 2.416697150035962e-02, 7.508870559640751e-02, 4.866299942476979e-02, 1.656242917908725e+00, -2.520354796903775e-02, -2.623531950348007e-02, -1.109791161616547e-01, -9.780027640155921e-02, 8.775285951376975e-02, -1.368888745381899e-01, -3.918713694949819e-01, 2.139591707698350e-02, 1.652292811305176e-01, 1.545120839635584e-02, -2.785863155674311e-02, -9.435228703969341e-02, -4.302853024813968e-02, -2.010630205363200e-01, -1.191656928895251e-02, -2.441585761415767e-01, -5.527970914970980e-01, 2.424278780250830e-03, -2.328701430354874e-01, 7.074930427195212e-01, 3.783105247953451e-01, 3.108531562589707e+02, -1.775146376349401e+01, 4.533941741963832e+02, 3.136774658448975e+02, -7.760867623443813e+02, 4.484410804588125e+02, 1.004242358812522e+02, -8.339433883331957e+01, 1.129490531708095e+02, 1.768615972244347e+02, 2.396339986800920e+02, -3.578806526335736e+00, 3.969520094547772e+02, 1.302425343604403e+02, 2.490072998065902e+01, -2.301568300625528e+01, -6.584596760533231e+01, -2.940836438058813e-01, 6.168559503198665e+01, -7.152700468884873e+01, -3.024672962595796e+01, -1.216553362447384e+01, 3.630502105919670e+00, 1.715981681484585e+01, 2.573865738726570e+01, 4.486112713435069e+01, -3.333011222456943e+01, -2.227345591953021e+01, -3.609281988493339e+00, -2.812367885500989e+00, -1.839298991881698e+00, -1.334006189528329e+01, -1.618707787751642e+01, 1.741449952238706e+01, 1.002208357764895e+01, 5.155729699399605e+00, 6.729580210562351e-01, -1.521409141156035e+00, -3.502862576200089e+00, -7.006463483812800e+00, 2.921223955299708e+00, 2.543737112655869e+00, 2.019274262286785e+00, 9.567787650544546e-02, -4.257709112953751e-01, 2.032643163390022e+00, 1.541447869057984e+00, -2.154336246753451e+00, -8.962373573368571e-01, 6.884462105699507e-03, 4.820004833822612e-01, 2.338650504540576e-01, 6.922018808798720e-01, 1.488542949913318e+00, -3.663168420106528e-01, -3.197223601540071e-01, -7.413234958568052e-01, 3.911430061356028e-02, 3.005281776485275e-01, -6.523556715082410e-01, 8.722148722408148e-03, 4.471399039699049e-01, 1.404525413254614e-01, -1.371069424168880e-01, -1.771339657050479e-01, 9.173595539685493e-02, -9.959849042837876e-02, -4.101861555087525e-01, -1.040573689471336e-02, -9.646832343497794e-03, -1.799697941207797e-01, -4.293504151122942e-02, -9.099434913000937e-02, 2.685195543359407e-01, -1.573936527760296e-01, -2.354944239120772e-01, -4.090227644283747e-02, 4.459497512338544e-02, 1.873888455583386e-02, -1.934220959783992e-01, -7.687683154620556e-02, 1.211828853750947e-01, 1.003041252806552e-01, 9.533721481052904e-02, 1.995302710839057e+00, 6.305971983676421e-02, 1.272629498505685e-01, -1.475651302175147e-01, 1.597144473317768e-01, 2.342223722487381e-01, 7.775206959051430e-02, -3.135081291915862e-02, 5.832907225112228e-03, 1.879005528711358e-01, 4.394216073643975e-02, -2.501944670090738e-02, -1.019152491424208e-01, -9.115561112222619e-02, -9.611699090212045e-01, -9.948925052779044e-02, 3.308102790659187e-02, 8.160925876108983e-02, -1.526822304944534e-01, -3.184418940272852e-01, -7.037132325704853e-03, -1.519299532781050e-03, 1.865367697676641e-02, -1.717221918665868e-01, -1.683708571937171e-02, -2.728341148509987e-02, 1.109601948953435e-01, 9.826230673314118e-02, -1.897930132394878e-01, 2.611631502950395e-01, 2.863215025878905e-01, 7.273274304758941e-02, 1.381955642464403e-01, -1.705142133056281e-03, -2.257371522356507e-01, -1.062978481862849e-01, -1.850021557773331e-01, 8.343422848025679e-02, -6.454401768979530e-02, 4.297023596266630e-02, -9.554274054216050e-02, -7.953585238162002e-02, 2.079059685087990e+00, -3.192172123861768e-01, -2.994240416311693e-01, 8.135997830386248e-02, -9.800694580629289e-02, 3.305716726861851e-02, 5.348535829594296e-01, 1.070254757204140e-01, 1.920953593403203e-01, -1.531334456128493e-01, 9.576670391298285e-02, -2.938662404525229e-02, 1.325477595659020e-01, 9.578990888784814e-02, -5.518681433825666e-01, 3.171940242740829e-01, 7.844389573610979e-01, -2.873192655850044e-03, -1.400214622140685e-01, -4.420812740361056e-01, -8.411744190024009e-01, 1.235888983522600e-01, -5.862659984496781e-02, 9.344787589709128e+01, 1.821828298165900e+02, 6.629520793235250e+02, 2.255417333827749e+02, -1.133774597535446e+03, -1.230804877456598e+03, 1.739069279196515e+03, -5.695150309555931e+02, -3.455163515989529e+02, -6.579743252091005e+02, 4.563205602361810e+02, 4.597411151558685e+02, -2.242339487391607e+02, 4.882811661693391e+02, -1.130080580821499e+01, 4.075380716726596e+00, 7.142699994654541e-01, 2.637873675525499e+01, 1.395380893491312e+02, 8.474983376665260e+01, -1.235939580828016e+02, 8.286812912313972e+01, 5.008996472297650e+01, 5.699628237234793e+01, -1.265517788391677e+01, -2.830323660914890e+01, 3.149125439374191e+00, -3.829460058349869e+01, -4.738007420727003e+00, 2.345146420825382e+00, 2.272782985554405e+00, 1.969403438024185e-01, -1.334948792566111e+01, -8.551472510509198e+00, 1.070848552670367e+01, -8.530038768341759e+00, -3.334198128877945e+00, -3.668681703392676e+00, 1.706583819844137e+00, 3.544876363338151e+00, 1.365404916607555e-01, 3.738402264058536e+00, 5.028347159390293e-01, -1.067075455578814e+00, -6.306272066396921e-01, -5.508212666311604e-01, 2.167999288188120e+00, 1.104905363232843e+00, -1.512233500561911e+00, 9.620396645434217e-01, -9.326523156874048e-03, 2.635406724459207e-01, -6.282850616031919e-01, -7.867846183321534e-01, 3.208069252331740e-02, -5.590789057099560e-01, 8.879741420395754e-01, 4.911488071509962e-01, 1.476500192018250e-01, 2.151503608578881e-01, -7.264327257135221e-01, -1.697742059940040e-01, 2.754658927987599e-01, -1.787331897967419e-01, 5.347982612289771e-02, -9.799272636789279e-02, 2.246713476111571e-01, 2.163987390800510e-01, 1.202728545399011e-02, 1.678446091891765e-01, -9.479715642404137e-01, -2.550501342543446e-01, -8.575063420924678e-03, -1.064012622335141e-01, 2.649390903786518e-01, 9.692335979999610e-02, -4.078619755500544e-03, 2.589472465511669e-02, -4.359266287963708e-02, 8.531089010265841e-02, -1.451432891385864e-01, -7.651796392332676e-02, -2.585878463665175e-03, -7.726372734597711e-02, 1.124688963357586e-01, 9.260084073557082e-02, 4.567931420875517e-03, -9.398561006392702e-03, -7.040245737617885e-02, -1.119336805874905e-01, -1.594789165687603e-01, -9.173985925853437e-02, -3.316408026420398e-02, -9.048725666217106e-02, 4.962232707833064e-02, -2.968564854426071e-02, 2.874892150173077e-03, 5.331519336188365e-02, 8.174373290055618e-01, -1.064932240583798e-01, 3.909378520645747e-03, -2.013026354218466e-01, -9.096504286588149e-02, 1.101902184956040e-01, 1.791321067533011e-01, 6.946215205854840e-02, 6.106862594684438e-02, 1.275396986638202e-01, -1.898967980370912e-02, 6.461927698734994e-02, 2.545000404766421e-02, -6.609676706951335e-02, 6.984392897346663e-03, -5.781669850949703e-02, 2.596409111959726e-01, 3.229634109187945e-02, 8.899626816185008e-02, 7.338126354073884e-02, 5.903177720534532e-02, 5.763634668987613e-02, 1.437576090792536e-02, -3.913972443830051e-02, 3.333602937478970e-02, -4.704923577600831e-02, -8.146751130795296e-02, 7.624471213172421e-02, -7.225910054983147e-01, 8.074279705067297e-02, -1.058475788462098e-01, -2.534975369232354e-01, 1.256926418303971e-01, 5.189731045761362e-02, -3.000601970724414e-01, -7.024688725068984e-02, -1.725873597547695e-01, -2.879140856828733e-02, -1.090353334672860e-01, 1.304463586091880e-01, 1.407454246461191e-01, -1.061504437544388e-01, 3.172760935776519e-02, 2.995391937923711e-02, 3.133439023085366e-01, 9.586250735747304e-01, -3.468397713141497e-01, -2.083332514759837e-02, 4.810065472258901e-01, -1.893867338949179e-02, 2.095217434090773e-01, -4.129051729980471e-02, -2.455594961861868e+01, -4.102326291711547e+02, -2.142544755586919e+03, 6.030882831569803e+02, 5.522691945848571e+00, -4.568747950035925e+02, 6.981816123231371e+01, 1.717358313827913e+02, -1.528405787689055e+02, -1.780416073327744e+02, -1.564208307006869e+02, -1.563586934346484e+02, -2.270482937656269e+02, 1.011087774838535e+02, -4.443639471128090e+00, 5.447513571028101e+00, 8.510542716296433e+01, -9.322222232273857e+01, -2.094657360473292e+01, 2.579251604054095e+01, -9.097700210645741e+00, -2.690548358874748e+01, -8.207396761128216e+00, 1.250953230160114e-02, 3.088813073989204e+00, 8.517900460763125e+00, 2.355557855480912e+01, 3.038427782666390e+00, 3.945059529996827e+00, -2.602577698740855e+00, -6.398667875962103e+00, 1.080053805020501e+01, 1.406243159717109e+00, -3.146297028810454e+00, -8.999990912644434e-01, 8.471167980680130e-01, -1.172051402292338e-01, 1.063828591847247e+00, 4.971888747471701e-01, -3.690803956015511e-01, -2.846113597642843e+00, -8.492803286273056e-01, 1.064846497424758e+00, 6.865339883269954e-01, 4.396390685181344e-01, -2.338725182694533e+00, -4.119390489024182e-01, 9.059065345457923e-01, 5.305671286374620e-01, 3.403329501615958e-01, 2.850183084139971e-01, -4.643886252191775e-01, -1.429209705167194e-01, 5.855029467081201e-02, 4.103956425247106e-01, 1.222665614536548e-01, -9.661510391182817e-01, -2.690617163566523e-01, -2.644977151949708e-01, 7.800576017972310e-01, 5.562019060413147e-02, -1.565478666870753e-01, -6.615396840975481e-02, -8.959593155339923e-02, -2.375575156335179e-02, 3.070506027358775e-01, 7.070863380416031e-02, 4.120268645191667e-03, -8.296881496198377e-02, -1.049116416023799e-03, -3.238798800074929e-01, 2.487216781568553e-01, 3.046947891870803e-01, -2.730316676856362e-01, 5.223082770835937e-02, -1.772875645794855e-02, 1.062078649121900e-02, 2.240863407687459e-02, 5.401501371531565e-03, -1.935918698538756e-01, -1.390823727138695e-02, 9.681306838200555e-03, 5.267263152144538e-03, -3.329339716116306e-03, 9.552013124611569e-02, -4.664640119703615e-02, -9.477926174530144e-02, 2.612560416280144e-01, -9.777149497490543e-02, 8.799952413309012e-02, 3.858580830742957e-02, -4.162456441808804e-02, -2.224241752862254e-02, 1.382067751331645e-01, -1.319868555292687e-02, -3.350919202991096e-02, 2.286383389488205e-02, 2.921784161545934e-03, -2.681558925075865e-01, 2.530759305745295e-03, 1.562824721872708e-01, -1.494269145755007e-01, 1.409755026764459e-02, -4.774095160559721e-02, -1.656876369647202e-03, -5.858302116933626e-03, 4.352578525022772e-02, -1.655060260997757e-01, -3.958423289465328e-03, -5.292081290143458e-03, -2.952537624838039e-02, 1.852883558455898e-02, 5.616174155555904e-02, 9.855616677022476e-02, 1.699991184615610e-02, -7.371278866672946e-02, 4.005700326883860e-02, 5.661189573819242e-02, -1.153052431329001e-01, 9.648701435596310e-02, 4.084203410324155e-02, 2.603849991170796e-01, 4.270820318090219e-02, 5.628745148533955e-02, 3.296349127083330e-02, -1.365299325112998e-02, -3.069362274321869e-01, -8.418154962165801e-02, -2.378409569271476e-01, -3.366098604919974e-02, 3.789118994588590e-02, -3.570868087680908e-01, 2.207193870743902e-01, -1.118039899844057e-01, 5.601640360637842e-02, -2.624765885250211e-01, 6.018277380044504e-03, -5.997498979883658e-02, -6.632006820258361e-02, 2.394248828353154e-02, 8.437484192833571e-01, 7.979914858765538e-02, 3.993742267052224e-01, -6.776828056407538e-02, 4.263837025784932e-05, 5.100920987378376e-01, 2.773459932298378e-02, 1.342303044358426e-01, -1.289991127285450e-01, 3.983737584982179e-01, -7.542873058032546e-03, 4.774006853950678e+01, -7.890736638374555e+02, -1.270050696420687e+03, -1.414644685471793e+03, -4.552376599491912e+02, -1.561144374687871e+03, 4.472827140154551e+02, -5.005483987989488e+02, 6.320232779174382e+02, -2.817486077813359e+02, 3.493755514086160e+02, -1.133011665697619e+02, 5.066070113342173e+02, 4.671132480029552e+02, -2.045522508239278e+01, 2.018846997187871e+01, -1.361659582055541e+00, 6.530841693231595e+01, -4.296070956037391e+01, 1.346647895775040e+02, -2.204747175546474e+01, 2.705505449399250e+01, -5.728113542242907e+01, 6.955757159487517e+00, -4.724717304467548e+01, -1.932999072105996e+01, -9.920611787982077e+00, -1.979199765465320e+01, -1.438172985974323e+00, 7.558606901643357e-01, 6.646763352117686e+00, -4.430577175093578e+00, 8.840285758646056e+00, -1.277943652923800e+01, 1.382611912505470e+00, -1.825553409599448e+00, 5.850940561047662e+00, -7.217116244431482e-01, 4.257528427352052e+00, 2.851383952560639e+00, 7.757315977854889e-02, 1.373216108629164e+00, 1.486093394627815e+00, 1.494019159891323e-03, -1.022478016592648e+00, 1.265774057928336e+00, -1.017367730051911e+00, 1.134772019580573e+00, -7.091472410555903e-01, 1.649495641663373e-02, -1.055437658077154e+00, 2.855913728442132e-01, -2.812512848675923e-01, -2.851015770772605e-01, -1.056472958272160e-01, -2.905353691452556e-01, 2.034815824466268e-01, -1.799234197989601e-01, 1.656096173870753e-02, -4.312091191223787e-01, -4.579607693956357e-02, 1.270033332192033e-02, 3.361202463780592e-01, 2.923100535376887e-03, 3.455135587679280e-01, -1.266942812964854e-01, 1.054410894733113e-02, 5.319034630586198e-02, 3.574468030707942e-02, 9.821184793977324e-02, -2.719118098332601e-01, 4.289595048144818e-02, 2.009259349132773e-02, 1.776004821592055e-01, -8.713312334901230e-02, 4.270672062808551e-03, -6.584370623909948e-02, 7.502006810284796e-02, -1.642738241700813e-01, 1.090613670665623e-01, 1.656289435870631e-02, -1.063988861142747e-02, 3.385275173171028e-03, -5.213000715671148e-02, -7.476712770399125e-01, -2.300365869451049e-02, -1.474522931473830e-01, 1.827272167693787e-02, 7.058492616046409e-02, -5.329751684062718e-02, -9.175915029654098e-02, -1.357434828414480e-01, 5.579595363734378e-02, -1.167423770759666e-01, -2.357526929943323e-02, -5.411213841148142e-02, -1.193167044868844e-02, 5.052514235932109e-02, 4.985912659064743e-01, -2.481966033584194e-03, 1.681445087039323e-02, -6.981115760230144e-02, 5.652172687135736e-02, 5.572719387641070e-03, -2.686795794062059e-02, 1.589008642502310e-02, -1.130745860461075e-01, 5.255188076188647e-02, -3.715711044089326e-02, 2.829050297564708e-02, 5.526642838191324e-02, -4.065161425946936e-02, -3.308351173640491e-01, -7.323390401929253e-02, 6.792352334540463e-02, 1.911998323266126e-01, 8.588697987395157e-02, -3.529411388815774e-02, 2.923312794563271e-02, -7.084855470408123e-02, 1.589401025809477e-01, -1.020181886438024e-01, -2.225190839156664e-02, -4.928769134702281e-02, -6.062705878122955e-02, 5.822621574815370e-02, -2.497686571790507e-01, 1.017870652333463e-01, -2.986394202906069e-01, -2.829402942265482e-01, 1.028676986207993e-01, 1.357638846231981e-01, -2.794784933126597e-01, -2.233961800899852e-01, -1.968903214703089e-01, 2.048508420341967e-01, 4.924348869107650e-02, 6.023525237866206e-02, 1.344629333123029e-01, -9.109804164482828e-02, 1.011967165531710e-01, -1.695619380106421e-01, 2.724012191172936e-01, 1.244960293534792e-01, 2.934536006343005e-01, -3.209456663947011e-02, 5.580042117740650e-01, 2.770731572860433e-01, 2.381063504591693e-01, -2.249070980212801e-01, 3.467122723770966e-02, -7.218404839329604e-02, -2.892371606311854e+01, -2.905056705086141e+02, 1.556552250680333e+02, -2.259722196435741e+02, -4.946023854686715e+02, 2.753942216777638e+01, -8.571456876643863e+00, -4.574723113688098e+02, -4.458071622747180e+02, 8.371421246540660e+01, 2.728373932192839e+02, 1.657165848600617e+00, -2.414536437429291e+02, 2.697741128831101e+02, -1.466186783751678e+00, 1.251878858172372e+01, -4.146154079004205e+01, 6.614589757521865e+00, 3.776197785193575e+01, -1.338076432459313e+01, -4.378517716921617e+01, 4.218558735575503e+00, 1.261626695788024e-01, -7.660253275899272e+00, -4.965049462501684e+00, 2.276753935929265e+01, 2.279364424401951e+00, -3.214915311479362e+01, 1.564603858420163e+00, -1.756189716896937e+00, 4.907277337166213e+00, -1.586768343121786e+00, -3.419649899205773e+00, 7.368084754750521e-01, 6.035099030761463e+00, 1.510241676900359e-02, 1.023620636058463e+00, -2.870864679739715e-01, -6.849394286819570e-01, -3.303810045338920e+00, 4.296383080210783e-01, 3.351344374407341e+00, 3.553472446235968e-01, -5.520853561472774e-03, -1.280543420753287e+00, 1.238170852460072e-01, -1.646053229322878e-02, 2.009727267425932e-01, -9.182242239044278e-01, -1.728172587427779e-02, -2.628138149603048e-01, 1.361383139405042e-01, -1.310594381734726e-02, 3.667079063119448e-01, 1.165683976719454e-01, -4.238146712978703e-01, -5.580884731349527e-01, 6.355269120339416e-02, 2.575444298592833e-01, -1.712605091279295e-01, 6.565216125678321e-02, -4.843416390760039e-02, 1.934332085175092e-01, -1.683607268549260e-02, 4.304601332836035e-02, -9.508810621055647e-02, 4.968887737017102e-02, -7.662585342738404e-02, -8.019622592150369e-02, 9.828294116201006e-02, 1.418698031171774e-01, -6.318289242331658e-02, -2.304776923155672e-01, 9.000227318921750e-02, 3.170042012658955e-03, 4.005716093622438e-03, -8.566098110369605e-02, -8.841959152164996e-03, -3.749189845240068e-02, 2.796790220655062e-02, -6.075706189456212e-02, -1.506461003500101e-02, 9.448670698377874e-02, -2.754896344490943e-02, -1.619780315233821e-01, 1.174131910705032e-01, 6.539449367541875e-02, -8.763653558397827e-02, 4.264392558262299e-02, 3.294016451423214e-02, 5.394220374912996e-03, -3.275133596388904e-02, 5.904424775674440e-02, -4.158814240464555e-02, 4.433786103536713e-02, 7.607887118138034e-03, -9.352108896944959e-02, 1.243613719836990e-02, -6.532480408736180e-02, -6.432533342303802e-02, 2.028959394738972e-02, 4.563300165891698e-02, -1.679175019375657e-02, 5.077277005529079e-02, -6.181335820413771e-02, 2.790541803163992e-02, -1.994893866328311e-02, 4.649067512829107e-02, -4.225980979921128e-02, 1.452868634766621e-02, 9.707863085169610e-02, -2.508377060461401e-03, 8.538570422193510e-02, 7.572403552854559e-02, 6.381636795510130e-02, 4.280130113559354e-02, 2.364953044085517e-02, -8.276970281042727e-02, 1.301704355075063e-01, -1.578811270931121e-02, 5.420470453378672e-02, 2.753731117984215e-02, 4.025317501478030e-02, -6.866356081283179e-02, -1.008900895861897e-01, -7.571884654972687e-03, -3.844644026731641e-01, -1.613823176223721e-02, 1.656235448231901e-01, 2.643997710778670e-02, 2.821325433141610e-01, -2.052615316663239e-02, -3.313795329889914e-01, -7.289343515178513e-02, -3.450759740606263e-02, -5.998729840859914e-02, -2.870991669000035e-02, 7.580455547276074e-02, 1.693445526260347e-01, 2.628008574072803e-02, -6.253343209327501e-02, 7.075168051385960e-02, -8.917570063754805e-02, 2.593328919889055e-01, -1.997504408569157e-01, 1.437584016335528e-01, 3.007588353463212e-01, -2.986808839991144e-02, -2.892805573779607e-01, -1.802561035303782e-01, 8.140883675067426e-02, -3.244680269262901e-01, -3.776223577834160e-02, -6.716814236897939e+01, -2.738476038309784e+02, 2.238084470344901e+02, 4.629908120371595e+02, 4.148073157185138e+02, -4.454707818329979e+02, 1.561800561779739e+02, 2.855920931521962e+02, 4.520726924795285e+01, 3.262622459754786e+02, 3.423259112650338e+02, 2.671795855680614e+02, 3.884560985622446e+02, 6.330965094367555e+01, 1.194354126602745e+00, 4.021332870525359e+01, 2.079672133967249e+00, -6.153565424394491e+00, -1.177211392918368e+01, 1.576028681221802e+01, -1.790193102886390e+01, -8.359844274388800e+00, -6.633981611227571e+00, -1.498239432662621e+01, -2.197225049399253e+01, -8.611548828328578e+00, -3.228527995614643e+01, 1.649195149167711e+00, 1.566490230257754e+00, -3.449801138127290e+00, -1.950218753202426e+00, -2.004276667275457e-01, 1.659268362006270e-01, -1.240364004991828e+00, 1.530447593003396e+00, -1.901977799765588e-02, 7.166726628468336e-01, 7.248401806718010e-01, 1.598021763600725e+00, -8.281244592345539e-01, 3.303341031354965e+00, -5.278415925611557e-01, 3.491673994072102e-02, 3.448683677300710e-01, 8.778631548686716e-01, 2.701625080352233e-01, 2.048363796980966e-01, 1.801018629299386e-01, -2.965602796554667e-01, 1.380606745743684e-03, -1.837889805938664e-01, -1.220014258647028e-02, -1.929161401847406e-01, 3.516793270427196e-01, -5.103648584697736e-01, 1.467506987258148e-01, -1.715153450438835e-01, -4.971452571554774e-02, -5.121212368717963e-01, -8.314198060044564e-02, -1.292292586275944e-01, -9.532576761799706e-03, 1.473801163050305e-01, 5.322642560864418e-02, 9.565042322610942e-02, -5.384601714059384e-04, 3.580736942294340e-02, -1.333226675354977e-01, 1.592337264074983e-01, -4.336716706447503e-02, 1.357822421784760e-01, -2.087305672473424e-02, 2.345166886189123e-01, 1.194091310288435e-01, 2.231526535335109e-02, -2.117084927461223e-03, -7.881154768324547e-02, -3.817753863309174e-02, -3.376435648118345e-02, -1.417569924885975e-02, -6.309510853771638e-05, 5.145661255998005e-02, -8.642001442193070e-02, 2.426784186702897e-02, 9.494198246015894e-03, -1.282968646022815e-02, -1.185717558893634e-01, 4.926383647364458e-03, -4.883536369135216e-03, -3.075113450373605e-02, 4.063041557227948e-02, 2.696947254194322e-02, 1.256295180433100e-02, 1.461136733133586e-02, -9.671371598563346e-03, -2.287133174145288e-02, 5.840296029128099e-02, -3.233662805887389e-02, 1.005104060377550e-01, -1.029167851687674e-03, 4.626467935168728e-02, -3.806616038341066e-02, 4.909542329778636e-02, -5.182501503857213e-02, -6.261846901630116e-02, -8.249508046045985e-02, -1.788788907184466e-02, -1.561997705821724e-02, 1.593179450065930e-02, 4.349099761050267e-02, -8.086216574284598e-02, 1.202052435750422e-02, -6.510467154143355e-02, -1.273740307499191e-02, -5.579974108493229e-02, 9.777683942206504e-03, -1.299102651926744e-01, -1.721100874734170e-02, 1.078452569933039e-01, 6.938758060419720e-02, -4.118974951189847e-02, 2.892305493697698e-03, -4.260715086615526e-02, -5.269274916106488e-02, 8.829093096224476e-02, -3.147235141985495e-02, -1.116910439629458e-01, 7.236375290292528e-03, 2.899646281442394e-01, -1.011119463244966e-01, 3.945013373274450e-02, -9.240767159805993e-02, -3.468229067245935e-01, -5.219873367832128e-02, 8.631513412256772e-02, -4.782230602151889e-02, 4.862954429310905e-02, 4.366060425042185e-02, -1.281151873047618e-01, 6.110270963406184e-02, 1.855177799278361e-01, -1.928435337250553e-02, -1.153062768971563e-01, 6.610831244229065e-02, -2.376495576512411e-01, 1.243611507048499e-01, 4.936264748043307e-01, 7.814836282854917e-02, -6.064651487172947e-02, 2.145869787143143e-01, -5.000444601195086e-02, 1.954621773949094e-01, 7.954646015596048e-02, -5.928088671287692e-02, -3.080545962961122e+00, 7.754798650811496e+01, -1.483667806469277e+02, -2.509699467130115e+00, 5.378651920294540e+00, 9.088554793023970e+01, 1.083580784459458e+02, -1.209558709918447e+01, 1.048882492620883e+02, -2.594124222100600e+01, -1.678884651497193e+02, 1.131391891379069e+02, -3.723849404552055e+01, 7.483190003491517e+01, -9.974122092862218e-01, 1.852431992582322e+01, 3.882033197001779e+00, 2.118222566421617e+00, -1.013012536242797e+01, -3.675302127788708e+00, 5.321847616372192e+00, -5.346465855750411e+00, -1.186015242984202e+01, -6.639055909692363e+00, -1.400102765261896e+01, 5.790427248605496e+00, -1.822174141690711e+00, 3.678697091414000e+00, -2.415853080608699e-01, -1.829307797562655e-01, -6.039090605924824e-01, -8.340827953804261e+00, -3.838587183006716e+00, 1.802235338863410e+00, 9.899950090928588e-01, 2.664432388512064e-02, 9.199379376226700e-01, 4.764102692623257e-02, -6.287898320838351e-01, -1.043807917355632e+00, 5.928528382901078e-01, 1.909561520126279e-01, -1.837766713211790e-01, 7.874816834987317e-03, -1.916466887304008e+00, 3.349397826387170e+00, -2.849729131813103e-01, 5.289094517312312e-01, 8.095330802817961e-02, -2.964779365020649e-02, -1.912397998943405e-01, -1.144181381738035e-01, -2.339904710030298e-01, -5.774344248747529e-01, 4.370971051509102e-02, 9.867974810480695e-02, -1.079668689275102e-01, 8.960100348008248e-04, 1.055549604641535e+00, -3.138092455310926e+00, 2.166178530083244e-01, 1.321130329333209e-01, -1.545600703673534e-01, 1.552674556936520e-02, -3.146276009189723e-02, -5.015503011455973e-02, -7.340766785750480e-03, 4.068622850160234e-04, 6.405451526195240e-02, -1.301428294798085e-02, -4.542068482973952e-02, 3.576731233950738e-02, -2.721227717792985e-01, 2.382143071318371e+00, 2.995759252959576e-01, -5.235547800004144e-01, -3.388968407196036e-01, -1.439291573957554e-01, 7.599918648207475e-03, 2.501708257255840e-02, 2.565960768312767e-01, 1.359179483966111e-01, -2.194068617679311e-02, 1.202137349719308e-02, -7.127480563906993e-02, 1.138484047740776e-02, -6.624633110513899e-01, -1.770034193615106e+00, -2.621340276843557e-01, 9.419537022964628e-01, -2.581992178883434e-02, -7.566545553393408e-02, 2.355683014052338e-02, -5.914212028645457e-02, 1.404312809839143e-02, -4.492916232722040e-02, 2.051270826472223e-02, 5.485811762290929e-03, -1.225727067034525e-01, -1.943474289836556e-02, -6.899594672101600e-01, 8.139781431371631e-01, 6.511425015444246e-02, -8.058419176195732e-02, 1.051726554016477e-01, 5.157545661066337e-02, 1.490845654909920e-02, -7.266045565580065e-02, 9.633941303383368e-02, -3.289112300258835e-02, 3.092519283890708e-02, 1.886020121319123e-02, -9.978522568216064e-02, -7.782222341393800e-03, 1.384963520944595e+00, -5.156984103695258e-01, 6.219565933650031e-02, -1.130546900572573e-01, -9.626019984698947e-03, -8.159386442525332e-01, 1.282211843816273e-01, 1.453646658050639e-01, 2.323862285323001e-01, -1.398883065988527e-01, 1.628965994677123e-01, 7.562090275195950e-03, -3.164007178861858e-02, 2.576059873259944e-02, 2.737463154797439e+00, 1.017365022556929e+00, -2.470571028429580e-01, -7.443042668567037e-01, 3.925939291432719e-01, -2.245932659386808e-01, -1.106959101057941e-01, -4.337412942656329e-01, -5.226378586265816e-01, -4.651981315270860e-02, -5.167933410326475e-02, 7.486129276703236e-02, -7.688990765366086e-02, 2.095363166595301e-02, 2.989857735188001e+00, -3.845210276451688e-02, 2.654984267213714e+00, -4.239394780171218e-02, -1.120341995698535e+00, 8.592784605915895e-01, 3.464570117854045e-01, 5.329635427479249e-01, -8.249281866169652e-01, -3.485135094679117e-01, 5.743333438406203e-03, -3.042075270174008e-01, -1.412752295752528e-01, 1.658941381561146e+00, 1.433278353442482e+02, -1.054660892998739e+02, -8.142652718637324e+01, 4.556608052401200e+01, 2.414015862494944e+01, -5.000832555698277e+01, 2.263647108405596e+01, 3.734029313114655e+01, -1.068547065962084e+01, 2.042796707464691e+01, -5.510805602608222e+01, 2.908503079898734e+01, 3.113591898948805e+01, 3.305204216940916e-01, -3.773618104838832e+00, 9.707315327550081e+00, -2.541080471187737e+00, -2.664506032572115e+00, -9.251357809527772e+00, 5.313287961629404e+00, 5.467015143998657e+00, -2.605973763464172e+00, -1.290956328853159e+00, 2.667272165687971e+00, -1.625017270429728e+00, -7.135720837606958e+00, -3.279692672199173e+00, 4.235770553254082e-02, 4.442896748406501e-01, 1.240938470862273e+00, 2.739940461582173e+00, 1.067418057156936e+00, 8.264136708494523e-01, -8.301870810300394e-01, 2.392376989544928e-01, 8.796732316204521e-01, 4.442287668687708e-01, 1.319572600044518e-01, 7.898054701171993e-02, 5.532377132033904e-01, -9.764463757244105e-02, -3.816498005918381e-02, 6.372821882436421e-02, 1.731755476886176e-02, -1.840652081765594e-01, 3.034271652053701e-01, -2.197593253295332e-01, 2.015035448935280e-01, 2.508786077342662e-02, -3.553147857971847e-02, 8.047983409933514e-02, 6.283092391972923e-02, 1.100880184656285e-01, -7.618770815494259e-02, 5.191745609947941e-02, 1.129319021631442e-02, -2.492927143840157e-02, -3.870075808775580e-01, 3.929079067686657e-01, -1.146395344142920e-01, -9.970985188118248e-02, -8.989685915701780e-02, 2.098838920885035e-03, 2.735633151697904e-02, 8.976655938699493e-03, 1.041543565828879e-02, -1.749925950421711e-03, 4.083254476901080e-02, -9.361228903672393e-03, 6.438131299239636e-02, 9.355622551329152e-03, -1.950815598428159e-01, -2.335022251282255e-01, 1.304300630611123e-01, 6.834290947935417e-02, 1.555277205320675e-01, 3.222140564870574e-02, -2.221966027160736e-02, -5.543425898616645e-03, -3.551518672866232e-02, -2.390202939727663e-02, -6.342122679120137e-02, -9.619644049076519e-03, 3.334988823822752e-02, -1.299462704699419e-02, 2.342420534420369e-01, 2.590152955512992e-01, -7.361210679171415e-02, -2.968944358414831e-01, -1.783989907598573e-02, 7.411014756286025e-02, 2.749614264044574e-02, -7.659229505779997e-03, -1.329811855794467e-02, 1.064297378615855e-02, 5.779061878421591e-02, -1.519027981463462e-02, 2.684054163869262e-02, 1.201731343315221e-03, -1.243016527382464e-02, -1.093828216243938e-01, 1.461725441382307e-01, 1.129834581031922e-02, -9.216786436285525e-02, -5.007178688166225e-02, -9.832213257022282e-02, 6.069980186251950e-02, 1.176448158327263e-02, 1.079771816445050e-02, -7.150924713701270e-02, 6.880348570129650e-03, 4.087234839357556e-02, -7.713122176822149e-03, -1.911338823969116e-01, -4.658057672514033e-01, -1.218540901719575e-01, -1.006786432003562e-01, 1.627622389153955e-01, 2.551829183625134e-01, 8.779802177124092e-02, -9.456969501960749e-02, -1.035536005700129e-01, 2.153328457158228e-02, 3.216230596945912e-02, -2.355537914663396e-02, 2.399958938677723e-02, 1.475371670143039e-04, -5.760520771268659e-01, 2.323709440105063e-01, 3.554575628633734e-01, 1.170038846451386e-01, -1.930220667340681e-01, -4.951733520510978e-02, -5.580550305061208e-02, 1.111353142449515e-01, 2.055404475457335e-01, -2.609113692006231e-03, -5.782096252092608e-02, -4.735361798425430e-03, 3.771735554841255e-02, -9.422322853477879e-03, -1.079192566927486e+00, -1.596341275224672e+00, -9.828950034225685e-01, 8.197593364077882e-02, 1.478766071348798e-01, -1.837700740499257e-01, -1.600918328545500e-01, -2.003416354293469e-01, -4.920376164314372e-02, 1.815718546708441e-01, 4.453306836496321e-02, 7.561911771225686e-03, 4.916870558481378e-02, -3.267334196183500e-03, 1.852063305180032e+03, 5.241054012892883e+03, 1.586616048603287e+02, 1.416416954688997e+03, -8.119880181983051e+03, -4.254564879577385e+02, 7.670433269064514e+03, 8.346372281920034e+02, -8.526662424394117e+02, -3.555604871647452e+03, -4.011324922971158e+03, 3.975185720093878e+01, 7.821317033808446e+02, -8.293538820632776e+02, 4.237879404585788e+01, -6.199897039245637e+01, 2.200418409500386e+02, 3.620540958179432e+02, 6.863925314320243e+02, -6.605214270531576e+01, -3.967560093576959e+02, 1.127228732853296e+02, 3.838326209715742e+02, 4.405862303350746e+02, 4.938398649565808e+02, 1.172990102755090e+02, -9.515407278498762e+01, 5.584716982880769e+01, -7.025785122848139e+01, -1.319721478772972e+01, -3.849162554531217e+01, -6.967254259477627e+01, -7.942451028551658e+01, 2.386450447037519e+01, 4.932881178980729e+01, 4.015633844384807e+00, -2.932136031629054e+01, -2.806900445581190e+01, -3.770512882606950e+01, -9.020109824143246e+00, 5.818308332512848e+00, -5.819312070995490e+00, 5.232874520981031e+00, 2.782045085702000e+00, 6.038430360303721e+00, 1.255732565317143e+01, 1.204830400825072e+01, -4.417194693515635e+00, -7.797861654436097e+00, -1.893580651107904e+00, 4.277462866030792e+00, 2.714913566631760e+00, 4.271842778286492e+00, 1.399280343260213e+00, -4.899301981500686e-01, 1.053671271855840e+00, 7.911187153161541e+00, -5.407984491684830e-01, -7.967021059224549e-01, -3.386770027246097e+00, -2.211078698044557e+00, 6.200927916458332e-01, 1.516426601417740e+00, 2.763218634378269e-01, -1.668881679703955e+00, -6.754835708918099e-01, -7.965114550338285e-01, -5.503074898072975e-01, 1.513618210494038e-01, -3.496526229515992e-01, 4.933753417232807e-01, -1.984051550186011e-01, -1.126703248403185e-01, 9.883468562901534e-01, -7.972218765460617e-02, 1.722445721023896e-01, -2.956308328068223e-01, 1.648013398775713e-01, 1.091248368657059e+00, 4.241753521597316e-01, 2.796561781903010e-01, 3.305306870794022e-01, -7.450023306641100e-02, 2.208352362551286e-01, -4.893071839805189e-01, 4.469756725833575e-01, -1.227182137241842e-01, -4.297174170900016e-01, 2.607739632227589e-01, -1.154882051513679e-01, 3.475454022844942e-01, 3.068339943628680e-02, -6.898071545566441e-01, -2.445444743834210e-01, -1.377673179627313e-01, -2.307171156859800e-01, -3.245534974162838e-02, -1.687462533580198e-01, -8.152646452860699e-01, -2.217292649835196e-01, 1.018006274178336e+00, 1.356330698583251e-01, -1.121926011157397e-01, -2.011177697198601e-01, -6.991744423818268e-01, -3.576487664770063e-01, 2.872507090730229e-01, 4.181579036705765e-03, -1.323923686762414e-01, 7.058587131944346e-03, 1.924602964538158e-01, 2.428320714719034e-01, 4.121806776099026e+00, 3.433688012504416e-01, -2.258432767465626e-01, 2.159323741957249e-01, 4.486899857579524e-01, 9.607572965210832e-02, 6.834452672895094e-01, 3.246732243306218e-01, -1.922764714239763e-01, 1.339169146418495e-01, 1.869337030087357e-01, -6.554159782102890e-02, -5.347232031613598e-02, -2.577058545017488e-01, -1.996703940632295e+00, -3.227879059964911e-01, 1.837509929803233e+00, -4.463849297158133e-01, -1.053061650464461e+00, -2.111550978884471e-01, -7.000268271476733e-01, 2.102575398817926e-01, 3.574995424068455e-01, -1.035251424022294e-01, -2.303264742433185e-01, -2.615975746428139e-02, -1.954952960109986e-01, 2.577854494561372e-01, 5.517621442764089e+00, -2.837849372360361e-02, -2.036846401492011e+00, 1.713540951954002e+00, 6.066807292991652e-01, -1.617134128036211e-01, 9.080156867008511e-01, -5.488178804371177e-01, -1.244112627512236e+00, -7.426995497089032e-03, 1.294429312388057e-01, -6.128872428317806e-01, 6.314726371901691e-01, -2.422936314092257e-01, -4.574332607617195e+00, 1.039253435450398e+00, 5.708615839181643e-01, 2.892054091955013e+03, -4.195010992471622e+03, -3.363920816864444e+03, 6.249504640575195e+03, -4.870818174330085e+03, -3.283077051862930e+03, -6.026367513568428e+02, -5.071687184191759e+03, 3.410571613873685e+01, -4.802393932653424e+03, 4.725316821401168e+03, 6.041988795423695e+03, 3.001733230850576e+02, -2.970477665972188e+02, 4.448112560054934e+02, -1.747684379866209e+02, -6.661814224316112e+02, -1.295100504785847e+03, -3.997752763946723e+02, 7.553566187694630e+02, 3.197518171349802e+02, 3.208068739884378e+02, -2.409113282507646e+02, 4.973992066259922e+01, -5.627061110641062e+02, -5.785084104629518e+02, -4.248619277960368e+01, -5.217667959696000e+01, -8.792530123083377e+01, -1.255784522119013e+01, 2.720098686426527e+01, 5.690729573257150e+01, -2.412453115572971e+01, -4.285107144154273e+00, 2.673596017816581e+01, 2.160474615355265e+01, 6.652328847839836e+01, 2.279743847196488e+01, 6.948914065457123e+01, 6.266028421360089e+01, 1.057733202501028e+01, 1.123562382386528e+01, -3.399117729862064e+01, 6.463505110313637e-01, -6.207330614239908e+00, -8.920815265381046e+00, 2.330363038797084e+00, 1.461059943827705e+00, -2.735625062339801e+00, -1.691001434332660e+00, -8.845409969014236e+00, -9.556808250124504e-01, -9.439080779317173e+00, -8.540015911244614e+00, -3.901261509382313e+00, -2.617157774074748e+00, 1.909999094698300e+01, 8.389912637289384e-01, 2.649555166087892e+00, 3.455070542825401e+00, 6.639479575734096e-01, -1.292430848229538e+00, 1.177913573105852e-02, -6.164751009986060e-01, 1.441525976374148e+00, -6.969156354239184e-01, 2.085452810928672e+00, 1.799251767000654e+00, 1.612403381644081e+00, 7.803849626910041e-01, -4.812449084152385e+00, -6.929942112231418e-01, -2.045751964321564e+00, -1.227117722314850e+00, -8.896959143576449e-01, 8.161287570390398e-01, -8.391534780953139e-02, 6.372974423124854e-01, -2.507025997540627e-01, 6.474259813374192e-01, -8.761873382257009e-01, -6.263243753529081e-01, -6.637438122573958e-01, -2.854391656748097e-01, -2.946646585354772e+00, 3.605698527604366e-01, 1.270776241323901e+00, 9.594701686245752e-01, 5.266332508082056e-01, -1.618078270239008e-01, 4.021417760934946e-01, -2.854397017371509e-01, 2.053756511589128e-01, -2.627096084818496e-01, 6.968014413586046e-01, 4.225274608003478e-01, 2.389367062618638e-01, 1.258052659527427e-01, -5.824840982442548e-01, 2.748645377530552e-02, -2.317515040683931e-01, -9.888753980384347e-02, -8.182523524547232e-01, 2.028162268194770e-01, -1.945232841427194e-01, 5.430550875267966e-02, -1.578415198166191e-01, 2.207168436298350e-01, -6.159660743174227e-01, -3.212716469365506e-01, 5.960830323497261e-02, -6.414492091638668e-02, -1.947310577740470e+00, -1.848450850767454e-01, -1.583529076616046e-01, 2.810416995168317e-01, 9.207026397385737e-01, 4.124352084644809e-01, -2.720880184054088e-01, -1.091081202485903e-01, 1.101972546375376e-01, -1.806209644786887e-02, 5.660102647151182e-01, 2.117327365626316e-01, -6.496274421468691e-02, 5.715764409669577e-03, -2.096241583675211e+00, 6.446875553422330e-01, -1.368354668511031e+00, 7.234718696937240e-01, -6.630550272084319e-01, 2.710963539781300e-01, 6.847122974109016e-01, 6.124695245306125e-03, -1.832323639120428e-01, 3.320674847934504e-02, -6.718940536572483e-01, 2.276779357427055e-01, 9.439819804139590e-03, 5.743250024535633e-03, -9.967509584384638e-01, -1.295189034036428e+00, 2.361351856600037e+00, -2.026177880600280e+00, 5.956550377783943e-01, 1.063927675906445e+00, 3.674669143908858e-01, 1.073139743528688e+00, 6.252486151860341e-01, -9.459292460341140e-01, 3.206120836604090e-01, -5.815856010318825e-01, -1.768859440289314e-02, 3.178537612315224e-01, -1.682230868223439e+00, 1.407941131549436e+00, -8.110775567298365e-01, 2.368643860683391e-01, -6.726252000806993e+02, -7.171307021966962e+02, 2.306918789784801e+03, -5.920825838738298e+03, 1.204345616118896e+03, 5.015173841789840e+03, -3.289587064507940e+03, -1.284302556672001e+03, -3.509637971013449e+02, 1.439628373729909e+03, 1.534958028434930e+03, -2.808349392647671e+03, 1.023812320336013e+03, 3.219532625659978e+02, -1.672660880446502e+02, 7.004585388749034e+01, -4.463199586273646e+01, 5.691907563665460e+02, 1.519501565043757e+02, -6.316437636634355e+02, -6.122723125866772e+01, -4.367984962969886e+01, -4.120542011474868e+01, -5.301506226671282e+01, -8.805789491642342e+00, 3.838678702437517e+02, -2.084724892880309e+02, -7.256260957902111e+01, -1.191786785540374e+00, -1.048597561638438e+01, -6.453433508260470e+00, -5.941393259708364e+01, -2.158414888650673e+01, 5.715607987797892e+01, 7.202932141428279e-01, -1.397772052203316e+01, -1.777648708251761e+01, -1.587485079559456e+01, -1.934234181923252e+01, -5.438126955513329e+01, 3.108461400432141e+01, 7.914639525879581e+00, 2.282894777152316e+01, 2.877526769744674e+00, 3.127940452710543e+00, 1.294207335408713e+01, 6.994595842876041e+00, -1.026523442224374e+01, -2.413914959974034e+00, 1.009978461010525e+00, 2.305976400889723e+00, 1.963410327974644e+00, 3.349252616787501e+00, 9.087977289051100e+00, -5.197098350083439e+00, -8.111456438091749e-01, -3.244529106697431e+00, -1.661305675209874e+00, -1.214255657335528e+00, -4.669873070855584e+00, -2.774980564178165e+00, 2.887417319104098e+00, 1.580435112641357e+00, 2.847458009507663e-01, -1.890495137624871e-01, -2.100304409022354e-01, -8.575221120714955e-01, -2.416057444335967e+00, 1.352902870772422e+00, 1.676743140376785e-01, -6.117880164347784e+00, 5.565634521542533e-01, -9.648343107151466e-02, 1.603662947740423e+00, 1.096257923380209e+00, -1.324132208419586e+00, -8.847791182689124e-01, -2.983842745873846e-01, -1.628123559468591e-01, -5.388624138717395e-02, 2.805620120954543e-01, 9.988119674042669e-01, -4.522206789041391e-01, -1.180195637589415e-01, 8.928806065061590e+00, -4.744557786971818e-01, 5.911318449510577e-01, -1.072189129748438e+00, -6.174960323621662e-01, 8.458114316979336e-01, 8.452688536964937e-01, 2.307604117748482e-02, 1.708344099852114e-01, -5.454608068038683e-02, -3.333760599202477e-01, -7.597436000441281e-01, 2.811527866648303e-01, 1.496688189203131e-01, -4.751839312223400e+00, -2.320013479586096e-01, -3.063790696427375e-01, 6.904681874695482e-01, 4.246033734397723e-01, -8.652092116836531e-01, -6.344243634450911e-01, -4.245058643007564e-01, -1.453633058365040e-01, 9.838342316209137e-02, 1.955485660191815e-01, 4.765028387430940e-01, -1.757349427713485e-01, -1.481771632133181e-01, 4.615390343823390e+00, 2.638836021427081e-02, 4.619968283351157e-01, -5.047945559803338e-02, -2.738421519403708e-01, 6.418868544866437e-01, 6.167014017757732e-01, 2.468816715234562e-01, 2.198994471092027e-02, -1.155697586920074e-01, -1.231776291313251e-01, -4.736171054381395e-01, 3.302429765897479e-01, 2.790693938382963e-01, -1.720239840712113e+00, -4.099606028794861e-01, 9.695194276557557e-01, 2.996056405896825e-01, 3.882493485269890e-01, -2.658154059110078e-01, -4.074543714709452e-01, 6.933972687494210e-02, -5.390625838910459e-01, -1.021474818978524e-01, 2.485213521088204e-01, 6.551505288508843e-01, -3.365511797277123e-01, -3.857877867759649e-01, 5.454323862164342e+00, -3.200862847240271e-01, 3.883222623326546e-02, -8.116574607561075e-01, -1.243437375031331e+00, -7.885581983017512e-02, 2.414057874739731e+00, -8.690871002634123e-02, 1.440361263681229e+00, 6.235919275951370e-01, -6.470323778176084e-01, -6.238850523282748e-01, 6.303929171220968e-01, 6.687205920093650e-01, -3.431953565867564e+00, 9.874261010114246e-01, -9.338956026090842e-01, -4.605819880474753e-01, 2.143661018394743e+00, 5.112337944579137e+02, -1.051599388041541e+01, -5.633887437241975e+03, -2.891719476441357e+03, -2.214538992402820e+03, 1.233968675396163e+03, 1.415006618827534e+03, 1.138135349665963e+03, -1.701685604449467e+03, -1.861431188351605e+03, -2.265257253834487e+03, -1.180916010811922e+03, 5.715295265212945e+02, 3.558873736522776e+02, 4.054260139160628e+01, -1.141749516891575e+01, 2.547212303866413e+02, 6.186037825008254e+01, -5.562107242148672e+01, 1.102168484660413e+01, -2.801288546666039e+01, -1.382728063391479e+02, 6.262313614406891e+01, 1.775158195774473e+01, 1.039243471289986e+02, 4.738106394923357e+01, -7.433518301537120e+01, -8.950827495256571e+01, -3.800030663142466e+01, -1.104500278861139e+01, -2.456585074297336e+01, -1.723152365778420e+01, 3.915388007993096e+00, 3.079385877639211e+00, 3.008341072110473e+00, 1.546978092886714e+01, -2.337990312072990e+00, 2.452866347818272e+00, -7.383261120918943e+00, -6.604638053132462e-01, 6.571132204880540e+00, 1.178921097454279e+01, -1.042483344423192e+00, 2.509884993215657e+00, 3.399511063961898e+00, 4.385548453512847e+00, -4.096413838599446e-01, -8.848331062396738e-01, -6.580149700521158e-01, -2.951785832337246e+00, -6.144347183829926e-01, -9.454314295448123e-01, 4.938851195916406e-01, -7.484745536176618e-01, -3.081998146765970e-01, -1.928414910777775e+00, 6.324948299516028e+00, -2.066386207281327e-01, 3.434674341837354e-01, -1.282294195951646e+00, 8.357849523983187e-01, -1.430655148550636e-01, -2.266482698474087e-02, 7.375292137714085e-01, 3.164156121029176e-01, 1.746509957620608e-01, -1.069521485843304e-01, 2.912364906376320e-01, -5.471358079702170e-02, 5.416961208611968e-01, -6.806645567572948e+00, 1.716654140785849e-01, 2.845271449320422e-01, 5.171153397353031e-01, -3.299512108953898e-01, 3.348929878102814e-01, 7.505848932079848e-02, -1.429792048921839e-01, -1.129094234235424e-01, 7.571775561786420e-02, 1.915923259911566e-01, 2.189192241847472e-02, 3.127905992700301e-02, -2.958858201177626e-01, 6.253081626092647e+00, -2.210858249062486e-01, 2.844958866783959e-02, -1.952571410675547e-01, -2.081675673827015e-01, -1.904317594735057e-01, 1.905598214267224e-01, 2.089501270581702e-01, 2.780062086321342e-01, 1.681528815123565e-03, -5.782777654167576e-02, -1.301849381181298e-02, -3.260703365930797e-02, 2.075765211323439e-01, -6.096215106179590e+00, 5.561034279912553e-02, 3.917942294162413e-01, 7.707950735248689e-01, 4.835927343897730e-01, -3.660510202932291e-01, -1.583628301637454e-01, -2.228884812434457e-01, -2.375629866474637e-01, -6.869223804475100e-02, -9.141349567738657e-02, 2.312639052981160e-03, 7.681816941740749e-02, -2.102861526038169e-01, 4.477294245603183e+00, -1.334996510575072e-01, -2.690463052535416e-01, -2.835059806366162e-01, -7.990580366943130e-01, 6.363095977363952e-01, -3.596208313611074e-01, -1.356428341783713e-01, 1.487491103092811e-01, -1.246231663210287e-02, -4.098617606105218e-02, -1.194045086402265e-01, 1.930864761416249e-02, 2.650422694529568e-01, -4.549661637215006e+00, 3.622044446168787e-01, 2.715939055852493e-01, 1.715166747013717e-01, 8.268561506460794e-01, 7.388368291051536e-02, 2.234922480526872e-01, -3.360735464132197e-01, -1.666330356515417e-02, 2.240553532302253e-01, 3.670381352735741e-01, 3.997877047862008e-01, -7.919829929259777e-03, -3.700015650263629e-01, 5.284941917494354e+00, -1.129671517559240e+00, 6.697577354218234e-01, -4.238982041602855e-01, 6.278545670488820e-01, 1.124351421540921e-01, 1.889374165762981e-01, 1.535103494570536e-01, -8.550750135714510e-02, -3.229107430777828e-01, -8.338089298987267e-01, -3.501386564012179e-01, 4.688696818028653e-01, 5.606411097628218e-01, -2.239671814637706e+00, 1.557502159672533e+00, -1.129113444967770e+00, -8.076789497283070e-01, -3.876715099429440e-01, -1.654856813806363e+00, -5.277198942560781e+02, 3.835276213686284e+00, -1.680248920088454e+02, 2.244814511403152e+03, -4.099515168037996e+03, -2.872171682507741e+03, 4.492257081299123e+03, -3.523832057904995e+03, 1.634779340396811e+03, -8.260353884994529e+02, 2.877663320177502e+03, -1.541635807038021e+03, -2.075336250597725e+02, 1.944840874633199e+03, -1.575783416366534e+02, 4.732656522605976e+01, 1.448602076569124e+02, -3.988990153789343e+01, 4.188838418226192e+02, 3.980966027036521e+01, -4.251316902666704e+02, 1.968852932358543e+02, -7.611083375836976e+01, 1.661418445194987e+01, -1.091922110970621e+02, 1.247940078368497e+02, -4.766448162580231e+01, -1.283307920183838e+02, -2.318096792865101e+01, 2.204386044585966e+01, 1.774306345695971e+01, 4.580190234733438e+01, -4.272931183073780e+00, -2.479062827007641e+01, 2.423666167401351e+01, -2.945207976767384e+01, 1.772836545981223e+00, 1.784635622346295e+00, 5.376940023669609e+00, -9.409284424563316e+00, 7.106681090758205e+00, 8.159635902803695e+00, 7.837451829053315e+00, -2.645454693987683e+00, 6.892737690525109e-01, -4.905175371386222e+00, 4.418765942923860e+00, -1.678509683678160e+00, -8.075141028007573e+00, 7.308969070840022e-01, -3.408236573855364e+00, -3.021078938853039e+00, -1.717591777752750e+00, 3.386104035812513e-01, -9.014841795065353e-01, -2.718498910519654e-01, 3.846434291186332e+00, 9.730583149840761e-01, -1.586146169293928e-01, 1.902475245859246e+00, -1.371830999519262e+00, 7.460675775290645e-01, 2.125496470548072e+00, -2.025633963249060e-01, 9.041331711080240e-01, 7.851817343433428e-01, 3.218073785776461e-01, 4.836114066753923e-03, 2.720453095838668e-01, -2.603091373613213e-01, -1.071841134464933e+00, -5.491163558045724e-01, -9.470123334225845e-02, -1.355054185240946e+00, 3.374970879297076e-01, -3.829027155891380e-03, -4.746558070684828e-01, 5.071600048520396e-01, -4.564679107266189e-02, -3.681194992971061e-02, 1.232637746019561e-01, 1.321505256437772e-01, -2.002996417107299e-01, 2.827607277050270e-01, -3.933232219884377e-01, 3.436219681357037e-01, 3.162823420443873e-01, 3.775686095757803e-01, -3.857184708369067e-01, -1.929463703305792e-01, 7.499792025014965e-02, -3.675805278347841e-01, 3.481981547679304e-02, -4.222911537748218e-02, -1.499089284059142e-01, -7.520560747647001e-02, 1.074274042764459e-01, -3.343447254836994e-01, 2.388266022980425e+00, -2.471758630646458e-01, -5.738590504747586e-01, -1.880138353330859e-02, 3.702022236277731e-01, -2.289310619329369e-02, -3.300079940285306e-01, 5.089568383631021e-01, -1.779694691795369e-01, 2.790074023405727e-02, 1.741355157839376e-01, 1.213373627469952e-01, 1.049178475220622e-03, 2.799504845476889e-01, -2.138639656636788e+00, 2.254423011389431e-01, -3.463144543882922e-01, -2.257198352473221e-01, -2.121093396136360e-01, 5.332962198084795e-01, 4.543306956907553e-01, -7.467198296128311e-01, 4.027319657431868e-01, -7.252199466314919e-02, -1.437856188115963e-01, -2.046689777944869e-02, -1.269306028676753e-01, -2.750738202685379e-01, 4.805959948725395e+00, -4.644268309116941e-01, -6.549018062547795e-01, 5.208762030664588e-01, -1.710694772951438e-02, -6.992737761213498e-01, -4.695649413231894e-01, 7.234629335207868e-01, -7.886892085134481e-01, 3.037618392844307e-01, 2.349243624814663e-01, 2.705863912610714e-02, 2.214853731048469e-01, 2.425514904489096e-01, -1.584574060293616e+00, 1.487478947871387e-01, 1.027153776116826e+00, 3.675079470153479e-01, 1.606298654319915e+00, 9.212867094297557e-02, 7.215081299554200e-01, -2.124144666008409e+00, 1.005956550947562e+00, -2.407821768567647e-01, 2.242104529036739e-02, -6.035606004947220e-01, -6.029146872987934e-01, -4.372783944338838e-01, -3.644189546658945e-01, 5.046900793320349e-01, -3.630162283280642e+00, -1.718985142439477e+00, -3.511248664600566e+00, -1.674055953228452e-01, -4.407643501815801e-01, 2.683607204444448e+02, -1.728127943169217e+03, -4.177078133856176e+03, -1.962274432493853e+03, -2.941113214027826e+03, -1.151015479620353e+03, 8.487014233712300e+02, -1.498238245503242e+03, 9.550008296187544e+02, -3.793459156482015e+03, 1.316076941884008e+02, -2.385136969530503e+02, 1.372328985361081e+02, 2.814295100408635e+02, 2.104216047106485e+01, -2.130626171225281e+02, -2.204931279966426e+02, -3.661938345588408e+02, -2.295397638908694e+02, 2.852422743923569e+02, 2.852715907930834e+01, -3.917876133543908e+01, -2.244202480373201e+02, 2.671236429902379e+01, -2.022016989625131e+02, -1.376108562845390e+02, 4.932842809728769e+01, -1.251376237236885e+01, 1.196345546689340e+00, 2.346231711409271e+01, 3.133527773564554e+01, 3.967942252223928e+01, 3.212306555279378e+01, -2.616109406041262e+01, 5.813571492165193e-02, 1.221608210473582e+01, 2.694054026273432e+01, 7.323890356081792e+00, 2.700619732671722e+01, 2.013312524548554e+01, -5.183497496133754e+00, 1.722879102808519e+00, -6.723041953144055e+00, -2.055543318223059e+00, -3.470550557702576e+00, -3.197702372906558e+00, -4.804994910970157e+00, 2.512957175053222e+00, -1.228706963620195e+00, -1.955236988348013e+00, -3.236219458222906e+00, -3.138670597057022e-01, -3.267295912222908e+00, -2.532978085219757e+00, -4.842092801907825e-02, -6.542389876097329e-01, -3.581107348342940e+00, 2.348191221856017e-01, 7.097312968530390e-01, 4.201758166528073e-01, 1.640623776652512e+00, -7.429574513505386e-01, 1.347324203460307e-01, -1.462126542949373e-01, 8.605466699320560e-02, -6.626349327024577e-01, 2.489343713604703e-01, 2.210736134759587e-01, 2.703515869399528e-01, 2.233315638857737e-01, 4.925856596226682e+00, -8.414902594808507e-02, 3.858580004954451e-03, -7.507742461284961e-02, -5.293400331422556e-01, 1.634816218039826e-01, -2.791064198613217e-01, 7.709621609031203e-02, -4.357042342273094e-02, 3.132292906540536e-01, -3.724683422791012e-02, 2.252915912473804e-02, -9.293533068958974e-02, -4.561035526418994e-02, -2.197592764636434e+00, -1.031177387197103e-01, -6.318850245672770e-02, 5.687587947165727e-02, 4.102555187535864e-02, 1.105374696992407e-01, 3.377716114258738e-01, -6.354526832415504e-04, 2.720492174502248e-02, -1.730691147683328e-01, 8.915149498244571e-02, -6.071575272615053e-02, 7.756711618187037e-03, -3.165396178748854e-02, -1.779598069782406e+00, 5.317087308542114e-02, 1.515825758421323e-01, 3.259292988125989e-01, 1.395909550378574e-01, -2.000226588745816e-01, -4.309649494822465e-01, -1.552252458075465e-01, -6.096225224957500e-02, -2.794517814368650e-02, -1.830156953579532e-01, 2.903270764306575e-03, 1.086360676234202e-01, 7.455182596665701e-02, 2.919401485688781e+00, -1.062024348768249e-01, -2.791429340291001e-01, 2.188471557856347e-01, -4.025211036000462e-01, 4.023997683792525e-01, 2.017093136611145e-01, -3.765318901881242e-02, 1.332469462233308e-01, 1.574155865959389e-01, 3.082993485563765e-01, 1.913559083575020e-02, -1.415588824717411e-01, -7.929211890239643e-02, -3.054320228736526e+00, 1.923858797824935e-02, 4.421462899891163e-01, -4.752785287061491e-01, 6.646091223528966e-02, -9.298507472946040e-02, 6.674012266026826e-02, 4.349397357695705e-01, 2.557349542701839e-02, -1.308695573792322e-01, -2.382971992358587e-01, -1.779585392126849e-02, 1.697755611221959e-01, 3.326187357866232e-02, 7.511196818952586e-01, -5.374213918739339e-02, 5.958702814527888e-01, 2.298158011561213e+00, -1.839775959894691e-01, -9.479625629335213e-02, -8.940646026775991e-01, -9.467301002104757e-01, -7.066687402391622e-01, -2.029897043239878e-01, -1.477790652766269e-01, -4.434872331367394e-01, 2.968842835642637e-01, 7.454354894016599e-02, -1.290848094937367e-01, 1.644435753954715e-03, 1.753455305976195e+00, -2.911401198063987e+00, 7.044117132610094e-01, 3.531488965610110e-01, 2.860050015771849e+00, 9.115105199741368e-01, 6.107281979436253e+02, 4.645520299180050e+02, -1.338059525066847e+03, -7.080626314215974e+02, -3.557094473088910e+01, -3.219824213609680e+02, 2.788498709039676e+03, 1.155491187191265e+03, 1.069903956950751e+03, -3.391367375431947e+03, -8.528707704547504e+02, -9.228871260525129e+02, -6.240907255411463e+02, 1.846558979936711e+02, -7.986955183954009e+01, -3.353749865907286e+01, 1.510444108771401e+02, -4.833686538784923e+01, -8.505092653595878e+01, 1.794455519255396e+02, -4.787915978472071e+01, -9.253477447514971e+00, -2.585433861035279e+01, 2.021517809602988e+02, 2.342039064242389e+00, -3.296074282214951e+01, 5.125294660656886e+01, 2.424704853190113e+01, -3.424927459636250e+01, 1.220539410920315e+01, -5.730662899667832e+00, 2.310127632757041e+01, 2.017250601645469e+01, -3.079402261971348e+01, -5.257914971828630e+00, 4.345574633461908e-01, 5.746893405812366e+00, -1.161513797566614e+01, 8.186580076461112e+00, 1.243982624740675e+01, -6.883707530097056e+00, -6.224736452120173e+00, 5.836935849275169e+00, -1.501572629707028e+00, 2.797827467866569e+00, -3.401459620947541e+00, -5.928177806610015e-01, 3.315995864208642e+00, -6.522872840901953e-01, -1.936045707162428e+00, -2.650477473606963e+00, 7.732524097823441e-01, -2.168405906917890e+00, -2.819689335650377e+00, 1.187801137902834e+00, 1.389637418129809e+00, 1.407733704213201e+00, 5.922432457809147e-01, -7.655856819115917e-01, 1.301967756070892e+00, -6.730136809936969e-01, -9.105644220631771e-01, 8.208225622845083e-02, 4.113583132500260e-01, 7.150409027508918e-01, -4.885747228216157e-01, 3.179087551352343e-01, 7.296809461049754e-01, -2.145649292907871e-01, -3.884091660533482e-01, 2.301977818956293e-01, -2.984810153141886e-01, 4.240933610534839e-01, -7.704390844473754e-01, 4.707249023814842e-01, 7.443280542088374e-01, 6.623501026796069e-02, 5.873314580775863e-02, -1.787097015017533e-01, 5.579893729204654e-01, 1.272499419849683e-01, -2.296354061993621e-01, -2.368976443397088e-02, 8.042473117688075e-02, -2.707406848183576e+00, 7.760064524932006e-03, -5.484719340448191e-01, 2.068729395957022e-01, -5.840756724244139e-01, -4.996635839967157e-01, -1.720877519768598e-01, 1.021428165153969e-02, 1.560650788848130e-01, -4.431531818277805e-01, -1.274709556788671e-01, 7.745824863765960e-02, 5.891733409079624e-02, 1.416554681534886e-02, 2.105310493007540e+00, 1.716980785886102e-01, 1.181223134496822e-01, -2.626743828048170e-01, 4.446418788685949e-01, 6.797755268117360e-01, 8.003408654804388e-02, 5.645949557478146e-02, -2.112444753733275e-01, 5.028991613153179e-01, 9.104671332260254e-02, -4.324894058876240e-02, -1.173289567931729e-01, -1.123532407878239e-01, 1.276033436990603e-01, -6.053010124087219e-01, -4.765743351621982e-01, 3.261573379531423e-01, -5.001142572068864e-01, -2.694594540258865e-01, 1.474990178994104e-01, 1.871448291547846e-02, 3.895063004066421e-01, -4.262208766532862e-01, -2.980685248975958e-02, 4.864996007150898e-02, 1.407588515145688e-01, 1.534579331267305e-01, -1.430023154050030e+00, 6.769723263247664e-01, 3.033896125275473e-01, -7.404220709728534e-01, 3.266602494062736e-01, 1.946662973153950e-01, -6.057505904571198e-01, 8.273575537544839e-02, -5.253624891293187e-01, 5.619507733225872e-01, -8.815098972397237e-02, -2.187882908861612e-01, -1.677378469008112e-01, -2.090487276459025e-01, 1.383741396338624e+00, -9.428084518275885e-01, -2.351022913552812e+00, 7.701176214928930e-01, -6.538885746437595e-02, 7.447276672348866e-01, 1.321061176428107e+00, -4.851191372915009e-01, 5.571550321192620e-01, -5.959299937731567e-01, 3.244961543526099e-01, -9.178492604529416e-02, 4.270823497987136e-01, 2.304321183256463e-01, 1.328074740524250e+00, -3.759389200611550e-02, 9.244098340105643e-01, -1.516132928690624e+00, -8.969391586245403e-01, 9.195271074443138e-02, -1.739265280055913e+00, 7.033059553280971e-01, -1.159501875937484e+00, 1.537967011042273e+01, -6.350443762781488e+02, -7.921177818576173e+02, -2.977456251454199e+02, 1.969249904527691e+03, 1.433359842029663e+03, -3.342900398467668e+03, 3.331241927626007e+02, 4.502594893499619e+02, -4.728315995614358e+02, -6.664427057962101e+02, -4.741601631734654e+02, -1.115436743115700e+03, -1.716470211421959e+03, -3.180296196855552e+01, 5.678913373760024e+01, 1.681976682788916e+01, 1.157309899949576e+01, -1.760149240795980e+02, -1.810200229690783e+02, 2.108890455887569e+02, -1.071671046202824e+02, -2.261367510783655e+01, 4.236724513606452e+01, 8.326840394963460e+01, 5.786590805146693e+01, 6.931629696248244e+01, 1.249159085594604e+02, -2.830478150507250e+00, -8.928956331589912e+00, 8.528283490223235e-01, -1.837809885161076e+00, 2.152669520767510e+01, 1.726491007464977e+01, -2.100295236654022e+01, 1.003453289108357e+01, -3.125763131737172e+00, -5.176918316593492e+00, -9.706471140826260e+00, -5.257421110962788e+00, -6.888535555364867e+00, -1.249493470207912e+01, 4.763087645904256e+00, 2.869315880111408e+00, 3.922406578274094e-01, 1.398987410637502e+00, -2.846190958597949e+00, -3.350926088965163e+00, 2.207621275549433e+00, -1.595152920985925e+00, 1.149130686780135e+00, 7.016271990348631e-01, 1.825643621436250e+00, 8.670482368194418e-01, 9.357360548554403e-01, 1.903853107097460e+00, -9.316293595356885e-02, -1.469756581183595e+00, -1.658341868112351e-01, -7.253361380041570e-01, 7.416505378907915e-01, 9.423761142121136e-01, -1.318513876512505e-01, 3.587982529314860e-01, -3.819458082713566e-01, -5.907871447651365e-02, -5.820323876461247e-01, -2.502887907101091e-01, -2.148607129811557e-01, -4.990795110031578e-01, -2.231609810936047e-01, 7.369742456806766e-01, -2.041412988835163e-01, 2.109981679089757e-01, -4.198865646040148e-01, -2.790140160340730e-01, -1.316811266198915e-01, 3.138298035629049e-02, 2.921817996045926e-01, 4.213000167935357e-04, 3.994683111684543e-01, 2.048838190091338e-01, 3.531506874718176e-02, 1.852625767983078e-01, 2.359284978090727e+00, -5.318649517873684e-01, 2.116930980584493e-01, -1.625947711902221e-01, 2.068370190391908e-01, 3.259845937952789e-01, 2.724352351227263e-01, 5.820597246309833e-02, -6.798627966713651e-02, 9.852904194087309e-02, -1.360426198860553e-01, -3.605213687632607e-02, -7.213876350464433e-02, -1.028286025884434e-01, -2.183586875896325e+00, 3.024306904060068e-01, -2.853475033639949e-01, 4.695422825682425e-01, 7.462683288757352e-02, -2.942608275976172e-01, -2.604860657342131e-01, -1.031430772565905e-01, 7.038207653423805e-03, -1.355138637821745e-01, 5.699936039963144e-02, 2.161808349671803e-02, 4.174240428051104e-02, 7.620474420204564e-02, 1.809730467828303e+00, -2.000130564124316e-01, -3.300039225251587e-02, 4.190561814320091e-02, -3.771269768718559e-01, 1.791255523867355e-01, -2.994020250076689e-01, -7.303051626507388e-02, -6.338457474971353e-02, -5.039864525413439e-02, -2.326898177657131e-02, -2.548461745246195e-02, -3.450025067870485e-02, -7.705152485050343e-02, 1.325575594051512e+00, -5.985490818751091e-02, -3.929986613797514e-01, -6.355941588878047e-02, -4.525266903094729e-01, -1.411840855714069e-01, 5.398368331871138e-01, 8.692097657888541e-02, 2.918414061424763e-01, 1.867738845058066e-01, 2.209863728662298e-01, 7.582819463065963e-03, 4.768209131540958e-02, 8.753827390875314e-02, 7.239430510167594e-01, -3.727573257476146e-01, 2.657358379087096e-02, 2.586920807453054e-01, 1.405622700526608e+00, -5.224984729424025e-01, -1.138947536950568e+00, -1.053865761860037e-01, -3.299611365528900e-02, 1.031145117239489e-02, -5.909093572267294e-01, 1.704137228463318e-01, -1.765325722207957e-01, -1.234290570096448e-01, 1.842626593625413e-01, 2.234363398879220e-01, 1.461143533638420e-01, 2.485863542412994e+00, -1.670020478162457e+00, -5.519325146373443e-02, 7.004838942694853e-04, 1.971886440524407e-01, 8.892892687900507e-02, 2.924805457119983e-01, -1.337380558209595e+02, -9.776666559601483e+02, 1.384180157626907e+03, -2.189032686648682e+03, -2.555688615911343e+02, -8.606132590274866e+01, -5.230427942547047e+02, -9.882367878297143e+02, 2.759341268552636e+02, 8.428941445404300e+02, 1.205785814486620e+03, -7.365099656877409e+02, 6.922872847832388e+02, 4.545810915324994e+02, -5.261493256246176e+01, 5.138778950754179e+01, -5.081724793925818e+01, 2.285734710690163e+02, 7.630593066471683e+01, -3.208204862481301e+01, -7.869986258610485e+00, 6.940959930296050e+01, -1.384463095884526e+01, -5.857011978949359e+01, -5.640819757919247e+01, 6.753138651764070e+01, -6.114902764298996e+01, -4.017041166955191e+01, -8.141299008208236e+00, 6.933754446030776e+00, 1.598128957880042e+01, -1.393044487141876e+01, 4.061984200755810e+00, -3.620391514487431e+00, -2.787076708892225e+00, -9.901773608248545e+00, 1.374863515768172e+00, 3.727308942437961e+00, 3.705611238013599e+00, -6.510857400524491e+00, 6.005709910907396e+00, 3.124250805825274e+00, 8.450654971487744e-01, -1.527738768468975e+00, -2.301689089827373e+00, 3.421676580287975e+00, 1.675291910643621e-01, -1.026939956404114e+00, -1.105351664007608e+00, -1.360333897702047e-01, -2.048228168027831e+00, -9.450331436916032e-01, -1.224608265247668e+00, 4.328804261234411e-01, -6.764865713948547e-01, -1.864092275538459e-01, 4.932852704149149e-01, 5.992885233225399e-01, 1.287562651273460e+00, -1.044435091334709e+00, 1.713198786488392e-01, -1.076944721231605e-01, 6.247782060850807e-02, -1.091606697683117e-01, 5.744754901475674e-01, -1.594236659620537e-01, 2.372019244985047e-01, -7.605492512032218e-02, 1.805701531006697e-01, -4.061823371899025e-02, 2.045694676059276e-01, -4.060751254669487e-01, -8.230924580163413e-01, 3.799234389194456e-01, -2.264418033159019e-01, 1.346195735201284e-01, -1.695482532825486e-01, 5.943005581479777e-02, -3.306014407960902e-01, 2.309149218563639e-01, -9.824119300527398e-02, -5.589453303406160e-02, -4.015734582786497e-02, 3.785324036398226e-02, 8.297621280422489e-01, 3.169367448909226e-02, 5.465048848869686e-01, -4.258772473628027e-01, 3.191877033822830e-01, -2.125608606415698e-01, -4.890648596335901e-02, -5.897605347837409e-03, 2.904748263073332e-01, -2.018555642107842e-01, 4.121098192756266e-02, 1.016953706733355e-01, -3.164496497124095e-02, -5.385276770906617e-02, -4.971089144296494e-01, 1.187597418937182e-02, -4.448685579363824e-01, 4.618985549547112e-01, -1.347283349250104e-01, 1.470450201703316e-01, 5.624928407405073e-02, 3.205649747347686e-02, -2.201412077615538e-01, 3.269454811037225e-01, 7.291362712535298e-03, -6.486372109023038e-02, 2.258090884813953e-02, 4.747839720684609e-02, 1.445615136648335e+00, -2.687534375994355e-01, 5.063120561030636e-02, 2.221008118846924e-02, -7.565290288383876e-02, -1.594582859692728e-01, 1.293788231558388e-01, -1.325653166004818e-01, 8.485738777132303e-02, -4.115670653105840e-01, 2.348444930599419e-02, 5.060961168226764e-02, 1.059738597377320e-02, -1.101641757923514e-01, -9.823208342114224e-02, 1.251348744421755e-01, -3.680352681306729e-01, 1.884288030353941e-01, -2.081616674350627e-01, 6.840692480912101e-01, -2.262138960653086e-01, 4.634912173001742e-02, -1.654717018961147e-01, 4.679054122417287e-01, -5.100397532285694e-02, -1.174764457402270e-02, -3.253793055121903e-02, 1.806377365863559e-01, -1.459237473419509e+00, 7.887904086598082e-03, 5.160577994337459e-01, -2.745287863618110e-02, -1.740768696955486e-01, -1.131353390797870e+00, 2.630207197428982e-02, -6.058602369043826e-02, 8.936084126809764e-02, -4.518891975045345e-01, -8.022950359678924e-02, 1.369642214790608e-01, 4.503032304558838e-02, -3.637623478963204e-01, 2.094337060089143e+00, -3.367460066323029e-01, -2.261376344989440e+00, 9.039258874352920e-01, 7.771824591130260e-01, 2.343787329297380e+00, -1.280277629947461e+00, -2.603132689109648e-01, -4.615460444003848e-01, 8.939064141364408e-01, 4.251760729802946e-01, 2.586045947988205e+02, -6.595428623632636e+02, -6.063809859970838e+02, 8.533876774938331e+02, -1.286415668241116e+02, 2.784135454445763e+03, -3.236144278524728e+02, 7.390246953335623e+00, -9.995626937388911e+02, 5.347787107525725e+02, -1.908661476715019e+01, -4.419815595583821e+02, 3.717691597396858e+02, 1.733423316088962e+02, 1.914957793870478e+01, -5.411470062510009e+01, -4.795930355280604e+01, -2.270262803086570e+02, -1.195467678560395e+01, -1.987078567022331e+02, -2.177896951795032e+01, -3.200412656797328e+01, 2.938075072387502e+01, -7.009485986035325e+01, -7.338943870147002e+00, 4.939090961525893e+01, -5.287443844723560e+01, -2.645377742047663e+01, -5.989184678450871e-01, 2.945488316254783e+00, -2.400459410660477e+00, 2.148724960564497e+01, -6.686757268471182e+00, 2.101172243323741e+01, 7.448662222462911e+00, 3.515262717390553e+00, -9.723018206039984e-01, 1.056860270367203e+01, 4.044220908439468e+00, -4.371945423456896e+00, 4.819498069090820e+00, 1.773903903369063e+00, -4.294151828311319e+00, -7.885111739231705e-01, 1.903689304669050e-02, -4.812286101052565e+00, 4.323178161371454e-01, -1.659929068431083e+00, -7.199817288931171e-01, 1.277978372530549e-01, 3.502869735604682e-01, -2.404001472755366e+00, -1.575346698663204e+00, 2.237257501193630e-01, -2.768142678260486e-01, 2.485027651924178e-01, -1.682751061621972e+00, 6.653816237812761e-01, 6.060249313552807e-01, 1.666568572215688e+00, 7.186790605201206e-01, -5.194098336617271e-01, -1.989516824628591e-01, -4.872177838296283e-01, -4.261657102020867e-01, 6.499910991392606e-01, 3.795985344349136e-01, -7.994873160188995e-02, -2.481519554380852e-02, -1.977281971708172e-01, 1.909355997174409e+00, -1.605608252805432e-01, -3.715294043556204e-01, -6.135409931937079e-01, -1.666903249514496e-01, 2.461079308874386e-01, -1.039482135549761e-01, 2.146949905654142e-01, 2.550648644257322e-01, -3.396991968495403e-01, -8.845989817573889e-02, 3.648054638842190e-02, 4.852304066814708e-02, 1.412189894841034e-01, 9.422562827874180e-01, 3.501537417968612e-02, 1.789134965182246e-01, 3.560425495462775e-03, -8.137057598599787e-03, 9.094307227500475e-02, 3.652643046945603e-01, 8.714504452305896e-02, -7.538458121904549e-03, 3.579332944787967e-01, 5.391654215743538e-02, 8.939505171091067e-02, -1.191210684076080e-01, -1.220194684341367e-01, -1.647105978423678e+00, 1.610523120125467e-02, -8.284723022476131e-02, 3.800137563343269e-02, -8.497552384643468e-02, -1.741587989368471e-01, -1.465419431545436e-01, -8.530220947098885e-03, 1.428774316264170e-01, -2.024373526304936e-01, 2.280061419084406e-02, -6.544070642231468e-02, 5.076426639401777e-02, 8.936641510711422e-02, 1.183790331086986e+00, 1.345272712411046e-01, 1.856991738749140e-01, -3.293885570753483e-02, -1.384779553600047e-01, 2.088057592811527e-01, 1.543359170865793e-02, 7.901519768994181e-02, -2.910529166853785e-01, 2.945362945391490e-01, 1.587765329465586e-01, 1.002673361375375e-01, -5.574589779064458e-02, -1.026908394351533e-01, 6.996837046713552e-01, -2.716618788823902e-01, 2.948589603741658e-01, 4.368759019986956e-01, -1.109513518894248e-01, -1.150638250603538e-01, 5.329235585046594e-01, 3.651698131016758e-01, 5.361582681801718e-01, -4.215298634826248e-01, -7.016277095317455e-02, -6.923407861361307e-02, -2.773122422723386e-02, 1.422316065328037e-01, 2.676443275198714e-01, 2.070936832054725e-01, 3.339000146383858e-01, 7.904177886082778e-01, -3.200818701908256e-01, 1.680468836760704e-01, -9.849174908800524e-01, -1.831283424410638e-01, -8.065114397888742e-01, 5.245676163196868e-01, -2.525712988910742e-02, 2.749370132911853e-01, 3.496994882241692e-01, -2.198971509564892e-01, -5.002473362787547e-01, -1.707921466530192e-02, 3.925116116682222e-02, 1.222219917653548e+00, 1.264826880753366e+00, 8.490820139670132e-01, 1.059308111471485e+00, -6.123175678341098e-02, 7.773013077632923e-01, -4.061776024443202e-01, -4.995817338467898e-01, -3.923676434186045e-01, -2.018439215075261e+02, 4.989246855650077e+02, 8.609830263072807e+02, 4.028094403086652e+02, -8.629089088825901e+01, 1.013775562428308e+02, 7.741208498117109e+02, 5.607809202691991e+02, -2.891146441300723e+02, -1.295416699053675e+02, -2.172552487344458e+02, 2.716202921714884e+02, 2.560314770945152e+02, 2.592797870962993e+01, -9.308815714753647e+00, 9.158362699625673e+01, 1.243098828715510e+02, 1.208730088310886e+02, 7.527470603940307e+01, -1.644594229106982e+00, 2.613625170361877e+01, 3.403423165205940e+01, 1.163313710391872e+02, 3.717438296477081e+01, -1.196276770981110e+01, -4.669454257622643e+01, 2.044965977179997e+00, 9.182668598716452e+00, -2.641675273265960e+00, -9.990168468325805e+00, -1.316105802186129e+01, -1.031583551993465e+01, -4.624069181714661e+00, -3.284384455937903e+00, -8.054876846222289e+00, -6.027899331385119e+00, -1.582100547706625e+01, -4.726164669074723e+00, 1.472362567936748e+00, 3.456000747532360e+00, 6.739934357608873e-02, 1.293994953625283e-01, 1.179052369783619e+00, 1.922267526219821e+00, 2.429660431329727e+00, 1.906278405187501e+00, 1.492928523065624e+00, -9.348949897515138e-02, 5.169923941855927e-01, 7.154589789787513e-02, 1.892353458452500e+00, 7.203312095789623e-02, -3.072456173450425e-01, -1.968132094445456e-01, -3.118196579658472e-01, -3.339033636181913e-01, 2.402189198706939e+00, -5.981225627765760e-01, -5.372481319067546e-01, -4.067370921696788e-01, -5.279253201953356e-01, 2.148376097425671e-01, 1.982547695704961e-01, 3.771693092962813e-01, -1.938840137509542e-01, 2.831583039911574e-01, 1.019161839141282e-01, -3.543115028589167e-02, 1.618040724741449e-01, 1.482703298567864e-01, -1.125304150049611e+00, 3.080649942102041e-01, 2.576833252491250e-01, 1.710660350305416e-02, 7.214428534379995e-02, 5.203410207529797e-02, -1.531815822448631e-02, -1.402154820556412e-01, 1.865416931955765e-01, -9.951982453207533e-02, 5.864604074834542e-02, 1.530280854801145e-01, -1.840404869788226e-01, -1.095311024261889e-01, 2.882852209296449e-01, -2.149155757806028e-01, -6.557514928382133e-02, 3.375090390572253e-03, -6.155415091866960e-02, -9.268322465824420e-02, 9.054976630520094e-03, 1.101883818384605e-01, -2.407954421915570e-01, 7.292282843551462e-02, -9.476565031383404e-02, -8.717647670961003e-02, 1.991611913468306e-01, 7.131585345847670e-02, -3.035862800282816e-01, 1.970049629163621e-01, -8.464174756386891e-02, -5.071327693426692e-03, 1.011144968472855e-01, -1.076453346535659e-01, 5.498029441008857e-02, -5.446531525215665e-02, 1.286343243134472e-01, -1.365784294989497e-01, 7.988111793598851e-02, -2.026672981077022e-03, -1.746410889759315e-01, -1.747270192734516e-02, 2.039522169615036e-01, -1.035338000199012e-01, -2.026329760136589e-01, -4.926339025894373e-01, -1.427578298262328e-01, 1.657590847356721e-01, -6.092651692566360e-02, 1.419579637607137e-01, -2.288620165947510e-01, 6.171866077197431e-02, -1.558703553581220e-01, 1.012670156051558e-01, 2.006036859759405e-01, 2.076932052974603e-02, 4.520291787103793e-01, 2.673274480052219e-02, -3.505489187747912e-02, 5.120871326895343e-01, -5.095734461093970e-01, -7.927760368268603e-02, 5.923322080224289e-01, 1.303570116060893e-02, 2.386582419009659e-01, -5.916892417811731e-02, 1.750065365056720e-01, -8.502710537403894e-02, -3.852446248516115e-01, -7.491594756739298e-02, -6.142849029717499e-01, 7.622564616257184e-02, -4.913989427271693e-01, -1.057714257550389e+00, 5.469757725724727e-01, -4.388935396304915e-01, -7.455488620084575e-01, 2.196415136535823e-01, 3.842714840787746e-01, 3.029662383401664e-01, -2.789514057374846e-01, 4.161993818230950e-01, 9.753785851569757e-02, -4.288429196637128e-02, 1.196655337726183e+00, -2.488089638683853e-01, -9.274446599223187e-01, 8.979343431843663e-01, -6.552769552354317e-01, -1.361325257312493e-01, 1.990288135716280e+00, -4.646470073127311e-01, -5.475230208112070e-01, 1.581213782378453e-01, 2.934593124167976e-01, -4.838440179040346e-01, -1.245941526757673e-01, 1.986188783626919e+02, 2.591673443516692e+03, 2.847088350277794e+03, 9.320235588565500e+02, -2.088654249917173e+02, 2.368953388546036e+03, 9.679714307765693e+02, 1.435313088175793e+03, 1.074160681249946e+03, 1.563666640249147e+01, -8.408432872971706e+02, -1.614272637878480e+03, -4.044212282046397e+02, 2.263723118266427e+02, 8.046543462016588e+01, -1.914103183412065e+02, -1.887861014751014e+02, -8.593001813724892e+01, -2.931219602045443e+01, -8.588112412555304e+01, 9.838901770374386e+00, -6.321338788872374e+01, -4.368353997474560e+01, -1.530580184909312e+01, 3.996134999930825e+01, 7.384169614928904e+01, 4.629118891811333e+01, -1.695899192232472e+01, -2.083746664613892e+00, 9.347861114812092e+00, 6.662213311871108e+00, -5.605403247079198e+00, -6.951943281548090e+00, 1.433977826324017e+01, 3.287941103503289e+00, 9.924557726505798e+00, 4.627723978500520e+00, 3.094229847831052e+00, -2.435837976681809e+00, -3.830108874588726e+00, -4.925148996535967e+00, 2.312649784137367e+00, -4.476249278570501e+00, -1.450005140259537e+00, -2.223080754485752e+00, 2.338615359363985e-01, -3.353003386464361e-02, -1.079631384824990e+00, 6.550206824132351e-01, -6.816471886618602e-01, 3.843983181437012e-01, 1.443903074936354e-01, 7.592310625553883e-01, 6.442563891343515e-01, 5.864158182805975e-01, -6.068162116370233e-01, 1.046113566507839e-01, 4.616396913825994e-01, 9.683027200382027e-01, -1.659132771365222e-01, 2.317906795387614e-01, 1.358684121688282e-01, -3.890188689747873e-01, 2.539693435388137e-02, -2.964983670284543e-01, -1.208676299557176e-01, -1.996226035229880e-01, -1.935491236733619e-01, -1.852704355983259e-01, 2.016677736779941e-01, 7.951375940589207e-01, -9.610926747622768e-02, -5.603251033637526e-01, -3.741685161413742e-02, -2.257433976417486e-02, -6.596032739811224e-02, 1.591010626507894e-01, -4.815619453662981e-02, 8.732633713290168e-02, 4.231549477516820e-02, 3.237110485307205e-02, 9.696802274545054e-02, 1.355612882492916e-01, -9.404752473840816e-02, -1.065775843385809e+00, 1.153770577400852e-01, 2.713699728470690e-01, -7.597827864075604e-02, -8.070552992879725e-02, 1.134504586050029e-01, 1.450881842857899e-02, 3.330782930226023e-02, -1.725779971261241e-02, -3.115138333795127e-02, -1.399000350364031e-02, -9.729828559640519e-02, -6.178319817925339e-02, 9.902728607808972e-02, -3.598486161885212e-01, 5.431666254042784e-02, 7.888522702414073e-02, 1.705268126404324e-01, 4.778458450372308e-02, 3.704011418004306e-02, 3.174069703854449e-03, 8.825328560234708e-02, 2.514397607317491e-02, 1.637422213406203e-02, 1.341617920812664e-02, 2.893497322056383e-02, 1.231904714800235e-01, -4.273383358743813e-02, 7.612988359315090e-02, 4.950552779869695e-02, 2.343537515622349e-02, -1.868894455830802e-01, 2.196065330844213e-01, 1.171118475223702e-01, 8.996520733979432e-03, -1.065449249570536e-01, 5.795448042653534e-02, 5.330484911912600e-02, -2.636592197395436e-05, -2.205596181175519e-02, -1.249288221253445e-01, 8.136652298454977e-02, -2.957015292429580e-01, 1.793266657789527e-02, -4.272797788923144e-01, 3.400732339296884e-01, -1.425095283867078e-01, 5.850880903870281e-02, 3.323891768172316e-01, 2.632721318017090e-01, -2.099310460874088e-01, -5.138517839001895e-02, -3.398692905234727e-02, 4.886842032928337e-02, 1.898186475525445e-01, -1.255380213130968e-01, -1.175264869673972e+00, 2.393628841245276e-01, -5.592815505914860e-02, -4.411670615617208e-01, 6.577739546963979e-02, -5.641988742444979e-02, -5.934648530689025e-01, -5.830361922838969e-01, -3.880197539592590e-02, -4.258422589632707e-01, 1.828753633984713e-02, -5.802995444470281e-01, -1.061828197187851e-01, 2.283359667831707e-01, 1.422133858076584e+00, -1.976165242472357e-01, 1.636973260150165e+00, -7.562341860691183e-01, -6.580687559685048e-01, -6.006689871581593e-01, 4.082870496653872e-01, 5.195247353150043e-01, -1.658771730594815e-01, -7.810600903555946e-02, 7.018409952229179e-01, 6.623966871185190e-01, -9.276596756365109e-02, -1.098756010289529e-01, 4.573812976013461e+00, -2.848873786837915e+02, 1.216148599116484e+03, -3.554732968680362e+02, -1.423730077513581e+01, 1.141833758021369e+02, 1.746910806933582e+02, 2.142079437858433e+02, -3.255707015329065e+02, 2.588510142627537e+01, -1.836256801860429e+01, -2.310401873420053e+02, -1.525697088659599e+02, 4.397614304059520e+01, 2.132601778835289e-02, -1.052378093043517e+00, -8.143777525503287e+00, -2.698636032864938e+01, 3.624509584249358e+01, 2.367802014690507e+01, 4.456917647241912e+00, -2.246717187584163e+00, -1.402829197500398e+00, -1.788362671974815e+00, 9.686017446709798e+00, -1.654423585087702e+01, -1.558892258732937e+01, -1.231167550154666e+01, 3.503509574949940e-01, -3.298948414373905e+00, -5.303776032257161e+00, 1.403034135571432e+01, -6.618283157254025e-01, -4.578692347086089e+00, 6.933771253905958e-01, 7.295773145578792e-01, 1.662658391190630e+00, -4.848882696796551e-01, -8.987034662255570e-01, 1.346708545524524e+00, 1.771011366818038e+00, 4.158696407158768e-01, 6.832397967388344e-03, -2.105443404850240e-01, 4.310604255171390e+00, -4.202207442888778e+00, 9.581492751873407e-01, 3.864094092311721e-01, -7.953150071305594e-01, -2.701817591425977e-01, -3.399052637049227e-01, 1.813266117774457e-01, 5.065234968087119e-01, 6.987341674066435e-01, -2.656169944157719e-01, 7.103639853653541e-02, -1.127756434646607e-01, -6.673109097191823e-04, -2.843946515714183e+00, 2.497520679939197e+00, -3.488240126252608e-04, -4.598928556900449e-01, -2.320319668053860e-01, -2.743469499396954e-02, -1.273800036305229e-01, -3.336793339948423e-02, -1.761501981286304e-01, -1.969814936142392e-01, -9.532092206313804e-02, -2.759022284546526e-02, -2.619476918907181e-02, 1.114984953931806e-01, 1.535465313699517e+00, -1.648242913014887e+00, 3.205142710116330e-01, 5.976191831609510e-01, 6.920623082304649e-01, 1.698641201507126e-02, 1.456842038054982e-01, -9.264891856145145e-02, -2.102498964602638e-01, 5.137363871872030e-02, 1.658930767335285e-01, -4.603386617493106e-02, 7.328747026360906e-02, 6.265900044434866e-02, -6.545961840304709e-01, 2.034217230937998e+00, -5.209777916437502e-01, -8.606107414302723e-01, 9.269408190116037e-02, 2.937532985095270e-01, -6.212642305370359e-02, 1.377260863937098e-01, 1.067754186411954e-01, -4.334220266578862e-02, -1.881331413934905e-01, 3.318508176899546e-02, -8.090771288608534e-02, -1.104848452494766e-02, 4.344026702648249e-01, -1.865333657426103e+00, 1.689122660541432e-01, 4.330659860413159e-01, 1.659831228484388e-01, 2.608127964345547e-01, 6.935700327522423e-02, -6.438751075947598e-03, -7.675191747947367e-02, 2.043655768469165e-01, 1.241242756289503e-01, -4.977336811689650e-02, -2.326636853213000e-01, 2.025748727577166e-02, -2.603668277989649e+00, 2.680537815684093e-01, -6.956940248233505e-01, -8.517142650835491e-01, 2.860881711378336e-01, 1.036927546724969e+00, 3.479990775841285e-01, 2.295204722984756e-03, -3.706636987369525e-01, 1.627352822966322e-02, -1.683582297355435e-01, 3.506083706582574e-03, -3.066178449603837e-01, 3.778343260196820e-02, -1.079616562398474e+00, -2.234402545946762e+00, -1.096440251602797e+00, 1.100422544462229e+00, -8.920352151735427e-01, 1.348057702345228e-01, -2.379589609500484e-01, 8.236657669554486e-01, 9.569715478427900e-01, -6.076621949943523e-02, 1.023863660400242e-01, 9.362308158012301e-03, -2.527331168200772e-01, 3.791706736632581e-02, -1.506917088242363e+00, -2.548148655332143e+00, -1.478380745486841e+00, -1.663472767248358e+00, 1.962587639113842e+00, -6.501202553433300e-03, 2.872578190603138e-01, -1.186295235748155e+00, 3.083917587536629e-01, -1.296725252454099e-01, 1.637677989053196e-03, -2.845447242590886e-01, -2.484766959908914e-01, 1.202356940340220e-01, 1.316904370090629e+01, 5.251039971935286e-01, 2.018816533302595e+00, 4.060396605767944e+00, 6.024002833280792e+00, 1.492599478035065e+00, -2.401258838551259e+00, 7.064590840635450e-01, -4.519779793488621e+00, 8.843711663356796e-01, -2.137070131570703e-01, 4.093471939602997e-02, -8.223603331440927e-01, 1.036366969129487e+01, -1.291483034695408e+02, 1.062642830808181e+01, 1.280484091542124e+02, -9.722150673034758e+01, 2.461104905086857e+02, -2.189678210202916e+01, 1.859021451649584e+02, -1.414464936629127e+02, 1.328890099368842e+02, -5.757532169701291e+01, -1.714480421497358e+01, 1.767088305008556e+02, -5.420286730512827e+00, 3.244119291628210e-01, 9.836223793575739e+00, -3.637877216377071e+01, 1.591968360476567e+01, -5.243816484816062e+00, -5.795454618824738e+00, -1.087739413391105e+01, -2.114686634951213e+01, 1.609280502337326e+01, -6.879289306659857e+00, -5.806522842837230e+00, 2.046809665059401e+01, 7.995066199008196e+00, 1.276388270975464e+00, 2.606330523010594e-01, 3.655910721536988e-01, 2.374839181128829e+00, -6.356277632762208e+00, -1.157722259881729e+00, 1.540418672518048e+00, 8.627823336971194e-01, 1.784711525061539e+00, -2.492004317166440e+00, 1.060375798374386e+00, 7.464477551256823e-01, -2.391805799413415e+00, -6.567831758044435e-01, 5.692697502543035e-01, -9.768702600210336e-02, 5.146808040241831e-02, -1.371093306632508e+00, 1.081101112327077e+00, -1.698392354913755e-01, -2.203499489752958e-01, -4.664659826939223e-03, -1.235985323777858e-01, 2.526394122403259e-01, -3.533727935686773e-01, -1.602867972648298e-01, 2.724225242798942e-01, 5.021755180814605e-02, -1.962559658142612e-01, -1.571702267287579e-01, -5.625564695450717e-02, 1.508270022466681e+00, -5.062736879927421e-01, 9.545931507179079e-03, 2.806616462966468e-01, 1.763824472445201e-01, -6.025940879927963e-03, 3.378135205425695e-02, 4.071219628086938e-02, -3.360296588317663e-02, -1.017785218723912e-01, -5.433943342638531e-03, 4.927228584287294e-02, 2.438557244046188e-02, 1.828811150468228e-02, -5.548767541083669e-01, 4.464469118571854e-02, -4.426380413878301e-01, -1.324640811882134e-01, -2.500590356351141e-01, 2.316394435142612e-02, -4.549418510665772e-02, 9.231127198990802e-03, 4.257181703902871e-02, 2.107801010141505e-02, 2.300626351291985e-02, 3.490611697092531e-02, 1.858123163695166e-01, -8.852997861633737e-02, 2.666176238902520e-01, -4.492499298826142e-01, 4.195328151271584e-01, 5.814422374692024e-01, 8.394472002522893e-02, -1.857435607802174e-01, 4.727656458469994e-02, 2.257689141765961e-03, -2.143119036919092e-02, 2.811942923455310e-03, -1.314765471854193e-03, 2.073151382575412e-03, 1.259372373756426e-01, -1.044217928903794e-02, 5.949689478140406e-02, 5.477818309892162e-01, -3.920459246809304e-01, -2.492100198762534e-01, 3.938813792001961e-02, -4.317363562819716e-02, 4.662581775813433e-02, -7.637391883823219e-02, -5.814534412355211e-02, -9.658665238430852e-02, 3.952903074465461e-02, 1.831367431724381e-02, 3.339131548699319e-02, 1.951097482593241e-02, 5.367533554997516e-01, 8.165333815412927e-01, 8.337322546594557e-01, 4.376464879491751e-01, -2.524604450470481e-01, -5.135439146580968e-01, -1.557696254420806e-01, 1.344098995339671e-01, 2.613008276580925e-01, 4.859520975475786e-02, -5.097978812669988e-03, 5.575540686956615e-03, -6.899247022005342e-02, -1.311746629974230e-02, 8.307347743533425e-01, 1.493692053706323e-01, -8.307109822376233e-01, -3.933150192494216e-01, 1.505112383412875e-01, 1.172515849222484e-01, -7.016214575978302e-02, -3.011510149129813e-01, -5.680015683417415e-01, 7.159441945254215e-02, -1.687188014611780e-02, 8.102323954446135e-03, 2.445601841864375e-01, -3.358284441404030e-02, 8.782756785993177e-01, 2.763625037490025e+00, 1.840771171634101e+00, -7.627846723869319e-02, -4.485543068874126e-01, 7.014318270352884e-02, 5.032236580319166e-01, 3.911051017771312e-01, 8.882359505546349e-02, -2.894955595138581e-01, -2.593430603392516e-03, 9.607825708124008e-02, 2.174337168086964e-01, -6.459907761650195e-02, -4.587870040560895e+00, -3.902996527505152e+00, -6.631642635274334e-01, -2.727103266252158e+00, -2.214791950925338e+00, -1.047891958307712e+00, -6.023708207291579e-02, -4.597415973770665e-01, 1.811875942184124e+00, 9.701374399344308e-02, 1.837566025141800e-01, 7.967134354905962e-04, 6.411911841988979e-02, -1.728946215357222e-02, 2.609294337904375e+03, -1.903928496922971e+04, -5.019708799437019e+03, -2.552350499399806e+04, 6.697918274206691e+03, 1.724012756973291e+04, -1.978617618379980e+04, 2.297984162650971e+03, -1.516943694584415e+04, -6.784249759149900e+03, -1.428170814183708e+03, 2.494184338677178e+03, -6.157185313786172e+03, 6.446295570208243e+02, -1.295465560303520e+02, 1.057827271726221e+02, -1.212097748416404e+03, -5.544903744413710e+01, -1.520071675778983e+03, -4.329794648622058e+02, 1.512253532211691e+03, -6.442358104914944e+02, 2.545506454333674e+02, -2.140853955155272e+01, -4.435330483806978e+02, -3.585262049046861e+02, 6.004052097548239e+02, -1.311445988482629e+02, -1.769609549647491e+02, 4.626959767432978e+01, 1.670438469498100e+02, 7.230946779149804e+01, 1.471079191810724e+02, 3.271285617187218e+01, -1.332763223093073e+02, 1.016677544416341e+02, 2.266257979639718e+01, 2.346148772127102e+01, 6.119348868766443e+01, 3.487973037777422e+01, -5.571925005873079e+01, 2.195473428063005e+01, -1.577304174329423e+01, -7.857590233606748e+00, -2.036216733569928e+01, -6.284316883626056e+00, -7.362890247490012e+00, -1.658837115951838e+01, 9.183432720613558e+00, -2.884011770367481e+01, -1.545292156165858e+01, -1.066470473507785e+01, -1.209733338501877e+01, -6.252042115784597e+00, 8.207196106965341e+00, -4.306202523235300e+00, 3.583563992345165e+01, 3.568142062128056e+00, 6.271004707571144e+00, 4.861049105514114e+00, 1.209345432173005e+00, 3.102126879797956e+00, -3.753685820147869e+00, 6.352548078293220e+00, 3.413399944548149e+00, 1.555443555528640e+00, 8.997699539606502e-01, 4.671543729397269e-01, -1.445634837595553e+00, 1.532422225502704e+00, -2.800501610365129e+01, -1.813242460220643e+00, -9.607905834914188e-01, -1.567548472097116e+00, 5.771401695899330e-01, -9.354885732951943e-01, 1.658073233676672e+00, -2.352344800980370e+00, -1.551982331418987e+00, -4.688389154003108e-01, 3.523494528332659e-01, -3.242316793140745e-01, 6.107696260991782e-01, -6.124464044860652e-01, 7.409118877596525e+00, 6.930533461746345e-01, 1.664861891755482e+00, 2.347059320590918e+00, -7.106597687690665e-02, -4.119122232435314e-02, -1.680661544662725e+00, 4.254052452618530e-01, 4.121706165288999e-01, -1.688760694794067e-01, -7.820735290481119e-01, 1.609152492801759e-02, -2.471585939583154e-01, 3.493711373827926e-01, -3.704722337945288e+00, -6.212293946844356e-01, -1.266954418255982e+00, -6.726165682838257e-01, 1.109548830973570e+00, 1.897794905528253e-01, 1.165626063099910e+00, -2.853776352056140e-01, -2.325638866259984e-01, 2.388903444768063e-01, 9.927274644802662e-01, -1.265839326882862e-01, 2.379425237774657e-01, -2.742101398820058e-01, 2.410115766178126e+00, -1.547814054947922e-01, -6.259066684123815e-01, 5.571805263879210e-02, -1.861860279459935e+00, 1.157620941105005e+00, -2.819161639190508e-01, 5.553014546669517e-01, 4.777006891750505e-01, 2.782747811528494e-02, -7.884247718692579e-01, 4.980807980102869e-01, -7.833123234962969e-01, 3.160267015807299e-01, -1.068837097793107e+01, -2.205583281425392e-01, -2.461627947516089e+00, 2.378180643477903e-01, 3.408992854007262e+00, -2.861243669097729e+00, -5.534620380205655e-01, -2.042616285976714e+00, -1.209615627760593e-01, 2.197214593868716e-01, 9.051877811660448e-01, -5.218829829479660e-01, 1.091271594474592e+00, -4.615854143420665e-01, -2.559077354733081e+00, 1.846535182346214e+00, -1.505162994856194e+00, -9.622469336354894e-01, -4.533981382527195e+00, -1.928800517967693e-01, 1.426145799518838e+00, 3.645081732912926e+00, -1.241161380168154e+00, -6.762199760664438e-01, -1.020216898911162e+00, 1.322374956320335e+00, -1.574572348951686e+00, 7.479517043957530e-01, 1.186202008834864e+01, -6.091138325241749e+00, -4.825904399294938e+00, 4.030820804900982e+00, 7.649811215649611e+00, 1.993428532300185e+00, -4.994135332110787e-01, -2.115717036445527e+00, 6.101832981879261e+00, 5.222991254504127e+00, 9.698452591000411e+00, 2.884682003470145e-01, 1.649738459844736e+00, -3.797740995423929e+00, -1.286950733409434e+01, 5.556486513290534e+00, 1.704681562124166e-01, -7.336584060622333e+02, 2.510452174151464e+04, 2.167926570201407e+04, 7.976979081242198e+03, -1.183428789209506e+03, 9.217499467624837e+03, 1.614612173738917e+04, 7.926798861580699e+03, 1.736194843945602e+04, 5.734010617406175e+03, -2.667153611894365e+03, -1.168677290328092e+04, 4.608388785775064e+03, 7.256152829110330e+03, -8.926551582101995e+01, -7.210347745493240e+02, 3.559738324147051e+02, 1.325384478391412e+03, 1.583258110512628e+03, -1.414758412695827e+03, -1.247554019421578e+03, -1.316834940412495e+02, -5.932105020516481e+02, 5.391794568225444e+02, 9.156960186168858e+02, 1.329218025871909e+03, -5.011029540087700e+02, -4.001448784719844e+02, -1.401626577438682e+02, 4.115207234123611e+00, -1.719144842942611e+02, -2.239946233869620e+02, -2.343915512104544e+02, 1.481795492958400e+02, 8.785379890695306e+01, -4.765156017493236e+01, -2.251081480775538e+01, -1.414324308588240e+02, -1.497828053327896e+02, -1.637149042301017e+02, 5.707580760192423e+01, 3.245497173154467e+01, 9.275986560375969e+00, 8.238888087999857e+00, 4.879681146156758e+01, 4.860211654979506e+01, 5.492027781214740e+01, -3.557916522352465e+01, -2.058689975156598e+01, 1.171601249433842e+00, 1.642493622709870e+00, 2.230816218508626e+01, 2.194755887987284e+01, 2.361438891954465e+01, -5.728416223362486e+00, -3.825168984766610e+00, 2.652541889483267e+01, -1.861810750335152e+00, -1.373946641921229e+01, -1.091063834569664e+01, -1.353936869300290e+01, 8.515577276308617e+00, 3.464169630987901e+00, -8.770278056906806e-01, -1.527239404343012e+00, -6.637851009909848e+00, -5.985961888668838e+00, -5.783438138191729e+00, 8.880473565573291e-01, 1.098069419019237e+00, -2.762660674277908e+01, -4.271155476776756e-01, 6.322617213330342e+00, 2.856433621034825e+00, 5.419520649420543e+00, -2.790662121942529e+00, -2.872212824395379e-01, 5.124859107326243e-01, 6.007210960253302e-01, 2.531646865017732e+00, 2.354046840925809e+00, 2.122095837570629e+00, -1.836523346607687e-01, -4.748541494893397e-01, 2.136868607697722e+01, 6.860517511263019e-01, -3.609579020845721e+00, -1.193470001808240e+00, -3.217332099697927e+00, 1.370927627346071e+00, 1.926347117540784e-01, 1.864157970022472e-01, -2.052248361735181e-01, -1.099504959638244e+00, -1.296757661809148e+00, -1.105416852142008e+00, -1.950915435190360e-03, 3.827399306766651e-01, -2.213073840329179e+01, -7.590455709264617e-01, 2.358944793480236e+00, 1.324893977619887e+00, 3.211508086107016e+00, -1.329195610891135e+00, -5.869236859946285e-01, -5.990531125822581e-01, -1.760100724863912e-01, 1.923245276654767e-01, 7.472030909596292e-01, 7.727539048445173e-01, -2.038373536659125e-01, -2.971123916273902e-01, 1.768738780380783e+01, 4.953234922523015e-01, -1.248451136071121e+00, -7.529876011840451e-01, -2.680321007585544e+00, 4.919929152195450e-01, 8.792448527272922e-01, 9.408869262409709e-02, 1.182880708636329e-01, -8.557403408710512e-01, -9.572182661643442e-01, -6.260378916904296e-01, 3.413063044156372e-01, 5.424609488016211e-01, -2.306623736145254e+01, -1.838075143918326e-01, 6.163111233584520e+00, -1.265374368163604e-01, 3.291174983086570e+00, -1.522183846310712e+00, -3.275319466613161e+00, 5.302494204151132e-01, 1.150910107600759e+00, 1.379629464401419e+00, 3.121390148473974e-01, -6.328452071987620e-02, -6.084659926786495e-02, -6.502618745004037e-01, 1.605561357357444e+01, 5.429926050384121e-01, -4.165977993803534e+00, 1.180144474711391e+00, -3.198677321500645e+00, 1.060902281685981e+00, 1.409341894104162e+00, -5.942065811932103e+00, -3.567591804769609e+00, -1.791705512237763e+00, 3.803094025647396e-01, -4.195509294376300e-01, -4.330420175815204e-01, 5.855462287627562e-01, -1.212914714259417e+01, -1.356163291548412e+00, 4.370534741399333e+00, 7.075975591443892e-01, 7.498770138665553e+00, -3.285778638669509e+00, -2.552229656369549e+00, 1.153441828129575e+01, 6.357836914850236e+00, 3.497039576536776e+00, -1.094918847458776e+00, 2.428251521476337e+00, 1.016133354833214e+00, -1.727761541351621e+00, -2.619667787069946e+00, 2.125847508217640e+00, -1.432778939953926e+01, 1.989276811374433e+00, -3.030660431396988e+03, 5.639088135901934e+03, 6.792029478835277e+02, 1.467988152749499e+03, -9.220938394813960e+03, -5.501802127691113e+03, 4.158896128301470e+02, -4.052311448252911e+03, -8.304408744113431e+03, -5.099676571110988e+03, -3.266868499223866e+03, 7.278742238726370e+03, -4.746723519588022e+03, -3.610713057033625e+03, -1.834478526276372e+02, -1.520834894590323e+03, -1.654971136878474e+03, -1.896781801464070e+03, -5.954202653004119e+02, 1.190154649340848e+03, -8.835430453366878e+01, -5.437772862991376e+02, -4.362593942195457e+02, -6.574032245387392e+02, -6.482625401450669e+02, -9.741522863382811e+02, 5.274707687109561e+02, 2.040288512300520e+02, 8.340643400827604e+01, 1.960830279035628e+02, 2.275420711244107e+02, 2.669012053748014e+02, 1.284190798221337e+02, -1.761887369063160e+02, -2.449539643885257e+01, 5.634278100470083e+01, 4.548109405916362e+01, 6.010590108515940e+01, 6.965848755970049e+01, 7.755743324308617e+01, -4.174683255285459e+01, -3.855364170611743e+00, 2.418347043340707e+01, -3.030392815296757e+01, -2.861144557024734e+01, -3.752079504615672e+01, -1.612839068482654e+01, 2.435030690464055e+01, 2.374283726286806e+00, -1.135006808746258e+01, -6.560423922436192e+00, -5.615484422679352e+00, -8.762196522858721e+00, -7.510352485060888e+00, 4.671854652851895e+00, -1.963694141237648e+00, -7.508713315112397e+00, 7.836489595274892e+00, 4.951456317537652e+00, 8.150465706194968e+00, 2.152997472185150e+00, -3.336996271022141e+00, 1.432522000571331e+00, 4.987724094216201e+00, 3.031510500824095e+00, 1.762464694091952e+00, 2.853789690473645e+00, 2.014942009673653e+00, -1.519796297537981e+00, 6.226110963061512e-01, -1.024889167551228e+01, -3.626944937725259e+00, 4.861200962085637e-01, -1.172206335674057e+00, 2.441993014851189e-01, 1.105828686493402e+00, -1.305047861402180e+00, -2.733245112417509e+00, -1.672972072912455e+00, -9.389954260534444e-01, -1.231947078231135e+00, -1.220657330288666e+00, 6.025089358533194e-01, -2.905694770703209e-01, 1.405307780925762e+01, 2.666675315268272e+00, -1.489007704045737e+00, 6.132855908212537e-01, 8.787345865793188e-01, -8.823440050629958e-01, 2.604337407422233e-01, 1.632240109535377e+00, 5.280379610818661e-01, 4.808667178262636e-01, 5.897870606871257e-01, 9.464662327022744e-01, -2.556928559971142e-01, 2.305216293183920e-01, -1.736686334787725e+01, -7.608356611242884e-01, 7.496081004213344e-01, -1.424694979960608e+00, -1.242939092197070e+00, 1.496559262553309e+00, 2.138084306169111e-01, -3.764241622823548e-01, 2.357337115816446e-02, -2.638917556112209e-01, -2.200770248479469e-02, -5.621815969161260e-01, -7.998219668894588e-03, -1.849494168483334e-01, 8.780510510234574e+00, 1.125334848381935e+00, -2.480264629037276e+00, 7.150203206382006e-01, 1.275852861236967e+00, -6.847091546559833e-01, -7.079739975665519e-01, -2.073268399851206e-02, -4.222240285808190e-01, 1.194878414009174e-01, -4.216914348194636e-01, 6.356977605945672e-01, -4.055414321533995e-01, 7.156137408627108e-03, 1.123866384045438e+00, -1.707132518920040e+00, -2.737238460861412e+00, 1.257038409632744e+00, -2.258959657616057e+00, 1.383726152350954e+00, -7.104891813138142e-02, -4.602041398142968e-02, 1.670350552615142e+00, -1.124308604294010e-01, 2.786453279836169e-01, -1.105813017039323e+00, 4.076776690912908e-01, 8.739823012476257e-02, -2.311549090407933e+01, 5.259206883392249e+00, -1.733929595202226e+00, 2.522916553524734e+00, 2.828042489226474e+00, -3.170234866710716e+00, 5.021494469784078e-01, 9.105018733564922e-01, -3.415320667910898e+00, -3.474027314121309e-01, 7.822291980391178e-01, 1.465348917506312e+00, -1.651319903865994e+00, -4.350777370381443e-01, 3.063742353062561e+01, -8.025053967814062e+00, 1.433839534641707e+01, -1.857024825207856e+00, -1.163194052712050e+01, 5.440562581180257e-01, -1.768742994094080e+00, 1.433529244975919e+00, 2.728637474610828e+00, 4.978090625439269e+00, -3.030421324573765e-01, -1.299507682014062e+00, 2.875697590210867e+00, 1.105684188234518e+00, -8.111618873009222e+00, 6.920871895075594e+00, -2.284036060444600e+01, 9.771270768648870e+00, 2.205699954336095e+01, 2.803230376302812e+03, -1.656689196532093e+02, 4.291710335501899e+03, 2.009736101273846e+03, -8.328091429150554e+03, 9.001281895260701e+03, 1.269911972715770e+04, 6.171683360054320e+03, 1.074197248143560e+03, -1.132883395686605e+03, -7.400232004797902e+03, -7.651722200419355e+03, 7.420730632601761e+03, -1.896282885959560e+03, -3.190048956198991e+02, -1.219175325357893e+02, -2.123125351274487e+02, -1.924537294060790e+02, 6.844001228729816e+02, -3.497627690660176e+02, -5.857636200190124e+02, -1.008848943182123e+02, 1.926432415183424e+02, 1.527684030915519e+02, 4.553539042679706e+02, 5.174280582692552e+02, -4.157098349637074e+02, 2.288478588258307e+02, -5.404347020292095e+01, 2.435777883196983e+01, -1.085760643415221e+01, 1.134057526344660e+01, -8.635352517932405e+01, 2.346686750664745e+01, 4.970279106334782e+01, 6.717417455854042e+00, -2.451738902370274e+01, 6.818995394100587e+00, -2.681857724192438e+01, -4.183567495498852e+01, 2.831218873293301e+01, -2.759776919459113e+01, 5.121206228456792e+01, -4.937102883965915e+00, 5.180709638065455e+00, -5.059954604692245e-01, 1.550182715596033e+01, -1.137259712468634e+00, -7.494318972124383e+00, 2.114557545600259e-01, 6.267651349613297e+00, -3.893442601622525e+00, 4.042762375461919e+00, 5.949516444346990e+00, -3.075418661792446e+00, 4.814090384092944e+00, -7.101679398339054e+00, 7.481197914840274e-01, -4.950332299432123e+00, -1.784992169157699e+00, -5.641311914593858e+00, 4.266524137834706e-01, 2.621682690611851e+00, 2.110413149493076e-01, -1.691785692839495e+00, 2.311634982509733e+00, -7.418621700639471e-01, -9.814764521366726e-01, 3.414721983809559e-01, -1.552474182807878e+00, -6.237897297271346e+00, 4.252996486055042e-01, 2.489035048461052e+00, 2.099042872830608e+00, 2.351353142205224e+00, -5.713803557258503e-01, -1.178726990697019e+00, -3.805575791727666e-01, 6.337272924233356e-01, -1.372281194848712e+00, 3.099890717144694e-01, 1.581046697876492e-01, 7.138845660578280e-02, 8.734554399089296e-01, 6.501703398741965e+00, -4.923120175134701e-01, -8.638260910647561e-01, -9.989311589179699e-02, -3.383687057815470e-01, -7.525177988978019e-01, -2.139020325330208e-01, -7.747663102524198e-01, -1.007750774693991e+00, 3.312145281435934e-01, -5.846406855840556e-01, -2.292256989767928e-01, 9.040903220890927e-02, -6.454004012983787e-01, 5.275058075521794e+00, 2.883893069797719e-01, -7.423730646228639e-01, -1.255552895420909e+00, -8.697053652194860e-02, 1.322633997619040e+00, 1.852115806984733e-02, 8.254374374744804e-01, 6.381534835927716e-01, 5.547657707415145e-02, 9.345456197925528e-01, 2.639164895283223e-01, -1.591477099036866e-01, 6.126484983721348e-01, -4.759176897935547e+00, -2.034674972072555e-02, 4.371758227889911e-01, 1.294047443840846e+00, 6.756303864768577e-01, -1.935316953442384e+00, 6.222358212783938e-01, -5.740447395123575e-01, 5.432689662106437e-02, -2.697563175778761e-01, -8.274272448647196e-01, 2.075694917510813e-01, 2.483389790026346e-01, -6.747053613422122e-01, 8.152976874493161e+00, -2.528028359578635e-01, -1.047246088436305e+00, -5.571095217527267e-01, -1.300521473796277e+00, -6.778977401600069e-01, -1.371756031943491e+00, 1.384700513102446e+00, -5.822456529330269e-01, 4.422301787455641e-02, 4.937755723640019e-01, -1.096412258644224e+00, -5.547294300683426e-01, 9.667733627067516e-01, 8.648164535546327e+00, -8.706140312000875e-01, -5.189742203517688e-01, -2.160002390805767e+00, -2.878101538324890e+00, 5.831967919343258e-01, -1.493788283384999e-01, -2.020800750520911e+00, -9.994607118017022e-02, 8.069095540541537e-01, -3.726019383728631e-01, 1.821273214514277e+00, 2.175775916336248e-01, -2.409619693403667e+00, -8.879551091097889e+00, 9.151031256178244e-01, -6.120938640180172e+00, -1.062830395368266e-01, -6.072305331367586e-01, 3.746049585785454e+00, 2.218048577364647e+00, -4.632554516665011e-01, -2.088269508252449e+00, -1.566043811223922e+00, -8.025328603223026e-01, -3.381809897130933e+00, -1.236080381428277e+00, 3.854167042537995e+00, 7.010334780367857e+00, -1.972437857930284e+00, 1.271484105834538e+01, -1.379674811325008e+01, -1.373899941933125e+01, 7.594258594682142e-01, 4.442150036047150e+02, -2.159997086195230e+03, -1.543684218030365e+03, -6.068282994840626e+03, 9.944565430354005e+03, 3.395423403933587e+03, -9.397162361015746e+03, 2.003202578616450e+03, 1.395173856575370e+03, 6.528209662074897e+03, -4.362987448801727e+03, 2.026823084083929e+03, 2.100624122158122e+03, -1.583293051184897e+03, 1.125970185464658e+02, -7.941869063229535e+01, -4.100391346197591e+02, -7.433642428027241e+01, -1.181720651768593e+03, -3.688583053865790e+01, 7.394349254466158e+02, -1.528562559633315e+02, -3.461757095418546e+02, -3.781541423180741e+02, 1.604997794492510e+02, -2.467811542274612e+02, 3.635613483647208e+01, 2.183465976024966e+02, 7.570203288879416e+01, -5.566414027048382e+01, -3.786143731565713e+01, -7.544934911640499e+01, 4.484440493428112e+01, 4.593605603174164e+01, -5.756212713010304e+01, 2.371669363291018e+00, 1.821562030301144e+01, 9.979852257759656e-01, -2.775639487127357e+01, 1.954656214931012e+01, -1.462532481165587e+01, -2.592332397080886e+01, 1.217930083991134e+01, 7.838456153066846e+00, -1.603024475810718e+00, 5.469883526306464e+00, -1.738623095456768e+01, 5.712600297627277e+00, 2.107469605610159e+01, 1.191405152980034e+01, 4.467782825134958e+00, 6.023064078697582e+00, 5.628762585193934e+00, -4.003864072650211e+00, 4.716639357277589e+00, 4.625322249102752e+00, -2.526020958473465e+01, -2.973786878455728e+00, -6.740410020524571e-01, -3.749500461133143e+00, 4.985015798276537e+00, -1.413481361726379e+00, -5.158624794285323e+00, -3.014862439049271e+00, -2.324944903598960e-01, -8.229874830874929e-01, -1.809146046565338e-01, 2.101313083631414e+00, -2.006166331152753e+00, -9.384397980360750e-01, 2.658030625918772e+00, 2.024762823791603e+00, -3.134868919863986e-01, 3.078217511567954e+00, -1.535583155125605e+00, -1.843368049032613e-02, 1.176491127411424e+00, 6.837535763231173e-01, -5.967173917099801e-01, -8.480546015179513e-02, -5.287943814637763e-01, -1.108255957128455e+00, 1.121956385476058e+00, -1.566039481124772e-01, 5.248606692095924e+00, -1.425149016027698e+00, 3.048208374721386e-01, -1.384177150852820e+00, 9.955479547648257e-01, 1.179665124710643e+00, -3.288393090695084e-01, 8.198090210675808e-02, 5.427143520997237e-01, 2.545554929987410e-01, 8.238907566425563e-01, 6.476905481336334e-01, -7.214415634321493e-01, 4.604070933185241e-01, -1.301138695184703e+01, 9.925787835335522e-01, 9.093711707924531e-03, 9.696463943095077e-01, -9.337703025291106e-01, -7.239029028960633e-01, 9.345312253853317e-01, -1.852962179912185e-01, 1.726803364205088e-01, 2.804050792154783e-03, -6.190588839989741e-01, -3.176303173531027e-01, 3.275465077274038e-01, -5.348925355388930e-01, 7.546118484231727e+00, -5.384160233724700e-01, 7.213166679729230e-01, 1.668403217542676e-01, 1.223018933032574e+00, -3.395784363882963e-01, -7.726257027475815e-01, 7.908425139662266e-01, -3.119439718807228e-01, 2.567309363284794e-01, 7.272709002488839e-01, 2.828762637194845e-01, 4.866033272799299e-02, 4.696216990755472e-01, -1.398642132331484e+01, 8.594558916748367e-01, 1.894221851232632e+00, -2.458059854458318e-01, -4.061536051360369e-01, 1.119103218335990e+00, -2.375987938346040e-01, -5.123265869756548e-01, 8.747128669112032e-01, -7.478634337544230e-01, -8.230052485812555e-01, 3.621742362323124e-02, -4.169284391635669e-01, -3.384959304359911e-01, 8.211058886441412e+00, -8.025590223705265e-01, 2.793778890777941e-01, -2.654503167320432e+00, 1.608842575577727e+00, -1.975098296759402e+00, -1.933160131803664e+00, 7.453169629099362e-01, -2.019261992413124e+00, 9.491282011936362e-01, 1.062868116171261e-01, 8.103659875624682e-01, 1.836943565120499e+00, 4.437186636274552e-01, -1.296483779067133e+01, 1.720967071988810e+00, -1.970951224806880e+00, 9.735813611848226e+00, 1.909654258972270e+00, 1.045930520466825e-02, -2.239897940251833e+00, -1.985489934629471e+00, 4.247888153039963e+00, -9.762010626437374e-01, 2.254873909657469e-01, -4.240599894132751e+00, -3.254096298711977e+00, 2.949541488164137e-01, -1.196003229794412e+00, 5.726505772603310e-02, 1.064505490532672e+00, -2.185056637464520e+01, -2.481235894789307e+00, -8.381149572526034e+00, 4.544042513387501e+00, -1.486024397595785e+03, 2.676941216522966e+03, 1.337673409577812e+04, 7.008832651642749e+03, 1.007041125475256e+04, 7.662078397580291e+03, -1.224384529923977e+03, 5.600136249711692e+02, -6.467643320227411e+03, 7.593591114916116e+03, 2.780196888067289e+03, 3.881070301473451e+03, -1.996370320333327e+03, 4.156407875492911e+02, -1.375127551193454e+01, 7.718126130247206e+02, 3.682110911463537e+02, 7.558311440205514e+02, 2.916521988803630e+02, -1.036004151082999e+03, -9.158957003885537e+01, 2.052317882743452e+02, 6.673201399998194e+02, -5.773260154846919e+01, 2.412300408007070e+02, 1.066024289921055e+02, -5.828151047854236e+01, -1.260409110898462e+02, 4.410848938684411e+01, -8.477526778728192e+01, -4.810391124059881e+01, -7.207789666106537e+01, -2.971258001935425e+01, 8.484000662655698e+01, -6.309345810427303e+00, -3.504692690265743e+01, -6.617076689219986e+01, -1.088612623383565e+01, -4.159861082174687e+01, -2.591006607377202e+01, 6.609766605000603e+00, 1.426988597719640e+01, -1.989893111326312e+00, 1.108783483699554e+01, 4.440219543856793e+00, 3.864973271009808e+00, 1.030504188170133e+00, -8.265931501719139e+00, 5.148519851799452e+00, 6.087797786821516e+00, 8.173776648756135e+00, 2.971408683479659e-01, 5.130689793274370e+00, 2.448450674353786e+00, 1.512223129492670e+00, -1.532524615129133e+00, 1.110202729211717e+00, -2.676861717549400e+00, -8.320631186764642e-01, 9.342791915257558e-02, -6.004397917090478e-01, 1.970946039458013e+00, -1.309890902846895e+00, -2.829694364601563e-01, -5.420783798723089e-01, 1.341356771344071e+00, -1.942556490610318e-01, 3.945643887129759e-01, -1.129217813842404e+00, 2.748677648591116e-01, 3.576071755698871e+00, 5.325753241349764e-01, -3.060590565190458e-01, -8.066074423982715e-01, -4.830314862569049e-02, -4.124553103063803e-01, 9.881719165434624e-01, 1.414877862438747e-01, 3.589841306672527e-01, -3.849021658626540e-01, 1.179532073162364e-01, -1.983241694027390e-01, 4.113921082188127e-01, -2.152737597712160e-01, -1.163863323034603e+01, 3.409082610128039e-01, 1.113431585583592e+00, 9.155885842756924e-02, 2.466621301719812e-01, -2.675611684655139e-01, -1.035532592481219e+00, -2.177519841087712e-01, 5.743367457810444e-02, 1.620231670463773e-01, -1.505713042262120e-01, 1.796980073758933e-01, -2.865629842577630e-01, 1.630554083733982e-01, 1.244389311970106e+01, -3.196456415579010e-01, -8.653947170864222e-01, -8.028445713340236e-01, -9.199122103016982e-01, 9.259988489080566e-02, 1.100946332085999e+00, 3.017978702965411e-01, 2.424086646298830e-02, 2.549748491541116e-01, 2.708264012188993e-01, -1.366953600070561e-01, 1.513289134197980e-01, -2.879018366691046e-01, -7.453959894890284e+00, -4.839590437249187e-01, 8.261601994584734e-01, -1.026019662146781e+00, 1.035768908249722e+00, -2.741088146644459e-01, -3.062651843088087e-02, 4.128915263695004e-01, 1.999418709571616e-01, -1.417261665099336e-01, -3.083714306154828e-01, 2.463900934178029e-01, -1.923092618538922e-01, 3.912421221789937e-01, 7.274585297271604e+00, 1.372096753499586e-01, -1.131984573760583e+00, 2.731976026776172e-01, -1.170478382923131e+00, 2.940212648193957e-01, -9.109024065697614e-01, -8.632752306339717e-01, -7.918081828761084e-01, -1.109224715253050e-01, 2.383889365362949e-01, 3.700034191731433e-02, 5.923037089576821e-02, -5.252264718318924e-01, -6.108767984605243e+00, -1.256526268584761e-02, -8.176833226976856e-01, -2.158149353199529e+00, 4.436246982188718e+00, -1.995254571230798e-01, 1.478432289586221e+00, 1.202483277470244e+00, 1.897345293306042e+00, 2.270732258489294e-01, -3.575481933249636e-01, 6.935884326424355e-01, -6.832204816285945e-01, 4.993540282416030e-01, 1.267442725185323e+01, -2.710832313665681e+00, -2.798789453328261e+00, 2.193309604884308e+00, -6.088804848694600e+00, -2.324753266114050e+00, -6.052660122735791e+00, -3.860495007942478e+00, 2.712663709059724e-01, -5.161864238530827e-01, 1.965440687271460e-01, 4.855364966056211e-01, 2.252526488684416e+00, -7.303683137563499e-01, -7.277537860513430e+00, 5.194294691610203e+00, 7.214968759777228e+00, -2.247796517416036e+01, 4.381857643735549e-01, 6.292244012102441e+00, 3.277784679673872e+00, 2.586306665890260e+00, -1.687417640025739e+02, -3.767729148599319e+03, -1.233051068962912e+03, -2.236103919316441e+03, -3.957296037597775e+03, 5.307098044477731e+03, -3.342071925621740e+03, -7.373466721317362e+03, -1.946022310590533e+03, 2.806757039458734e+03, 3.649529331644374e+03, -2.239598733261870e+03, 3.242025719234992e+02, 1.229379474252429e+03, 1.056523012099852e+02, 2.367925220947539e+02, 5.479864518975217e+01, 9.434447575953266e+01, 2.189047475579036e+02, -3.544854261008812e+02, 2.075653153769569e+02, 4.685407200528815e+02, -1.679093815107874e+01, -2.627094289261775e+02, -2.036630714336538e+02, 2.292796508334713e+02, -1.789764736668960e+01, -8.477616783038421e+01, -3.276971702561944e+01, -1.763805392383747e+01, 1.956108109422813e+00, -1.571701950510672e-01, -1.309591790975943e+01, 3.417283144959343e+01, -1.278633233551490e+01, -3.582473899455909e+01, 1.247539810239161e+01, 3.021881958704747e+01, 1.125072934201406e+01, -2.470181658550698e+01, -8.925080967762470e-01, 7.507030946958043e+00, -1.394037840361976e+01, 4.411506673590622e+00, 2.086560710369911e+00, 4.700156779171917e+00, 2.469048508312749e+00, -7.915571890109878e+00, -4.997751043070990e-01, 3.367222912924062e+00, -3.472933128710352e+00, -5.816358203880964e+00, -7.361809014321975e-01, 3.817819864790524e+00, 6.093632233061468e-01, -1.378975225668573e+00, 1.476730900077158e+01, -1.524383518741772e+00, -1.022767443593581e+00, -1.832280452784501e+00, 7.618226496770063e-01, 1.680468489240584e+00, -1.428090500798325e-01, -8.976940193290075e-01, 4.835214075108632e-01, 1.541401391899650e+00, -3.889632306816660e-02, -1.233107641185415e+00, 1.249454851833016e-02, 5.521146077613126e-01, -5.489998873674873e+00, 7.751762238948247e-01, -4.268128165219436e-01, 1.201577687566006e+00, -9.253786584737463e-01, -5.967612590992463e-01, 4.828111586087100e-01, 5.261565016860705e-01, 1.457054120715796e-01, -7.348138799214471e-01, 6.741660938932643e-02, 6.655664987706231e-01, -1.171557531498125e-01, -2.556751974403486e-01, -1.735752937363223e+00, -3.028773075167561e-01, 1.137248953132972e+00, -1.064957675240304e-01, 8.502482144288002e-01, 1.577810772462261e-01, -4.188498941310947e-01, -7.462964241252137e-01, -4.323115630894732e-01, 4.903137274628612e-01, -2.181314567952383e-02, -4.013043060502716e-01, 6.995296848960221e-02, 1.021130441304277e-01, 3.413415405012630e+00, 1.488999112930182e-01, -1.704360008171960e-01, 7.591487503329907e-01, -3.561895296722332e-01, -7.770477885156094e-01, 3.467652856956392e-01, 5.911795474360797e-01, 3.025903977096076e-01, -6.534644309980344e-01, 9.793892062859664e-03, 3.500616995054191e-01, 6.518837859167444e-02, 3.961938044968918e-02, -4.300715859797943e+00, 2.442773132910129e-01, -7.377567611885846e-02, -8.645823982490034e-01, 6.863918024957100e-02, 8.984020643656896e-01, -2.574024538355599e-01, -6.622642191004730e-01, -5.019800662881945e-02, 9.428243936327997e-01, 1.047771280296195e-01, -3.633982765166300e-01, -1.794640803168825e-01, -7.209004147592121e-02, 4.512368470440029e+00, -6.215103520564529e-01, 4.645588052877128e-01, 7.263725212326569e-01, 9.803728668511369e-03, -4.060021062018768e-01, 1.124353664630927e+00, 1.843325905660207e-01, -2.566300267656156e-01, -1.401069808010949e+00, 4.716115744384283e-02, 7.707730022728171e-01, 3.909324474130042e-01, 6.651999752295312e-02, -1.132616970975161e+00, 6.507673380826710e-01, 1.166770655147382e+00, -2.820966645442426e+00, -9.250800997207171e-01, -6.642941785795354e-01, -2.676026249386056e+00, -1.106233173315346e-02, 5.090608768750443e-01, 7.899325354183707e-01, -1.138622978458866e+00, -1.024391276648220e+00, -1.296824047140861e+00, -2.411659698332949e-01, -1.508694512527900e-01, -9.411463399967173e-01, 1.373506192683258e+00, 2.223141241723012e+00, 1.101411873229327e+00, -7.048754644526549e-02, 2.862139926664098e+00, -3.324732711955390e-01, 1.853270720002894e+00, 6.740773720276535e-01, 1.899335477999048e-01, 1.882720949636904e+00, 2.304540795829390e+00, 8.826904309073771e-01, 6.083507124999320e-01, 1.261406217421882e+00, -1.781597012555570e+01, -2.181029895624428e+01, 2.822302013183282e+00, -5.417414381465059e-01, -7.622725002222999e+00, -4.127753356796560e+00, -2.369747410678987e+00, 4.663758188810306e+01, -7.030145826443512e+02, 1.169654066705619e+02, 3.197133055429172e+03, -8.953129814191696e+03, 1.054362454883551e+03, 7.145291355580594e+03, -6.143914547549010e+03, -7.698332094858430e+03, -2.648427955068923e+03, -2.803173571630324e+03, 5.841691733641642e+03, -1.288253136169011e+03, 3.279255309281769e+02, 4.557837543170103e+02, -4.478633572135507e+01, -2.398472977366231e+02, -6.275243268127690e+02, 2.352662627280758e+02, 4.318107111367330e+02, -1.593988985835822e+02, 6.498813748118604e+02, 3.641987654269992e+02, -9.334142611640905e+01, -8.301113099571565e+01, -6.644579169298446e+02, 1.671000742622536e+02, 2.033545277584635e-02, -3.299597108549430e+01, 6.656387362176050e+00, 2.591694765707187e+01, 7.000637420648899e+01, -2.139973733095642e+01, -4.344053106826692e+01, 1.786379272960114e+01, -3.675072593978545e+01, 1.052461927325840e+01, 4.652319448587465e+01, 3.346045548644462e+01, 7.914079945607804e+01, -1.834038554417306e+01, 7.097151061552045e-01, -3.916914329714405e+01, -3.677480934026931e+00, -7.807953217380946e+00, -1.566670002120833e+01, -4.652874277664641e-01, 1.087390587605583e+01, 2.102047381846198e+00, 5.311805524885227e+00, -3.596669165050031e+00, -7.547835017719264e+00, -5.098648753380614e+00, -1.234820194853677e+01, 2.062334141017354e+00, -3.631410300186832e-01, 1.220770600776633e+01, 2.515716852786122e+00, 3.237757650275215e+00, 5.411827124257393e+00, 1.063127423811077e+00, -4.519529672244569e+00, -2.839728017739350e+00, -1.696081660422423e+00, 6.777580526057788e-01, 9.424218291080333e-01, 7.649096734730636e-01, 2.970171622690019e+00, -1.268099667403428e-01, 1.909360384398879e-01, -6.936820553019921e+00, -1.095354120806304e+00, -3.898008882840121e-01, -1.543504454991249e+00, 3.739679361932711e-02, 1.484898890132218e+00, 1.462629091621298e+00, 1.055726984015102e-01, -7.195010484769792e-01, -9.355170605914909e-02, -4.013988216999470e-01, -1.375039278169949e+00, 8.602749045557440e-02, -2.564316361195398e-03, 1.995752159981916e+00, 7.938556209099142e-01, -3.199831880496330e-02, 6.007145094543109e-01, -3.932373043786731e-01, -7.888359474442049e-01, -8.683349293082070e-01, 1.671045495746424e-01, 8.218824941188666e-01, -1.019532310656523e-01, 2.522348155264850e-01, 8.430108532297074e-01, -9.886083217453540e-02, -1.142537308881629e-01, -4.196345826550246e+00, -6.205541546149725e-01, 1.901532658722320e-01, -1.053514547980367e+00, -3.127973482386908e-01, 1.055842759663241e+00, 1.031105982980431e+00, 2.068999307714369e-01, -4.536564842901837e-01, 4.667199852733975e-01, -3.497321990844334e-02, -6.106928112292352e-01, -7.610613251956613e-02, -3.615159983787891e-02, 4.895324263838625e+00, 4.612073800996125e-02, -9.088362404472711e-01, -7.263298613170820e-02, 3.163126961943121e-01, -9.501309355529387e-01, 2.097657349557414e-01, -2.298380976500115e-01, 5.814938484693034e-01, -2.762845843374657e-01, 1.061467286817436e-02, 5.266531937940337e-01, 1.983947328150235e-01, 2.267431428931897e-01, -1.160191464480444e+01, 4.927763909113290e-01, 1.920238693590386e+00, -1.254748491828519e+00, 9.366965870345261e-01, 5.511175891611717e-01, -1.019559786657506e+00, -1.255719285738276e-01, -1.692699981813229e+00, 3.242078132727432e-01, -3.036365687664254e-01, -4.925686276408427e-01, -4.263759832830647e-01, -3.865980756710997e-01, 8.871224514031873e+00, -8.500972466630957e-01, -8.907739675030734e-01, -1.667918874629874e-01, -2.375133531229582e+00, 3.903773960051061e-01, 1.876950676709055e+00, -1.190006805550246e+00, 1.880829869786970e+00, -1.863689859643723e+00, -1.402018428295883e-01, -5.650019217549340e-02, 9.619605367161577e-01, 5.074392980479722e-01, -4.271459148551423e+00, 1.697853010329145e-01, 1.182927584655496e+00, -5.323555276446440e+00, 2.681574538508454e+00, 1.366465114637067e+00, 2.620482529913688e+00, 3.001627572980494e+00, 5.918628137471827e-01, 3.423344744545449e+00, 1.249801963311908e-01, 1.210910006202323e+00, -1.511852731690030e+00, 7.794277247575943e-02, -1.500773155957942e+00, 2.820853537664010e-01, -1.381278385731112e+01, -4.450784492683188e+00, -5.325846601373579e+00, -6.310831572300910e+00, -7.551684989865707e+00, -5.366651195011359e+00, -4.025402217681168e+00, -4.615682670326786e+00, 7.778871703965359e+02, 2.145740905191779e+03, -1.268811653260092e+03, 8.183241842024463e+03, -4.605017121281190e+02, -2.135669115590594e+03, 2.384257789186876e+03, 2.016342274176986e+02, 2.652013601440558e+03, 8.740893424898920e+02, -1.851421332756639e+03, -4.655654656152084e+02, -1.602876596685614e+03, -1.063071812865903e+03, 8.950470080550662e+01, 1.372883331228148e+02, 2.663599196493795e+02, -3.395000633825516e+02, 1.099713113234893e+02, -5.859762499831360e+00, -3.380073039404521e+01, 7.381562003374013e+01, 2.845939907449279e+01, 7.774884390467344e+01, 2.682904727221951e+02, 9.518807693799508e+01, 1.080868230706457e+02, 5.963406541964176e+01, 1.187574244474566e+01, -3.356909924913755e+01, -3.173968388297872e+01, 2.485700682704424e+01, -1.623014270311867e+01, 1.310076188690640e+01, 8.641762243491232e+00, 9.597192981661115e+00, 6.854330181509042e+00, 1.199211007878932e+01, -1.508918037950029e+01, -5.927979160653091e-01, -1.628543672280154e+01, -2.814922928951485e+00, -4.824730134508536e+00, 7.140829851898111e+00, 4.589350568240532e+00, -5.631749559603319e+00, 1.608702272952532e-01, 9.964562933360117e-01, 2.016063505242923e+00, 8.232357388464131e-01, 1.915832450923619e+00, -2.033470475764998e+00, 3.976467534463544e+00, 1.069724429055326e+00, 2.176743037915049e+00, -7.797282241302024e-01, -8.682418237091429e+00, -2.686610628600059e+00, -2.325058720687144e+00, 2.289184602186216e+00, 5.966548771023467e-01, -7.084497049885994e-01, -9.218136499186997e-01, -4.500516593513182e-01, -1.020467529271746e+00, 1.053957805821037e+00, -1.301435887930289e+00, -5.358342279475871e-01, -5.830030850353696e-01, 5.069137817991192e-01, 8.843131880692896e+00, 1.315549321449143e+00, 1.619695745844331e+00, -6.189560549832722e-01, 1.262200916289752e-01, -3.378677972325984e-02, 4.185305558125648e-01, 1.863011818580057e-02, 4.125171759264718e-01, -7.679237574232967e-01, 5.775951944537320e-01, 4.468713406595546e-01, 1.583672065977742e-01, -3.706283005716905e-01, -8.220031164292319e+00, -8.412590034254223e-01, -1.084690471702865e+00, 9.532573403106941e-01, -4.854183338954252e-01, 2.277432076241312e-01, 1.667118388661833e-01, -1.274956543075172e-01, -2.249998876909121e-01, 6.034780770319317e-01, -1.991171690809288e-01, -4.626181777181838e-01, 7.242862382368764e-02, 3.000566581547462e-01, 4.728738793798273e+00, 1.872565882345619e-01, 8.047415777654362e-01, -5.385096504441899e-01, 4.263541583734897e-01, -3.862169121942221e-01, 1.659433636367823e-01, 2.023672630630939e-01, 5.434632569592606e-02, -5.287759241182828e-01, 6.583940303395630e-02, 3.892430806441436e-01, -1.582082119178851e-01, -1.676494444697837e-01, -2.972126761520233e-02, -4.814218415266115e-01, -6.834181153672528e-01, -6.034862583305869e-01, -5.291183165484515e-01, 5.955340244662289e-01, -3.059782867581434e-01, 8.160303044095871e-02, 2.674571851076166e-01, 6.076031438367239e-01, -6.399944138319265e-02, -2.610276139904413e-01, 1.776283674057150e-01, 1.259928219827005e-01, -4.560334331751558e+00, 4.168933249576354e-01, 5.448970036766645e-01, 5.187398166460704e-02, 4.444582788359252e-01, -1.167588948551617e+00, 2.774586463137990e-01, 3.664205605669268e-01, -6.051493642211773e-01, -7.739559604502227e-01, -7.583588586761164e-03, 3.387725240314299e-01, -2.614879434690597e-01, -9.094885530007089e-02, 5.828570583619241e+00, -8.382044002350680e-01, -6.795598812766206e-01, -1.369882216931033e+00, -7.345893387655286e-02, -1.218212350920630e-01, -6.037410940220610e-01, -8.098366531957133e-01, 1.066577203935234e+00, 6.109505193277174e-01, 1.185775349575664e-01, -8.316572706712327e-01, 2.508009461843284e-01, -1.334672695619687e-01, 6.678100637684424e-01, -9.791121180406774e-01, 2.962610505159093e+00, 5.789248667140167e-01, -3.027850561726085e+00, 1.236828286687121e+00, 3.377125572909200e+00, 2.287682798534557e+00, -5.999254247447229e-01, -1.668701243838518e-01, -1.214313352716731e+00, 3.656781463733619e+00, -1.657417292375054e+00, 1.582167143909413e-01, 2.775478972876560e+00, -2.077150758550060e+00, -1.112868720662176e+01, 1.278236693672756e+00, 9.886481871182001e+00, -2.686601816949918e+00, -7.722955975784584e+00, -7.154468530315854e+00, -1.633476939679577e+00, -2.767637043164410e+00, -3.213562466456332e-01, -3.170339748943898e+02, -4.123305549332102e+03, 8.749889417901564e+02, -7.679318948417723e+03, 1.833310789951317e+02, 2.166963217565518e+03, -2.896298442822320e+03, -1.386900813466473e+02, -3.484407757118380e+03, -7.781828323183502e+02, -1.342496238716999e+03, 1.043532365094198e+03, 1.163138420835882e+03, -1.349495529407100e+03, -1.157431397253266e+02, 4.136519493819069e+02, -8.720755078192114e+01, 5.555922354920281e+02, -2.752331035845791e+02, 1.339198148284455e+01, 3.862820643177338e+02, 9.743439017308562e+01, 1.765884043804934e+02, -2.943777519434780e+00, -8.209218600131392e+01, -1.982369967387732e+02, 3.030233975627464e+01, 1.542902472990547e+02, -4.468112894493289e+00, -2.835307817417175e+01, 4.550420469445074e+01, -1.999511383242341e+01, 7.523812235517867e+01, -2.548551097297037e+01, -6.243740014912630e+01, -1.552507443018759e+01, -1.010831220382761e+01, 3.836241576815013e+00, 1.793570440191251e+01, 2.931738237209141e+01, -1.132558951208016e+01, -1.684745726975736e+01, 4.261918454996921e+00, 6.930987018284251e+00, -6.134050405731078e+00, 6.306979360613999e+00, -1.153773547764244e+01, 7.333569858852549e-01, 9.513724255493988e+00, 4.539828069995934e-01, -4.272853151844246e-01, -7.732027424790197e-01, -2.463735177303317e+00, -5.436995346050348e+00, 2.368983502693903e+00, 2.037807705379211e+00, 5.937592796633930e+00, -2.975777701429901e+00, 6.641866044200897e-01, -2.286737800074403e+00, 2.297669078815392e+00, 9.672879830754578e-01, -2.326143476599029e+00, 7.116518241523869e-01, 8.644063395534364e-01, 3.221630414607446e-01, 7.784489983101108e-01, 1.775269204478900e+00, -7.171899979016982e-01, -2.689590912065998e-01, -2.544328686424582e+00, 7.530874921043691e-01, -4.013660343844712e-01, 6.249766035718239e-01, -1.482281940722854e+00, -1.932979171246481e-01, 1.537471292573889e+00, -3.227935311196261e-01, -3.994335693481749e-01, 1.054378646075606e-01, -2.998199497079396e-01, -7.527564490417964e-01, 1.746027319851286e-01, -1.059786301161061e-01, -4.450192515771771e+00, -6.050870850451273e-01, 8.737086735156743e-01, 5.076210416152581e-01, 6.658197171029480e-01, -3.328396440796309e-01, -1.313631099949034e+00, -2.393859116814255e-02, 1.398512143090418e-01, -2.721226129477158e-01, 1.635070313165377e-01, 3.055631028494489e-01, 1.455865133251354e-01, 2.381660789267991e-01, 4.767092441091623e+00, 3.237284987153723e-01, -7.133421912340590e-01, -1.869300649265540e-01, -1.576682664279253e-01, 6.502735170321384e-01, 8.844801235346539e-01, -2.779063475625842e-02, -3.245671556100403e-01, 1.917569195173290e-01, -1.572596236704670e-01, -1.279436012316846e-01, -2.566645780311556e-01, -2.648209541426308e-01, -2.444635954101322e+00, -9.936507030778493e-01, 1.020980505242554e-02, -8.851587910356702e-01, 3.445852322446887e-01, -3.636112106373138e-01, -1.531048741615092e-01, -1.694450775174831e-01, 5.459392551121798e-01, -3.910970962840123e-01, -7.578690341517669e-03, 7.328396871655873e-02, 4.082372680007381e-01, 2.507068200299228e-01, -4.089345365530429e+00, 1.323556539124500e+00, -4.578765948082740e-01, -3.999122029420339e-01, 2.869128152335970e-01, 6.781105306365749e-01, -7.300332758801810e-01, -5.012790414784518e-01, -1.153395693712918e+00, 5.644163052745178e-01, -2.164244195274044e-01, -1.525932237752862e-01, -5.523306936466824e-01, -3.250289251197546e-01, 2.425957888183227e+00, -1.665335784968516e+00, -2.366006737538433e-01, -1.287402019103013e+00, 7.939093682778103e-01, -2.182844875791026e+00, 1.938418337614243e+00, -4.048684010964927e-01, 2.800075818013582e+00, -2.153231588886555e-01, 5.569296521312753e-01, 7.089947983662435e-02, 3.139821559172587e-01, 3.860637231863786e-01, -1.933249850034524e+00, 1.225962434998188e+00, -2.098440939023429e+00, 2.031169604201696e+00, -2.547217950421257e+00, -6.325165692444481e-04, -2.314249772791740e+00, 1.346892043724930e-01, -4.095195190538388e+00, -2.087746122213301e-01, -3.418833816579910e-01, 1.207717909655094e+00, -5.830908628494539e-01, -8.920535237488393e-01, -3.482348145912080e+00, -7.097839554170221e-01, 1.118016101762598e+00, -5.027837641919440e-01, 2.613389680617786e+00, 4.979876035665655e+00, 2.076798271330959e+00, -4.444932986997038e+00, 1.097670092696732e+00, 2.059698882526648e+00, -8.497738120209696e+00, -1.911087710359298e+00, -2.369685813857087e+01, -1.110910760032022e+03, -6.352017683528791e+03, -2.076566968533782e+03, -1.428826200580226e+02, -3.704857865913270e+03, 6.836583797752966e+02, -5.741610777901756e+02, 5.646966598687262e+03, -9.256377801789805e+02, 1.923103405087242e+03, -3.581260844154496e+03, 1.136395483538477e+03, 2.014196914507850e+03, 1.046345699191096e+02, -7.441191777293619e+01, 3.371898433338148e+02, 9.111047489813916e+01, 8.432038462483581e+01, 1.308879008920198e+02, -1.743099245303321e+02, -1.910697668099230e+01, -3.904208626518673e+02, 1.118889694947869e+02, 7.876300578199293e+00, 2.841297628031382e+02, -1.233557043947680e+02, -1.024992604728233e+02, 2.421223898262553e+01, 1.369443466514350e+01, -3.333954799387069e+01, -1.281235925360434e+01, -1.861060997214601e+01, 1.946994255996474e+00, 2.845648441455151e+01, 1.003985923423108e+01, 3.977231198771840e+01, -8.856686326667633e+00, -2.336161877962470e+00, -2.165792286076456e+01, 1.360275807910121e+01, 3.953093602836149e+00, -3.218284403607886e+00, -4.922830770936446e+00, 2.143814168768040e+00, -2.829322072640784e+00, -1.242233789442634e+00, 2.846561877565951e+00, -1.251082173324362e+00, 1.048678045666795e+00, -3.242487353724912e+00, 2.941856171657955e+00, 6.147113422095929e-01, 2.521756895083504e+00, -2.544170107593448e+00, 3.880782827004421e-01, -5.121282890525722e+00, 1.436162582802297e+00, -5.840291362176359e-01, 1.258798894126817e+00, 2.728648394395018e-01, -7.783377412069152e-01, 1.527408373444590e-02, -7.689685554736504e-01, 1.834996171141838e-01, -1.081951610895292e+00, -3.117080765810079e-03, -2.432288340350382e-01, 8.135024949338460e-01, -4.417750781267399e-01, 6.437957619714177e-01, -5.966720742065167e-01, 4.603368048431656e-01, -2.801202325429548e-01, 5.381350107951378e-01, -1.894831349520365e-01, -4.769225511913324e-01, 1.698959864844599e-01, -3.383839712453618e-01, 1.514995836698186e-01, -4.479847097729588e-01, -3.893077192176521e-01, -2.786762615917556e-01, 4.375732544779247e-01, 3.000166304976649e+00, 4.270343779088636e-01, -1.056840017523711e+00, 2.212734626883715e-01, -9.208624879776722e-02, 1.540675095094497e-01, 2.634094034911679e-01, -1.840854878861415e-01, 3.135346920088452e-01, -9.407435949811120e-02, 3.860254734786036e-01, 2.761505625816342e-01, 1.082489114078951e-01, -3.830913114575845e-01, -1.191685923845544e+00, -3.645773378088243e-01, 5.534039649798768e-01, -3.946401229825380e-01, -4.687388475218192e-02, 3.210307372989070e-01, -1.443946521800233e-01, 6.955861574038606e-02, -6.735509811354212e-02, 2.202297747087940e-01, -3.699429246383240e-01, -1.270968361425496e-01, -1.637799718266156e-01, 2.424238239742621e-01, -8.244574935481490e-01, 4.618610955367868e-01, 2.690293904933597e-01, 1.351611007506715e+00, 6.239549155821751e-01, -9.508241729546277e-01, -1.173017912797345e-01, -4.562952384460165e-01, 1.239597284685754e-01, -1.868316537805653e-01, 5.568101910477384e-01, -1.153232983354359e-01, 9.381675903300697e-02, -3.021405507820099e-01, 1.006372390805721e+00, -2.504550708253594e-01, 2.226556316533070e-01, -9.159001526667082e-01, 5.316785437972480e-01, 8.251987906959046e-01, -9.718395268257431e-01, 3.266884741142106e-01, -6.458526961037765e-02, 1.751946728020798e-01, -7.483460677197746e-01, -1.552228576856995e-02, 1.618878367802028e-01, 5.670830374363096e-01, 3.768287386771516e-01, 7.700946540045221e-02, 1.495033751884696e+00, 2.981549948829501e+00, -4.543310487494970e-01, 1.155341667148859e-01, 1.956253083243879e+00, -9.516321250885830e-01, -1.009835879438471e+00, -9.474823377810300e-01, 1.390037822884166e+00, -3.200399638454468e-01, 2.193028443560719e-01, -7.922864915879284e-01, -4.729110344329785e+00, 1.212842883932295e+00, -6.120980124879704e-01, -6.629879730375285e+00, 4.537121545054633e-01, 6.764373622051677e-01, -5.680058388414487e+00, 1.666248510495840e+00, 1.271297163175897e+00, 1.510880833428714e-01, -3.112900158392558e+00, 4.664767747916833e-01, -5.785995826031698e-02, 1.363507135365936e+00, 2.129532812910371e+00, -5.483005183798169e-01, 4.028647460638602e+00, -1.340568066650308e+00, -2.897471744042725e+00, -4.012909301516269e-01, 9.816372366710896e+00, -4.875165874542982e+00, -2.421480922248469e+00, 1.842211687888545e+00, 8.069146337845703e+00, 1.056439202060866e+00, 5.036222870848615e-01, 7.894930410793754e+02, -2.716970933211093e+03, -3.946083184085093e+03, -2.315553871565680e+03, -3.271393692786133e+02, -1.014921895476391e+03, -2.409810734115148e+02, 5.301324090561757e+02, -2.215460170409263e+03, -1.295605191949372e+03, 9.046489100175397e+01, 1.768488550967588e+03, 1.320850447055193e+03, -1.229847258589472e+02, 9.809415005065144e+01, 2.476652921116500e+02, 3.113728117415650e+02, 2.347249060584304e+02, 3.138618600011148e+01, 4.944118780077898e+01, 1.752771488773717e+01, 7.308933681763106e+01, 2.619535178897397e+02, 2.252855770978815e+02, 3.641560448209368e+01, -8.596688388021543e+01, -7.903190281612301e+01, 2.525261771729815e+01, -1.399325169032579e+01, -2.992651371695512e+01, -5.051753091582929e+01, -4.286729898505321e+01, -2.572734473982014e+01, 1.816823598355343e+01, 2.019221482904483e+01, 3.022304467693588e+00, -1.699411164284244e+01, -1.798536275494745e+01, -3.802363271154190e-01, 5.217585903765272e+00, 8.038376139462885e+00, -2.534858453759889e+00, -6.766163349122313e+00, 3.315665716381822e+00, 8.593263681907700e+00, 5.325094795966576e+00, 3.224922832986881e+00, -1.906247237650502e+00, -3.444688142473247e+00, 6.415501381100996e-01, 3.319437205770348e+00, 3.281294335081928e+00, 5.298971101297222e-01, -9.675109963663406e-02, -1.669236013442605e+00, 4.214054784382509e-01, 9.265144876286109e-01, -4.609664307418755e-01, -2.253979365134126e+00, -7.187822566178088e-02, -3.422862745876057e-01, 1.644115223588972e-02, 1.050684595421673e+00, -4.998765791095558e-01, -1.060225667005699e+00, -9.522213059658889e-01, -3.171490936499530e-01, 3.351711054614000e-02, 5.928862302433233e-01, -1.232439994293982e-01, 1.801542545240418e+00, 4.837047717356213e-02, 1.376364678945748e+00, -6.585179151954033e-03, -1.926673776428214e-01, 2.625714213660788e-02, -5.426452703013888e-01, 3.138901072165157e-01, 5.363186775186902e-01, 3.389638089327461e-01, 1.513628064564682e-01, -1.535139361470688e-01, -3.311244187165879e-01, 8.310163582252586e-02, -7.887660486485066e-01, -1.769915349211457e-01, -9.461383294350232e-01, 2.768232664000451e-01, 5.285505949905325e-01, -7.185687779724556e-02, 1.917255173688357e-01, -2.013088580028607e-01, -4.005187536478260e-01, -1.035548938139319e-01, -5.201181740513977e-02, 3.147194694152965e-01, 9.403262143849174e-02, -1.455409653826824e-01, -4.866176009914648e-01, 5.865476567214130e-02, 9.325421583751915e-02, -3.773319392382234e-01, -3.343132879422380e-01, -1.555036353347120e-01, -2.036841746768978e-01, -1.276923637980934e-01, 2.069709252578619e-01, -5.522650954793072e-02, -6.475013014821293e-02, -2.981100854401483e-01, -1.238578552329325e-01, 8.982689552426038e-02, 1.389444801972314e+00, -1.097783944263450e-01, -3.751825570030861e-01, 5.621341532091489e-01, -1.193533218173080e-01, -2.123115258624673e-01, 4.792721656463399e-02, 2.751637802644524e-01, -3.132029034014406e-01, 5.292307503768359e-02, 6.135650797094551e-02, 3.228669125475803e-01, 1.679742551135530e-01, -1.496198186209654e-01, -4.225275728016303e-01, -2.317785687429869e-01, 1.328087395558198e+00, -2.438876865443229e-01, -1.720305917393111e-01, 1.370529721419697e-01, -4.030052753441696e-01, -6.029643983233507e-01, 8.171518517662530e-01, 5.891895472197484e-02, 1.450575829843198e-01, -3.747075687272587e-01, -4.880215550015999e-01, 2.292212388424781e-01, -1.142938524891487e-01, 2.890519365892614e-01, -1.246734256730081e+00, 6.666754749976360e-01, 7.939452743109882e-01, -5.565656380638961e-01, 1.186401153842347e+00, 1.784013276491268e+00, -5.653862656898696e-01, 6.686223188552299e-01, 7.587414840127639e-02, 1.491832048087887e+00, 2.986272256977608e-01, -4.026272332495953e-01, -5.840967575160158e-01, -5.036400845922812e-01, -9.321132513566468e-01, 5.210404090442337e-01, 2.734875694809981e-02, 2.360903311499501e+00, 2.055242605240839e-01, -1.872144281145501e+00, 1.172107993331351e+00, 1.242776394754446e+00, -1.401390397967169e+00, -1.438046736892898e+00, -6.742850674096353e-01, 1.576798972572391e-01, -2.912432499948926e+00, 1.359514625941575e+00, 6.510552123922984e+00, 2.091226424373875e+00, 6.117068346330233e-01, -8.285654474112308e+00, -3.557385310932687e+00, 2.517340975068447e+00, -1.684902638135922e+00, -2.591467969163394e+00, 5.169936441827099e-01, 1.773078492940101e+00, -5.184953441874079e-01, 2.164448674414356e-02, 9.360838252751445e-02, -6.395480252013090e+01, 1.126963109082839e+00, -1.487169387554190e+00, -2.357123906425405e+01, 1.708507187083167e+01, 2.734587756269534e+01, 2.561558031108493e+01, 7.408500296188378e+00, 1.071558497278693e+00, -2.311448186448191e+00, 1.466969929032967e+01, -2.246134579827578e+01, -1.697472736780450e+01, -2.044217959231362e-01, -4.510521433482990e+00, 4.719481504567573e-01, 6.420673955320918e+00, 5.314566832143075e+00, 2.064562727850184e+00, -1.517824385382954e+00, 8.471364732871128e-02, 6.885821199314718e-01, 2.461900186010660e-01, -5.821075652014636e-01, -1.736687801535708e+00, -1.582786494779715e+00, -1.465173548054700e+00, -5.233351950572816e-02, -5.352188614230484e-01, 1.636218060184687e+00, 1.791183590695620e+00, 1.183993454250825e+00, -6.566151839696861e-01, -7.052886538420226e-02, 1.981477280306068e-01, 7.851949978409709e-02, -2.353469277830914e-01, -9.193870307466075e-02, -2.588261784989567e-01, -4.149856985488104e-02, 4.116241190954281e-02, -3.419861482195284e-02, -2.367294500045014e-02, 6.596855114227049e-01, -4.541278432134796e-01, 2.731015609605074e-02, -5.860005194394694e-02, 4.804054332529995e-02, 1.660489773345028e-02, 2.831509617839426e-03, -4.690713725180990e-02, 9.867463169658301e-02, 3.006090594225204e-02, 1.738573260868694e-02, -3.394429449695776e-02, -2.830476088058051e-02, -1.928548323361988e-03, -7.625152811462760e-01, -2.627565453635968e-02, -1.868743617082549e-01, -1.529195182544831e-02, 3.296672117960660e-02, -2.632633365036019e-03, -1.535180406813302e-02, -8.596247799627846e-03, 5.891957874331896e-02, -1.072770844789009e-02, 3.577570518994372e-03, -1.377397746099433e-02, -1.614232250688434e-02, 4.364105811378997e-03, 3.775534732591926e-01, -6.831723998110169e-01, -3.815801108042255e-01, 4.491853784892865e-02, -5.679839609213174e-02, 4.765052736177407e-03, -2.030562501617570e-02, -2.975264815061502e-03, -1.937503637361050e-03, 2.313663556702737e-03, 5.708633487141451e-03, -4.358193503522180e-03, -6.594204431388654e-03, 5.606186455937770e-04, 2.387222840254427e-01, -2.725478262209882e-01, -6.457097285003312e-02, -1.909477523153498e-01, -2.028984612744539e-01, 6.053286074049151e-02, -5.421738981381071e-02, 3.541042641099914e-03, 6.562958241482558e-03, 7.922229154497417e-04, 1.405766397442107e-02, -3.728001143813997e-03, -1.296047724273723e-02, -2.249493945791543e-04, 3.732451165967796e-01, 4.787379805953808e-02, 2.839235932959195e-03, 3.093254420811626e-01, -1.827033453537622e-01, -7.371465466805813e-02, -7.116259356719833e-02, 2.182445378059810e-02, 3.301011306914890e-02, -2.994951108030329e-02, 1.173992306159693e-02, -8.710421323295331e-05, -1.651622181702934e-02, 7.765508361086905e-04, 9.544152924037294e-01, -5.228829068379410e-01, -7.116825567236471e-01, 6.722764118785257e-02, -1.037320613657669e-01, -3.239381442814870e-01, -1.428470641209971e-01, -1.655896568445840e-01, -1.071746882598161e-01, -6.825963264791643e-02, -2.476933581330812e-03, 5.977092798115370e-03, -1.109795603311652e-02, 2.181814617132220e-03, -1.051519850012238e+00, 8.109136272985618e-01, 1.883917639177712e+00, 5.952613084929078e-01, 8.550926441855695e-01, 1.822391505364439e-01, 3.924008884567508e-02, -3.957398938091404e-03, -6.929727241460165e-02, 1.421468501849984e-02, -1.255927106709716e-02, 8.637471856412750e-03, -2.357286404796277e-02, 2.518866755503339e-03, -7.421802476263119e-02, -4.737160882648113e-01, -1.504120487736940e+00, 1.607555958024800e+00, -1.362951560001594e+00, -6.034894438832765e-01, -9.397783134076554e-01, 8.004239650343764e-02, 2.645546331806239e-01, 3.167809926537128e-01, 1.718077422865316e-01, 7.396109121307562e-02, -3.547772030584961e-02, 6.621954447449859e-03, -3.358121576931329e+00, 4.975237362827940e+00, -2.204856966743550e+00, 7.079819064047195e-01, -1.824750997340143e+00, 3.608770515105087e-01, 9.669846202116696e-02, -1.620865734045942e+00, -3.328113275696917e-01, -4.595478849656223e-01, -3.149893676532566e-01, 4.220507546918724e-01, -6.375190680831387e-02, 5.647942434753766e-03, 9.137158029624553e+00, 4.902445444140622e+00, 1.649112340679402e+00, -7.292498736551048e+00, 8.479553849136204e+00, 2.310547272175719e-01, -2.427532733101400e-01, 4.154916671982789e+00, -1.837880913505330e-01, 1.952838983122214e+00, 2.046458612613239e-01, 6.993870451958203e-01, -7.003269631281930e-03, 9.085620646032463e-02, -5.761770441664815e+00, 5.102231782703445e+00, -1.375597536393176e+00, -3.127751761874218e-01, 1.349203656541375e+00, 2.197240581160256e+00, 3.105573717479723e-01, -2.167447657513876e+00, 9.541654401898240e-01, 2.353219439541784e+00, 2.377920948260531e+00, 2.164114677745630e+00, 4.704546125854548e-01, 9.991065656381375e-03, 6.916885804045959e-02, 5.710447568704268e-01, -3.786904077274135e-01, -4.803702732593973e-02, -4.822959964184889e-01, 2.118284567564929e-01, -6.252852583631231e-02, -1.449664336208013e-01, -2.826651113495847e-01, 1.634841426245572e-01, 3.372611461522474e-01, 2.728539953226922e-01, 1.511334535495637e-01, 6.058473800333889e-03, 1.589431016929154e-02, -5.608480289264826e-02, -2.049531345448156e-01, -1.313068264260721e-01, 8.113340033488712e-03, 1.367836406865237e-04, -8.457719416619734e-02, 4.964434880851555e-02, 1.059739035226389e-02, -2.651439535516396e-02, -1.469549686030712e-02, -5.382630969629743e-02, -6.862808529527823e-03, -1.301260151677108e-04, 3.228260267693591e-03, -6.097986448652153e-02, 3.992306413705526e-02, -6.919847811855136e-03, 7.980321037102620e-03, -2.883714599341180e-03, -6.873461490920151e-03, -4.853109397803082e-03, 6.009126132911209e-03, -9.476479253802295e-03, -9.854853847564802e-03, 3.371875037269370e-03, -1.570143200021503e-03, -9.552768059736456e-04, -1.291161567808076e-03, 1.978447975333383e-02, -5.611382911633526e-03, 4.345155829415258e-03, -1.687159799762011e-03, 5.681490462703157e-04, 2.915391057600525e-04, -3.069321310879111e-03, -1.968320393061206e-04, 4.696347313800379e-03, 4.338931908059207e-03, 2.231368835396931e-03, -2.125495559469627e-04, 6.427161252903889e-04, -1.484655343322876e-04, -7.090519898229179e-03, 6.480684168339002e-02, 3.442496068767195e-02, -8.752709516396886e-03, -3.447473297587184e-03, -3.182431165984157e-05, 1.349525250333452e-03, -5.766720472151056e-04, 3.267302538647278e-03, -1.954307097915282e-03, -1.317765088592595e-03, 9.089563323996005e-04, 3.117919189630957e-04, -4.755229797885018e-04, -2.570653216855928e-02, -2.237540731568249e-02, -9.694591729527234e-03, -1.395753392836426e-02, -3.229336078311136e-03, 8.880638683607092e-04, 2.043860729340400e-03, 6.356657672567471e-04, -2.518778256570424e-03, 1.320889498754889e-03, 1.197270640603893e-03, -1.158840797175666e-03, 3.123614331210992e-06, 4.283143827082473e-05, -2.992715816832769e-02, 4.798684686219529e-03, 2.207134280008757e-02, -3.167746260665166e-03, 4.856042405831027e-04, -5.913936120328912e-03, 2.622354132549565e-03, -2.102574839524169e-03, 7.468879754224994e-03, 2.738965884496603e-03, -2.517294730742602e-03, -3.320432895477387e-04, 1.276018514422316e-03, -6.509016578154197e-05, 2.414298179956221e-02, -1.563687705681992e-02, -1.199470593999066e-02, 3.458938885328507e-03, 4.076218083467182e-03, 2.358101184551003e-02, -8.495041814949582e-03, 2.111587558145068e-03, -9.454766099295268e-03, -2.906023527969903e-03, -2.581157619581575e-03, 2.704949688044701e-04, 1.134118446426761e-03, -3.971641615371091e-05, -3.132885906616922e-02, 2.623262198864463e-02, 6.603147326980109e-02, -3.603150694916793e-02, 1.217902996497942e-02, -1.805760611462756e-02, 2.680488152380935e-02, -1.393073838247144e-02, 2.330129474168684e-02, -1.399165032642231e-03, 9.216675828117811e-03, -7.278496409590132e-04, 1.306281053176132e-03, 2.664455579752979e-04, 3.447039504365818e-02, -1.909480013212135e-02, -5.458267615111688e-02, -3.123620154273471e-03, 9.562348479233955e-03, 1.448502998162860e-03, -1.552588498338902e-02, 1.502328003144909e-02, -2.714069517140143e-02, 2.171621234925166e-02, -1.965907990188382e-02, 4.855997911032280e-03, 1.671907585513194e-03, 4.691030018155730e-04, -2.524292518418017e-02, -5.064051121632549e-02, 1.673858960773196e-01, 2.921096380320670e-02, 2.120766580644307e-02, 5.889226430273512e-02, 6.552523295236294e-02, 6.715337312934107e-02, 4.484872008652527e-02, -2.613041054016022e-02, -5.366388377308808e-03, -4.500414244131818e-02, 3.754205218011365e-03, -7.806732123947019e-04, 3.644575550651490e-02, 4.642109964612922e-02, -1.818594614114253e-01, 4.142992978440167e-02, -1.150947447151830e-01, 8.105483672581336e-02, -1.507570444677082e-02, 8.631999332304199e-03, 1.983234431619313e-01, 1.620040949601607e-01, -7.160619738250702e-02, 2.285578763273684e-02, 6.274257356701198e-05, -2.080556143796441e-06, 1.100547765679495e+02, 1.690289357235594e+02, 8.917614403412097e+02, 1.092682721973144e+03, 2.303763020459060e+02, -7.648453357706176e+02, 1.321775792312669e+03, 7.444398287349605e+01, 1.042791457112538e+03, 1.454381132182723e+02, -8.696918717169984e+01, 1.092915025718532e+02, 2.598088127254716e+02, 1.733365542718329e+02, 9.316586564351400e+00, 5.171218976650126e+01, 1.302862292619329e+01, 2.790321084080964e+00, 1.806057444344324e+01, 3.661515762911247e+01, -6.598368601929683e+01, 3.417979830601080e+01, -2.926159012195801e+01, 2.199396545386514e+01, 3.300493295313093e+01, 5.703429553836542e+00, -1.895443934865408e+01, -8.575879593305965e+00, 3.962947150227250e+00, -6.880408284164259e+00, -4.202701808512985e+00, -2.887991538714567e+00, -2.299548612955814e+00, -8.644009063199510e-01, 6.823864657508087e+00, -2.143917412883316e+00, 3.561065868657167e+00, -1.539208024776197e-01, -2.017787487970483e+00, 3.897648237809002e-01, 5.723410743117919e-01, 8.543572227029424e-02, 1.228306337269403e+00, 8.374200924271613e-01, 3.787211125909584e-01, -5.110838837552556e-01, -5.840405608268561e-01, 8.050201532596494e-01, -2.182180245768235e-01, 1.016715846014639e+00, 1.181830139516860e-02, 2.176178009682630e-01, 4.687459375532672e-01, 1.478956012455068e-02, -1.892162609347631e-02, 6.289747641790425e-02, -1.912411840978664e+00, -2.563043389130511e-01, -3.525751367440140e-01, 1.041179987421389e-01, 8.756163440696142e-02, -1.609434711067112e-01, 8.660864129422338e-02, -2.482987900647224e-01, -9.397110084323810e-04, -7.557512351304573e-03, -7.368745604504424e-02, 1.747555829542427e-03, -2.411230865176911e-02, -3.483213016630778e-02, 9.202472122067363e-01, 2.297857749821003e-01, 1.708689401718181e-01, -8.103231790921138e-02, -1.925811736875765e-02, 6.704077317979402e-02, -9.983390910861009e-02, 6.171737237315878e-02, -3.044554453696629e-02, -4.083489835176125e-02, -1.406139464496632e-02, -3.414116278505068e-03, 1.813900861904348e-02, 1.835718727705480e-02, -9.366726810891294e-01, -1.310482631077428e-01, -1.477022206063858e-01, 1.093192849454964e-01, 7.017809396948041e-02, -4.225521377028294e-02, 4.653488901918956e-02, -5.738682876785139e-02, -1.584149835489823e-03, 1.782557042491107e-02, 1.024633681482696e-02, -2.651404001515549e-02, 1.747577983188374e-02, 1.355278921854644e-03, 1.721936603495419e+00, 8.220772983597636e-02, 1.050854551058606e-01, -1.227959054346101e-01, -5.311828599932172e-02, 1.651455252147715e-03, -3.662087752564731e-02, 8.620396785263157e-02, 4.657438029363355e-02, -5.254553114955015e-03, -8.404000464808947e-03, 4.572255529578568e-02, -3.928968113430643e-02, -7.980018055589452e-03, -1.709298340543637e+00, -8.368464053960450e-02, 1.339508149239972e-03, 2.132517811737739e-01, 4.993811517682435e-02, -7.354230173379799e-03, 8.716941420585439e-03, -9.486075920302965e-02, -4.348216689934722e-02, -1.530664183557818e-02, 2.442461961340129e-02, -4.870055107278046e-02, 4.661013959261178e-02, -4.226937715396602e-03, 1.686125708265412e+00, 1.230560259451881e-01, -7.806879788670582e-02, -1.341761402207753e-01, -6.111754025791650e-02, 9.948548623821030e-02, 1.408459548148889e-01, 1.342515376166217e-01, 3.272641080012561e-03, 2.094288171074876e-02, -4.216014761391385e-02, 5.655385158961385e-02, -4.841265092329226e-02, 3.367276357355289e-02, -1.435281571446308e+00, -1.038537959324487e-01, 7.844988968440789e-02, -8.355939269619467e-02, 6.152465678130686e-02, -4.394750488995645e-02, -1.401698556994177e-01, -1.031920813308520e-01, -2.266887425251630e-02, -4.554650402411163e-02, 2.028229753284140e-01, 3.481030196722708e-02, -2.129301281846543e-02, -1.151216974260712e-01, 6.193215294336502e-01, 2.403532512792821e-01, 9.337021355455039e-02, 1.911491013679363e-01, -3.058483964555432e-01, -2.142023184095115e-01, -1.259473479004778e-01, 4.819024199459248e-02, -3.129211177033365e-01, 2.119685232711586e-02, -3.396477734552262e-01, -1.764914404105636e-01, 1.017942721465885e-01, 1.908002833083979e-01, -2.604628523809930e-01, -1.099781363723292e-01, -7.326763069995643e-01, -1.032201813125723e+00, 5.071483328753622e-01, 9.157992945983087e-01, -3.685811367636639e-02, -5.118780174962106e-01, 9.632240556776908e-02, 2.677490178955445e-01, 9.548518927675290e-01, 6.105494011649522e-01, -2.942083366581801e-01, -3.471520937374694e-01, -4.064845013506709e-02, -7.263104798817345e-03, -1.510461924071959e-03, 1.763458802430351e+01, -5.598915156336817e+01, -2.499446299354345e+02, 1.449648363730961e+02, 3.913057490849027e+02, 3.475076267707944e+01, -2.291381255910982e+02, 1.610506789888493e+02, -3.102829603440806e+02, 7.173964455165094e+01, 1.160136458979052e+02, -3.601459902087391e+01, -2.113776532493789e+02, -1.084700457096026e+02, -1.368903217064750e+01, 1.572445918127621e+01, 4.470818584843197e+01, 1.237391845616710e+01, -2.611573055237197e+00, -1.144017547617646e+01, 1.333550917484261e+01, 3.159800656500837e+00, 3.534424358717229e+01, 8.060346249071170e+00, -8.940529648639636e-01, 8.112737912641467e+00, 1.560475163134623e+01, 8.899568555321105e+00, 2.191014431065242e-01, -1.437598253901279e+00, -4.418400716495730e+00, -9.045160504823565e-01, 8.298789251956114e-02, 8.225335696181916e-01, -9.497934579004466e-01, -9.165773098578407e-01, -3.807344284001084e+00, -1.436627146067156e+00, -6.989273668528488e-01, -1.325690389922434e+00, -1.233421505338761e+00, -9.807514556797666e-01, 1.949312811554423e+00, 1.853066644848113e-01, 7.685226740635036e-01, 5.723940378557743e-02, -4.914965793478631e-02, -1.369342897664524e-01, 3.636730170656294e-02, 1.172409886498594e-01, 5.173067530874265e-01, 1.753542528479215e-01, 1.525442223053630e-01, 2.328517353770400e-01, 1.863486869005454e-01, 1.980110165099548e-01, -2.077396194753698e+00, -4.521767301537655e-02, -2.457959421844763e-01, 1.772884333213748e-02, 4.994233727633689e-02, 1.305236237251789e-02, -5.102948253714206e-02, -5.209521830071451e-02, -1.269576861607902e-01, -2.757146512454747e-02, -6.177278299342229e-02, -6.566067224009557e-02, -4.953559255562738e-02, -7.101032914313814e-02, 1.071455213934063e+00, 2.803284125650258e-02, -6.143524296509450e-03, -5.016794757554532e-02, -9.545567626340164e-02, -2.109292018555970e-02, 2.750453545885361e-02, 1.082569181949916e-02, 4.619057571235230e-02, -1.087963221379979e-02, 3.894880822042185e-02, 1.750430276144452e-02, 2.593954989827705e-02, 3.863847981375042e-02, -7.694766699995966e-01, -5.117883330693483e-03, -4.225543243033226e-02, 5.712789462524296e-03, 4.897904123600188e-02, 1.020599403545088e-02, -1.483604900601116e-02, -8.089055647637388e-03, -1.994174449223762e-02, 2.599106290791788e-02, -4.348635526031981e-02, -2.557786362651322e-03, -4.610983226136134e-03, -2.230277656117136e-02, -1.302021479992262e-01, 2.691865093202044e-03, 3.814699891627963e-02, 5.893748853169487e-02, 1.665706346316840e-02, -4.061112939862958e-02, -9.424167306502107e-03, -3.102170195288072e-02, -8.393030258897337e-04, -4.593219320372566e-02, 3.223998137693551e-02, -1.868872701648162e-02, 6.452295496341188e-03, 2.250059235334098e-02, 5.074602636292225e-01, -4.223256298878288e-02, -5.425908916828405e-02, 5.026729980298120e-03, -7.770214520806704e-02, 4.412153178954745e-02, 1.914795368320628e-02, 4.244341070812141e-02, 1.268847856032025e-02, 4.229501027533392e-02, -4.824507416582156e-02, 3.875013725878818e-02, -5.189517933491711e-03, -1.769779528124409e-02, -7.766606512327474e-01, 2.623026703254938e-02, 3.812001799257773e-02, -6.664284483569054e-02, 8.838574050015759e-02, 5.156653764856960e-02, -3.619150666674818e-02, -1.009944767522636e-01, 1.778310810904902e-02, -5.942283971342655e-03, 8.184250395567406e-02, -4.661134124415303e-02, -1.165324578429298e-02, 1.427379488876767e-02, 1.704786857966088e-01, 5.991330950746305e-03, 3.936161996033725e-02, 5.630044853723330e-02, -9.576659509564983e-02, -7.208743758988181e-02, -3.488425013685988e-02, 4.063769930103213e-03, -1.044293342900934e-01, -4.271515611173755e-02, -1.009709454332231e-01, 7.019000011891355e-02, 6.071987922056726e-02, -1.595778034601355e-02, 4.730032556922573e-02, -7.900579991626756e-02, -3.165424209419741e-02, -2.886682513213866e-01, 7.405047797089330e-02, 1.505441275854788e-01, 2.318501447110196e-02, -2.609563523879800e-02, 3.711865324697219e-01, 2.737128579519597e-01, 2.619289017061632e-01, -2.588882849520740e-02, -1.333555724532869e-01, 6.501388194868502e-02, 3.127106808714633e-01, -2.433589853452874e-01, -1.248083626054051e+00, -4.365694934305559e-02, -2.304780651864220e-01, -1.264889009356549e-01, 3.798578534997214e-01, 5.333267267279352e-01, -6.500240972851185e-01, -1.341381427035773e-01, -2.106786157371791e-01, -2.964249836147456e-02, 2.152346316495688e-01, -1.995663070520014e-01, 1.287956491261254e-01, 3.844277916432001e-03, 7.989865346412162e-03, 4.645833483019314e-04, -4.072252415927166e+00, -6.275594640932155e+01, -1.456738190175762e+01, -2.232526596596682e+02, -1.242471640522444e+02, 7.541372504623091e+01, -1.589135076478028e+02, 5.678345984865968e+01, -8.571559927355408e+01, 7.509757550047367e+01, 7.123640778601290e+01, 2.474336555567143e+01, 1.093491982868626e+02, 1.624471179631320e+02, 2.534251390491384e-01, 1.424417045868345e+00, 5.930783128374013e+00, 1.037192937933408e+01, 1.054595045852259e+01, -2.402135310403736e+00, 8.989867147651870e+00, -5.485420037512388e+00, 6.811484206043805e+00, -4.593765660707533e+00, -4.584281537421027e+00, -2.103742496974352e+00, -8.597820242335773e+00, -1.030438173222186e+01, -3.925870635775442e-01, 6.219133814906801e-01, -6.328879416523486e-01, 2.293803007968902e-01, -5.372423169408008e-01, -1.769090515579433e-01, -5.558332109026836e-01, 6.108815650458080e-01, -6.728188080804310e-01, 2.563176272230643e-01, 3.689750060945362e-01, 2.332156166533700e-01, 6.658705788024086e-01, 8.475507801092473e-01, -6.932034776847108e-01, -1.235191681308815e-01, 1.997025566084485e-01, -2.051758749395351e-01, 1.691145853913409e-02, 4.176741257303827e-02, -1.127367098866039e-02, -1.730079321804489e-01, 1.288088494839726e-02, -1.272692433923486e-01, -1.482228786035448e-01, -1.305057774181985e-01, -1.954314920624057e-02, -1.030510384884963e-01, -9.426373639723554e-02, 1.059214849819078e-01, 3.155260933987715e-03, 1.663739739224449e-01, 9.173917480490996e-02, -1.091309046161623e-01, -6.201400952891037e-02, -1.018114184268131e-02, -5.288178913806618e-02, -7.826872715553414e-03, 1.566217479287558e-02, 3.426201154621115e-02, 6.840152504352329e-03, 3.669511194845491e-02, 7.015488358056953e-01, -1.020160171650091e-01, 2.176057759516917e-02, -8.443766512763357e-02, -4.121938562345608e-02, 3.894604030641547e-02, -1.836477527579190e-04, 1.101234496895071e-02, 3.206864860908739e-02, 1.783327990803167e-02, -6.161384071347687e-04, -2.766486146544825e-02, -1.184853237205196e-03, -1.993463786834494e-02, -2.595496421463711e-01, 6.857155910558536e-02, -4.744420739275051e-02, 4.512320942825293e-03, 2.425958575118888e-03, -2.165969041716593e-02, 1.701029070747937e-02, 4.761200498254037e-03, -1.953143175838981e-03, -2.921534562429420e-04, 1.379156032462308e-02, 2.582378440360109e-02, -4.429003558941572e-03, 6.866773604606212e-03, 1.618051989283353e-02, -4.566001700835707e-02, 6.551856759261630e-02, 8.808618388069832e-03, 1.448207941060247e-02, -5.311060361288389e-03, -3.735586300349015e-02, -5.800910088861871e-03, -1.180898896789197e-02, -1.273867506827806e-02, -1.673333038743783e-02, -2.311877174472262e-02, 9.930246040204954e-03, -3.440029043698097e-03, 1.280148027095371e-01, 4.091512491627370e-02, -6.798457973563135e-02, -1.008310183335703e-02, 1.207051331210651e-02, -4.333449968252035e-03, 1.970197617904609e-02, -9.211705276951827e-03, -1.759112656838574e-02, 6.440254945123159e-04, 6.108766997149835e-03, 1.108977930375940e-02, -9.314246227880256e-04, 9.030717373855088e-03, 6.903793610192496e-02, -5.782969009993113e-02, 3.229077513846578e-03, -2.118746942499846e-02, 2.676158945312912e-02, 5.802380292955300e-03, -3.389308025225089e-02, -1.710612426364508e-02, 1.686992710514929e-02, -1.991582753486834e-02, -2.592249083514804e-03, -1.854812011483689e-02, 6.741300118127073e-04, -1.186436542007196e-02, 1.326427811389994e-01, 4.346946267650286e-02, -5.553446271690806e-02, -1.884200861723164e-02, -5.196574625544463e-02, -6.906465165362070e-02, 1.647077008597778e-02, 3.363514478051667e-03, -4.208802443667842e-02, 1.244252934407660e-02, -3.654370760976176e-03, 6.155010788826502e-02, 6.986324696118761e-03, 9.770572651262932e-03, -3.767957380415677e-01, 4.092724184509892e-02, -2.662980158192783e-02, 6.233574894444764e-02, 1.340019834507903e-01, 6.016435853682007e-02, 5.367318988827581e-02, 8.490636236674674e-02, 1.415408837318783e-01, -2.452672404022627e-02, -2.095914940630314e-02, -1.483758275170368e-01, -1.800017252206178e-02, 1.789096733589043e-02, 4.458505084402711e-01, -1.046696328748219e-01, -1.609143218738863e-01, -5.757685276300125e-01, -5.452288394973839e-01, 1.002591916152621e-01, -6.930843886217082e-02, -4.684936108246242e-02, -1.846921263028063e-01, 1.400142851786511e-01, -9.258653169421420e-02, 2.960806940113175e-01, 9.281316296230285e-03, -8.952958646724284e-02, -1.086146277233325e-01, 3.469097982896846e-03, -1.236061702984608e-03, 1.401518176236962e-02, -3.602432787729456e-04, 7.717625613042927e+00, 2.856858964569992e+01, -1.407989333864185e+02, -6.393091061585172e+01, 9.147365374681073e+00, 7.159365929371127e+01, 1.546871187884498e+02, -5.380859646889104e+00, 2.637201777961738e+01, -1.152505293247073e+02, -8.241689650188606e+01, -9.536899233796236e+00, 1.567075079695650e+01, 2.993990063932550e+01, -6.246233313043435e+00, -6.698361900796640e+00, 3.110327915049252e+00, -1.781477072087227e+00, -8.497793012187687e+00, -1.587068647014631e+00, -5.218838570356227e+00, 7.040384136105929e-01, -6.425761161647905e+00, 1.555599292705540e+00, 1.257594146407701e+00, -3.261847384620366e+00, -3.284520675420311e-01, -1.924947822228258e+00, -8.389715623281304e-01, 2.408605253452392e-01, -6.081717376430150e-01, 5.994728253444216e-02, 6.276968128931836e-01, 3.162760155289606e-01, -9.819532560411287e-02, -4.334552083272430e-01, 2.765403509738674e-01, -5.072061326240225e-01, -5.196759410901945e-01, 1.509983425476814e-01, 3.220870322079176e-01, 2.578481118176175e-01, 8.678842475294498e-01, 1.189064577747623e-01, 2.711243053456489e-01, 1.445528355398198e-01, 1.186755678242650e-01, -2.052349079780051e-01, -6.109131743211287e-03, 1.375619327864353e-02, -5.041288030791481e-02, 1.047423467700098e-01, 1.111377430508189e-01, -1.256882340821566e-02, -1.207360811815684e-01, -6.024967093638588e-02, -5.963025864475859e-04, -9.575475722102489e-02, -1.067625339170546e-01, -7.161694003046658e-02, -7.952530363888685e-02, 1.018147008994669e-01, 2.869793419032400e-02, 3.073480806750264e-02, 3.623257534025860e-02, -6.039457067663792e-03, -1.390966752758968e-02, 1.376593151018290e-02, 4.702747141896358e-02, 2.237221986713074e-02, -2.369965899565935e-01, 5.044374899321549e-02, 5.186918645641090e-02, 2.128856347908582e-02, 1.882945614113480e-02, -3.332888555235479e-02, -3.869609354072813e-03, -1.405692170491418e-02, -1.643423322759264e-02, -2.759978401335413e-04, 8.606855450317684e-03, -4.409725608476379e-03, -2.944748195955802e-02, -1.357281514847664e-02, -7.740688383014619e-03, -2.706201689340534e-02, -2.874769292217684e-02, -1.105719824355276e-02, -2.758999077493585e-02, 3.344948381332408e-02, 3.901284637605196e-03, 1.322767613206241e-02, 5.907277607996054e-03, -5.864344690388074e-03, -8.413503229222279e-03, 1.653552502016789e-03, 2.042270124297517e-02, 1.078186796749034e-02, 9.543617641082112e-02, 2.775198605234070e-02, 3.295966411778049e-02, 1.088146499833054e-02, 1.499517005538454e-02, -5.997520893796019e-03, 7.515850810777801e-03, -7.205078889780610e-03, -1.403522364072687e-03, 1.504483902912782e-02, 1.012635620871192e-02, 3.044033973686988e-03, -2.312845430712909e-02, -1.367938593575203e-02, -3.176528103718655e-01, -2.579595159919655e-02, -6.761815766342699e-03, 9.552280849322768e-03, -4.557588495935855e-03, -1.526170660398036e-02, -2.050806462758342e-02, -1.001855351824871e-04, 9.893741035123738e-05, -2.386665896957671e-02, -1.414266081694387e-02, -7.975835580796941e-03, 2.340177875343316e-02, 1.219250249325764e-02, 2.192677482393471e-01, 4.122604232250449e-02, 3.064039346948682e-02, -2.435730434413749e-03, -1.799161439983496e-02, 9.002456920658604e-03, 2.366107375718995e-02, 2.826806325764900e-02, -3.480376579746877e-03, 2.774717258428546e-02, 6.061442956378162e-03, 4.416359543321034e-03, -2.315781061634108e-02, -8.956076761049538e-03, 5.745378247202238e-02, -1.091979694856169e-01, -1.318630239429175e-01, -2.539632280655025e-03, -2.946140582818290e-02, 4.841536264709958e-02, -4.143387376477607e-03, -2.554797933451018e-02, 5.845850184112001e-02, -1.327029230548631e-02, -5.374568043977705e-05, 1.570691160612039e-03, 1.554493611926616e-02, 6.715123129623727e-03, -3.265182729436517e-02, 1.057155960938062e-01, 1.036502654360685e-01, -1.761495055407800e-01, 9.030372842803493e-02, -1.622618026299199e-01, 5.010537618263947e-02, -2.159235073361315e-02, -1.719254197780185e-01, -6.597024707345940e-02, 1.866434575357628e-02, -1.717072129881153e-02, -3.385994873141699e-02, -2.003140906487299e-02, -2.610725156287244e-02, -1.161672367561538e-01, -1.975307881310178e-01, 3.000798235311485e-01, -3.075705171606852e-01, 2.042886203196770e-01, -1.563632101474702e-01, -6.353380936771841e-02, 3.398183206741223e-01, 1.567628004046963e-01, 9.900999066422758e-02, -2.989153470279505e-02, 1.805708893408219e-01, 1.115679120075799e-02, 1.867686226578770e-02, 4.434204874102232e-03, -1.537758062758913e-02, 1.151378838371464e-03, 5.712208210196718e-03, -4.095996609275432e-03, 7.927754489129041e+00, -4.579790825642532e+01, 2.299787915188732e+01, -2.716478169008248e+01, 9.149978340283693e+01, 1.089189160787666e+02, -2.756734107288676e+01, 3.585469247072989e+01, -5.316668318856149e+01, -1.092540671804378e+01, -3.238624316098753e+01, 5.399667628786186e-01, -3.246170173248284e+01, -1.840679656997322e+01, 1.711177801424026e+00, 1.416596537030405e+00, -5.797368304806440e+00, -2.300146124509553e+00, -7.292816644704898e+00, -8.068860562405549e+00, 4.290840330174103e+00, -3.674060667329751e+00, 2.365810966726075e+00, 4.573469534374868e-01, 2.078318712284197e+00, -3.588322017803707e-02, 2.701279291884686e+00, 9.330735255931193e-01, 6.649697989894672e-01, -5.631814287171110e-01, -6.270314525787458e-02, -4.133812800782554e-01, -1.871971850222761e-01, 1.463935518857967e+00, -1.321606834713417e-01, 6.667818197037604e-01, -6.656693246225319e-02, -1.954822950369164e-01, -3.332777140209769e-01, -1.540661244614999e-01, -1.812116414332550e-01, 4.428755720751534e-02, 9.172493101689663e-02, 9.041707555354085e-02, -4.798756285485121e-03, 5.070105922885352e-02, 3.343052888640889e-03, -1.723808402747180e-01, 9.711684900747734e-02, -2.496482002817696e-02, 8.799449401044683e-02, 1.187561126684004e-01, 1.175535253189113e-01, 7.133688458357662e-02, 3.176487745162337e-03, -3.868085259121371e-02, -2.835093886698588e-01, -4.286290398628394e-02, -2.403414783661559e-02, -4.198379872932789e-02, -1.367977872241874e-02, 5.444076547108941e-02, -1.402331399249633e-02, 1.642644580858100e-02, -1.916920855914838e-02, -2.678236963145555e-02, -2.292490861963839e-02, -1.463899713709890e-02, -3.743088019474223e-03, 1.638271102564205e-02, 1.358759293566227e-01, 2.721309424410618e-02, -2.424248395747703e-03, 2.385561733513014e-02, -3.881450856642596e-03, -2.482686510782930e-02, 4.466939675468840e-03, -1.064746941799012e-02, 9.817984001744549e-03, 1.208717952955587e-02, 1.188483233855468e-02, 9.738527817371143e-03, -5.357367133239982e-03, -1.349561454248778e-02, -4.116931214782057e-02, -2.497100664201630e-02, -2.531604698029569e-04, -2.793060954079446e-02, 7.065570188615053e-03, 1.670239970697230e-02, 1.030938475030698e-02, 1.201186767497805e-02, 6.870830719684391e-06, -5.013212816277305e-03, -5.119498921955731e-03, -2.240817888989083e-03, 5.005292140152600e-03, 6.008237047316455e-03, -1.022283198249751e-01, 1.814263989380798e-02, 6.351323050913204e-03, 1.665596459980648e-02, -1.042098243196184e-02, -1.434234743312160e-02, -1.273588974944993e-02, -1.604914983356890e-02, -3.178489636699991e-03, 2.115894909514850e-03, 2.923561820201904e-03, -4.676714957544363e-04, -5.980944053545352e-03, -2.788338730684772e-03, 2.784175198484534e-02, -1.411732433187782e-02, 2.423744538754122e-02, -2.196690269189180e-02, 2.207228338637767e-02, 9.734000784720710e-04, 1.679198592937899e-02, 1.282167347192522e-02, -1.193375926368967e-02, -5.966000626095601e-03, -8.344062570575180e-03, 3.331482968569815e-03, 9.383868572202967e-03, 3.029933578816933e-03, -2.098078431563540e-02, 4.833989073500220e-03, -9.067689959561432e-03, 1.593848384773690e-02, -3.962094630809502e-02, -7.511805061990120e-03, -1.674046517572383e-02, 3.923731032623005e-03, 2.281741123251954e-02, 3.982522727589214e-03, 1.022551339960355e-02, -1.386471969169594e-02, -1.632112858637704e-02, -3.815381727040754e-03, 9.940016879337972e-03, -2.224931221068287e-02, -3.563383444468767e-02, -2.257371966712108e-02, 6.402834065208277e-02, 2.535643745714974e-05, 1.682701955086924e-02, -1.577016900136000e-02, -3.190932553297109e-02, -1.191026034850620e-03, -5.406977461819856e-03, 1.363264620977302e-02, 3.860249702335199e-02, 1.158904018544744e-02, 1.067811516748646e-01, -8.867015729650105e-03, -1.363514939862790e-02, -6.707825449488880e-02, -1.336028483290590e-01, -5.140952858678829e-02, 1.198117318580061e-02, -1.376708357161522e-03, 5.163675387501813e-02, 5.432848272032919e-02, 3.363431035954743e-02, -3.146341283359241e-02, -6.204000661374649e-02, -3.589440399154886e-02, -1.333955359665790e-01, -1.118282613225094e-02, -5.805082253532433e-02, 1.789204161406818e-01, 6.392004283749494e-02, 2.051643467710605e-01, 7.190095674467364e-02, 5.657089542267132e-02, -8.453533418561843e-02, -5.066342967837830e-02, -6.922969734914922e-02, -5.507696428836067e-02, 2.019589756544421e-01, 4.844723680752772e-02, 1.988199202540384e-02, 4.460731443297540e-03, -1.407171783120210e-02, 2.914314066163659e-04, 6.315198414868307e-03, -2.770856980641633e-03, -6.365458417574372e-05, -4.087874855286782e+00, 6.033308186223905e+01, 1.835458119042518e+02, 8.550181762398462e+01, 6.176783756708525e+01, 3.964209826438438e+01, -4.564692597630782e+01, 2.263322588494669e+01, 2.168478259900251e+01, -4.795510927924779e+00, 5.384986370462774e+01, 4.285989400850667e+01, -2.147046226035099e+01, -2.091569010317276e+01, 3.064947992487126e+00, -1.907667529171076e+00, -1.196820369644927e+01, -3.239069891430427e+00, -2.898964308009268e+00, -6.138515541224899e+00, 2.898407778881197e+00, -2.715744004913750e+00, -1.137188463941125e+00, 1.144535354434059e+00, -8.157674679779818e-01, -1.310669394729355e+00, 8.867912237610813e-01, 1.130186754008420e+00, 4.717086332967400e-01, -3.290222967861011e-01, 7.160564057656663e-01, -1.764929359564502e-01, -2.250613704638570e-01, 1.056468948908695e+00, -2.376488211456958e-02, 4.850070650825677e-01, 1.906831462903715e-01, -1.380300579397103e-01, -1.214691222967255e-01, -5.750675741811304e-02, -2.365694969815417e-02, -2.957107932717124e-02, -1.610285899963545e-02, 2.560129549297078e-03, -1.751692156463502e-01, -6.637078390273325e-02, -4.381134037725183e-02, -9.881872897015970e-02, 6.294696551190518e-02, -3.642935744749348e-02, 1.344690023821755e-02, 4.873601655014926e-02, 4.547286929595152e-02, 3.950262943429404e-02, -2.722599015454128e-03, -8.060029663336061e-03, -6.202737277716935e-03, -2.252789553378303e-02, 3.379013112936099e-03, 9.011399919736786e-04, -1.278916779372152e-02, 5.138985439023176e-02, 1.133633113705977e-02, 2.560685101227885e-02, 4.944496551631900e-03, -7.022660062368017e-03, -1.105778137614311e-02, -1.389066869324751e-02, -8.173824812236771e-04, 4.465597069271142e-03, -2.212914028102201e-02, 1.649518167169418e-02, -3.354363070394355e-03, -1.724444436505414e-02, 1.628327786591803e-04, -2.815379047481199e-02, -4.100182436247122e-03, -7.517305816840069e-03, 2.986003036705145e-03, 7.242160719295709e-03, 9.641459910740656e-03, 8.551005844946500e-03, -1.513966047139660e-04, -2.782273474696914e-03, -4.847636141230275e-02, -6.125251295745223e-03, 4.673931903061130e-03, 7.007939729706730e-03, 2.477401833832997e-03, 2.157991190999567e-02, 2.547371464089281e-03, -9.882382369684553e-04, -2.940666901516076e-03, -6.893449749698233e-03, -5.895608917313258e-03, -5.543039354943869e-03, 8.036632352767643e-04, 3.018418925752673e-03, -3.790262574798428e-03, 3.456789103906675e-03, 1.847869148272004e-02, 4.370243745885531e-03, -2.698364810602220e-03, -1.667849819859496e-02, -7.067621209125032e-03, 4.060982939557884e-04, -3.673054059200968e-04, 2.350395156197355e-03, 8.049626405093206e-04, 4.284651154496422e-04, 7.169574262834005e-05, -2.662929839465611e-03, 1.470310484611810e-02, -4.668856901736879e-03, -1.189785773123144e-03, -8.537917662171572e-03, 4.958878730258892e-03, 1.289608871327336e-02, 7.192801227331191e-03, -3.168445303837511e-03, -2.515146313759848e-03, -1.476504860598634e-03, 1.504780259282137e-03, 3.315097366586979e-03, 3.710583338236110e-04, 4.305596095033390e-03, 3.817951098981114e-02, -8.925168049016581e-03, 3.369149904990888e-03, 2.231800864742703e-02, 3.813331382551788e-03, -1.145430805329532e-02, -7.806780263991920e-03, 9.804893084789936e-03, 2.150107294122907e-03, -5.761298605826365e-03, -4.788804316568889e-03, -8.281261878162518e-03, -4.068797558133186e-03, -7.650299156356511e-03, -2.654030428275477e-03, -1.255325073037854e-03, -3.975641213465220e-02, 5.156453160357490e-03, 8.594956685020185e-03, 2.609092157046006e-02, 7.392343529933347e-03, -8.305740483200751e-03, 5.677090795657076e-03, -3.641199902506294e-03, 1.532090597126898e-02, 2.270849218289357e-02, 1.325570375194600e-02, 1.090712234996253e-02, 1.026836411684365e-01, -2.729672949272232e-02, -2.185716913017787e-02, -2.282082666644705e-02, 4.479993226510531e-02, -7.013954284561150e-02, 2.932544986476283e-02, 9.179867317401932e-03, -3.615204721519123e-02, 4.163108196575003e-02, -1.723788660726093e-02, -2.098573844400674e-02, -3.778160099480737e-02, -1.867101839908297e-02, -1.938858752421440e-01, 6.353318328184206e-02, 4.564467374365397e-02, -1.300509838260724e-02, -1.130671898339434e-01, 2.436982967417397e-01, -6.549724259302200e-02, 1.370310195235889e-02, 4.562127085780256e-02, -1.234804759427399e-01, 3.679389526174009e-02, 9.439596241881541e-02, 6.425801154644575e-02, 2.702607055394339e-02, 6.177890521800310e-03, 1.893691504432939e-03, -1.261048631016143e-02, 2.098205575713858e-03, -5.689873932025290e-04, 9.337395330161588e-04, 1.142133880760656e-03, 1.175389091761635e-03, 5.007266188042911e+00, 1.105411264326444e+01, -6.974600217555532e+01, 7.179771576846541e+01, -6.026263754473569e+01, -6.536717335124564e+01, 6.579609725152737e+01, -3.778453204844131e+01, 1.572694993908124e+01, -2.305351083479756e+01, 2.955929607490892e+01, -3.147028970989002e+01, -1.425346555497912e+01, -1.144260059786017e+00, -5.246867288353207e-01, 2.500534790048104e+00, 5.677190948048319e+00, -1.871929345996792e+00, 2.375831011255257e+00, 3.580868636420028e+00, -2.009485208631336e+00, 2.643997256519734e+00, 7.758088891805702e-01, 1.215632567645275e+00, -5.486184902014454e-01, 1.401087794846178e+00, 1.020179565536469e+00, 3.512445362252766e-01, 1.084139204720978e-01, -5.253332262732339e-01, -5.574675094036385e-01, 3.060617077052237e-02, -3.413803836128765e-01, -1.721696405153282e-02, 2.344089538665397e-01, -1.743558290307485e-01, -1.193807421160323e-01, -1.106205873611611e-01, -6.074154056113789e-02, -1.201095815411976e-01, -1.330446711099049e-02, 4.750645186600813e-02, 1.849396229017994e-01, 7.514261709785189e-02, 2.445942619025248e-02, -5.408341306926778e-02, 2.594946740062610e-02, 2.097636433461351e-03, -1.038047764179893e-02, 3.008600741155965e-02, 2.338991179181971e-02, 2.023415010130129e-02, 7.964784152895938e-03, 1.489723064817342e-02, -1.660716054158788e-02, -2.845772578949508e-02, 3.334267736567019e-02, -3.885410104445901e-02, -2.669891437378835e-02, -1.461520660467458e-02, -3.513345740116353e-02, 2.743424876990624e-02, 2.229378578807487e-02, 1.136688195087344e-02, 6.238595856853995e-03, 2.279805438946413e-03, 4.011384490227891e-03, -2.001722489212847e-03, 9.760225957916440e-03, 1.399741366661664e-02, -1.066329059318484e-01, 2.692940224436518e-02, -1.054136614015024e-02, 2.852579480514623e-03, 1.313928740049762e-02, -1.101917166886197e-02, -8.566181627900630e-03, -3.786411295859754e-03, -1.539245010798887e-04, 1.298506940562392e-03, 1.853100116191449e-03, 3.212017590238325e-03, -8.062496052818004e-03, -8.793658344307353e-03, 5.096318156778261e-02, -1.225270595190276e-02, 2.196428886625199e-03, -5.534408157813717e-03, -7.563060457244330e-03, 1.075352669653230e-02, 2.164163986891836e-03, 1.160061504892809e-03, 4.862217941531308e-04, -1.993431615956352e-04, -6.278756623866750e-04, -6.082842311356939e-04, 4.139567018954952e-03, 3.627895923461554e-03, 7.137634442615630e-03, 7.685960212887180e-03, -4.654748221984182e-03, -8.095253388452801e-03, -4.205633274540956e-03, -2.927031579398098e-03, 6.983011275546652e-03, 5.687969939419035e-03, 3.664470106007758e-03, -1.668807239093000e-04, 2.351789575220942e-03, 4.344682060220323e-04, -4.527449251793089e-03, -3.628241072511855e-03, -2.931637982902438e-02, -3.899156266125265e-03, 6.325504672630325e-04, 5.072044002533845e-03, 8.540040597521335e-03, -2.502427686645559e-03, -1.249404530049161e-02, -4.712353043749265e-03, -2.300624213758927e-03, 2.691995425629004e-03, -1.755228953307941e-03, 1.533108819076077e-03, 2.795588753622132e-03, 2.542819182968023e-03, -1.367304116767814e-02, 8.911775395588132e-03, 7.677286251112063e-04, -2.271605340285218e-02, 1.032415840725335e-02, -4.215887596936536e-03, 6.528806263256918e-04, 1.845446358660034e-03, 1.406890218277576e-03, -8.562024137339426e-03, 1.063507420616346e-03, -5.125828163824679e-03, 8.298272342198783e-04, -2.266067493381683e-03, 1.116662879940368e-01, -2.250553826532067e-02, -9.671942914594500e-03, 5.594749616895149e-02, -1.700774503930979e-02, 2.989651133653220e-02, 1.445110641651605e-02, -7.022680381751562e-03, 9.704703606989723e-03, 4.967783277848067e-03, 8.300489199931680e-03, 1.992385834778500e-02, -1.093733396960185e-02, 2.521037490290162e-03, -1.392058946286681e-01, 3.880411113205208e-02, 8.102444157262821e-03, -8.846112042138578e-02, 3.934196192802169e-02, -2.607646721274082e-02, -3.084028353279576e-02, 4.105457446773213e-02, -6.823159564759319e-03, -2.503397278673718e-02, -4.257225015411718e-02, -4.243542773110021e-02, 7.524573837659848e-03, -9.322187665284412e-03, 7.346309815932503e-02, -3.493049138550543e-02, 5.837477425930675e-02, 2.497450601841096e-01, -5.614403460140348e-02, 3.949477507006584e-02, 5.024626850324054e-02, -1.215289113091059e-01, 2.628886139068506e-02, -1.046142070520690e-01, 1.025953568901714e-01, 4.368202084044819e-02, 1.555720696569588e-02, 2.880324661730060e-02, 2.333207289606458e-03, -1.029629715700628e-03, -4.151474978210561e-03, 1.579391029404388e-03, 2.147304823244224e-03, 5.062724222558250e-04, 1.072336888229082e-03, 8.111446945637599e-04, -3.752278239298776e-04, -4.422975769013513e+00, 1.639399890849696e+01, -3.551156406358325e+01, -4.907076600937333e+01, -3.959197829908425e+01, 1.517542761535825e+01, -5.381328905022825e+00, 6.308084551551492e+01, 1.751178724539546e+01, 6.056653330749084e+00, 2.438147271860058e+00, -6.807740188179854e+01, 3.898669932248963e+01, 2.284233402936450e+01, 7.986657414060471e-01, -4.069002352693281e+00, -1.120772311196886e-01, -2.164909324370537e+00, -1.633221646051040e+00, 3.660319718820536e+00, 3.350046458952859e+00, -4.761148710238484e+00, -3.653439294112559e+00, -3.737557403123776e+00, -3.595794985047847e+00, 2.136305004232012e+00, -1.033346012108652e+00, -1.160578387982596e+00, -3.811487244812322e-02, 1.871242702122951e-01, -4.425659776159779e-01, 2.009129445775344e-02, -2.150571250300212e-01, -1.838069176757376e-01, -2.980585019669025e-01, 3.868717417945843e-01, 2.302240114883780e-01, 1.884078475583526e-01, 2.069714304668246e-01, -3.068635158230786e-01, 1.614537160363922e-01, 1.485160072021786e-01, 1.609154047523071e-02, -1.066673452691714e-02, 1.180318698476811e-01, 1.280766711860670e-02, 8.830770697301328e-02, -1.702458142823854e-02, 2.940631535728552e-02, -6.427966565143368e-02, -2.812610051051256e-02, -7.176228813188963e-03, -8.861805660731218e-03, 7.695080721785692e-02, -5.249649807757349e-02, -3.683702291563106e-02, 7.055932213012719e-02, -1.235709675912842e-02, -5.896202537414977e-02, -1.624532710873977e-02, -5.249913345357329e-02, 2.586682663159216e-02, 5.526228495695108e-03, 2.459462543626141e-02, 9.538675708639014e-03, -2.526382635537655e-04, 1.164214724973609e-05, -2.574250951682753e-02, 2.054736637207919e-02, 1.241773792722671e-02, -6.912883295855831e-03, 5.079773880051939e-03, 1.267038637529711e-02, -3.442064734929935e-03, 1.009941808607403e-02, -4.300909101213089e-03, 4.522322494006595e-03, -6.248219287919903e-03, 2.301881657849810e-03, 5.255392651298513e-03, 3.054408081971740e-03, 1.370142984775026e-02, -1.136052965721535e-02, -6.025096639185985e-03, -3.411345991692733e-02, 1.284210111117093e-03, -5.042341575198793e-03, -2.938453387214561e-03, -1.269669474197969e-02, 7.258212160641140e-03, -2.246082966485269e-04, 6.333620424006918e-03, -5.193497735914889e-04, -3.454735174977947e-03, -6.936819018360620e-04, -6.977149925573111e-03, 5.213651810787419e-03, 3.186692292697049e-03, 1.003541625597925e-02, 4.824390041870049e-03, -2.575216240384876e-03, -3.875266424391538e-03, 8.754052178180392e-03, -8.460708995098647e-04, 6.543712568829386e-04, -2.294726190818670e-03, 3.601320046020173e-03, 6.609517057624330e-03, 3.192521135955880e-03, 4.984261236644458e-03, -5.837273182751907e-03, -3.319937866080012e-03, 2.397497766843822e-02, -6.426323897799876e-03, 8.460338855481123e-03, 1.333686668979715e-02, -3.866221118277795e-03, -5.113059520101375e-03, -5.502709176090950e-03, 3.169808069632400e-03, -2.308653117490792e-06, -6.663083460650814e-03, 1.133096319605039e-03, -1.901829177141047e-03, 5.174361285589310e-03, 3.192422270986786e-03, -3.610477778935380e-02, 7.706009225185576e-03, -6.194889519877478e-03, -9.745336753015728e-03, 1.778152922999986e-02, -7.959523871928992e-03, -1.883092328274434e-03, -4.024029243729984e-03, -2.681947046924610e-03, 9.898985797187315e-03, -5.481067352052013e-03, -9.931751649202433e-04, -3.537149605017006e-03, -4.771731657420493e-03, 2.731228825560518e-02, -3.705001480512495e-03, -5.943985804702246e-03, 2.019480627171343e-02, -1.428816454086129e-02, 1.039349937509360e-02, -6.632169536792199e-03, -1.269973091635578e-02, 1.611233559062855e-02, -3.130201057762273e-02, 1.486099553955168e-02, 1.254171262350823e-03, 4.700386161850042e-03, 1.183349913735623e-02, -3.204109152266364e-02, 8.535928283732373e-03, 2.086486086276779e-02, -1.055375069358878e-01, 1.694842802028802e-02, 2.187204236698305e-02, 1.109211688537646e-02, 3.231059162651363e-02, -4.647236114632906e-02, 4.426374283718293e-02, -5.494817721327986e-02, -1.448709915739840e-02, -9.898976070766402e-03, -2.842640428584120e-02, 1.912487635212961e-02, -6.308606854840072e-04, 2.906710083477251e-02, 1.605313828595523e-01, -3.671144755587722e-03, -1.961154638650774e-02, -1.088744890305233e-01, -8.461291841933970e-02, 3.416623900450597e-02, -8.493448540583516e-02, 4.551025052316922e-02, 5.850461468631077e-03, 4.850365008695768e-02, 4.771216618652173e-02, 6.517738070165423e-04, -1.037561794672147e-03, 1.191731883500134e-03, -2.059987747178575e-05, 1.368651715650757e-03, 7.840475824671175e-04, 1.162745433190663e-03, 1.860548408678845e-03, 3.975547118408987e-04, 3.616825941754492e-04, -4.969087683555593e-01, 2.386464718760063e+01, -4.973916195582148e+01, 5.943651448873217e+01, -4.570516891748952e+01, -1.513944129405755e+01, 4.074243463319197e+01, -1.944435236572977e+01, 1.861258445425603e+01, -4.385011919799164e+01, -9.881197019779464e+00, -1.550148498188632e+01, -1.680490051930031e+01, -1.428150727697913e+01, 7.183032575451697e-01, -4.555123667888465e+00, -2.531864605005596e+00, -9.168609388649916e+00, -1.614381993239678e+00, 2.775371572277234e+00, -7.117975080134066e-01, 4.615011769334292e-01, -2.815696944980395e+00, 5.996179846425485e-01, -2.342538523851283e+00, -1.247399689067747e+00, 2.156634447778733e+00, 1.085598621197146e+00, 9.588850193266701e-02, 3.491981386490238e-01, 3.403145983482788e-01, 8.317775107157056e-01, 1.529226386734024e-01, -1.190672020944358e-01, -1.141043028550803e-03, 3.446691247763933e-02, 2.920703290301718e-01, -3.606956482625071e-02, 2.910651559792409e-01, 1.589159675671352e-01, -1.615292112942984e-01, -1.018916400418598e-01, -4.260238960719669e-02, -5.168696516773639e-02, -7.965375808920405e-02, -1.319418112428661e-01, -3.205831693761303e-02, 7.291144443440166e-03, 2.141920997085740e-02, -6.333139607285209e-03, -3.984453768429417e-02, 1.164062841904902e-02, -4.839940967021796e-02, -1.827240835463158e-02, 2.057373303897068e-03, 1.667593855274035e-02, 2.528800990662040e-02, 1.204587020352530e-02, 1.384716156421251e-02, 1.769028342028314e-02, -2.370912893147377e-03, 6.456579490313248e-03, -4.518842035430462e-03, 7.069366276227513e-03, 1.197686444935715e-02, 1.595336477405369e-04, 1.462717097905784e-02, 1.144177304690569e-04, 8.459901817114460e-03, -4.865610708177267e-03, 1.862705307742324e-02, -1.465818572682283e-03, -1.111675366756276e-02, -7.339779142031681e-03, -4.696483106810067e-03, 2.365262241437846e-04, 4.787636168235413e-03, -3.176417075844418e-03, -7.974318303541554e-05, 1.518594721132635e-03, -5.201937661329608e-03, 4.846427304951812e-03, -8.730693995484618e-03, 1.698956372409683e-03, -2.281968239589600e-02, 3.350021566203475e-03, 4.851546429024248e-03, -1.913828780740120e-03, -3.173917035702341e-03, 4.455489949969449e-03, 2.094334804863926e-03, 3.572474146370568e-03, 2.263330400090867e-03, 2.866867687596750e-03, 3.338121523384254e-03, -5.191149798929767e-03, 6.088246414039443e-03, -2.163847265706687e-03, -4.321141444771392e-04, 4.917349485151682e-03, -7.739559695658013e-03, 6.699418820967826e-03, 9.361154091999840e-03, -8.590749546321912e-05, 7.226276687062520e-05, 5.447449759846417e-04, 9.860067988004769e-04, -1.160085072569572e-03, -2.502306202521643e-04, 5.880273961569106e-03, -4.460325355216399e-03, 2.091686803216180e-03, 2.995689433154001e-04, -2.377151983176908e-03, 8.058711842189087e-03, 2.645273638293347e-03, -8.806114614562439e-03, 3.866487346974105e-03, -9.903169414497140e-04, 1.664829021633221e-03, 1.743594089754531e-03, 2.315888651853755e-03, -3.875154721132811e-03, -6.062841943786776e-03, 3.136238734361728e-03, -2.060681323524684e-03, -9.038978859029444e-03, 8.821912357418518e-03, -5.245183708053540e-03, -1.562529778303208e-03, 1.082180023263109e-02, -4.054118838783633e-03, -1.988495448966374e-03, -1.374622467309409e-03, -4.496223999574087e-03, 2.586999351414020e-03, 4.802561695673374e-03, 3.504794707117677e-03, -1.501392203822099e-03, 2.658075494791232e-04, 3.848794087872681e-02, -1.157052438908980e-02, -1.011072609582368e-02, 9.555718966978500e-03, -2.203896007070993e-02, -6.353567938173961e-03, -3.670871590596364e-03, -4.402855711434120e-03, 1.502549932507626e-02, -3.974103099403657e-03, -4.339957381374949e-03, -5.604368697049615e-03, 1.965545946023054e-03, 5.369379385918797e-03, -8.085942747300547e-02, 2.906579413397064e-02, 3.933128073292604e-02, -1.823430726563548e-02, 5.639873494585512e-02, 1.345114224402809e-02, 1.288930244332219e-03, -9.991436233836937e-03, -2.325055504236419e-02, 5.393151686210544e-03, -8.429294330769516e-03, 5.514032545248966e-03, -4.092247365510510e-03, -1.136660992786601e-02, 3.303061108461060e-02, -5.102062057729189e-03, 1.319799329769523e-02, 1.364950970498665e-01, -1.125793341260839e-01, -6.945810628445359e-02, -3.443544326970698e-02, 1.819015086016987e-02, -3.288796500773206e-02, -3.001618443204955e-02, 1.896928922458918e-02, -3.393580684707965e-02, 3.360316043918996e-02, 2.037274833341117e-02, 6.660092009962181e-03, -2.485195460296425e-03, -3.697749971375827e-03, 3.788828892227889e-04, -1.211203560255013e-04, -1.111722540199278e-03, -6.939760078051503e-05, 5.085322585898366e-04, -7.502109251396114e-04, -5.999086827850567e-04, 2.755377807526055e-04, 5.552094702481018e+00, -4.851127399019718e+01, -4.426516267060054e+01, 6.823628755896498e+00, 4.125925338533265e+01, -5.968463446849408e+01, -3.096335797711589e+01, -2.007280306348517e+00, 8.634796938327121e+00, 4.078561252268213e+00, 3.878772095322010e+01, 1.114449841418830e+01, 2.927836146677148e+00, -7.883215009776743e+00, -2.516826591285670e-01, 3.560570778696839e+00, 1.863331781643482e+00, 3.643775225865168e-01, -2.222211074979276e+00, 2.816152232984017e+00, 4.665647696472268e-01, -8.305571278682292e-01, -5.373787502883346e-02, 7.359792768174807e-01, -1.496548192628437e+00, 1.138881302081944e-01, -1.092640855597698e+00, -4.124266519094525e-02, 1.077281201723190e-01, -5.166385961929466e-01, -3.100203689641290e-01, -3.819893674083706e-01, -4.805988588960550e-02, -5.106163761126053e-02, 1.667322902290380e-01, 1.525723635847302e-01, -3.902032121885443e-02, -1.572859248839770e-01, 2.315557580422916e-02, -8.342920261289351e-02, 1.924301699583828e-01, 4.484229557282742e-02, 3.136168399425281e-02, 9.198235750811862e-02, 4.027382047279765e-02, 7.078577650391697e-02, 5.200265432776087e-03, 1.007586033393863e-02, -2.794090023570947e-02, -9.209329727277567e-03, 2.078244161675056e-02, 3.857072208258965e-02, 1.131383398285262e-02, 2.142172286640830e-02, -4.317208256050215e-02, -1.192037062719946e-02, -3.553500927946669e-02, -2.533466687015240e-02, -9.182686236514524e-03, -2.470995857220845e-02, -2.252328912186916e-03, -4.387537685545873e-03, 1.160087135433749e-02, 2.982093778592641e-03, -1.762236360491811e-03, -5.767057248426138e-03, -1.254338581766858e-03, -6.284149173423123e-03, 1.368976082403292e-02, 3.281910508683866e-03, 5.424772553742697e-02, 9.548599705708604e-03, -9.730497535960389e-04, 4.186969725907445e-03, -7.597542533061800e-03, 8.189333413749788e-03, -3.241608799504163e-03, 6.839982071186469e-04, 2.203204937544445e-03, 2.963855351699078e-03, 1.098971555489855e-03, 3.486033180205870e-03, -5.981439912153081e-03, -1.264961733391102e-03, -1.562813101858306e-02, -6.213803409648135e-03, -7.229568173447112e-03, -5.144984726164634e-03, 5.878241420374747e-03, -2.908816044034582e-03, 5.272010184531429e-03, 1.259516663063027e-03, 2.247917611993069e-03, 1.386322468966262e-03, 1.494778676770121e-04, -1.198810297358766e-03, 2.101674044295970e-03, 1.154781781033082e-04, -4.928492466211892e-03, 8.470638358008585e-03, 3.604611826838495e-03, 3.463831816535924e-03, -3.802917814308291e-03, 5.507615117994724e-03, -4.445698945875625e-03, 1.001427366870450e-03, 2.264868047662764e-03, 2.581443912263306e-04, 8.503047743781173e-04, 2.178030626918027e-03, -1.747194156019190e-03, -9.117669322990307e-04, 1.506236560935326e-03, -6.107492031491991e-03, 4.391952093641153e-03, -3.527565127364937e-03, 8.438416805240158e-04, -2.097713605192045e-03, 3.898129307695585e-03, -1.486081393961879e-03, -2.800711210962628e-03, -1.914740951213584e-04, -1.210564397902493e-03, -1.549460085193080e-03, 8.759344927854226e-04, 1.431629855663350e-03, -2.771967333069617e-03, 9.404039677728550e-03, 4.884986150238780e-04, 3.600779321460356e-03, -1.010512437390723e-04, 9.496565376792513e-04, -1.032045385690831e-02, 2.773858892485812e-03, 3.806038702013210e-03, -6.322493580682982e-05, 3.289998044149119e-04, -1.085801275660374e-03, -1.244140509838897e-03, -1.850066776670166e-03, 1.969539860756928e-02, -1.222081607115308e-02, -1.757285570557679e-02, 1.064194979213812e-02, -1.057531189526415e-02, 5.186358613207430e-03, 2.943503089678905e-03, -7.023275348931447e-03, 1.867926817936814e-03, 3.593426082774736e-03, 2.596851443547250e-04, 6.039131854723640e-03, 2.798981830977681e-03, 7.089966533871928e-04, -3.073373189973079e-02, 2.016377195673859e-02, 3.343630958495124e-02, -2.176408692750330e-02, 3.470687447876940e-02, -2.800134890521618e-02, -4.718102042265550e-02, -7.631134482647180e-03, 3.499645109843976e-03, -2.260533126701880e-02, -6.409103680967792e-03, -1.218772351943532e-02, -8.440884813388130e-03, -4.123858739770799e-03, 3.498552126430785e-02, -1.895636081048566e-02, 8.856922649010822e-02, -1.567637758760370e-02, -2.529670580168236e-02, 3.288506377704076e-02, 1.756894373168546e-02, -2.371516087246672e-02, 2.145806671965073e-03, 3.179875196814801e-02, 3.683595381797639e-02, -6.324657974478809e-04, 3.551378746963921e-02, -4.755840139867054e-03, -4.263769998697728e-03, -8.612367298660624e-04, -6.500968885358650e-04, 1.138947537844600e-03, 2.400368851035172e-03, -6.151619552520939e-04, 4.652940454446369e-04, 1.151916253795991e-03, -3.573534304371240e-04, -3.099320036690772e-04, 3.308074527387970e-04, 1.298383447435424e-04, -7.385689842207388e-01, 7.588610843638697e+00, -2.213903027331150e+01, 3.497159185762877e+00, -8.228144698453417e+01, -1.617530684988917e+01, 5.813529878003985e+01, -1.586190976915582e+01, 2.863925669888575e+01, -3.764353237055237e+01, -2.402585581363937e+01, -1.074578760837057e+01, 1.723145085464623e+01, 8.711679614390674e+00, -1.125557656355953e-01, -9.709298087492144e-01, 1.106450823826693e+00, -1.166404692293984e+00, 4.909975605987724e+00, 1.774559856464444e+00, -3.134922519161696e+00, 1.288202939391130e+00, -1.771545469271494e+00, 2.723435133690722e+00, 1.380772845069869e+00, -5.386601801923545e-01, -5.578911176720031e-01, 2.283189358308064e-01, -2.149514443184558e-01, 1.781962767889584e-01, 2.115404949221147e-02, 2.800673216680633e-01, -3.365325403133986e-01, -2.452438428692490e-01, 1.575634076847327e-01, -1.271520842882810e-01, 1.374454894815121e-01, -2.746601176328229e-01, -1.325664988295406e-01, 1.737385025020581e-01, 4.658352809246130e-03, -8.889891411346348e-02, -2.338771068927794e-02, -3.059133951473355e-02, -2.527156013564460e-03, -4.969253426207690e-02, 6.611159338813101e-02, 1.773596113493428e-02, -2.749081776214023e-02, -7.873583422367056e-03, -3.751054984726544e-02, 3.286047147624042e-02, 1.280878073231509e-02, -4.665286961752293e-02, 3.841437961756024e-03, 1.950732083509260e-02, 3.080188302086533e-02, 1.219790287555523e-02, 6.078473497013860e-03, 2.656746367398409e-02, -1.699776495751758e-02, -4.200806847074374e-03, 2.176148243870308e-04, 2.906564122298637e-03, 7.694628886678929e-03, -1.205257179729140e-02, -5.852860067047584e-03, 1.314354134156713e-02, 7.739487369809207e-04, -4.924747338358491e-03, -4.390566206819954e-02, -7.204692305300277e-03, 1.682491546425877e-04, -8.143926334365953e-03, 1.620749200639343e-02, -3.550034755572523e-03, -2.624370885328043e-03, -4.616366783184231e-03, -5.568713819559958e-03, 3.127800568591502e-03, 1.820546144718694e-03, -6.173241985675548e-03, -1.772424369243535e-03, 1.783539705054473e-03, 2.191549675895963e-02, 3.430542229119683e-03, 5.626903158006650e-03, 9.280318840747488e-03, -5.471581582456771e-03, -2.412675847038921e-03, -3.903995956543450e-04, 1.634559604745905e-03, 2.475066041045221e-03, -3.650239177338290e-03, -1.555891568402034e-03, 4.648811276560263e-03, 1.715958989265638e-03, -1.180821314013370e-03, -2.041258637865517e-03, -4.227140275746391e-03, -2.261446567868272e-03, -3.693590991444382e-03, 3.612458580584011e-03, 4.109136543432002e-03, 2.739356258569127e-03, -1.613425077093986e-03, -1.962373284922430e-03, 3.070326357954028e-03, 2.205011390913468e-03, -3.976662887224272e-03, -2.128246419707896e-03, -6.307297256898444e-05, -2.508784349798822e-03, 7.890364310748360e-04, 5.070489972535046e-03, 1.012816344007302e-02, 1.023381814147400e-03, -4.310895467698798e-03, -4.958412624574287e-03, 1.378583042967684e-03, 5.666153248498716e-04, -1.921491425384130e-03, -5.651659237102827e-04, 3.178083979484317e-03, 1.116707378261680e-03, 1.033447070988445e-04, -8.740976337950341e-03, -7.371947334776207e-04, -1.277100064665075e-02, -1.026752233230863e-02, 2.582107157659286e-03, 5.031784289376667e-03, 1.045446406289453e-02, -6.552077769619647e-03, -8.542292586101779e-04, -2.281188376436565e-04, 1.145756387139978e-04, -3.591607325904164e-03, 6.953952019173239e-04, -6.830790116787094e-04, -9.993733419279716e-03, -5.790763356313642e-04, 7.403258809100304e-03, 1.467562690117015e-02, 3.647821662485117e-03, -1.784495341197287e-03, -6.105182210998784e-03, 1.511713227763385e-02, -6.236014080914869e-04, -2.566478374519603e-03, 3.338685701357357e-03, 1.153492118264826e-04, -3.204916426638010e-03, 6.513224102028557e-03, 4.197864949547567e-02, -7.528551879208594e-03, -3.307672351229875e-02, -4.229146283939170e-02, -3.551245648413728e-02, -1.184218811244793e-03, 1.646914369693285e-02, -1.046033431476154e-02, 1.149179718021554e-02, 7.959499856159707e-03, -2.527503643496486e-04, 7.058898154142139e-03, -4.619361636526446e-03, -1.992191485656912e-02, -5.809941431816659e-02, 6.942742713411105e-03, 4.585986949629943e-02, 6.624621040086323e-02, 9.591434313228329e-02, -3.986937501737377e-02, -7.873174344886566e-02, 4.173558668306338e-02, -1.163537144295559e-02, 5.649262566981349e-03, -8.490568759881166e-04, 1.134355105411068e-02, 2.028888014502873e-02, 3.549725362699473e-02, 8.880224151090927e-03, 9.504069093237630e-04, -1.642353773877424e-03, -4.015548055057779e-03, -1.460830651368231e-03, 1.529592796392950e-03, 4.867867216295362e-04, -9.188677988572053e-04, 3.236959549255141e-04, 9.337225072449615e-04, -8.322719116420618e-05, -1.800126484681828e-05, 8.454164928476877e-05, 2.012169148862644e+00, -4.016711084869089e+00, -2.357232944071526e+01, -7.737102175228466e+01, -3.925354079012401e+01, 3.448229102147202e+01, -1.415517996475674e+01, -4.487225645565100e+01, -4.390998621502610e+01, -1.738352925605738e+01, 1.259601084388176e+01, -1.865567436289659e+00, -8.803893610676488e+00, 9.813555737638959e+00, 8.428030691651454e-02, -1.063450462498861e+00, 2.064411181155047e-01, 2.734293670978764e+00, 8.980841292716978e-01, -1.337985154926637e+00, 1.730798360726322e+00, 2.402327710946722e+00, 2.391412340886025e+00, 3.077167074489484e-01, -1.630305495339992e+00, -2.682948214297407e-01, 1.212292220178713e+00, -4.656667511772551e-01, 5.761623190777171e-02, 1.620700197745225e-01, 6.403168719611355e-02, -2.343792299391400e-02, 1.143720946031019e-02, 7.180557828821717e-02, -1.832006127701737e-01, -1.009202709579281e-01, -9.472771162382022e-02, 8.996116109869647e-02, 2.393092963891636e-01, 5.719367639917575e-02, -1.449760386329459e-01, 2.950029382294872e-02, 5.990166707023106e-03, -2.685968952142003e-02, -1.575909678415173e-02, -2.080279160659465e-02, -1.143324153553200e-02, 1.712255549649532e-03, 3.652772569556638e-02, 9.973626094525009e-03, 9.405193001462940e-03, -1.486070498898501e-02, -3.447435985735647e-02, -3.079989213407065e-03, 1.932446318639270e-02, -4.101522727277562e-03, -1.332286873743118e-02, -2.395570507159321e-04, -1.447543612196265e-03, 4.636466702210338e-03, -3.374796645289579e-03, 2.797353123130737e-03, -4.738809412791203e-03, -2.424452145017466e-04, -2.567196393944870e-03, -6.491138880705272e-05, 3.152754273969676e-03, -2.877935457539916e-03, -1.990389459484696e-03, 1.455950519960020e-03, -6.034831805202544e-03, 1.058586171692979e-03, 1.190515688972901e-02, 9.439420395959494e-04, 9.659288690881042e-03, -5.381592826871640e-03, -2.947696083081129e-03, -2.021266967769189e-03, -1.057113364243598e-03, -6.567972558382296e-04, -1.898967449538375e-04, 1.181144249176542e-03, -2.775933029711394e-04, -6.551672812953662e-05, 7.063924825134379e-03, -4.099809575973421e-05, -2.004757272882649e-03, 1.165231072666197e-03, -6.137137592470999e-03, 2.576137934448110e-03, 9.777659296027585e-04, 4.907749830630425e-04, -1.793793404433117e-04, -2.570465015877773e-04, -1.104999631494456e-03, 2.366448926903234e-04, -4.982469012349367e-04, 2.740286868360871e-04, -2.409795358034920e-03, -7.449333397903050e-04, -4.964438074886301e-04, 5.558987889600432e-04, 5.366820801216165e-03, -2.708115626940132e-03, -8.001300577837656e-04, -3.769549874178155e-04, -1.826913202265179e-03, 4.476944967586824e-04, 1.696249281038016e-03, -1.578518859576744e-03, 6.566299040153441e-04, -2.798953637066935e-04, -1.309236976970553e-02, 1.126609520491977e-03, 4.236344522408629e-04, 3.731256783559224e-03, -7.505222454151289e-03, -2.876460591055745e-03, -8.520610185920919e-04, -3.565329098328326e-05, 8.377117197003157e-04, -4.212585500433209e-04, -1.296414456579485e-03, 1.819386135038185e-03, -7.451876273756267e-04, 9.011231377769244e-04, 1.435643491516614e-02, -4.740092435573460e-04, 2.693256068112511e-03, -1.727720611768688e-03, 6.442361224963086e-03, 9.824833109847507e-06, 2.470092126148463e-03, -2.105562573521300e-03, 3.019719288370635e-04, 1.193712712085376e-03, 3.572787997114478e-04, -2.849339069621352e-03, 2.058906413903708e-03, -1.428817630348042e-03, 2.107378393226395e-03, -4.327302729556760e-03, -2.004991481141633e-03, 2.328061733343523e-03, -4.115550045663323e-04, -1.459947161544771e-03, -7.073914791063882e-03, 3.256544389424685e-03, -7.623814116147795e-03, -1.105022663584801e-03, -3.016633780708677e-03, 3.152283696574135e-03, -4.183523669164060e-03, 4.307525124034507e-03, -2.796720985179709e-03, 6.006713085178770e-03, -1.096234624093195e-02, -1.006588893882877e-02, -8.713081955174999e-03, 3.059407698398130e-03, 1.979703321462658e-02, 2.346033383162746e-03, 1.453183123501432e-02, -1.223978029849178e-03, 6.022362015746302e-03, -1.029837937567933e-02, 1.624128297973081e-04, -1.279554375280261e-02, 2.704322687983018e-02, -2.047709428922714e-02, -6.932839226648095e-03, -1.196506422392314e-02, 5.764545034304461e-03, 8.185551585035224e-03, -8.604796284823997e-03, 6.287123039226483e-03, -3.373744830383246e-03, 8.197169175709916e-03, 8.482977359888054e-03, 2.615570936500887e-02, 1.332848107472034e-02, 1.694377434073925e-02, -3.079323330328435e-03, 4.746353778865642e-04, 4.229040414324658e-04, -2.581534628393242e-03, 3.291633673425840e-04, 1.028381993813942e-03, 5.555897438824978e-04, -3.992946716764686e-04, 6.020743082779976e-04, 4.537354311574706e-04, 1.337719869141364e-04, -7.536894444854524e-05, 9.193189066404444e-05, -4.675091440520241e-05]
