elements:      [Be]
cutoff:        6.0
pair_type:     gaussian
feature_type:  gtinv
model_type:    4
max_p:         2
max_l:         8

gtinv_order:   4
gtinv_maxl:    [8, 8, 2]
gtinv_sym:     [0, 0, 0]
gtinv_version: 1

electrostatic: 0
mass:          [9.012]

n_pair_params: 14
pair_params:
- [1.0, 0.0]
- [1.0, 0.416666666666667]
- [1.0, 0.833333333333333]
- [1.0, 1.25]
- [1.0, 1.666666666666667]
- [1.0, 2.083333333333333]
- [1.0, 2.5]
- [1.0, 2.916666666666667]
- [1.0, 3.333333333333333]
- [1.0, 3.75]
- [1.0, 4.166666666666667]
- [1.0, 4.583333333333334]
- [1.0, 5.0]
- [0.0, 0.0]

n_type_pairs: 1
type_pairs:
- atom_type_pair:      [0, 0]
  pair_params_indices: [0, 1, 2, 3, 4, 5, 6, 7, 8, 9, 10, 11, 12, 13]

type_full:    1
type_indices: [0]

n_coeffs: 10962
coeffs: [2.975296603385451e+00, 1.597513132801897e+01, 1.269228694146287e+02, -2.399110883690273e+01, 2.287758763022711e+01, -1.268488824310249e+01, -1.041474877051132e+01, -2.424818686755673e+01, -5.749978121004306e+00, -9.190626900252344e+00, 6.347891953058190e+01, 1.524660343232944e+02, -1.015130175822289e+02, 8.881567290406292e+01, -8.138715255680776e+01, -6.996987049559037e+01, 8.471879882021442e+01, 7.333453744051121e+01, 4.393611100526873e+01, 2.263466073711937e+02, 1.156327836218247e+01, 1.106760154458362e+02, 3.636299738290374e+01, -3.081283659006576e+01, -7.314310797973076e+01, -1.993530064681754e+01, 2.019619728312731e+02, 1.385031880498338e+02, 1.701058606975793e+02, -7.065411122202960e+01, 4.021499800496422e+01, 3.934286856218927e+01, -1.842683364046587e+02, -3.492319883367972e+01, -9.150493857362683e+01, 6.494939433467423e+00, -9.845928875397075e+00, -5.021726715863197e+01, -9.290875910301368e+01, 4.452720081206461e+01, -2.070880292924129e+01, 1.270916167720826e+01, -4.853086535440113e+01, 3.831377308441173e+01, -6.783420761484534e+00, 1.941512114748973e+01, 1.643321488685255e+02, 1.557171616897755e+02, -4.639074281601719e+01, -1.536505912462312e+02, -1.288805387444651e+02, -1.548413987695850e+02, -1.315490279668867e+02, 1.320090126513350e+02, -4.152723256685019e+01, -8.792515763236815e+01, -3.580192726709798e+01, 8.002986444289343e+01, -2.746334382259187e+01, 2.914696938450284e+01, 1.829263907928841e+02, 1.199154803604986e+02, -3.085817543045432e+01, 3.439094077872658e+00, -4.705513140841042e+00, -5.829216523121887e+01, -3.068841404634516e+02, -4.322706762042835e+02, -7.199401046153032e+02, 7.223911589493583e+00, -4.108066972686976e+02, -3.343015600240401e+04, 2.767240082852168e+02, -2.402917900481291e+02, 4.283115241780602e+02, 4.742044079383073e+02, -9.094195172500648e+02, 3.245698258596181e+02, -4.338489503167029e-01, -8.345290538054780e-01, 3.481269562752554e+01, -1.360120478621772e+01, 7.898814462261650e+00, -1.808112890609600e+00, 2.830092859287255e+00, -1.417042511258030e+00, -7.551346757928574e-01, -3.537532961132298e-01, -1.171595667469812e+00, -5.213556067413000e+00, 3.691798107887998e+00, -4.285424501102369e+00, 9.617156364967604e-01, 5.641112879138860e+00, -2.246989182357379e+00, -2.901935512679152e-01, -5.850766717007572e+00, 2.295177616669721e+02, -3.245343887029178e+01, -1.528692099316863e+01, -4.350030102722818e+01, -3.854495328114229e+01, 2.212785340328014e+01, -1.065293126972906e+01, 3.091295392058628e+01, -9.029027472756066e+01, 2.073534926189176e+01, 3.046495614217038e+01, -8.505172130472310e+00, -4.295253870115516e+01, -1.703016407678557e+01, 2.416270761439662e+01, 2.212181373867752e+01, 4.383341872938593e+00, -2.189096724097593e+01, 1.137112506999887e+01, 4.882332957068333e+01, 7.770303833027801e+00, 3.226181952718769e+01, 3.861128988671555e+01, 3.450193549447871e+00, -2.222866588685811e+01, -2.301967839373217e+01, 8.084162563571320e+00, -3.608278370707352e+01, -5.351655570832622e+01, 1.918765777404410e+01, 6.248365394917974e+00, -3.129257841878569e+00, 9.331573024141674e+00, 5.310922894922962e+00, -4.204243697868223e+01, -1.283178554368306e+01, 2.162058261482896e+00, -9.116346626579862e+00, -2.912373209744044e+00, 8.397954712197080e+00, -7.551865931482777e+00, -9.787131599110120e+00, 1.104654990759409e+01, -1.406397429653626e+01, 1.201294208269443e+01, 6.344697263725639e+00, -1.392263127724957e+01, 6.113341449138326e+01, -4.358922758848091e+01, -6.201004489978936e+01, -3.807130468220374e+02, -3.888378527800594e+00, -3.164240622318072e+02, 9.574242891472826e+01, 3.471858171577511e+02, -4.990504964618391e+00, -5.525229374731301e+00, 1.059616643772910e+01, -3.781748518571536e+00, -6.750425601232639e-01, -1.468626880250508e+00, 1.771486610170937e+00, -1.550228761685694e+00, 4.388425633646347e+00, -2.325255717717981e+00, 2.104296564664515e+00, 1.100257113628601e+00, -1.751045641660135e+00, -1.858512512742918e-01, -1.298890630016583e+00, 3.131521844961216e+00, -2.804397182543692e+00, 1.231486397820365e+00, -1.407316231357877e+00, -1.705794243768611e-01, -1.171769002050011e+00, 7.465354422371115e-01, 1.163956568101738e+00, -4.660517205545691e+01, 3.228546262371611e+01, 2.005888013771357e+01, 1.054269435750651e+01, -1.371095273708018e+00, -2.863034825674000e+00, 3.502971527633475e+00, -1.373902657229199e+01, 1.037864964850635e+01, -1.230810787333175e+01, -1.344989717065740e+01, 2.690110595711482e+00, 1.055207621159173e+01, 6.790697218549113e-01, -2.046259170157683e+01, -1.137955269649700e+01, -5.013225724926206e+00, 3.954419050026045e+00, -2.600502014235118e-02, -1.126726201348020e+01, 6.923892676682228e+00, -3.781187300375600e+00, -1.640621652101165e+01, 3.490255550189584e+00, 1.330548232864824e+00, 8.032534326239983e+00, 7.724313569824192e-01, 4.341379776903743e+00, 9.898069633815492e+00, -3.231474475495506e+00, -6.566125181556745e+00, 3.950738710673571e+00, -4.181831698491968e+00, -7.116708372200362e+00, 4.147563065857288e+00, 1.658287442982243e+00, 1.108945256202322e-01, -1.367423118753282e-01, 5.951047145288211e-01, -4.796151136697426e-01, 1.883480667749177e+00, 2.668062732956246e-01, -4.486053872724966e-01, 3.161179873247131e+00, -1.655397911387540e+00, -1.481789843861029e+00, 8.744324459242342e-01, -2.370871634556988e+00, 3.284893927133589e+00, 4.579998092340001e+01, 8.496965571389728e+00, -2.687237759879696e+00, -2.186791206982296e+02, -1.634079448296507e+01, -2.421783055195721e+01, -1.094580170768779e+00, -1.211866296943426e+00, 2.324097170430556e+00, -8.294613601414456e-01, -5.140062981250750e-01, -6.009858214645906e-01, -8.484586748712131e+00, -3.364661374346145e+00, -2.792397854406820e+00, -3.229883807301462e-01, 9.549279010569487e-01, 4.465480245637642e-01, 3.209562258077000e-01, 2.144915341251250e-01, -4.040294308747229e-01, -5.500510140216500e-01, -6.652766660389310e-01, 1.093585322047216e+00, -1.114386744353955e-01, -2.362775087189471e-01, -2.118254960854846e-01, -2.976887302920850e-01, -5.144322440969308e-02, 1.873444286961422e+01, 4.403582777859641e+00, -4.934537416459785e+00, -2.534386174707180e+00, -2.425536767011776e-01, 2.169393568710798e+00, -1.914276703724345e+00, 4.163589943434658e+00, -4.433097364185707e+00, -9.955149484883236e-01, 2.260867910658846e+00, 1.786046781008251e+00, -1.404716282341067e+00, 6.146194847873613e-01, 5.945939931723054e+00, 2.876234346478054e+00, 1.257263738195045e+00, -8.749169641972703e-01, -1.091963958279922e-01, 1.273985824940513e+00, -1.691333161166927e+00, -7.430736981442017e-01, 3.842326194436967e+00, -1.547122180153611e+00, -6.703859791064789e-01, -1.814230634919259e+00, -5.729034569450911e-01, 9.262813671087698e-02, -2.035690033893703e+00, 7.701448291566697e-01, 1.576518819780526e+00, -1.256193145338242e+00, 1.154500908001671e+00, 1.838105470305582e+00, -3.434660968899380e-01, -3.632376486055084e-01, 6.394953064287867e-01, 2.956598850675545e-01, -6.281559047710932e-01, 3.567092287500230e-02, -5.571878846563458e-01, 1.668810788929328e-02, -3.359872706304296e-01, -6.127656525085216e-01, 1.891060669300610e-01, 2.934642930355029e-01, 3.237069522461327e-01, -5.192499142837638e-01, -6.529009383175617e-01, -4.026801447337244e+00, -1.972956413343716e+00, 5.462515813877760e-01, 4.445270428175005e+01, 8.458334061524463e-01, -7.492075491652616e+00, 1.829296659313450e-01, 2.025314437759056e-01, -3.884181166081789e-01, 1.386255826250952e-01, -4.137361305486236e-01, -8.396488879146893e-02, -8.482645767068376e-01, 1.359399891929327e-01, -7.134221718563991e-01, -5.155152532275274e-01, -3.621540404690987e-01, -1.326093742434193e-01, -5.288368997923983e-02, -1.273761001758261e-01, 4.608667568647726e-02, 7.485767837446247e-01, 6.751249841268859e-01, 4.370360684740611e-01, 7.479690920919410e-02, 1.937792710294940e-02, -4.865142107610728e-02, -4.369953529827441e-02, -3.589579327102908e-02, -2.833790098265355e+00, -2.100115363981425e+00, 2.547481072536760e+00, 1.136550983572685e+00, 2.996196829955777e-01, -8.728310383466105e-01, 6.076180925887914e-01, -1.695306003125472e+00, 8.890981199736048e-01, 3.699466025942812e-01, -7.604380969690391e-01, -5.832452050593731e-01, -6.996039880764922e-02, -3.319122550431297e-02, -1.836014162756388e+00, -9.018423448973792e-01, -2.858169488443467e-01, 2.068276005091920e-01, -5.155298548507266e-02, -6.749287202343600e-01, 3.709329296547048e-01, -1.877865950369710e-01, -1.088997540827071e+00, 4.144697592598847e-01, 3.508995311142089e-01, 3.105652814503262e-01, 1.278684821174434e-01, -5.713350736825366e-02, 7.640095391316707e-01, -2.520516939734170e-01, -2.139463301094707e-01, 3.416595676994168e-01, -4.142905657251875e-01, -3.423090193350740e-01, 1.382288874656853e-01, 7.428170688922615e-02, -1.638506576268099e-01, -8.294195330379177e-02, 1.510114372667751e-01, -1.794208682274826e-02, 2.023668007143993e-01, -1.383740957534810e-02, 4.616023408814898e-02, 1.386203516513225e-01, -8.208227137923262e-02, -9.117594295673685e-02, 4.705862649550027e-02, 2.419951224805761e-01, 2.491838078606450e-01, -1.146296784573358e+00, 2.723797198220226e-01, 9.905948393125689e-01, 8.061075415117641e+01, 7.009654533025816e-01, 5.743269689304843e-01, -1.213226790006897e-01, -1.343206702084072e-01, 2.575985041480869e-01, -9.193530506880127e-02, -4.264018905869207e-01, 3.964378640775823e-02, -3.758674284102429e+00, -2.048167672911152e+00, -6.645509604889569e-01, 4.578800043437085e-01, 2.414323142393563e-03, 8.827110844010587e-02, 2.285388075228361e-01, 1.730513705169746e-01, 2.428164537335066e-02, 4.146152624168746e-01, -3.454427019917039e-01, 8.604474805839342e-02, 9.054208919144473e-02, 1.047278482413708e-01, -4.800582251227782e-02, 1.357523713710309e-02, 8.763495776688881e-03, -2.860785672314547e-01, -6.595582642207372e-01, -1.054382616640958e+00, -7.250134749069917e-02, 1.743452813603671e-01, 2.618174316359007e-01, -1.252198990902183e-01, 2.182353829913240e-01, -1.801078808180473e-01, 4.587917225543466e-01, 3.582885168276325e-01, 1.406647238573555e-01, 1.235145889264303e-01, -5.308462662140064e-02, 5.754634053373267e-01, 2.883525882714282e-01, 5.312337388700818e-02, -1.985790820644644e-02, 6.056954662508838e-02, 7.634926552632254e-01, -4.680517700638040e-02, 3.910444043758481e-01, 3.551802303383405e-01, -4.340075249818194e-02, -2.087731574334966e-01, -1.457473534706705e-02, -3.672970669649941e-02, -5.806467186021196e-02, -3.307520382088228e-01, 1.115513602992739e-01, -5.338831335126820e-03, -1.127149142320705e-01, 2.086653390373210e-01, 7.816173846132964e-02, -9.198528954853097e-02, -3.740616085517699e-02, 3.805822454143166e-02, 1.191861880205821e-02, -4.750917500201814e-02, -3.147939671864692e-02, -7.111260746615190e-02, 6.772790012668723e-03, 6.836175787262434e-02, -5.905034513940832e-02, 4.835690221816918e-02, 3.703384929008072e-02, -5.951686766770529e-03, -2.340614959201022e-01, -1.347393445626489e-01, 5.677703377014771e-01, 1.367067632380047e-01, -2.597066358328017e-01, -2.113419414972680e+01, 7.646567849676238e-01, -2.251837591405693e+00, -2.260217511492707e-01, -2.502395137393026e-01, 4.799010674297643e-01, -1.712762869105984e-01, -5.131766538750269e-01, 6.430494555677931e-02, 1.045892781027529e+00, 6.109233194562186e-01, -1.241371162255631e+00, 7.342551879692802e-02, -9.747098354192231e-02, 1.973480406104055e-01, 2.320221648870404e-01, -1.053939098091773e-02, -2.358689886463554e-02, -2.163098419212485e-01, -2.351014846642627e-01, 5.167478064770551e-02, -1.472705391859746e-01, 8.509826685193485e-02, 1.357469767439752e-02, 1.588339457829450e-02, 1.098767848499152e-02, 2.929176995419459e-01, 2.564922865241179e-01, -1.802719860898608e-02, -4.227283055894153e-03, -1.688493121865320e-01, -1.327140197008028e-01, 3.572430388921509e-02, 2.224527101122388e-01, 4.619655104956303e-01, 1.771602359036865e-02, 2.309048443843467e-02, -2.211861918331307e-01, -4.046811536027078e-02, 7.568973501315666e-02, -1.707878030277297e-01, -1.505473272550855e-01, 3.864241357123918e-02, -5.478820956627684e-02, -4.723148572041726e-02, -2.409296119955177e-01, 1.438392073755205e-01, -6.369459447920170e-02, -3.229116557795668e-01, 5.647270184955554e-02, 8.504185572626655e-02, 7.201547206203679e-02, 3.641947252760253e-02, 2.309072412991977e-03, 1.626367855744463e-01, -5.621834753947282e-02, -1.068602822986960e-01, 1.326370831131495e-01, -7.905219681678047e-02, -5.060974479669279e-02, 3.753089410799718e-02, 9.319815146602682e-03, 4.601557803743155e-02, -1.753912583671136e-02, -5.638630005389408e-02, 7.090247647267979e-02, 2.662756289003214e-02, -1.178386353007608e-02, -7.439770100760412e-02, 3.956634706530606e-02, -1.664277507349115e-02, -2.426479363075074e-02, 1.583080253613179e-03, -2.120776383993593e-01, -2.271104517821575e-02, -1.475819388263427e-01, -9.080656835363729e-02, -6.514659518890975e-01, -5.301415673670122e+01, 6.186019655762572e-01, -2.190503424883518e+00, -9.835051489117544e-02, -1.088872523798761e-01, 2.088231284703678e-01, -7.452762155854142e-02, -5.175894879820829e-01, 5.669419037964713e-02, -2.470162180747018e-01, -2.545088838896585e-01, 6.559183203860478e-01, 1.373290210297947e+00, 4.934144793386798e-01, -2.086998707067671e-01, -1.702936592521532e-01, 4.815743081588718e-02, -3.255330228310196e-02, -3.131769923147331e-01, -2.483085812810748e-01, 8.849855528855559e-02, -1.133410246335989e-01, 1.316573304602926e-01, -1.082820017844054e-01, 3.701564431085250e-02, 8.331414895863422e-03, 3.643412805374306e-01, -5.852147622686905e-01, -4.632244962887440e-01, -2.746713212036648e-01, 1.897323080168760e-02, 1.289246540459164e-01, -1.833415250378620e-02, 2.820301536658262e-01, -2.269570776072040e-01, 3.028479052955538e-01, 4.264947979666975e-01, 2.793591966000044e-02, -1.152133698782291e-01, -4.823688586192888e-02, -1.755919184980598e-02, 5.114861936797740e-02, -3.133949696452303e-02, 9.154630387329335e-02, 2.786911329747028e-02, 4.843069512136249e-01, 8.716340772953954e-02, 1.439567730359769e-01, 6.999364317300165e-02, -8.090431054750520e-03, -1.635803775620020e-01, -2.373481067314126e-02, 8.871680316148718e-03, -4.562928889500153e-02, -1.034699877238599e-01, 7.549408326782582e-02, 1.020744251251200e-01, -1.067876285266385e-01, 5.223425165695111e-02, 2.740302991013412e-02, 5.402742072195960e-03, -9.121504164146574e-03, -1.680562982413686e-02, -4.706333450884898e-03, 7.183894095727411e-03, -8.824714674674569e-02, -1.874787667866352e-02, -1.597660658503335e-02, 6.076418730070484e-02, -4.003854019628257e-02, -4.484283196024197e-03, 1.478862944957295e-02, 1.382290318444658e-03, 2.620421307619806e-02, 1.792034539997683e-02, -2.043221438363397e-01, -8.996338358816122e-02, 2.094380042537790e-01, 1.704328039760337e+01, 2.005320738453066e-03, -3.225904693343177e-01, -3.905449873183356e-01, -4.323923059911575e-01, 8.292309812787652e-01, -2.959504942957715e-01, -2.362143324504702e-01, 3.332156443930327e-02, 7.319203624031055e-01, 3.498371083736420e-01, -1.184923080977542e+00, -1.018540397102968e+00, 2.285052631103169e-01, 3.071871499361272e-01, 2.492647551234128e-02, -2.054148223991098e-02, -4.211581284548391e-03, 7.137551287714886e-02, 3.825373458541277e-01, -2.214946679269773e-01, 5.177588992306906e-02, -8.620305940731765e-02, 2.080382232766526e-02, -6.585017933785206e-02, 2.553428656277740e-02, 1.954597166435631e-01, 4.470911830193549e-01, 5.358462856825627e-01, 9.656234572098153e-02, -7.861600421374527e-03, -1.702393155091290e-01, 6.923849405278759e-02, -4.028980428168445e-01, 1.006872712207653e-01, -3.196500472808427e-01, -2.721707885523502e-01, -1.424547508321417e-01, -1.265904558223263e-01, 1.099905638306433e-01, -9.390823124493239e-02, -8.490224138658074e-02, -4.247093570543146e-02, -1.394430863807946e-01, -3.946875515438880e-02, -3.652816483099584e-01, -2.472667359534184e-02, -1.655906154214905e-02, -1.810180799356623e-01, 7.314250716027991e-02, 1.434934112955030e-01, 5.287986486085200e-02, 3.188343645916791e-02, -7.397395221599952e-02, 4.880747334551330e-02, -3.368813072242400e-02, -5.081795921718443e-02, 1.659800132165913e-01, -7.173550500247720e-02, -5.242354271482474e-02, -3.905045993176059e-02, 1.452129213696329e-02, -2.027454257354633e-02, -1.510044129648802e-04, 2.573770206984679e-02, 5.677311358535325e-02, 2.440179807086368e-02, 1.657551393349234e-02, -4.597469501831233e-02, 1.399737813019194e-02, 2.203121570310317e-02, -1.754277584950444e-02, -9.684066198805088e-05, 2.510572395102771e-02, 9.739036855791043e-02, 5.318818027671452e-02, 1.094028154343964e-01, -1.058906597912714e-01, -8.617172445475793e+00, -2.174433934588515e-01, 1.237224621203339e+00, -3.119619372731464e-01, -3.453895926099195e-01, 6.623832888440729e-01, -2.364008753345188e-01, 1.932163517527966e-01, -1.689488825197154e-02, -5.328217046732088e-01, -1.879255922465432e-01, 3.983290415523175e-01, 1.860628986331844e+00, 2.618482460595002e-01, -8.389000496927991e-02, 7.524758420993899e-02, -4.857152564764059e-02, 7.177921780954192e-03, 1.026453472351159e+00, 2.276901636480145e-01, 2.557265820272707e-01, -2.298626991542740e-01, -1.146937363894934e-02, -2.047331217774958e-02, -6.790635501798777e-02, 2.003906501829084e-02, 5.640667192889648e-01, 7.785036257616130e-01, 3.851506825461240e-01, 3.677621089050839e-01, 2.730738960416545e-01, 4.192672504984541e-02, -9.895679305083256e-02, 1.710894157656198e-01, -3.848960458549653e-01, -2.737957118482772e-02, -1.989805642564038e-01, 2.885956300625830e-01, 5.109056466089427e-01, -6.209933429783146e-02, 1.942490139573856e-01, 6.216785943530075e-03, 8.202654423819083e-02, 2.318768757497972e-01, 2.693073330067759e-02, 7.507095141273766e-02, -2.210341786343715e-01, -1.859439715350381e-01, 3.440665817653972e-01, -2.385456893139511e-01, -1.109954278663550e-01, -9.231158392469525e-02, -2.549811499201042e-02, 1.288852973653906e-01, -2.234635694373891e-02, 8.502559241838607e-02, 4.299879951083846e-02, -2.208160770735241e-01, 7.373819045983986e-02, 5.320346754789910e-02, 6.731283867095515e-02, -3.503616531063562e-02, 2.294779671341727e-02, -1.616306233566117e-02, -3.288237249279995e-02, -7.297503486855736e-02, -3.096967372846536e-02, -4.574770526154189e-03, 5.867961558095288e-02, -2.058496600227588e-02, -5.111852221466921e-02, 1.939338208923932e-02, -5.041504328013706e-04, -1.789528851289325e-01, -8.157742899097295e-02, -1.439494938096288e-01, -8.036264950546770e-02, -3.940279565249041e-01, -3.206462885927906e+01, -7.662630421047335e-01, 2.646954365784591e+00, -5.251727515763273e-01, -5.814438023599022e-01, 1.115083952764649e+00, -3.979679107791013e-01, 3.382770935370149e-01, -8.425621780780965e-02, -4.852384782665881e-01, -2.657962385682975e-01, -6.724036581722017e-01, -1.884698357837243e+00, -7.091451164820560e-02, 4.091601666507254e-01, -6.023945559397867e-03, 2.208882560870052e-01, 2.041152806102948e-03, 2.415325794461579e-01, -1.251504233013757e-01, 1.807414230773564e-01, -1.123571017867932e+00, 2.681335644436044e-01, 1.970916155565185e-01, 2.105610667658688e-02, 1.344825591257263e-02, -2.615611801951859e-01, -3.211695885507807e-01, 7.115668327698653e-02, 1.125692719650815e-01, -6.501720125175281e-02, -2.061180739846487e-01, 2.706624574475588e-01, -3.271117509656272e-01, -3.015572191412705e-02, -4.632077517820273e-01, -4.500551464360408e-01, -3.886828551303994e-02, -1.872858224362059e-01, 2.987715978842567e-01, 9.496894028552856e-02, -1.227933301141425e-01, 5.006038193778707e-02, -2.890231737096002e-01, 5.186720944105269e-02, -3.628265042619842e-01, 1.541863757268317e-01, -2.184192569439777e-01, 4.342669245054201e-02, 2.385185515118383e-01, 2.701057669444578e-01, -2.612444788148043e-02, -3.972483853099398e-02, -9.751162893223640e-02, 1.934765371755184e-01, -2.779676957512246e-01, 7.159654327893832e-02, 8.084214129325491e-02, -1.741932243650097e-01, 3.247877719692585e-02, -1.008110878615931e-01, 4.714063614402814e-02, -7.629473417111934e-02, 6.231418495566856e-02, 1.024709936263695e-01, 7.901682549856262e-02, 3.853975850868978e-03, -1.295545885663349e-02, -1.031218229936623e-01, 3.897217147734607e-02, 9.286227884760750e-02, -2.190401730460322e-02, 6.103524433025435e-03, -5.938314303501885e-01, 3.406974894203909e-01, 1.071362383074377e-01, 1.131805962415322e-01, -4.797377893224883e-01, -3.903978701449619e+01, -1.777100351180597e+00, 6.979879169311112e+00, 2.041388761776733e+00, 2.260122131352291e+00, -4.334423161867841e+00, 1.546941204382796e+00, 1.263126702980659e-01, -6.929035034962056e-02, 4.873334055133456e-02, 4.164501388206466e-01, -7.804821909232253e-01, 3.144726253763050e+00, 8.932157197880640e-01, -2.203161511897342e-01, 3.542647577372212e-01, -4.198132752758041e-01, 5.513793989755942e-02, -1.800415966160350e+00, -1.824077013957392e+00, 2.162977761332527e+00, 1.491602849644911e+00, -1.499297527786442e+00, 1.348161942639546e+00, 3.350259781763148e-01, -1.132091026267952e+00, 1.437757718852762e+00, 8.992633508095459e-01, 7.552784179096811e-01, 8.070945556289516e-03, 6.116883555563678e-01, 6.707991108439111e-02, -4.160532947306129e-01, 1.003263455293026e+00, -4.015162689469463e-01, 4.808255554039783e-01, 9.730927300634017e-02, 6.448742123148077e-02, 4.631441973553196e-01, -5.618743224468954e-01, -5.697814782987866e-02, 1.319569948568434e-01, 4.084912273950265e-02, 5.064564133169069e-01, -8.393136151369505e-02, 9.573841266010776e-02, -5.632676604154857e-01, -1.412504435789684e-02, 9.640136512286784e-02, -9.066119052695817e-01, 6.840769001563232e-02, -2.103053968766618e-01, -6.686645102851552e-02, 1.591811968880217e-01, -2.438292752901358e-01, 6.008199856440311e-01, -3.515069191827380e-03, -2.981884992143734e-01, 2.373843851764752e-01, 2.032798423526799e-01, 2.459553611098954e-01, -1.356617672705510e-01, 2.473445505179215e-02, -5.970541706574613e-02, -1.533598964870705e-02, -2.276310853152486e-01, -1.171247826166612e-02, 9.090730878905974e-02, 1.133040596104503e-01, -9.694616306954237e-02, -1.173281839682714e-01, 4.839680641224900e-02, -1.913316577861644e-03, -1.612591964596370e+00, 3.317342205222681e-01, -5.236457525542151e-01, -5.819825499351404e-01, -4.021406577818563e-01, -3.272635957241700e+01, 9.854397225619956e-01, 1.209940189081124e+00, 2.352210251942951e+00, 2.604274412544144e+00, -4.994356414500513e+00, 1.782511515533137e+00, 5.856486026141436e-01, -5.278867363431856e-01, 1.070148436583520e+00, -1.052636031865718e-01, 1.269006622326893e+00, -1.863836654153728e+00, 4.400406258119287e-01, 9.358146202274384e-01, 1.449435706848103e-02, 9.161936175092874e-01, 2.033998185091799e-01, -4.030555022338168e+00, 3.711757552862502e+00, -1.878266568569541e+00, 6.499387304487480e+00, -8.869587963185918e-01, 3.728634891833017e+00, 1.149389409052718e+00, -1.460799563884399e+00, 4.634306598890859e-01, -4.583639009365848e-01, -6.709790978177828e-01, 1.363513174794685e+00, -6.708195902614654e-01, -3.299547741135297e-01, 9.742911198480831e-01, -1.865966875292553e+00, -2.728800305966095e-01, -3.914174368182051e-01, -1.819587892707743e+00, 3.419515798012439e-01, 5.165970461042730e-01, 7.203756210810066e-01, 2.361162317599294e-01, -3.558608831077398e-01, 3.851166712534003e-01, -5.094257095252918e-01, 3.918112897253757e-01, 4.482648209713719e-01, 5.572463598691882e-01, 7.330301524210700e-02, 4.405992017367864e-01, 1.792782336554063e+00, -7.275528499747244e-02, 5.315949947981963e-01, -3.751975592218251e-02, -1.656146924781388e-01, 4.478265905246929e-01, -8.931238247625783e-01, -6.197636098810068e-02, 4.636246103991358e-01, -5.706007395213887e-01, -2.157000794581563e-01, -3.319665475949183e-01, 1.349446260947241e-01, 4.114075891744198e-02, 2.997172102263778e-02, 1.587354648738484e-01, 3.849691863183211e-01, -4.750770365929275e-02, -2.027739962020179e-01, -3.358747812986244e-01, 2.420193560634306e-01, 4.403057736933313e-02, -8.954247923844739e-02, -9.153036109790921e-02, 8.487918359962586e-01, -1.174538847784261e-01, 1.168747398866386e-01, 1.362181049822185e+00, 1.364978686926747e+00, 1.110927087403153e+02, -3.075191935803078e+00, -9.138573509714670e+00, 3.180457464432937e-01, 3.519933074119599e-01, -6.752198823012848e-01, 2.408718326932422e-01, -9.730252047106235e-02, 4.281148559205365e-03, -2.037055858321282e-01, 6.107260744044251e-02, 2.687443788385749e-01, -3.265473925864694e-02, 3.880245537770148e-03, 4.787574749185450e-02, 9.424283530077682e-03, -2.372474771394087e-03, -1.192271546176399e-03, -1.244380537282495e-01, 1.573000613786471e-03, -1.082026763047708e-01, 7.123127770803130e-03, -1.555883260106165e-02, 3.421618734343122e-02, 1.990256234867532e-02, -8.419212135135900e-03, 2.973851140835334e-01, -3.926932606001710e-02, -5.646473952733998e-02, -5.920350193375096e-02, -3.843349858318398e-02, 9.659748509968534e-03, -6.849973328758564e-03, -1.531859695157182e-01, 5.774589270335824e-02, -1.435221953905965e-02, 9.099434107513324e-02, 1.608867174452108e-02, -7.817596426334364e-02, -1.063296053283486e-02, -3.066688886753816e-02, 1.073886901539120e-02, -1.510509093502397e-02, -4.960062914355187e-03, -3.726449219855678e-03, -1.511730882318855e-02, 2.739184724337787e-02, 5.707164610425268e-03, -3.883192894878194e-02, 4.749670943049971e-03, -1.198400031539178e-02, -1.461110161057304e-03, 3.956085986346462e-03, 8.700125415964419e-05, -3.793541028974029e-03, -9.306488183926520e-04, 1.976994976718395e-02, -5.841763202718744e-03, -1.462557754767035e-02, -2.063413446139065e-03, 2.853697568293124e-03, 2.314860907003227e-03, -1.117451011225849e-02, 2.267602089229493e-03, 1.339748823482725e-02, -6.068705405482784e-04, -9.969000844048048e-04, 1.325304465778128e-04, -2.639323232792836e-03, -8.346751969144174e-04, 3.970788219217250e-04, 1.031963319424161e-03, 6.187022025007798e-04, 1.939846616622256e-02, 6.848067172798372e-03, -5.357891560801249e-02, 2.778502160499881e-02, -1.592467981835395e-02, -1.295898459834980e+00, -6.403777194747570e-02, -7.549718176063092e-02, -8.756387329494112e-03, -9.694721916570186e-03, 1.859245164305143e-02, -6.635761519939631e-03, 1.597513716600102e+01, 6.347889703607962e+01, -5.829217674878272e+01, 1.524660319072580e+02, -3.068841334257639e+02, 5.459929051754266e+02, 1.015130145235659e+02, 4.322706714016730e+02, -1.872382816132034e+02, 2.761079542173705e+02, 8.881567279251882e+01, 1.904656276535830e+02, -2.501102550848522e+02, -2.115961120709586e+01, -2.768898198396936e+01, -8.138715225723730e+01, -2.423324397974272e+02, 2.452312463114143e+02, -1.004552043306731e+02, 4.412213849766479e+01, 1.311868017775226e+02, -6.996987381224895e+01, -1.779552034124672e+02, 6.577162716003424e+01, -5.468044024292551e+01, 7.851113646824763e+00, 4.080857104680811e+01, 9.763764320372422e+01, -8.471879947282086e+01, -1.258379590380383e+02, 2.384848647596224e+02, 2.367374657312222e+01, 1.678999834103581e+02, -3.032855633562892e+00, -5.123207348534788e+01, -1.115895089156722e+02, -7.333453531565301e+01, -1.364588314680015e+02, 1.257834763107383e+02, -2.340435362178371e+02, 1.191637569699940e+02, 4.132437166490585e+01, 4.518324777720535e+01, -1.767583033264900e+01, 1.390826627819859e+01, -4.393611056888293e+01, -2.290015619800044e+02, 6.018328206180617e+01, -2.966811813281677e+01, -5.009663918270320e+01, -3.666684835534718e+01, -5.057115893837462e+01, -2.208594228604132e+01, 7.612955540533476e+01, 5.816424325825430e+01, -7.833050868989010e-01, -2.890181546901854e+01, -5.747369427977395e+01, -4.951150156292466e+01, -2.865773369144052e+01, 2.761153818581954e+01, 3.492474600856003e+01, 1.687976491653453e+01, 2.184741346190969e+01, 3.752917251944511e+01, -8.345346850381911e-01, -1.099763441955943e+01, -1.072182889644932e+02, 2.577481702436921e+01, -6.904321409467410e+01, 2.396668312482151e+00, 3.947084429194237e+01, 3.499792412758773e+01, 1.758445659094394e+01, 1.224103643875672e+01, 6.323197354381495e+00, -1.171589181080153e+00, -1.392261720551699e+01, -3.684590142564301e+01, 7.803465464979246e+01, -2.174391733417000e+02, -1.193720889145159e+02, -2.091124942228996e+02, 2.098088677427245e+02, 1.749645260278818e+02, 1.033940717686322e+02, 1.674584432778946e+02, 1.639663511805867e+02, -5.213546478807333e+00, 6.113341621621394e+01, 5.167939676319524e+00, -4.112575165472187e+01, 3.275173160867879e+01, -3.382844058144115e+02, -2.439172751860910e+02, -2.112908063685632e+02, 2.275874632748338e+02, 1.317882654690988e+02, 1.692232530442587e+02, 1.423146523671483e+02, 1.527218752759495e+02, -3.691803814839805e+00, 4.358922393306782e+01, 8.302394671812908e+01, -3.217091580533979e+00, -2.360455497091824e+01, 5.589485434936208e+01, -2.477989519986613e+02, 1.595575731120638e+00, -9.459268763241853e+01, 5.574149404696838e+01, 5.538119360778781e+01, 8.779063354263999e+01, 9.600976409446220e+01, 5.934294839194694e+01, -4.285422790574621e+00, -5.593680883591390e-01, 8.998609960856186e+01, 7.253911761621379e+01, 1.779815011329006e+01, 2.258548887955993e+01, 4.158854351682338e+01, 2.339736739812707e+02, 1.926515340666506e+02, 1.213812564801929e+02, -1.258142222081866e+02, -8.026897540239979e+01, -9.777730025231973e+01, -1.190000527369581e+02, -1.299025133016719e+02, 9.617110611319494e-01, -5.219588858344044e+00, -1.028133396933270e+02, -3.792511952718342e+01, -5.118002469602736e+01, 1.710362679071462e+01, 2.308297041119669e+01, -6.223405635069781e+01, 1.282512039328139e+02, 1.805009056411073e+01, 8.712780419521769e+01, -7.336913204325296e+01, -2.138939560848630e+01, -4.708013514201811e+01, -5.122828100447104e+01, -8.968593694015881e+01, 5.641121025275729e+00, -6.475080536409916e+00, -3.869435584583627e+01, -5.684094813807963e+01, -2.505403872760646e+01, 2.315777327072252e+01, 2.374408735509957e+01, 1.132085755600577e+01, -4.813524449653159e+01, 9.147689578798904e+01, 8.248541829599968e+01, 9.204608963554237e+01, -7.158588097673493e+01, -7.771463407715737e+01, -3.605415083715724e+01, -6.154837708904604e+01, -7.086511780664766e+01, 2.246995772500408e+00, -1.138055086777102e+01, -9.968645566236908e+01, -3.734714505471437e+01, -2.190108135764264e+01, 2.744214983385501e+01, 1.644453985216536e+01, 2.615598541113835e+01, 9.839036434839310e+00, -4.980975968866833e+01, 1.197984781288184e+02, -1.794363111091555e+01, 1.030037468229525e+02, -6.590270087970043e+01, -3.739928747440810e+01, -3.139901431730038e+01, -7.182515314733571e+01, -2.875215339549743e+01, 2.901902025893945e-01, -1.925234486024106e+01, -3.441261711377605e+01, -3.255817987558984e+01, -2.120303984679835e+01, 1.943182425793374e+01, 1.494294966924560e+01, 2.079892803659893e+01, 5.379251421144740e+00, 2.141554204394182e+01, -6.266903819414701e+01, 5.552480851131232e+01, 6.991548103082098e+01, 3.129634390004363e+01, -6.305678078142112e+01, -7.227355794818050e+01, -3.613774184217400e+01, -2.580690286090176e+01, -3.489228816874800e+01, 5.850771482508283e+00, -2.266056781011450e+00, -5.277685623333574e+01, -1.434785978380621e+01, -2.171012960141129e+01, 1.804070975005637e+01, 1.082234989514851e+01, 1.561030003389985e+01, 1.595245831866716e+01, -2.071939789516364e+00, -8.632516961485647e-01, -1.561108304396313e+01, -2.283063937087038e+01, -1.306111278616928e+01, 4.874982642259992e-01, 6.486003302678529e+00, 1.205516951240760e+01, 5.246895897276495e+00, 8.275833421968715e+00, 1.679254075085218e+01, -1.304924321043872e+00, -3.492272967696908e-01, -1.779898151006411e+00, 5.039800749907442e+00, 1.832071738508883e+00, -6.527735879819424e-01, -8.261931941838703e-02, 1.328450123018350e+00, -1.481064998617886e+00, 7.597978426240447e-01, -1.468632501424629e+00, -1.212651395728804e+00, 1.039741101379378e+01, 4.641385593989575e+01, -2.699821676671684e+01, 1.989098368024802e+01, -1.783592205106984e+01, -3.883618839912704e+00, 6.665181851726290e+00, -3.653859251561425e+00, 9.552538748305298e-01, -7.557565149566174e-01, 3.699816860338761e+00, -1.412209293932990e+01, 1.439613156375811e+00, -7.703249118206830e+00, -1.576135467583861e+00, 4.719448970824141e+00, 4.218542899304320e+00, 3.198484014132552e+00, 3.939560538467025e+00, -1.298890894974900e+00, 8.744332823132330e-01, 5.481589685256657e+00, -4.601878121950863e-01, -2.490611114247268e+00, 5.785781298733940e+00, 1.229565751821723e+02, -7.615060083362644e+01, -1.304046123124365e+01, -3.275071313815691e+01, -1.420275056181519e+01, -2.020727072293458e+01, 7.815025595603522e+00, -1.545474193056853e+01, -6.161253995460407e+01, -5.542655772342091e+01, -7.475342090955367e+00, 2.532359363324872e+00, 1.214088680959130e+01, 1.720192290016935e+01, 2.268005302737536e+01, 1.517134248736555e+01, 3.131522385399307e+00, -2.370865894877518e+00, 3.571548409550921e+00, 2.531629642943318e+00, -5.994375115859320e+00, 6.680085778499047e+01, -1.935450130006989e+01, 6.802287958023830e+01, -2.075115962126684e+01, -3.210364894205015e+01, -9.439689662406584e+00, -1.075218873135523e+00, -4.861411236269802e+01, 4.574317873075946e+00, 3.641689404873600e+00, -7.532611377393550e+01, -1.544562737628991e+01, 4.707987823639687e+00, 9.999653903243134e+00, 1.117915982004123e+00, 5.773526955956584e+00, 3.298113651842538e+00, 3.206808303527930e+00, 2.804399000571287e+00, -3.284892394578047e+00, -4.673288037564249e+00, -7.056152915670025e-01, 9.320278331454011e-01, -1.617140207906751e+01, 1.124296581636445e+01, 3.307374629034908e+01, 8.671463864513797e+00, -6.700777440446873e+01, -3.047905067245805e+01, 1.183210792292483e+00, -1.326651485228745e+01, -2.106772354189755e+01, 2.107332406285147e+00, -1.314716754470357e+01, -1.748281982997576e+01, -2.349569553093936e+01, -1.393231297462993e+01, 1.972419672774284e+00, 2.152351632739265e+00, 1.135208101494362e+01, 8.600200778057864e+00, 3.965614050402411e+00, 1.231479195680200e+00, 2.327905186434053e-01, -3.371031344943914e+00, -1.587235329233011e+00, -4.712298547068942e-01, -6.951944117058561e-01, 1.818555528611334e+01, -7.819935215320899e+01, 2.797973652044564e+01, -3.664940462193450e+01, -8.299456045530141e+00, 3.147599092692811e+01, 1.609809303149686e+00, -1.619955676495874e+00, 5.528670924828416e-01, -3.218194242149401e+00, 4.430830569894998e+00, -3.510001229216966e+00, -1.315332212709800e-01, 7.287342065223883e+00, -2.331799656384878e+00, -8.258001043003464e+00, -3.599473016505242e+00, -3.554163531209395e+00, 2.321801539319579e+00, -1.407314952090796e+00, 1.338332796255506e+00, -4.053472178137723e+00, 2.414936718264429e+00, 1.242462194374872e+00, -1.331163797127682e+00, 3.116834526751043e+00, -5.783501731239780e+01, -3.999304260973445e+01, -4.905338936192722e+01, -2.960840284100011e+01, -1.628709333557663e+00, 2.217062708880406e+01, 8.117249817344709e+00, 1.938965620244167e+01, 1.452482027441828e+01, -8.117441985711421e-02, 7.943241990011578e+00, 2.973053268425132e+01, 6.074045371094632e+00, 6.305291760162584e+00, -1.878120552999252e+01, -3.172758291601559e+00, -1.154253693035311e+01, -8.066930361890179e+00, 5.454877311224339e-01, -1.705813108318934e-01, 2.814212694013020e+00, -8.029977370359807e+00, -3.154083750125217e+00, -7.078655857045556e+00, -3.440087410921039e+00, 7.211085822085467e-01, -9.410410932534997e-01, 6.254518151669117e+00, -1.087867501037707e+02, -1.020507692213511e+01, -5.142371006992578e+01, 5.761774089198696e+00, -8.547524114000016e+00, 3.191483665500884e+01, 6.303750482459306e+00, 3.235732340533104e+00, -4.136313662002249e-01, 3.730493921807483e+00, 6.905257493493582e-01, 7.296841456594468e+00, 9.573027407991795e+00, -1.253010497894201e+01, -1.001363620855095e+01, -8.777119183049370e+00, -5.844192349723899e+00, -2.854484032999462e+00, 1.171774424020248e+00, -5.088901328017041e-01, -3.192380355752980e+00, 4.999857316843773e+00, -3.047532482782728e+00, -1.415364804019557e+00, 1.967052606053759e+00, -9.294559922971300e-02, -4.399428809648956e+00, -4.279393743821434e+01, -2.990969551556930e+01, -3.664711946244924e+01, -1.582866459380213e+01, 1.276029304774552e+01, 4.559005585778174e+00, 1.382676161874319e+01, 1.928089095405145e-02, 1.850897573172849e+01, -2.551549754449446e+00, 2.174281571831573e+00, 1.565929567115024e+01, 5.267683373211867e+00, -1.023385036634406e+00, -3.542478584719005e+00, -5.372032377049560e+00, -3.448173361558878e+00, 1.207588805490471e+00, -2.189270263323503e+00, -7.465400031495880e-01, 3.666932528862251e+00, -7.528941822465544e-01, -3.902071546970294e+00, -2.030133230771685e+00, -1.636101314464956e+00, 1.859256539014382e+00, 1.333995706310859e+00, 2.611728367391723e+00, 3.182942297907938e+00, -1.492339462318802e+01, -7.971360652748346e+01, 1.233810369001639e+01, -3.248359092312388e+01, 2.308763062386662e+01, 1.193041368390459e+00, 1.227770414835461e+01, 1.325038501385885e+01, 8.521523706067928e+00, -8.976610658895530e-01, 5.851748094354066e+00, 7.999235202659627e+00, 1.455463194385550e+01, 6.130138500221634e+00, -6.730209059941928e+00, -2.458049832004063e+00, -3.048892650829762e+00, -2.566008035723725e+00, -9.392089938868224e+00, -1.163962547243077e+00, -7.819212714232023e-01, -8.784168720915717e-01, -1.307596412151276e+00, -1.579678858377377e+00, -5.173127713975161e-01, 1.533574330850268e+00, 2.308545967149810e+00, 6.671732720669749e-01, 2.751764404109457e-01, -9.504287612088702e-01, -7.075668828254315e+00, -1.127451161890387e+01, 9.313369319012880e+00, 1.491462383042924e+01, -1.439517145524142e+00, -3.256190991970750e+00, -1.785700471058129e+00, 1.459090007497256e+00, 4.539639367009758e+00, -1.278734044835666e+00, -3.423802934415364e-01, -5.420255554299573e+00, 5.029367859703508e+00, 2.897608473375609e+00, 2.014705031835267e+00, -1.366796105231685e+00, 1.611826741089323e+00, -1.312555986930481e+00, 3.814900653143086e-01, -1.050846805126243e+00, -1.002688770265409e+00, -3.093790673179636e-01, 1.668416765127436e+00, 1.952386044841582e-01, 1.875126343964117e-01, -9.537783595492228e-03, 1.250202182450911e+00, -2.888989666278963e-01, -4.717789490703215e-01, -6.009872543950223e-01, -8.794837476149564e-02, 2.001709006473527e+01, -5.882079221039734e-02, -1.065471496626411e+01, 3.443626937591393e+00, -1.495022096596639e+01, -8.271116863288110e+00, 7.670471245346073e+00, 4.534790635276151e+00, 2.687222103332215e-01, -5.982655291777703e-01, 4.588101216212800e+00, -2.046128506939854e+00, -1.282208904290089e+00, -8.531725880316607e-01, -2.954012094850056e+00, -2.391661308773005e+00, 1.046824298409110e-01, 1.947123045570406e-01, -1.110460826464501e+00, -6.961776013702874e-01, 7.068569436439921e-01, 3.488055596746355e+00, -4.092967942812987e+00, -1.195727525805216e+00, 7.706553760417312e-01, -4.758426545262829e-01, 2.644849382818806e-01, 3.770126648889285e-01, -4.608100014071085e-01, -4.040301859603790e-01, 3.237108866208096e-01, 6.362190819994050e+00, -7.353420587146415e+01, 2.609121889287618e+01, -1.034906338347612e+02, 2.495342542821338e+01, -1.611314017028860e+01, -3.439854361051647e+01, 2.709563024535595e+01, -7.548143838294868e+00, 2.443010968216759e+00, 5.975363595747513e-01, 9.230541244956207e+00, 6.684470255795020e+00, 3.441093438860602e+01, 4.665065694836517e+00, 4.751409398534840e-01, -1.381269400518904e+01, 9.320570747551951e+00, -5.972722326169174e+00, 6.144484735468304e+00, -1.024115434083524e+00, 2.524709755347343e+00, 7.767655927864094e+00, 1.200451411157637e+01, -1.933582467729331e+00, -4.308145862015941e+00, 6.815430486552377e+00, 3.180991869034316e+00, -1.711108705907456e+00, 1.802463997112191e+00, -5.500485466172059e-01, -5.192450704547283e-01, -7.260020740600018e-01, 1.550848589140509e+01, -7.829084399655501e+01, -7.023509018909725e+01, 5.282270309045179e+00, -2.864071175833623e+00, -3.329885026831872e+01, 1.664983775213176e+01, -7.947953757298402e+00, 1.905466885812733e+01, -2.540359452754035e+01, 5.354961310403874e+00, 1.168743675684511e+00, -3.356615231129694e+01, 1.464359834723990e+01, -4.544526944219024e+00, 7.167078373959682e+00, -2.536507910643920e+00, -6.168161336483846e+00, -4.421582607417752e+00, -8.419232787199595e-01, 1.681343714152398e+00, 1.871179274789768e+00, 1.550910891873505e+01, -1.737368780833155e+00, -2.373350738096740e+00, 1.137682682593641e+00, -2.239455706204678e+00, 1.852359224076996e+00, -1.302288979983585e+00, -1.674777992110697e-02, 6.652722664817224e-01, 6.529000497938243e-01, -3.296431780440543e+00, 1.179253554812069e-01, 7.435194373073188e+00, -6.606331543895322e+00, -6.625183972510177e+01, -7.056085342449082e+01, -2.496893105128485e+01, -2.796060809245304e+00, 1.089152796818840e+01, 1.287482087052047e+01, 4.154851295574075e+00, 8.171050720495302e+00, 2.767516202624679e+00, 1.210563500770310e+01, 9.767675492214677e+00, -5.817578203850712e+00, 6.921527955771136e-01, -6.299957869220619e-01, -5.472940199755990e+00, -1.138220369169006e+01, -1.813265691428114e-01, -2.604166199668434e+00, 1.638509998666101e+00, 2.903108489390798e+00, -7.661266240629760e-02, -3.694247157860873e+00, -5.605863417539098e-01, 1.559536401057446e+00, 1.294731360462665e+00, -2.429777230786769e+00, 1.313453748143015e+00, 2.391816467585902e+00, 1.093586495377294e+00, -1.423865173676718e-01, 2.887218230607191e-01, -1.873037776510682e+00, -8.603748570868558e-01, -4.406540274449473e+00, -1.751301431997242e+00, 3.085066049420278e+01, 2.312747274072526e+01, 6.440268650191975e+00, -4.284133857181404e+00, 5.079931637810546e+00, -6.865237301787658e+00, 4.345079857278106e-01, -7.043979472126815e+00, -2.006812080165287e+00, -6.002770064514674e+00, 1.080878270606781e+01, -1.066222519174917e+01, 5.487692450785138e+00, 3.732750490042440e+00, 1.742788306152394e+00, 5.595593154732902e+00, 2.710158639477661e-01, 4.899209480865911e+00, -8.644274537268202e-01, 7.419692403642141e-01, -3.477140744158203e+00, -4.284812931723079e-01, -2.709039836159862e+00, -1.755946374674754e+00, -8.942684595939225e-01, -3.249540664800429e-01, -1.328396662748483e+00, 8.391835409343347e-01, -1.114364688861168e-01, 5.239276244271410e-01, 3.210814676423597e+00, -2.843047238240652e+00, 1.458213426649788e+00, -1.622708650693382e-01, -4.479138732888299e+00, -3.412498814743125e+01, 2.229884003633173e+01, 4.508198457930903e+01, 2.930185186838981e+01, -2.582827594026070e+01, -9.176761715691123e+00, -2.752113286695450e+01, -7.499908216637023e+00, 1.833194931332618e+00, -1.448622376402386e+00, -1.384802837071251e-01, -4.505831431821624e+00, -2.627276705957851e+00, -2.187594405934569e+00, 3.143965261253190e+00, 3.749934895044951e+00, 4.332795066050104e+00, -6.398477115500147e-02, 4.322871097011911e+00, -4.536787800355602e-01, -9.520468552162094e-02, -1.108119528314390e+01, 1.041165046129733e+00, 1.617937372384002e-01, 4.052177376871016e+00, -1.442172948689281e+00, 3.014809422772450e+00, 7.639799739422283e-01, -1.340818120240394e+00, -2.362720515409762e-01, 2.424063048129242e-02, 2.465626379701806e+00, -5.718307272408776e-01, 2.841619161989207e+00, -8.208989707079835e-02, -7.571489600870021e-02, -7.398966356360908e+00, 2.170811987003889e+01, 4.816031945239688e+01, 8.046356310109573e+00, -4.640432888382665e+00, -1.057607688037036e+01, -1.418046350810361e+01, -3.595161155019243e+00, -1.470745751394025e+01, -1.604905721653533e+01, -1.542226785361000e+00, -5.822437310026610e+00, 1.125837131830151e+01, -1.062818098272197e+01, -1.389006584373190e+00, -2.150978789231961e+00, 3.740021823950262e+00, -6.120277029713328e-01, 1.519245346847790e+00, 2.326147518751957e+00, 2.586825686945862e-01, 7.478248781681430e-01, -9.446134235046365e+00, 4.357122687981319e+00, -2.268661610321230e+00, 1.067841905568099e+00, -1.100434933484525e-01, 1.651097502797292e+00, -1.674996651178109e-01, 7.922643018914595e-01, 2.118343340050839e-01, 5.168711243395253e-01, 3.089706000877521e+00, 1.629939515989585e-01, 2.158311810275876e+00, 3.635975024053831e-01, -5.623115055181493e-01, -4.409876748036807e-01, -4.931811087921379e+00, -1.704791967223870e+01, 2.449536359953357e+01, 1.991192097073783e+01, 2.256124607405064e+01, -1.213657522302218e+00, -2.608126262739493e+01, -1.702318707592163e+01, -5.878786309316277e+00, -1.436050792624560e+00, -8.437370761137583e-01, 1.575590182156972e+00, -4.867379032158398e+00, -4.448635975040739e+00, -3.684051099661381e+00, -6.679526729822612e-01, 2.973120025675852e+00, -2.270004851863526e-01, 3.038205395224193e+00, 4.891614598791909e-01, 3.942475552373835e-01, 6.675321477574662e-01, -7.639622002618341e-01, 1.994427740264998e+00, -2.638504713019641e-01, -1.711189138121621e-01, -1.400916309129188e-01, 1.171607692583221e+00, -1.304936694887798e+00, 1.056680985905573e-01, 2.976929189566579e-01, -4.384338793430750e-01, -3.776651798645376e-01, 1.371410936911354e+00, 6.005793553689682e-01, -3.805953409257161e-02, -5.248007655780670e-01, -9.519817291271823e-02, -1.755843624180655e-01, -7.382416137523371e-01, -3.854101086301396e+00, 1.514195517847009e+01, 2.762298037857725e+01, 2.415758045428101e+01, -6.512910751919387e-01, -9.676579899738126e+00, -1.503883457469870e+00, -9.305586255814703e+00, -7.064815795133260e-01, -6.046878596081889e-01, -1.073504441192356e+00, 1.945872529730575e-01, -3.437467201953796e+00, -2.412225343512309e+00, -9.805279200646549e-01, 8.006862871474933e-01, 3.818278534799617e+00, 3.096273430021376e+00, 2.984704048531663e+00, -2.112542176856680e-01, -4.123092461950183e-01, -4.508920118608184e+00, -7.922242845169862e-02, -1.543685957757914e+00, -1.462498129940320e+00, -1.171480385868406e+00, -8.989792961045914e-01, -4.053322551536729e-01, 5.884499428902807e-01, 5.144356620087029e-02, 2.291111869044703e-01, 9.360612960758179e-01, 3.791362491298802e-02, 7.569169757630327e-01, -3.911735615310910e-01, -1.739565099420359e-01, -2.988960724712568e-01, -2.324351855625892e-02, -1.318451614406122e-01, -1.778881025577251e-01, -8.546340314881439e-01, -1.314962801185967e+01, 8.902797361943071e+00, 1.314034757540327e+01, -1.712023423074543e+00, -6.392406055221750e+00, -2.038760677384358e+00, 2.234519055254825e+00, 1.456663737076971e+00, -5.579941239636659e-01, 1.545992514137527e+00, -6.622123848563470e+00, 1.653150008422683e+00, 1.960583006512428e+00, 3.048423169839149e+00, -1.359977800841021e+00, 9.625434675908574e-01, -1.054921140866613e+00, 1.069071929281376e+00, -4.642376799412383e-01, 9.722781316123566e-02, -9.924977823001594e-01, 1.086133115561095e+00, -5.280743040904748e-01, 8.346428066920010e-01, -7.818497342977374e-02, 8.343965682451046e-02, -5.319327982939095e-01, 4.025822401063890e-02, -2.447410919451519e-01, -5.790475963925069e-02, 3.437298971921297e-01, 7.358316474778646e-01, 5.310932445912379e-01, 4.003179925926053e-01, -1.172084696681788e-01, -4.811957546325477e-02, 4.313815926008287e-02, 6.951659192468568e-02, -8.396491408389961e-02, 7.654054427641993e-01, 6.057959332696050e+00, -6.183573184877877e+00, -6.180091497718476e-01, 1.178938547487436e+00, -2.896501732136920e+00, -2.441795054157743e+00, -7.269256206023684e-01, 4.174622226611692e+00, -8.811871751398096e-01, 2.870003520977419e-01, 2.440563972111661e+00, 2.076428041521690e-01, -1.609890042842966e+00, 1.241610954897210e-02, 6.113229759856011e-01, -6.258433347864577e-01, -1.637779693202310e+00, -8.805108969885812e-01, -5.181213385594650e-01, 5.779312015488566e-02, 5.808936585342772e-01, 1.941943382408833e+00, -1.701640721469761e+00, -1.295102228189491e+00, 3.159197087064864e-01, -2.552375079470639e-01, -3.695235329305829e-01, -5.056965186862539e-02, -6.577109932623011e-02, 2.837365344069174e-02, 1.440590283243270e-01, -1.065325512257529e+00, -3.063517015692724e-01, -2.147716577520766e-01, 6.053806236337467e-01, 1.803552763673222e-01, -7.887064794267430e-02, 3.472683924989158e-02, 2.127385392452788e-01, 4.608638738028144e-02, 4.705879792684006e-02, -4.741757755047057e+00, 2.106376023860966e+01, 2.578192675085177e+01, -7.903938007174339e+01, 4.209997796073810e-01, 1.009721642196612e+02, -3.673680826267886e+01, -1.767279634690642e+01, -1.577389448849727e+01, -2.026839309893135e+01, 2.259193700333619e+00, -3.689161582473986e-01, -1.468472026166642e+01, 1.131440804014639e+01, 3.343460920011374e+00, 2.643427823741611e+01, 1.430747693873637e+01, -7.126156853715649e+00, -3.568187195334821e+00, -8.827563248935111e-01, 1.671769771748795e+00, -1.383698438680397e+00, -8.414957801850512e-01, -1.024275229457182e+01, -4.883514634292381e+00, -4.684664800372499e+00, 5.915975419505028e+00, -1.510960360837110e+00, 4.805265740872185e+00, -2.665659683070519e+00, 8.421358563855338e-01, 4.959089506669254e-01, 2.263911883144197e+00, 2.313690652223559e+00, -9.000777604025426e-01, 2.492616764238594e+00, -5.399586744837558e+00, -1.198061529111821e+00, -8.963709210639309e-02, -6.375244088179171e-01, 7.485792842455250e-01, 2.419962470738634e-01, -1.316562875017203e+00, 1.165389829555541e+00, 1.509034094090436e+01, -3.346300335017749e+01, -2.220207155409500e+01, -1.635317355595795e+01, -4.619562496392815e+01, -1.942103128218154e+01, -1.929395579256712e+01, 1.012582305282943e+01, 2.327984115854874e+00, -2.149493751297395e+00, 6.585249244847054e+00, -2.282883365689167e+00, 2.475854696992600e+00, -1.677789613741089e+00, 1.231476048590007e+01, -2.846543321581953e+00, -3.376582531710137e+00, -3.315016505080340e+00, 1.012208975023240e+00, -2.248093348337023e+00, 3.828463158541156e+00, 4.863793743137322e+00, -8.571257573152760e+00, -1.547520681879459e+00, 3.422725474146832e+00, 4.621722308108544e+00, 2.743925478075326e-01, 5.141344706431519e-01, 4.784733502125141e-01, -1.553736651576478e+00, 1.323628324911943e+00, -2.749439029095871e+00, 6.233268678312356e-01, -2.073805358395713e+00, -2.564120028486842e+00, -2.412820928815170e-03, -4.226047628121052e-01, -3.224057068771366e-01, -3.908417682101694e-01, -6.751216924403998e-01, -2.491850958336475e-01, 1.071150267746147e-01, -7.820719892395687e-02, 2.446395731487966e+00, -5.319528453028523e+00, -1.346698217259295e+01, 2.941848995741982e+01, 6.868268609722649e+00, 1.374594128082717e+01, -1.782121612885893e+00, -9.188678397204129e+00, -1.263621776951812e+01, -1.005153235060507e+01, 1.062423069179109e+00, -1.630496018803004e+00, 4.153473882574435e+00, 7.909763759645525e+00, 1.197749863048812e+00, 5.347992273803301e+00, 3.566151416853910e+00, -1.780208775880739e+00, -1.836255120172969e+00, -2.755578901297647e+00, 1.056594327543678e+00, -2.175442981409665e+00, -4.160875888881036e+00, -9.540094244014640e-01, -1.333791472200162e+00, -8.892983389934900e-01, 1.522585669450027e+00, 2.609422071186351e+00, 1.827527424744066e-01, 1.255486603604088e+00, 7.496573097715696e-01, -5.949410566206921e-01, 2.744295754924472e+00, 3.268161221260904e+00, -2.472980619395128e-01, -2.418462159787683e+00, -1.118507654683791e+00, 5.300903839065576e-01, -2.013328008659335e-01, -8.880907880476572e-01, 4.370379789337516e-01, -2.893961089509315e-01, -2.784474237851529e+00, 1.730082763187674e-01, 3.353655291850544e-02, -2.244960075568772e+00, -9.231364387400806e+00, 1.261527534762821e+01, 1.362442773446111e+01, -1.465179857454663e+01, -4.346953778199179e+00, 1.027886312889426e+01, 3.447078476118478e+00, 1.471203967944785e+01, -1.657299897887030e+00, -1.657656016078921e+00, -1.846529656166854e+00, 1.447083892791626e+01, 7.316649876688116e+00, 3.258714288221277e+00, -4.489819519862878e+00, 2.866541664180512e+00, 2.663383938789605e+00, 1.330795514175013e+00, -2.253943532456026e+00, -1.196507293519459e+00, -4.664456688520113e-01, -1.620002376606869e+00, 3.118439723781510e+00, -2.452602892511306e+00, 8.686376126412466e-01, -1.077759119128536e+00, -2.291596182740931e+00, 1.587659620660156e-01, -2.924922523847162e-01, -4.579331777327902e-01, -6.901730932471390e-01, 3.340351849410511e-01, 2.039722809520258e+00, 4.151486782912226e+00, 7.500562271969773e-01, 5.526556608675053e-01, 6.427460154512642e-01, 2.216658102920357e-01, 6.248140034677405e-02, 7.479498971560963e-02, 1.523731219540859e-01, -1.476132815911049e+00, 3.768199047037383e+00, 2.909949016429437e-01, -8.090781249971548e-01, -3.377889715654988e+00, 2.361258474429617e+00, -3.587713957269385e+01, 1.065407208675203e+01, 2.852465529807113e+00, 7.870932837251657e+00, 1.813433681987700e+01, 8.337070872221870e+00, 1.078380995392113e+01, 7.919639004128704e+00, -8.909455562109797e-01, 6.169165652828880e+00, 1.297473617734151e+01, -3.933754395754322e+00, -4.074664613942475e+00, -1.158024583229763e+00, 1.608435581630319e-01, 1.556300785157791e+00, -1.982988542318542e-01, -5.014300573577953e-01, -2.211233784453739e-01, 4.286350545557763e-01, 1.831758462415266e+00, 2.359041305471168e+00, 1.437988314214686e+00, -1.431770690252153e-01, -9.221285815970235e-01, -1.685472409320025e+00, -2.219578671434014e-01, -4.522328807286461e-01, -7.308057636618899e-02, 4.806884807306848e-01, -6.627174780926581e-02, -1.059787840721466e+00, -8.049631138122584e-01, -6.735582617254193e-01, 1.120566098902366e+00, 2.042229416975773e-01, 1.536834370343218e-01, 4.985577559921380e-01, 1.937911008062447e-02, 2.186964743514095e-01, 2.944454650646030e+00, 9.678944229238354e-01, -1.457344699360652e+00, -1.229373907343031e-01, -3.171428210853189e-01, -7.330756799583036e+00, 5.752837010858591e+00, 1.497766366482069e+01, -5.100760938049684e+00, 1.052632961127667e+01, 1.921103193762370e+01, 1.788151620243750e+01, 2.210111156506729e+00, 5.439521269524855e+00, 3.125888371324347e+00, -1.121670768743756e+00, -7.151088397042904e-01, 9.753696854056875e+00, -3.209558515285251e+00, -1.467696061184500e+00, -5.449215023095258e+00, 1.174919534296877e+00, -5.359828136774391e-01, 3.150371107567411e+00, -6.904326707883218e-01, 2.671227423406848e-02, 7.611646670745881e-01, -2.589431725717422e+00, 9.960018897464296e-01, 6.773127819182383e-01, -3.455190288408793e-01, -1.911344882769851e+00, 1.619521202066327e-01, -1.444178514774291e+00, -1.754910396352658e-01, 8.693596575894973e-02, 7.897261597074273e-02, 1.050249589119050e+00, -2.133226724730518e+00, -7.443016372886757e-02, 1.669856547290821e-02, 2.636451169939943e-01, 6.390226110825943e-02, 1.599740780818388e-01, 2.048948360035392e-01, 4.865219853476731e-02, -2.712506274860332e-02, -3.727094281287291e-01, 9.666217193324581e-01, -1.122587790127741e+00, 3.482889864222590e-01, 4.947933854961470e-01, 6.863375007790128e-02, -2.123992981178093e+00, -1.017302522040983e+01, -1.697202944100863e+01, -9.014306754108731e+00, 3.995271118266730e+00, 9.383515408551242e+00, -1.956154699775916e+00, 1.034493271467436e+01, -7.862848555791527e-01, 1.206708282336466e+01, 3.055699571693062e-01, 1.107788735824305e+00, -1.417017775772202e+00, 1.615834985535491e+00, -1.210744718346389e+00, -5.433859264535702e+00, 2.569095619552616e+00, -1.804049240731529e+00, -8.587415838692609e-01, -2.904462350289723e+00, 5.259289052736336e-01, -8.204569047213786e-02, 2.175809090994197e+00, 2.181474644779763e+00, 7.700963154557862e-01, 2.437380206062058e+00, -7.043317302962844e-01, 7.696987677892799e-01, -3.591853525899107e-01, 1.555318978801911e-01, 2.123741235804295e-01, -8.784899033676064e-02, 4.005162259625116e-01, -9.421488123867161e-01, -3.994895284666566e-01, -2.806642190075934e-01, 1.671512410597007e-01, -8.669028515708221e-02, 3.933148211720805e-01, 9.323452603892531e-02, 4.369897277502554e-02, -6.289324490071163e-02, -6.814078696258028e-01, 3.434657134187800e-01, 3.242640422184089e-01, -3.546994611122079e-01, 4.645153278222325e-02, -1.747595773212526e-02, -2.489172617055277e-02, -1.192022430068181e-01, -7.527336168955039e+00, 4.631029968358026e+00, -6.332211093298075e+00, 1.263552831429550e+01, 4.971366368822538e+00, 7.499480452024438e+00, 6.312888431189166e+00, -6.891334680126399e-01, 6.982814066933185e+00, -2.726429410988057e-01, 3.820730381971682e+00, 8.052186289309347e+00, 1.988206674477911e+00, -2.794942959751603e+00, 2.580892407484786e+00, -1.782346228275515e-01, 9.532432524309163e-02, 1.833836184034468e+00, 1.747867087313839e+00, -2.467827829174517e-04, 4.323506375919546e-01, -4.814900660579773e-01, 7.706482914187562e-01, -1.282878961560519e-01, 1.164452184279492e+00, 4.301812845570500e-01, -4.453573434137704e-01, -2.821547907125655e-01, -1.182037434382501e+00, 7.075109162774748e-02, -6.789173783834773e-02, -3.292217188734307e-01, 1.976814573598129e-02, -6.932485356625820e-03, -7.062481226067846e-02, 1.075904486389877e-01, -2.051746298297431e-02, -2.264603723401416e-02, 1.948004149371659e-01, 3.589734194814068e-02, -3.800658670037192e-02, 1.112184360931890e+00, 3.883951028996284e-01, 1.812222109708476e-01, 3.401612144942802e-02, -5.121502014508319e-02, -3.141770289502580e-02, -1.061985017092155e-01, 7.266366776731635e-02, 9.402299964960097e-01, 4.795380803348386e+00, -8.967965832447215e+00, 5.346830195753115e-01, 5.807168230465307e+00, -4.071908153644995e+00, -5.141085490311650e+00, -3.199572331566456e-01, 3.651575655280844e+00, -9.133282613082071e-03, 1.949897976794729e-01, 4.039801076952148e+00, -3.510015075631119e+00, -1.862835570418728e+00, 2.838203071939635e-01, 1.583293542243512e+00, -1.429251253757559e+00, -1.855293298922403e-02, -6.399449839143674e-01, 8.776683889469340e-01, -3.453397426483503e-02, 1.250465527717374e+00, -3.402013903215042e-01, 2.964332818798290e-01, -9.664428985382715e-01, 7.384455401194528e-01, -2.207012563241584e-01, -8.680772623776848e-01, -5.096839414781315e-01, 1.070320023202693e-01, -3.529815022220831e-02, 1.899255045753583e-01, 7.330285614449614e-01, 8.696124550013323e-01, 1.166682445278494e-02, 5.397531211518708e-01, 4.837501212433966e-02, -1.187113005769435e-01, 1.845460739615950e-02, -3.437271550763814e-02, 6.944012353824650e-03, 5.598706668946712e-02, 1.093918860159565e+00, -1.170445824602818e-03, 2.838092625410753e-01, 2.381874504850617e-01, 1.344202518810469e-01, 5.414025238130387e-02, 3.362987032417587e-02, -5.219578120069580e-03, 3.964378111821229e-02, 7.496920404204374e-01, 2.347171816378786e+00, -8.178704417743697e+00, 7.062700049769197e-01, -2.719590916615283e-01, 1.183960627158351e+00, 9.457768404532326e-01, -2.533828370521415e+00, 2.768879449233812e+00, 1.469639662349729e-01, 4.220014753196652e-01, -6.645673552813090e-02, -2.015626587382385e+00, -8.145969795425677e-01, 1.680360547443382e-02, 1.211039729469678e+00, 7.044723916005140e-01, -8.166832495968741e-01, -7.584763222088430e-01, 1.943477527455439e-01, 1.702096543853232e-01, -2.697392233824014e-01, 1.566859516421747e-01, -5.759646927031593e-02, -7.569159405068925e-01, -4.489723824887245e-01, 1.682219852965962e-02, 1.379952471072640e-01, 5.364821201890086e-02, -1.849495512756298e-01, 7.327890226394247e-02, -1.051106438577694e-01, -6.602990612124882e-01, 8.150339037999141e-02, 1.077629021486069e-02, -1.170373400135744e-02, 6.491590674679558e-03, 3.760944867021884e-02, 1.544191847963554e-01, 4.393887937513430e-02, 4.078430796728376e-02, -1.861051551645489e-02, 6.110127388110423e-02, -1.618842119102186e-01, -1.183100782889281e-01, -5.101988814577103e-02, -2.091863158472808e-02, 5.807741839213800e-03, -2.935266881713779e-02, 5.353760530291191e-05, 2.428182759450956e-02, -5.951679527303228e-03, -5.641757084203920e+00, 2.271297311625767e+01, -4.866620924884259e+00, -5.336515075861207e+01, -1.582801776695721e+01, 3.051232233615580e+01, -6.241290227707472e+00, 1.535131201881688e+01, 1.708559048890547e+01, -1.012229078116684e+01, 6.138809530180251e-01, -8.455404314392261e+00, 1.190830188690368e+01, 1.248749476913002e+01, 9.776582531309559e+00, -1.250925902438958e+01, -3.106312261642159e+00, -1.500506458166546e+00, -5.495896591165503e+00, 1.807397611490179e-01, -1.664560324988969e+00, -1.080222283385517e+00, -2.051966017167077e+00, -9.132105050919064e+00, -4.635397840459053e-01, -4.903065248659400e+00, -8.686358406728815e-01, 4.496172185764477e+00, -2.233828882365233e-01, 4.056998039542863e+00, -1.938316870764804e+00, 7.200541702369420e-01, 1.487341863978771e+00, 2.893458537866695e+00, 2.936364825717228e+00, 2.267170805246810e+00, -1.352984053596791e+00, 1.640229944939934e-01, -1.046987961580150e+00, -4.850382337821990e-01, -8.198338862819554e-01, -3.317721025610240e-01, 2.959750391409750e+00, 3.204997595812262e+00, 5.499748986581226e-02, -1.754247253648426e+00, 2.293198973200600e+00, 7.995836476269963e-02, 1.349515215420917e+00, -5.783758936167428e-01, 4.146166540569254e-01, -2.340613650082660e-01, 3.451688258797064e-01, -2.949721099884334e+00, -6.095629425389476e-01, -4.818623964338724e+01, -1.971307616786795e+01, -3.521537351569885e+00, -3.663648480870426e+01, -6.697894240624003e+00, 2.605943021088927e+01, -6.743081949505408e+00, 1.310844198826916e+01, -9.144108364341279e-01, -2.559110944437296e+00, 9.582028156575653e+00, 6.302344865000019e+00, 1.318325710928484e+01, -6.291427296256107e-01, -2.151401357772376e+00, 4.952429790921913e+00, -7.311735793989736e-01, -2.917923482131832e+00, 3.383032405325178e-01, -1.825239996960601e+00, -1.136073346065050e+00, -1.302711688192814e-01, 3.842041281920182e+00, 2.085069073279413e+00, 1.582519346609211e+00, 2.696334434652625e-01, 1.812869102935348e+00, -5.763042183558034e-01, 7.079957967024689e-01, 3.869140297999283e-01, 3.112640334584822e+00, 7.864136744158393e-01, -8.178799067702394e-01, -1.392324918649129e+00, -1.660211734139389e+00, -1.640500586738033e-01, 1.008679170202367e-03, 8.745779244883167e-02, 5.848914766130465e-01, 4.614784006576262e-01, -1.352277780929118e+00, 6.042876744175946e-01, -5.551093375098023e-01, -6.525181539268929e-01, -1.934326835442989e-01, -7.031697123435853e-01, -9.281022136326662e-01, -4.190639396519231e-01, 3.454424062581220e-01, 1.347403903275942e-01, -1.111673108411494e+00, -1.457017784591795e-01, 1.584879061815332e+00, -9.339648700873344e-01, -2.878179313139628e+01, 2.706652058597498e+01, -1.591313993840161e+01, 9.375879029091891e+00, 3.639382893964962e+00, 5.489310607803116e+00, 1.026765654341646e+01, 2.583554381881802e+00, -8.540957388639427e-01, 4.512107749071832e+00, 3.259096706184269e+00, -6.288326324979037e+00, -1.767177757034005e+00, -6.178053353253232e-01, 2.342968036204707e+00, 2.283185833926326e+00, 9.605728872140413e-01, -1.534649791397888e+00, -8.712929853106467e-01, 1.373981787019174e+00, 7.039493668596682e-02, -5.421185249290458e+00, 5.295930008274616e-01, 2.591689323009607e-02, -1.869106615284608e+00, -2.040273853174577e+00, -1.670154056357391e-01, 2.082514866096612e-02, -6.359336372793950e-01, 8.613984159099973e-01, -6.987726460176233e-01, -1.484260135553320e+00, -1.664481756671469e-01, -3.730600123974473e-02, 1.390550643140078e+00, -1.194540181783573e-01, 2.847458728244047e-01, -1.706038863260704e-03, -2.680374560931897e-01, 3.213327365664899e-02, -9.358015836444643e-02, 3.002266933635999e-01, 1.448224228270614e-01, 9.994552820612363e-01, 1.999680343562726e-01, 4.832994164655543e-01, -4.008594364280345e-01, 2.403541271573098e-01, 8.604606057741745e-02, -4.523887218012412e-01, 9.097136285975487e-01, 8.446725042810147e-01, 4.603391041337294e-02, -1.752055924255860e+00, 1.725790498112108e+01, -1.996888658373009e+01, 8.824618186447093e+00, -9.820718316244374e+00, -7.759521324815116e+00, -2.087463260955053e+00, -5.810807115081387e+00, -7.420146581421398e-02, 4.301156015506726e+00, -1.149634705602351e+00, 1.706449164240861e+00, -6.857760566829116e+00, 1.009455905953153e+00, 6.248849593091225e+00, -2.105328558450982e+00, 7.968001585472292e-01, 5.092851177959506e+00, -7.756030317684307e-01, 1.365834619898992e+00, -9.041547648561019e-01, 8.626597185916924e-01, -1.766306479174528e+00, -2.071536184965086e+00, -1.410874772440742e+00, 3.266202676908148e-01, -2.125480244408529e+00, -4.070007408495870e-01, -1.197999421171442e+00, -2.157670116800100e-01, -3.914961960094523e-01, 3.212962565946998e-01, 1.531410206107314e+00, -2.884339994728527e+00, 2.963722982104119e-01, 5.172489721635355e-01, 7.238249526783008e-01, -5.429758175792544e-01, 4.124562532420550e-01, -8.803654055680803e-02, -2.768221495246466e-02, 3.498798650901359e-01, 5.704386740914736e-01, -1.494491409346037e+00, -2.048178786322676e+00, 6.090814112603382e-02, 1.649481322721544e-01, 4.000535272943050e-02, 1.002196067445723e-01, 1.841517837462660e-01, 9.054262088129603e-02, -4.546413339073411e-02, 1.261758267626053e+00, 4.654763131486673e-01, -2.427934611572967e-01, 5.023581414564030e-01, -4.887277555776526e+00, 1.033693621538941e+01, 7.176846097884925e+00, 2.030468134318182e+01, 1.896693045148421e+01, 2.567189300174371e+00, 6.033461550828448e+00, 4.013522795961858e+00, -1.330836384698810e+00, -6.953353722102662e+00, -1.118781057461103e+00, -3.360837688404264e+00, 4.081781244763718e+00, -2.719675035568460e-01, -6.651197257541498e-01, -1.844655527200602e+00, -1.777343632748301e+00, 4.603119346657651e-02, 1.175398738948499e+00, -1.369002644088234e+00, -7.759379040485862e-03, -1.399561020478321e+00, -1.691629694997566e+00, 3.796238609926345e-01, 7.716900910831097e-01, 5.219364669086037e-02, -1.823695185302551e+00, -9.580433766581314e-01, -3.571908760027125e-01, 1.008738898298291e+00, 1.046061890198317e-01, 6.239734423906139e-02, -1.286252834354841e+00, 2.061029846379990e-01, 7.541851540361526e-01, 3.924400822745790e-01, 7.016587578178467e-01, 1.202694326253199e-01, -1.498693775848161e-01, -1.328642455027725e-01, 8.455163809895472e-02, 5.281685262669901e-02, -4.398980225130306e-01, -3.419961683203975e-03, 9.356856375382476e-01, 8.449719175801863e-02, -1.011496157380327e-01, 1.440742118646425e-01, 1.175241101800383e-01, -2.404275644285667e-01, 1.047271815519793e-01, -5.840133662104595e-02, -3.454657174884596e+00, -1.041377369861954e-01, -1.552338933150020e-01, 1.686479550413744e-03, 4.431488146025208e-02, -4.691317715917218e+00, 1.050498907875194e+01, -1.467406283620895e+01, 1.591353122397778e+01, 2.462082036735398e+01, 6.557897186478669e+00, -4.028066912008939e+00, 3.314224234113647e-01, 2.080673411887076e+00, 3.955478883416002e+00, 1.143350788543437e-01, -2.289577730323102e+00, -2.306709760741256e+00, 2.156109222757858e+00, -2.049243700948506e+00, -3.408242303622787e+00, -6.328204023014719e-01, -2.592918145209151e+00, 9.449310207628071e-01, -8.552183066410552e-01, 3.158640158822335e-01, -4.495897724241715e-01, 1.108712883343202e+00, -7.494013983572421e-01, 2.112380100005910e+00, 2.380079240263299e+00, 4.435251098740001e-01, 9.699749314517693e-02, -8.660955127582134e-01, -3.738912449308370e-01, 1.564564373134922e-01, 8.161662593752425e-02, -1.141305063799134e+00, 8.060654202093228e-01, 8.278438766486793e-02, -6.682860961768567e-01, 2.173984977828487e-01, 1.214770020881796e-01, 2.943327071501892e-01, 1.382517796313171e-02, 6.947532304556113e-02, 2.562951208703360e-02, 6.242874321461301e-01, 3.138495355908130e-01, -3.397528065307584e-02, -2.455771870904140e-01, -1.743864016148348e-01, 2.920672952645966e-02, -9.049247552552911e-05, -4.901488194203386e-02, 4.800667722065897e-02, 6.254086083795814e-03, -1.784016002672299e-01, -3.909377809676085e-02, 4.458334892587907e-01, 1.874939282021608e-01, -2.383173859908581e-01, -4.937185254249317e-03, -1.542029101546065e+00, 5.350949255593258e+00, 1.767262156325251e+01, 3.829323335705202e+00, 5.394015911726616e+00, -5.101654010356261e+00, -7.403353906506528e+00, 1.015194778701912e+01, -1.534878399372648e+00, 8.878668604810576e+00, 4.874950239827101e-02, -2.436957687293037e-01, -1.588081405954106e+00, 2.077031233482990e-01, -3.442823198380956e+00, -3.743298466579145e+00, 7.153053454484086e-01, -2.190586269563787e+00, 1.439830279537349e+00, -1.274703082379536e+00, 1.871346184734900e-01, 1.507303642057277e-01, -1.142539150509046e+00, -1.450171724797144e+00, 2.051220553384248e+00, 1.994135970734981e+00, -2.824289394291145e-01, 7.286907976684861e-01, -2.829555644932215e-01, 2.622675087244604e-01, 3.826275298104395e-02, 1.392751573792029e-01, 1.447309937733904e+00, -5.029540104618009e-01, -7.415453295727921e-01, -9.590431637919670e-01, 4.374242808068372e-01, -2.390919350054245e-02, 6.030716588922579e-02, 2.506797042189942e-02, -2.128541940533406e-02, -1.323812869276256e-02, -8.807684284740696e-01, 7.013234882147465e-01, 3.504516640240523e-02, 8.803497931457145e-01, -4.718739131876015e-02, 3.153877524129664e-02, 9.081567288094752e-03, -9.162371718102204e-02, -1.357510479609540e-02, -1.499665613855643e-02, -8.364106894576662e-02, 1.846521885949396e-01, 3.176551980433956e-01, -3.554522610114201e-01, -3.334572913775297e-02, 6.441489269078431e-02, -4.713492898710867e-03, -2.762892415966902e-01, 5.677730088362515e+00, -1.087405610606265e+01, -1.446867329279116e+01, 2.109318326416304e+00, -3.956071216324693e+00, -5.925824374740716e+00, -4.116740263506939e+00, -3.547442017452247e+00, -4.322995375903307e-01, -5.518224453046203e-01, -1.907225142255668e-01, 1.392993067187701e+00, 2.683434491849832e+00, 1.901586311932822e+00, -9.716118848868551e-01, -1.092588291491614e+00, 1.925839248930507e+00, -7.656856327578072e-01, -3.711619856644423e-01, -1.352776011593121e-01, -3.860152956647542e-01, 2.029434723675723e+00, -1.432810529775306e+00, 1.549266613914748e+00, -1.190052708062581e-01, 3.808003370021408e-01, 1.015085219808348e+00, -2.224505009195857e-01, -3.979481770201315e-02, -2.348642562412327e-02, -4.483382921527019e-02, -2.752922767538545e-01, 2.469801461140566e-01, -5.060775832214913e-01, -3.224495871001284e-01, -4.455732741289568e-01, -1.116037744016791e-02, 7.155122568516212e-02, -6.475924159242882e-02, -1.114435330889878e-02, -3.535734450228992e-02, -3.988841642840040e-01, -2.292016585196019e-01, 2.921666619919391e-01, -8.403526596984955e-02, 2.479326068637151e-01, -3.050448862397796e-03, 1.730328241212461e-01, -5.662617672192404e-02, -8.763754720972197e-03, -4.358730880509035e-03, 3.492770339526595e-01, 1.699986474031464e-01, -1.886745675154647e-01, -7.062133653704443e-02, -3.684303469647738e-02, -2.853890973122083e-03, 4.949420027141193e-02, -1.102106489492614e-02, 1.168416886426826e+00, 4.085666544619681e+00, 1.245374932505150e-01, -4.289529368370560e+00, -4.399372509845559e-01, -7.025342586290562e+00, -3.180436462587114e+00, 1.807081246058681e+00, 3.289325827262292e+00, -1.845644143074553e+00, 4.739295676911680e-01, 4.124573462447863e+00, 3.492309552716491e-02, -3.341947883360838e+00, -1.100855238736538e+00, -1.589132242670823e-01, -1.387826774535035e+00, 8.419360812824690e-02, 8.520353376532493e-02, 4.677950926257649e-02, 1.625180340319764e-01, 1.627197901747853e+00, -2.271435086495361e-01, -7.137549840941051e-01, -9.361118352896862e-01, 4.886315239434538e-01, -3.205363688420965e-01, -7.606425678948290e-01, -2.290105482815245e-02, 1.541109555706554e-02, 6.702640572390833e-02, 2.611456947074995e-01, 3.249588403670092e-01, 4.355893923719776e-01, -3.104560192422969e-01, 3.832244725381591e-01, 1.634598238790911e-01, 2.185981662880051e-02, 1.055545119631754e-01, -9.336841490519385e-02, 5.292059794921911e-02, 3.187106683503943e-02, 1.050169195474970e+00, 2.241307816861908e-01, 1.554573260613744e-01, 1.271778106622645e-01, 2.017430898392880e-01, 1.018155463589187e-01, 6.531615115233141e-02, -1.079461129107308e-02, 5.819584316238985e-02, 2.370880695747091e-03, 7.524679089134734e-01, 9.893478439228628e-02, 2.273447007041529e-01, 6.558686169632982e-02, 9.470231066431209e-02, 6.273876461179834e-02, 1.004910077475416e-02, 1.497334818202379e-02, 6.430493073554865e-02, 6.164849038394511e-01, 3.693814369819411e+00, -1.770206378088949e+00, 1.694667381300069e+00, 1.371768123347453e+00, -1.182971281715613e+00, -1.677536374858692e+00, -1.614665980545793e+00, 5.084027353410893e-01, -8.461649585609670e-01, 3.504588135339137e-01, -7.845792901904535e-01, -7.088371729141986e-01, -3.381221536858164e-01, 8.476870902960348e-01, 5.705784299692547e-01, -2.178957372994068e-01, -2.646567378340609e-01, -6.494308394748876e-01, 3.219300100014330e-01, 1.402778617782816e-01, -4.077508355800714e-01, 5.626917094278838e-02, -2.267886961068712e-01, -2.474026605572762e-01, -4.008776624130672e-01, -2.208895681345789e-02, 1.547255793582006e-01, -9.833812653574908e-02, 2.358600120935593e-02, 4.524391331588796e-02, -1.233537344001925e-01, -1.665698438758752e-01, -6.484410061639216e-02, -6.661543960405333e-02, -7.611304492254523e-02, 6.993688026927229e-03, 1.901719146030010e-02, 8.216275779117694e-03, -1.812204313398755e-02, 8.067594920728206e-03, -2.848926437053171e-02, -3.283493494117440e-02, -2.629456586278416e-01, 1.260075735196239e-01, 4.388596067608586e-02, -7.676398539506869e-03, 7.466971517138872e-04, -1.347741014448430e-02, 1.610742562054393e-03, -1.004986373443914e-02, -2.816820034794971e-03, -7.135088012195347e-03, -3.850991778788679e-02, -1.054321921144533e-01, -9.575472494827923e-02, -2.558191743662922e-02, -2.558472731561958e-03, 7.559085444787157e-03, 4.986234932015427e-03, -2.358674564868253e-02, 1.583117688151378e-03, 3.839288280449732e+00, 3.483943237809802e+01, 3.789035935591657e+01, 1.857420315110141e+01, 4.279312804685160e+00, -1.140571420965868e+01, 1.991284426239073e+01, -1.284674064713990e+01, -2.709538100888354e+00, -1.480728533577009e+01, 3.173326533839585e+00, 1.881262850098280e+00, 1.469050937686415e+01, 3.389281099163404e+00, -4.630547286260723e+00, 5.870330843918853e+00, -1.038681535035911e+00, 1.521594925847982e+00, 7.265904276129080e+00, 1.258548103175021e+00, 3.132516682243116e-01, 2.137276814604955e+00, -1.780864149932993e+00, -1.325927468057983e+00, -1.633758645337491e+00, 2.433011562945731e+00, 1.644044133259925e+00, -2.609806481307506e+00, -9.518814218459041e-01, -5.440572861325632e-01, -1.205589507677760e-01, 9.409927206541451e-01, -3.558920156219468e+00, -3.017627949194329e+00, -9.684745210738885e-01, 1.056720996627325e+00, -1.003877950171894e+00, -1.398490742828099e+00, -1.724153030962621e+00, -1.907175794674138e-01, 1.355215457046999e-01, 5.083130730754272e-01, -1.339525236995117e+00, -1.542979904568337e+00, -2.572782962811576e+00, -5.602604805050517e-01, -2.739791167863418e-01, 4.107405383635545e-01, 6.608223808157820e-01, -2.809760229199166e-01, 1.628256009340842e-01, 4.366028642666164e-01, -2.865776264842073e+00, 2.328213172307013e+00, 2.267537287357015e+00, 2.783442646822489e-01, 1.483941192236249e+00, 6.883910809961635e-02, -7.069812303918754e-01, 3.520813264953850e-01, -2.163108716440475e-01, -2.120776915259749e-01, 8.658479287164521e-01, 1.920644132494185e+00, -3.587110135515746e+01, -1.479608727995893e+01, 3.038160927440800e+01, -6.683471445557390e+00, -1.603218805668667e+01, 9.994898184624210e+00, 5.241745873468394e+00, -9.701569933061682e+00, 1.072989833200810e+01, 1.422011377312772e+00, 5.018449509268039e+00, 1.205532477894197e+01, -3.543407889531291e+00, -7.356997165223532e-01, -2.864218632438264e+00, 3.162678587513588e+00, -6.742627607461781e+00, 8.970002356628903e+00, 1.307664747231005e+00, 7.766192114173657e-01, -7.011121188164917e-01, -2.264209032339497e+00, -9.438948981652304e-01, -1.392215902957851e+00, -3.346340635312356e+00, -1.112615341464086e+00, -6.021793877348456e-01, -1.561525181549411e+00, 1.619665148513620e-01, 1.081080541686870e-01, -4.533295152731499e-02, -1.742701112806648e-02, -1.962794535624219e+00, -4.080509927209191e-02, 9.619341580952706e-01, 6.496208788741685e-01, 8.837317003230896e-01, -6.086845180674312e-01, 8.997154124608703e-01, -3.137433633105943e-01, -3.364448762029577e-01, -9.963770690331797e-01, 1.278853539264071e+00, 8.303538785091347e-01, -9.363406575220000e-02, 7.227546619623791e-01, -2.301048144655466e-01, 1.061165427290169e+00, -9.922908016578909e-02, -1.749013217381296e-01, -4.658316140704380e-01, 3.498865486943994e+00, 7.150874673464788e-02, -1.223795868561210e+00, 1.032440987024477e-01, -1.078119527373389e+00, 4.964108518000939e-01, -2.959338312227109e-01, 8.028280004221801e-02, 2.351019279580087e-01, 2.271141435591757e-02, -1.016340120135221e+00, -6.339962122521614e-02, 6.248276846079577e+00, 4.776015966086906e+01, -1.505029070132345e+01, 3.331536985169053e+01, -3.018789234714994e+00, -4.385401621493111e+00, -1.234649770165095e+01, -9.191476305467082e+00, 2.932794000822719e+00, 1.446547013570967e+01, 1.371974804908142e+00, -6.695709476341674e-01, 3.912582765071119e+00, -5.271765519661098e+00, 3.078433363539953e-02, -3.594934787453000e+00, 3.109408483971660e+00, 4.535202719384881e+00, 2.828654216736955e-02, 2.106292274866417e+00, 4.906528362062683e-01, -1.027140879417827e+00, 2.267895782939748e+00, 1.350383871488264e+00, 1.919391789171239e+00, 9.410629696916492e-01, -8.917054727358047e-01, -7.339359635015394e-01, -7.297357029931471e-01, -2.523127383130284e-01, 9.673286773993937e-02, 3.864638349610918e-01, -2.425402015561986e+00, 1.223760013799053e+00, -8.486635517704599e-01, -1.594828503451266e-01, 5.096347609794204e-01, 1.430931971357843e-01, 2.812451977781346e-01, -2.396718892960855e-01, -2.314016380604582e-02, 5.578152463407307e-01, 2.519287200539251e+00, -1.500457255611521e+00, -8.059182055775375e-01, -1.324587696651404e-01, -6.472168911930498e-01, -3.931685385926304e-01, -1.923465355344469e-01, -3.039250447195243e-01, 8.914213429660157e-03, 1.698101506676836e-01, -2.200685389490425e+00, 8.698548042441901e-01, 2.501705604834240e-01, 4.967447646367233e-01, 1.911702381272270e-01, -1.890689028058194e-01, 2.094999646035929e-01, 1.818244629674099e-01, 5.167393046973076e-02, -4.162890955023646e-02, -4.661699417600403e-01, -1.215008623868579e-01, -6.299761610181139e-02, -1.222352439821059e+00, -1.420909674368663e+01, 1.297822103230191e+01, -1.958301913371467e+00, -2.053813228647905e+01, 6.869311711397382e+00, -4.417309960367079e+00, 1.366687260064864e+00, -5.286760006989622e+00, -6.115660536892565e+00, -7.685094763249123e-02, -9.060183023085754e-01, 6.680764857565947e+00, -1.515354630845739e+00, 5.292885379325025e+00, 2.573091964183971e+00, 1.884422278498613e-01, -1.287226463682087e+00, 1.149001084033790e+00, 5.906710597821013e-01, -2.361171881873377e-01, -1.042265139499167e+00, -5.977790481504967e-02, 3.708009857371340e+00, -1.148480985677471e+00, -6.860894887793882e-01, 1.565216959005983e-01, -1.176364777873536e+00, 9.431724539064136e-01, 1.273004763658850e+00, -2.586643598695537e-01, -6.396835252902322e-01, -4.627393902246847e-01, 2.638631432674563e+00, -1.017529901372189e-01, -5.145235712060579e-01, -2.187806920318691e-02, 5.190334961383206e-01, -7.561381417745305e-01, -5.089961182444712e-01, -2.372416104933018e-01, 9.151469119581593e-02, 9.578086030138662e-01, 6.031779159751363e-01, 1.940419576252210e+00, -1.908395813532733e-01, -3.297994820826375e-01, 2.107393112768206e-01, 2.629204285118721e-01, 3.805239834457350e-02, -2.386603680112328e-01, 2.125783370795051e-01, -1.753730693389370e+00, -3.669147995025793e-01, 1.213669663201323e-01, -5.636879831039235e-01, -3.910813774346815e-02, -2.825374770949162e-01, -5.024955946298830e-02, -7.611155250022171e-02, -1.472709894404633e-01, -2.975080666931279e-02, 1.943483893872516e-01, 2.347727400622681e-01, -9.275812940565510e-01, 9.420066166594326e-02, -5.446724326605202e+00, -4.728170313006729e+00, 2.780781773190716e+01, 3.193825955718836e+00, -3.521320073788609e-01, 2.552842420900625e+00, 1.852501802577472e+00, -2.702096738531286e+00, -3.068477022246388e+00, 1.034342666176471e+01, -1.201921673979081e+00, -1.444700670480851e+00, -1.156692379864939e+01, -3.202531932701984e-01, 6.191097321808484e-01, 3.231758964132029e+00, 6.125857657847533e-01, -7.918969332343306e-01, 2.136278759054962e+00, -7.363988801970651e-01, 4.785020252700493e-02, 3.247957312252385e-01, 1.251359803664448e-01, -1.124194728771958e+00, -1.625057576331993e-01, 5.723807472300458e-02, -1.165286614047108e+00, -1.493575410558069e-01, -7.149903888545369e-01, -6.506216773265967e-01, 1.238874021851572e-01, 7.043646962441275e-02, 1.819254545539843e+00, -2.005098815334356e-01, -1.232826258318144e+00, -2.618679279339018e-01, 3.768104712623206e-01, -1.701758272491868e-01, -2.255968052574006e-01, -1.804026483606099e-01, 1.885579688143884e-02, 8.151729298191326e-02, 9.447089726670594e-01, -4.553653545485138e-01, -1.479179629457684e-02, 1.273810954343152e-01, 2.151594391884728e-01, 1.348957215823794e-01, 2.104587235868470e-01, 1.866852610782833e-01, 2.191695865332320e-02, 3.791536383712398e-02, 1.732786040740442e+00, 7.637242090331487e-01, -9.264159483269819e-01, 3.444528166664396e-02, 7.917026877126483e-02, 1.799052002587386e-02, -8.561438983876576e-02, 1.922758016706644e-01, 8.509932886804915e-02, -8.123053327977793e-02, -2.272801005510032e-01, 7.008606406202577e-01, 9.744115275157669e-01, 1.925903205473316e-02, -2.066769930820108e-01, -4.490355115967100e+00, -1.201572901046374e+01, 1.140045906797656e+01, -1.816814793050554e+00, 3.888454492058893e-01, 1.421836567582113e+00, -5.129263406604318e+00, 8.298742474673212e+00, 2.663690554980592e+00, -1.138198066666062e+00, 5.500745116550837e-01, 5.473645991618216e-01, -2.922482467706093e+00, -8.044362865851590e-01, -6.107177516323389e+00, -3.083931924995082e+00, -1.376490136039977e+00, -2.150250045725939e-01, 5.216820338103494e-01, 1.068778418801877e+00, 3.931333737764464e-01, -4.312960720426444e-01, 1.655532257017538e+00, -1.588849233380369e+00, 6.217456483641048e-01, 4.406280902934918e-01, -6.312985314634851e-01, -2.869536858555062e-01, -9.309641162999330e-02, -6.968218962341782e-02, 1.036955116838543e-01, 1.743993522992056e-01, -7.281529683731883e-01, 4.019678983884035e-01, -7.189418070982748e-01, 1.890695450869370e-01, 2.488244162999866e-01, 1.393155949729906e-01, 6.145132306953560e-02, 1.737984995113366e-01, -1.395855074626942e-02, 3.254464402043059e-02, 3.335019390597379e-01, -1.004792090244559e+00, -6.375036721546722e-03, 1.489146347949483e-01, -2.048837333875530e-02, 2.723626539406720e-02, -1.352462411800933e-01, 1.282046567722583e-02, -3.876585718299400e-02, -3.013691289588043e-02, -8.287099293003778e-01, 2.456282736329360e-01, -8.460681470334427e-01, 3.482765200627396e-01, 2.937537358141721e-01, 3.667534107046841e-04, 5.762120463082688e-02, -1.445769126456707e-03, -1.357502541820026e-02, -2.768572334658857e-02, 5.094606421850478e-01, -3.797522360593948e-01, 5.462684864032539e-01, -4.042127910506733e-01, 9.025535282146581e-02, 3.102408946169594e-02, -8.781725947309982e-01, 9.465431947310872e-01, 5.101189108632203e+00, 1.248767795779198e+01, 2.464556281030069e+00, 4.011156306073989e+00, -1.535327476458744e+00, 7.747543930982278e+00, 3.640758912930285e+00, 5.854872455190020e+00, 3.170618369889387e-02, -5.120040020713212e-01, -2.728909502411631e+00, 4.551051044086607e-01, -4.197695397320603e+00, 4.239360823788220e-01, -9.311421535009863e-01, -4.049310309658454e+00, 9.743214380261110e-02, 9.010915469085887e-01, 1.758185040171905e-01, -3.726175538664270e-01, -1.975111427632760e+00, 4.971912681900349e-01, 1.851037961219181e+00, 1.293398337925953e+00, -9.625891781795055e-01, 6.113558998172267e-02, -1.193473071539904e+00, -3.481709568786915e-01, 8.037044407216530e-02, 1.423893991801630e-01, -7.948868833363725e-01, 5.064340717152549e-01, -7.334263031992700e-01, -1.098577436558648e+00, 3.286769296821799e-01, -1.033802588226882e-02, 1.239528075664765e-01, 1.413213246316196e-01, 3.141115621368597e-02, 3.311234741170718e-02, 5.487259165565624e-01, -1.218619346722855e+00, 1.018874541483884e-02, 4.583947326954622e-01, -1.293971550291593e-01, 1.745291186283237e-03, 5.319527679737487e-02, -9.918371107240394e-02, 1.168276951918583e-02, 9.125265997415014e-03, -1.452338345058186e-02, 2.718540179455677e-01, -4.550770702249056e-01, -2.706157015856637e-01, 1.198041985053485e-01, 3.641791662795584e-02, 4.421869702848365e-03, 5.416215354910393e-03, -1.588314786137608e-02, 2.487783550821508e-02, 3.186004162372164e-01, -7.930562345160740e-02, 8.391308304650668e-03, 3.651756482973716e-01, 2.062565084482162e-02, -6.553009232154629e-02, -1.503309495113762e-02, 1.786179003097705e+00, -1.023939288185276e+00, -1.253223203197350e+01, -1.551681600213343e+01, -1.528322573313841e+01, -1.017641216913708e-01, -8.894342692310820e+00, -3.996446009958546e+00, -8.422609912086255e-01, 1.078476112410909e+00, 6.159912156222374e-03, 1.472036289298100e+00, -8.046057111562952e+00, 3.477802110307936e+00, -1.157431481893583e+00, 8.767447594135352e-01, 2.777775904002097e-01, -2.211593323170937e+00, 1.009695941262933e+00, -2.080607582678424e-01, -1.020967964833299e-02, 5.324798691475727e-01, 1.036154315285978e+00, 8.834508397274393e-01, 5.374992313276512e-01, 8.572899588439974e-01, 7.519797760283506e-01, -6.694036077635210e-01, 3.615225250074114e-01, 7.297585578556222e-01, 2.075841212579065e-04, 1.623477132741429e-01, -1.029451517323664e+00, -9.060994576450865e-02, -8.126829253939175e-01, 2.537166358468006e-01, -2.461586249629309e-01, -4.586140031176505e-02, -1.442005381774591e-01, -3.324005777989936e-02, -1.243374728728917e-02, 1.457303269044016e-02, 5.193025416557298e-01, -4.498431191809730e-02, 4.797570710944541e-01, 8.951432904807625e-02, 2.196572508440373e-01, 3.563694936618798e-02, -7.757819643419438e-02, -1.083378570792486e-02, -2.230501876150849e-02, 8.533634723552263e-03, -3.625663846654349e-01, 7.176232448743441e-02, -6.201028923300067e-01, 3.438324987369147e-02, -2.332110645359323e-01, 3.218136666712523e-02, -4.309944411142830e-02, 2.615632620814113e-02, -1.098731341576981e-02, 6.129858404858122e-03, -5.603959230639297e-02, -2.111752276091093e-01, 6.840495353476342e-01, 8.379878493120646e-02, 5.153098637761210e-02, 1.502354555306802e-02, 5.848794149354344e-02, 7.339349445336731e-03, 5.705135076122990e-01, -3.397433969081337e+00, 5.188605562163418e+00, -3.433523980544988e+00, -2.893830432579330e+00, -7.511549368770573e+00, -3.556724483200834e-01, 3.403195501685330e+00, 1.449625019130891e+00, -2.290743033765319e+00, 3.404112581082364e-01, 1.385175457517186e+00, 6.525213585440900e-01, -2.120590791398903e+00, -1.194849045571893e+00, -7.936240232920341e-01, -8.211008593623790e-01, 8.048001761131156e-01, 4.678468504093279e-01, -2.361047987884263e-01, 1.919111415026446e-01, 9.233467692060815e-01, -9.618663327522264e-01, -1.071387994378453e+00, -2.636464493687249e-01, 4.705415052602996e-01, -4.128427504021034e-01, -1.932545469810327e-01, 3.396448292925787e-01, 1.645856438818260e-01, 1.100561859304409e-01, 1.100004940570721e-01, -3.509891892994078e-01, -3.423577808109284e-01, -4.714723789818975e-01, 2.783054915042847e-01, 9.984033163107130e-02, 1.061520709247435e-01, 3.950298571451310e-02, -8.231829309413349e-03, 7.704369836303455e-02, -3.055945724518217e-02, 2.227826628651781e-01, 1.188552711154009e-01, -1.715937292537422e-01, -6.959270036463415e-03, 1.443755747172695e-01, 7.910924994407123e-02, 1.489985962772283e-02, 9.819961212168426e-03, 6.664725567554779e-02, -2.967767764831665e-02, -9.226846400453476e-02, -1.467687707423142e-01, 1.497316841531459e-01, 6.079698525162941e-02, -6.462901824104048e-03, 4.469789049350849e-02, 5.007100470203424e-03, 4.578650014030777e-02, 6.358049888770326e-02, -3.429978346339750e-02, -4.830555170426261e-01, 1.565659889721526e-01, 3.268009400093683e-02, 1.069702420338205e-01, 8.391872598347350e-02, 4.528720409169080e-03, -3.862654448786388e-02, 1.833400336569538e-02, 5.669419315321134e-02, 4.536957786256346e-01, 7.219920862242593e-01, -1.191068400142107e-01, 1.178975369118285e+00, 1.689131856507647e-01, -5.273540894864143e-01, -2.623818539411467e-01, 4.020748300741649e-01, 9.544060032063225e-01, -7.458277180709456e-01, 3.225884281912840e-01, -6.232935439198157e-01, 9.905695029358101e-02, 5.295723094566561e-01, 8.020031189620466e-01, 6.454338401289740e-01, -1.130468123549664e-01, -2.160224239831931e-01, 1.489510717512565e-01, 5.677058620309656e-02, 1.419996435297816e-01, -2.322658095304800e-02, 1.848538464186346e-01, 9.795042065166068e-02, 2.158613586726205e-01, -8.462181172415982e-02, -6.546477043338542e-02, -2.223801348318230e-01, 3.624399774780336e-02, 2.256332664568654e-02, 4.151056764155468e-02, 2.246647632278206e-02, 3.387982463801219e-02, 1.506998520283259e-01, -2.959204853821661e-02, -2.642519666742064e-02, -6.050036599775717e-02, -8.908753917994965e-02, -1.037410660094165e-01, -5.858025393536121e-02, -2.650542191840220e-03, 1.074737147735133e-02, -3.100215182341546e-01, -1.342831617946550e-02, 8.106543100291604e-02, 8.330907867458248e-02, -1.558790154030610e-02, -1.923095708808412e-02, -1.848390600988117e-02, -1.603624487613331e-02, -2.351464965775960e-02, 1.156676654170274e-02, 1.946081040399106e-01, -8.653634633168421e-02, -3.119055833574825e-02, -3.271512506918694e-02, 4.929918663920470e-02, -4.874222129110444e-03, 2.104727205867700e-03, -3.733953707322442e-03, -3.362659142858167e-02, 6.615232869312441e-03, 3.134773940546619e-01, 1.101074027916525e-01, 5.129125803729405e-02, 3.854149345474546e-02, 9.715813407602381e-03, -1.214914806773947e-02, -2.049025610748050e-02, -1.057305926192994e-02, -3.255322118007252e-02, 1.382298542592995e-03, 2.988420140170554e+00, 3.418507735938392e+01, -9.181766104733676e+01, -2.387924130168900e+01, 1.727363628383360e+01, 4.050566559411839e+01, 2.599505486599666e+01, 1.222148957796533e+00, -3.943759621292554e+01, 8.504445554519528e+00, 1.517030935127706e-01, -5.452737854251563e+00, 9.350463316726891e+00, -3.313583510065300e+00, 5.624055718903887e+00, 4.370018027643634e+00, -1.093550214707491e+01, 2.963249199201433e+00, -7.366512184403797e+00, -2.115795324052061e+00, -6.981819301988311e-01, -4.173777175277483e+00, 3.714934228563599e+00, 1.528043602579869e+00, 4.630119239360712e-02, -4.870582763621468e+00, 1.024170188843566e+00, 1.368266993185703e+00, 3.055718167534362e+00, -1.398604568632717e-01, 6.068152745407495e-02, -1.361261537716724e+00, -1.588936155929328e+00, 7.383130808288869e+00, 3.745207173223710e+00, -1.833943941634348e+00, 1.016075038087039e+00, 6.727975519424463e-01, 7.820273747030809e-01, 7.609287632871317e-01, 5.468660515819269e-01, -5.770443895758736e-01, 5.968808215894753e+00, -1.576592187863185e+00, 1.636936629395308e+00, 4.136727658584980e-01, -6.821215939460910e-01, 2.155696977552344e-01, -4.807868171859571e-02, -1.856848523651656e-02, 4.052173800858513e-01, 3.470658888452315e-01, -2.411879356862504e+00, 1.145337058384995e+00, -2.502048235213382e+00, -3.918615867419023e-01, -7.623372578446966e-01, -5.762018401595258e-01, -6.964286321646372e-02, 7.259415779589203e-02, -1.221558900613242e-01, 2.978316974138744e-02, -1.117544953965104e+00, -1.057604817954985e+00, 1.413650313831755e+00, 8.696277275170398e-01, -1.746866285928215e-01, 2.953477330897016e-01, 6.135092019491133e-01, -3.911433984861879e-01, -3.131769295911390e-01, 2.620407077708152e-02, -2.783586529192149e-01, 1.720797525129012e+00, -6.022529695824256e+00, -3.281347697244096e+00, 2.750502993857048e+01, -6.431888446138358e+00, -4.372214391898616e-01, -1.108996449353780e+01, 1.155829582844802e+01, -1.707510134141099e+01, -1.056744019331028e+00, 1.731756641352491e+00, 5.424097235805608e+00, 2.557768192454573e+00, -7.627908512377095e-01, 5.820806651597522e+00, 6.720427895094224e+00, 1.285237527937858e+00, -1.375095051634946e+00, 6.515837058888334e+00, -1.469301743874625e+00, 7.744454448115173e-01, -2.450795159895836e+00, -2.428961398289350e+00, 2.551522796853565e+00, 1.659715005235345e+00, 7.657611629436409e-01, 7.290092746059920e-01, 1.683635636783015e+00, -2.364242586019431e-01, 1.673347545292825e-01, -2.939097728442753e-01, 4.220820927871501e-01, 1.472534805510155e+00, 1.126961965171095e+00, -2.035985094541770e+00, -8.165853764521358e-01, -1.168478724971183e+00, -4.359164920814881e-01, -8.462623940601004e-01, -3.439773262999134e-01, -1.075733115023265e+00, 1.155545293670536e+00, 1.670133019012814e+00, -4.211230001362638e-01, 1.155627158626906e+00, 7.953911276421534e-01, -4.233990571054645e-01, -4.736448400699602e-01, 7.026790660745702e-01, -6.095858629503086e-01, -9.556136368889223e-01, 2.990252100497411e-01, -4.635002907193134e+00, -3.899470149738602e-01, 8.094195175227227e-02, -8.058420907777778e-01, 9.567699454314034e-01, 3.884612680172714e-01, -1.229774428148757e+00, 5.502787982942966e-01, -1.257307161230029e-01, -1.656012409673187e-02, 4.152633170001162e+00, 1.103181859044707e+00, 3.504892298452531e-01, 1.583977147976946e-01, -7.870644339314951e-01, -8.826429178094550e-01, 1.268000158943293e+00, -3.491099324031156e-01, 2.483096345382381e-01, -1.792028325725980e-02, -1.167367218485314e-01, -2.517626655448904e-01, 1.637532817059755e+00, -5.477717986808650e+00, -1.543309446606642e+01, 3.888185226349076e+01, -1.191481607227164e+00, 5.897468848050048e+00, -1.465331433809078e+01, 6.237032625377035e-01, 1.142553417279004e+01, 1.079024584339060e+01, 1.790100602775825e-01, -9.655309400525224e+00, 2.111484100828991e-01, 9.028154596144993e-01, -1.579774169882562e+00, -3.284469216257505e+00, -1.801435249049153e+00, 4.903736227864274e+00, -2.067279947786761e-01, -3.990648348047598e+00, 3.598157116723282e-01, -7.476648873957468e-01, -1.115815191152663e+00, -3.155744092782815e+00, -2.015077930608307e+00, 2.004665825715985e+00, 9.295637847912885e-01, -2.033729020147681e+00, 2.721934458656898e-02, -9.000994795682978e-01, 1.939744274436588e-01, -9.994246796860611e-01, 6.163984655028569e-01, 2.711627445225069e-01, 1.480075024935385e+00, -4.528188981522749e-01, -2.221605521489879e-01, -5.476677239802873e-02, -5.526376411896071e-01, 2.225066100972924e-01, 1.210870492160256e-02, -6.809848884638519e-01, -1.681209725140150e+00, 1.063689064065422e+00, 1.306877681688132e+00, -1.134165318449078e+00, -1.045810735495999e-01, 5.321257406101249e-01, 3.766559891213143e-01, 5.767921059057853e-01, 1.559033425578418e-02, 1.270819789102314e-01, 2.454907739829553e+00, 3.014184959172964e-01, 1.232231063684170e-02, 3.898026818452476e-01, 1.063936088412484e-01, -1.734523141298530e-01, -9.281985548893895e-02, -2.496220457939391e-01, 1.440629190324287e-01, -1.671129950793506e-01, -9.022952817647749e-01, -1.086951313349668e+00, -7.050899923397989e-01, 5.177640173602713e-01, -1.053891872702182e+00, 4.968886161370401e-02, -1.766692445043853e-01, -7.227085731652386e-01, 8.849816443156835e-02, -1.554903507813917e-02, 3.795040661654676e-01, 1.200214003230046e+00, 8.700598095196324e-01, -1.308086300852575e+00, -1.638480984035738e+01, -7.554576357532577e+00, 1.604157761574793e+01, 7.650496911351342e+00, 6.813122996161336e-01, 5.098660068827351e+00, 1.065636680937363e+01, -7.290313273552045e+00, -8.424169815566543e+00, -2.937003270872238e-01, 5.514944877726467e+00, -2.764230671460428e+00, -1.874213225691319e+00, 3.194378772195108e+00, -2.467138625506505e+00, 2.798808464448957e+00, 2.246837507263417e+00, 1.996165182278373e+00, -1.680185340844912e+00, -1.935827969772567e-01, 1.239525085819977e+00, 5.806454837638454e-01, -7.046074483510789e-01, 7.540176092225809e-01, 5.803888204931681e-01, -9.879764490354771e-01, -1.776435823772864e-01, 1.680807439810964e+00, -1.145649287081814e-01, -1.053724541678793e-01, 2.347155630335818e-01, -1.860671396613076e+00, -3.235707828347686e+00, -4.540365464307795e-01, 8.357669618247531e-01, -2.894715213910314e-01, -3.089556444150396e-02, -1.267347553999376e+00, -2.265036036502283e-02, -3.825003912668587e-02, -1.239663711334480e-01, -2.024811947309534e-01, 4.348747719518690e-01, -1.399486952650307e+00, 1.777061200115711e-01, 9.758087183087439e-01, -5.179080583967737e-01, 4.954758653370339e-01, 1.372318785293891e-01, -4.621675589393275e-02, 3.666595806559811e-02, 1.587108929856402e+00, -3.181428316389548e-01, 7.699025491781640e-02, 1.891475551268453e-01, -4.751357402925138e-01, 4.638438032077457e-01, -9.999844015750237e-03, 6.062817589707516e-02, -9.195900908206678e-02, 2.131491046839137e-02, -5.015687396579123e-01, 6.825818112953939e-01, 7.412622896246637e-01, 1.504779253847037e-01, 3.281407912444489e-01, 3.847649494260650e-01, -4.655934604016284e-01, -1.764926354149123e-01, -1.133406911142457e-01, -9.055274703608125e-02, -2.787460784302863e-01, -6.183423792866983e-01, -2.114061637844422e-01, -3.478535821463254e-01, -1.599069807725938e+00, -2.232540095938663e-01, 1.232306136953666e+00, -1.186383666219165e+00, -2.230598744154451e+01, -1.951279273309958e+01, -5.258707624206246e+00, -7.616649388286872e-01, -4.355874157039199e+00, 1.240417755554935e+01, -3.750252841436320e-01, 3.433669662703847e+00, -9.306399181834314e+00, 2.444695332931636e+00, 1.118234563110295e+00, -1.890489224032211e+00, -2.256066747663435e+00, -9.125208500518384e-01, 7.562156826384914e-01, -6.170117659773766e-01, -1.306412799365527e-02, 2.436677360410013e-01, 3.952590704085366e+00, 1.344559035142160e+00, 3.393743701089500e+00, -2.487352657597540e-01, 1.685341880522029e+00, -2.254001837494195e-01, -5.227888915010546e-02, 1.479961517476493e-01, -1.627145723227177e-01, -1.128771302241179e-01, -1.407881600106949e+00, -3.585564002455247e-01, -6.105939402565125e-01, -3.701678609783608e-02, 1.271828725950745e-01, 1.615747531896951e-01, 1.836851098518399e-01, 4.260046788534295e-01, -4.342476195944126e-01, 6.150727267080774e-02, -2.238704685647222e+00, 7.157022650985037e-01, 7.952544448258041e-01, 3.123504013880100e-01, -8.510880786972548e-01, 2.608645326780452e-02, 1.141616319885025e-02, -2.281123581757986e-01, -4.950146888314971e-01, 1.634880505646777e-01, 3.346744144267702e-01, -1.319411880379153e+00, 3.342305754659442e-01, -4.312847883605924e-01, 3.845708701684997e-01, 8.802967850282585e-02, -2.112926310520584e-01, -2.392979531542396e-01, -2.322660064794592e-01, -4.411168970528909e-02, -1.505401573927209e+00, 3.319215457567661e-01, -4.790108068955248e-01, 3.226553263666018e-01, 6.579127468090333e-02, -4.347952356662186e-01, 2.436471385818844e-01, 1.453786812330126e-02, 1.316579462129554e-01, -1.081166046094211e-02, 2.220667144908096e+00, -3.265351157469263e-02, 9.199973619405583e-01, -8.374446261444578e-01, 7.273893669150429e-02, -5.311938796587246e+00, 7.374922136229399e-01, 4.726638194748674e+00, 3.026417353717485e-01, 6.263848628909892e+00, 8.908841580664335e+00, 3.284077876781124e+00, 5.581382053095331e-01, 1.214234450473266e+00, -8.289596159224171e+00, 1.233114114333745e-01, 2.594986206585603e+00, -3.772185571771467e+00, 6.532568244862832e+00, 3.378378415103008e+00, 1.712953064067855e+00, 1.123054451709688e+00, -1.639113415139079e+00, -4.918544175538175e-01, 4.400056091441399e-01, 6.011503052238554e-01, -5.836832976521206e-01, -3.758404763911199e+00, -9.248685237688331e-01, 1.183842671502813e+00, -1.713426160479952e+00, -6.290632235960448e-01, -3.380000652893396e-01, 6.134270092490333e-02, 5.194676194729095e-01, 2.429370334525429e-01, -1.340267533395790e-03, 2.646801748208177e+00, -5.827447304823419e-01, -1.153213379146455e-02, 5.249665741660101e-01, 2.330345053706994e-01, 2.271708690396707e-01, -1.390414648896758e-01, -6.144273857551572e-01, -1.978931143915088e-02, 2.474334855629635e-02, -1.707496929147495e+00, 1.032115953883113e+00, -8.674347640584440e-02, -1.289380464064479e-01, 1.966572767474701e-01, -1.481760674079618e-02, 6.315362096983378e-02, 2.042603302956345e-01, -4.549718716645425e-02, -1.118671243353520e-01, 1.836610214104931e+00, -4.013119852765100e-02, 7.298639653790567e-01, -6.389623659309127e-01, -3.230186340153762e-01, -2.220909189148677e-02, 1.486502016243699e-01, -7.173123567419361e-02, 5.592841088546398e-02, 4.503114620013791e-02, -1.101280937539088e+00, 1.830229675922531e-01, -3.860790806945678e-01, 7.009787985845752e-01, -2.301112001903427e-01, -3.259961443281861e-02, -1.869143297439315e-01, 1.087366461167823e-02, 1.082800873893732e-01, 5.981624899826692e-02, 1.541962245549979e-01, 1.313966266350799e+00, -3.295662618361243e-01, -9.725034621496911e-01, 7.191278331495550e-01, -3.431837450590821e-02, -1.524007695392951e-01, 5.557676090358157e+00, -6.850442030910628e+00, 1.254564548180132e+01, 1.067337800679605e+01, 4.518854555506184e-01, 5.818655612220319e+00, 9.428843546813765e+00, -2.525689706508931e+00, -1.097119787959862e+01, -1.847006780116983e-01, 1.262903100819654e+00, -3.083121885143697e+00, -2.227380441534192e+00, -3.088422050661929e-01, -1.813141050365795e+00, 9.033400200260312e-01, -3.827508223789836e-01, -1.248726901033299e+00, 4.599028753329052e-01, 2.760916016525826e-02, -3.453890397662024e-01, 3.484832614060462e+00, -3.326469221739397e+00, -6.419638365592421e-01, 6.897370043822137e-01, -2.874401564443411e-01, 5.276964005773804e-01, 5.568693749994941e-01, -4.090271970518174e-01, 7.101890352037428e-02, 4.538747299209677e-02, 1.449308167946850e-01, 1.054794370018383e+00, -2.243436694796102e-01, 4.369530474663003e-01, 4.883286435262223e-01, 1.389253270974038e-01, 3.401635649456701e-01, 6.252643110593938e-02, 9.403980964827031e-02, -7.534227829635379e-02, -2.170274432662952e-02, 1.764832742294961e-01, 4.903829306987590e-01, -2.460762988598048e-01, -2.277524513745053e-01, -5.979485327553468e-02, -1.354297906135521e-01, 1.266456610752456e-01, 7.179119237740060e-02, -1.121411344478418e-01, -6.072124815474206e-01, 3.530881391671575e-01, -4.567007272198649e-02, 2.870626085062468e-01, 2.212207685082561e-01, 4.415958416071526e-02, 7.562426112966168e-03, -1.501325590175470e-02, -1.330881046700295e-02, 1.219298605006894e-02, 6.347201339533742e-01, -4.001214869355846e-01, 2.259652938144355e-01, -3.316528933980697e-01, -2.242626514207039e-01, -3.325275124398105e-02, 5.855250080854645e-02, -4.720629394869717e-02, -3.701567958168006e-02, 2.220595946949171e-02, -1.043330326742036e+00, -8.827863184648603e-01, 2.090677992287420e-01, 5.219976824354720e-01, 4.671974761869195e-03, 3.423106556443983e-01, -8.318760279411681e-02, 1.925504784557837e+00, -1.554385669523676e+01, 1.120607814152903e+01, 5.463915365901521e+00, -3.123096752792837e-01, -1.099957300506680e+01, -3.810799925268134e-01, 1.822771427617300e-01, -7.595362875609324e+00, -9.407700389709257e-01, 8.034431308751612e-02, 6.559317531049202e-01, -2.294015075308045e+00, -7.442689609779157e-01, 9.108105960000712e-01, 2.804194497605075e+00, 2.308252151680896e+00, 1.884558160748310e+00, -2.427855733803735e-01, -1.217370712950802e+00, 7.890593488047416e-02, -8.429264401928884e-01, 2.861631221733600e+00, -8.530254035828411e-01, 8.006366906328020e-01, -1.128476685096633e+00, -1.118783114267518e-01, 6.014825601656905e-01, -1.721682914697876e-01, -5.420905267808077e-01, 8.554946304621439e-02, -1.318426334698761e-01, -1.389852861031798e+00, -9.357980309387309e-01, -2.570926164103986e-01, -2.977694647587475e-01, -3.660975847645331e-01, 7.168657203428910e-02, 5.760644693631950e-02, -2.412439078077380e-02, 4.456396488745851e-02, -4.690013919431858e-02, 1.009609646967798e+00, 5.104421763279220e-01, 1.469223688287050e-01, 4.870298941753564e-03, 2.488138052354573e-01, 8.128324118302428e-03, 8.149439692816288e-02, 3.209663067120803e-02, -1.824316242949654e-03, -6.643516126289020e-03, -5.605969611369740e-01, -4.644972593963748e-01, -7.350564574209280e-02, 1.710590464054714e-02, 1.272959115593375e-02, -1.071769906941092e-02, -3.657679212688005e-02, 1.620808734343991e-02, -2.745248216332102e-02, 7.388909839259012e-03, 3.268767899765321e-01, 6.355974448483683e-01, -1.457578803390001e-01, -1.278227964881114e-01, 5.182442466458146e-02, -8.516521003402508e-02, 4.471632149375798e-02, -3.400649392660867e-02, -8.331269016782114e-03, -1.140117341597102e-02, 3.575623572906275e-01, -2.625270237049340e-01, 3.088034420922269e-01, 2.369611035772095e-01, -1.691067206758307e-03, 6.309405965703857e-02, -1.091945376969379e-01, 3.880169900278064e-03, 1.810178664050160e-01, -1.026159482853828e+01, 3.659036058190880e+00, 1.080845207295828e-01, -1.738044540653301e+00, -5.982446161271802e+00, 2.556952338062926e+00, 2.812843286155025e+00, -6.308376103340565e-01, -8.787304652149676e-01, 2.204312681626351e-01, -1.468779328055753e+00, -5.193047847094888e-01, 8.124039753992388e-01, -4.404803949711805e-02, -8.961929945817740e-01, -1.413870640420981e-01, 5.277706887196375e-01, 1.345425550326397e-01, 1.462904033945061e-01, 1.882202275791957e-01, -1.293609429843988e-01, -1.045240870471274e+00, -1.738845307517828e-01, 7.994755710412592e-01, 3.769314757270187e-01, -5.871878065700555e-01, -3.200054468448829e-01, 2.521811511809238e-01, 4.010020438913316e-01, 1.312701864512348e-01, -1.016485746957324e-01, -1.160708165267447e-01, -5.706285974475751e-01, -3.731203877917528e-01, 2.471368896445388e-01, -1.142634109015953e-01, -1.624580563705176e-01, -1.038412168461401e-01, 6.073394703328588e-02, 9.155407495454401e-02, -7.021019557286756e-02, -2.769550464938873e-01, 1.022884065754587e-01, -5.032255047543164e-01, -5.569001900916448e-02, 4.337092952156150e-02, -8.981433185479659e-02, -6.692069223231144e-02, -2.879853428312554e-02, 7.030433779900198e-02, -4.887968232833326e-02, -6.496631453418000e-01, -2.264959895430683e-01, 1.004460289617541e-01, 9.509248265167251e-02, -7.077171362271878e-02, -4.532465268122592e-02, -2.203884990737309e-02, 1.150989509960178e-02, 5.857153018881041e-02, -3.898196041745353e-02, -6.816190659762706e-03, -3.208320938368205e-01, -2.742638106617722e-02, 2.472747217788838e-01, 7.122783062747198e-03, -2.519546991998229e-02, -8.587733606177017e-03, 2.980860277787750e-03, 4.677762607488541e-02, -2.199753835566623e-02, 1.698787637555992e-01, -1.310521305312074e-01, -1.958436629624997e-01, -9.147762173621912e-02, 1.986968505306926e-01, 2.244277890289314e-02, 8.357224519372677e-02, 8.579401640170899e-03, 3.332158759034459e-02, -2.851595732756798e-01, -4.203121983895404e-01, 1.866608723478085e+00, 1.110259020286442e+00, -9.095917421704062e-01, -6.488429488493712e-01, 1.140945245869784e+00, 4.220772691312080e-01, 1.854727008476514e-01, -2.638133947161195e-01, -9.517135675517968e-02, -6.243544822687590e-01, 7.839441555268568e-01, 1.370311053763714e+00, 9.303056188104285e-02, 7.122434057162019e-02, 2.898986238941298e-01, -1.167786184816785e-01, 1.196119992560686e-01, -1.266622514400415e-01, -4.724726523166235e-02, -1.861559225745321e-01, 9.943612346776966e-02, 4.756070180889346e-01, 2.321206509403533e-01, -3.102712137359450e-01, 9.744793202404861e-02, 1.683323321314113e-01, 7.742339172826906e-02, -4.507077741608427e-02, -2.767572898165351e-02, -4.895371283803724e-02, 1.048846477356294e-01, 1.363017816536901e-01, 1.466021740959157e-01, -2.112834598492425e-01, -1.394356316167714e-02, 7.713196411962944e-02, -5.053307779310598e-02, -8.601276961216301e-03, -1.949059951201156e-02, -2.945345721282086e-03, 5.771229940212777e-02, 5.616525292831585e-02, 1.432482889218946e-01, -7.624567140149086e-02, -6.490092235117009e-02, 6.801655313967455e-03, 3.599099991916975e-02, 2.019178570828558e-02, -1.618865613886488e-02, 1.072894333147101e-02, -9.493356723642828e-02, -1.194669024879909e-01, -9.061780568222434e-02, -7.131863556540873e-02, -3.891273754633886e-02, -1.309844389305606e-03, 2.958849739390294e-02, 1.387812515446093e-02, -1.418509529802548e-02, 1.152213537280065e-02, -1.225906817609370e-02, -8.037410938565512e-02, -5.274448583791101e-02, 1.379948393156477e-01, -2.526780773733578e-02, -1.479903584569057e-02, -1.846861818537471e-02, 1.970232875494921e-03, -1.086373892083834e-02, 6.067762441754827e-03, -4.092752822672860e-02, -2.862100416370832e-02, 2.482774322092994e-01, 9.223080611652883e-03, 2.857398849608715e-02, -9.881275835945937e-02, -1.494384233951606e-02, 4.609113995694687e-03, -4.211607258469498e-03, -9.686507592652444e-05, -2.895630232101161e+00, -5.200730743115567e+01, -4.144042558205626e+01, -2.295268341695518e+01, 4.698137178620517e+01, -4.696808913883137e+01, 1.696166673488926e+01, -5.118924001988884e+00, -1.788486204562702e+01, -9.561527632008296e+00, -3.173279631133575e+00, -1.853360833992782e+00, -8.227826881253675e+00, 1.399626994185788e+01, 1.124242782613525e+00, -1.774959078052339e+00, 1.523959732891792e+00, -7.517593610685442e+00, 2.634133051969875e-01, -4.159424556974608e+00, -2.477097816478385e+00, 5.996228794053519e+00, 8.298449887103915e+00, -7.914707210985543e+00, -1.021802039176904e+00, 7.058218093682894e+00, 1.377178645327322e+00, -3.255754242261077e-01, 4.767177063500391e-01, 2.057474102333515e+00, -7.865274646963101e-01, 3.971703865853569e+00, -3.581750983827889e+00, 3.005883156599566e-01, -3.212429371344004e+00, -4.083916953313148e-01, -7.095619647971613e-01, -3.297048370019937e-02, -1.301984705022236e+00, -5.136751991070528e-01, 1.871884019612726e-01, -4.533353027190161e-01, -2.529312441151779e+00, -3.052342805161965e+00, -9.871019699729641e-01, 3.468310884506710e-01, -2.855902693595619e-02, -1.850405990743559e-01, 2.061583053982015e-01, -5.626242963883538e-01, 3.213353593130484e-01, -4.919055636782274e-01, 1.029823023767145e+00, 1.563896193011611e+00, 2.592412903896666e+00, 2.803099346511477e-01, 1.252226690081920e+00, -1.919295771599003e-01, -1.664061208714815e-01, 3.042727093073720e-01, -5.966217988162274e-02, -5.075319644756825e-02, 1.648115300161638e+00, -6.740560013698975e-01, -2.136211090742655e+00, -1.694455134219043e+00, -2.309831954741489e-01, 4.246845950091111e-01, -5.161722899275691e-01, -8.128863559719163e-04, -2.547434385361217e-01, 1.243919343699888e-01, 4.167220608594323e-01, 1.070125055476662e+00, -3.704548962268274e-01, 1.758961798690758e+00, -2.285550438225494e+00, -7.678284115251410e-01, 7.346644655596121e-01, -9.956419101056171e-02, 7.137577614692943e-02, 2.510598058966067e-02, 1.407364039720064e-01, -3.359935169098212e-01, 6.230705005956057e+00, -3.327121640263806e+01, -1.788134951846465e+01, -1.060679719938757e+01, 2.222440369410565e+01, -1.210581516796620e+01, 2.485050145799880e+01, -2.249291522378339e+01, -1.850238159090836e+00, 1.389997166496768e+00, 9.057250752120688e-01, 5.273652063521516e+00, -6.109335063255858e+00, -9.010118459375336e+00, -4.751481736000244e+00, -2.769290584871161e+00, -1.064462687726754e+00, -2.515939038735169e+00, -3.186098484807546e+00, 1.563748629689901e+00, -2.126594981624538e+00, 5.564402556771126e+00, -2.493592546893538e+00, -3.825214726271272e-01, -5.369351696374902e-01, -4.303760047191318e-01, -4.167407450052838e+00, 1.522648747864437e+00, 7.643729698342094e-02, 1.409982987997018e+00, -1.776292727250167e+00, -6.050791334940280e+00, -1.127542087847347e+00, 8.382205158063158e-01, 4.458848399978537e-01, 1.582037934607187e+00, 1.303453892073845e+00, -6.074358948051661e-01, 6.504856618345652e-01, 8.150310478344908e-01, -8.189704401078954e-01, 2.816906211472714e+00, 1.731705463092561e+00, -5.531787853162733e-02, -5.361880677179943e-01, 1.985848203259304e-01, 8.660049222400551e-02, 2.194203663785678e-01, 4.747750453039466e-03, 2.691120251706333e-01, -2.940486335042252e-01, 1.015372795318607e+00, -1.460648483782493e-01, 9.718397550452179e-02, 5.117114608933635e-01, -1.248871657909732e+00, -2.935573288408784e-01, 4.265730608592908e-01, -1.250220220246464e-01, 1.634904531085698e-01, 1.328893397185128e-01, -1.321956046796979e+00, -1.566874510974150e-01, -8.130881230159296e-01, -8.963727046751475e-02, 9.742933316010677e-01, 8.112389567803958e-01, -5.184432762998579e-01, -1.505520834470117e-01, 5.955562695268764e-02, 1.777799163680260e-01, -2.323395023410995e+00, 1.797394988259136e+00, -1.085938262554095e+00, 1.288659315107848e+00, 7.437143561595209e-02, -1.134520968468603e+00, 4.246141246193213e-01, 8.053866447751876e-01, -3.825375568545296e-01, -9.739060829768884e-02, 4.913853645582004e-01, -2.011043671415302e-01, -3.363804411872550e-01, 6.586551401760730e+00, -1.394828114055553e+00, -2.669125419510010e+00, -1.558214445602068e+00, -2.281563756763764e+01, 2.064579802589048e+01, -3.293651966948900e+00, 2.955675459596992e+01, 1.141060770463318e+01, -2.070623856394939e+00, 2.409500326238091e+00, -4.110293561801355e+00, 1.140642279486934e+00, 8.521858672551998e+00, -9.914007955573453e+00, -3.032189682843623e+00, 5.064818641086153e-02, -6.217614303736144e+00, 1.546249575692501e+00, -1.893612167375679e+00, 2.422307694666230e+00, -5.830569115111866e+00, 1.773166362872750e+00, -4.867254406677792e-01, 5.082401656886544e-01, -2.809990409813211e-01, -1.105551293901933e+00, -4.193972359596622e-01, 2.382051691477856e+00, -1.196098648438739e+00, 2.217034116665690e+00, 7.110111207010009e+00, 3.355468826046319e-01, -1.324129376671229e+00, -3.145177673545750e-01, 2.874159671186731e-01, 1.310237004908173e+00, 7.197679957931140e-01, -8.016854958520003e-01, -5.946197184826993e-01, 2.856126736687676e-01, -2.580996627251809e+00, -6.053942292920110e-01, -7.112844009128351e-01, 2.150598400661237e+00, 1.548239042506069e-02, -6.832035901322279e-01, -1.741052788212182e-01, -2.971934395334101e-01, -2.140389342532206e-01, 7.774975244503203e-02, -6.537543752791585e-01, -1.264379681691307e+00, -4.612067925185522e-01, -1.272940247744454e+00, -1.784034959931595e-01, 8.686739163460502e-02, -2.402811187706309e-01, -2.775129142561143e-02, 1.998185472455571e-02, 1.410220414568745e-01, 4.259019615399510e-01, 1.753141441835901e+00, 1.185736034353674e+00, 7.125921640443097e-04, 1.146433965976368e+00, -4.548226241651886e-01, 2.912328768416636e-01, 8.577120067688091e-01, 3.674731137131174e-02, -1.873099965464791e-01, -3.696412286911870e-01, -2.468383544468793e+00, -2.192278170613656e+00, 1.269892746096632e-01, -1.344927513994365e+00, 1.328068880318653e+00, -3.935222927394824e-01, -3.442739009155453e-01, -2.214944248343872e-01, -8.488898777428016e-03, 1.277326346970223e+00, 3.059060228373198e+00, 8.782203397331213e-01, 1.180525471273748e+00, 3.102882120284799e+01, -4.968642233222576e+00, 1.044264642601223e+01, 3.126896073982722e+01, 1.207238942430913e+01, -2.155334562628096e+00, -1.761371761296166e+01, -3.501217816164006e+00, 1.485683000748596e+01, 2.279472846791694e-01, -2.144428540173419e+00, -5.794281834136645e+00, -6.675799568046434e+00, -1.177159096001241e+01, -2.417400972182925e+00, 2.654139524031175e+00, 3.889604966396065e+00, -2.065832241540440e+00, 5.088807165668648e+00, 1.003251642907058e-01, -2.969727486570660e+00, 6.415106771673167e+00, 3.968597406209664e+00, -2.617046767984803e+00, -1.606195337823068e+00, -2.042011399243147e+00, -1.048387027768972e-01, -9.675107615665163e-01, -1.521238126528875e+00, -9.001566186749595e-02, 5.121374704657786e-01, -2.130724025197988e+00, 7.224395132074204e-01, 2.694626996850165e+00, 1.306798891687609e+00, 6.977405792583379e-01, -4.399075613427166e-03, 1.147613305865071e+00, 5.574256167280516e-01, -2.106782330749040e-01, 1.524064018595570e-01, 2.907984215469441e+00, 1.366902246556257e+00, -5.891557339038663e-01, -1.510038438619366e+00, 9.952901204363745e-03, 7.103958576601244e-01, -4.088464267833896e-01, -2.905345525447064e-01, -1.669495521493117e-01, -2.326430280630207e-01, -2.399282344097152e+00, -1.966125111156342e+00, 1.136358362600091e+00, 8.448254803401678e-01, -7.523482857933586e-01, -6.899959912682019e-01, -5.779197240000446e-02, -8.697756235277775e-02, -2.773932517512321e-02, 1.263208250244391e-01, 7.018836207889134e-01, 1.399210424978502e+00, -1.508286775465085e+00, -1.269940054453452e+00, 9.936015464885912e-01, -1.743085674227063e-01, 3.138041876560754e-01, 2.551559812986401e-01, 4.218410876315507e-02, -1.106558902537832e-01, 4.177326096805129e-01, -1.670641493325603e+00, 9.813478888498525e-01, 1.758421930560821e+00, -9.292176981852719e-01, 8.103701168474889e-01, -2.759407025495587e-01, -3.100056155839834e-01, 5.177528937629500e-02, -7.855986723422048e-02, -2.711539344885836e+00, 8.869115821721085e-01, -5.826708122673532e-01, -1.284852811839794e+00, 1.223980527277664e+00, -1.384788251337671e+01, -2.374477857716934e+01, 1.582037256642499e+01, -5.527581949118954e+00, -8.659805255656883e+00, 9.200976968273997e+00, -2.151713170884062e+00, -4.764290721322113e+00, -1.970576327154545e+01, 1.825892144040847e-01, -1.005698838652516e+00, -9.488940091274595e-01, -3.795946598694389e-01, -5.188699899325302e+00, 4.726593390887145e+00, -1.498463385380349e+00, 2.418688884467052e+00, 1.823128945404090e+00, -1.499139199620732e+00, 1.867107195971975e-01, -3.954944687349187e-01, 1.678305752619962e+00, -9.335794994170790e-01, 1.899772640805651e-01, 1.795250535893131e+00, -9.951357263480625e-01, 9.583631207225457e-01, 4.640032135141307e-01, 1.121669522452029e+00, 3.022941076556874e-01, 1.146030977594001e-02, -1.027833158271975e+00, -1.057346523962716e+00, -8.197319883467939e-01, -7.627755066419010e-01, -2.910886570748436e-01, 1.611325632010968e-01, -7.182393703354427e-01, -7.949367876010216e-01, 2.086844580735921e-01, 3.987610252537153e-02, 3.014810754473161e+00, 7.095872047392849e-01, -5.538823673312289e-01, 2.702036013002865e-01, 6.642056868752674e-01, -4.970817464440686e-01, 4.552248251956354e-01, 1.761673721028794e-01, -4.610315664139206e-02, 2.287711839305944e-02, -6.114174578939392e-01, 4.991616597844513e-01, 3.155997097215226e-01, 1.392350434289897e-01, 2.084201258244720e-01, 9.746170916369241e-02, -6.800644485312478e-02, 5.944147119002233e-01, -2.199679603720548e-01, -2.704663849622729e-02, 1.699743652545459e+00, 5.383110956398998e-01, -8.866935313900178e-01, -4.248250406665802e-01, -6.195940245930041e-01, 5.082085712489161e-01, -1.162764091935455e-01, -4.052035510247523e-01, -1.752828549624404e-01, 2.247898318067751e-02, -2.137978205214176e+00, -6.714423964416982e-01, 1.274600849333761e+00, 1.244539207197226e+00, 1.006112646898881e-01, -1.032296026757112e+00, -5.346497667299348e-02, 1.812648269352539e-01, -8.620364511502576e-02, 6.343840434180749e-02, 2.807126389247402e+00, 8.489239159711356e-01, -1.341380942881966e+00, 5.785538234256802e-01, 1.403772476637228e-01, -3.456797709972799e+00, 8.827730299548053e+00, -8.120880651399322e+00, -7.993707504032122e+00, -4.848686096997448e+00, -3.582824656272952e+00, -1.605762511191032e+01, 1.136742136722892e+01, 9.117419927060464e+00, -1.080957256434967e+00, -2.544878577333751e-01, -1.889848899586308e+00, 1.156178562516291e+01, 5.791620308660811e+00, -1.327674383381655e+00, 3.954146263093595e+00, 1.466921087446077e+00, -2.865588823057884e+00, 1.555668169091767e+00, -1.381748020193175e+00, 3.962330433604871e-02, -1.313150573025371e-01, -1.675075298611672e+00, 3.930273914835777e-01, -1.992434298716490e+00, -3.373023534750823e-01, 1.537000483755746e+00, 1.996268427718506e-01, -2.989216638731084e-03, 1.070898351434078e+00, -1.660104880260795e-01, 2.427715431578417e-02, 6.443135137357540e-01, -1.049377948484151e-01, 1.121852195826357e+00, -9.364927734606598e-01, -1.019491680838664e+00, 4.160275634722168e-01, -4.362694050886175e-01, -2.190005071015891e-01, -3.044084663052313e-01, 2.297925167365594e-01, -5.101055614569643e-02, -7.505569808725745e-01, -2.952994750383364e-01, 7.050627718441940e-01, 1.409782851899311e-01, -3.239347519323620e-01, 3.294875658440423e-01, 1.294473187519904e-01, -2.535060185255310e-01, 1.432997748674073e-01, -7.255141934686771e-01, -5.358387379033533e-01, -1.819604141331551e-01, 1.010611012781638e-01, 2.813771030091347e-01, 1.779137089526865e-01, -3.625111629898062e-01, -4.952225190501963e-02, -1.113795972908224e-01, -6.780645132968012e-02, 3.500367260560414e-01, 5.074648703435447e-01, -3.443034927322498e-01, -3.691024757157666e-01, 1.487468805031525e-01, -7.316382886095905e-02, 3.635989233394058e-01, 5.425564244013112e-02, -1.268711803088014e-02, -4.270070474343683e-03, 9.611935607134834e-01, -2.060912946067955e+00, 1.403344663643206e+00, 7.246864959127902e-01, -6.298786061863442e-01, 2.369219432807674e-01, -5.820332394907924e-01, -6.712254882988238e-02, -2.080412909004401e-02, 2.147249741084096e-02, -3.777181251210578e-01, 1.947294433570026e+00, -3.145320154844252e+00, -1.002350907779187e+00, 1.059333813388374e+00, -1.830261318355094e-01, 1.298433120748742e+00, -1.267733447113914e+01, 1.199646236797662e+01, 3.120306666748185e-01, -5.550816629581249e+00, 6.336812029260640e+00, -1.007235456084102e+00, 1.174705780258586e+01, 1.238893074338497e+01, -3.935755236654281e+00, -1.238968977239196e-01, -3.252990990996857e-01, -7.486122030954624e+00, 9.677943117698813e+00, 3.435407367125312e+00, -4.441797763841584e-01, -2.406902775374248e+00, 2.052209998748469e-01, 9.801847798523599e-01, 3.713791314534272e+00, -3.500460090079922e-01, 4.110772802642083e-01, -5.860030739878264e-02, -5.403090391371297e-01, 1.095439847158138e+00, -2.134969281243716e+00, -9.996021936347441e-01, -1.214587529732136e+00, -4.522507172763007e-01, 1.076936667498288e+00, -2.305933096374385e-01, -8.411621488632434e-02, -6.222750800956924e-01, 1.477220625495274e-01, 5.030040736948935e-01, 5.997418214124253e-01, 4.272080171632526e-01, 2.700139944154095e-01, -4.673611047894850e-01, -5.395647354416286e-01, -5.915820106321756e-02, 2.408766027819821e-01, -1.547080159704771e-02, -2.178733529348620e-01, -8.625276281994860e-01, -3.959383615693445e-01, -2.908628775529346e-01, -1.800096065985173e-01, 3.323576106352614e-01, 2.519452263828685e-02, -2.511874203549867e-02, 3.932409341560876e-02, 7.582099319133266e-01, -8.436784272421612e-01, 4.215125720816473e-01, 2.358684771087884e-01, 4.530326320613479e-02, 9.875983175548704e-02, -2.680249354107395e-01, -1.374301237089074e-01, -9.411187697788614e-02, -5.270596027059725e-02, -1.186339418025218e+00, 1.211649991702025e+00, -4.300400316036132e-01, -4.152774173269457e-01, -4.861416344127467e-02, -1.173089033592808e-01, 2.137589005449854e-01, 2.136545340051444e-01, -5.808792462437498e-02, 3.484013500273209e-02, 1.002415878385322e+00, 2.278503673955322e-01, 1.067970740068174e-01, 3.401326003818288e-02, 9.600836601740467e-02, -2.710786270995108e-01, -3.376310624463025e-02, -7.438534206654707e-02, 6.585126668209233e-02, -1.630824426854584e-02, -2.912144453330949e-02, 2.018544706286513e-01, -7.159707220547609e-02, -3.669409339496482e-01, -5.936562451965265e-02, 5.937905149783539e-01, 3.067569588409599e-02, -1.259545198575434e+00, 1.466266773011423e+01, -1.677564288168960e+01, 1.082951479296231e+01, -1.069047200636986e+01, -1.049720434801795e+01, 9.757560709377236e-02, 5.137667525384273e+00, 6.361063395957805e+00, 6.304415142975925e+00, -7.634043286166838e-01, 3.419714806093737e+00, 1.953125576054263e+00, 5.174045529331203e-01, 2.091728264389696e+00, 5.114195970876215e+00, -1.896924792019912e+00, -7.744372065589952e-01, -9.199755818691003e-01, 1.046895994357123e+00, -1.640262782550421e-01, -3.357828025462477e-02, -6.464584484541587e-01, 5.417091946811828e-01, -1.365086479128046e+00, -2.878575852510351e-02, -1.033403316441786e-01, -1.013233196357811e+00, 3.239011892488581e-01, 5.152702216363353e-01, 7.698500076010199e-02, 2.610407741194154e-01, -6.321699188993811e-02, 3.052599309562217e-01, 3.309499442218315e-01, 2.580950799237033e-01, 2.714434307165202e-01, -5.695429557692100e-02, -1.443872242756938e-01, 1.182198220584148e-02, 7.870914913873578e-02, 2.428818970113298e-02, -1.282627235093879e-01, 2.109664992596597e-01, -4.087472961706689e-01, 4.695808020040200e-02, -2.173701864808487e-01, 4.632448003153699e-03, 9.527269469735451e-02, -3.276630558856719e-03, -1.492649798731356e-03, -3.153151710668428e-02, 2.844221220368598e-01, -2.239042339290133e-01, 7.375737582929127e-01, -5.334378875073903e-03, 2.699806516665114e-02, 6.902742435693543e-02, 2.056495697147828e-03, -2.083668154778898e-02, -7.629753542890880e-02, 1.813840698448034e-02, -2.324764743770014e-01, -3.081492832784181e-01, -7.867458554133406e-01, -4.717412366644682e-02, -7.365173293689516e-02, -1.439185573349623e-02, -7.452390406726113e-02, -1.626892148245730e-02, -7.060927417393210e-02, 1.679431517815574e-02, -3.247932107222229e-01, 1.796481003480024e-01, 6.932368844872375e-01, 3.402490190115443e-02, -2.105333094922672e-02, -1.007952514762201e-02, 1.551254456607609e-01, 8.029538298530921e-02, -2.553378689515737e-02, 1.989471835814534e-02, 1.179726325098839e-01, -7.219974216714702e-01, -8.206422973071582e-01, -2.761677554318753e-01, -6.857935568787925e-02, -2.120029984040261e-02, 2.934629590888274e-02, -1.103915000297441e-01, -1.532925358309521e-01, -1.112871615712435e+01, 5.639103470132427e-01, 2.466670430927723e+00, -3.277009290119256e-01, -3.387906094264392e+00, 3.606476137449026e+00, -3.281149295765145e-02, -1.155799843473573e+00, 4.526383944591205e-01, -3.652783559182640e-02, -2.480995739182057e+00, -1.029826140226927e-01, 3.080261188731820e+00, 5.621629237094725e-01, -8.924735847142329e-01, 2.153972664803372e-01, -5.714047577515319e-01, -2.487221138440823e-01, 1.533370706117586e-01, 2.638565431556288e-02, -7.173402232953719e-01, 4.477355001880736e-01, 9.944009660444560e-01, 1.338828530152649e+00, -8.576891862983130e-02, -5.860241554189045e-01, -3.213019351790817e-01, 5.492884840869490e-02, 2.910140701203854e-01, 4.173279865925821e-02, -1.801077678746330e-01, 8.985858449437272e-01, -1.213987304548020e-01, 1.777002489837026e-01, -8.584050613929403e-02, -2.622058544274145e-01, -1.229736952222635e-01, -5.608602515583206e-02, 3.997317729792885e-02, 4.141595836255434e-02, -4.496624186468793e-02, 2.377128496765138e-01, 2.637711450248668e-01, -3.357215853338330e-01, -1.987071148274122e-01, 2.467821112732288e-03, -1.088840591182677e-01, -3.196102354391841e-02, -5.459297858562112e-02, 4.019959476042239e-02, -3.846376461880443e-02, 1.681280066596310e-01, 5.328739865249025e-02, 2.026889840983760e-01, 2.387998194061718e-02, -1.810048068565164e-02, -5.024055976053469e-02, -3.555765572473581e-02, -3.208242631365461e-02, 3.996033099311797e-02, -3.999933210254694e-02, 3.817706912088149e-01, 5.482081584290483e-02, -9.082568842365832e-02, -8.288368970483406e-02, -8.958868793404946e-02, 1.479893357390785e-02, 1.094554246869305e-02, -3.840469453664369e-02, 3.359250963552790e-02, -1.504714823445441e-02, 3.536533336358478e-01, 1.004334874893545e-01, -9.554367274198867e-02, -7.360907175461551e-02, -1.023996788496079e-01, -4.487263426908253e-02, 5.345065644860122e-02, -1.157197918927651e-02, 1.536006729116946e-02, 1.578665780751002e-03, -2.268204735867144e-02, 5.285030071319202e-02, -2.134120234096979e-01, 1.365928779029188e-01, -1.151441696263647e-01, -1.746648957853166e-01, -1.211575027009528e-01, -5.372676181117447e-02, -1.689489314659795e-02, -4.879914101821939e-01, 3.048857733513413e+00, 2.458599012512787e+00, -1.661343157352093e+00, 1.955760460597618e-01, -7.659741220529600e-01, -1.174672640800297e-01, -1.631660662618770e-02, -8.861022482415136e-01, 3.538057416498568e-01, -2.248933114647062e-01, 8.151253231960255e-01, 3.264334713009602e-01, 1.169796007734523e-01, -2.691059755919045e-01, 2.552765993277817e-01, -1.897022386367006e-01, -3.895946840501076e-01, -1.072701121452762e-01, 2.055467315444332e-01, -1.062847218535077e-01, 1.105219208258325e-01, -2.833047425593934e-01, -1.199762035349022e-01, -2.051360177918993e-01, 1.009165618233368e-01, 2.847232126644534e-02, -9.606324483233758e-02, 5.217194428054014e-02, 4.003083737304198e-02, -4.656619203991819e-02, -8.216001385638856e-03, -1.825917841573902e-02, -2.599432714633176e-01, -1.054544885364555e-01, 1.400980888900044e-01, 1.123376848412197e-01, 1.421537287973805e-02, -3.286340007270747e-02, -4.479472920011963e-02, -2.112174174515748e-02, 6.960194362899760e-03, 2.336995284451206e-01, -2.347969238726860e-02, 3.275359404761181e-02, 8.433282534376330e-02, 3.478340364856880e-02, -3.253557514324419e-03, -3.501478739716399e-03, -1.695838002642678e-02, -1.089789720830281e-02, 6.633222569285623e-03, 5.130539972067141e-02, 1.612205321263231e-01, 9.296693189531596e-02, -2.408528953264797e-02, 7.049566043239231e-03, 3.110663295965572e-03, -7.890414254218004e-03, -5.992548618141370e-03, -6.844078741088808e-03, 5.919406422294882e-03, 1.414047531879205e-02, 3.107258016568894e-02, -1.747710600846071e-01, -1.006198517254641e-01, 1.533648021385495e-02, 1.861367299138758e-02, -7.680571372005567e-03, -3.727121250922043e-03, -4.045497613865434e-03, 9.793690028755925e-03, -2.072580951901219e-01, 1.139278875268145e-02, -2.364916123143007e-01, 1.560103020291841e-02, -7.015878870035117e-02, 4.184241146875334e-02, -5.522015611527340e-04, 5.456920501316993e-04, 2.482018481651841e-03, 1.612881335874192e-03, 1.297218940559895e-01, 1.673487729944474e-01, 6.168030530115391e-02, 1.153104111720911e-01, 1.304317742444281e-02, 9.377572658333355e-02, 6.373474605440752e-02, -3.409069728538591e-02, 7.177997739288370e-03, -5.041228856985605e-04, 1.233268766861304e+01, -2.705527460799383e+01, 1.163150950967603e+02, -5.883615932160044e+01, -4.050009181215169e+01, -1.033838207698810e-01, 1.656710578001012e+01, 4.936589124891267e+01, -4.692637431884572e+00, 1.238182051880120e+01, 7.259163608328752e+00, 1.638354692917712e+01, -1.883354692148560e+01, 1.755537889591360e+01, -3.741025286565772e+01, -1.327722034377442e+01, -6.726948549459881e+00, -6.086122759965090e+00, 4.457542931465071e+00, -1.310077783342948e+00, 2.230148744809394e+00, -1.480007039842981e+01, -1.090584419785599e+01, -2.721405310295868e+00, 8.619964065339611e+00, 9.006392368416273e-01, -3.605504718549937e+00, 1.281647504710791e+00, 1.956368441353719e-01, -2.588582054181441e+00, 7.897200638821892e-01, -2.081809732637145e+00, 6.914709375087666e+00, 3.268350770251581e+00, 5.235654006219332e+00, -6.127355222316427e-01, 2.034126427123944e+00, 5.171626469918459e-01, 8.335513993021727e-01, 1.453108179113809e+00, 1.514770643924160e-01, 4.173807154156940e-01, 9.776955002408980e-01, 1.201386678555036e+00, -2.190811127812115e+00, -1.651573885539882e+00, 1.585577509573825e-01, -4.486603690324859e-02, -1.248424709262882e-01, 2.982776491679099e-01, -4.747481705484695e-01, 6.942276332162874e-01, -1.641764739596232e+00, -9.451415708673486e-01, -1.354971563154566e+00, 1.726643440020196e+00, -2.028101689758183e+00, 3.771498419005488e-01, 2.911448178545649e-01, -2.990902174249425e-01, -8.329153827403515e-01, 2.033730491867335e-01, -9.113831888629194e-01, 1.666105056749935e-01, 2.485680953427858e+00, 6.332186886263789e-01, 1.776840422926472e+00, -3.056497475767049e-01, 8.041467578540601e-02, 3.686176370561807e-02, -1.540243795777246e-01, -1.218485488641020e-01, -3.719806417168911e-01, -6.065837021597618e-01, -1.924735145597909e-01, -1.429589808350462e+00, 7.079967597366158e-01, 4.390002724828772e-01, 3.512404926111221e-01, 9.641819714387807e-02, 1.166090855535479e+00, -2.900131656136384e-01, -1.393999728853587e+00, -1.476753080230462e+00, -1.255693619953777e+00, 2.658393809837137e+00, -1.567135779986582e+00, 9.995266697641892e-01, -2.148511340407611e+00, 1.071970898176216e-01, 1.026454046662257e+00, -1.789535326389173e-01, 5.236904300233594e-01, 6.922125760005393e+00, -5.522865523873741e+00, -3.778321879554486e+00, 3.152421672162914e+01, 4.566253527519104e+01, 3.781986794907031e+01, -8.632995193086217e+00, -1.719900381969853e+01, 8.142533562187516e-01, -8.437441543742005e-01, 1.701642112398919e+00, -5.311361767395324e+00, -2.138141113201769e+01, 9.777925116053458e+00, -9.923017221390344e+00, -3.316072858394850e+00, 1.073761591807239e+01, -2.819254950495862e+00, -5.464722383484604e-01, -4.142739128933193e-01, -4.022071374737938e-01, 5.423164337093006e-01, -3.282122584965895e+00, -1.466844515294829e+00, -1.187640126629091e+00, -4.467416495394761e-01, 2.905838895742666e-01, 1.436662716579143e+00, 3.207035250288867e-01, -1.543126551399616e-01, -7.505564463239673e-01, 2.458443940256744e+00, 5.568891861147990e+00, -7.933504624187288e-01, 6.686672644885203e-01, 2.136635066859483e+00, -2.836791067291485e+00, 3.581318337798394e-01, -9.931410210759930e-03, -3.478756053400994e-01, -6.717938974358687e-01, 8.020727152906961e-01, -4.150241494674360e+00, 4.868813987003488e-01, -4.828144920996214e-01, 7.927461152696284e-02, 1.477584130082769e+00, -1.062187464137495e-01, -2.318285993384721e-01, -5.290395734971669e-02, -5.725325047548272e-01, -1.172879481849713e-01, 6.120856030311745e-01, -1.395403168381755e+00, -6.570554568433700e-01, -1.167702782414733e+00, 3.490614459374068e-01, -1.384429228254725e-01, 3.334063455522869e-01, 2.123303462497398e-01, -2.672821697927110e-01, -1.832664156486681e-01, 4.329552483427792e-01, 1.161893066461918e+00, 2.066727777213829e+00, 1.079856940713711e+00, -3.466385255884473e-01, -4.452054256978969e-02, -6.560831972040101e-01, -7.938589336630998e-03, 2.551477287314326e-01, 1.116449951646452e-01, 3.151784796511392e+00, -2.465583627571275e+00, -7.609728893038033e-02, -2.790241457649797e+00, -1.091542927953519e+00, 7.562678847753525e-02, 8.397183919361659e-01, -4.472386009051525e-01, 3.425060014076372e-01, -7.748118811246461e-02, -2.688867330660410e+00, 2.793263949156729e+00, -2.245732905110742e+00, 6.681815400078527e-01, 4.614911351385970e-01, -8.831157326224174e-01, -1.381610352187349e+00, 9.457531585689492e-02, -2.276904161419869e-01, 8.157718239463739e-02, 1.131639082599255e+00, -3.385496568738259e-01, 8.518693323611624e+00, 3.458554169199177e+01, 5.093010257769441e+01, -6.506019809579306e-01, -1.607166674593124e+01, -1.916272382760853e+00, 8.236749525854297e+00, -2.885332083992609e+01, 1.535094962970673e+01, -1.106670016007855e+01, 3.768800837870960e+00, -6.765833007965202e+00, 2.390591572409858e+01, -7.974534321449694e+00, -5.891959642799846e+00, 1.444147326710565e+01, 3.478403302400206e+00, 4.425967549802658e+00, -2.728331476100918e+00, -1.047495192024560e+00, 1.630325230882492e+00, -8.136894803509682e+00, -8.962410257054437e-01, 6.401097076475866e-01, -4.860136114876571e-01, 4.969954388347406e+00, -1.006940690459250e-01, 1.265042201634011e+00, -1.252026381288495e-01, -2.474281230303690e+00, 8.946930221414847e-01, -1.218875087432665e+00, -5.932774796055694e+00, 2.870412245893568e-01, 1.496351072980622e+00, -3.707327951298655e+00, -9.359000616845558e-01, 6.699974190554776e-01, 2.840809144051355e-01, -2.620225446455509e-01, 2.829990404177137e-01, -1.721694740023670e-01, 2.359974261482523e+00, 4.570155240710998e-01, 2.345880777830772e+00, -1.003452109956190e+00, 5.286528513484892e-01, -1.996916328406415e+00, 2.378080883998562e-02, 1.920987122848767e+00, -3.435021623152244e-01, -2.420598807100444e-01, 1.050183988945573e+00, 1.006219767811845e+00, -1.653977533104819e+00, 9.097101498867438e-01, -3.973153438468711e-01, 1.969942134588857e+00, -2.219670968112291e-01, -1.475781429701496e+00, -4.575784481653437e-01, 3.331105660717728e-01, -1.418584897977762e+00, -7.651063194202355e-01, 1.320189160049868e+00, 4.527346785811742e-01, -9.163576493779075e-01, -7.699116801931462e-01, 3.857333658820392e-01, 4.063602243188598e-01, 2.363011688686896e-01, -2.516295556552902e-02, 1.740636801183741e+00, 1.611055489919849e+00, -2.931777965803059e-01, -9.904650603732892e-01, 2.155701575709124e+00, -9.931417912651912e-01, -4.134871583892713e-02, -7.914954776330791e-01, 7.659714269548600e-01, 1.668740420043770e-02, -3.411743234373409e+00, -2.840173713365312e+00, 1.255831956351963e+00, 1.499584224319428e+00, 1.263047832657468e-01, 3.987108600199132e+00, 3.512820596851772e-01, 2.211533035707097e+00, 2.557285596920751e-01, 3.759097845997729e-03, 3.906957196307577e+00, 3.118880493330546e+00, -2.438386716839448e+00, 1.035021112367053e+01, 5.083823655283703e+00, 7.192979748050371e+00, 4.702856468074301e-01, 6.736605208600714e+00, 2.218976701182231e+01, 5.523815279413205e+00, -1.373835151590000e+01, 1.232192987261779e+01, 3.010405115829508e+00, 2.039286607317858e+00, -1.315528872444002e+00, -6.426667633693891e+00, -2.736770554472480e+00, 4.718396452350605e+00, -1.735924908697668e-01, 1.494188676278890e-01, 2.615122926999888e+00, -3.103075476751909e+00, -5.137052855656735e+00, 4.844151336293832e-01, -1.439714862640682e+00, 2.152104738673898e+00, -2.978375429504364e+00, -2.106192234196665e-01, -8.364759735635377e-02, 5.419744904495740e-01, 1.059673097273965e+00, -3.389256014789214e-01, -1.560727499182828e+00, 3.951509428018817e-01, 4.140406097420426e-01, -4.282160069460408e+00, -1.632628236928459e+00, -4.388538594197643e-01, 1.934403239755971e+00, 4.132183656836760e-01, -1.439600378826028e+00, 8.307935336131449e-01, 8.605200723654138e-01, 4.452949832570439e-01, 2.715630845250842e-02, 7.290986678227004e-01, -3.604583423019255e-01, -8.820076645512475e-01, -1.278531230950564e+00, -6.528235644739022e-01, 1.530505165334670e-01, -6.551791473159154e-01, -9.915956421338502e-02, 2.199605172634774e-01, -1.970910238931614e-01, -7.155355759282480e-01, 1.435659742548426e+00, 2.222194531243572e-01, 1.137799337132378e+00, 1.360125816204979e+00, 4.692597542449581e-01, 4.767849850277033e-01, 1.703751726815209e-01, -1.087261753846217e-01, 1.248277699265974e-01, 3.094256987299746e+00, -1.157932167696988e+00, 9.261133317262552e-02, 3.080135388103212e-02, -1.921070103972847e+00, -9.390151774125893e-02, -2.564036410909084e-01, -3.127780293192637e-01, -1.202888975999257e-01, 1.739866273378499e-01, -4.390897372257665e+00, 2.684148630952455e+00, 4.554381716157499e-01, -1.266696062280976e+00, 2.318787036262203e+00, -4.153226577018368e-01, -1.123257479016943e-01, 3.644269916473910e-01, 4.818761421734805e-02, 9.959220645470894e-02, 7.335572012742871e+00, -2.025690648293256e+00, -8.928253328436863e-01, 2.336557600480717e+00, -2.315320586305379e+00, 9.418618040878406e-01, 1.056815581359676e+00, 3.124724366171124e-01, -2.298624619011949e-01, -9.986998913299498e-02, -6.978492157722070e+00, 9.347394663741537e-01, 2.426350712950779e-01, -1.220142705858074e+00, 2.931731834036706e+00, 1.503472672096833e+01, -6.264896991953292e+00, -1.782028614663549e+01, 2.022127656318410e+01, 6.614554396867815e+00, 2.385625924436719e+01, 3.875372297806066e+00, 1.193911364811089e+01, -1.848299861714482e+01, -1.244427505516770e+00, 6.015515134372404e+00, 1.268578801709058e+01, 1.627651515917427e+00, 4.168125011037944e+00, 4.991443772355470e-01, 1.985988080416863e+00, 5.723628657249747e-01, -5.200324675806933e-01, 3.517831924351365e+00, -1.747261916015840e+00, 1.572863769428439e+00, 1.413149986317727e+00, 1.049292942594585e+00, 1.814176550354822e+00, -2.153739663052787e+00, 2.294976183085428e-01, -2.385612641728241e+00, 1.770636805022977e-01, 1.527615747568123e+00, -9.637696138938914e-01, -5.053316059338178e-01, -3.482382306893008e+00, 1.216415979501490e+00, 6.324205828831971e-01, 5.234589217880040e-02, 3.660031076617682e-01, -2.680617037016993e-01, -7.757383762877150e-02, -3.738376584488668e-01, -9.217736563555612e-02, 5.752131560850313e-02, 3.476360523018989e-02, -7.241524135117289e-01, -1.592823266209849e-01, -1.300975953202746e-01, -6.484812271383756e-01, 9.729827324023057e-01, -2.967512009929546e-01, -3.359229333488944e-02, 3.228962583395822e-01, -4.833471615639405e-02, -7.420589949522625e-01, -1.334403250171845e+00, 2.310626548772219e-01, -8.736933216187842e-03, -4.796801660652045e-01, -5.454960688276345e-01, 1.933270962851185e-01, -4.173087550745113e-01, 2.918160077550274e-01, -4.146897962383775e-02, -5.499484270557587e-01, 1.517727374099320e-01, 7.642825990237389e-01, 2.623781180958507e-01, 1.025226721346675e+00, -2.250519656075586e-01, -1.744324923219673e-01, 7.168731728238236e-03, 1.500435433347596e-01, -4.788749402803637e-02, 5.700937396105651e-01, 8.446371599099194e-02, -1.892517395468320e+00, -1.153450489118708e+00, -4.305033611308437e-01, 9.609853308410451e-01, 3.596517765732986e-01, 4.486069580505710e-01, 9.541204998197782e-02, -1.622485966932665e-01, -1.478125767629907e+00, -7.199760310790456e-01, 2.708369049230224e+00, -7.375599482360281e-01, -5.754263828404548e-01, -1.266166673953362e+00, -2.210332696247846e-01, -7.501588661568221e-01, -1.147112507474836e-02, 1.717953571544390e-01, -5.666722988226795e-02, -7.578259347617928e-01, -1.501937541132700e+00, 2.673266645285632e+00, 7.871075571266611e-01, 2.118821202065964e+00, -2.836861393201464e+00, -1.392546460767784e+01, 6.311116574633859e+00, -7.723502258966397e+00, -1.887268104334285e+01, -1.876046058353054e+01, 1.382961860526940e+01, -3.241153025047372e-01, 1.007982244301769e+01, 5.178597535331503e-01, 9.869496471769317e-01, -2.822399178679849e+00, 1.222538727609130e+00, 1.482967675531333e+00, -1.235546670003832e+00, 4.644924840297021e+00, -1.559947548492290e+00, 8.611819041433444e-01, -1.770397765895543e+00, 1.444628751915911e-01, 1.759940052583644e+00, 4.301838394108025e+00, -2.571975937374452e+00, 2.204508942956044e+00, 5.957104461475842e-01, -5.644577612079141e-01, -1.647399872679628e-02, -8.937416278018391e-01, -1.015973739943316e+00, 2.146693178671417e-01, -4.621941358213352e-01, -4.508913805813659e+00, -5.723056860400700e-02, -1.413017202320370e+00, 1.132407105060428e+00, -2.468847441340489e-01, 2.915089819195769e-01, 3.715421555368497e-01, 4.174089975589745e-01, 2.905284414673203e-01, -3.963145071210215e-01, 3.256389873693589e+00, 1.347849377809845e+00, 2.663486872140722e-01, -9.514370848651817e-01, 9.396451727032160e-01, -4.291426976332542e-01, 1.573395536926023e-01, -2.115203992927124e-01, 2.636570331425558e-01, 6.243784394627332e-02, -1.960584577342496e+00, -3.573367735101778e-02, 5.189931802420359e-01, 4.393792830324990e-01, -1.006318375285627e+00, 3.872363178838586e-01, -2.547338059001670e-01, 1.868081287507489e-02, 1.260961434273165e-01, -1.310277213547502e-01, 1.793167945094172e+00, 1.050453128107666e-01, -3.474083617929526e-01, -2.917646660033631e-01, 4.778932237067656e-01, -2.144273466133789e-01, 2.245681982353032e-01, 4.284806811244180e-02, -4.452215371717679e-02, 5.377534216507225e-02, -2.993896175698250e+00, 1.379315138344117e+00, -4.973493518553277e-01, -4.024189182461004e-03, 8.417839852071188e-02, -2.045087186570525e-01, 8.389805876078242e-02, -1.084096467512615e-01, -8.750068395579491e-02, 1.845456610541978e-02, 2.464946228649259e+00, -1.401277919370278e+00, 2.559695887281316e+00, 5.438875685148175e-01, -4.105451805610997e-01, 3.691703370317949e-01, -1.886901500288371e-01, 2.292996982916689e-01, 2.047383978705308e-02, -1.331557858938900e-01, -3.258442377903401e+00, 4.526847429758494e-01, -4.386172034687539e+00, -9.923207261278715e-01, 7.117645167053198e-01, -1.557354750119115e-01, 3.847365064004249e-01, 1.094572190475221e+01, 3.425456010483355e+01, -6.613108691874404e+00, 2.407066821856815e+00, -1.640013448773124e+00, -1.301835403155152e+01, -2.706879510412412e+00, 2.166445899098563e+00, -5.466295291388930e+00, -8.517408402843937e-01, 1.966984967920836e+00, 8.712460798716388e-01, 4.814879774968696e+00, 3.710875221252700e-01, 5.759313486449137e+00, 4.081028032138703e+00, -1.453049173846341e+00, -4.588107749464438e-01, -2.615561856070981e+00, -7.644544172807182e-01, 1.034249270252292e+00, 2.529774961223625e+00, -2.808566743785366e+00, -3.830525751852889e+00, -1.878912055410128e-01, 2.258670638775825e+00, -2.871266758646227e-01, 1.263341437167805e+00, -5.346826944478728e-01, -3.687216389401932e-01, -6.378147706420002e-01, -2.977564070199847e-01, 2.152127379989501e-01, 1.006269126489504e+00, -1.277984427968294e-01, -8.291679909351430e-01, 9.697380880431629e-01, -1.150718484613525e+00, -3.322636540056865e-01, -7.834311793533662e-02, -1.269440071737235e-01, 9.464496381543747e-01, 5.449306695512776e-01, 2.143295726675284e-01, 1.768464820476564e-01, -7.527149847047637e-02, -5.773151912092338e-01, 7.572499064737428e-01, 5.485215941500684e-01, -1.514566961267251e-02, 1.671616382618836e-01, -9.504569688127551e-01, 9.545408742310408e-01, 3.019890453249011e-01, -3.274405614959926e-01, 3.681891524932073e-01, 1.750230992875962e-01, -2.527116467021780e-01, -1.526771319538487e-01, -7.927897735466603e-02, -1.925775880526866e-02, 9.350186957343166e-01, -1.609264466964916e+00, -3.052435740767244e-01, 6.902777974862159e-01, -2.391444266782060e-01, 1.434118631226581e-01, -1.225136805713945e-02, -1.879793298532843e-02, -8.805324007525628e-02, 1.835494453678917e-02, -3.824818575941782e-02, -8.539011005410385e-02, 4.809105321804635e-01, -3.623673033785379e-02, 3.203475681902824e-01, 1.307613836593053e-01, -6.027710404697855e-02, -1.226489117248522e-01, 1.496003548323098e-02, -9.303200472661889e-02, -1.412103043263687e+00, -2.360404215274028e-01, -4.891842012542509e-01, 3.016440236115837e-01, -2.411592046225404e-01, -3.203056788399352e-01, 2.127201658936413e-01, 2.577832471245595e-01, 6.790627817716735e-02, 5.601191128529270e-02, 4.748946996611301e+00, 1.212663653022130e+00, 5.247550578920763e-01, -9.092415987189135e-01, 3.667820864592644e-01, -2.492339579482925e-01, -3.769692737271326e-01, -4.184182391050561e+00, 1.243079319328195e+01, -1.382732084309004e+01, 6.409134952728161e+00, 7.724357576705836e+00, -8.663461056319575e+00, -3.030363045663597e+00, 5.257213832264486e+00, 1.189530002372321e+01, 1.603348734186293e+00, -1.025877516916913e+00, -4.351008433515016e+00, 8.956455006349101e+00, -2.457064755654783e+00, 9.293724582976498e+00, 1.487916517263304e+00, 4.532703706771847e-01, 4.176701900671482e-01, -3.089369995735465e+00, -1.898757515419932e-01, -2.237441908413389e-01, -6.004372861277968e-01, -3.911804415602839e+00, 9.251981903721609e-01, -2.595781804128798e+00, -3.651402013257185e+00, 1.275376932691019e-01, -3.825203963415935e-01, 4.910753875548278e-01, -5.855472341677653e-01, 2.791465621398479e-02, 2.308570838570775e-02, 2.482480450144383e+00, -1.523355030792694e-01, 2.066373876486275e+00, 5.325881437540467e-01, 2.357612963382662e-01, 7.539615574809890e-01, 2.406424030743953e-01, -1.331523889641625e-01, 5.746894048314788e-02, 1.075579012320126e-01, -5.556524400340218e-01, -4.683415174501028e-01, -8.351167803279568e-01, -1.248737302301896e-01, -3.709678791957353e-01, -2.205677690113428e-01, -3.139764696433611e-01, 7.675096241556122e-02, 3.997644787027790e-03, -4.837851447968348e-02, -7.129452783936144e-01, 2.900756313786406e-01, -8.707549304276818e-02, -1.230969095421232e-01, 3.266227089201891e-01, -1.167705922709790e-01, 2.271386701618429e-02, 1.125225896178868e-02, -1.947993993207441e-02, -4.682600370293672e-02, 7.793360561101440e-01, 4.946814252574306e-01, 3.769111738862724e-01, 2.774748221287008e-01, -6.997863273373438e-02, 7.854798799878220e-02, 4.897804267296256e-02, -3.182596385208548e-02, 1.004599240753664e-01, -2.806348989073083e-03, -4.881954126502953e-01, -3.855203171907950e-01, -3.138103975043279e-02, -5.981445442015547e-01, -8.981398347950025e-02, -1.149831190602031e-02, -9.480626479876229e-02, 2.225912940310826e-02, 2.356336877364784e-01, 4.947351493647006e-02, 7.432787140129788e-01, 9.135387980836227e-01, -4.256015680599669e-02, 1.108452414476939e+00, 3.113129695058354e-01, 5.773880528988469e-02, -1.417183592596410e-01, 2.508437743251014e-02, -2.003940428512749e-02, -5.496660445806409e-02, -1.308167849814357e+00, -1.947885680513244e-02, -1.285763407797138e+00, -1.166352506995675e+00, 4.755458068772964e-01, -1.874908647461395e-01, -2.121700917508389e-01, 2.119031863892335e-01, -1.077727596664305e+00, -6.543455727356105e+00, -1.982663227823499e-01, 1.494000436679382e+00, -2.463447724603535e+00, 1.117854247771962e+00, 2.118490872108528e+00, -2.682783809106186e+00, 8.503360157315137e-01, 1.482219824429133e-01, -5.636490868080185e-01, -1.495055520001646e+00, 2.195682719692340e+00, 2.433718214602348e+00, -1.288991853723187e+00, 2.314663336504045e-01, 5.019580851090231e-01, -1.064528734596637e+00, 1.573426569064414e-01, -6.246766352567550e-01, -2.664747475448188e-01, -3.319455429926572e-01, 1.722433537702064e+00, 4.316288850412121e-01, 1.904387567951201e-02, -3.965191653845239e-03, 7.425413933833458e-02, 4.445627995066160e-01, 6.436131937896460e-03, 4.428001329697923e-05, -1.244440911626782e-01, 3.253191274802376e-02, 4.778225001366255e-01, -1.489277369039712e-01, 3.110446327100390e-01, -1.901194202857640e-01, -1.465725551093267e-01, 3.228093273992713e-01, -3.147454759371967e-02, 9.302508672795019e-02, -6.002712475962615e-02, 6.731466449917166e-02, -2.277306983377125e-02, 1.254035424217857e-01, 4.068478603026030e-02, -1.800523866455897e-01, 5.818958870890087e-03, 3.754995149461005e-02, 2.502330680419207e-02, 2.133750285616297e-02, -2.652006138973204e-02, 1.177320777467426e-02, 7.291401353807980e-01, 2.563159471165278e-01, 2.786641386762472e-01, 7.750650907602138e-02, 6.929959798438727e-02, 2.618044682181044e-02, -3.334553335287649e-02, 1.016598308810264e-02, -4.034109264563909e-03, -3.124723075146702e-02, -4.044342960372437e-01, 7.717707592265869e-01, -1.685649555564757e-01, -4.187617853059279e-01, -6.330650999821136e-02, 9.708140328938905e-02, 9.465909605460253e-04, -1.058726418998043e-02, 4.290239554977863e-03, -1.707906670781231e-02, 8.629091785621890e-02, 1.508816286866576e-01, 4.294000798704698e-01, -6.503175993378807e-02, -2.501363559963684e-01, 2.579999166077704e-02, -1.070678099138688e-01, 2.164550490058964e-02, -1.174878903972067e-02, 4.174321958903159e-03, -7.065396264162869e-01, 1.582218687014454e+00, 2.278375853847938e-01, 1.308714291249123e-01, -4.842990201775574e-02, -3.283161077878161e-01, -4.529712972377638e-01, 1.412522778056911e-03, -4.984964065753850e-02, 4.836184262663077e-03, -6.393947097496318e-01, -7.570765772469529e-01, -3.240927495964326e-01, -3.048752917942938e-01, -1.959169207108352e-01, 1.967646215578355e-01, 4.760636325141140e-02, -4.455852713440125e-01, -8.425621536598436e-02, 1.922996450646820e-01, 2.251280438038441e+00, -1.037965183377668e+00, -5.820931929927784e+00, 1.074360919512402e+00, 2.921367821939232e-01, -8.632909076629058e-01, 1.383274122172514e+00, -6.693060503213288e-01, 7.971310133514247e-01, 1.649984943737448e-01, 1.406712093743781e+00, -1.290997103904797e+00, -1.686104802228305e+00, -3.766285022942494e-01, 6.247034480049405e-01, -2.726252052018721e-01, -4.277488594445823e-02, -1.783712907118002e-01, 3.631219826344045e-01, 4.107163335597543e-02, 4.773207297028673e-01, -3.001698005454053e-01, -3.959978151992689e-01, -3.130864589771264e-01, 2.035322109004088e-02, -2.469759702630056e-01, -4.688005097456049e-01, -1.499831738646616e-01, 3.816904000054111e-02, -7.022757519577221e-03, 7.797230789566510e-02, -9.246196997891171e-02, 1.652210894523755e-01, 9.051309207280350e-02, -7.437245697396866e-02, -8.216676071209850e-02, -5.520144571077713e-02, -7.534700770375195e-02, -2.891610971601774e-02, -1.642865042057591e-02, 2.971537509213401e-02, -6.067727220520031e-01, 1.458467460511838e-02, -1.926481449472564e-01, -2.158771774170084e-02, -6.399431261004023e-03, 2.017022128997918e-03, 4.150951773443740e-04, -1.016820452945508e-02, -1.693310611508507e-02, 5.931579814336055e-03, -3.622494129686597e-01, -2.993565505631491e-01, -5.813210420892505e-02, 1.167264691515540e-01, 1.063980639969108e-02, 4.268125880395557e-03, -2.809231977320713e-03, -2.551038778541592e-03, -1.779207648044345e-02, -7.368305607299100e-03, 5.060625424830821e-01, -9.739784180253104e-02, 2.353779098430727e-01, -1.366212031042393e-02, 8.333751255327007e-02, 5.234605994943214e-03, 4.108301961489746e-02, 8.962518466903187e-03, -1.889036036051088e-02, 2.687056128111777e-03, -1.313533315348222e-01, 2.310453513890088e-01, 1.380956022539080e-01, 2.277667843685027e-02, 3.696514228460482e-02, -4.199987255354590e-02, 2.171580387412477e-02, 1.850736280740321e-02, -1.177458983064045e-02, 2.659608973099266e-03, 1.537637865756517e-01, -3.466270722635587e-01, 2.014740973814778e-01, -2.697820712586507e-01, -9.221663755334890e-02, 1.946014710874846e-02, -1.035067060245992e-01, 3.334844119201202e-02, -6.680490809483207e-04, 9.201938916229551e-04, 1.996543874147668e-01, 2.185854695927200e-01, -7.976158937510498e-01, 5.354978853909551e-02, -6.688604093845381e-02, -4.148459956011341e-02, -1.544764472210274e-02, 6.411092235567284e-02, 2.041211395087198e-03, 6.103497388360749e-03, -1.423890592819520e+00, 1.197957138713227e+02, 1.859499156196778e+01, 1.220203414390069e+01, 2.394038180771674e+02, 1.517912621841446e+02, 7.575119263394593e+01, 2.810377753652972e+01, -1.687960638519646e+01, -7.232260140980713e+01, -4.315961966814151e+00, 1.814515624383110e+01, 2.837178283307325e+01, 3.709807856720137e+01, 6.375066002903472e+00, 1.294748789438136e+01, 1.732662817228491e+01, -1.170730145975425e+00, 7.530171536422600e+00, 2.058960568825630e+01, -6.027350985907880e+00, 4.311575193024353e+00, 7.765432347125254e+00, -9.239616801195599e+00, -5.932217614088438e+00, -8.511972672596247e+00, 2.503829798921269e+00, 3.822971347870181e+00, -3.612842633495247e+00, -6.193529116427031e-01, -2.306868367980442e+00, 4.076893284456174e+00, -5.238258602539638e+00, -3.596533791748469e+00, -4.501907233414291e+00, 2.530018290095854e+00, -4.497687809312580e+00, -2.512949875713272e+00, 1.321136230654251e+00, -8.275348653325844e-01, 1.176883414081789e+00, -1.499137969965023e+00, -3.379273440793762e+00, 1.849819879974860e+00, 1.403717919849393e+00, 2.383916934655026e+00, 1.590115358477178e+00, -2.252399884737429e-01, -1.540865512295687e+00, -2.981861694641564e-01, 2.354691550224399e+00, -7.438055565730428e-01, 5.291177044850782e+00, -2.680566120302502e+00, 2.918121630573317e+00, -3.544166503825569e+00, 1.414212975958568e+00, 6.393059586323649e-01, 8.553595637270996e-01, -2.389692802963506e-01, 1.221650914191974e+00, -3.993113348660881e-01, -2.436862346984171e+00, 3.577809720457188e+00, -5.102601161587891e+00, 1.221081392795207e+00, -2.329817418197995e+00, -7.720226112826951e-01, -5.058588561217490e-01, 1.012226400969148e+00, -4.859886380108165e-01, -6.657276587991939e-02, 2.328733285192431e+00, -3.680827627952007e+00, 3.309245151510759e+00, 5.141989505359885e-01, 6.084189931161168e-01, 1.896583704392510e-01, -5.803442171793749e-01, -1.447016669401443e+00, -1.093675410383276e+00, 5.827424443506624e-01, -3.643198348245765e-02, 5.957688883755185e+00, -1.998116028185073e+00, -2.546699854460400e+00, 7.617163692600316e-01, -1.155972212171473e+00, 3.093343456230417e+00, 1.383014139902189e+00, -1.282328830664394e+00, 3.634062947488168e-01, -2.986546452267265e+00, -9.104419263681372e+00, -9.086805129505815e-01, 7.760514826516595e+00, 7.767284756440400e-02, 3.191629729458509e+00, -6.113241093023625e+00, -1.612995688438704e-01, 2.415353822692677e-01, -5.938313194288880e-01, 6.376074566729470e-01, 7.871138810592604e+00, -7.394284061463894e+00, 8.813947525436691e+01, -3.495157741572653e+01, 5.159890649288121e+01, 2.761764227692809e+01, 2.674614164693217e+00, 3.940301925209891e+01, 1.249156985028692e+01, 2.307924034958279e+01, -2.292106017341049e+00, 2.303015973666222e+01, 3.833136618983831e+01, -1.009905619283815e+01, -1.265449290288420e+00, 2.362101358261375e+00, -6.405512529522318e+00, 3.002082611562054e+00, -2.754638397996242e+00, -1.925692708370712e+00, -2.627578262513408e+00, -4.865691907458297e+00, -8.824139979465292e+00, 3.651120683902289e-01, 6.498078830745198e+00, 7.021415466117383e-01, -7.462957548201360e-01, 2.295800591244383e+00, -1.636047724941552e+00, 3.947186371556679e-01, -2.039748998824959e-01, -2.105413633676744e+00, 7.918551304166954e-01, 9.214652078069074e-01, -2.981894037192998e+00, -4.170035509378820e+00, 2.041314578239182e+00, -2.693508840509641e+00, 1.576730977582551e+00, 7.136129462045211e-01, 1.403995733432718e+00, -3.589467136326217e-01, 4.195803190860998e-01, 1.642881809141858e+00, 8.020897002488694e-01, 8.787283203294906e-01, -4.917722425648705e-01, 5.434276212408341e-01, -7.276900066233526e-01, -5.752791327348759e-01, 1.398692641756504e+00, 7.766504118973606e-02, 2.370729931224958e+00, -2.781670970263255e+00, 1.604466592502870e+00, 1.489838739343372e+00, -1.969143004460801e+00, 8.131260747425866e-01, 3.136497612283947e-02, 1.922019970412562e-01, 1.158109465056436e-01, 2.514289855777853e-01, -4.081496939604862e+00, 4.055963685303433e+00, -4.516489933036683e+00, -2.059612997071202e+00, 2.649155359262283e+00, -1.462786340126314e+00, 4.708774050851284e-01, -1.638929440960328e-02, -7.571924497164454e-01, -3.920939725451424e-02, 9.955462721268107e-01, -3.893854962734846e+00, 3.906551715153507e+00, 4.646140719884042e+00, -1.380366142505590e+00, 2.435044116978777e+00, -3.998202121735723e-01, -2.162028998256016e-01, 5.269252499736129e-01, -2.238295209554305e-01, -1.358292341499175e+00, 3.884954825610088e+00, -2.964755022755285e+00, -3.893557100630810e+00, 2.445969373200492e+00, -2.435693541974014e+00, 2.515458022653443e-01, 1.604396873114807e+00, 1.896457614385365e+00, 1.863414725938409e-01, -2.488788703620017e-01, -4.076919729118427e+00, 2.517828020279547e+00, 3.405755804664750e+00, -3.388852689242257e+00, 3.917827173613060e+00, 7.725636662544927e-01, -3.196670335604038e+00, 1.251517366826017e-01, -3.406999279793746e-01, 2.842136553762462e+00, 1.315968553843257e+00, -4.010485311736277e+00, -8.679344507805912e+01, -2.022690852812362e+02, -1.519554985838753e+01, 9.987507804675387e+00, 2.238130855276247e+01, -4.385330374117235e+01, 2.705371014146759e+01, -8.455086349238064e+01, -3.797088056712930e+00, -3.762348282526744e+00, 8.691043045864168e+00, -3.586865586080881e+01, 1.485187247570248e+01, 1.114605621569452e+01, -1.016492543401137e+01, -1.962871054271558e+00, 6.416267580207990e+00, 1.241083360827095e+00, 7.662351978869910e-01, -2.284083695810161e+00, 1.261614031731380e+01, 9.505386479748262e+00, -6.611292660892318e+00, 2.041183504058972e+00, -1.158767031157014e+01, 4.625966527325057e+00, -1.001190178824893e+01, 6.781965106496081e+00, 5.793175163252311e+00, -2.562108777015835e-01, 9.006752530863363e-02, 4.415815901424963e+00, 1.067616552901230e+00, -6.347651599806080e+00, 6.332788218168594e+00, -9.555934699611718e-01, 2.632521534300701e+00, -3.252959873308188e+00, -2.475700656988256e+00, 6.330911813574959e-01, -3.007323110876554e-01, -4.169739521572289e+00, -1.588315326622453e+00, 5.918481690567835e-01, 2.271919590861013e+00, -4.729086205377007e-01, 1.548028431345276e+00, 6.387880179372273e-01, -1.705042995979719e-01, 4.255644801267138e-01, 2.688254263916359e-01, 1.418559007421511e+00, 2.840723325599275e-01, 3.153298269721508e-01, -3.504330223869730e+00, 1.925595130247181e+00, -2.116879883448229e+00, 6.020753740341834e-01, 3.689780881522678e-01, -9.809675455676341e-02, -3.773861120934945e-01, -1.089959931008461e+00, -1.262167813909502e+00, -1.279497399345508e+00, 2.151004278877317e+00, -1.379358507442142e+00, 9.881368629298966e-01, -9.587102005789627e-01, 3.315577657094388e-01, -3.646823500323101e-01, -5.583441604201737e-02, 4.812470547534627e-01, 6.043357263168770e-01, 1.094724210537458e+00, -6.512451506273225e-01, -2.058443756094021e-01, 7.556935330891575e-01, 2.130611442140939e-01, 5.023657134097879e-01, -6.392625243483413e-01, -1.071348526952552e-01, 1.343134015196332e+00, 1.261029894399285e+00, -2.797042394852340e+00, -7.088723405990589e-01, -1.310146052453839e+00, -4.246113886920848e+00, -3.418382561330081e-01, -2.760770167065401e+00, -8.606458240580008e-01, 1.966475046300547e-01, -2.438247840705319e+00, -2.566252961440724e+00, 7.381770766353464e+00, -3.482028908504498e-01, 1.671307029005735e+00, 5.586799698674334e+00, -6.525164580357542e-01, 2.382930550938933e+00, 1.807418192885403e-01, 7.570141634120168e-01, 2.541885153764809e-01, -3.406257765825762e+00, -5.084971896319215e+00, 2.118967644877083e+01, -7.534525199155296e+01, 3.547629054679680e+01, 9.700418062848756e+00, -4.878874247012381e+01, -5.858449759866107e+01, -6.362147976958704e+00, 2.953242248085599e+00, 6.102113667870121e+00, -3.019615884517445e+00, -7.146491981363121e-03, 1.603111462529243e+01, -4.385032460160036e+01, 9.261577472452492e+00, 7.108640020432433e+00, 1.029945620077218e+01, -2.145685448876733e+00, 4.866892067061770e-01, 9.554976165885915e+00, 4.162255135630523e-01, -3.933991297268205e+00, 2.798423447442566e+00, 1.322248786995429e+01, -5.572027260433371e+00, 1.319815732041621e+00, 1.520034369284860e+00, -9.694526489763848e-01, -1.672700848322650e+00, 2.074087490197991e+00, 3.304585339016705e+00, -2.177237973887178e+00, -1.857155892133253e+00, 2.481008193735251e+00, 5.509168216288430e+00, -2.705598116226216e+00, -4.238714653517265e+00, 2.153614495711960e+00, 1.536007659223812e+00, -3.270751403157005e+00, -2.942674328627284e-01, 1.393862400867289e-01, 4.514509548785545e-01, -2.620005410755156e+00, -1.369183180973230e+00, 2.223366305714089e+00, 3.217291331639815e+00, -1.611572681149667e+00, 5.640208050355440e-01, 1.327051754804451e+00, -9.396162566310382e-01, 6.111516111108950e-01, 4.929125651450890e-01, 4.470869708344911e+00, -8.372622343247283e-01, -6.736614873595040e-01, -2.395569287295801e+00, 5.954508927694232e-02, -1.658116567238215e+00, 2.947384482471345e-01, 6.659906230418545e-01, -2.532306465641921e-01, -4.767695524452316e-01, -8.476518471727340e+00, 1.079554832746512e+00, -5.855820553162183e-02, 5.219755554412663e-01, 1.550321573067289e+00, 1.614983518911124e+00, -1.453664906005025e+00, -1.605821645184289e-01, -2.542312060335733e-01, -1.306653054972066e-01, 1.085458349525271e+01, -4.288207573523414e+00, -8.450403719233489e-01, 1.608663984688703e+00, -3.143140543354554e+00, -1.083491703651600e+00, 2.353313194451177e+00, -1.601833117721167e-01, 9.159536283267328e-01, -1.396524929756632e-01, -1.439057552357977e+01, 4.492931156932554e+00, 1.434170086248359e+00, -2.867097039008061e+00, 4.195109002610625e+00, 8.513988138684446e-03, -3.662363583045825e+00, -5.061325426917309e-01, 7.475056297677740e-01, -3.676324843772374e-03, 1.414984079622778e+01, -4.586157657100827e+00, -1.545970007730707e+00, 2.847235344079013e+00, -5.087169721714330e+00, 1.062557863446982e+00, 3.402018286612186e+00, 1.457866097173941e+00, -1.123569314321089e+00, 5.170279758746221e-01, -1.581305914944066e+01, -1.642448235967849e-01, 1.278078796615616e+00, -1.134059119287114e+00, 6.714855149466921e+00, -7.184259127365851e-02, 1.162070879261320e+01, -3.533593133136763e+01, -2.127121728450843e+00, -5.899608517174634e+00, -3.461727319584410e+01, 1.756643436712672e+01, 1.642206505110070e+01, -9.616249105976493e+00, 3.962794070245942e+00, -1.056660941118443e+01, -1.187782517726008e+01, 8.033650932979217e+00, -5.557192877641024e-01, 2.013206203565516e+00, -1.169097774021089e+01, 5.223681098033996e+00, -7.981446366318896e+00, 8.704930371164007e+00, 1.918124782896264e+00, -1.918956783743789e+00, -3.336932414915531e+00, -1.939682753975236e+00, -6.219629858127204e+00, -9.991862133258536e-02, 2.563974735735003e+00, 2.896641562105893e+00, -1.712338058772545e+00, -3.549074652677965e+00, 6.702622751534868e-01, -4.246025208272410e-01, 4.307415883136571e+00, -9.720410399827086e-01, -8.368851303129606e-01, 9.788391382662582e-01, 1.530732011587259e-01, -9.173005252865839e-01, 2.788438221072324e+00, -3.290507579924896e-01, 1.418384648833837e-01, 6.399990005856230e-01, -1.820324691014218e-01, -2.023970266817321e-01, 2.235096025563741e+00, 1.976707392866849e-01, -3.444065227951205e-01, -7.130646811148861e-01, -1.105967848716521e+00, 1.200493239350469e+00, -8.965638287080815e-02, -1.052840904466138e-01, 2.719615589565476e-01, 3.712446502575147e+00, -2.094257089612468e+00, -8.100063579589398e-01, 1.281924769168338e+00, 9.854459234898668e-01, 2.173775030872160e-01, -5.456626779033893e-01, -2.692155412720536e-01, -8.987670246996322e-02, 7.637969331285028e-01, -2.673202974470326e+00, 5.423333630793141e-01, 8.868549660612398e-01, -1.734136623970512e+00, -7.158327147479534e-01, 4.226426276141823e-01, 7.742951174534974e-01, -2.985145745967563e-01, 3.331960480453489e-01, 2.292606298322358e-01, 2.839610365567783e+00, 9.196032273747433e-01, -1.374138426429851e-01, 9.425197242916119e-01, 2.180800325105303e-01, -9.110832085865629e-01, -1.020212418235558e+00, -1.291216806143242e-01, 1.065240686567937e-01, 6.065952529879906e-01, -2.382565902596306e+00, -2.054187734701596e+00, 2.194293614385905e+00, 5.981095595811979e-01, 4.483670919453700e-02, 9.939044060172266e-01, 1.056014671664591e+00, 2.863665765430440e-02, -1.348090766945063e-01, 1.526394953237095e+00, 4.837401645972983e+00, 3.147830834129560e-01, -4.372773670390168e+00, -2.050728181280769e+00, 6.442541054716230e-01, -1.041856275336526e+00, -1.897788443212227e-01, 2.681347070519478e-01, -1.868555241386274e-01, -9.458689882550873e-01, 8.031207097520368e-01, 8.967787310501161e-01, 6.906801153276443e+00, 1.241767268026815e+00, 6.323939377682758e+00, 2.623142357843714e+01, 6.203753788790165e+01, 1.579638327969519e+00, -1.796387098813506e+01, 2.976135560246848e+01, -7.249306220897025e+00, -5.493930768750611e+00, -1.574146027852053e+01, 1.152372816277183e+01, 7.810730403368004e-01, -1.063339869782717e+00, -2.150487250109998e+01, 7.231721632117656e+00, 7.293481127374863e-01, 4.250380797872944e+00, 5.688126383989102e+00, -1.040625147467638e+00, 2.856294514219896e+00, 2.241733378906803e+00, -6.965540734830453e-01, -3.044524449744554e+00, 5.444162308578192e+00, -1.168977468259996e+00, 7.450011804531654e-01, -4.872117495812653e+00, 3.395625356164126e-01, 1.195025180020479e+00, 1.568266380403442e+00, 6.209528854008838e-01, -7.501437636679864e-01, 6.346028506749906e-01, -1.164627318621296e-01, 3.027137076636709e-02, -4.104085479619169e-01, 1.785983186872277e+00, -1.483659072344765e+00, -5.468353912379039e-01, -1.140279296685749e+00, 2.149131815993820e-01, -3.236587696763373e-01, 1.444260395719269e-01, -1.544567788060849e+00, -1.607014974366532e-01, 5.553906842524684e-01, -1.070951921732810e+00, 2.363715843151258e-01, 3.718293921341457e-01, -1.032555255641285e-01, -4.924708991990951e-01, 6.731210155135793e-02, 1.065646889764225e-01, 2.253899441357138e+00, -1.529184408737198e+00, -1.149548570801633e+00, 6.448753389532199e-01, 2.605924459055223e-01, -2.211041216355873e-01, 6.170386249648814e-01, 5.939709585706233e-01, 1.284967564735438e-01, -1.136929131966859e-02, -2.620103572395643e+00, 1.255157702529518e+00, 1.349722867316830e+00, -3.705038500454825e-01, -1.052039317957490e-01, -1.663473782032861e-01, -7.548182499316854e-01, -5.674763711627548e-01, -5.037781490835060e-02, -6.292340226718622e-02, 4.265328445541734e+00, -2.363628741596148e+00, -1.409691546659762e+00, 2.110364458726201e-01, -3.723896164919931e-01, 8.313050454387026e-01, 5.312653500518599e-01, 6.836721316884813e-01, -1.071110423417451e-01, 1.032341213126534e-01, -4.309839042266801e+00, 2.382476095308850e+00, -2.957162186459767e-01, -5.202436597636074e-01, 4.937803058372012e-01, -1.084177631763972e+00, -4.056209958970587e-01, -8.854544029480124e-01, -5.091724332172468e-02, 5.954583062695928e-02, 5.049513549788614e+00, -1.629468005220798e+00, 2.063000537122127e+00, 8.510832156464193e-01, -8.225695006085906e-01, 9.063869667193184e-01, 9.154370893032020e-01, 9.001228607632669e-01, -1.970897080459814e-01, -1.699506945262195e-02, -4.814583539378617e+00, -3.786579393829075e+00, -3.997786573633680e+00, -1.749103320140450e+00, -6.540677302114638e-01, -6.042317063578226e-01, 3.712507148023191e+00, 1.244264441232603e+01, -7.518243063037225e+01, -3.071597199106549e+01, -1.156546978040540e+01, -5.016442372216808e-02, -1.148508899703136e+01, 2.042933462703788e+01, -2.018716696437060e+01, 9.211581370658696e+00, 1.159810514692497e+00, -9.366718444291742e+00, -9.978400656894991e+00, -1.026349597321165e+01, 7.695026142605288e+00, 1.469982035821316e-01, 1.215695756087882e+00, -8.794207513952698e-01, -8.005951974464475e+00, -2.974824739446255e+00, 3.882191231152879e-01, -7.856778272519329e-01, 7.401715730055882e+00, 9.679210680199970e-01, 7.632496630037765e-01, -1.463765535028478e+00, -5.884118847213108e-01, -1.036099605955962e+00, 3.775051345718862e+00, 1.875399052493349e+00, 5.452346147675365e-01, 9.758172913126769e-01, -5.480109664870027e+00, 4.047110359316259e+00, -1.119471478416630e-01, 1.857516347910292e-02, -1.054035844231294e+00, 5.942549070964988e-01, -2.870218610285358e-01, 5.854898856007054e-01, 5.997890119399293e-01, 4.756830683958359e-02, 1.902666572819641e+00, -4.027530601038553e+00, -1.007747473098398e+00, 6.822451771951020e-01, 1.113354868040916e+00, -5.133106396479545e-01, 1.885577641126353e-02, -7.022352736868717e-01, 3.493336476197083e-01, -2.699659104357640e-01, -1.187653087188409e+00, 7.225089067862289e-01, 2.159189394578062e-01, -1.939667634040166e-01, -3.992821875704992e-01, 6.158950123366658e-01, -6.129996036255835e-01, 2.122438885892500e-02, 1.697452989955707e-03, -2.447864970771771e-01, 8.121389072502750e-01, 9.102207571592581e-01, -4.753712498418943e-01, -3.730552905324436e-01, -3.479556480847487e-01, -7.619433604601366e-01, 9.154408767527861e-01, 2.352925928485415e-01, -2.299035995154404e-01, 1.909116842779210e-01, -1.879341083656082e+00, 5.164663818016324e-01, 5.887882560893565e-01, -4.446400231662721e-01, 3.049479761158321e-01, 3.209705155102979e-01, -7.353634793454359e-01, -1.642943003737638e-01, -2.711456044889250e-01, 1.007559967144363e-01, 3.423437552740982e+00, -3.645976812626161e-01, -6.971878419297716e-01, 3.684520202578475e-01, -5.448046503498570e-01, -3.754949586948088e-01, 1.863956396352094e-01, 4.893372103956319e-02, -1.708082671186036e-01, -9.621315479291036e-02, -7.966761702806576e+00, 8.804836887686146e-02, -3.129934898783235e-01, -2.088101349828899e-01, 6.148857416477794e-01, 1.293927635439940e+00, 8.006643099658517e-01, -8.640493267350891e-02, -2.105572298256653e-02, -1.838436180634266e-01, 9.987647788295094e+00, -3.356555652471262e+00, 1.666985920405287e+00, -1.352057974323035e+00, -3.474535312613941e-01, -2.331289603780563e+00, -7.701910610478950e-01, -5.363373922246332e+00, -3.806378928776525e+01, -1.471758721677577e+01, 2.678851767646556e+01, 2.810041511444922e+01, 2.534266152659327e+00, -6.435604747364755e+00, -7.972579054399120e+00, 1.368642155816900e+01, -1.072621641201270e+01, 6.061453386011363e-01, -4.397563634559393e-01, 1.130975903421001e+01, -3.451868138784338e+00, 3.718122360674696e+00, 9.244106243773288e+00, 2.826348349147198e+00, 1.229421471689581e+00, 9.493172104487552e-01, 2.054857006403549e+00, 7.469996421493944e-01, 4.264987365455783e+00, -5.276895602726984e-01, 3.981844179120833e-01, -7.224544367939235e+00, -1.325459483734309e+00, -1.295306376038867e+00, -4.008348781568737e-01, -8.451545483374466e-01, 6.973196405994079e-01, 2.201842471859670e-01, -7.671176148869360e-01, -1.504715733251355e+00, -8.224212243244274e-01, 1.286540290481588e+00, 1.396201430915408e+00, -3.732028999871511e-01, -4.357250148358093e-01, -8.335610403177643e-01, -2.535906348271367e-01, -1.224511808814584e-01, -4.403378648010747e-01, -1.142387754319236e-02, 1.150407384824268e+00, 1.417500613877022e-01, -4.139175724797770e-01, 5.942026663720965e-01, -1.968624624490650e-01, 8.208991265232519e-01, 1.180770487104470e-02, -3.074751484089742e-01, 3.682439217379141e-01, 1.784367566876243e+00, -4.338253338058487e-01, 5.344028186706649e-02, -8.055660545387996e-03, -2.942265702071008e-01, 4.980313476298561e-01, -1.732383786086002e-01, 3.686030315565982e-02, -4.017207072584930e-01, 9.323870035445266e-02, -1.739166504876938e+00, -4.792860423275608e-01, -8.781953262644852e-02, 6.168395863487824e-02, -2.306229914493532e-01, -2.740770374386325e-01, 2.118464736223101e-02, 2.757700696818890e-02, -2.712199167933524e-01, -1.174862992148479e-01, 1.435700364963295e+00, 1.918688459032666e-01, -8.446948221449887e-01, 5.854875461118385e-01, 7.096709377580068e-01, -4.647806423096072e-02, -2.558843069852519e-03, -1.478946237828632e-01, 7.948585216180683e-02, 3.988836765600171e-02, -1.531358878571942e+00, -9.883367727602669e-01, 1.240522761149599e+00, -1.262413834767393e+00, -1.043560254654486e+00, 1.595550782089957e-01, 2.908967193520193e-01, 2.913617400617082e-01, 1.801205573293666e-01, -1.535861186107164e-01, 2.308483315340132e+00, 3.608082313015721e-01, -1.814443419168150e-01, 1.163112573313836e+00, 2.612313774092329e-01, -2.580089215136820e-01, 1.708677130948591e-01, -1.034328827971306e+00, -1.344676997373612e-02, 1.612102106613726e-01, -8.291683923060468e-01, 4.292060213759100e+00, -9.244279722694908e-01, -1.313685679274708e+00, -1.109423821929093e+00, -5.259205405000629e-01, 3.356781147991438e-02, 9.577974852513146e-01, -6.862227069337248e-01, 2.977647326962245e+00, -1.221010849171247e+00, -6.550048776149074e-01, -4.899060703719542e+00, 5.548737321419271e+00, -1.532334067849507e+00, -3.480890757977055e+00, 2.415812002986923e+00, -1.423147282649869e+00, -2.030549976221139e-01, 1.073120435528545e+00, 2.968527212833696e+00, -3.831127351426112e-01, -2.547760537324532e+00, 1.973436812296592e+00, 1.736114614515794e-01, -1.395703982259342e+00, 8.385527830846894e-01, -1.377954741469114e+00, -7.578365484127092e-02, 1.109995130254184e+00, 1.550679285509179e+00, -1.689539901395559e+00, -1.745025983256205e+00, 8.832812773240520e-01, 7.081459699066639e-01, -4.325224692366867e-01, 4.170376392929703e-02, -4.697703937988455e-02, -7.198797234052935e-02, 5.931032394021215e-01, -8.336140726613880e-01, -8.998276058065331e-01, -9.532531149364769e-01, 6.314742276661093e-01, 2.675681807936930e-02, -1.711435000449152e-03, -2.401388571986274e-01, 2.932873931461261e-02, -6.872092703895756e-02, 2.831027738296814e-01, -1.299175620935588e+00, -4.089239196029584e-01, -4.899887411554555e-01, 3.727071775210713e-01, 6.165581357487050e-02, -3.095379690886925e-02, 6.432560845895940e-02, -4.800826838426990e-02, -5.721333442251666e-02, 1.163466890101776e-01, -2.382498828364790e-01, -4.889490818946682e-01, 1.741242888984176e-01, 4.889901859476202e-01, 2.363019002927272e-01, -1.256235501379488e-02, 5.861041178785591e-02, 1.860420623123785e-02, -3.809399017196906e-02, 7.636865321246982e-03, -1.299418067309914e+00, -2.884448976457523e-01, -2.323401109591710e-01, 1.354778652663085e-02, 2.675729741461049e-01, 2.269904987700753e-02, 1.129817803531492e-01, 2.287683343774479e-02, -1.965643492806258e-02, -9.175509831031728e-03, 5.810115122870817e-01, -2.439758346011119e+00, 1.261628393753854e-01, 8.175385957954640e-02, 6.254560982058048e-02, 8.791228238532241e-02, 1.512768040751851e-01, 4.409445432306742e-02, -1.631365568250811e-02, 2.144947546587881e-02, -3.179813419537372e-02, 1.016010219646213e+00, -1.814704181104516e-01, -3.588308207728726e-01, 1.431472911923199e-01, -1.718600194363344e-01, 9.436320542382162e-02, 1.595086073394700e-01, -3.304806445779068e-02, 1.132165029729828e-02, -1.200905017719264e+00, -7.283126307053308e-01, -1.559756778972787e-01, 1.273754935087017e+00, -3.380549551023073e-01, 2.826982946857473e-01, 2.124235355160329e-01, -1.353024483482356e-01, -6.041235215398229e-02, 2.819969374604463e-03, 4.759326024780925e+00, -2.231554390212378e+00, 1.879957318430176e+00, -7.397848528726376e-01, 4.193384327676168e-01, -2.138509223562887e-01, 1.355424269189492e-01, 1.448239289541545e-01, -6.929035996666096e-02, 1.821215424300301e-01, -5.989080909985151e+00, 3.148207934098064e+00, -6.793762817128326e-01, 3.424604024824419e+00, -1.308956312427957e+00, -2.444538205277308e+00, -2.148148931168762e-01, -1.661452329347084e+00, -1.192682174316815e+00, 1.423319597991462e-01, -2.032593317171823e+00, -1.038547117332367e-01, 8.217516085053458e-01, 7.834815262050207e-01, -6.066020116337271e-01, 5.807943518460453e-01, 6.550350985359089e-01, -2.703533164481345e-01, -9.331850513444438e-01, 1.175160283908263e-02, -4.575603317728151e-01, -1.256268026194595e-01, 1.901141369354205e-01, -2.835689761426110e-01, -3.677954393281232e-01, 4.785204041501245e-01, 3.620299799025615e-01, 2.163048646842959e-01, -3.099861393868336e-01, -2.985159083521874e-02, -1.682172615655605e-01, 1.753906721903262e-01, 3.665236942910273e-01, 7.069160392769661e-01, 3.689609071710560e-03, 5.105169890844499e-02, 1.745914770064069e-01, 1.695574706155311e-01, 1.162091139153890e-01, -2.410730960128586e-02, -1.573531727441636e-02, 1.141508182630967e+00, 2.469190077528213e-01, 2.075274919334870e-01, -1.810320104345734e-01, -1.824339838533697e-03, 3.377034604258042e-02, 7.851624260335542e-02, 4.918509238468256e-02, -4.755621091850687e-03, 3.233355001980587e-03, 4.559783858590782e-01, 1.929111133064012e-01, -2.669842965170569e-01, -8.783322570582185e-02, -1.023558083970198e-01, -2.103485965707173e-02, -4.262828000042000e-02, 5.798787845734748e-03, 1.574229331411586e-02, -1.682135572658458e-02, -7.195198943384320e-01, 1.221832558810828e-01, 2.334293584034675e-01, 1.547580144674641e-02, -1.636838326351016e-01, -7.249809542684361e-02, -4.171839140246134e-02, -4.233477603230771e-03, 2.030798201190748e-02, -6.158631233739817e-03, 6.618438151203904e-01, 3.332747846205746e-01, -4.233880876641636e-01, 2.009763492124930e-01, 1.278936787109652e-01, 3.527535264956973e-03, -6.522381263652287e-02, -6.056966087946581e-02, 7.145024266659923e-03, 2.636045656716042e-03, -8.812334565716587e-01, -5.648816176029513e-01, -2.728206500507137e-01, -7.717914862925010e-02, 1.736889651105472e-01, 1.236980146863978e-01, 1.652316831119439e-01, -3.560911307998622e-02, 2.303768289140889e-03, -1.282831875277213e-02, 1.119466323562190e+00, 2.842890400367967e-01, 1.573766202990332e+00, 4.765772555665718e-01, -1.149038850963165e-01, 1.196968812498651e-02, 7.797274192944811e-02, 8.531235322270027e-02, 1.698673457426727e-02, -8.996506707411344e-03, -6.417622108643036e-01, 9.837999515896128e-01, -2.332240709524813e+00, -8.727582801674497e-01, 5.159427408745393e-01, 1.098309618233808e-01, 1.218737051961678e-01, -9.715221153118292e-02, 5.513880963853443e-02, -1.913417057408284e-03, 7.453304380299839e+01, 2.437678043028704e+02, 1.735902760485126e+01, -4.015199280879623e+02, 9.650072669556475e+01, -1.854764157218771e+02, 1.105703235092622e+02, 1.324913325517999e+02, 1.151662841402338e+02, -6.228562571801799e+01, 2.655231662506091e+01, -9.852607368183253e+01, 4.577966317088201e+01, 6.247532195439685e+01, -7.028587174949654e+01, -5.863787079221336e+01, -6.006138185002112e+01, -2.450045189051486e+01, 3.090141769198334e+01, 5.281938889463637e+01, 2.549705069925161e-02, -5.705845706702200e+00, -5.790800462998779e+01, -2.468150738801020e+00, -1.036576030028352e+01, 2.787613937662202e+01, -1.728440934440303e+00, 9.539353254425378e-01, -2.260353206935351e+01, -1.462725603721813e+01, -5.522480896384865e+00, 1.220595410821094e+00, 2.069034997839625e+01, -8.512188711070204e+00, 1.966508597038021e+01, -2.599791579659909e+00, 8.989505782905683e+00, 9.283023970406593e-01, 8.744605600428864e+00, -4.098417523325121e-01, -2.577649796392294e+00, -4.862644073420105e-01, 5.355811440886121e-02, 1.118496854692689e+01, -1.165176218082298e+01, -7.118153983628467e+00, -4.547947307922742e+00, -2.088004475471776e-01, -1.639759521692141e+00, 3.952372363959813e+00, -1.080697006043903e-01, 2.515975280723308e+00, -5.162566947429307e+00, -7.489633019000958e+00, 5.217016369564218e+00, 8.265263179469255e+00, -5.641157683983865e-01, 1.205771797991162e+00, -6.447025899975907e-01, -2.772024633188569e+00, -5.684893627257770e-01, -5.794454948104826e-01, 2.782566865799545e+00, 4.236381612935833e+00, -9.425642306812000e-01, -5.642801677866115e+00, 3.118358206156434e+00, -2.670958277569847e+00, 1.483195866791879e+00, 6.543567495857784e-01, -5.005487972390026e-01, 1.106001098433350e-03, -2.324971475466154e+00, -3.277319886973677e+00, 5.093894132278489e-01, 2.930555670795632e+00, -2.676461903880771e+00, 5.289183516617983e+00, -1.288789580621644e+00, 7.786247148364250e-01, 2.549913482091081e+00, 4.811971508465251e-01, 1.207965399630816e+00, 7.547810328990253e-01, -4.206335089027740e-01, 1.481942738456984e-02, 1.465268503006090e+00, -6.039452180881175e+00, -2.019809629055696e-01, -1.212044400203613e+00, 2.211383593658409e+00, -2.798806796495927e+00, 2.224021906540907e+00, 3.100019826206035e+00, 2.603597124204182e+00, -4.954230303053587e+00, -1.997322350978100e+00, 5.170927268682616e+00, 2.357898617012797e+00, 3.576731584818960e-01, -2.777854690970047e+00, 5.078539091923165e+00, -3.638080527889729e+00, -3.051694743734414e+00, -2.387850744790756e+00, 1.138389019632771e+01, 3.112813455759673e+00, -4.389044170333337e+00, -6.029977771001125e+00, 4.291191342863843e-01, -1.800408696635408e+00, -1.612596410065665e+00, 5.344903763877923e-01, -3.231179820676416e+00, -1.287797715267133e+02, -1.415544195055606e+02, 6.863871572035863e+01, 4.285480625042498e+01, -7.599509199447266e+01, 3.056928774368880e+01, -1.098785802498374e+01, -3.111885664390392e+01, 2.610276865912378e+01, -4.623412609060673e+00, 6.584120063080976e+00, -6.837919572425279e+00, 3.948200549252296e+00, -4.124034885045037e+01, -2.261562995979742e+01, 4.067550418076224e+00, -1.418162168215735e+01, 1.484539541143493e+01, -7.811890242898105e+00, -2.862165093922643e+00, 1.271655773300839e+00, -1.246935928769452e+01, 1.564928954637182e+01, -1.788006131802554e-01, 5.029013838125731e+00, -4.603162795397328e-01, 5.432415350457340e-01, 1.469884611237545e+00, -1.020436018465223e+00, -4.943734060702744e-01, 3.390671803849457e+00, 1.813512282647292e+01, -1.123192184785758e+01, 7.018136528316121e+00, 3.429964523805093e+00, -2.214067611441573e+00, 1.095111218258140e+00, -2.977844001268343e+00, 8.632001000685267e-01, 7.511617231874784e-01, 3.743591047222199e-03, -1.340735294358965e+01, 5.805716387652710e+00, -2.976862285790586e+00, -1.982936087031980e+00, 9.581332730584315e-01, -3.039668003198343e-02, 5.843169685320663e-01, -2.896628758562250e-01, 8.818579051763509e-01, -7.575302990908308e-01, 6.320237000741436e+00, -1.816022735234622e+00, -6.540927564152779e-01, -1.314604341417643e+00, 7.405104926128300e-01, -9.539428342200235e-01, 1.071922044177570e+00, 1.109521261212651e-01, 2.534933973982167e-01, 1.584346474975877e-01, -7.228260470807844e-01, -1.685986412854883e+00, 4.737718067671389e+00, 3.223967602350516e+00, -1.105416302064527e+00, 1.516051722676299e+00, -1.829551142122840e+00, 4.265645064568244e-02, -6.138956363226427e-01, 2.407049837005659e-01, 1.066475590389687e-01, 2.934553532953729e+00, -4.787563974246073e+00, -6.062218952664488e+00, 9.425259571352054e-04, -2.620781943594812e+00, 1.665037368903630e+00, 4.349226644218772e-01, -1.111613420648909e+00, -2.504270775604183e-01, 3.248642651337256e+00, -3.164804904154049e+00, 4.267352459576443e+00, 5.335514209497645e+00, -1.158793703620433e+00, 2.948411813827612e+00, -8.470046530095421e-01, -2.404586502043781e+00, -9.111954315214694e-01, 9.255743420527632e-01, -3.264556909897788e+00, 3.349335374812009e+00, -2.208263245158641e+00, -4.048342432959417e+00, 2.091495985999480e+00, -5.600396976909797e+00, -1.262149029305095e+00, 5.163697565757919e+00, 2.835117266397019e-01, -4.482618226014395e-01, -4.219721285232311e+00, -1.352191714744766e+01, 6.188222236516094e-01, 5.466660168201162e-01, 8.111467024624199e-01, 6.866959031471912e+00, 5.790772116292952e+00, -7.016937528460656e+00, 1.824074381494765e+00, -3.317339550797246e-01, -6.663096655227657e-02, 1.516352827369251e+00, -1.608091406004089e+01, 2.234063605818597e+02, 9.203414358070353e+01, -3.001974080192605e+02, -1.595069423526681e+02, 9.256780488220135e+00, -8.064383798098820e+01, -4.449266131347554e+01, -1.742117354756113e+01, -5.455463961943470e+01, -1.623777843646591e+00, -3.310565709502846e+01, 3.940841694839677e+01, 4.258146950119632e+01, -3.566380844268178e+01, 3.674565797118110e+01, -2.107236569780581e+01, -1.230474192641899e+01, 1.004839103245548e+01, -3.175136638175081e+01, 2.172347874282793e+00, -1.255619009210905e+01, -4.972151369158810e+00, 1.179922637953906e+00, 1.717558771558896e+01, 3.460546140772831e-01, 3.026260781956814e+00, 1.342712112501356e+01, -2.650753079302763e+00, 9.594518935634916e+00, 1.363193749156268e+00, -3.471537541871855e-01, -3.197369870388846e+00, 1.759252956491011e+00, 5.439672125800881e+00, -5.427347129008896e+00, 2.234864041992945e+00, -4.154079119582804e+00, -3.878472290514466e-01, -9.878722450892845e-02, -6.146526141948087e-01, 9.848854958365110e-01, 3.771605805830195e+00, 1.493892835308822e-01, -4.888270369522279e+00, -2.999393893603953e+00, -1.771673994396526e+00, -1.226793596636842e+00, 1.195983612248102e+00, -1.827170516470258e+00, -1.779956675583006e+00, 2.771019462588505e-01, -2.192457225881786e+00, 1.139118684012010e+00, 4.349456924197733e+00, 5.515889202171518e+00, -1.448182762418650e+00, 2.014074968630945e+00, -1.234632573286339e+00, 2.631971601916105e+00, -9.406868331563396e-01, -5.415438867903142e-01, 2.209437449311174e+00, 4.070669278288477e-01, -2.570843221115823e+00, -5.476174100559343e+00, 2.632349375956803e+00, -1.028351304984272e+00, 5.719253913315360e-01, -3.302587002893368e+00, 1.384684600545258e+00, 8.547222636263786e-01, -1.521232457385980e+00, 4.854584307760133e-01, 1.711964719230372e+00, 4.062917946100388e+00, -2.295832129138650e+00, -7.101674485043856e-01, 9.822398123398748e-01, 1.924644954099973e+00, 1.679918352158631e+00, 1.145130857759574e-01, -7.100140289282690e-02, -3.524695797405401e+00, 8.945799299731870e-02, -3.028805063509228e+00, 4.038896526756846e+00, 4.423166997639749e+00, -1.445225404705970e+00, 1.124197835454438e+00, -1.432565969457237e+00, -1.278966167793541e+00, 1.888072877648270e+00, 7.098635479824903e+00, -4.437932237749445e+00, 4.802525141913658e+00, -4.020637338899887e+00, -6.442854771191091e+00, 2.874737765377627e+00, -1.681039907449725e+00, -2.431821910592317e+00, 1.718569639006291e+00, -1.156283046519636e+00, -3.423025242657384e+00, 6.737303554380333e+00, -6.555503440437561e+00, 5.896895728603571e-01, 5.750427405208596e+00, -5.684715062124452e+00, 7.852505821223580e-01, 2.162970571420291e+00, -7.588178465102199e-01, 5.622736030417100e+00, 1.082454244121391e+01, -2.357191012183995e+00, 3.928319159205554e+01, -3.110659112547554e+01, 1.554097186879921e+02, -1.519942319026011e+02, -4.614593989422637e+01, -1.053411040349851e+02, -2.668336213057618e+01, 3.454633871841931e+01, -1.046272013603794e+02, 1.121888269714584e+02, 4.271674240738851e+00, 1.314625077832339e+01, -5.958410543287253e+01, 3.834969290364359e+01, -1.197012131748249e+01, 1.236291295405193e+01, 3.302312601223455e+01, 8.975579302164643e+00, -2.119805894364782e+01, -1.115452185281850e+01, -4.440995136543104e+00, -5.430323939022411e+00, 1.692766303298135e+01, -2.042851033693050e+00, -1.200964357004656e+00, 5.185708168728203e+00, -3.963946688246853e+00, -4.132223620167164e-01, 6.526695113949200e+00, -1.124748661828962e+01, -2.948346003347241e+00, 9.414953440223097e-01, -9.905714022277992e+00, -6.841457405873097e+00, 5.048146715883011e+00, 1.483193854496146e+00, -4.804683686822896e+00, -2.101457519462085e+00, 4.244511683104889e+00, 6.138341548845520e+00, 6.720229307887444e-01, 9.535551348095481e-01, 4.986629179537945e+00, 4.139210795509852e+00, -2.405604074838640e+00, -5.643541716786733e+00, 5.484745637462765e+00, -2.145034396388630e-01, -4.417337072370970e+00, -1.381437756287970e+00, 1.945012324117631e+00, -1.357538686302995e+00, -6.296212683429943e+00, -8.160380704282653e-01, -3.598109102015824e-01, 6.559335026429140e+00, -4.550319303802174e+00, 1.606046125111945e+00, 1.949271695662651e+00, -5.554144584451750e-01, 2.784459044310548e-01, 5.590586361174207e-01, 1.157259780403863e+01, -5.175372340382065e-01, 2.503547694171730e+00, -5.099718443351086e+00, 2.797610528616971e+00, -2.224777942114498e+00, 3.344206472515671e-01, 9.231903503903003e-01, -1.317728874147519e+00, 5.767506248292249e-01, -1.522978294867966e+01, 5.413312129192584e+00, -2.512804512150238e+00, 2.474970017889046e+00, -1.091354300727698e-01, 2.518057891848549e+00, -2.033219042808562e+00, -8.876469481205552e-01, -5.102766425586269e-01, -5.252047721505535e-01, 1.975740818421668e+01, -6.643714694663021e+00, 3.342081446766235e+00, -1.367146686195244e+00, -3.327774969176544e+00, -1.824868012308390e+00, 3.980884448239301e+00, 1.745276735423447e+00, 9.132539110564338e-01, 4.744745134868972e-01, -1.990426240952120e+01, 7.951134722224016e+00, -3.515147231265178e+00, 1.540299567094379e+00, 6.370856643205736e+00, 2.561620060942680e-02, -4.351542969416287e+00, -3.023891442794938e+00, 1.378329086036276e+00, -1.096284842722869e+00, 2.179548729986067e+01, -4.009110589717298e+00, 4.529852986797849e+00, -3.477094454523402e+00, -9.897703673331746e+00, 1.672556253816134e+00, 2.020067711637476e+00, 2.530589294207230e+00, 1.491602724018632e+00, 6.795067749380803e-01, -1.575894883451930e+01, 4.202624391022632e+00, -9.845221448988521e-02, 5.434337170637629e+00, -4.765988965801935e+00, -1.447626652885484e+02, -1.032847200070578e+01, 5.265556240847473e+01, -5.490806538941631e+01, -5.384165751669822e+01, 4.212262780472313e+01, 3.866890966625738e+00, -2.387223996905972e+00, -5.574836292851421e+01, -2.268386767497740e+00, 1.111551863250999e+01, -9.104250002922857e+00, 9.020178597515041e+00, 9.498278705356318e+00, 6.617491563918739e+00, 5.371058399069617e+00, -2.884973552168626e+01, 1.332245386965192e+01, 1.333358574327535e+01, -2.689465859083660e+00, 1.225563644714456e+01, 8.607487687608980e+00, -1.400100594503015e+01, 6.514992519442932e+00, 6.250098341016415e+00, 2.985298418943629e+00, -1.002170328027721e+00, -1.352345431386140e+00, -1.865169090594041e+00, -1.718712453603123e+00, -1.760194815885989e+00, -3.513652743972301e+00, 9.319751508304281e+00, -1.228175637573657e+00, -5.874581083939365e+00, -2.770538644109994e+00, 4.779016211519482e+00, -2.169191232801901e+00, 1.871838334772446e-01, -1.571914610656270e-01, -8.120944904460403e-01, -1.810293979061962e+00, -2.882395229727950e+00, 2.230544777629694e-01, 2.982259943195053e+00, 9.312589776314482e-01, -2.197806197521302e+00, 1.057701328433341e+00, 7.201414928120998e-01, 6.300062281582794e-01, 6.859850911720866e-01, 1.839154964152127e+00, -3.681564181054322e+00, -8.957791379290321e-01, -9.908323252072332e-01, -4.041558351727462e-01, 2.701877201773167e-01, -3.841742951272218e-02, -1.813327169309140e+00, 3.032026725240313e-01, -2.204416108427589e-01, -2.332351618496878e+00, 3.865784837873337e+00, 2.816907220433692e+00, 1.758415396620286e-01, 2.863502224052217e-02, 8.095930501535131e-01, -1.036383796188642e+00, 1.571811292035023e+00, -1.672618702327550e-01, -4.987513633979518e-01, 8.741782091304268e-01, -5.137529956066422e+00, -3.703781226877938e+00, -1.006265106711400e+00, 1.222766998311506e+00, -1.238559443646581e+00, 1.907060810163593e+00, -1.270511950210305e+00, 1.293147286800150e-01, 2.910956980982253e-01, -1.163022147242446e+00, 5.903075957080615e+00, 4.721737702912267e+00, -3.707331472325069e-01, -3.570456252464794e+00, 1.393851880316642e+00, -2.635005649620260e+00, 1.310727392801789e+00, 2.084638092860936e-01, -1.350734780685083e-01, -1.366795985287666e+00, -9.867318359359434e+00, -1.876304265149347e+00, 1.548251800698776e+00, 5.547567515572320e+00, -2.538625307046429e+00, 3.029335978903006e+00, -2.623035664351198e+00, -9.441599094056899e-01, 3.193567792553408e-01, 9.507810266021464e-01, 3.793198235799858e+00, -1.402666771175754e+00, -2.982631939631193e+00, -5.376097722157887e+00, 3.137478097197507e+00, -2.016518313821215e+00, 4.377751628073057e+00, -1.499289840261573e+00, 1.192026297859461e-01, -4.668073389862426e+00, -4.756831685428444e+00, 3.416933809212841e+00, 6.675119749534034e+00, 2.856889897063612e+00, 1.238367237197302e+01, 5.809897501724974e+01, 3.643163878194137e+01, -1.232587135318436e+02, -5.507676731445900e+01, 3.289660196736140e+01, -6.990170068508295e+00, 7.962218036210394e+00, -4.444792992182491e+01, -1.378559408465209e+01, 3.645167231632723e+00, -2.866420611431429e+00, -2.936738175898955e+01, 1.187170447892075e+01, 1.526206156817192e+01, 3.684487115016373e+00, -1.360013048857991e+01, -4.836586199358335e+00, -7.929501273513474e+00, -4.805620694661169e+00, 1.497243812029630e+00, -3.538146165968475e+00, -1.710044032160860e+00, 1.150170790248138e+00, -6.542077586374946e+00, -2.005451566434248e+00, 6.729869742893542e+00, 3.402854352385612e+00, 5.852501827405545e+00, -1.525054118861545e+00, 3.650868817615668e-01, 2.524567409905099e+00, 5.695378512370499e+00, -1.879359061844046e+00, 6.558149949480696e-01, 1.605492246077492e+00, 1.777879018992887e-01, -1.815642706430454e+00, -1.927887427550484e+00, 6.709442664215480e-01, -4.939657654457837e-01, -7.372377320457354e-01, -4.770106727341829e+00, -8.375404640785052e-02, -3.054373847051244e-02, 6.957663496776204e-01, 8.842351663044749e-02, 1.534676376703958e+00, 1.577333229939153e+00, 9.247840398388540e-02, -6.231549736873372e-01, -2.784021572269829e-01, 1.581517668266097e+00, 2.538396426399343e+00, 5.882930866089024e-01, -1.102456828914548e+00, -5.282809901188754e-01, -1.374263192486225e+00, -1.468694065847784e+00, -3.803734504044287e-01, -1.005630709737013e-01, 4.290359815197704e-01, 3.284163873767987e-01, -2.633113836426711e+00, -1.080005396533970e+00, 1.283966794919721e+00, 7.464289466454334e-01, 1.681866835688702e+00, 1.205208951336362e+00, 4.257512900109395e-01, 2.259616172453089e-01, -1.085981295183636e-01, -2.898261784901837e+00, 3.606038162043716e+00, 2.174999126410261e+00, -1.184942719468018e+00, -3.710811358209742e-01, -2.209098331079542e+00, -6.253716225619012e-01, -6.435311383641843e-01, 1.298696775492068e-01, -2.636213141681678e-01, 3.527286808330511e+00, -3.756977226069631e+00, -1.595264369581225e+00, 1.663687424071784e+00, 2.919066824171688e-01, 2.417375582973375e+00, 1.474286859688851e-01, 9.876385811447689e-01, 2.953951478379713e-01, 1.830624403639915e-04, -4.180054387211531e+00, 3.623544421263436e+00, 1.459754845478474e+00, -1.760432663123433e+00, 2.923283126659246e-01, -2.073476274086230e+00, -4.670681503827775e-01, -1.161148466710502e+00, 2.713555909468949e-01, 2.324388018158705e-01, 2.911984315968708e+00, 2.004058428553916e+00, 2.437626126337813e-02, 3.076382304116823e+00, 9.306308946155790e-01, 1.929451261074435e+00, 1.902919687826732e+00, 9.771021372244026e-01, -1.348158232308154e+00, 1.863249279289127e-01, 7.176625420546905e+00, -5.992098148116578e+00, -2.247347615869773e+00, -3.745548068032895e+00, -3.705844266052827e+00, -9.483371435036759e-01, 3.789556079713700e-02, 3.222698943011755e+01, 2.993461639286700e+01, 5.670288352653815e+01, -6.135832940466686e+01, -1.248118647911015e+01, -1.330598068293864e+01, 1.113873437408658e+01, -2.053303491990880e+01, 2.234804992162364e-02, -6.340364523524816e-01, 6.016522376677838e+00, -3.876149594841906e-01, 1.896100394787231e+01, -8.712484237639185e+00, 2.886353574887968e+00, 2.887216927522152e+00, -7.413549420793145e+00, 8.740523200075589e+00, -6.858848092219301e-02, -1.482562319096334e+00, 3.793374435823948e+00, 6.665019413477236e+00, 4.586952292541812e-01, 2.082735712508887e+00, 3.382326167358969e-01, 1.383314681098141e+00, 2.037896851391079e+00, 3.588765448923051e+00, -5.119737704234384e-01, -8.714686232015805e-01, -2.128658736217717e+00, -3.393242121994496e+00, -6.296586153910553e+00, 1.897251582506807e+00, 1.541125112601283e+00, 2.985445702297407e-01, 7.892981834068133e-01, -4.555960980041079e+00, -8.961895932402444e-01, -4.439178424016108e-01, -3.984683493583432e-01, 2.798994156271944e+00, 4.281977642550251e+00, -1.615406419974106e+00, -2.813101827120184e+00, -2.601484703480225e-01, -1.414467734159946e+00, 1.937618649486347e+00, 4.084633817194429e-01, -3.591317186582438e-01, 8.283197263810618e-01, -1.064159040517346e+00, 3.288749772287570e-01, 1.795784304648085e+00, 2.232201370981303e+00, -9.812948700839119e-01, 1.398363167532083e+00, 1.963836556194568e-01, 3.731363830199140e-01, -9.351675388129259e-02, 6.119935028784807e-02, 3.278903466146729e-01, -2.699243801414985e+00, -6.633999190904896e-01, -1.722463419032094e+00, 2.383071801810146e+00, -1.129924612462794e+00, -9.788525202563531e-01, -4.583787588781348e-01, 4.075312658737824e-01, -2.760198776182922e-01, 1.425907313731388e+00, 1.947498600735140e+00, -3.679205647343248e-01, 2.715022033056521e+00, -2.637554339157483e+00, 1.588946944584530e+00, 8.899952728947473e-01, 3.369550754571820e-01, 5.147456332629864e-01, -1.735358494461552e-01, -2.980292893426537e+00, -2.225435281414240e+00, 1.259882771078129e+00, -3.327060376090446e+00, 3.089051570935641e+00, -1.247584889197032e+00, 1.997699166422886e-02, -2.134890839937273e-01, -4.833648310994394e-02, 4.058702900175531e-01, 7.734952572315527e+00, 2.042877773997564e+00, 2.285089934044215e-02, 4.269139629913600e+00, -3.365093418006694e+00, 6.834607863098126e-04, -1.657574112019113e+00, 2.189315021951845e-01, -6.527011235124329e-01, -2.149735752081764e-01, -1.029610588533608e+01, 1.851330413897839e+00, -2.620763402999335e+00, -5.137807993849792e+00, 3.857851176510640e+00, 1.591281919769546e+00, 3.283936476563737e+00, -3.368804277321561e-01, -3.350287879490068e-01, 6.168205243190740e-01, 7.390150172048156e+00, -6.419681198256760e+00, 9.282764541760821e+00, 5.998991221949492e+00, -1.529632206854852e+00, -2.098927524792920e+00, -2.928354525263861e+00, -1.493940777808749e+01, 6.818448006101748e+01, -1.164515930531121e+02, -5.315843633569908e+01, -7.406625233903105e+01, -5.435237738266286e+00, 7.936399001262537e+00, -2.337013140608316e+01, -1.401757256191157e+01, 2.080196216038417e+00, -1.558968889279939e+00, 7.787989563803481e+00, 1.289797831796440e+01, -6.350664784138565e+00, 3.211265568823448e+00, -2.842520780202358e+00, -8.826645173455324e+00, -1.066678208965415e+01, -1.151652900958977e+01, -6.822520206784334e+00, 3.611599260848743e-01, -6.865892704727788e+00, 1.339600096656154e+00, 5.480056310549146e+00, 8.485652721106444e+00, -1.138125765440461e+00, 4.540281908745198e+00, 5.730580147044584e+00, 6.328756622970564e+00, 1.668797188699097e+00, 2.590202428466356e-01, 1.764609224959371e+00, 1.467281273966349e+00, 2.101298067609785e+00, 6.465170642855499e-01, -7.891832166442581e-01, -1.736247872892509e-01, -7.902049288314003e-02, -7.431840689991106e-01, -3.076668075086086e-01, 9.365491488123241e-02, 4.426911096155216e-01, -1.527097819850082e+00, -3.929919070149530e+00, -3.331846341993224e+00, -2.956115500890262e-01, -9.759666300126201e-01, -5.708830083176690e-01, -1.247967247114751e-01, 3.273879855022446e-01, 3.488907499950709e-01, -5.493669550273249e-01, -2.444025620961302e-01, 2.288762350939653e+00, 2.755564534088113e+00, 1.466118233090541e+00, 8.914597683818202e-01, 4.912046557595256e-01, -4.645932266768881e-01, -3.451099362871677e-01, 5.594360162545545e-01, -2.745310606352562e-01, -1.658989368002050e-01, -8.164222127147255e-01, -2.588452002997840e+00, -1.826535650065418e+00, -2.192276399314826e-01, -6.938370920521254e-01, 5.218149387697714e-01, 1.433515349070038e-01, 2.170659888782557e-01, 1.474063821007549e-01, 1.008183853976101e+00, 1.250047094441562e+00, 4.023421753097370e+00, 8.812921140726542e-01, -6.185628163844413e-01, 9.458461353106228e-01, -4.223618946293070e-01, 1.633349330396312e-01, -4.538971450006903e-01, 2.851011436126963e-01, -1.801627675123094e+00, -3.324690649260533e-01, -4.760225419343953e+00, -1.200223248255049e-01, 1.029850053890396e+00, -1.065664709613919e+00, -6.932992483122141e-02, -5.365001012465892e-01, -8.983826428636553e-01, -2.579117215309828e-01, 1.619172900465391e+00, 2.900285660304515e-01, 4.002814674799188e+00, 3.624263979293672e-01, -1.994376003854698e-01, 1.283894341267517e+00, -4.227960722613806e-01, 1.539460155970645e+00, -4.478044143058272e-01, 3.242455847499360e-01, -3.613499548937769e+00, -5.433865963455156e+00, -2.921051755333508e+00, -6.373435023829327e-01, 1.150969526903423e+00, -5.395944890421832e-01, 2.813221304872981e-01, -2.672826566410150e+00, 1.132097502556170e+00, -7.302114678604320e-01, 3.667854897051227e+00, 8.464135100945494e+00, 2.025036119473125e+00, 6.199956758622778e-01, -4.384218447928022e+00, -1.378987164801293e-01, 2.450599706967197e-02, 1.768081743149629e+00, 8.135869313412206e-01, 2.130376674054377e+01, -1.191970542131221e+01, -6.990140856784555e-01, 1.410643143215354e+00, 2.179555897645676e-01, -4.995583968611327e+00, -1.461690885795154e+00, -4.492172073397801e+00, -2.176367208241651e+00, 2.789526657294374e-01, -9.282978862704070e-01, -4.984224982617518e+00, -4.163822580177248e+00, 5.363482980778373e+00, -6.177262238461124e-01, -9.137964916661047e-01, 1.351067879918200e+00, 2.285719977271667e-01, -2.116181520666492e-01, -1.180599645785027e-02, -1.678755221682942e+00, 8.993959829048354e-01, -2.024549463577615e+00, 4.092744181371065e+00, -1.968025555057688e+00, 3.586365634619475e-02, -2.306596096071514e-01, 7.355069200031448e-01, 7.954102294046177e-01, -1.347559956539293e-01, -4.909286906897940e-01, 2.430583205073684e+00, 1.375452481814098e+00, 4.652301974344544e-01, -8.131940092849133e-01, -2.271355226067727e-01, -6.458255190035475e-02, -6.869458366895201e-02, 3.049388422088555e-01, -1.371524856081580e-01, -7.330479828885295e-03, 5.915179879327468e-01, 1.239159377729856e+00, -5.525194381542302e-01, -2.790263536190029e-01, -1.695131215158782e-01, 3.488691246886782e-03, 1.232065181481559e-01, -1.194528156988322e-01, -1.013185713576657e-01, 6.066268898013317e-02, 3.185989821845897e-01, -1.047245262262673e+00, 5.870420133258947e-01, -1.069261767063657e-01, -2.281574833653110e-01, -1.694446431395591e-03, 3.786709155648035e-02, 3.381842864989365e-03, -5.233861144455138e-02, 6.407865221510194e-03, 8.125114488605681e-01, 1.334996401575471e+00, -4.059737537007782e-01, -4.648254440869152e-01, -1.110972284282851e-01, -1.054219612608355e-01, -8.764183114395870e-02, 3.030370373022051e-02, -1.444083165540730e-02, 1.333835019445215e-03, -1.137798128022284e+00, 1.373879823121648e+00, -2.018744574922455e-01, 8.084189066252336e-01, -1.440270200495428e-01, -4.604038039210243e-02, -1.595254522001897e-01, -8.626186566680684e-02, -7.351417744938907e-03, 4.625651279728824e-02, 1.967715926390374e+00, -1.841268862523178e+00, 6.945597966869027e-01, -8.852471835265383e-01, 8.063234846299985e-02, 5.481423284698361e-01, 2.901860253823804e-01, -1.883807665909369e-01, -2.036528860863015e-02, -2.204995137794702e-03, -8.186647439664300e-01, 1.537488265186557e+00, -1.062961083019908e+00, -7.509902410462325e-01, -4.588269983922012e-02, -1.042021639963470e+00, -4.498485676743599e-01, 4.941453601453247e-01, -6.744773324988408e-02, -4.605295379601671e-02, -2.102557722308037e+00, 1.887674710512712e+00, -1.205901450159168e+00, 3.067569722368177e+00, -9.110782223527566e-01, 1.182401049337447e+00, -3.047123167721910e-01, -6.315866186785315e-01, -1.814435082461116e-01, 5.807520714535688e-02, 4.496046632757856e+00, -3.008917250164595e+00, -2.354012216673714e+00, -7.587457987382827e+00, 4.182651871940405e+00, 6.836568357088658e-01, 1.489743437867174e+00, -1.391116029860025e+00, -5.278867672681600e-01, 2.328545245123085e+00, 1.878578082417921e+00, 1.389504051612451e+00, 7.232466050690822e-01, -6.404518354867740e+00, 2.523420732471852e+00, 3.211887365447612e-01, -2.701854400364124e+00, -1.756561850754632e-02, 9.201951419556178e+00, 1.172818550606329e+00, 1.380424428038245e+00, -4.652057711081405e-01, 2.497504869897587e+00, -4.736139041865264e-02, 5.019201361589873e-01, 2.872892335806616e-01, 2.831017944923718e-01, 5.926653619481816e-01, 2.148466708069961e+00, 2.205482425671352e-01, 1.170916973086270e+00, -6.751832715183916e-03, 4.504240431536937e-01, -1.753749156081818e+00, 2.153117729105707e-01, -4.680449122690888e-01, -6.240988214973354e-01, 1.226012841646281e-01, -3.038633957283938e-01, -1.414854814313128e-01, 7.508944136800864e-03, -9.380760841183611e-01, -4.901598548388441e-01, -6.397900150472846e-01, 9.260590551092543e-01, -2.052897220458733e-01, -1.981985704952491e-01, -5.487317948324557e-01, -1.398537563069271e-01, -1.855755496775605e-01, -2.349411560122900e-02, -1.209841064650107e+00, -9.372661770622298e-01, 2.869090878963788e-01, -9.291028944182408e-02, 2.099362358266964e-01, 1.160647932523614e-02, -2.158837771922067e-02, -4.946581688355389e-02, -1.096958997304578e-01, 7.369718287846929e-03, -2.108600523046746e-01, 3.995420041419754e-01, -1.021620077685607e-01, -1.240783446992042e-01, 7.760668235826350e-02, 2.351784461555819e-02, 7.966790647994706e-03, -3.028295155747359e-02, 2.591974018078830e-02, -4.579583244164707e-02, 8.019359909839165e-01, -5.648387367659149e-01, -1.634116141652967e-01, 3.650031549060107e-01, 4.909390179090771e-02, 7.746467528004728e-03, 1.874161960557232e-02, 1.653936215409034e-02, 1.373671716005667e-01, -3.837107349797666e-02, -2.973124395638133e-01, -3.351532990237459e-01, 6.373521200346765e-01, -7.467598429709696e-01, -3.421268212091857e-02, 8.416615743648340e-02, 9.736791943489583e-03, 1.098243236154206e-02, 1.226004739781887e-01, 9.460483979831376e-03, 1.771721723799465e-01, 1.190590810502979e+00, -6.503095203527790e-01, 4.002049084602400e-01, -3.657943929945244e-01, -2.905914269863590e-01, -1.100598924756278e-01, 6.891712024472822e-02, 4.806458416969046e-02, -3.584350279278148e-02, -7.696895501109495e-01, -8.941456645868917e-01, -2.505367990081630e-01, -6.956300187025116e-02, 3.432185912752739e-01, 1.824748086372643e-01, -1.981043503756214e-01, -1.438979301441268e-01, 3.634249864641775e-02, -4.487544837253987e-02, 8.482711629814688e-01, -2.353675878855866e-01, 1.281689493611429e+00, -6.829744988769891e-01, -1.819902198401096e-01, -2.735779502782049e-01, 9.160401101045951e-02, -8.738644296318741e-02, 1.250635264207754e-01, 5.459102888121934e-04, 8.511807891070454e-01, 8.485067834087208e-01, 4.411493669222044e-01, 2.182537331001655e+00, -1.068795180488310e+00, -2.932318292001977e-01, -9.422248980929703e-01, 7.522563813753067e-01, 2.033998638803280e-01, -9.152996661438113e-02, 5.119395328122238e+01, -6.422409336118741e+01, 3.565461428368184e+02, 5.016971619727657e+02, 9.136934990569584e+01, 5.675996175322729e+02, -1.177010686255194e+02, 6.863279453305337e+02, 3.687312476565852e+01, -4.933761992425226e+02, 6.481342376902246e+00, 1.927741769030271e+01, -7.053941319451621e+01, -1.441795995383084e+01, 5.033355078347920e+01, -6.721220703908456e-03, 4.453176647950742e+01, -1.175196169072340e+02, 1.363039442678999e+01, 5.011942605140414e+01, -6.976869727201776e+00, 5.364135706576194e-01, -3.390159782898531e+01, -8.734924897540353e+01, -3.234554802370944e+01, -3.915275452466855e+01, 1.668351871648859e+01, -2.201152529756095e+01, -3.223451793325847e+01, 1.015310336650458e+01, -4.796725857210030e+00, 5.895380335360349e+00, 4.374922746531013e+01, 5.916539998460917e+01, 5.525449308757687e+00, 2.426881321244449e+01, -1.491891546320232e+01, 2.662457889671938e+01, 2.366495113277482e+01, -6.702370257297486e+00, 2.284849262590754e+00, -2.670302583053759e+00, -3.508657344805111e+01, -3.286751460291374e+01, 2.369839260875010e-01, -9.144227036366100e+00, 8.186520072852904e+00, -1.395358007477154e+01, -1.452095822435233e+01, 2.282279000613637e+00, 4.567932012671594e+00, -1.910507997402733e+00, 2.605700125523330e+01, 1.649274261880393e+01, 4.464162044152123e-01, 2.241407326503024e+00, -3.091842424166429e+00, 4.485647979270275e+00, 9.272659235785842e+00, -1.253762622782643e+00, 6.052070267882861e-01, 2.155476613564026e+00, -1.692599030413808e+01, -6.331645013737223e+00, -3.117168388750869e+00, -4.131684747280999e-01, -3.243507888869754e-01, 1.219401438812556e+00, -6.983366354899683e+00, 2.139200724352997e+00, -2.616316001725203e+00, -2.428448591964196e+00, 1.210012044390396e+01, 2.018087609097356e+00, 3.552136972379592e+00, 9.665426010232729e-01, 1.975518996118958e+00, -5.906182861858283e+00, 6.560854697540523e+00, -2.966822781017341e+00, -1.127831504729827e+00, 2.462980872939578e+00, -9.441506508475138e+00, 2.028701792469920e+00, -3.624577154797240e+00, -2.771734315330558e+00, -2.194025046019926e+00, 8.818527634965191e+00, -6.419561021908015e+00, 3.495565267612484e+00, -3.279776776627034e-01, -4.176786683919270e-01, 6.560541385308804e+00, -5.440600886462527e+00, 1.587402636321019e+00, 5.722701093815389e+00, 2.835114984404791e+00, -1.019799382220528e+01, 6.573985980901588e+00, -3.427675127265525e+00, 1.110035128928921e+00, -2.007901922504713e+00, -3.883895039956475e+00, 4.911751357220015e+00, -9.988921215342565e-01, -7.770541735122836e+00, -4.785798504924575e+00, 1.104302433515502e+01, -5.950805048371108e+00, 3.816898470253748e+00, 5.636009697405150e+00, 9.060892513280255e-01, 4.014616862267694e+00, -8.896823468596282e-01, -5.792951028755276e+00, 7.727154017169789e+00, 8.262065561420595e+00, -1.424243622686584e+01, 6.002568075132934e+00, -7.526399829107875e+00, -4.030616085498484e+00, 8.487087352641218e-01, -1.814797866877919e+00, -5.158573589882025e+01, 2.811478102038260e+02, -4.770395706396752e+02, 2.374899379919354e+02, -1.712230896116885e+02, 1.787422556163975e+01, -1.565020885124077e+02, -2.554850474401578e+02, 1.650553991464352e+02, 3.850887749576917e+01, 4.632156545015779e+00, -3.886697211515700e+01, 1.919580979695785e+02, -1.476915757047297e+02, 1.936583097694079e+01, 3.292061638724871e+01, -2.219969402666407e+01, 3.764499759035859e+01, -1.496412105374582e+01, -2.049788658333022e+01, 1.169208549684482e+01, 1.174448664642448e+00, -4.625986737717096e+01, 1.067480167951068e+01, 2.791308260231366e+01, -3.972034340845717e+00, 1.593855304821541e+01, 7.880134648682194e+00, -2.186903138509258e+01, 5.431300680838287e+00, 4.550734253085452e+00, -7.902340415206093e-01, 1.507889376510713e+00, 1.733895241603510e+01, -2.264795437927949e+01, -4.323899184037684e+00, -8.340264617159721e-01, -6.743856721821583e+00, 1.307905961294407e+01, 6.217215894709713e-01, -3.199958947558113e+00, -1.677329723475401e+00, 4.839423239698005e+00, -2.093923736144432e+01, 8.009060976861480e+00, 4.242723779187738e+00, -3.398131330899677e+00, 3.506079522643037e+00, -2.757370898707768e+00, -1.588496687520845e+00, -6.136119101382404e+00, 1.386598956325346e+00, -3.637913045357824e+00, 1.691493076493013e+01, -9.638896147126072e-02, -1.117255076308070e-01, 5.251219176848833e+00, -9.838517701038916e-01, -2.420674050450427e+00, 1.344445339965560e+00, -1.921789416675657e+00, -4.885983233369850e-01, 1.082011728676221e+00, -1.227176257771920e+01, -5.391274308514520e+00, -3.496504845218423e+00, -6.528205508428259e+00, -3.060644017691331e-01, 4.867181460906139e+00, -1.331211899014667e+00, 4.926126733852632e+00, -7.900152576824058e-01, -1.557074686649544e+00, 9.416745870198401e+00, 6.947267857057588e+00, 6.208152551336462e+00, 7.797743165247071e+00, 1.188156818595593e+00, -6.100871164249692e+00, 7.815960667690368e-01, 2.105401174277679e+00, 3.023234593551843e-01, -1.269364086506478e+00, -8.217832211284307e+00, -7.045885682622734e+00, -5.837978300852981e+00, -6.727688369358567e+00, -5.649523314465755e-01, 6.302140144232819e+00, 6.338038506944779e-01, -7.334967525367204e+00, -8.438838444294651e-01, 2.567627759206740e+00, 6.401232074771674e+00, 4.627274978181173e+00, 4.255557927104904e+00, 5.080162502733416e+00, 2.179240097135820e+00, -5.109613111149380e+00, -2.311628907346463e+00, -3.357217922619162e+00, 1.335795894431616e+00, 2.048233457023058e+00, 1.812292566509744e+00, -9.261012678568527e-01, -3.165763767066690e+00, -5.597118629359086e+00, -3.040435551699785e+00, 4.584173542854132e-01, 2.233641117893575e+00, 6.919623489394136e+00, -1.236244327387039e+00, 2.863910910520942e+00, -5.649837495223777e+00, -1.191898541349176e+01, 6.977146124154029e-01, 5.834981818021805e+00, 3.412162837650464e+00, 2.815817380924547e+00, -2.649126468671034e+00, -3.711762971096871e+00, 1.174615418690888e-01, -1.509958682494754e+00, 2.050112213654322e-01, 4.426053588856113e+01, -2.605278080776911e+01, 3.294922313485524e+02, -2.734677175640550e+01, 3.822254185561382e+02, 7.223181040918162e+01, 1.239205470162947e+02, 5.225570729935807e+01, 1.618748750639691e+02, 4.852552732330023e+01, 1.595203428777191e+01, -1.721396656982037e+01, -7.004516483306953e+01, 7.790697346734586e+01, 2.183490465198405e+01, 1.997821617361756e+01, 4.262339266299096e+01, -1.021391594139068e+01, -4.416461895942415e+00, 2.553052358142502e+01, 9.471888332486896e-01, 1.491608286254821e+01, -1.486891721746693e+01, -4.531553689878488e+01, -3.103104496160984e+01, -3.704677659817339e+01, -6.040754630456849e+00, 4.071250860245247e+00, -1.323556804303432e+01, -1.035421004546834e+01, -2.826901492344574e+00, 7.477273928863368e-01, 1.387802265595057e+01, 1.590722942026662e+01, -1.921096304872040e+00, 2.572308987001042e+01, -3.902587187469104e+00, -4.077219576893278e+00, 9.084808963892632e+00, 3.722590639189459e+00, 8.842059144099833e-02, -2.784613324709729e+00, -1.040136533403056e+01, -1.015525362425107e+01, 6.001048497667136e+00, -6.960248910613484e+00, 4.919021123117722e+00, 5.381555178296233e+00, -4.399824795503063e+00, -1.626571708474960e+00, 2.936037889951586e+00, 1.186471091332010e-01, 6.566814329573604e+00, 5.798060418476133e+00, -6.064748974843207e+00, -1.414173910285988e+00, -1.716449300748491e+00, -3.944519166286208e+00, 1.681820860802290e+00, 4.504565809019521e-01, 1.511043403905465e+00, -1.142713724051728e-02, -3.119479934636733e+00, -5.247540630416388e+00, 4.857023509766685e+00, 5.525203364258415e+00, -1.417276431088906e-01, 1.556247268240893e+00, 4.020990801037214e-01, 4.863083500489170e-01, -1.807073271888518e+00, -4.777105254450350e-01, 2.253780632503059e-01, 4.416406382308597e+00, -3.867960170707986e+00, -7.458786957472931e+00, 1.242000205813865e+00, 1.431320430159076e+00, -2.761260575960145e+00, 7.571434760999696e-02, -1.216840704193822e+00, 1.054217501292495e-01, 1.830278025761658e+00, -7.139888220767051e-01, 2.983148811074138e+00, 9.666915023964419e+00, -2.842564142778254e+00, -5.212502698865044e+00, 4.661677784926657e+00, -1.917985440394060e+00, 1.328767668577663e+00, 3.243517834578693e-03, -1.930742717972797e+00, -3.636911765083855e+00, 3.144225625340430e-01, -1.327990846983234e+01, 2.933835429603160e+00, 8.109691360949006e+00, -7.689144946527070e+00, 2.356278348036538e+00, 5.681016864273429e-01, 1.163113305196407e-01, 1.938476245936048e+00, 4.159049108990437e+00, -1.967733993191928e+00, 1.588426835825299e+01, -1.043983709108758e+00, -9.124563176470115e+00, 1.228949897307641e+01, -2.794865765392159e+00, -3.381845877319087e-01, -1.275069728609669e+00, -6.790300670379844e+00, -1.480751626547897e+01, 3.380926527495958e+00, -1.132393157486797e+01, -2.294753043473928e+00, 7.281305646006627e+00, -1.728332044555130e+01, 2.285473694241970e+00, -1.878271183650901e+00, 1.878953425701682e+00, 1.177512965534059e+01, 1.914224160979014e+01, -3.883756297622606e+00, 5.556050332723195e+01, -1.760736378628858e+02, 1.112528742292227e+02, 4.121051141852841e+02, 1.364273849048730e+02, 2.305200950965480e+02, -3.639541556196854e+02, 3.021081352576712e+01, 1.397785403800572e+02, 2.196110703405222e+02, 4.713736988094145e+00, 4.723954792318214e+01, -9.985386402313186e+01, 2.745874075490387e+01, 2.671530180783331e+01, 1.875174844290305e+01, 8.821932297680740e+01, -1.868525478035702e+01, 4.423488237222431e+01, -3.968054393500737e+01, -6.023409645196477e+00, -6.466411072371243e+00, 7.293527836869028e+01, -7.148041885251199e+01, -2.410609057791710e+01, -4.670136154398939e+01, 8.351629076398996e+00, 7.024622526716128e-01, -1.420652232238955e+01, -2.540653575234428e+00, -2.001485943659558e+00, -3.179734553745598e+00, -4.232620289873463e+01, 4.536561237822303e+01, 8.238727409829902e+00, 2.928315905634654e+01, -1.633050465320391e+01, 3.920475168720872e+00, -2.106570635578426e+00, 8.930606500834761e+00, 2.815413965875907e+00, 2.259998540383760e+00, 2.392442528788385e+01, -2.571351222713457e+01, -4.853598999393522e+00, -1.405511523570748e+01, 1.124750994756057e+01, -2.478772909519348e+00, 3.072830696715990e+00, -8.222150561432146e+00, 2.329136579242979e+00, -1.170128312936623e-01, -1.064657553172668e+01, 1.403426182230347e+01, 5.162459193905640e+00, 6.412514889066247e+00, -6.600413092239600e+00, 1.430395641451840e+00, -4.703800132113822e-01, 6.241473967607796e+00, -1.707757966250467e+00, -3.576278980318346e-01, -1.316199912392461e+00, -8.146487795616494e+00, -7.386173680306069e+00, -3.857544810111417e+00, 4.720447856720121e+00, -5.877901340872929e-01, -1.488393905927686e+00, -4.135077147850601e+00, -1.785674117490483e+00, -3.243682348342257e-01, 8.538659745429252e+00, 6.474085081824597e-01, 8.342185500256448e+00, 5.272771987664111e+00, -5.297765264621195e+00, -3.167218678435244e-01, 2.438231326143471e+00, 2.623925561097093e+00, 3.759275352065790e+00, 5.144833838643881e-01, -1.539507864257567e+01, 2.168420045178508e+00, -9.996998199952658e+00, -6.971774930528519e+00, 8.999364510091159e+00, 1.139800965555125e-01, -3.587494737569112e+00, -2.835777393727072e+00, 3.687980666980167e+00, -7.667190729843463e-01, 1.669009999491048e+01, -5.970153443151738e+00, 1.092259873557964e+01, 8.603122075636119e+00, -1.356863504027164e+01, 2.111373756713873e+00, 4.075427198720600e+00, 4.245560028667993e+00, -5.628765806914338e+00, 4.284043629066701e-01, -2.016440932904367e+01, 7.379067354102098e+00, -1.356923279155484e+01, -8.166348736338625e+00, 1.883800621630118e+01, -4.787273309500931e+00, -2.200305200968042e+00, -4.024379976616780e+00, -3.928732609748818e+00, 1.720085162200009e+00, 1.711167023435405e+01, -1.101481052460700e+01, 1.336420205138248e+01, 1.402424651635942e+00, -1.780247720263145e+01, 6.882204889381240e+00, -4.861022240603124e+00, 2.305350516769588e-01, 6.499399256427224e+00, -4.962585803216001e+00, -9.549793385171155e+00, 8.611436812459152e+00, -8.962995211496952e-01, -3.914832705697448e+00, 7.127744673888307e+00, 2.149826905426497e+02, -2.382817889469273e+01, -1.490001345187769e+02, -4.640603760834396e+01, -8.577233154825628e+01, 2.366699425022051e+01, 1.110430436908925e+02, -5.852342079511740e+01, -7.865314668753973e+01, 4.374110337454863e+00, -5.035415585927223e-01, 9.639981823343154e+00, 1.412800579630762e+01, 2.448529614192623e+01, -1.018853323437625e+00, -2.205950702866348e+01, 2.705828557249916e+01, 1.293734301678871e+01, 3.472737698952149e+01, 9.600309394017609e-01, -1.017187080612730e+01, 2.690175727444800e+01, 2.425651833821184e+01, 1.334508762504548e+01, 1.020315458799688e+01, 6.089640807602332e+00, 1.842109473241572e+00, -8.271409517158198e-01, -2.530710679564502e+00, 3.256124000081260e-01, 1.152797101081440e-01, -1.843319759446174e+01, -1.567239631853516e+01, -1.727268489764243e+01, -5.895146718699534e+00, 4.971002105989094e-01, -6.380409542059115e+00, 3.332631594803875e+00, -2.448814651831797e+00, 4.887782483915672e-01, 9.324032502998051e-01, 1.173879363020206e+01, 4.635357754862823e+00, 1.112072869545929e+01, 2.282479890111392e+00, -1.650911018237476e+00, 2.662470123890839e+00, -3.421129822226582e+00, 1.932128756216823e+00, 2.307784970299228e-01, 1.246031082820557e-01, -6.049905371937057e+00, 3.305799760836740e+00, -5.734119773207548e+00, -6.137190811241691e-01, 1.640180764298721e+00, 5.545757536512761e-01, 2.500643053533078e+00, -1.079580684684674e+00, -2.385166803432691e-01, -5.350933527373557e-01, 3.650373756092963e+00, -4.335454443522950e+00, 9.262949089045867e-01, -3.974759616841231e-01, -1.225839690356028e+00, -2.766366476114433e+00, -9.458325819209452e-01, 1.405922730084882e+00, 8.268595526522558e-02, 4.856633143835737e-01, -4.196411939842231e-01, 5.537440964629279e+00, 1.555735185316280e+00, 2.856866998369888e+00, 3.148829450519484e-01, 4.171338765046854e+00, -4.888129072871595e-01, -1.758552428907218e+00, 1.145370369252504e+00, 3.768422469401959e-01, -1.570387958498983e+00, -6.289470642925679e+00, -4.190697898406835e+00, -4.483679654475953e+00, 1.845062169560881e+00, -4.845236729933214e+00, 2.033952597112277e+00, 1.820660611563523e+00, 8.851444451126459e-01, -1.345018579548079e+00, 4.362587755915959e+00, 9.459831171837092e+00, 2.639360663102328e+00, 6.836715578944339e+00, -3.896830281674381e+00, 6.425928726739351e+00, -2.693513144240652e+00, -8.770536632173589e-01, -3.311784353549067e-01, 1.068392008042975e+00, -3.380240865751928e+00, -4.164817306546824e+00, -4.168724561718267e-02, -9.292975682169567e+00, 3.722398896253871e+00, -8.040251175970937e+00, 2.769967306710609e+00, 1.700232341649614e-02, 2.075501502921454e+00, -4.141812418945302e-01, 7.171556378433551e+00, 3.513587639563513e+00, -3.409933365003982e+00, 6.965674690685023e+00, -3.162495624213628e+00, 7.532949441730927e+00, -1.432240586602192e+00, -3.320813925458046e-01, -8.869604565017087e-01, 2.683146873107620e-01, -8.885680277444072e+00, 4.284205996766094e-01, 3.332550074436820e+00, 5.504871598191020e+00, 2.083038357613208e-01, -4.965041809918166e+01, -2.762069770447856e+01, -3.066703266792927e+02, 4.217274501374062e+01, -1.832760983906635e+02, -4.942888589662572e+01, -6.396340836193225e+01, -3.470113080979007e+01, -5.241457450582691e+01, -1.116101655684774e+02, -2.952190565775612e+01, -1.854090180201017e+01, -3.983258149920453e+00, 2.354930469941134e+01, 6.667496564721066e+01, 1.035458565270564e+01, -1.204521156039458e+00, 2.249555493383641e-01, 1.754382399293420e+01, 2.817686796340557e+01, -5.324076701095632e+00, 1.345632482721742e+01, 9.365508426586430e+01, -1.664207621283421e+01, 6.773993158140017e+00, -6.567091247274798e+00, 5.662064057403642e+00, 1.711538921398920e+00, 5.478626477876936e+00, 3.992500601487269e+00, 5.193531852706874e+00, -2.311899357161066e+00, -6.273289274368179e+01, 1.624996780700615e+01, -9.107357515642340e+00, -4.186858775857081e+00, -6.387386361250530e+00, -2.650288856653385e+00, -8.094760156297172e+00, -4.607126711321482e+00, 3.499336168427172e+00, -1.226645613625328e+00, 3.574249246489529e+01, -8.947339858504346e+00, 8.226594750743166e+00, 4.176387263273502e+00, 6.271619765134587e-01, 1.179106629966709e+00, 4.468427802673798e+00, 1.973258111004146e+00, -1.481130726013769e+00, 2.068709205883645e+00, -1.854492855992484e+01, 2.844405716373482e+00, -7.775211576628088e+00, -3.272251491660642e+00, 2.924573501734110e+00, -3.457627969971008e-01, -2.129674666606884e+00, -5.082411226220659e-01, -2.353448483082650e+00, -1.387175254491085e+00, 8.725892332056691e+00, -4.410538616989653e-01, 6.823503077544333e+00, 2.273863833982785e+00, -4.728102481258644e+00, -6.439204088181005e-02, 1.386212562207954e+00, -5.122895613609520e-02, 9.217802516253359e-01, 3.275308600883849e-02, -1.474893622696206e+00, -1.896677472492776e+00, -6.569245224144606e+00, -1.410542822570054e+00, 5.064950695698546e+00, 8.254245805119111e-02, -1.582330120604784e+00, 4.536040467206853e-01, 1.197543684107762e+00, 9.290742352830149e-01, -1.954958328356420e+00, 3.224847796926462e+00, 5.696543157451891e+00, -2.099486367956490e-01, -5.439369001264588e+00, -1.349926400997631e-01, 1.855060414590962e+00, -9.509647290684770e-01, -2.749917783158692e+00, -6.387625215981165e-01, 3.886747657150648e+00, -4.461176360251145e+00, -6.310453512805357e+00, 1.900889501958094e+00, 5.349610452736519e+00, 2.095878788836255e-01, -1.329852357186519e+00, 1.374915590834174e+00, -1.135945778840578e+00, -8.227041630486609e-02, -3.670436149789913e+00, 1.788126574028614e+00, 6.010834895897442e+00, -5.562866464854863e+00, -6.315859339695864e+00, -4.386569228284301e-01, -1.049685226533938e-01, -1.211184664688055e+00, 8.710694559405525e+00, -7.220090024647383e-01, -4.010765522964530e+00, 1.215848032608871e+00, -4.354085844601141e+00, 8.064425876686983e+00, 8.023715946018447e+00, 2.332753236211456e-01, 1.676144691912792e+00, 7.600416453047746e-01, -3.728655772325344e+00, 1.336293534064773e+00, 7.468388756403760e+00, -6.043458328173038e-01, -1.785047340967034e-01, -1.022821502988167e+01, -8.060459050942152e+00, -4.909445416501092e-02, 2.288639372560584e+00, 3.265841170790688e+01, 3.637128441666907e+01, -9.952684500697262e+01, 3.469692426668379e+01, 5.603342483551622e+01, -1.054713397697074e+01, 2.415906576842044e+00, 3.678791307068433e+01, -7.821733293956756e+00, 8.831003804653669e+00, -5.158388060219166e+01, -1.822997301402981e+01, -9.741106360609875e+00, 2.629071208149128e+01, 2.432311484588141e+00, -1.866074717696152e+00, -1.944461698636282e+01, -3.371336227185057e+00, 1.245509560435370e+00, 2.735267833152633e+00, 4.004371260476251e+00, -8.936011822349123e+00, -1.468535210111973e-01, -1.548312727218560e+01, -1.405649752381172e+01, 4.977480276931852e+00, 5.145327025700085e+00, -5.690171892365762e+00, -2.272877911280902e-01, -1.888554968594119e-01, 1.623264944659427e+00, 7.082049271476974e+00, -1.740602206670768e-01, 2.864818264353261e+00, 9.021903492010509e+00, -4.702417251657705e+00, -8.576172779409310e-01, 4.125756494088682e+00, 9.154952873763944e-01, -9.760998182452071e-01, 4.226812355637238e-01, -5.196961433100664e+00, 2.467059396507857e+00, -3.916036125954206e-01, -3.472814744429535e+00, 2.985964253296618e+00, 4.214993047762043e-01, -9.742066143646966e-01, -2.297647957781936e-02, -7.782841204894525e-01, -8.056978372442313e-01, 2.654856597509420e+00, -5.226504835553805e+00, -1.908370573875378e-01, 1.468377497945076e+00, -4.660279372569070e-01, -5.671870500138096e-01, -9.907544904805583e-01, -7.874159678101463e-01, -3.848411688012055e-01, 2.286479041817475e-01, -1.886561868445718e+00, 6.573468019917298e+00, -6.674961719736928e-01, -9.460733264574558e-01, -2.015432366296958e+00, 5.220658815709571e-01, 1.557662819855827e+00, 8.448000441510748e-01, -1.943771119266691e-01, 5.603429444574740e-01, 7.145968683002997e-01, -6.302547884671849e+00, 1.870794485993084e+00, 4.636171894039383e-02, 3.178225531578893e+00, -1.235946627916383e+00, -1.590369958510941e+00, -8.999831249949247e-01, -4.297261787573699e-02, -9.805171599948597e-01, 7.001175215688467e-02, 6.604043327339888e+00, -3.253086331549934e+00, 4.691080580018112e-01, -3.995716791879443e+00, 1.364011341062652e+00, 9.007492876693151e-01, 1.147824903734227e+00, 7.777176840882849e-02, 8.635406717003883e-01, -3.256781777492790e+00, -6.186888703314319e+00, 2.958020974389698e+00, -1.283051452248623e+00, 4.675574012877999e+00, -6.313132234368938e-01, 6.806820275173189e-01, -1.706331972633856e+00, 2.275632270740797e-01, -8.288404804295653e-01, 5.631176656551289e+00, 3.484999164270326e+00, -1.045513146470929e+00, 2.861278037405931e+00, -5.841981355593066e+00, -9.008399426731466e-01, -2.159034901587702e+00, 2.857830487493276e+00, 4.185126430390211e-01, 1.146335031229974e-01, -5.402833194949319e+00, 1.750211796654377e+00, -5.018299803600350e+00, -5.195945172718207e+00, 3.985312533148484e+00, 1.920190648467082e+00, 4.326155857224560e+00, -3.835765787411721e+00, -1.149386756799834e+00, 5.980482107692799e-01, -3.611555996218089e+00, -2.461969237145710e+00, 1.240653449039317e+01, 4.085683752396450e+00, -2.349466798807664e-01, -2.331374374557436e+00, -1.437632812198548e+00, -2.483218398680174e+01, -2.828873353718007e+02, 2.249032880580619e+02, -2.694712003220681e+01, 5.699925205317395e+01, -1.183486278319554e+02, -2.020118248082622e+01, -7.736028787309221e+00, -1.724973823387721e+01, 2.681933795121942e+01, -5.575451698993979e+00, 4.235787185258047e+01, -2.539315870406709e+01, -4.792369262154253e-01, -1.536965155419252e+01, 2.395012549995371e+01, 1.063123688670203e+01, 1.294030681183212e+01, 3.535152713127036e+00, -1.138359807432705e+00, 9.120207113032794e-02, -2.814125881400336e-01, -1.983858202228981e+00, 1.187508192581392e+01, 2.131107629653855e+00, -3.866101850584753e+00, -5.123802077897982e+00, -5.523977040025820e+00, -2.622540320149215e+00, -2.478861191031096e+00, 1.803829140253775e+00, -1.299049605601988e+00, -1.401717821253398e-01, -1.260847460259892e+01, -2.375883858089502e+00, -2.334865328879540e-01, -2.583171233771433e+00, -6.456771105684614e-01, -5.547635369375387e-01, 1.597850570265115e+00, 7.460458683159046e-01, 1.083261019673837e-01, 2.034670993237741e+00, 1.126803403588090e+01, 3.037509346630118e+00, 1.666641925135292e+00, 3.824454623816358e+00, 3.720767984982509e-01, 3.987547316532428e-01, -1.235795034031144e+00, -1.031162534746480e+00, 1.367005578054883e-02, -1.420499223482781e+00, -8.110129730248811e+00, -2.058420765278033e+00, -2.810433679182677e+00, -3.149088454335894e+00, 5.042639009850316e-01, 3.680335202708659e-01, 8.439427847850072e-01, -1.558353451147315e+00, 8.819421248606346e-01, 1.982775127723952e+00, 5.872572219014987e+00, 1.706552833321856e+00, 3.050377403633318e+00, 2.042263268386517e+00, -8.004779366005044e-01, -2.866195733773236e-01, -2.966914079679151e-01, 8.281122358070220e-02, -5.193252720611315e-01, -3.046178824134637e+00, -5.972029069931780e+00, -2.740410925261393e+00, -2.214741098857321e+00, -9.190104663009466e-01, 7.140940684589104e-01, -2.363128508053949e-01, -3.200486556978770e-01, 2.214743720596414e+00, -4.190683378616207e-01, 4.924755848682111e+00, 4.830770795831619e+00, 3.212399559519460e+00, 1.456959529034835e+00, 3.092720423196448e-01, -7.528762661061169e-01, 1.202955997231159e+00, 8.329826037740349e-01, 1.277123390161947e+00, 5.309611103369813e-01, -6.791580942657978e+00, -4.027799878258103e+00, -2.673639957030847e+00, -1.317406095437788e+00, -6.847330415579708e-01, 6.144697375388284e-01, -1.548710519422244e+00, -1.791643598491169e+00, -2.330569328305738e+00, -6.220297156544176e-01, 1.018747601350815e+01, 7.624167198224017e+00, 1.674252351935118e+00, 1.280176091077132e+00, -1.473609299051862e-01, -8.870879456996368e-01, 2.349210702779969e+00, 2.701075249083922e+00, -1.722701711101061e+00, 1.759691081928620e+00, -9.937114574009779e+00, -8.793150856164837e+00, 9.425787661209496e-01, -1.982985903314912e+00, 2.346930008673889e+00, 1.126497291252273e-01, -2.603983228537187e+00, -3.157009326039919e+00, 1.460809429420990e+00, -2.038948171431417e+00, 1.297293899048067e+01, 2.657519383427219e+00, -5.794369053416143e+00, 2.039529224653444e+00, 1.517180927772222e+00, 8.252821908932805e-01, 5.251149623145791e+00, 1.483475470781952e+00, 2.331661014466511e-01, 2.094434502603537e+00, -1.211268769244500e-01, -3.580337542352731e-01, -7.729351685687644e-01, -1.685318011645524e+00, -1.821886020296766e-01, -1.393186415383336e-01, -1.553123565567354e-01, -4.355552404136864e-01, 1.994562188295253e-01, 8.193637047277430e-01, -1.353433803230937e+00, -8.741561495831028e-01, -8.277085433063125e-01, 1.139536204747857e-01, 1.769034174189639e-01, 3.162347720326674e-01, 4.032066913466273e-02, -1.150982046013223e-02, 1.298345430637677e-01, 1.319081733098046e-01, -1.014156270192450e+00, -1.041791738551969e-01, -2.167158186026388e-02, -2.064398429848794e-01, 8.353532476970082e-02, -5.465465915765881e-02, -8.463289466171039e-02, -1.873908243543847e-01, 7.240679757455015e-02, -2.208852102546244e-02, -7.970284230109611e-01, 5.990334998767957e-01, 2.998028182955985e-01, -3.529045365021485e-01, -6.562536691022320e-04, -7.801963964683464e-02, -1.774767141184763e-01, -1.815656325264828e-01, 4.515337851743651e-02, -5.998739059722806e-03, -4.214494313981142e-01, 5.198552388238682e-01, 3.569936395760409e-01, -2.083872638419241e-01, -7.280895582088009e-02, -4.523693170666080e-02, -9.680767943742524e-02, -5.135757072124827e-02, 3.354111279392138e-02, -4.141372296985704e-03, 3.796622803769341e-01, -1.395127852201959e-01, 2.897389645997227e-01, -2.133175337125430e-02, -1.473690013893147e-01, -3.589343561792478e-02, -5.662587074347912e-02, -2.526965061094545e-03, 2.580659003273775e-02, -1.160390763062978e-02, 2.675897825610059e-01, -2.036106442735588e-01, -6.290859072870519e-02, -4.435618555971836e-02, -1.681543065429682e-02, -7.736775299635151e-02, -3.179136867925121e-02, 6.529167614425752e-03, 1.544349091469447e-02, -9.716705757591456e-03, -3.076596411939564e-01, -1.164489317014699e-01, 6.303685538850450e-02, 2.374497853360973e-01, 2.188517432407726e-01, -9.807171709154021e-02, 1.999244226155353e-02, 2.635468885191286e-02, 4.171647125801470e-03, -4.182151053499200e-03, -4.666901850152089e-01, -2.910529519211735e-01, 2.074787292324853e-01, 2.703743602426990e-01, 2.331052883346764e-01, 3.653465925856234e-01, 1.209180077977661e-01, 2.529162448675426e-02, -8.426646722939248e-03, -4.734740154114739e-03, -4.018565105476837e-01, -1.269224833338838e-01, -1.363614732532908e-01, -2.910826207333508e-01, 6.176375949139878e-02, 6.431104485294883e-02, 2.208203838019460e-01, 9.321766056358018e-02, -2.317892828323503e-02, -6.660757359726952e-03, -4.607212735944127e-01, -4.238381754524223e-01, 3.348084045633521e-01, 4.592991889893340e-01, -1.223336866297011e-01, -1.539700875090322e-01, 1.272678171690225e-01, 2.354841749733119e-01, -2.267311313873405e-02, 9.976426192187032e-03, -4.537440475940656e-01, -7.392724727563021e-01, 9.308978065139228e-01, -1.288636930865539e+00, 8.381563766879517e-02, 9.300827230936908e-01, -3.870877724035647e-02, 3.615524376742902e-01, -2.785478735583006e-02, 3.693193538794547e-02, 6.397278420248985e-02, 4.983620610578077e+00, -3.371265438102552e-01, -2.278029819343105e+00, -2.324566353044700e+00, -5.295961184710094e-01, 6.316641871181033e-01, -8.879724081728311e-01, 4.281144685086754e-03, -1.198014471553266e-01, -3.881218362918143e-01, -4.613963822459033e-01, 2.227491363665568e-01, 2.756359022416617e-01, 7.435534088366313e-03, 2.780730275323439e-01, 3.338849524466128e-01, -2.464545006439039e-01, 2.004534756457370e-02, -5.167547975606887e-02, -3.066988666311921e-01, 7.424602069448877e-02, 4.160889009234819e-01, 3.409250192755109e-01, 2.809864545731275e-02, 2.870252844228112e-02, 2.098484282443188e-01, -1.935044033045774e-01, -8.862219786221763e-02, -2.366682858782057e-02, -8.543238906783415e-02, 4.680462903916619e-02, 6.129603061969873e-02, 5.248758038070031e-02, -1.001150621981303e-02, 5.015101362074872e-02, 1.512807946753816e-01, 5.360919931931174e-02, -1.049207710941796e-02, -1.093598778632241e-02, -8.805622557394231e-03, 4.672326622843585e-02, -8.218712398132573e-02, -3.876854806233713e-02, 1.457853634883828e-02, 3.222891985473827e-02, 1.159817554066509e-02, 5.637016424995172e-02, 3.099766798487330e-02, -5.302413681962885e-03, 4.434302768288213e-03, 1.386683390971543e-01, -3.077230092983412e-02, -2.749716882880870e-02, 2.164104451327480e-02, 1.350166709030032e-03, -1.757289761678002e-03, 1.060181835191483e-02, 1.106545377861511e-02, -2.502723512822263e-03, 3.744826777300937e-03, -6.628411086685398e-02, 7.804719515775260e-02, -8.446530862996193e-03, 2.081982015641747e-02, -3.646514559029816e-03, 4.194879871377743e-03, -5.602040891285958e-04, 1.595123543388578e-03, -1.366743185872225e-03, 1.793948750431328e-03, -7.058929983338849e-02, -2.260331134945934e-03, 1.870821752971896e-03, -1.115116083573595e-02, 1.631550681648489e-02, 1.335450426242690e-02, 3.062637872833367e-03, 4.245564958078133e-04, -2.450182978237827e-03, 1.618094663059861e-03, 1.524343353662604e-02, -2.388090572892015e-02, -1.027204094986822e-02, 4.904648479704118e-03, -2.164871136715357e-02, 1.322006929404553e-02, 8.559484416444630e-03, 1.004627704874700e-03, -4.605710351200577e-03, -5.869575453119938e-05, 7.731717568833608e-02, 3.905823043928544e-02, 3.750240111719851e-02, 5.275340048798011e-02, -4.781228576671835e-03, -5.369414782463548e-02, -9.129012919409251e-03, -4.074948098757614e-03, -5.241342203189990e-03, -8.631917818642309e-04, 1.579716973081103e-02, 2.751988029589630e-02, -1.351554065232320e-02, -1.061182297620129e-01, 2.798673572713540e-02, 4.516017801163713e-02, -4.100918047119813e-03, -1.431904041154456e-02, -2.586368393969120e-03, 1.438400177831441e-03, 1.208158501460605e-01, -7.261077680809964e-02, 9.827089060273742e-02, 8.211857008308621e-02, -9.730875207257883e-02, -3.454081158477005e-02, 2.554957633441701e-02, 2.334522557346195e-02, 6.243939160664533e-03, 5.119073080636243e-03, -1.255933122462889e-01, 3.203729920234017e-02, -2.033515849883421e-01, 2.328745584663812e-02, 1.015749322844130e-01, -1.744275537436916e-02, -2.100519152194260e-02, -3.094436140468809e-02, 7.353443017371423e-03, 1.139307021721463e-02, 2.302307515454417e-02, 1.448696601974823e-01, 2.398966511668180e-01, 1.358533650078437e-01, 9.930071455163074e-02, 1.195674892357928e-01, 5.969497603134700e-02, 5.648964916261800e-02, -1.192283586674552e-03, 6.187058720353039e-04, -4.896010776558460e+00, -4.658145820723875e+00, -2.648404960373549e+01, 1.450395928767904e+01, -7.823053578460533e+00, 8.887279104335335e+00, 1.335251983939132e+00, -2.292572967567184e+00, -2.580343113626345e+01, -5.562434324413176e+00, -6.031383563165554e-01, -5.585449477144177e+00, -1.677173637186097e+00, -2.514995407278390e+00, 3.347912869501886e+00, 4.992369883037604e+00, -4.744133043147199e+00, 2.017478586305761e+00, -8.684497949980975e-01, 3.382447819072727e+00, 2.940271693187756e-01, 1.290563230223910e+00, 6.067317394174450e+00, -9.119261291638722e-02, 6.326991669710956e-01, -2.207927924351559e+00, 1.005436048469665e+00, -2.976877769370838e-01, 1.566883291668041e+00, -1.173934035270448e+00, 4.879760927505699e-01, 3.371431210162574e-01, -3.235776534025861e+00, 1.548707940973242e+00, -7.814452916977246e-01, 3.064058993279378e-01, 6.390608278848829e-01, 6.129116789634802e-02, -2.367540418176856e-01, 1.803995890521545e-01, 3.804188047533490e-01, -5.111864486176813e-01, 1.293932122980887e+00, -1.306387284979594e+00, 6.858805428962111e-01, 2.418962742474236e-01, -8.192796094376065e-01, 5.582363548855514e-02, -3.923686052495714e-02, 8.372170961675932e-02, 1.324221390642641e-01, 5.232120672123237e-02, -6.635483912762686e-01, 8.059121793107223e-01, -7.741532842001674e-01, -3.397325278568396e-01, 7.834311270426022e-01, -1.242515642983167e-01, 3.307719990816671e-02, -9.929005672663263e-02, -8.989231243549592e-02, 7.135772296028381e-02, -2.094943454453021e-03, -5.006568346037495e-01, 6.427547944425372e-01, 2.866122434331452e-01, -7.815972671726958e-01, 1.666893745004671e-01, -2.941294102265503e-02, 8.524039874119818e-02, -3.877260938580468e-02, -1.059376988247003e-01, 3.846974810672461e-01, 4.496895800999244e-01, -4.470833163326423e-01, -3.159171674853885e-01, 6.620310778857349e-01, -2.027656054957001e-01, 2.712339699481191e-02, -7.231946190440615e-02, 1.600726518084166e-01, 9.692590417293718e-03, -5.433685249798204e-01, -1.679207488615127e-01, 5.599090234430003e-01, 4.237967721287151e-01, -7.418112297183483e-01, 3.234320736396809e-02, -8.105793753154046e-03, -7.495718972023539e-03, -2.639033844434213e-02, 3.336650020213942e-02, 3.579831158698385e-01, 1.120645991135507e-01, -6.219040879780011e-01, -6.865265776995865e-01, 8.499234976004916e-01, 3.651979135808197e-02, -2.192539169404956e-01, 8.048191649346102e-02, -1.422966489556844e-01, -8.465760875378016e-02, -2.901746364783631e-01, -6.108743934645274e-03, 9.008844408137910e-01, 8.071363324104494e-01, -9.029315251927168e-01, 1.710176070717876e-02, 4.951081596034677e-01, -1.537453335933738e-01, 7.516989125250654e-01, -3.207176910906159e-02, 2.942560913250400e-01, -2.084921581483266e-01, -1.169489372577113e+00, -1.092622142940221e+00, 7.218474907595381e-01, -6.446650899730087e-02, -5.748464644613948e-01, 2.727906095654759e-01, -4.294176071541039e-01, -3.538137692223906e-02, -6.038516139854448e-01, 3.379790161285643e-01, 6.589769679700657e-01, 1.526725819247663e+00, -6.312812520591025e-01, -3.281767632472094e-02, 3.888484137742831e-01, -2.707716113046174e-01, -1.244380207807506e-01, 1.939844908945501e-02, 2.116518185548200e-02, 2.454021733898114e+00, 1.414360089704594e+01, 7.923416193811931e+00, -1.503652535521977e+01, 8.555690515636978e-01, -6.692556182357093e-01, -1.003180471971083e+01, -8.044831167744193e-01, 6.668570856081376e-01, -3.695559249504048e-01, 6.020127606222236e-01, 1.703946154406018e-01, -7.685797658831530e+00, -1.736476688024930e+00, -8.745004265302429e-02, -1.429461251551368e+00, 5.929532115008406e-01, 1.646588654249479e+00, 2.008675322282815e-01, 1.679120599471294e+00, 2.435784366534397e-01, -1.257037265768266e+00, 1.716578229674056e+00, 2.272129236723209e+00, -6.603744319812386e-01, 3.734255879769834e-02, 4.821513932104939e-01, -1.034953635248885e+00, 3.330953241473878e-01, -8.496518912990662e-01, 2.440117667958457e-01, 1.008327971538332e-01, -5.881699718479515e-01, -8.949839407591946e-01, -7.870832387354151e-02, 4.430861497375674e-01, -2.817112771107422e-01, 2.694614326044483e-01, -5.067958734608383e-02, 2.566279441711435e-01, 1.548215780179441e-01, -2.127940549465541e-02, 3.646742356905209e-01, 5.966529099554244e-03, 1.955710022807448e-01, -1.652686403251101e-01, 1.439827984681255e-01, 9.472432956406955e-02, -1.373056195839422e-01, -1.162660307418253e-02, -5.483377676446688e-03, -9.141373878459468e-02, -1.753752981206074e-01, 5.180873937173865e-01, -1.959565439445811e-01, -4.736358823636162e-02, 5.328947246536889e-02, -1.931572146949189e-01, 2.441594537366819e-01, -3.248091548784614e-02, -6.835908514938871e-02, 6.033267631572489e-02, 1.891493694682767e-02, -7.493699937423159e-01, 2.108319242128735e-01, 1.400566770458341e-01, -2.725371742305421e-01, 2.577626177885891e-01, -3.105244854482426e-01, 3.326006279779351e-02, 2.977187841849434e-02, 4.630980653717316e-02, 6.591781146531511e-03, 9.003068790077304e-01, -3.511721969355915e-01, -1.311686339609768e-01, 3.067154011607137e-01, -3.139031109628903e-01, 4.392264222226320e-01, 2.265172495378709e-02, 4.090079118160422e-02, -5.180038569832295e-02, -1.845041229661447e-01, -1.128599362407336e+00, 4.514997453513860e-01, 3.720872977708644e-01, -3.569596563403169e-01, 3.843963466875301e-01, -4.822894099622989e-01, -9.480290254820393e-03, -1.286056518585937e-01, 6.904611887527541e-02, 3.027305808389560e-01, 1.186293037736572e+00, -6.875015202788232e-01, -7.177399131476639e-01, 6.567912091472757e-01, -3.540220095988307e-01, 5.750366048131771e-01, 4.974404103529505e-02, -5.900291281202032e-02, -1.859824377415636e-02, -2.878336750630390e-01, -9.498925640689556e-01, 8.324013665577310e-01, 1.082844006900511e+00, -1.079952462630297e+00, 3.514712154409295e-01, -6.164066114796153e-01, -9.566600065827180e-02, 2.108788213294724e-01, -6.764612979598686e-02, 4.100392806265223e-01, 8.978849453169774e-01, -9.968488766354590e-01, -1.200275796868905e+00, 1.178347586158705e+00, -2.021635140097748e-01, 6.130363368468744e-01, 1.466695181660955e-01, -2.410799232877479e-01, 1.514640569550907e-01, -5.402327373224187e-01, -2.293717424889307e-01, 7.966984715873923e-01, 1.094110041212750e+00, -9.751682702147928e-01, -5.557647841780389e-02, -4.887634311362834e-01, -2.125635423535070e-01, -1.573284267550025e-03, -6.848053570737359e-03, 6.290323123431064e-03, -5.644999609998954e-03, -2.785237766821739e+00, -1.851000461361495e+00, -1.877168666660942e+01, 7.694915031716130e+00, 4.645322056541027e-01, -5.089319734368326e+00, -8.813071314289770e+00, -1.040949174104821e+01, -2.357414324940013e+00, 1.421857456773052e+01, -1.221780757223130e+00, -1.524199444068711e+00, 8.591774391314165e-01, 1.236683738470453e+00, 1.349385004086937e+00, 6.081990498201908e-01, -2.623170313826189e+00, 1.878259335571644e+00, 6.907968160794296e-01, 8.213731905738507e-01, -2.995209396767377e-01, 1.280214710319319e+00, -2.885680210288030e-01, 1.342127209304437e+00, 2.898538096541128e-01, -2.676856914904604e-01, 5.399240298755750e-01, -7.236321352034801e-02, 1.425198427380815e-01, -9.399100283769835e-01, 1.070581145970013e-01, -6.767001506805485e-02, 9.144914772455774e-01, -2.832190265606235e-01, 2.069011053671191e-01, 6.330546860963980e-03, 2.935582724356842e-01, -3.758510536216018e-02, -3.882492910982921e-02, 2.235910959804534e-01, 1.865429951350790e-01, -1.122837338059862e-01, -3.119299166473927e-01, -7.302047302906532e-02, 1.512070163465916e-02, -1.119910389079648e-01, -5.204689201561405e-01, -2.317093436294450e-02, 4.635202226475179e-03, 5.167675304365725e-02, 5.336328620921245e-02, 5.779258695392282e-02, 1.138180107707535e-01, 4.705209362686759e-02, -1.011820214612126e-01, 9.654502824098653e-02, 5.759461546548966e-01, -2.803872225835189e-02, -9.184618294145412e-02, -1.380822041942256e-01, -1.181745419161018e-01, 3.804863842858371e-02, 3.718048043987635e-02, 3.632007952311863e-04, 2.760794432645921e-01, -9.119759972957696e-02, -5.639708521473727e-01, 1.102479279761437e-01, 1.536751845540098e-01, 1.694560001000021e-01, -8.754098104526428e-02, -1.170819191435752e-02, -5.659389826149549e-02, -4.245770312053601e-02, -3.827888398939719e-01, 7.569379244498375e-02, 5.281618872176557e-01, -1.721226138845085e-01, -1.827756492374209e-01, -2.031625597857499e-01, 1.274386414036270e-01, -1.174168080145430e-02, 1.291220515487720e-01, 1.266117739052409e-01, 5.226031473149100e-01, -9.298393162329667e-02, -5.418787572189544e-01, 1.943589391287578e-01, 1.791156912881308e-01, 2.370114652431946e-01, 1.759933475418071e-01, 5.100021801051204e-02, -2.025311684518775e-01, -3.566699654415219e-01, -8.048332144760576e-01, 7.426333619720837e-02, 5.900653112308700e-01, -2.241707554698706e-01, -1.599476648145024e-01, -2.651420437246964e-01, -8.936934300185237e-02, -6.679383223676334e-02, 1.001220970514719e-01, 6.264426526046983e-01, 9.278183804791885e-01, 1.685944309318431e-01, -5.358374763179329e-01, 2.957935509670686e-01, 2.127828476767508e-01, 3.453784648000467e-01, -2.208619470536266e-01, 8.501612113412838e-02, -5.626764883508958e-04, -8.787894457825425e-01, -7.883778291474022e-01, -4.129815083411035e-01, 3.540590839326173e-01, -4.147391271520605e-01, -2.515023665570583e-01, -4.032726847947871e-01, 3.133371266369324e-01, -3.625902268376387e-02, 4.524254383192416e-02, 8.579988217130047e-01, 4.183846330425828e-01, 3.928705601160398e-01, -8.509022694076811e-02, 3.376815898108109e-01, 2.215515447096696e-01, 2.914923856422752e-01, -1.082028415405259e-01, -1.794174979806990e-03, -1.527661476227186e-02, 2.192195135458019e-03, -2.810543888369910e-02, 5.265136017701459e-01, -9.456428020534849e+00, 1.654247104961109e+01, -1.444865443093262e+01, -1.910171813786929e+00, 3.866177747474528e+00, -1.990334139725713e+00, -5.122713630733548e+00, 3.493461677948329e+00, -8.254023621707393e-02, 5.037050841346336e-01, 1.571530567468683e+00, -2.283730606010670e-01, -2.665825240219061e+00, 1.309562659154963e+00, -6.417885511760552e-01, -1.731077059649962e-01, 5.877062760452381e-01, -5.521859777441697e-01, -8.580189845026590e-01, 1.859213249715318e-01, -2.920435664306820e-01, -1.026586763101286e+00, 1.057142463104921e+00, -7.213952154644602e-01, -2.093102448384295e-01, 2.379230510758110e-01, 5.138649186322218e-01, -4.228475566708164e-01, 6.528231365640702e-01, 3.711520522495322e-02, -1.240507990364902e-01, 4.863742267923000e-01, -2.495046665358628e-01, 6.711225963796714e-02, 4.567173265614211e-02, -1.112034306947040e-02, -1.964912175190509e-01, 2.003267880000793e-01, -2.464281289421427e-01, 1.458388574101407e-02, 5.810512444006551e-02, -2.770577644523275e-01, 2.688352271884529e-02, 5.576232419551401e-03, 8.846878437599719e-02, -1.700060651249113e-01, -3.418719172415021e-02, 4.139192111753340e-02, 5.711810979401984e-02, 4.216332927771928e-03, -2.342417781737879e-02, -5.876133818738472e-02, 1.892638729142733e-01, -4.685790241096335e-02, -1.032789979915780e-01, 2.183385756789094e-01, 1.105347340392227e-01, -1.643165559587678e-01, 2.192163574183185e-02, -4.473426494335385e-02, 1.666112653339606e-02, 2.619758121168239e-01, -3.724323301266538e-01, 9.745054540524782e-02, 9.130327920647950e-02, -1.987293452809208e-01, -1.494005926650476e-01, 2.000408038582932e-01, -5.848130981069714e-02, -7.569300077956470e-02, 4.027144355431729e-02, -3.583029891722642e-01, 5.216411172489341e-01, -7.706659245746598e-02, -1.518942987802476e-01, 2.066230578429540e-01, 2.151188995155958e-01, -2.201466560697195e-01, 9.117039499987771e-02, -3.456283107226520e-02, -2.593242756683721e-02, 4.277597433281670e-01, -6.655746664747525e-01, 5.706937255470997e-02, 1.719991974175753e-01, -2.570219988827483e-01, -2.310018515993708e-01, 2.515648696909615e-01, -9.992270595074329e-02, 1.517547944270878e-02, 2.253444446409396e-02, -4.895593564012511e-01, 8.517043719483337e-01, -1.510484350985846e-02, -1.562711732875484e-01, 2.861234731466000e-01, 2.382581162115978e-01, -2.728157514610920e-01, 9.558884395324452e-02, 5.613909764231135e-02, 1.131980380901132e-02, 3.623460644572060e-01, -9.182923296549869e-01, -5.633061485451068e-02, 1.008507125977222e-01, -3.169982580261238e-01, -1.771067213602426e-01, 2.450099509063403e-01, -8.553437364839619e-02, 1.405018139917761e-01, -9.968148650795748e-02, -2.691587830429429e-01, 8.750647225599321e-01, 2.717485309057986e-01, 6.251159983126120e-02, 2.876060038068454e-01, 1.044730516961169e-01, -8.438283183624208e-02, 8.308111620372714e-02, -1.294734597782992e-01, 1.319657358539865e-01, 5.228979679799619e-03, -4.539534660496664e-01, -2.939045656643547e-01, -2.138459690687921e-01, -2.003317600946345e-01, -1.227064244099493e-01, -3.777360873157699e-02, -4.628587754844531e-02, 7.123031225833460e-03, -5.400481915507844e-03, 1.866070465904534e-02, -4.350246053934506e-02, -2.453772320307695e-02, 7.604338495289472e-03, -7.020037900516366e-01, -1.033811768554534e+01, 1.735817143340633e+00, -5.657661542958643e+00, -4.950098605036672e+00, 1.629782168930129e+00, -4.316066406165003e+00, -7.127957502695803e-01, -2.699006698880194e+00, 1.632724547818508e+00, -2.372329258404058e-01, 1.274351467639273e+00, 6.757348329946601e-01, -3.094767439319434e+00, -1.248285992473483e+00, -2.377509431745817e+00, -1.175064603217125e+00, -3.319575782412353e-01, -3.845358514629169e-01, -4.035135297634886e-01, 7.994606418705223e-02, -1.513265021619997e-01, -1.429516797668999e+00, 9.341433300278580e-01, 1.972171095870343e-01, 3.117003802256436e-01, 5.269569006436834e-01, 3.907379557645588e-02, 8.106836750087963e-02, -1.456334741922177e-01, 1.307417103431391e-01, -2.918757444176858e-02, 9.001114412129950e-01, 7.571746139936736e-02, 4.314113173627417e-02, 1.412614689773962e-01, -6.296202640107937e-02, -1.466287791475173e-02, -3.611611816859939e-02, 9.535097975719872e-02, 4.789127440865695e-02, 1.838949915728710e-02, -4.067561217110139e-01, -2.609789219468430e-01, -6.802735761573422e-02, -1.620704391865955e-01, -6.081213707663169e-02, 2.112977793049087e-02, 4.637434877722691e-02, -2.041873307005541e-02, -4.213644270463126e-02, -9.424884894449427e-03, 1.049561954852052e-01, 2.001187641644142e-01, 6.460102712150936e-02, 7.568907173084909e-02, 6.576293509057536e-02, -6.247566409094226e-03, -5.819144644086436e-02, -4.403366022332581e-03, -7.677486726826679e-02, 1.321202028053122e-02, -2.903383700252347e-02, -1.694801043674136e-01, -1.518079857547431e-03, -5.113054639787015e-04, -7.749580191551875e-02, -5.019543138217798e-03, 7.339937578036362e-02, 4.178295066617009e-03, -5.037741315594428e-02, 1.939196186250810e-02, 1.218675679286084e-02, 1.770957775215116e-01, -4.995142439201064e-02, -6.108016845497403e-02, 1.163886796353216e-01, -1.653522837500881e-02, -1.146560329324956e-01, -5.034044661450142e-03, -3.882142621494739e-03, -1.426849995073128e-02, -5.800189885168082e-02, -1.869772821614234e-01, 1.086276746603696e-01, 1.085656596603504e-01, -1.695902931687930e-01, 6.404521941321731e-02, 1.472800785354371e-01, -4.665690567264026e-03, 1.527266090334658e-02, 2.628476224688884e-03, 7.841493520250832e-02, 1.891626559043365e-01, -1.386498166546182e-01, -1.523061435359185e-01, 2.274348108273557e-01, -1.185441480348096e-01, -1.887796857338250e-01, 2.044580905283100e-02, 2.186624574504148e-02, 5.531442879836283e-03, -1.987105915475569e-01, -2.047489955968275e-01, 1.043351225860291e-01, 1.654898008300402e-01, -2.744479535874989e-01, 1.800048728782114e-01, 2.423248648126372e-01, -4.890231455977512e-02, 6.955830792994661e-02, -4.919900680267320e-02, 2.797800395200448e-01, 2.390092187171079e-01, 2.866596085899137e-02, -9.542114972850187e-02, 2.784615108833849e-01, -1.959200634825595e-01, -2.562783521590895e-01, 8.186803657148847e-02, 8.349162741028411e-03, 1.538211168699451e-02, -1.687552207078054e-01, -2.020368692565528e-01, -2.354429760310954e-01, -3.795204087824608e-03, -2.444583516776443e-01, 1.183076088673975e-01, 1.372441226285178e-01, -8.109763869197353e-02, -1.555893417758720e-02, 8.535286537980880e-03, 2.136520388564201e-02, 2.175932170764101e-02, -2.035020383607994e-02, 1.827208394023244e-03, -4.334112854691222e-05, -7.413948222072704e-01, -9.810126498236720e+00, -5.839681267696758e-01, -6.678787796455950e+00, 3.382043221649099e+00, -1.724210947293890e+00, 9.716500175253467e-01, 5.511926712353128e-01, -4.015902752863235e+00, -1.811631863382795e+00, 1.646243278200021e-01, 1.476230772108881e+00, -6.153943450692879e-01, -1.818734576687655e+00, -1.048290916230686e+00, 1.818299979549577e-01, -1.555550877252208e+00, -1.738456570994043e-02, -1.640648210332128e-02, 8.831289537567690e-01, 1.975577049818963e-01, -7.102076780998147e-04, -5.447994440673886e-01, 7.907817621699887e-01, -3.182470419776513e-01, 2.230066883046067e-01, -2.138259464549155e-01, -2.700239639963232e-01, 9.312600357995217e-02, -4.802717298884264e-01, 7.294597594596527e-02, -7.186738822449693e-02, 4.873671517016541e-01, -9.456222570491744e-02, 1.749204073459592e-01, 1.374981378484221e-02, 4.376785246474449e-01, 7.191117544455139e-02, -2.113197269496207e-03, 1.523510823177420e-01, -2.880255684953430e-02, 1.003192882762323e-02, -8.637553918748674e-02, -1.326677615526985e-01, 1.177145779132737e-02, -9.975486627630924e-02, -2.346786652957140e-01, 1.212982785566860e-02, 1.368059660917196e-04, -2.167235921097661e-04, -6.688252890823200e-02, 1.621757817241126e-02, -1.110308571024438e-01, 2.751682134819166e-01, -9.413959647373364e-02, 1.042184667386468e-01, 6.750030965356045e-02, -1.371960443903041e-02, 2.914090609279313e-03, -3.778489273536883e-02, -4.170164247055100e-02, 2.150267276556118e-02, 1.690079043673471e-01, -3.146077487514496e-01, 1.712609366215068e-01, -6.840246397478530e-02, -1.253675085190057e-03, -2.509330958994774e-02, 2.437968736327969e-03, 2.992526093052741e-02, 4.336021988802623e-03, 4.784793953835177e-03, -1.809029879747456e-01, 3.184114800851979e-01, -1.844785968432217e-01, 4.491164566576260e-02, -4.961291544188010e-03, 3.388727982955721e-02, -3.712892223222094e-02, -7.120668013400343e-03, -7.382993076881579e-03, -6.769219124099379e-03, 1.662601323769354e-01, -2.866729357749705e-01, 2.021421030043149e-01, -1.180968831818867e-02, -2.791829555691784e-04, -2.198853368871455e-02, 6.981738041923752e-02, -1.468009566704454e-02, -2.798724211911016e-04, 1.120192031373184e-02, -1.527317307715505e-01, 2.684549455757591e-01, -1.555748764870368e-01, 4.067202101105389e-03, 1.909899059652214e-02, 2.843230566316489e-02, -7.789979261850652e-02, 3.048071251484653e-02, 5.276294290074420e-02, -1.040700714184589e-02, 1.394031521387558e-01, -2.445007529322794e-01, 9.796059362031569e-02, -1.655157089210094e-02, -3.245129046378722e-02, -2.967109906822578e-02, 1.285869696832581e-01, -1.640259881070023e-02, -7.227069424873376e-03, -1.576534201234368e-03, -1.102293750490883e-01, 2.268076567915286e-01, -5.918760788874663e-03, -4.032325201927795e-03, 5.923214701945573e-02, 1.012193905665075e-03, -1.734927541409213e-01, 3.372877704972729e-02, 8.089376572793837e-02, -1.301525036201483e-02, 3.788580432636147e-02, -1.777226350828495e-01, -1.054122757472426e-01, 6.437336771151261e-02, -7.948244870724937e-02, 2.984058058892705e-03, 1.497012685932104e-01, 1.338206798275145e-02, -3.421622213221915e-02, 2.831614927531598e-03, 8.507235278477633e-03, -3.204857634479471e-03, -5.499093353135737e-03, -4.557974266582762e-03, -1.356132750587951e-03, 4.762956083820445e-04, 6.083189966552127e-01, -2.438189948577817e+00, -3.930700800986985e+00, -4.359964619861176e+00, 1.938902258772758e+00, 5.542925370896952e+00, -3.374654324300720e+00, 7.216722756772301e-01, -6.233393742212272e+00, -2.691199858075911e+00, 3.413204975456466e-01, -9.470527263546066e-01, -2.236235024657256e+00, -1.191721709821817e+00, -1.193140902918272e+00, -1.512120996486900e-01, 2.392877285396363e-01, -1.182009239949531e-01, -3.007563785453096e-01, 5.423559649197861e-02, 9.161777860883399e-02, 2.676762494001189e-01, 6.797505203355536e-01, 5.983004955043705e-01, -1.885637971412938e-01, -2.122143081187076e-01, -2.164560938560137e-01, -9.352140119435758e-02, 4.382822489822573e-01, -6.984901209079310e-02, -4.055966834812875e-02, -4.356042484187234e-02, -3.526915041604911e-01, -2.855737196823048e-01, 2.156118699579868e-01, 1.449588762624452e-01, 1.740210760988727e-01, 4.086149144683188e-02, -8.167734830375732e-02, 1.926490349929155e-02, -4.775592424371843e-02, -1.929721418532186e-02, 4.181108063266391e-01, 1.250892310376016e-01, -8.117065661080644e-02, -7.051137499827667e-02, -3.870118274219329e-02, -2.086575596137801e-03, -1.728814412700370e-02, 1.854398343775634e-02, -1.067199138807668e-02, 3.116080000014273e-02, -3.921178743079404e-01, 3.455595330288976e-02, -1.607915786692691e-02, 2.867038962819243e-02, -4.378027764005579e-02, 1.656750032890036e-03, 2.323720974063078e-02, 2.258581601197286e-03, 6.208576567711359e-03, 1.357210358992120e-02, 3.267369837567519e-01, -1.298094435270382e-01, 9.450652162220669e-02, -2.496219824607331e-03, 6.413632901055602e-02, -9.079460655774672e-03, -1.653524648209849e-02, -3.032053322416128e-02, -1.000772155976052e-02, -1.392426504365199e-02, -2.926483374802638e-01, 1.474880782686070e-01, -1.328207804637503e-01, -1.965688482505324e-02, -4.845163947044709e-02, 1.429678417674413e-02, 1.049564647378099e-02, 6.385511110664897e-02, 2.256265333528117e-03, 5.439258737334984e-03, 2.581202483925433e-01, -1.610793464606274e-01, 1.973760249262715e-01, 4.491469829753168e-02, 6.743303297487210e-03, -8.181908642488264e-03, -9.743992972220299e-03, -1.058920317988985e-01, 3.837981732946365e-02, 4.203940655933549e-03, -1.873838271122433e-01, 1.568274129554595e-01, -2.476953409443723e-01, -6.412334227106899e-02, 4.060079154344010e-02, 2.386689827789867e-02, 4.109046336913907e-03, 1.569183994524226e-01, 1.240178572713001e-02, -5.937215742304174e-03, 7.415962314065791e-02, -1.073828014402296e-01, 2.575159551945178e-01, 1.007264737180144e-01, -1.104698897541609e-01, -3.309843907942433e-02, 1.936828836291804e-02, -1.864772585099570e-01, -1.941303005898289e-02, -3.026456686186342e-03, 5.009580202319651e-02, 4.861443121851391e-02, -2.011843548084408e-01, -1.226086650260438e-01, 2.033476796761868e-01, 5.129600750085773e-02, -4.542361401899353e-02, 2.134009472821234e-01, -1.005287188248109e-02, 3.064468404143909e-02, -2.088580207184250e-01, 3.390987219319116e-02, 9.073321612434986e-02, 8.384255458948218e-02, -2.457932269443192e-01, -5.873612987902931e-02, 4.394373732115441e-02, -1.238232614457488e-01, -1.990263146881115e-02, 2.456009956702338e-04, 1.001384860667995e-02, -1.013500253413485e-02, 3.995435714312811e-03, 4.498052998838225e-03, 2.553145304532473e-03, -4.799073833762649e-03, -1.067155326837074e-03, -5.867763830020496e-01, -3.115748771944097e+00, -1.158422098817444e+00, -4.709007338628691e-01, -3.959466509374351e+00, -4.992093046221081e+00, 2.565122142663082e+00, -2.293931246135457e+00, 6.289587924268673e-01, -1.050920842227467e+00, -3.015791840608466e-01, 8.063148587634514e-02, -7.642122156044326e-01, 4.549915712179350e-01, 7.240166849179303e-03, 3.499380515260513e-02, -7.443938397308245e-01, 1.280416098827848e-01, 8.525383718258506e-02, -4.285668611631767e-01, -7.795867599821764e-02, -6.524898614433249e-03, -2.583037925948026e-01, -1.751832364892111e-01, -3.237820435365178e-02, -1.933425831010116e-01, -5.102624461612226e-02, -4.283441107284450e-02, -1.590328348895374e-02, 2.197657947828640e-01, 1.085503832696716e-02, -8.631230641043158e-03, 3.260270362617474e-01, 2.435272182919269e-01, 1.487492225771367e-01, 3.704027142469111e-02, 7.563189999926684e-02, -2.197533612114308e-02, -6.047221796689379e-02, -5.600408548159198e-02, 1.545155496564812e-02, 5.923037746098977e-03, -7.374498489210513e-02, -2.016160336922795e-01, -1.179080759387964e-01, 9.104983827677219e-03, -5.923178657476363e-02, 9.534128953925247e-03, 4.596896342329335e-02, -8.129030202436979e-05, -6.276542327315485e-03, 1.468223574046307e-02, -2.153906832530868e-02, 2.322904618523984e-01, 8.997389721139172e-02, -2.346460964068297e-02, 3.700069666638453e-02, 1.995438383532827e-03, -2.410601807731303e-02, 1.146820069471664e-02, -2.528766671379355e-02, 1.786620177510315e-03, 3.361646534274468e-02, -2.048268531084138e-01, -7.905625985709921e-02, 4.059879616437322e-02, -2.530845846839732e-02, -4.800764330360254e-04, 1.421072879289169e-02, -5.527329405773622e-03, -1.733409398850993e-02, -9.783746462049705e-03, -3.617185051269274e-02, 1.814298655469526e-01, 1.001085510275784e-01, -4.450811679715289e-02, 2.960060392777525e-02, 1.144877348747512e-02, -3.693291195466883e-03, -4.007450324186951e-03, 2.740492488018003e-03, 1.377882755829302e-02, 1.716218390360841e-02, -1.021736094566340e-01, -8.518987441089605e-02, 5.650663768958356e-02, -4.759239288651234e-02, -2.294402538395944e-02, 4.153404506073763e-03, 9.639001892609198e-03, -6.671382370229919e-04, -9.819779255390418e-03, -3.396015444534922e-03, 4.323072034025759e-02, 5.947185163766963e-02, -5.904786119585889e-02, 7.262810800925845e-02, 3.156514280586475e-02, -6.269945761655650e-03, -1.231059914771112e-02, -6.147624298983174e-03, 2.853140065550717e-03, -3.177622772795705e-02, 4.293406459806309e-02, -7.324623527315026e-02, 6.377157563033220e-02, -1.087911898366062e-01, -4.160081514963151e-02, 2.711251014119012e-02, 1.747465052610582e-02, -1.566848696584579e-02, 9.110023630823163e-03, 7.712738235366581e-02, -1.582539583562956e-01, 1.390148442457838e-01, -3.238402916600154e-02, 1.277131074282003e-01, 5.026365472165282e-02, -3.610078351178966e-02, -1.263902810435087e-02, 1.569952824732449e-02, -1.287274248979221e-02, -1.789963389046162e-01, 2.231565879073055e-01, -9.897770297465064e-02, 4.340669333926762e-02, -1.077815280601147e-01, -4.022604696789325e-02, 3.722675366130995e-02, 3.459303237318497e-02, 8.419231997177408e-03, -3.562613320705295e-04, 9.550435014904797e-03, -1.566193880206621e-02, 9.772032908476199e-04, -1.489583462912928e-03, 8.128430914870164e-04, -3.129720607213015e-03, -4.624343834751436e-03, -6.403268484979643e-04]
