elements:      [Ti]
cutoff:        5.0
pair_type:     gaussian
feature_type:  gtinv
model_type:    4
max_p:         2
max_l:         12

gtinv_order:   4
gtinv_maxl:    [12, 10, 2]
gtinv_sym:     [0, 0, 0]
gtinv_version: 1

electrostatic: 0
mass:          [47.88]

n_pair_params: 6
pair_params:
- [0.5, 0.0]
- [0.5, 0.75]
- [0.5, 1.5]
- [0.5, 2.25]
- [0.5, 3.0]
- [0.0, 0.0]

n_type_pairs: 1
type_pairs:
- atom_type_pair:      [0, 0]
  pair_params_indices: [0, 1, 2, 3, 4, 5]

type_full:    1
type_indices: [0]

n_coeffs: 4278
coeffs: [9.517396918257514e-01, 1.040528599887199e+01, 3.116461236539421e+01, 2.242092547630138e+01, -4.266371191218762e+01, 3.396465724018410e+01, -2.219948719630120e+01, -1.502571101443675e+01, 3.879030366036706e+00, -1.003336197414853e+01, 8.758430088185529e+00, 1.234240115767008e+01, 1.114056920979736e+01, 2.189073887736703e-01, 3.918316193484062e+01, 7.625593173112250e+01, -1.707392622165834e+01, -3.678923436105246e+01, -6.311173165488812e+01, 2.755813310800317e+00, 2.577173090619319e+00, 3.024193627214136e+01, 1.310686053600601e+01, -1.510189752834601e+01, 2.238063235918498e+01, 3.037361250642960e+01, -1.918380458996921e+02, 9.374633985427461e+01, 6.702477471941253e+00, -1.845974088330267e+02, -7.315285834153205e+01, 5.136971210463700e+01, -2.662288066725041e+02, -7.963128447873277e+01, 3.335084823708167e+02, 1.514364194503319e+02, 9.305722078550247e+01, -8.059948054891406e+01, 3.198112683287384e+02, -9.465556747290148e+01, 2.802105962258227e+02, 7.750077782495610e+01, 1.679308356995426e+02, 1.011575912811711e+02, 5.804108083791570e+00, 5.205848364990431e+01, 2.780936003857433e+01, 2.248251706166360e+02, 8.519952183563578e+01, -1.748386558222361e+02, 2.581116832442361e+02, 2.711650013064142e+01, 1.185314792655581e+02, 4.215446084891276e+01, -4.112040613216336e+02, 4.301439830735708e+01, 9.188046854467386e+01, -1.082315819616204e+02, -3.744634987891428e+01, 3.491121611391590e+00, -2.219125602908964e+02, -2.016177021480699e+02, -2.788884345968357e+02, 2.869732215841417e+01, 5.385012878877840e+01, 1.640147524188496e+02, 2.250656424580338e+02, -1.805876115049674e+02, -7.674162814751766e+01, 2.221843902859606e+01, 1.717258029321358e+02, -8.816196469932549e+01, -2.900153037794962e+02, 3.018407529111784e+01, -1.580139447272798e+02, 4.535013170395013e+01, -7.871989899019745e+01, 1.525953072765558e+02, -1.454741740125320e+02, 3.754900847239286e+00, -1.691734759458272e+00, -3.088765294406587e+02, -1.576191892184434e+02, 1.968130370580620e+02, -8.147224417828828e+01, 1.314440926692982e+02, 2.212446808331960e+02, -1.251049049857397e+02, 1.969214127417750e+02, -1.034700794521878e+02, -1.200595531954066e+02, -1.516702485478624e+02, -7.961093420580916e+01, -9.631489875671649e+01, -4.868923173327669e+01, -1.077961304777350e+02, 6.657613672507543e+01, 8.298196253327075e+01, -1.054861807845786e+02, -3.704036482483242e+01, -4.305632959120984e+01, 6.268092378595906e+01, 6.890158505266459e+01, -1.724374401825819e+01, -1.561122354376329e+01, 1.169270945300209e+02, 1.148611073452934e+02, 1.113852067429249e+02, -2.137999935709411e+03, -3.025566544900404e+02, -3.670060338461030e+02, -2.986580034476188e+04, -6.203285839818493e+00, 5.524209902661171e+02, 3.457086124482593e+01, 3.827505475784604e+01, -7.340318955047618e+01, 2.619738082874803e+01, 7.205911184692039e-02, 5.533242274629584e+00, -1.070834710103101e+01, 5.886351762609545e+01, -2.980209980989510e+01, 2.526343865149432e+01, -2.978336572262354e+00, -1.477476264462119e+01, -5.854601985359746e+00, -5.613787293723810e-01, 4.435140379629123e+00, 5.985860432287569e+00, 3.854178391718473e+00, 3.179810771782481e+00, 5.611930939101379e+00, 3.556539721992186e+01, 1.193157637845076e+01, -7.540168902206688e+00, -1.920495973549615e+01, -2.780162451448965e+00, 3.105029098437901e+00, -2.156086105010412e+00, 5.677964409578141e+00, -3.995606703638895e+00, 2.315944837157199e+00, 1.646721753346315e+02, -3.092291691885317e+02, 4.654939131032990e+01, 4.255042446606777e+01, 8.397317051650057e+01, 4.643197620630941e+01, -1.940159947719472e+01, 9.739349674294314e+00, 1.208166459593662e+01, 1.236334351128379e+02, -1.343127064261915e+02, -3.533567439152618e+01, 1.068553786108057e+01, -1.090916126825029e+01, 4.161004591313584e+00, 2.667598162926161e+01, 4.246477289997732e+01, -7.178928755662506e+01, 1.680693709902889e+01, 6.108051108347821e+01, 3.541985212966937e+01, 2.651167787029320e+01, -3.538163678423660e+01, -1.671460187628196e+01, 1.455796775832662e+01, -3.416241980109752e+01, 8.342849112173145e+01, 1.389877670854177e+01, -1.032196057384388e+02, 1.999696976834301e+01, -1.776097582586712e+01, -9.010155135561182e+01, -5.533380121338201e-01, -9.434361027294123e+00, -1.191174214215958e+01, 2.089124100856657e+01, 1.941105934019723e+01, -1.343078491868933e+01, -1.233099456658940e+01, 1.102809507766884e+01, -6.868211522757518e+01, -8.441517923051741e+01, -2.428187558199200e+00, -3.067816552246719e+01, 1.666330814305211e+01, -1.215855544411283e+01, 1.706863626677177e+01, 2.035920840362719e+01, -9.855114435513148e+00, 5.869925604531664e+00, -4.844938494939263e+00, 1.526005903403414e+00, -1.222626254492106e+01, 2.762394665675878e+01, -2.116986308135176e+00, 3.690454785709832e+01, 2.960829926437086e+01, 7.543144535641508e+01, -1.362165828552364e+01, 2.597100842096430e+01, -1.121855655535255e+01, -2.976117253725710e+01, 3.847247450428413e+00, -1.283686395433362e+01, 1.215554617120668e+01, 1.760255079889676e+01, 6.690274325744009e+01, -3.364126906738994e+00, 1.115332397806644e+01, 3.770912312368860e+00, 4.707157349051368e+01, -7.504441852263279e+00, -2.995992230855298e+01, 1.338627719370808e+01, 1.963437903828400e+01, -3.289359050755784e+00, -1.250854501780926e+01, -2.852070849847457e+00, 4.413568738965184e+00, 5.848200783828605e-01, -1.414607975426771e+01, -2.450226669026971e+01, -1.669343941345883e+01, -3.913092696819273e+02, -3.227292857934798e+02, -8.521133234953324e+01, -6.934226653840290e+03, -7.746158437768698e+01, 9.101405366898067e+01, 2.879630052259552e+01, 3.188174873389692e+01, -6.114221179643542e+01, 2.182150780030064e+01, -2.665203433407301e-01, 1.385837317790031e+00, 2.516151050353932e+00, 3.325983696821463e+01, -7.368126282731458e+00, 9.242021930402485e+00, 1.059434475050274e+01, -2.237931413850896e-01, -6.740550928036079e+00, -2.214289426398949e+00, 2.987378909586507e+00, 2.648786921122743e-01, -1.025646308768155e-02, 2.888636112207303e-01, 1.050874012475707e+00, 1.825589686021904e+00, 2.125975263079455e+00, 8.756952905961541e+00, -2.610808773754306e+00, -3.695014883330886e+00, 6.558033898822872e+00, 6.528195954218577e-01, 1.781126223112957e+00, -8.662641438980174e-01, 1.844760192075008e+00, -6.776934502761269e+01, -6.664239541846430e+00, -4.028171690897677e+00, 8.707953384474150e+00, -1.001545391023592e+01, -5.008447237538425e+00, 3.723282213303769e+00, -4.549002036960919e+00, -4.482028330909797e-01, -1.402631087951239e+01, -4.264544918043254e+00, 2.510702880050919e+01, -1.213603942550156e+01, -1.285288661252399e+01, -1.607877203262658e+01, -2.572111283049477e+01, -1.206927741826715e+01, 3.245084031037376e+01, -8.746312262591781e+00, -2.227050111929741e+01, -5.047582041961962e+00, -7.501666141023962e+00, 4.592670333353849e+00, 1.512052991514951e+00, -1.475089504973702e+00, 1.568318749966040e+01, 6.575741911806267e+00, 3.420763662174618e+01, 5.216645437839406e-01, 3.562631264439000e+01, -2.629571389471461e+00, 4.146007407603245e+01, 1.288255359032076e+00, 1.157352679120824e+01, 1.625895508240301e+00, -2.591970433224069e+00, -2.521704485472738e+00, 3.431297817022620e+00, -1.761952015847438e+01, 2.165123350390104e+00, -1.944629018772721e+00, 3.184562859419210e+01, 4.323099964878113e+00, 1.423459898849829e+01, -7.659610010318797e+00, 2.940291854689264e+00, -4.585024001831004e+00, -1.962959409411954e+00, -2.360231875164524e-01, -4.805897623007940e-01, 3.332708032875443e-01, 3.920961529903965e-02, 1.455658518202061e+01, -6.231587544471554e+00, -3.970923306569468e-01, -1.198064710146164e+01, -2.900451223436798e+00, -1.282952389994434e+01, 9.334874576580547e-01, -4.546777656851293e+00, 1.720106090722569e+00, 5.644753254422377e+00, 2.182086954681390e+00, 1.325269341353288e+00, -1.488915296308284e+00, -2.597669792128817e+00, -1.208738306988717e+01, 1.156990601303125e+00, -1.544589933821759e+00, -3.764943810575057e-01, -9.122157621914235e+00, 1.172470935299443e+00, 4.971901721417854e+00, -1.894738401185158e+00, -3.646455464760894e+00, 8.768979699537504e-01, 1.896685608245777e+00, 1.201105183435942e-01, -6.272862876818657e-01, -4.060631909457370e-02, -4.831570817374582e-01, -1.984056273087545e+00, -7.535161011479389e+00, 1.364992329087549e+01, 3.475387587444039e+01, 8.961162925924311e+00, 7.292270746291083e+02, -5.146387039504761e+01, 1.018046710544684e+02, -1.210350569111600e+01, -1.340041035850196e+01, 2.569893697462700e+01, -9.171876888497751e+00, -2.155384273952143e-01, 2.349884720593195e-02, 2.666278752845974e+01, -5.199530426160003e-01, 6.622066043936960e+00, 6.694973882544065e+00, 1.051151781754746e+01, 3.373652668771673e+00, 2.132169093293168e-01, -2.570438835991747e+00, -1.490786219467296e+00, -2.569549604944144e-01, -1.014137944745970e+00, -4.053718891674133e-01, -2.336939069794561e-01, 2.202006955297410e+00, 1.350933307972985e+00, -1.704225826073080e+00, 6.395700499406523e-01, -1.170358751186601e+00, 5.714142532181604e-01, -3.858360834823939e-01, 2.750171710147620e-01, -5.094129922873059e-01, 1.259525960800796e-01, -7.717349814979824e+00, -1.688071888402669e+01, 6.255192927783669e+00, 7.427235225951963e+00, 7.984872503441798e+00, 2.986955545540448e+00, -4.097002959250992e+00, 1.381696857865110e+00, -1.320459115837921e-01, 1.098553808912047e+01, 1.545057988437572e+00, -1.117416181681266e+01, -5.931539968436035e+00, 1.398982848793558e+01, 1.183851723032693e+01, 1.441495130995459e+01, 5.074787930167891e+00, -8.759570978631285e+00, 8.153706374095525e-01, 2.857103417185854e+00, 9.953889619499932e-02, -7.438002980016815e-01, -6.632446358551981e-01, 1.350470216453782e-01, 1.390358888904129e-01, -1.868347431751507e+01, -2.602705492489818e+00, -3.213917369351937e+01, -2.615178751875617e+00, -2.183327888783547e+01, -2.252409249882693e+00, -1.253390539016934e+01, -1.225405939466595e+00, -1.686481295545767e+00, -1.437796035518753e-01, -3.634989221525587e-01, 2.856428880394922e-01, 4.565545871230647e+00, 1.130110198461638e+01, 7.112684148661520e-01, 1.100640954423783e+01, -1.207214089148114e+01, -2.143152317179805e+00, -6.645760835546141e+00, 9.628608878017985e-01, -8.216262722554362e-01, 1.077684166801853e+00, -4.540853697090165e-01, 7.275794692768971e-01, 3.514035158173304e-01, 2.311735545745402e-01, -9.288995363526224e-04, -7.424422326065087e+00, 1.225678694819493e+00, 8.007553892645851e-02, 1.679525331560467e+00, 8.582535811088031e-01, 4.888529738215934e+00, 9.833417721562535e-02, 1.430737061939606e+00, -4.820603363095627e-01, -7.052164868175209e-01, -2.579753804675712e+00, -2.779734242233577e-01, 2.459998502441111e+00, 9.873053854158900e-01, 4.192546986131691e+00, -3.832696775482441e-01, 3.988089837507785e-01, 8.739549127583937e-02, 3.646230557522315e+00, -3.401887472004224e-01, -1.505301673000423e+00, 4.595938063186866e-01, 1.194772264763353e+00, -2.272905795990520e-01, -5.087344237909008e-01, -3.122010536889587e-02, 1.145681415687112e-01, 2.642727981720001e-02, 1.307083940501180e-01, 1.311594936581659e+00, -6.407682024427499e+00, 9.673907066259302e+00, -1.009792401130457e+01, 2.732593565929684e+00, 2.223747869684348e+02, -3.314055648232521e-02, -4.412412602110988e+00, 5.134692172981535e+00, 5.684898663870779e+00, -1.090229466830585e+01, 3.891009147924136e+00, 5.096771828826092e-02, 2.651932194233598e-01, -7.345060460076967e+00, 4.144106499309008e+00, 9.035942829964437e+00, 1.990534212029951e+00, -1.096486142504694e+00, 2.288397134463237e+00, 1.230290799164061e-02, 4.004483068267597e-01, -1.803725395144269e+00, -1.503088250805965e+00, 3.054031252610584e-01, -2.665132031375498e-01, 1.318512164251086e-01, -2.010139151082580e+01, 1.902892917748420e+00, -1.564524301274306e+00, -1.060230130250845e-01, -5.729368812904601e-01, 3.366041689646297e-01, -8.454871349011082e-02, -1.617920521126938e-01, 5.207498742154039e-01, -1.093086554439008e-01, 2.577751923592017e+01, 6.797550446725036e+00, -1.260963347654892e+00, 1.973051323868546e+00, 2.726171380540880e+00, -5.914984551440597e+00, 3.560007382474215e+00, -1.579958930073712e+00, 3.097298846775269e-01, -1.897067695671642e+01, 1.487108560051423e+00, 1.335266381632937e+01, 1.257343788520174e+00, -6.592404097652603e+00, 1.450912987613816e-01, -5.031483495741708e+00, -1.541199055338669e+00, 2.244742108300928e+00, -1.762843226518335e+00, -1.899316633808894e-01, 4.020778254987247e-01, 3.475016383563568e-02, 4.609111420557121e-01, -1.642464359444849e-01, -7.404161444237389e-02, 1.632620416780774e+01, -4.436223753857859e+00, 1.437632331047218e+01, 1.173382119673209e+01, 4.572778675766910e+00, 5.073930207887041e+00, 2.406119618855143e+00, 1.494416194690905e+00, -2.418840684498723e-01, -3.670020264199229e-01, 7.482327010201417e-02, -2.514122426189726e-01, -1.476323753910524e+00, 1.335214684934791e-02, -4.301824527408225e+00, 1.938476176946817e+00, -2.509592829644354e+00, 2.198880449435737e+00, -2.934909685031188e+00, 3.127961203956071e+00, 7.439390414519542e-01, 2.532892818323691e+00, 7.914685573595129e-01, -1.499105850924448e+00, -8.518670672934787e-02, -1.436361443771197e-01, 2.748122795151271e-02, -4.509756920316262e+00, 2.192786894852004e+00, -4.624776093669362e-01, 8.968372208849310e+00, -1.681401044466172e+00, -5.775938368551196e+00, -4.810961374181261e-01, -1.477453658447436e+00, 3.788989715164359e-01, -1.931907330719938e+00, 3.670806215399147e+00, 3.973263247553570e-01, -4.269650905988205e+00, -1.881424271657377e+00, -2.718405779266172e+00, 5.280852020700234e-01, -5.898611129374786e-01, 1.051166784640137e-01, -2.651640161836093e+00, 3.307406191645467e-01, 1.624993253650312e+00, -4.511827401303228e-01, -4.878090411718571e-01, 2.595519619694724e-01, 3.546698711801758e-01, -4.853041987523178e-02, -7.625108500875842e-02, -1.301569677103031e-02, 1.112150580090943e-01, 1.164742668174420e+01, 3.785449944753802e-01, -1.147965217073437e+01, 1.136023852054437e+01, -7.377671856530699e+00, -6.003711544188390e+02, -2.265361956704431e+00, 2.009893987208443e+00, -1.935170863431984e+00, -2.142576823432182e+00, 4.108968312234451e+00, -1.466512509488180e+00, -3.181193546140862e-01, 3.943530848972435e-02, -3.910332968703362e+00, -7.234672813577844e+00, -2.042171632922623e+00, -1.242723635617766e+00, -4.904534744490227e-01, -1.388089374004768e+00, -3.635764976923534e-01, -2.376043265024277e-01, -1.167642623839335e-01, 3.324570515786479e-02, 1.823349164528996e-01, -9.198925088050966e-02, -2.011558224093019e-02, 5.107228512825814e+00, -5.475645357588833e+00, -1.412549301327752e+00, -1.007535315923296e+00, 4.324476062775721e-01, -5.274969825249042e-01, 2.396232577158671e-01, -3.034294367678753e-02, -5.912007802902717e-04, -3.048131306443089e-02, -2.051064086790126e+00, -5.944548079582427e+00, -1.781873944242828e+00, -2.240474787308151e+00, -2.439201428334547e+00, 2.261420119775143e+00, -1.389981527334138e+00, 9.943115907253131e-01, -2.437292265525680e-01, 3.860936104999304e+00, 5.748566042713716e-01, -2.438207054316285e+00, 5.726653657772686e-01, 9.210194114603893e-01, -8.252187983045641e-01, 2.217786741433044e-01, 3.357952429867943e-01, -5.876574332689703e-02, 7.407447678140066e-01, 9.268253442351848e-02, 8.670922318169959e-02, 2.340423303817161e-01, -3.012658547124719e-01, 6.335304519572582e-02, 2.859318107603650e-02, -4.051498783624668e+00, 1.322070463693091e+00, -3.767271001744820e+00, -2.318508612721447e+00, -9.422899790339744e-01, -1.027187509107678e+00, -7.933525899580574e-01, -4.111302834848350e-01, -6.853048080255819e-01, 1.584673008401888e-01, 4.341731436447497e-01, 2.049171712188704e-01, 3.917182345939877e-01, 4.769572448969227e-03, 1.010676489323235e+00, -5.597239341927115e-01, 4.033481244154163e-01, -8.169652902786485e-01, 7.003351604150257e-01, -2.477161704828207e-01, -3.265662706475283e-01, -3.040136860701980e-01, 2.465466874256676e-01, 6.669338231505964e-02, -2.017318555814831e-01, -1.247983325388659e-01, -4.590782148347283e-02, 1.319397055594860e+00, -4.430187671774105e-01, 3.348420636692254e-01, -1.866120127024725e+00, 3.751107100215401e-01, 9.056797067666116e-01, 8.946448189849734e-02, 3.187754871726157e-01, -7.172887694991732e-02, 4.710966392941193e-01, -6.229582124062590e-01, -1.711888656981980e-01, 8.442055344705074e-01, 6.128874432656242e-01, 4.214336953302146e-01, -1.981910788083440e-01, 2.474990825685568e-01, -8.187218630386782e-02, 4.869631101022893e-01, -9.493148705045056e-02, -6.344584142743133e-01, 2.025143660498251e-01, 6.259146192349332e-02, -1.392232837760198e-01, -1.492326757043355e-01, 5.574007505876889e-02, 5.687632506477697e-02, -3.730875405745757e-03, 7.104825834694334e-02, -1.886778693845534e+00, 2.429875767527565e+00, -5.666043190769469e+00, -6.045200050591296e-01, -1.180255497054627e+00, -9.604612309757908e+01, 5.024422598066620e+00, 7.841226487237787e-01, 8.729129202984149e-01, 9.664464699453588e-01, -1.853440711835490e+00, 6.614892200382223e-01, 1.040528426063857e+01, 3.918312180483802e+01, 1.169270902084814e+02, 7.625589254866547e+01, 1.148611601970825e+02, 4.877785083885163e+02, 1.707393042829207e+01, -1.113852257107763e+02, 1.695236774884528e+02, 2.228586140355371e+01, -3.678926572123587e+01, 4.217887308802714e+02, 1.120609035658342e+02, 7.969423194407325e+01, 1.748821983091591e+02, -6.311169377286503e+01, 1.256231611566196e+02, -1.169861694236027e+02, -1.468725731799732e+02, -2.446580506335178e+02, -6.679235917250861e+01, 2.755834838623617e+00, -4.760317233367028e+01, 7.978925108248752e+01, 7.225125184044586e+00, 2.877049603068912e+01, -6.837548362551540e+01, 1.943519597945327e+02, -2.577154992760166e+00, -1.339144085843679e+02, 4.483987492441894e+01, -2.317681872590066e+02, -1.949712278416988e+02, 1.681284771393785e+02, -5.244125902312275e+01, 3.955010854026333e+01, -3.024197380248477e+01, -1.127878353327279e+02, -9.781627369918442e+01, -1.442893423548938e+02, -6.556625095518937e+01, 5.333322802750279e+01, -3.207506553668809e+01, 1.814808621482726e+02, 6.664220244168877e+01, -1.310687010270059e+01, -5.489168688038434e+01, -1.232136059535943e+02, 2.369756499942226e+01, -2.734512220437274e+01, 3.182504047308960e+01, 4.634217625461761e+01, 4.368236772626285e+01, 2.976356381762425e+01, 5.800055816854481e+01, -1.510194725500510e+01, -8.331675845767487e+01, -5.180962255273084e+01, -5.243551147896688e+01, -1.741172161550531e+02, 2.940246883375599e+01, 6.971108573617312e+01, 1.078748820798816e+02, 6.444457712759672e+01, 2.714128750569204e+01, 4.994094896586010e+01, -2.238063446466459e+01, -1.228160819300302e+02, 7.405708526334772e+01, -1.841612649925467e+02, -1.374553158264806e+02, 8.818001006180805e+01, -4.227007031249441e+01, 1.012812320966311e+02, 1.572882305685026e+01, 4.762260272280277e+01, 6.149163367715673e+01, 9.153992213362262e+01, 1.197669606594385e+01, 9.319308465686372e+01, 1.401779967605874e+02, 2.255469681678171e+02, 6.309507042239833e+01, -4.934964014766201e+00, 8.216241164208460e+00, -9.549946029567730e+01, -8.599907798027395e+01, -4.072926900370318e+01, -4.284385388911105e+01, -1.888679135806535e+01, 6.698793771804893e+01, 9.552582317711860e+00, -4.493012774123221e+01, -1.548572120163740e+02, 6.312149359050733e+01, 3.306422210801857e+01, -1.068119268359126e+01, 3.718056585680306e+01, 2.075654760012863e+01, -1.716731940367501e+01, 4.126171613605871e+01, -1.440963804297809e+01, -3.827742479286179e+01, 2.713165767164175e+01, -3.140937299277044e+01, 8.523891078217421e+00, 1.656674904332200e+01, 3.680834861753684e+01, -1.319527491079175e+01, -1.348812767914500e+01, -3.690619714235479e+01, 2.743444420591300e+00, 6.034920673673694e+00, -7.915042781089059e+00, -8.735429613063156e+00, -3.676153533839217e+00, -1.144126884864723e+01, 1.491872710753986e+00, 1.225592148980760e+01, 5.533242648417477e+00, 9.035164432807212e+00, -1.936811420887876e+01, 1.267095677395523e+02, -1.325839298256041e+02, 9.487017129597439e+01, 1.978634503376814e+01, 4.161480352126728e+01, -6.237438251651089e+00, -3.796577461338173e+01, -1.153011040518476e+01, 2.141240159586727e+01, -2.783506197186436e+01, -3.607388834988420e+00, -9.273228762134426e+00, 5.611932499590083e+00, -1.414605359452028e+01, 7.928025743044351e+01, -4.200987209838829e+02, 2.912889050344515e+02, 1.373124047501204e+02, 7.796808883248183e+01, 1.255287664274237e+01, 5.646713108629766e+01, 1.760950003899017e+02, -9.910423090538869e+01, 3.245944355203905e+01, -6.725909419365294e+01, 9.731535494764846e+01, 1.774906280776259e+01, -3.822561360442029e+01, 3.556544386365741e+01, -2.450229249820608e+01, 1.132521574844197e+02, -1.814701413391952e+01, 1.065161364238458e+02, 5.364995027887572e+01, -9.429307308658670e+00, -9.701268141635016e+01, -4.262120670411502e+01, 5.416533834319243e+01, -2.355272430965237e+01, -1.277000945884839e+02, 1.966407719626917e+01, -1.289403731022408e+01, -4.235849632018874e+01, 5.853261234032861e+01, 3.586155207626187e+01, -1.193155810105014e+01, 1.669345423085127e+01, 5.667274084649998e+01, 1.856329954696969e+01, -4.043681833329922e+01, 9.574478784797402e+01, -2.416718363091774e+01, -3.040125350423743e+01, -1.799170272558333e+02, -1.795319171705533e+01, 4.552450035883327e+01, 4.386971428524151e-01, 5.483383395750526e+01, 5.190508103105587e+01, -4.368273199995854e+00, -2.575441593513212e+01, -5.007664430030718e+01, -5.528846937943408e+01, -7.540161743696458e+00, 8.238237662555298e+00, 2.068616011279408e+02, -8.492617040152024e+01, -1.571750179202686e+02, -2.945466568854970e+01, 9.719472369805075e+01, -1.251945674463583e+02, 5.533795724239084e+01, 2.035570306507551e+00, -3.543329931227085e+01, -7.119621803445698e+01, 5.153951624055802e+01, -2.847918464699158e+01, -4.743524961509046e+01, -4.660153986472108e+01, 3.606809587531006e+01, 8.405749813348059e+00, -1.666139949365602e+01, -1.920499202551683e+01, 1.695497469691275e+00, -1.632398760849523e+02, 6.787463444607550e+01, 3.697102517290512e+01, -4.654938195675977e-01, -2.195692592683566e+00, 2.415699084913233e+01, 3.073178011333102e+01, 9.100058594352691e+01, 2.489874846368864e+01, -9.012421982407855e+01, 8.553799156030693e+01, -5.481115256177349e+01, -4.882340521720575e+01, 4.151817008846710e-01, 1.675212824407465e+01, -5.926464560772992e+01, 5.612947688894276e+01, 4.136820268218764e+01, -2.780206791744495e+00, -6.137890609598572e+00, -2.943900423770635e+01, 1.747820227145510e+01, -3.024009420416174e+01, -1.987273253959017e+01, 3.610627040562945e+01, 6.103296017989688e+00, 2.507675166054528e+01, 1.524470954730612e+01, 4.937762844879757e+01, -3.465464179536439e+01, -7.872240533225921e+00, -4.718728036912407e+01, -1.614467414681629e+01, 5.815319136977115e+01, -1.282818901902205e+01, -3.602663513950281e-01, 3.790235052199061e+00, 2.286317224123616e-01, 3.728037401513344e+01, -3.105020980773513e+00, 1.007452591417158e+01, -5.510757792876337e-01, 3.400028223981633e+01, 1.976822768212933e+01, -8.415818587224507e+00, 1.269524033734521e+01, 1.294165349623919e+00, 1.769455920887299e+00, 1.890069331410659e+01, -1.572964802895878e+02, 2.624499569701989e+01, 1.586848560137293e+01, -4.374105158008837e+01, -4.876582938720733e+01, 2.489364450326932e+01, 2.608581158472819e+01, -1.655315854342447e+01, -1.545515185653714e+00, -3.724295729785582e+01, 8.260193692941433e+00, -1.449342904762546e+01, 2.156099978373339e+00, -6.897271136268601e+00, -1.230343770235806e+02, -2.178540406013245e+01, 2.527166741806675e+01, -2.934029488628505e+01, 4.325468904816008e+00, 2.874833148634189e+00, 1.446843630951143e+01, -6.186070050800635e+00, 2.032828280968383e+01, -1.235925561849137e+02, 4.424434048435538e+00, 4.696406454744076e+01, -2.878838440385413e+01, 1.636238807909484e+01, 1.517889039615323e+01, 2.206547198928505e+01, 1.312872172358977e+01, 5.644747629039721e-01, 2.730456394980112e+01, -9.744099504833997e+00, 2.626816845831628e+01, -5.677972507119232e+00, 7.944097317960154e+00, -5.252341041850963e+01, -3.412302449109769e+00, 1.597400088015561e+01, -2.105326809467433e+01, 4.200093457846642e+00, 2.707685345473343e+00, 8.235581694224820e+00, -6.107276237325684e-01, -6.619193991237950e+00, -4.783301935401264e+01, -3.419633779350751e+01, 3.694357952414028e+01, -3.890669590095207e+01, -2.114402030261946e+01, 2.276540644686700e+01, 3.900760511728327e+01, 9.949184713213198e+00, -9.530440552390258e+00, 3.570192021730578e+00, 5.410441874452171e+00, 1.024130932371331e+01, 3.739191668354930e+00, -3.995589995872281e+00, -3.222222836124161e+00, -1.183576917859936e+02, 3.555933628289066e+01, 1.605642985981356e+01, -1.185524936376252e+01, 1.996355323443139e+01, 4.752455911046695e+00, 1.278196190228766e+00, 3.285277622736762e+00, -5.149772755568629e+00, 2.110350645215153e+00, 3.188442561221150e+01, 5.821151533220444e+01, -4.055582817045867e+01, 1.500733135315826e+00, 4.022365919581424e+01, -3.009064346640864e+01, 3.792572638617856e+00, -1.601975363851934e+01, 6.116453451373120e+00, -7.592292714381452e-01, 2.633195328967310e+01, 2.266359943025474e+01, -1.944623014357269e+01, -2.315972239816367e+00, -8.979510667632249e+00, -1.876137723433371e+01, 3.030714628123068e+01, 5.372353070934006e+00, 8.732408356185632e+00, -1.905711344903023e+00, -8.285583903154814e+00, -9.143275670908531e+00, 8.426802930754564e+00, -5.816771050609809e+00, 9.542540600262374e+00, -2.402191308755114e+00, 1.233509372857243e+01, 1.575757261852091e+01, 3.543961031002416e+00, -3.245606042041589e+01, 4.894178075733083e+01, 3.903350561572244e+01, 1.704799272177184e+01, -2.615689175832998e+01, 2.136429790586634e+01, 2.682373724365434e+01, 1.690557106886764e+01, 6.495508491993484e-01, -1.787967871395586e+01, 5.518999354244007e-01, 3.016055107085132e-01, 2.866308727264691e+01, 1.690531187322097e-01, -2.547759882368353e+01, 7.576569054782972e+00, 9.800189619697248e+00, 7.351533760146387e+00, -7.563754267158382e+00, 7.041064893001086e+00, 5.836161911785106e+00, 1.405570087366681e+00, -5.872437378213967e-01, 7.410506119185974e+00, -5.057408218988917e+01, -1.268556170423847e+02, 2.254885602178266e+01, 1.073045717324668e+01, 4.935855362338669e+01, 3.700407327966143e+01, 9.331853366675245e+00, 6.176926788782023e+00, 5.158862650899867e+01, 1.486691356891644e+01, -1.096793919462794e+01, -1.361575634970834e+01, -9.542033522258299e+00, 6.035536495060478e+00, 2.011362342277297e+00, 3.748354189812449e+01, 1.782297715416324e+01, -1.013438639780547e+00, 7.335586230697231e-01, -3.917479791454156e+00, -4.896448455915795e+00, -1.435033881533981e+01, 9.195621856850995e+00, -6.765055063403643e+00, -4.694408990700452e+00, 6.654044110734831e-01, 1.296887423199027e+01, 7.888039606986454e+00, 8.942366238463780e+00, 2.266607528452349e+01, -1.510228119894879e+01, 2.114594554145141e+01, -1.733006031103075e+01, -2.780872715845478e+00, -3.334157715704487e+00, -6.188763791490620e+00, -1.175203825380752e+01, -2.624624105139802e+00, -1.099948474340490e+01, 3.320642132848810e+00, 1.669175535359319e+01, 3.512595960318976e+00, 3.391060364565255e+00, 1.399362694606755e+01, -8.093352881828014e+00, 6.935157163788413e+00, -1.057378044115154e+01, -2.852378913470154e+00, -9.057761091877987e+00, 1.242321545884796e-01, -4.274522364713909e+00, -3.107747842008044e+00, -4.119210119856550e+00, 2.206493003645531e+00, 4.130705750412069e+00, 1.385837790660835e+00, 3.480079699621853e+00, 1.928482473677842e-01, 5.028361822652266e+01, -5.094022350778027e+01, 2.945456703728674e+01, -2.711126697802271e+01, 3.142172013991389e+01, 8.892672662852753e+00, -3.220373873884009e+01, -2.778684813626373e+01, 2.602099233573550e+01, -6.409026065689596e+00, 8.904412091269267e-01, 6.193363389343003e+00, 2.094681613976351e+00, -3.434852860309301e+00, -4.736126839527737e+00, 7.335358937253971e+00, -1.302780962572319e+01, -1.593212414542524e+01, 6.617248934396417e-01, 8.213023027803750e+00, 7.786404655108529e-01, -1.701197008086953e+00, 2.138381756322554e+00, -6.792490334464571e+00, -2.613882088281189e-01, 7.484189030806465e-01, 1.050888838816864e+00, -4.831658277153039e-01, -1.217209754236214e+01, -7.324890330154503e+02, 3.403438971146853e+02, 4.892541446434673e+02, 4.861958796557172e+01, 6.171508787662029e+01, 1.866019068140950e+01, 5.180872136419686e+01, -7.825299337816344e+00, 1.974666787167203e+01, -6.237645296119231e+01, -5.573186001600491e+01, 6.918354044753092e+01, 4.924866084914434e+01, -4.482562596105325e+00, -7.508550641066198e+01, -6.761771678276628e+01, 6.306624812115871e+01, 9.984332936051216e+01, -1.860354910070610e+01, 5.188433248949641e+00, 2.191739275526512e+01, 4.820318319324058e+00, -1.793938504361296e+00, -1.528288670381745e+01, -5.794506583501271e+01, -1.076341662238680e+01, 1.723230096921748e+00, 1.825590783845263e+00, -1.984014374202300e+00, -1.190998587073024e+01, -7.056563666682928e+00, 2.114534551433999e+02, 6.457368672343659e+01, 5.691320178604781e+01, -2.336124467621001e+02, -1.404994316121104e+02, 4.879076996557298e+01, 4.801660799760712e+01, -1.009967810362753e+02, -5.256477526022032e+00, -1.092234761198661e+02, -3.064355619310061e+00, 1.872879426289494e+01, 5.355923449487268e+00, -1.946432446794676e+00, 1.779510903056758e+01, -2.312155649260407e+01, 5.793424986337837e+01, -8.146612816499191e+01, -2.437708613604782e+01, 3.665065017795790e+01, 1.064714850793144e+00, -9.934893653761055e+00, -9.770024511868199e+00, -9.843052880485113e+00, 2.833543559018239e+01, -1.702663454181956e+00, 9.406863113712168e+00, -2.125973334537454e+00, 7.535171169875413e+00, 5.330540450907645e+01, -7.802439254276819e+00, 7.792068389068562e+00, 4.692381825838947e+01, -2.124324004130235e+02, 1.875825644165253e+02, -8.692302987986788e+01, -8.790311373420845e+01, -1.687421187343369e+01, 1.484880241554625e+00, 2.797201045155401e+01, -2.311324157844161e+01, -5.864660906192033e-01, -7.882816924003517e+01, -5.071792666218231e+00, -2.250501755540998e+01, 9.379129465912294e+00, 1.428315413801129e+01, 1.250481240677700e+02, -1.017960645533465e+00, -3.849418967170560e+01, -4.371932503222415e+00, -3.358800658699647e+01, 9.672449602391653e+00, 3.608249544041763e-01, -2.419522559134969e+01, -1.536690166074349e+00, -4.375290441852091e+00, -2.146786453177534e+00, 2.952821242475351e+00, 8.756966396821770e+00, 6.367349784489098e+00, -6.930197921168750e+01, 1.822730072064249e+01, 1.525933763046267e+01, -6.150840334636929e+00, 4.715406642524865e+01, -9.536708135979984e+01, 1.832101855697873e+01, 1.363555727988574e+01, 5.902357427833953e+01, -4.892776053063915e+01, 4.646379072141532e+01, -4.789708018722206e+01, -2.796452973406590e+01, 1.916369863992604e+00, 4.355899362488898e+01, -4.285677463689128e+01, -4.242821988074491e+01, -3.107480196638019e+00, 1.436157169250006e+01, -1.134372379414830e+02, 6.209115994193085e+01, 2.729634956104105e+01, 1.012105594130124e+01, -1.617028274210657e+01, -2.014531821144126e+01, -2.278079753850922e+01, -1.063118343002512e+01, -2.860523899670829e+00, -1.118090977151555e+01, 2.657773547744894e+00, 4.787425130435807e+00, -2.610822440733444e+00, -4.246994196568082e+00, 5.683781075149827e+01, 6.244364941260828e+00, -1.557488799436150e+01, -2.349540648980892e+00, -3.844786756850887e+00, -1.087956452252443e+00, -7.467384639999230e+01, 1.133865009160767e+02, -1.127153416098114e+01, -2.533448755106274e+01, -5.654961077436691e+00, 1.315842067482448e+01, -5.067834200395620e+01, 2.419489971772127e+01, 2.331217744754074e+00, -2.360609135332274e+01, 5.473602966270349e+01, 4.161036689724815e+01, -4.756004610423560e+00, -2.198238687241327e+01, 2.252488346404188e+00, -2.005945341789353e+01, 1.243570275201503e+01, 1.243696852315267e+01, -5.878210986963221e+00, 9.674539136898515e+00, 1.651377713872553e+00, 1.180037059445778e+01, 1.028257741730365e+00, 5.079872884923005e+00, 6.728100690422422e+00, -2.693885772261714e+00, -3.695022945483364e+00, -5.407616041156579e+00, -1.176309762793316e+01, -9.416340452627287e+00, 1.823043985155555e+01, -8.127873444502795e+00, -4.260393718873935e+00, -5.099317904813102e+00, 6.543242780270903e+01, -1.865345879890164e+01, 1.358264020632081e+02, -3.933831732720627e+01, -2.433978948864069e+01, -4.784423325316735e+01, -9.919352963694665e+00, -1.222372585250362e+01, -2.770910386882440e+00, 6.700132631288480e-01, -2.343768516889480e+01, 1.575629600565944e+01, 2.642052398290896e+01, -7.688966516901441e+00, 1.674042571246244e+01, -1.194702806413340e+01, -1.133664817376650e+01, -3.622182473565790e+00, 1.397239277002890e+01, 7.507713382214966e-01, 6.089487604530555e+00, -4.445748036745334e+00, 9.347379321348178e+00, 6.237407479703312e+00, -5.312415034747696e+00, -7.694848771999665e+00, -5.370224632747956e+00, -6.558032823880026e+00, 7.728818329673255e+00, 1.615914003156678e+01, -3.743889645829606e+01, -8.454479714181712e+00, -3.663327124477694e+00, -1.168557515087348e+01, -5.892585484988413e+00, 9.474335966163125e+00, -1.475302453904184e+01, -1.160174675555878e+02, 8.452255035829681e+01, -1.844900793279849e+01, -6.896217562519529e+01, -2.892754475464870e+01, -1.096789499432551e+01, -5.547527360419642e+00, -1.398353777013830e+01, -1.143549956912045e+00, -2.446034321450512e+01, 1.667233921323935e+01, -2.073012919363110e+01, 2.598016126123418e+00, -1.763837142673084e+00, 9.524542981303693e+00, 4.179474648544154e+00, -5.553520162399840e+00, -1.372276908330779e+01, 7.732848101410956e-01, -1.633335198433596e+01, -5.067812605452192e+00, 7.453529252253166e+00, 2.563640235145735e+00, 1.907909839604402e-01, -1.315749597475581e+00, -7.039449018611893e-01, -6.528244226997773e-01, 4.943197191928013e+00, 2.647685871389822e+01, 1.411390989739607e+01, -2.988370893780425e+01, 1.745013916195424e-01, -7.993172732319802e+00, -4.495021317633664e+00, 2.535587677635738e-02, 1.971468952273765e+00, 3.534514737883019e+01, -8.519491978484947e+01, 7.287604415575864e+00, 7.937221734150074e+00, -1.046606736622313e+01, -3.486149019965737e+01, 1.677488996267040e+01, 3.065027130082767e+01, 1.700718338455775e+01, 5.165917946849146e+00, 1.298565089573408e+01, -2.231155634060837e+01, -8.088151836631052e+00, -1.806261448432126e+00, 8.102422705411355e+00, -1.488866012026144e+01, -1.198536145152073e+01, 1.501898428947552e+01, 7.116946660642118e+00, -2.021135376412636e+01, -6.367808999745738e+00, -2.431465970957478e+00, -2.356444692980068e+00, 3.937815957376284e+00, 5.710397657414088e-01, 8.210054958484779e+00, 6.716108891207717e-01, -1.781099757186811e+00, -1.867896329012451e+00, 2.244339890504487e+01, -1.315333877607741e+01, 3.448921980248215e-01, 4.842985959592949e+00, -1.720326312748643e+00, -4.875858527649258e+00, -3.146267099943870e+00, 2.810124379402206e+00, -3.518348508290985e+00, -1.113816324122531e+01, 5.306305049587719e+01, 1.039924210285958e+01, -1.519038210823122e+01, 2.323668241783738e+01, -2.754071229929509e+00, 3.659884026225478e+01, -2.248730569237661e+01, 1.168061236195956e+01, -9.763956908350876e+00, 1.157193317377082e+01, -7.882162067840541e+00, 2.165782592839977e+01, -1.508234386056894e+00, -1.120385886031417e+01, -4.415125952821609e+01, 3.055360212359327e+01, 1.622904715982514e+01, 9.035530270582537e+00, 1.597310686075240e+00, -8.462561043173948e-01, -5.873529705963541e-03, 3.778836352077424e+00, -6.227451821139262e+00, 1.854015963740223e-01, 5.884489154130125e-01, 4.189057610960842e-01, -8.662428595695368e-01, -5.096366332455744e+00, 3.533504655051652e+01, -2.245791051561600e+00, -8.152436050861853e+00, -9.504714024644421e+00, -4.624659029332964e+00, -3.168209555814149e+00, 2.116300002615755e+00, 4.001414663539651e-01, 1.822361480812942e+00, 4.553709556917647e+00, 1.166571789258046e+02, 2.209720075825123e+00, -2.915435734472031e+00, -8.859996800471755e+00, 7.093314189865988e+01, 1.172460051010975e+01, 8.693009496108264e+00, -1.228433642676693e+01, -3.139016390792245e+00, 3.178985531094620e+00, 3.004207431575506e+01, -1.419435724294414e+01, -1.513977893250902e+01, -3.419925893104891e-01, 6.717906022624382e+00, 1.678718610998395e+01, 1.639703659836189e+01, -6.574170342163322e-01, 1.049040428368433e+01, -1.994335169023412e+00, -4.244300651836862e+00, -3.953364914135513e+00, 2.277499643969670e-01, -4.038438093498976e+00, 2.925820780543224e+00, -8.075957469990925e-01, 5.144760027562044e+00, -1.844763982956383e+00, -1.383754840468740e+00, 3.093026446682761e+00, -2.963651334198518e-01, -2.992123263289883e+00, -1.979898104992948e+00, -1.852233825018013e+00, -5.995124074458892e-01, -1.186086101802490e+00, 2.348091936805677e-01, -1.628308169600298e+00, -2.557750350881021e+00, -1.356307492637299e+00, 3.525289898441154e+01, -5.683807150859537e+00, -3.234177133173594e+01, 2.827272722825395e+01, 1.705484564857716e+01, -1.709483855461767e+01, 5.248491649713005e+01, -9.643017574940824e+00, 3.063125611332890e+00, -7.824755171984304e+00, -2.483163583784306e+01, 9.801921188693367e-01, 2.272242782333335e+00, 1.769975773837230e-01, 2.155157506628546e+00, 1.458756340569057e+01, -6.771729450676497e+00, 2.907749339269196e+00, -1.056135774533958e+00, -7.948779104679002e+00, 1.225366823519937e+01, -1.226275386159167e+00, -3.843216956665755e+00, -3.678243471075287e+00, -1.050600515741908e+01, -5.815054289402517e-03, 1.617424448842893e+00, 1.046766283440197e+00, -8.602331278659348e-02, -4.085319046875957e+00, -1.509169177000980e+01, 6.473392568309239e+00, 2.703597632794711e+00, -2.316054035772616e-01, -3.887272239488047e+00, 5.827834662612755e-01, 1.122018735291785e+00, 1.362661406524167e+00, 2.188444609088441e+00, -2.504342185423635e+00, 2.026595622630469e+00, 1.275167929402839e+01, -1.203003744740437e+02, 1.179766841214210e+01, 3.682494989732172e+01, 1.230473988664530e+01, 1.298333175881813e+01, 1.162268805271795e+00, -5.107691400338078e+00, 2.418569251380081e+01, 1.429206280213926e+01, -3.539346960334568e+01, 1.686722387450200e+00, -1.104217210929126e+01, 2.445561627896608e+00, 1.497807913178928e+00, 1.798380438090377e+01, -7.092661453388217e+00, -3.493106605717654e+00, -1.326577418767217e+01, 3.466946513372998e+00, 3.933321658547900e+00, -1.803428117456575e+00, -9.244753797349961e-01, -5.418347354386290e+00, -2.209798917420310e+00, 2.366438693907521e+00, 2.449586921272573e+00, 1.778710454403375e+00, 1.088993423163907e+00, -1.322993918630874e+01, -5.893931896389066e+00, -6.051715949946320e-01, 4.491834702714765e+00, 3.737482645480429e+00, 2.889700791909555e+00, 5.658848993914439e+00, 3.804670750602435e-02, -5.966922993952032e-01, 7.252302716574431e-01, -3.175945828733643e+00, -1.761630202290493e+00, 4.804684349606931e+00, -4.594590347688396e+00, 7.489365979922737e+00, -6.201431506682612e+00, 2.758861436610063e+01, 1.154613780288557e+01, -3.065512033345265e+00, -9.466035035473171e+00, -4.749722860597328e+00, -1.078540665285292e+01, 3.244450157832647e+00, -2.342873591524002e+00, 5.880184711731753e+00, 1.563039792281506e+01, 1.604697171183701e+00, -2.609205891386036e-01, -6.621295835115372e-01, -3.701765389456733e+00, 6.868047068775908e+00, -2.490920861803124e+00, -1.442419981679291e+00, -1.066508566164858e+01, -1.194731746575324e+00, -1.519193946491177e+00, -1.449256637467641e+00, -1.616023909460733e+00, 3.567995660408987e+00, 1.208572843410259e+00, 3.741454641027894e-01, 3.431293207408941e-02, 2.549440212485333e+00, -3.597378681944912e+00, 6.482391671855806e+00, -3.551369610508431e+00, -1.062455322974983e+00, -4.432048403668118e+00, -1.785992651957949e+00, -9.859075415470568e-01, -2.634546442263147e-01, -1.469810029005376e+00, 1.506793070093843e+00, 7.052604864153175e-01, 2.349872979629722e-02, -4.131766143052746e-01, 1.834443518458110e+01, 4.410238074539012e+01, -5.615544404603252e+00, 2.282036768481918e+01, 6.186268595469548e+00, 1.983569505479177e+01, -6.142646544050196e+00, -2.725089017849167e+01, -2.544059410412988e+01, 1.306862020978400e+01, 1.579163642856202e+00, 3.237667661134968e-01, 2.472285979072042e+00, -2.815797654703365e-01, 3.447903385465869e+00, -3.163541661032099e-01, 1.868967773279285e+00, -3.864960395061113e+00, -7.097218187017432e-01, 5.777760561005761e+00, -2.678501167009735e+00, 6.398276151932824e-01, 4.935289870013517e-01, 8.255117804410087e-01, -2.226713085022811e+00, 2.994715031850404e-01, -3.652504740966675e+00, -2.245023194935878e-01, 7.054979830000703e-01, 9.872567650411727e-01, 1.840331766290201e+00, 6.778733050699405e+00, 2.713537446619403e-01, -1.208962452479447e-01, 1.378732570846707e+00, 1.755035881639168e+00, 1.683738193130155e+00, 4.483710119612300e-01, 7.419974864255297e-02, 7.451844675873036e-01, 6.152602397350962e-01, -2.336951275619216e-01, 1.307141841614102e-01, -6.463746482570869e+01, -3.426408826260223e+01, -5.859867212670073e+01, 1.532945708353781e+02, -1.350857522950052e+02, 2.287732011462595e+02, 1.382600804580752e+02, -3.243389414831004e+02, 1.364381112148292e+02, -5.290286438845404e+01, 1.306285132010111e+02, 1.096104531828615e+02, 5.553362470292641e+01, -7.274669263243081e+01, -2.453727358747537e+01, 5.397988700004595e+01, -2.370132966551305e+02, -2.469887249013881e+02, 1.999824836859646e+02, -6.093370787509178e+01, 6.959317782744399e+01, -3.548938018217201e+01, -2.973890506272726e+01, -3.622749861628992e+01, 1.460957292446494e+01, 8.697966222728354e+00, -2.879805146940701e+01, -1.287052102470701e+01, -4.587084700908885e+00, 1.255832700855890e+01, 9.910762026481842e+01, -3.137844469075907e+01, -1.507454914515669e+01, -3.461017895952108e+01, -5.465686514912322e+01, 7.977793685249603e+00, -8.246037779261956e+00, 1.003694794160757e+01, -7.445400103756374e+00, 2.068085156590826e+01, 7.696464037113233e-02, 5.437376598107254e+00, 2.202011553390247e+00, 1.311587860621185e+00, -3.631707140064240e+00, -1.544570410997992e+01, -3.263720835191992e+02, 1.072692972292704e+01, 1.057450253293217e+02, -2.023585794105473e+01, 1.937413665081662e+01, -7.796279423905558e+01, 1.649429986827753e+02, 7.286584339702662e+01, 3.026895105268326e+01, -9.923616637878821e+01, -8.662654806067798e+01, -9.342990615852313e+00, -1.265761983635187e+02, -2.755316789342342e+00, -1.029423194129112e+02, -1.217078790449457e+02, 1.095795907229827e+02, 6.344143435549197e+01, -3.692778474498926e+01, 3.041225568561136e+01, 2.509144483544191e+01, -9.641043933566378e+00, 2.801631936922553e+01, 5.680585932654822e+00, -2.442280160438467e+01, 2.817038379031193e+01, 3.050271658512562e+00, -9.898916376231510e-01, -1.110246956732002e+01, 1.677707705464000e+01, -3.172375279926482e+01, 3.389030586237089e+01, 4.159153390675162e+00, -4.043508072874205e+00, -1.622616866515482e+00, 2.514309779264208e+00, 6.770055120493043e+00, 4.869848289177211e+00, 9.491603843594508e+00, -5.989971841711557e+00, 1.413973731105936e+00, -1.350934595396893e+00, 6.407666066028905e+00, -1.903781482664556e+00, 3.310036828445866e+00, -1.637837353671671e+01, -3.288768442706466e+02, -3.289930521615813e+02, 3.157287184061769e+02, 1.365132266219904e+02, -4.625783463797919e+01, -1.031126209896809e+00, -2.466205797038072e+00, 5.486502480055405e+01, -6.525616767829956e+01, 7.910875921941579e+00, -3.652799731191362e+00, 7.522118460115645e+00, 5.857630307750956e+01, -5.803202866279748e+00, -3.273434949846835e+01, 1.297936129321901e+02, -4.103831558451860e+01, 1.854906739415792e+01, 3.376369074649494e+01, -1.070662768378226e+01, 1.879148964296109e+01, 5.242888824075539e+01, -1.075005035623170e+01, -3.325573195805508e+00, 2.555812739395771e+01, -1.418659400040429e+01, -4.775375660744453e+00, -2.946617589778029e+00, 5.351900488767550e+00, -4.882998434126989e+00, 1.013794801007223e+01, 8.581788217991903e+00, 3.864450469774106e+00, 1.250132685735205e+01, -8.096570922166057e+00, -1.988734405004384e+00, 9.726666995538839e+00, 1.867574594556759e+00, 1.016038058327941e+00, 5.405301750398533e-01, 6.279004144568782e-01, -1.704214448992886e+00, 4.033064526343423e+00, -1.165063680050433e+01, -3.214884514390588e+01, -4.799706839606491e+00, -7.647099541021825e+00, 8.132826916045295e+01, 2.957201831692316e+02, -1.488312164342778e+02, -8.524952651905135e+00, -1.270572038586619e+01, -1.686394745320150e+01, -1.594200915568983e+01, -3.077727589965479e+01, -2.381114557458083e+01, 3.924674267444437e+01, -1.900359735571477e+01, 5.670876555154702e+00, 1.377955878233572e+01, 2.476456370532041e-01, 4.675688947215300e+00, -8.919260049208867e+01, -4.269602789814508e+01, 3.137658173558820e+01, 1.074935141064270e+01, 2.637692702814220e+01, -9.001000738301270e+00, 8.751294062339062e+00, -1.859095373067453e+00, 1.176420060780785e+01, -2.371397913876236e+01, 5.592580056923866e+00, 2.532887896691132e-01, 1.294427749119532e+00, -6.507444269248501e+00, 6.431191605355163e+00, -2.948208112720036e+00, -9.874624073927000e+00, 1.787056035446014e+00, -2.501240236509192e+00, 1.574169216667942e+01, 1.262604886037176e+01, -3.149651704066073e-01, -1.194882282649299e+01, -2.184694603735633e+00, 2.846016839772514e+00, 9.098015989170652e-01, 6.395680689679676e-01, 3.146793104358337e-01, 1.064687246845204e+01, -1.988078040329294e-01, 1.277764448376408e+00, 8.585135349327472e-01, -1.375965245938984e+01, 8.792351430331121e+01, -2.111287350828340e+02, 1.859658480969116e+02, -7.043989804288717e+01, -5.220417077944715e+01, -1.061727648290990e+02, 7.362037606911035e+01, -9.965041583566226e+00, -4.950230718768848e+00, 1.113103222955350e+01, -2.778973586868599e+01, 4.939355805682204e+01, -6.332909663986268e+00, -9.142143438949857e+00, -1.105508262488563e+00, -4.672846675914172e+00, 5.125962073327120e+00, 9.516408533177456e+00, 3.744021760164769e+00, -1.910592101664514e+01, -4.876221763855348e-01, 1.206902209630844e+01, 1.303747275944004e+00, 2.768118153065434e+00, -4.275831018278892e+00, -3.313504711191529e-01, -6.035218830868676e+00, -4.487994228502054e+00, 2.308529706589584e-01, -9.213179214526387e-01, -7.924517732140022e+00, -2.065100354282362e+00, 4.461752494321536e-01, -8.615280859180097e-02, -1.050274016634891e+01, -1.443094461263827e+00, -2.161953081330580e+00, -2.518844618481496e+00, 9.228190729888177e-01, 1.387342431893692e-03, 7.634576676439314e-01, -1.170352298187939e+00, -4.882605394703008e-01, 3.083813651699782e+01, 7.414356338556111e+00, -9.860703500816239e+00, 5.739943418570518e-01, 2.441347903784651e+00, -1.778018285582243e+00, -1.315921001700994e+02, -3.449565829167647e+01, 1.228950386831873e+02, 5.871767644533656e-01, 7.986376438781454e+01, -8.781422934092632e+01, 5.931733041762858e+00, 1.622484944068081e+01, 6.578597594312002e+00, 2.390459312797067e+01, -1.209954153709051e+01, 6.049176851299459e+01, 7.680090626914702e+00, -2.132986573092028e+00, -1.845196969062241e+01, 2.888795013554645e+00, 5.744978624487603e+00, 1.883819337594650e+01, 1.843635971736338e+01, -6.268513885288769e+00, -2.028089224151434e+00, 4.890507400190724e+00, 5.984446090874630e+00, -2.233415481662239e+00, -5.012505090147675e+00, 6.628845460746259e+00, 1.065583217391035e-01, -9.844803722454999e-01, -1.652337234061296e+00, -2.460746563457215e+01, -2.018611404928607e+00, 1.093622923422923e+01, -1.342090771139281e+01, 5.455934719842299e+00, -2.953194355413930e+00, -1.116654163584706e+00, -4.426101625558802e+00, -3.575026036445814e+00, -7.055105605630094e-01, 2.487861874192014e+00, 1.152501911609056e+00, -5.714103048238802e-01, -2.324747502806022e-01, 1.110606027432210e+01, 1.346249340675377e+01, -1.901042799487829e+00, -5.682087092039955e+00, 3.005365802318593e+00, 4.812185195740323e-01, 4.567411222924812e+00, -1.446516032754544e+02, 1.051314610685171e+02, -5.207951638548498e+01, 3.511775751866443e+01, -3.034485599156753e+00, -3.077305834866491e+00, -1.090681063009788e+01, 2.737009438406813e+01, -2.896572929404259e+01, 1.729948731019720e+01, 4.741160966523080e+01, -6.247542340333887e-01, 6.003398801143359e+00, 5.655506070294961e-01, -1.633902582224243e+01, 3.876815155453589e+01, -2.667372050828187e+01, 4.601104821462550e+01, 1.228563544261533e+01, 2.223448137755399e+00, -2.055308790739931e+00, -7.208486818384228e+00, -2.672202903111650e+00, -3.100858108923719e+00, 1.667719996591554e+01, 3.536988504130896e+00, 5.787138594437351e+00, -1.853030798690873e-02, 8.099447176917715e-01, -3.795669816716598e+01, 2.106036449902891e+00, 8.163622587560408e-01, -6.589058553567748e-01, -3.411306329219762e-01, 2.544883075502562e+00, 1.111114283396973e+00, -1.448288040678752e-01, -6.256288231114787e+00, -7.635814587609295e+00, -2.439229105312129e-01, -2.897563884109712e+00, 3.858375659536866e-01, 4.074765528056623e-01, 1.969159239940626e+01, -6.900991590284990e+00, -1.086854610342454e+00, -5.646746527040695e+00, 1.747662752916659e+00, -1.449592603217899e+00, -5.787648448414902e-01, 4.901820478884812e+00, -6.799914176370136e+01, 7.747666660833562e+01, 1.574105918729289e+02, -5.610136430754286e+01, -9.557170110676883e+01, -8.496932481749058e+00, -2.348129329741115e+01, 6.840331413985179e+01, -8.641037338901155e+00, -3.938722226285270e+01, -1.841698047467388e+01, -3.982678819004866e+01, -4.517946912947033e+01, -7.951917674754060e-02, -4.857373530274702e+00, 2.155029030506033e+01, 1.115042372896766e+01, 9.894073124874133e+00, 1.441145638064123e-01, -3.460042180078374e+00, -6.484326316301635e+00, 3.194507357580379e+00, -1.168915391411880e+01, 3.231941917551013e+00, 9.765514011146206e-01, -5.787667690928990e+00, 2.243748221229094e+00, -2.238825242940434e-01, 6.285917163636071e-01, -1.271861001757241e+01, 7.398224837867608e+00, -2.937623864153183e+00, -3.744767880897604e-01, -3.620367802373943e-01, 9.234917990989325e-01, -3.559072198440060e+00, 3.716433009787541e-01, -9.972104330965190e-02, 2.140864291867435e+00, -1.522738900958619e-01, -9.068131981620814e-01, -2.750097220737887e-01, 1.883430754128381e+00, 5.253418915325411e+00, -4.917581624635853e+00, 2.429386767339894e+00, -1.083870567778531e+00, -3.151485326429107e-01, -2.430875361812975e-01, 7.326277919442984e-01, -1.565041614836242e-01, -5.998762681731690e+00, 2.101557314153831e+02, 5.904581783299928e+01, -7.169626426939497e+01, -6.300004382355750e+01, -7.531156796027609e+00, 1.219993094897470e+01, -1.958344457103183e+01, -3.634131558591526e+01, 2.488587474313804e+01, -3.670898618994330e+01, 1.101202850510754e+01, -2.175059666695839e+01, 1.873999981157639e+01, -2.558327172354657e+00, 7.650963330157743e+00, -9.401053406731080e+00, 2.248360712912646e+00, 1.897554373219190e-01, 5.804247240050875e+00, 3.082031595674378e+00, -7.882834764230146e+00, 6.755985027502227e-01, -7.846887489484622e+00, -2.602651171500796e+00, 3.405476435267199e+00, 2.654158807761670e+00, 3.155262396757846e+00, -1.130934970470115e+00, -2.639472247222900e+00, 1.278549381654503e+00, -2.120460813941071e+00, -5.316947334525185e+00, 3.497171322941615e+00, 8.446299435994141e-01, 1.471632553075849e+00, 2.338232553655804e+00, -2.092845017454223e+00, 3.094262942167752e+00, -5.392717471110552e-01, -4.013075319287265e-01, 3.280820124666626e-01, -5.094062016426195e-01, 1.568868389992858e+00, 3.124817789634814e+00, 6.907485571114863e-01, 1.008763972073843e+01, 4.429697967837160e+00, -1.646600998209762e+00, 6.798723060973031e-01, -2.011570085327768e-01, 1.360733097793716e+00, -1.655498535033424e+00, 2.733162126862174e+00, 1.270493891627380e+02, -3.968346065631454e+00, 1.362341647734169e+02, -5.654148510315994e+01, -2.223818023334611e+01, 5.987893020335208e+01, 1.765980710245296e+01, -5.297465446444834e+01, -3.419249291350231e+01, -4.783072157557015e+00, 1.522457827289572e+01, -4.562375873646361e+01, 2.340889349378744e+01, 5.029570472757438e-01, 2.576378213444301e+00, 1.310207682307128e+01, 5.603084443283426e-01, -7.590581270677119e+00, -1.390604859307883e+00, 5.430163340277337e+00, 3.402835765763032e+00, 3.700597441822861e+00, -4.412055511075957e+00, 2.061948399249397e+00, -1.338949107876797e-01, -5.980446789730505e-02, 5.420771863884651e+00, 5.486260873093040e-02, -3.001064035614396e+00, -1.267692660760361e+01, -1.614870925843791e+01, 3.670640878675052e-01, 3.109452661619227e+00, -4.538292829657883e-01, 1.079476554123450e+00, 6.458545633795851e+00, -7.692158776464464e-01, -2.867811186104831e-01, -8.203741620001582e-01, 3.420278334074156e+00, -2.266635872284493e+00, -1.259525660789472e-01, -3.899483489807969e-01, 1.554101678212098e+00, 5.028263721982278e+00, 1.898425616323864e+00, 1.582644809627278e+00, -4.862689384639410e-01, 5.740605328968492e-01, -2.185616770499498e+00, -6.815768365290553e-01, -4.722099545247692e-01, -1.075743120743530e-01, -2.053101288334120e+00, -9.934916866897599e+01, -8.422076111381418e+01, -2.621294408365398e+01, 5.245875979110508e+01, 1.446902263497566e+01, -2.376641737333827e+00, 4.947658017421892e+01, 1.112783629452113e+01, 4.968446515871955e+01, -1.685910309038742e+01, -2.261456423903679e+01, -7.900730011826400e-01, 7.258291344512219e+00, -1.152922682100940e-01, -6.344311708888081e+00, -4.070608235023271e+00, 9.905506031691679e+00, 1.126456356560394e-01, -6.096835171710857e+00, -1.045126751627083e+00, 4.340332829584364e+00, 1.288670002684127e+00, -1.701675021315645e+00, -2.132121783585752e+00, -2.373818143655625e+00, 9.152210794075000e+00, 9.016456249455445e-01, 1.229887214281897e-01, 5.432695603209075e-02, 4.572315967610173e+00, 9.497337260381846e+00, -7.636292011928341e-01, -4.490568710525102e+00, -8.729236452863962e-01, -6.021446644764905e+00, 3.660261333870808e-01, -2.052774264932624e+00, 1.315472567536535e+00, 2.281571348196693e+00, 1.912185244354837e+00, -1.014865763929243e-01, -3.234431370255978e-02, 5.209622177266925e-01, -1.477071350823699e+00, 4.482528424518902e-01, -2.616108402447362e+00, 1.516772783188211e+00, -3.740695688411462e-01, 2.814836105768506e-01, -9.410345483519078e-02, 1.045289382409685e+00, -3.929197141765102e-01, -1.961349325598973e+00, -1.337080793564333e+00, 1.075785491323650e+00, -1.012537528305804e+01, -5.822800944313717e+01, -8.102777741904218e+00, 1.991831402386049e+01, 2.085047640034760e+01, -1.221213271915458e+01, 6.179909836551900e+01, -2.963646528453241e+01, 3.087974578057610e+00, 2.812549736844965e+01, -1.541866895755514e+01, 4.893835305546435e+00, -3.287175787081421e+01, 7.612089807083309e-01, -8.066968417202220e+00, 1.760028363849202e+01, -1.033275085351280e+00, 3.841479977365097e+00, -1.055709639245402e+01, 2.798402593473057e+00, -1.302472348432633e-01, 1.441119447751208e-01, -6.227647993150959e-01, 3.191129399349478e+00, 1.606290241889631e+00, 7.685337222049596e+00, 1.953027935594680e+00, 1.396413325973980e-01, 8.910094795679054e-01, 6.511595784640085e+00, 2.442086494860119e+00, 2.658646241230556e+00, 1.809360452508572e+00, -2.912362620312064e+00, -2.749838886604767e+00, 1.942609366363698e+00, 1.771152889989269e+00, -1.064125345201514e-02, 2.514126160488011e-01, -3.883783140043169e-01, 6.766508441567369e-01, -5.655307082968145e-02, 4.038928811473011e-01, -5.554183085437295e+00, -5.182380021734649e-02, -3.055241862150318e+00, -6.211825889016569e-01, 4.093975366832013e-01, -1.502197072825563e-01, -6.649950275585224e-01, -1.900046735940759e-02, 1.917697644631572e-01, 9.085048954410977e-01, 7.901636227004803e-02, -3.431687020334768e-02, -1.684505838233921e+00, -2.799174210039068e+01, -2.111341740346773e+01, 1.697532997048592e+01, -2.174400292818439e+01, 5.137247852483191e+01, -6.068616683638844e-01, -3.729617996657589e-01, 6.347918836441002e+00, -4.804617636341638e+00, 2.109317406931568e+01, 2.054183879297380e+01, 8.139296461991059e+00, 6.561507313320282e+00, -2.200347828684779e-01, -6.301560146901332e+00, -1.847248395102346e+01, 7.904132499922317e+00, -1.461941727562822e+01, 7.195346009015616e+00, 8.254820654983277e-01, -5.388578002360174e+00, -2.690610637298341e-01, 2.822416889839842e+00, 3.380246564472949e+00, 7.741271995349113e+00, 5.286289544559250e+00, -3.894647931715766e+00, -6.118982749425379e-02, -9.476029264203987e-01, -5.533961215187982e+00, -2.287698088914586e+00, -7.718889407685867e-01, -5.487020812192745e+00, 2.744934375994489e+00, -2.564810980035453e+00, -2.607846765799311e+00, -3.434310420033626e-01, 8.790075728196032e-01, 1.111498716591392e+00, 1.967668924083136e+00, -3.652805684777204e-01, 3.003757587346038e-02, -2.206567849371395e-01, -7.567355666589165e+00, 6.326786052728312e-01, -1.613630749776194e+00, -5.922057041371106e-01, 1.693616214849151e+00, -6.177046660556942e-01, 6.538394885007612e-01, -7.896403614894949e-01, -5.333646697870900e-01, 9.931068110864209e-02, -2.924748714044720e-01, -1.110869700440903e-01, 2.651931231157036e-01, -2.268493924661990e+00, -5.228863285723393e+00, 6.278156590779007e+01, 1.406869340430396e+01, 1.207017823230062e+01, 3.575287634589437e+01, 1.145752989021585e+01, -4.838182765760819e-01, -6.397162451804185e+00, -1.996852350711715e+01, 6.995348421800397e+00, 6.902669958409041e+00, -8.019502866849130e+00, 8.441670817777052e+00, -7.708789848503735e-01, 8.887475918869699e-01, 1.582512484692438e+00, -4.737772720138913e+00, 3.039695994025412e+00, 1.874247779566464e+00, 4.604521521682831e+00, -7.583417015939042e-01, 8.034330303407178e-01, -3.922100188495786e-01, -2.466675016265955e+00, 1.951955637317214e+00, -3.234704856300114e+00, -3.533308858696446e+00, -2.498171829668626e-01, 6.872040138030001e-01, -7.770290400173189e+00, -1.395817369621439e+01, 3.486144755115556e+00, -4.924552896970827e+00, -1.001714190097107e+00, 2.511946987806934e+00, -2.656122162171491e-01, 6.503762789075271e-01, -1.195234959814858e-03, 1.577194690464463e+00, -1.205502562664510e+00, 4.142284476915240e-01, -6.074882647694309e-02, 1.184058134029506e-01, -1.708126846206627e+00, 1.504562326104622e+00, -7.907816525881105e+00, -1.732806642935215e+00, -1.580175285720604e+00, 3.772725839463094e-01, 2.269994615186568e-01, 3.177485859655354e-01, 9.145880310396118e-02, 4.963057289647566e-01, -2.775598371268087e-01, 3.404754620624276e-02, 1.318530086047411e-01, 1.112150822453398e-01, -1.120507529134946e+02, -5.080479573040944e+02, 7.087870701671754e+02, 5.203602287709460e+02, -6.317999310911688e+02, 2.321196277695308e+02, -4.839908836099075e+02, -1.851061347357382e+02, 1.135263157813205e+02, -5.677952818704246e+01, 2.378987898416951e+01, 6.296446581516273e+01, 1.659350683751280e+02, 8.744951188726435e+01, -2.324721667446330e+01, -1.691820746916557e+01, -1.754431461624226e+02, -5.129713246025245e+00, 4.661191797545410e+01, -1.954516392602530e+01, 1.476848510454106e+02, 5.858178406696746e+00, -4.578069019623919e+01, -4.969202229009592e+01, -3.142637059745531e+01, -3.601507666053577e+01, 3.018449146423387e+00, 2.790814599065882e+01, 1.120512654556976e+01, 2.467066168220467e+00, 6.600087703863694e+01, -2.857119911396682e+01, -5.197786862682248e+01, 2.649822925436584e+01, -5.237491558815451e+01, 3.825733597797036e+00, 2.378521765414911e+01, 8.251240631388221e+00, -8.633295697763481e+00, -3.287731075486965e+01, 2.127907622735588e+00, -1.919412810981320e+01, 9.167899529623298e+00, 1.969018486289566e+00, -5.278215873258899e+01, 1.926431460008767e+01, 2.390457437636292e+01, -1.957811604688668e+00, 1.563785799156282e+01, -2.534940499543716e+00, -1.821229168861547e+01, -3.037507530401027e+00, 7.413574828509911e+00, 1.380392068291829e+01, 4.106424363191648e+00, 1.176205486982738e+01, -2.010133807914555e+01, 1.164743862176533e+01, 9.805450411563326e+00, -1.986136208068730e+01, 5.242449596052442e+02, 3.949595002901912e+02, -6.454870845874085e+01, -1.554631339971362e+02, 9.180178651639842e+01, -1.941258285004011e+02, 2.583596824246821e+02, 6.750341962653245e+01, -2.164979442597511e+02, -6.055712396582122e+01, 1.074597733620966e+02, -1.039632461147632e+02, 6.801768319662980e+01, -8.177016422075125e+00, 2.222373337466376e+01, 7.498633743361975e+01, 6.651506529390043e+01, -6.203401290934290e+01, -1.996520517653391e+01, 2.192630490357431e+01, 2.522161387593932e+01, -1.329019448284747e+01, -2.239614597492284e+00, 4.483938903757705e+01, -1.826988981026318e+01, -6.450844818175336e+00, 2.955587467919425e+01, -6.378438275124187e+00, -3.399030157943720e+00, 3.204807087934703e-01, -4.627859570596978e+01, 2.377170763334901e+01, 1.345794618227551e+01, -1.536443117674986e+01, -2.732000151895602e+01, 6.845902224887736e+00, 5.269520374830777e+00, -7.040121409412849e+00, 1.146205639840717e-01, 2.089375037800331e+00, -8.350073661358746e+00, -5.693504746803034e+00, 1.167399473980651e+00, -2.514424169048912e+01, 7.499486634557304e+00, -1.343732713351061e+01, -9.830442403201438e+00, 8.595614620303289e+00, -1.256154201900647e+00, -2.584530230894544e+00, -7.713936437587336e+00, -3.404610172019616e+00, -2.241510293517313e+00, 1.399744949783825e-01, -3.141280683677578e-02, -1.902893533509197e+00, -3.785422618425722e-01, 1.312014703912493e+00, -1.247496990721266e+00, -2.894773501461379e+01, 3.112861354869569e+01, -3.051084742610278e+02, 2.559961541019148e+02, -9.122305427464913e+01, 6.528238133694374e+00, -1.457120677584490e+01, -2.066089531372343e+02, -8.496222500046258e+01, 9.315255816492589e+01, 4.879108456140928e+01, 4.483429761765688e+01, 6.500244779838037e+01, 2.547354757477339e+01, -1.605158563519626e+01, 3.940919183502643e+01, 6.128285216471487e+01, -6.431749862109984e+01, 1.598094597274315e+01, -2.114174324551318e+01, -3.217945336011848e+01, -1.775695224098983e+00, 9.156599129064096e+00, 5.664922717200320e+00, -3.672588595452180e+00, -3.060615113367411e+00, -1.298311884565077e+01, -1.309047328273793e+01, -9.218189800770590e+00, 7.358763670633221e+00, 1.428032840021716e+01, 2.133976022259590e+01, -3.005020261611374e+00, -8.920921112592611e+00, 9.375818142194678e+00, 1.711668700938302e+01, 5.898275614849497e+00, 5.889465651748351e+00, 1.371336815723535e+01, -3.601380007215786e-01, -7.744298148302525e+00, 3.266680143586807e+00, -4.580959824015927e+00, 5.783475086567654e+00, -8.597660774732372e+00, 6.331299816872792e+00, 7.686765244781491e+00, -6.070209174442346e-01, -1.159384706044739e+00, -2.597918484417105e+00, -1.648296897922812e+00, -4.403837704177487e+00, -1.020577405674249e+01, 1.060847217666131e+00, 4.936381210064660e+00, -2.615705197428462e+00, -1.564520741166789e+00, 2.781294104647537e+00, -1.508114237786465e+01, 1.457385516630456e+00, -2.838609265822468e+00, -2.688994144673432e+00, 9.628014765251444e+01, 9.083797487857125e+01, 4.970286266044388e+01, -1.485394992328224e+02, -3.821361789754430e+01, -5.009982170650334e+01, 3.361741914970783e+01, -1.773065317106026e+01, 3.543997469749572e+01, -5.462505815906818e+01, 7.336353110469916e+01, -2.002736829408794e+01, 1.444757545160718e+01, 2.677372757286092e+00, 7.807344767145184e+00, -4.250993808139294e+01, -3.924745892872959e+01, -7.062785625974407e-01, -2.652695586710709e+01, 1.209670865733481e+01, -1.580160101635918e+01, -3.426797997346370e+01, 2.564937436394645e+00, 1.564834073665894e+01, -2.857943354546970e+00, 1.014003927052693e+01, -4.480981191551617e+00, 2.766092961449300e+00, -4.326770388319348e+00, 2.215726734885025e+01, 2.178123513530947e+01, -7.388995287126985e+00, -2.028728708918755e+00, -3.233722176549385e+00, 3.578855018827305e+00, 2.585033589118666e+00, -1.438565576519143e+00, 4.358049968128442e-01, 3.866448045829356e+00, 3.592762117246310e+00, 6.189591244034913e+00, 1.796241088758446e+00, 3.379408844866722e+00, -6.723424391192219e+00, -4.081221271792818e+00, 4.117506925845709e+00, 1.664512726014046e-01, 6.087439867630602e-01, 6.532162376163373e-01, 2.796959600823326e+00, 2.487044410766834e+00, -1.647285492752462e+00, -1.935430486343153e+00, -4.515161664290205e+00, -2.623372646583817e+00, -1.060247942290432e-01, 7.066821594348722e-01, -6.833610306527959e+00, 9.512904459558871e-01, -3.990212387709844e+00, 2.205105233642474e+00, -5.362602324620837e-01, 1.200287455734757e+02, 1.108772046986841e+02, -1.934401085805061e+02, -4.637396987216174e+01, 7.956252459290037e+01, -1.091911395041321e+02, -2.853385418809906e+01, 5.756034916644078e+01, 5.875474432496587e+01, 1.101631776805204e+02, 3.746863758270288e+01, 2.464185853253427e+01, -3.336329246539282e+01, -3.476050011217720e+00, -1.821820587774931e+01, 6.407459699577730e+01, 3.297496396272990e+01, 2.710205891888948e+01, -2.712241357518130e+01, -3.648733674192655e+00, 4.842689854166006e+00, -1.692850291418308e+01, 7.159257680932034e+00, 1.364415673096532e+01, -3.791518994088346e+00, -6.593880892370951e+00, 1.649929961177486e+01, -2.362749021455453e+00, 1.000097629502690e-01, -1.523878243665018e+01, 1.991468861813786e+01, -3.552136899278693e+00, -6.109840967784280e+00, -2.744453116813245e-01, -6.320678196902637e-01, -5.312989032891672e+00, -2.246076354619732e+00, -4.771696404668395e+00, 3.384183097810421e+00, 4.404200597577170e+00, -2.238393759710316e+00, -1.179889214772840e+00, 1.053087746534667e+00, 1.873787269438723e+00, -5.950214953009381e+00, 7.028823913221299e+00, 2.409819557978929e+00, -2.607963204361697e+00, -8.442150083899748e-01, 3.549441985568282e+00, 2.406770765109359e-01, 2.646258050322975e-01, -2.287106567970571e+00, -2.015393131053955e+00, 4.644555135540873e-01, -5.729373968161311e-01, 1.123054939984620e+00, -8.683464149001743e+00, -3.625376934065021e+00, 3.205468499770523e+00, -8.101610903164952e-01, -2.153836919117739e+00, 3.985707783537625e+00, 8.436548754449528e+01, -8.551596464618626e+01, -1.189446609204485e+02, 7.230185621204095e+01, 8.670808479320935e-01, -5.820354573301316e+00, 8.357063336612069e+01, 2.867554906002297e+01, -4.056021042852512e+01, 4.024155057762111e+01, 4.410190306113691e+01, 2.166924052732342e+00, -2.410943711128655e+01, 1.045429135694525e+00, 1.161876251335790e+01, 6.478836978335472e+01, 5.525788537747804e+00, -9.969979245755447e+00, -2.759240217255422e+01, 3.384504396314734e+00, -5.125681897077199e-01, -1.489197026502280e+01, -1.003987990381485e+00, -3.618113539071065e+00, 1.171318179768387e+00, 3.669474350395364e+00, 1.463372653305189e+00, 3.897841511322962e-01, -1.546469411905797e+00, -8.224088027609579e+00, 9.071495211906901e+00, -6.553944180058710e+00, 1.492660617393888e+01, -1.934831209046317e+00, -3.147264309895766e+00, 1.119857827024244e+00, 1.797987087578921e+00, 5.278176031035899e-01, -1.577371260446149e+00, -2.523371692446421e-01, 4.699330893468484e-01, 5.781195215565530e-02, -4.019160519963670e-01, 2.462486657351219e+00, -8.375890310345030e+00, 4.693286545004044e+00, -2.376667772074311e+00, -2.615387436864272e+00, -1.168833072018303e-01, 3.519645605003309e-01, -5.847368895070606e-01, -1.606841266034144e+00, -3.187146983568208e-01, -8.709406638989714e-01, 1.493763621802370e-01, -3.366039358920639e-01, 2.126851437120949e-02, 3.626412374963166e+00, -1.239606987540709e+00, 1.024700063528238e+00, 3.439870026510886e+00, -1.989784079917482e+00, -3.605102910828194e-01, -1.258542512619995e+01, 1.366886830694790e+02, -1.434544261942030e+02, 8.691263653700236e+01, -1.057412475233674e+01, 2.857894713108492e+01, -2.005950085999073e+01, -1.456673585980398e+02, 6.236588977502247e+01, 1.958814885775289e+01, 3.512308314039343e+01, -7.509085881110701e+01, -4.261741053076690e+01, -2.936679102293949e+01, -4.051419399465241e+00, 7.594931705696098e+00, -1.909787645921850e+01, 2.519074368278537e+01, 5.514507181638776e-01, -1.021867036536925e+01, -3.556630784628030e+00, 6.446201851329343e+00, -2.235599030579230e+01, -2.426770606690161e+00, 9.603153186750403e+00, 4.327701995564826e+00, 6.053427069544126e+00, -1.920338521553364e+00, -8.956215997972120e-01, -6.570254460684236e-01, 2.372533219997060e+01, -6.821207596735031e+00, 4.924310550617487e-01, 2.393218833278646e+00, 3.576870171694110e-01, 2.481728697107725e-02, 2.078509301827575e+00, -2.064353841083637e+00, -1.439183040033986e+00, 7.270226248729603e-02, -1.539932412927681e+00, 1.315848142308846e+00, 6.539938348856725e-02, -1.371709449065024e-01, -1.041338276251389e+01, 8.146785713154623e+00, 2.202052547286884e+00, -7.154401438914593e-01, -1.322959948924412e+00, -1.586894042004868e+00, 1.621934575137704e-01, 3.730411324569569e-01, 2.789113157627973e-01, 1.416718697320275e+00, 2.382060704522256e-01, 5.863826479516910e-01, 8.454871022536112e-02, -2.247527378179915e-01, 1.544287900340378e+01, -1.925603086064306e+00, 3.611091619049906e+00, -7.902520238320221e-02, -3.232017392266092e+00, -1.063324466448511e-01, -6.194642570726779e-01, 1.913003450672230e+00, -4.937866769242217e+01, -2.952877971713124e+01, 1.816999619181688e+02, -6.347791315764024e+01, -3.199650156734491e+01, 3.914033951584043e+01, -8.003520108431081e+00, -2.645967477635296e+01, 6.370720672027981e+01, -1.656073389559365e+01, 4.139476931507618e+01, 9.083519457201176e+01, -6.332056841473803e+01, 1.051604589677861e+00, 1.258882627119386e+00, 9.182820568291733e+01, -6.968580818759668e+01, 4.073084999010717e+01, 3.394403119340051e+01, -5.896573681239912e+00, 7.022141260408885e+00, 5.716836218723735e-01, -5.329543287109401e+00, 1.647744452211833e+01, 1.127879726312188e+00, 2.857729468080056e+00, 1.185022750863548e+01, 6.480797666853170e-01, 2.471310045548830e-01, -4.611273238648738e+01, 8.139129173600178e+00, -7.080184527335167e+00, -2.898883700069738e+00, -9.913658661942840e-01, -1.769208014602781e+00, 2.052369732374272e+00, -6.627117731192987e-01, -7.528391461506751e+00, -3.900053218939354e+00, -1.386588765860270e-01, -1.122183007449211e+00, 3.836441056256833e-01, 9.567788717447813e-02, 1.801832667474498e+01, 8.040614058726702e-01, -4.124001913561177e-02, -2.293842763306698e+00, 2.263585046164888e+00, 1.745592480266182e-01, -7.268601357251594e-01, -1.222454476710350e-01, 7.381865424477444e-01, 5.961407544287642e-01, -7.645248678676030e-01, 3.360820716107179e-01, 1.617912566880329e-01, -5.833694099551529e-01, -5.511026778259589e+00, -1.571642185604484e+00, 6.667622781909802e+00, 1.227358228549525e+00, -1.756894404325614e+00, 1.737636174032171e-01, 2.922065145964012e-01, -1.106797454393645e-02, 3.934314679711259e+00, 1.250457554426560e+01, -7.581733486279970e+01, 1.304983916525087e+01, 4.199598601481994e+01, -5.946771813690480e+00, -1.013997718907794e+01, -1.175117560480866e+01, 1.485506110864825e+01, 3.258202486032092e+01, -9.082441171449984e+00, -3.108555620267641e+01, -1.131107933185413e+01, -3.430714501506636e+01, 1.863456177978304e+00, -2.093161245824348e+00, 4.874293871156134e+01, -2.852322790226331e+01, 1.933653120427377e+01, 1.328449384157342e+00, -4.750414838187349e+00, 5.183903574575921e+00, 2.541973649145143e+00, -6.027279726190380e+00, 6.304226403443674e+00, 4.143819111330367e+00, 5.670649589440780e+00, 4.428988439637849e-01, 7.898702241576547e-01, -2.017457629241887e+00, -1.984489263263888e+01, 1.122886224497080e+01, -5.269354830876513e+00, 2.638245351390461e-01, 6.195151287361801e-01, -5.113673697232568e-01, -2.867392269726121e+00, 1.457822544703679e+00, -4.403135459980949e-01, -2.259594828369211e+00, -1.262786028907971e+00, -6.149075344063523e-01, 5.864964927601592e-01, 1.315320292008504e+00, 3.264383849067801e+00, -2.221501781102905e+00, 1.271495540643373e+00, -4.951210200481874e+00, -1.833023904637144e-01, -1.674732410017038e+00, 6.720536216702507e-01, -5.755370612459905e-01, 1.180772451190947e-01, 1.134605975170738e+00, 2.430943131038421e-01, 4.156618953160836e-01, 5.207516310434877e-01, -1.335254748840504e-01, -6.840202754536602e-01, -6.068882871082135e-01, 2.568472783655789e+00, 2.808590333788322e+00, 9.488885308719211e-02, 1.694453109491907e+00, -2.452066160634813e-01, 3.844530277842856e-01, 1.300598430604596e+00, 1.149970460542119e+01, 7.933593430310567e+01, 1.657171569769407e+02, 2.078421161854681e+01, -5.672554839596822e+01, 1.049332090365811e+01, -5.670045336935450e+01, 5.237940508527169e+01, 1.482986367607494e+01, -3.306117684909810e+01, -1.443868180411189e+01, 1.480018338972813e+01, -5.740167765910068e+01, -1.596878006157818e+01, 4.796037623878560e+00, 9.138522122660460e+00, 1.034992116416864e+00, -1.196212721114115e+01, 1.341887316694288e+01, 3.750161839778260e+00, -5.286737073768577e+00, -1.689786289937683e+00, 6.236012566279573e+00, 5.493780263811102e+00, 5.341857697861006e+00, 3.845729416232464e-02, -3.813698223664268e-01, -1.981172232195498e+00, 2.063706737127710e+00, -1.460853560455587e+00, 6.194089854955444e+00, 1.566485789427809e+01, -5.663997476480323e+00, 1.943917760850619e+00, 1.449732022708250e+00, -3.296005197176232e+00, -8.047712919114174e-01, 5.045946884927271e+00, 1.092857655255175e+00, 2.373274179327657e+00, 1.581924790855533e+00, 4.731718070107852e-01, 6.820211140830177e-01, 4.056652315617233e-01, -4.767925956911806e+00, -4.660807356097033e+00, 5.431648739649028e+00, -3.486012679328839e+00, -3.993784422038982e-01, 7.630533431649754e-01, 4.759989419391720e-01, -1.628538826108741e+00, -1.948353763634166e-01, -7.887240023189168e-01, -1.250463793215492e+00, 5.669574268286868e-02, 1.093002019165160e-01, 3.671585981913143e-01, 1.272457990620762e-01, -9.613437552737057e-01, -2.780285127209627e+00, 3.152431662069268e+00, 2.277176075328604e-01, -1.886761855396230e-01, 1.692985891077854e-01, 1.409503999377897e+00, 1.578711613994699e+00, 1.017379872200091e+00, 3.270552309731325e+00, -1.016733182949593e+02, -1.418235507454893e+01, 5.367013453686416e+00, 3.863485373660605e+01, -8.925403863509656e+01, 6.101835548206272e+01, -2.793373180028645e+01, -5.158951541031182e+01, 1.806455148915893e+01, 8.745834542274070e+00, -1.814702257522516e+01, -4.557589606092249e+00, 1.078762028383659e+01, 7.249756779541665e-01, 6.162704440679915e+00, -7.906148719256253e+00, -1.573587571432517e+01, -1.271435054725954e+01, 1.238867827434304e+00, 5.635253301127301e+00, 7.329529529875553e+00, -5.561956124235444e+00, -1.575883305354795e+00, -3.080446729535428e+00, 2.051245648590074e+00, -7.188980833701188e+00, 2.527580747984712e-01, 4.333940946678304e-02, -2.253559774125151e-01, -3.374766955605886e+00, -3.732086421910958e+00, 5.752180751002439e+00, 2.421679346339573e+00, -1.776257115466915e+00, -6.991256704564188e-01, 9.180509728349782e-01, 3.947675092620040e-01, -1.909627014268518e+00, -6.447033332648052e-01, 1.813828681852626e+00, 1.201970370963401e+00, -1.249127347425263e-01, -5.392250807500705e-01, 1.149041668202861e+00, -1.664684108534110e+00, -4.072172223351731e+00, 4.676777661743199e-01, 2.816755298760521e+00, 1.334192014344957e+00, -5.800335159274265e-01, -8.300892171942230e-01, 9.006414428716571e-01, 6.086541727428979e-01, 5.626984361794006e-01, -5.827543977153714e-01, 2.034541292593935e-01, 7.270206203378421e-02, -3.758544904471182e+00, 1.642584046988180e+00, 1.426826105891870e-01, 4.672160089326156e-01, 1.158323035071937e+00, 7.558223858727364e-01, -1.858673227218336e-01, 3.745192820272412e-01, -1.231843772223605e+00, 3.969394710709934e-01, -8.881553600161420e-02, -1.088746906175105e+01, 6.176526695493776e+01, 1.509320642561948e+02, -6.153898388332352e+00, -2.871371182045403e+01, 2.447050162892444e+01, 5.639654886862478e+01, 2.782799669373154e+01, -5.797028021323334e+00, 3.740696461344228e+01, -5.162928402683494e+01, 3.019787944795473e+01, -1.838182636697324e+01, 3.153083397579490e+01, -1.876061167545001e+00, -4.322031972748179e+00, -2.338732274678540e+01, 1.921047716291503e+01, 1.385555161645740e+01, -1.619712603686878e+01, 1.347345091892368e+01, -7.115645998374150e+00, 4.987506549293008e+00, 8.417852215089120e+00, 1.196540559585290e+00, -1.714959198279590e+00, 5.991961722631233e+00, 3.220733845712708e+00, -3.697803036752391e-01, 6.464683385979376e-01, -2.081398489929150e+00, -4.028123724483650e+00, 1.232498488134607e+00, -5.388237496294837e-01, -4.018134402587432e+00, 1.698723721931081e+00, -1.926345638689999e+00, -1.703659397209090e+00, 4.316453267861576e-01, -4.531269592827351e-01, -2.420655740105440e+00, -1.016883130999223e+00, -5.027767822002027e-02, 2.037673658903325e-01, 3.667690315006185e+00, 3.919786570533967e-02, -1.797969896351481e+00, 1.751487022462447e+00, 1.087842598820202e+00, 3.034701585113933e-01, -5.521470389071936e-02, -8.703711818720599e-01, -5.061927947133089e-01, -2.546547986160237e-02, 6.875536384798793e-01, -1.870269811672233e-01, 1.545414783725526e-01, -2.552629949836826e-02, -7.220059199377683e+00, 2.134900512016515e+00, 3.128979973010973e+00, 1.054771731692945e-01, -1.348837250901509e-01, 5.698457647905164e-02, 1.913641507667027e-01, 2.553425424845085e-01, -5.082329611428212e-01, -5.783712376871344e-01, 6.801036192395041e-01, 2.575409013127961e-01, -7.212689751761568e-01, -7.601833118292575e+00, -8.386994137923411e+00, 9.251101537783844e+00, -1.109822988099146e+01, 2.250503822331537e+01, -1.275561696966043e+01, 4.608894697645549e+00, 3.532621061014065e+00, -4.249404679971271e+00, 1.093261979198093e+01, -2.719716584988848e+00, 1.454817116258905e+00, 4.211691961739667e+00, -2.503514167752406e-01, -3.229720141785049e+00, -3.597071668318745e+00, -6.239180691815964e-01, -5.071172539216961e+00, 4.940033379935637e+00, -6.298442747699911e+00, 1.272309231527260e+00, -1.241109171948799e+00, 2.133873030012149e+00, 1.664335415560176e+00, -1.806001073468805e+00, -4.522547541129600e-02, -1.213341877342503e+00, -1.786582983768751e-01, -8.458781748809183e-01, 2.913297028045835e+00, -7.904183452547699e+00, 3.800012645747785e+00, -1.448986159623355e+00, -1.508751842209735e+00, 3.501386981168881e-01, -3.038667690436805e+00, 4.943439233404388e-01, -4.151608223822698e-02, -2.083225034801301e+00, -8.033887788015538e-01, 2.476442170642616e-01, -8.990791084676190e-02, -2.805660298352726e-01, 2.142487076396938e+00, -5.230876383572555e+00, 2.335130268892675e+00, 1.441120416248267e+00, -1.398735962353720e-01, 3.551106909067783e-02, 4.965357814095815e-01, -7.688303801137494e-01, -1.026349420586275e+00, -6.159048464806063e-01, -1.094216920735436e+00, -1.386167093546807e-02, 1.098895637642648e-01, 4.488269737901208e-02, 1.719087489300449e+01, -8.351505780252049e-01, -2.157159728461385e+00, 2.158386749431198e+00, -1.856162544581959e+00, -4.010376256799655e-02, 6.919438821171744e-01, 2.874617466640255e-02, 6.037770751105125e-01, 5.843683976204725e-01, 6.026858990317833e-01, 1.151961331247388e-01, 3.943530431542233e-02, -1.436551473586222e+00, -8.069651303280965e+00, 1.396215598114282e+01, 1.355118366443249e+01, -5.571055617263605e+00, 1.064229987295274e+01, -3.922937639419985e+00, 4.759373513611648e+00, -4.278531742974965e+00, -2.848426679390227e+00, 1.310052338348938e+00, 1.283119824362133e+00, 2.813087543700722e+00, 2.268094275985659e-01, -8.235526953838211e-01, -5.904117948256115e-01, 7.720500434564533e+00, 1.259986239948759e+01, -6.229491521004766e+00, 3.754254005792585e+00, -3.580183743201021e-01, -2.822804769452741e+00, -1.088771007564113e+00, 5.914881691493808e-01, -1.013378614510192e+00, -5.553406792098728e-01, 8.169346381134822e-01, -7.435983464065231e-01, -3.991475125361019e-01, 7.190308929399979e-02, 4.217644814550445e+00, 3.432447275880957e+00, -1.282517115005025e+00, 7.970713940491061e-01, 7.317692413700720e-01, -3.394914793932755e-02, -3.033068633854606e-01, -7.867611232197843e-01, 6.213955503827158e-01, 2.788242792025116e-01, 3.624638367885923e-02, 2.345278966684811e-01, -1.840631086049924e-01, -1.084366089185847e-01, -2.966265630593925e+00, 2.100151579859650e+00, 1.585183019979397e+00, 4.447138215920932e-01, 3.244137781328990e-01, -1.194031162691129e-02, 1.945028462885298e-01, -3.005442320831205e-01, -3.685725973233234e-01, -8.189832691602972e-02, 9.208097354951386e-02, -2.168768040549916e-01, -5.556209073055178e-03, -4.313594686852976e-02, -7.908696587057058e+00, 5.566789856048023e-02, -3.161369237955856e-01, -2.100959699653604e+00, -1.684216286652213e-01, -2.710855894005565e-01, -6.237770087887131e-01, 3.779485116964340e-01, -5.606871279314055e-02, -3.174941489652588e-01, -3.601283848803048e-02, -8.728566607182905e-02, -2.011570535679874e-02, 7.104907632119446e-02, -6.031866998640048e+01, 5.123570729932705e+01, 3.052921525914115e+02, 7.656709066409404e+01, -3.668672290399724e+02, -3.888993619900670e+01, -1.133289470008743e+02, -7.037756676049325e+01, 3.655111547536133e+01, 1.197190628495421e+02, -6.445370414616835e+01, -5.802406269776876e+01, -2.185742273855209e+01, -2.818480148574100e+01, -1.906801787730520e+01, 1.219180574202558e-01, -1.664153706741493e+01, -6.234484601073782e+01, 6.079412563103717e+01, 3.829987699451711e+01, 8.826958540701076e+00, 1.990006873989609e+01, -2.514224582198094e+01, -5.120003401357352e+00, -8.963505009952126e+00, -1.055207009146124e+01, 7.126225538409370e-01, 2.237213712781777e+00, 2.364772628882240e+00, 6.844024745556427e-01, -2.788259386231663e+01, 2.873242862284113e+01, -1.191627652990811e+01, -9.258854355219444e+00, 9.485998560570657e+00, -7.067677980263828e+00, -5.403175467252981e+00, -8.190342323758916e+00, 2.650162319593430e+00, 5.455348762062227e+00, 5.232958300045661e+00, 4.509363364391692e+00, 8.636742018322174e+00, -6.198187445991260e+00, 1.527152361100897e+01, -1.190962193302382e+01, 1.048127263146962e+01, -1.729062750908086e+00, -7.488078674815083e+00, -6.912265933811133e-01, 3.812129073528496e+00, 1.569623656149340e+00, -3.301064946956590e+00, -2.421642351210685e+00, -3.742771494136657e+00, -2.609119832067436e+00, -1.633998340359494e+00, -2.043299444583273e+00, -1.953229981645752e+01, 7.534603156638000e+00, 3.941375611922862e+00, 2.455913506224219e+00, 7.474658419315838e-01, -2.157471212549019e+00, -5.262103878975095e+00, 1.385707566771851e-01, 1.542159980879479e+00, -7.141060109222821e-01, 3.260855130623429e+00, 2.287178545809217e+00, 5.107243477794180e+00, -1.886784634309759e+00, 1.568665890408188e+00, -1.072596843135627e+01, 1.496479679461272e+02, 3.436902572235283e+01, -2.409256394730951e+02, 1.686973321001621e+02, 5.862884629250579e+01, -3.956859321731156e+01, -5.615014655725823e+01, 3.801716183493264e+01, 1.808057651975881e+01, -4.199469392061239e+01, -1.834586312614066e+01, -1.990639423402687e+01, -5.890645976542913e+01, -4.096462670991783e+00, -8.963903690290151e+00, -1.669030700594170e+00, 2.404837115267406e+01, -3.177856538200090e+01, -1.031096822386838e+01, 2.393525391452659e+01, -1.227325799911457e+01, 7.023091563620796e+00, -7.791873986687082e+00, 1.455139173745541e+01, 7.220854261390834e+00, 2.817057947188215e+00, 1.728409485022285e+01, -1.124485251730196e+00, -5.486648237683128e-01, -1.490130596755416e+01, 3.014116334409465e+00, -7.796754560617382e+00, 7.424144510829846e+00, -2.980796167508542e+00, 5.749743550092918e+00, -1.023779208089734e+01, -2.827550667486570e+00, -6.360807174625676e+00, -3.527456922432041e-02, -7.412982821064142e-01, -8.554350640169936e+00, 6.502622584161907e-01, 6.228871709551236e-01, 8.982659141265991e+00, -7.469327416266826e+00, 1.048663028249013e+01, 2.919348169264892e-01, -1.318630559949796e+00, 1.809504482838824e+00, 5.581796236969691e+00, 3.581179438144115e+00, 2.507422284882148e+00, -1.151811919873996e+00, 2.666661786102972e-01, 4.468463295113795e+00, 5.377938181578750e+00, -2.692247774687894e+00, -2.437240185649447e+00, 2.239183347249287e+00, -1.489910354365059e+00, -1.193334677130889e+00, 8.846305171838944e-01, 2.940922213227433e-01, -1.363927049978431e+00, 8.770807294177922e-01, 8.727585492458854e-01, 1.302245264801114e+00, -2.025516335043105e-01, -2.387620847489478e+00, 5.475646198696205e+00, -2.429878102327814e+00, -7.102246536083610e-01, 5.627140643606739e-01, -6.518874169039797e+00, 6.281576650540982e+01, -1.814382083986312e+02, 8.570360880599205e+01, -4.930961601022386e+01, 2.560813035863394e+00, 7.124353565264336e+01, -2.171238771549765e+01, -6.655738493054331e+01, 4.470611356582161e+01, 1.525485035786201e+01, -9.102423916981583e-01, 8.618595189251234e+00, 3.569956308655416e+01, -2.664977182845504e+00, -4.361724335130750e+00, 2.819650782498517e+01, -4.024949319328883e+01, -4.718218359199700e+00, 2.241066513431433e+00, -1.253880112379703e+01, 9.572450456923450e+00, -6.038145485682891e+00, -8.976762576885680e+00, -5.569601448437212e+00, -3.706541498227110e+00, -3.015393124551348e+00, -4.812669391605825e+00, -9.798516555228717e-02, -7.012761137848351e+00, -1.305941683041368e+01, 9.500945987992166e+00, -1.756534670020603e+00, 2.853978688506922e+00, -1.593843964023537e-03, -6.726115676289416e+00, 1.222356483140371e-01, -2.804128309344943e+00, -1.346456221487132e+00, -9.457635983600936e-01, 3.457157257157141e+00, -1.296440311307653e+00, 2.670228044946841e+00, -1.899589292016332e-01, 7.913452865518935e+00, -3.597918759165096e+00, -3.628102671888996e+00, -3.183872306234421e-01, 1.269248447068927e+00, 1.439002600418532e+00, -3.150820856193408e-01, -4.739037920311671e-01, -1.108466127304786e+00, -6.625131695845725e-01, -7.471403539697675e-01, 2.788880140100045e+00, 3.803178369888626e+00, -1.321809595896290e+00, 6.165303371550090e+00, 5.532233806548877e+00, 6.208196827251556e-04, 7.444826817290374e-01, -1.090675332111217e+00, -7.362109252456068e-01, -3.419799525691137e-01, -3.034042519804078e-01, 6.879881169139479e-01, -5.988264270502584e-02, -2.884992651790854e-01, -1.841495121855895e+00, -1.412542954547635e+00, 4.143390870361087e-01, -8.290649874702352e+00, -2.468922942952283e+00, 1.344774236679781e+00, -1.354961932450689e+01, -8.353104897712467e+01, 1.676263432473626e+02, 9.103831948849431e+00, 1.066182031155271e+00, 6.038565135982185e+01, -2.675927191204787e+01, -4.704160106209368e+00, 3.109623544052024e+01, 1.307485407816053e+01, -2.191108764005660e+01, 2.876628110983393e+01, -3.551940705932332e+00, 2.165403330036515e+01, -3.462001273426960e+00, 3.892835264503253e+00, -4.555006529801001e+01, 7.785510896894500e+00, 9.735685071079784e+00, -4.907923059861061e+00, -1.118386117163878e+01, 5.804020780276031e-01, -4.504130122165002e+00, -5.416389766072735e+00, -3.172040307097008e+00, -4.803348360685946e+00, 3.399866426812426e-01, -7.052658627156092e+00, 7.918196860976296e-01, -3.236658906769118e+00, 1.328259395584198e+01, 2.527318782942219e+00, 1.971107660254288e+00, -2.790379378330923e-01, 2.502441175915097e+00, -4.057050663535758e+00, -1.184308282665528e+00, -2.895573489554733e-01, 2.129480402164438e+00, 1.642432930486519e+00, -2.545508235172501e+00, 9.367290030076778e-01, 2.123285715710466e+00, 1.198431273432623e+00, -2.273118176497961e+00, 8.251358706390768e-01, 1.220009829139873e+00, -1.599056866436768e+00, -1.172339856986617e+00, 5.858930956806885e-01, 2.147183501940767e-02, -1.471974077147812e-01, -4.637239824474983e-01, -3.540858856581247e-01, 1.222178046208393e+00, -7.185679959912319e-01, 1.059885814123410e+00, -8.395774447233418e-01, 3.596139412648466e+00, 9.061606436812095e-02, -1.546571997938347e-01, 1.033540687756431e+00, 1.321308807341288e+00, -1.325699125994684e+00, -6.915118774826773e-01, -8.329328293868834e-01, -2.236609455214481e-01, -5.613294225602681e-01, 3.767843283061711e-01, 5.195966796071340e-01, -1.007536723035718e+00, 6.419700108432518e-01, -8.687365045312774e-01, -6.413302935378928e-01, -1.394802916561578e-01, -2.781104133965518e-01, -3.923502668544621e-01, 2.880343690116704e+01, -1.113634816142427e+01, 2.740264199088138e+01, 3.064829200581196e+01, 3.078087563694875e+01, 1.701635670387333e+01, -4.167964161314798e+01, -6.782684818378723e+00, -2.961308308504655e+00, 2.153193438941785e+00, 1.531567539117632e+01, 1.745989323270393e+01, 2.533356650419248e+00, -6.429829750953520e-01, 7.477523185597826e+00, -1.078280661906082e+01, 7.422382196170226e+00, 9.035561925950876e+00, 6.116226749617224e+00, 1.070988313788347e+01, 8.562483666179570e+00, 7.095257723220194e-02, 4.979688390179928e-01, -4.804542426937896e+00, -1.249832764258844e+00, -6.010670666522516e+00, 1.631473418403019e+00, -5.892596563622313e-01, 1.282471562718655e+00, 4.348464840395752e+00, -4.386006587591598e+00, -6.924000164423535e+00, -3.206665633296095e-01, 1.008151299686818e+00, 7.675494531545022e-01, 2.997649826776231e+00, -2.324849988420943e+00, -2.448857101156598e+00, -2.650459318931335e+00, 8.034848019800456e-01, -1.196274931897637e+00, -3.010763188111131e-01, -3.692883199112109e-01, -4.318648623764680e+00, 4.427358985686077e-01, 3.666011599127955e+00, -1.964048221217833e-03, -1.648610381710801e+00, -1.760590479676442e+00, -2.420485968134270e+00, 1.646986385048536e+00, 2.963375037678585e+00, 1.690869007923567e+00, 7.794234166024959e-02, 2.463100949395629e-01, 4.643017095125912e-01, -9.562501854645995e-02, 5.144769951125561e+00, -1.185893382569302e-01, -3.336637262530091e+00, 3.772140111736133e-01, 2.404329572163231e+00, 1.712519314332244e+00, 7.406229356207727e-01, -1.628188880368261e+00, -2.073844892939629e+00, -7.533639381171073e-01, -7.765717215416454e-01, -1.477724489468115e-01, 4.324425669159256e-01, 7.710452390113325e-02, 1.754259442768512e-01, -6.869323354992338e-01, 1.698738349482424e-01, -7.553533730423717e-01, -3.545498335815000e-01, -4.121176518354140e-02, 3.277999498941630e+01, 1.352504920424040e+01, 6.330280869418434e+01, 5.773567888701345e+00, 3.823321099495479e+01, -1.275329732050453e+01, -3.756344516779383e+01, 2.592070524418483e+00, 4.010093832268469e+00, 9.890951741023253e+00, 6.203375134592048e-01, 8.109407858322196e+00, -1.026401812941609e+01, 1.669072000265417e-01, 3.834939971768967e-01, -6.620053109441708e+00, 9.070080269771724e+00, 3.320349252223939e+00, -1.378855298681786e+01, 7.715118755856258e+00, 8.874090297154495e+00, 3.976403742175565e+00, -3.340443284290149e+00, -7.889327278814762e-01, 3.624694308081814e-01, -8.962278912638661e+00, -1.077042659641183e+00, 2.786959461051673e-01, 6.932273465101189e-01, 1.800021076114151e+00, 5.557135001620703e-01, -9.816025531782577e-01, 1.055303844234990e+00, -1.488732273957978e+00, -5.127328478071350e-01, -7.297963525954312e-02, 1.425256007868136e+00, -1.009778934667716e+00, 1.268591553098789e-01, 1.160109708272034e+00, 5.637250300477469e-01, 2.148481796307474e-01, 6.859384428801106e-02, -1.473753056937351e-01, 2.571706703846929e-01, 9.292044681199142e-01, -3.185595986072277e-01, 3.628592723561534e-01, 8.409943939605388e-02, -8.502873770750230e-03, 6.853247030794203e-02, 1.405935061281226e+00, -2.477376219665991e-02, 4.982782930467846e-01, -3.021070081258965e-01, 1.151812992174656e-01, 4.788245479905839e-01, -1.698243983489522e+00, 2.845999034718089e+00, -1.117764975793633e+00, -1.681471977209683e+00, 2.937619682712101e-01, -1.919854660883646e-01, -1.442708338436064e-01, -3.611197356591067e-01, -8.782051254850731e-01, 1.484202035744952e-01, -6.439942814540184e-01, -5.065458709704549e-02, 5.274960548923252e-01, -3.369438553918556e-01, 1.272212911992848e+00, -2.102592235977003e+00, 5.018959983326789e-02, 1.660665828075600e+00, 1.049864103008432e-01, 4.342010743461419e-01, -1.837327783783047e-01, 1.869688716396598e+01, -1.177663867860441e+01, -1.845412847330261e+01, -2.564071580595875e+01, -1.847237637630661e+01, -4.004597730604596e+01, 3.106229324194359e+01, 3.471084784521458e+01, -1.334204854368579e+01, -4.686468387671688e+00, -2.908249858339401e+01, -6.777248680976297e+00, 4.724694213384170e+00, -6.039690025487880e-01, -6.285174613529706e+00, 8.599503122300595e+00, 4.775595216123967e+00, -4.915109323908674e+00, 5.007947626628887e+00, 4.702155899778099e+00, 3.709936988827769e+00, -2.915720112320388e+00, 3.708018105263055e+00, -4.721029089411205e+00, 7.823812355432990e-01, 2.002591071237585e+00, -2.080834327417478e+00, -1.356922106749795e-01, 2.231725596828247e-01, -8.658489781877103e+00, -6.325629437488538e-01, -4.737197715273375e-01, 2.266249291139575e-01, 1.283217164999375e+00, -2.410614599630081e+00, -9.709815608875627e-01, -2.268725016872635e+00, -9.866349913394441e-02, -1.296444263321553e+00, 9.120888882988394e-01, 1.272224132346612e+00, 3.241019640406191e-01, -9.324363386144496e-02, 3.727865707445411e+00, 8.402107106381055e-01, 1.411092240434103e+00, -2.136238055604825e+00, -1.646243580690900e+00, 4.324322731603991e-01, 6.148092278269727e-01, 1.132015422126490e+00, 7.078535717938880e-01, 8.755334433042360e-01, -5.285266631221233e-01, -7.256683691014884e-01, 8.508042676594187e-02, -1.031323834604400e-02, -2.421543904531826e+00, 4.683636469156349e-01, -1.001769453619999e+00, 3.818792906934587e-01, 4.993363786845635e-01, -4.674982653111284e-01, -5.137865269526527e-01, -1.060711369945434e+00, -4.949002100915745e-01, -6.034470175677704e-01, 5.652009914328222e-01, 2.894282917998901e-01, -2.396221917129519e-01, 4.317130994281064e-01, 1.585697614002779e+00, -1.000413398619544e+00, -2.419335108127001e-01, 1.102169742605006e+00, 5.078131375331297e-01, 6.970276901373630e-01, 2.572482995484265e-01, 2.256292221697045e+00, 3.292175497521637e+01, -5.481009337046548e+01, 4.345605434527518e+01, -1.432720885867015e+01, -4.164549837473566e+01, 9.537928457233539e+00, -4.841878039066059e+00, 1.421855250604166e+01, 3.080944258479737e+01, -1.250973125109366e+01, 1.710351792744135e+01, -6.307867822804364e-01, 8.479104161288806e-01, 5.476164617775220e-01, 9.228451314058619e-01, 6.471358397523280e+00, -2.060553907035416e+01, 9.751258462698084e+00, 2.592659009822938e+00, 3.225649409545417e+00, 4.504689224002939e+00, -7.867493025723834e+00, -1.449146674383647e+00, 7.269751656706535e+00, -3.014828756240123e+00, -9.417208112518932e-01, 4.416051617645929e+00, 4.607232479679399e-01, -2.075810284757185e+00, -3.217860576562389e-02, 1.193574219104718e+01, -7.858719556947623e+00, -7.922601997963103e-01, 1.789594646969594e+00, -5.831823449785691e-01, 7.661639559548378e-01, -4.415101118928453e-01, -3.812605848150242e+00, -9.047275249714269e-01, -3.162057843194261e-02, -1.297965063417950e+00, 3.206499463074021e-01, 2.481424097096424e-01, -9.763025009960984e-01, -5.430165723607153e+00, 3.659916768829695e+00, -1.081340354861861e-01, -1.692306297029059e+00, 3.216744357383632e-02, 1.247463069042096e-01, 5.268141332254457e-01, 1.673175724057376e+00, 7.364329498195614e-01, 4.297332273779695e-01, 3.853575796005729e-01, 5.282037637579889e-02, 7.208389297419142e-04, -6.464679786370676e-04, 4.395778573407163e+00, -3.388122535462047e+00, -3.244232798985320e-01, 1.968407408146008e-01, -1.289611170228575e-01, -6.237673119435690e-01, 1.352513845533261e-01, -5.319309845842317e-01, -5.383107898138161e-01, -2.699559521624486e-01, 1.201141932520033e-02, 3.034281038676925e-02, -4.755505400202872e-02, 1.132158964632020e-01, -1.833720971439051e+00, 4.600609354555323e-01, 1.148811043992747e+00, 8.569767750987016e-01, 4.547788724109391e-01, 7.386118601513402e-01, -9.899460791439176e-02, -4.065069995798415e+00, -3.294312795117800e+01, -6.327516757723141e+01, 3.851085321180026e+01, -1.258676676584717e+01, -4.802910302668325e+01, 3.308234124574720e+01, 1.123158268454821e+01, 5.438989991439448e-01, 2.876623419408174e+00, 1.611814410498504e+01, -2.666028165620324e+01, -1.025821850698092e+01, -5.471771142269009e+00, -1.801648199495530e+00, 2.297035845610047e+00, 2.617701251499832e+01, -6.133279886750781e+00, 2.032653196581585e+00, 3.597194154602444e+00, -3.576352809912992e+00, 7.820366982369997e-01, 4.792711464741308e-01, -4.390516207504342e+00, 3.704047675438451e+00, -9.022902589426790e-02, 1.952539922748274e+00, 2.752620772453930e+00, -8.040355658529879e-01, -6.468121162502598e-01, -9.716415430842794e+00, 2.746617990971355e+00, -1.017964532714845e-01, 1.474009347225514e+00, -4.702309738891439e-01, -1.396420068253847e+00, -1.513893354950649e+00, 6.949266895068030e-01, -4.387907014240412e+00, 1.220669958495650e+00, -3.246093619832108e-01, -5.903730481345375e-01, -6.146714755792869e-03, 4.693910765575364e-01, 3.918675362675291e+00, -1.272288175931282e+00, -8.019484570412785e-01, -1.268298882552182e+00, 2.486690993987746e-01, 3.338887026601962e-01, 5.198109155018744e-01, -3.554367876441982e-01, 1.627017997255995e+00, -7.809953068106624e-01, 3.041795471457452e-01, 2.919267138682733e-02, 6.639095425016359e-01, -4.323020645275265e-01, -2.813351229270572e+00, 1.451838971671921e+00, -3.213264046542108e-01, 7.338029532652485e-01, -4.429625816552563e-01, -3.140123851829257e-01, -3.939937214695877e-01, 8.284210372732404e-03, -1.272581917668249e+00, -1.337309180628382e-01, 1.830535156839933e-01, 1.477394712414359e-01, -5.922098092585716e-04, -7.652522562315435e-03, 2.576993597760834e-02, -1.163651023086195e+00, 1.846190970136102e-01, 5.177777815616317e-01, 7.285356729867078e-01, 4.965139918241446e-01, 4.022111949005660e-01, 1.314876777304974e-01, 2.399789096988116e-01, 1.739532398429051e+00, -4.283492615592078e+01, 1.242688559159444e+01, -3.535962525912938e+00, -2.167918181764116e+00, -1.668130615483011e+01, -3.520044045042609e+00, -1.590004276739422e+01, 1.898001708371458e+01, 2.369242764442781e+01, 8.275735131422106e+00, -7.546144100169316e-01, 7.937144581073197e+00, -5.986638864239499e+00, 1.279569586435456e-01, -3.931129326863412e+00, -7.950719361365882e+00, -8.546227878183350e+00, 1.442379591048663e+01, -6.394352253580358e+00, -9.697090780966309e-01, -2.526922946372832e+00, 1.852708079109751e+00, 1.642798048683561e+00, -2.787043412958589e+00, -2.329496560731576e-01, 3.163577817781458e+00, -1.208874527757694e+00, -1.704087811253630e-01, 3.463543776161951e-01, -2.996479470563522e-01, 2.324969684645609e+00, -4.740149150633944e+00, 2.315136158601943e+00, 1.325231357787500e+00, 1.686579256404917e+00, -4.240439767455590e+00, -2.945454679397169e+00, 1.921677442872161e-01, -6.989425927271838e-01, -2.705494319485795e+00, -4.257424601554712e-02, -7.711827583086137e-02, 2.738200588202680e-01, -8.632352146321828e-01, -1.847802149640303e+00, -5.287082012577418e-01, -3.959555490182471e-01, -4.353639473169910e-01, -7.832642725419166e-01, 1.965789800436440e+00, 1.099977877864414e+00, 6.809138298950726e-02, 5.915197124364401e-01, 1.484404268309933e+00, 1.356266641804905e-01, 5.825470390729390e-01, -1.055664204570446e+00, -1.049113015468454e+00, 8.693469480432867e-01, -4.873043086765904e-01, -1.362002007290414e-01, 2.513595676883181e-01, 2.614052146398567e-01, -1.062195453416813e+00, -6.094295938524592e-01, -4.852160031226209e-01, -4.437651706093000e-01, -7.730482491972666e-01, 3.856776654998296e-02, 3.048081978267762e-02, 2.590368949223036e-01, 1.081818408046680e+00, -3.326725344010677e-01, 4.795008494282939e-01, 5.414418846120858e-01, 2.714328715422885e-01, 2.677063970863378e-01, 3.393725280073104e-01, 1.802987357824531e-01, 7.344909284174948e-02, -7.602449863425416e-02, 4.492474485928021e-01, 8.117472955394216e+01, -2.725244286990960e+01, -2.791822815625285e+01, 1.561915185896192e+01, 1.748931628480904e+01, -9.644970378773062e+00, -1.534770751191758e+01, 1.259399940638914e+01, -1.217848559541416e+00, -1.659740346469277e+01, -1.441842794975067e+00, 9.609950410021591e+00, 2.003763832291804e+00, 4.874976082239079e-01, 1.038298803989303e+00, 7.495177621839347e+00, 6.965004410248191e+00, -1.238937214116310e+01, 2.136343386043656e+00, 5.071356373977132e+00, 2.398936012630457e+00, 4.208231376551767e-01, -2.013648847468260e+00, 5.813640891116138e+00, 3.004109587265815e+00, 3.910594544926403e+00, -8.271848625496501e-01, 7.175732887526963e-02, -1.382338214680183e+00, 3.499212344976825e+00, 1.236366311872104e+00, 4.013684985519556e+00, -1.198793923102497e+00, -1.578220862516377e+00, 4.543854686866464e-01, 2.049983033780525e+00, 1.806488897148165e+00, -2.972077167378733e-01, -9.334043847241750e-01, -2.569359968754950e+00, 1.826353227597346e-01, -4.128613974237270e-01, 4.666404798195727e-01, -1.334106073910207e+00, -1.724921996055759e-01, 6.097774852814801e-02, -1.676299262228172e-01, -2.691468111059758e-01, -7.682701277713060e-02, -9.646518261762533e-01, -4.583854873290558e-01, -4.008657929471920e-02, 1.338000621426444e-01, 8.712953933294945e-01, -1.945899239856725e-01, -3.916933256036979e-01, 1.236059078566403e-01, 4.036459624058797e-01, 3.229210401734340e-02, 2.391626737083743e-01, 5.743248831235281e-01, -3.921982407259931e-01, -3.351218559682493e-01, 7.847620793408531e-01, 6.863492621895274e-02, 2.560459221389499e-01, -1.930865910751541e-01, -2.618842653959674e-01, -4.542847275060047e-02, 2.651373677857382e-01, -3.845591809348479e-02, -1.108446577234846e+00, 8.919572631083181e-02, -2.511011382961699e-02, -5.350351911701199e-01, 4.549117661151812e-01, 6.250148332793627e-02, -3.368264277481374e-01, 9.277463166502606e-02, -9.219714883875113e-02, 2.675566191836566e-01, -1.015820748102409e-02, -2.455254799526438e+00, -1.554750585036041e+00, 3.442530338635006e+01, -9.931133205330950e-01, -2.138717966506821e+01, -2.520810966297204e+01, -2.443781276257347e+01, -3.698007652756568e+00, 1.589145640392543e+00, -2.714676978311289e+00, -1.782020906177924e+00, -1.049575928982507e+01, -1.530444550616475e+00, 4.893644337922488e+00, -2.068626515397478e-01, -1.358732258296207e+00, -1.699963526262203e+01, -1.480728305942465e+01, 1.318802008043449e+00, 6.597768650803301e+00, -9.440822458754599e-01, -1.760582593116916e+00, 7.267440502765711e-01, -5.254551612505782e+00, 9.385117618707832e-01, 2.641810411398392e+00, -5.866780794167797e-01, -3.724229772186446e-01, 9.792297559778271e-02, -6.464301976599394e-01, 3.672583085516683e+00, 5.178505112912807e+00, -3.591538405516372e+00, 9.883236457665961e-01, -3.052590173549705e-01, 1.859423209335418e-01, -1.248701323680025e+00, 1.401340937235084e-01, -1.365180713375228e+00, -1.352541447829679e+00, 4.859292193909231e-01, -1.477334786015580e-01, 7.001627494553422e-02, -1.128079253724641e-01, -3.197539377100461e-01, -2.161906723595650e+00, 2.339670128234364e+00, -1.165404605433684e+00, 3.744076219827066e-01, -7.825043671533941e-02, 7.486142457083695e-01, 3.524840089384887e-01, 4.971471838646859e-01, 3.563858286548165e-01, -6.024890871534452e-02, 2.038716430872800e-01, -1.905393145685628e-02, -1.038040319991597e-01, 8.421602648893143e-01, 1.406869685530801e+00, -1.693015087015697e-01, 1.282570136473878e-01, -7.076410829511486e-01, -2.544423310821092e-01, -3.811759996204774e-01, -6.518258616601032e-02, -1.589374216350074e-01, -6.089912201595114e-02, -2.253618206791813e-01, -8.626596264669026e-02, -7.022434365416694e-02, 1.392764219434564e-01, -9.716938911535060e-01, 1.990268425537450e-02, -3.033100443698665e-01, 1.101156632486307e-02, 2.743385984658806e-01, 6.137665912866372e-02, -9.384715408933475e-02, -1.277175553416504e-01, 4.832892997010999e-02, 3.442970156937256e-02, 4.450902921675337e-02, -1.066854065478996e-02]
