elements:      [Mo]
cutoff:        5.0
pair_type:     gaussian
feature_type:  gtinv
model_type:    4
max_p:         2
max_l:         12

gtinv_order:   4
gtinv_maxl:    [12, 10, 4]
gtinv_sym:     [0, 0, 0]
gtinv_version: 1

electrostatic: 0
mass:          [95.94]

n_pair_params: 6
pair_params:
- [0.5, 0.0]
- [0.5, 0.75]
- [0.5, 1.5]
- [0.5, 2.25]
- [0.5, 3.0]
- [0.0, 0.0]

n_type_pairs: 1
type_pairs:
- atom_type_pair:      [0, 0]
  pair_params_indices: [0, 1, 2, 3, 4, 5]

type_full:    1
type_indices: [0]

n_coeffs: 4644
coeffs: [1.309311728379221e+02, 1.511497744047377e+03, 1.764363051080141e+03, 8.873984028949956e+02, 9.736286170662950e+02, -8.240074784300460e+02, -9.556156380930148e+02, -8.003963507198373e+02, -5.788807367550249e+02, -3.673801341654960e+02, -4.923535291395472e+02, -4.558025638950866e+02, 5.855102850743808e+02, 3.485705510652247e+02, 5.428681632360470e+03, 9.134926588151789e+03, -5.236857303222763e+03, 5.291132384124083e+03, -3.683198466820826e+03, -5.557017349644980e+03, 5.263331637249385e+03, 3.800803590919738e+03, 2.624217670863477e+03, -4.150886387842816e+03, 3.351785354793680e+03, 9.521638454656114e+02, 2.030613397580652e+03, 2.043248864772122e+03, 1.198529501969625e+03, 3.306042493795867e+03, -3.906287479640941e+03, 2.333665613799560e+03, 2.685768347351491e+02, -2.416892610641931e+02, -6.006246176482406e+02, -1.951913729256552e+03, -2.641534578813160e+03, -4.315231220166974e+03, 1.044118368593220e+03, 2.307586723972773e+03, 1.511069166591904e+03, 2.813160069343322e+03, -1.051344269511510e+03, 9.455016965336306e+02, 1.397419590626197e+03, 1.935049672631555e+02, 7.461981293016142e+02, -1.628414100635471e+02, 1.798244654091004e+02, -1.426925348773386e+02, -3.516187522505841e+03, -2.155627103611218e+03, -2.985332062711570e+03, 2.626429907522140e+03, -3.650814636389086e+03, 1.007731432450795e+03, -4.255031146851507e+03, 6.160617717608799e+02, -1.595217563783482e+03, -3.333040269461449e+02, -7.545431310590405e+00, 1.036200834167037e+02, 4.347858912140019e+02, 2.481881316993815e+03, -7.808449266566909e+02, 4.354328434834660e+03, -2.817235262907098e+03, 5.401259561504929e+02, -3.947288048345614e+03, 2.501528316546983e+03, 4.951802984371276e+02, 1.865585289427919e+03, -1.269322581996845e+02, -1.403280853561258e+03, -1.337072188521379e+01, 1.673312430121907e+01, 3.467196225062397e+01, -4.333017224322492e+03, 1.862980285807968e+03, -1.440837293956957e+02, 4.788821704253462e+03, -6.266023987122320e+01, -2.049408356365576e+03, -2.127876307626355e+02, -4.225932806301343e+01, 1.240758328565404e+02, -1.378750792078903e+03, 1.939116212790839e+03, 1.458421584998100e+02, -1.244556625174418e+03, 7.855797785535965e+01, -6.325095534144984e+02, 1.458514155354347e+01, -1.001408595097256e+01, -2.670143875140085e+01, -5.864760271686315e+02, 2.041973117194360e+01, 2.643826991212973e+01, -4.976049194729259e+01, -2.246145956140690e+02, -3.888634104262712e+01, -7.323913789371895e+01, -1.280982364463357e+01, 4.935671538115083e+01, -1.044116069987622e+01, 7.146133223106474e+03, 2.311423012343264e+04, -5.459640406762096e+03, -1.264133424863247e+04, -3.102938870321289e+01, -4.192817104406684e+03, -3.411981234566204e+05, 2.525870160832180e+03, 1.880877216825703e+04, 4.164084518492543e+03, 4.610258543894205e+03, -8.841457778842014e+03, 3.155495398555082e+03, 6.852269325134546e+03, 5.928064247535820e+03, -8.529777199483353e+03, -2.357794529342616e+03, 1.228174046370088e+03, 6.722615225855408e+02, 2.224602684598565e+02, 2.124362062418604e+03, 8.053192098515919e+02, 8.943669699411358e+02, -9.764671784531007e+02, 1.327317623984040e+04, 1.685493557833076e+02, -7.747366403039679e+03, -7.802922784291139e+02, -6.234538691873636e+03, -1.469772634581519e+03, -1.081769944632942e+03, -3.376645992921454e+03, -6.688660921179262e+02, -2.776797873546047e+04, 9.561320768356595e+02, 1.282437308230155e+02, -5.639271164589004e+02, 3.595101962854172e+02, 4.639238353373694e+03, -1.012645215903099e+04, -2.679697661626025e+03, 2.452021026172378e+03, -6.007491795057441e+03, -1.115575651469562e+02, 3.781980706567176e+03, -6.190863541262809e+03, -1.149589684143024e+02, -1.566095903371250e+03, -9.025512115277151e+01, 2.019286412937589e+02, 6.383461982480179e+02, 1.830186466166442e+02, 4.698230967257934e+02, 9.075916340748178e+01, -2.207044838242060e+03, -3.514589016913029e+03, 2.004652695622354e+03, 1.874292688091841e+03, -2.013104166253006e+04, 1.111748464073041e+04, 3.202187339524038e+03, 7.119647061836878e+03, 2.982250563073813e+03, -8.065552515783538e+02, 3.043382682193928e+02, -6.715230015601230e+02, -1.160016557274692e+03, 6.897253448869867e+02, -8.551178592414636e+02, -6.207156287432770e+02, -1.012535084020433e+03, -5.234120358424206e+02, -1.651589366910526e+03, 7.691927813108040e+02, -5.296125134257592e-01, 3.048198181953904e+00, -1.017206913404867e+02, -1.193226032637788e+02, -4.702429215320576e+01, 1.936258737670632e+01, 5.209486894868307e+01, 7.088301064994313e+01, 4.666972381747050e+01, 3.142082960717256e+01, 5.186119635316214e+01, 4.315633014032404e+01, -4.546522383920146e+01, -4.441862781901451e+01, -6.495841705096256e+00, -2.359608562017594e+02, 1.223511298338764e+02, -8.904380582886837e+01, 8.240021346364260e+00, 7.442185357062182e+01, -7.705450554099737e+01, -4.607980597089958e+01, -4.233288997783026e+01, 4.389823899287330e+01, -5.274953028190631e+01, -2.138639167596677e+02, -3.642651371934116e+02, -3.742738303302004e+02, -1.303117703032893e+02, -2.607364377161060e+02, 2.779036565031490e+02, -1.358950569169942e+02, -5.206894479574262e+01, 3.364224956350036e+01, 8.883473087550554e+01, 9.428142834372974e+01, 2.112876070298954e+02, 1.858717024664092e+02, -7.676363956162716e+01, -7.727489965728333e+01, -1.189479268539520e+02, -1.528548709913842e+02, 8.430166122489247e+01, -6.731666160106610e+01, -8.209076734199051e+01, 1.021977167841923e+01, -2.936719886799301e+01, 3.740197062726655e+00, -2.615224119184239e+01, 1.671583991535181e+01, 1.869701579133100e+02, 1.924652172176793e+01, 2.138167000351915e+02, 9.555131269110107e+01, 2.395661323339170e+02, 1.884401160438038e+01, 3.192498433676868e+02, -1.516022130065978e+01, 1.155714989503183e+02, 1.122731395471286e+01, 1.080615020328198e+00, -8.208029985921915e+00, -3.525662942790843e+01, -1.843643134508975e+02, -7.249221283607527e+01, -3.104602686893840e+02, 1.749151557805055e+02, 1.914862834412267e+01, 2.948301153122413e+02, -1.793339587090992e+02, -1.154271625456274e+01, -1.403504548970275e+02, 1.665931194361638e+01, 1.054161230263106e+02, 2.056860719983121e-01, -2.364098959578456e+00, -3.334912270234307e+00, 3.069980636934726e+02, -1.187762935702351e+02, -9.018023806247142e-01, -3.319436608822545e+02, -8.776588202521033e+00, 1.167740548444827e+02, 1.554695390218892e+01, 2.126807633731886e+00, -1.234719715081769e+01, 1.012008785946343e+02, -1.274650275703072e+02, -9.181241891942003e+00, 9.235634020654622e+01, -1.027883268307710e+01, 2.305658666891834e+01, -1.336089973848584e+00, 1.254268133163111e+00, 1.977389375962111e+00, 3.649292007954369e+01, -1.948144836708642e+00, -7.664774308899679e-01, 3.896539390641257e+00, 9.967836645672246e+00, 3.918085135942774e+00, 5.767997237751153e+00, 1.749419782586792e+00, -3.110697023933287e+00, 6.034228746858009e-01, -4.168799469390777e+01, -3.646214582601380e+02, -2.656788633101115e+02, 4.586116784486309e+02, -9.196291438792161e+01, -2.836986137072579e+02, -2.308651226458784e+04, -6.700962811376021e+02, 8.537862720490932e+02, -7.929549910870134e+01, -8.779214102597602e+01, 1.683656279491528e+02, -6.008950870769002e+01, 2.634676210669720e+02, 9.766866294321632e+01, 3.404549865740673e+02, 1.527131561579256e+02, 3.097873892644397e+01, -7.597111254967314e+01, -7.925825892805042e+00, -3.775950507875471e+01, -3.041398090507355e+01, -1.901749619722354e+01, 1.007527851738451e+02, 1.157569516519780e+03, 3.743133079982685e+01, -5.801401047449182e+02, -9.065035659799110e-01, 2.255227728155845e+02, 5.608561144454181e+01, 5.108000165696046e+01, 1.295960424743484e+02, 2.154117280572838e+01, 8.943038090882071e+02, -1.144166821575300e+01, -2.857931212531910e+01, -2.523778787824894e+01, 1.608992309265740e+01, 7.092295202614722e+02, -1.309512655090796e+03, -4.807077843353285e+02, 2.181911649359721e+02, -6.246825809677131e+02, 4.986383490067330e+01, 3.343164875901372e+02, -6.958640257408408e+02, 1.770299415512990e+00, 2.282076689837398e+01, 1.279163632382876e+00, 1.445495728876253e+00, -6.655391385997472e+00, -1.908271506422406e+00, -4.900230608382229e+00, -9.458990457097951e-01, -7.895495384829225e+01, -1.002040443916689e+02, 6.826513506600568e+01, 5.517304207860842e+01, -7.240186566459147e+02, 3.815757275950236e+02, 7.736686836162046e+02, 1.354743906458523e+03, 4.526081329717476e+02, -4.458726820586117e+02, 1.503362066590225e+01, -4.290232652209392e+02, -4.541696186521423e+01, 9.056935660317289e+01, -1.268951137262981e+02, -9.611332503041756e+01, -1.389715928335803e+02, -7.593377881696372e+01, -1.836599307168593e+02, 1.335728007398722e+02, -2.137841250725533e+00, -2.885029788049588e-01, 1.273531974700102e+01, -1.261318596494985e+01, 6.361870519289441e-01, 1.499851010495307e+01, 4.943445907298170e+00, -2.568243965214928e+00, 3.590648026641809e+00, 2.349555707477343e-01, 1.281757731489164e-01, 1.309125852705912e+00, -8.071855441494905e-01, 6.836074820424559e+00, 7.261003152669850e-01, 4.320326401501377e+01, -1.464098391371043e+01, 8.476078160135458e+00, -1.342006274456270e+01, -5.158896736307181e+00, 7.571579489735573e+00, 8.728954268446337e+00, -1.016023444107803e+01, 1.612112563107204e+00, -4.472413596483347e+00, 7.754073680302909e+01, 3.941358647352263e+01, 5.448397127262149e+00, -2.441703797072411e+01, -5.700473576000761e-01, -6.867348176991713e+00, -2.222481201856181e+00, 1.125322383319205e+01, -5.701562072301642e+00, -3.001950368617500e-01, 5.901442102317500e+00, 1.156942021180380e+01, 9.857069873039674e+00, -1.790075114308106e+01, -1.656218795123912e+01, -8.691349063791845e+00, 1.100660483434711e+01, 5.046823952692780e+00, 4.201890111797463e+00, 1.880487103347948e+00, -6.762926596164508e+00, -2.154575321411079e+00, 1.407127380561761e+00, 5.008597508933393e+00, -2.931911033208184e+00, 7.092049576424505e+00, 2.614399283680866e+01, 1.375174483570184e+00, -6.339778447287316e+01, -1.082756786453394e+01, -2.490443805113750e+01, -3.418909811008351e+01, -5.881900658895352e+00, -1.461875665178749e+01, 1.704939204645882e+00, 4.019083759769144e-01, 9.442871708318724e-01, 2.368745073447687e-01, 1.591749128088478e+01, 2.743870820984289e+01, 2.824711388237214e+01, -1.107126520201464e+01, -1.100890207806721e+01, -2.887477259291363e+01, 1.676646013997389e+01, -2.261524482704541e+00, 1.825660345935509e+01, -2.267105363106087e+00, -1.271923299475575e+01, 1.460977072851998e-01, 1.396277901549794e-01, 4.382857317050291e-01, -2.923819646842841e+01, 8.947731116451472e+00, 1.744718207740350e+00, 2.850473758147889e+01, 2.255045399285002e+00, -6.547673710418271e+00, -1.426638035343621e+00, -4.857542816177351e-01, 1.598661853295945e+00, -9.052580326321602e+00, 8.360542056308313e+00, 5.153075895994434e-01, -6.587343539326496e+00, 5.017471249589222e-01, 1.813310676297508e+00, 9.663033596301417e-02, -4.185999049914630e-01, -1.682155838964508e-01, -9.476771419338951e-01, 4.366420781909927e-01, -3.065228656703969e-01, -4.052591778972751e-01, -4.969521982986104e-01, -7.521695738667520e-01, -8.250934945388074e-01, -1.670716126066738e-01, 3.280466264139932e-01, -6.202973231833030e-02, -2.192973159818322e+00, -2.093890039307497e+01, 1.236380122593399e+00, -9.701115132740610e+01, 4.617931486891191e+00, -6.855621267112714e+01, -5.578893619050430e+03, -1.990176531136111e+01, 2.226674409039758e+02, -2.177728681275405e+01, -2.411057760698853e+01, 4.623887145892215e+01, -1.650248589868713e+01, -1.911019304682461e+01, 6.776965507274679e+00, -3.914605641401835e+01, -1.419783313025906e+01, -7.531519796343021e-01, 2.700141784571523e+00, 1.120147104509170e+00, -2.602727764222415e-03, 1.902481674258953e+00, 1.061877336187283e+00, -1.282776648224333e+01, 2.479643403325158e+01, 4.757421479053181e+00, -1.590833821254428e+02, -1.141290487162193e+01, -8.288779067202086e+00, -7.501156821141003e+00, -1.579620056929870e+00, -1.184814263752834e+01, -1.465753129948008e+00, -6.085004703045705e+01, 7.451972057656564e-01, 3.424054921136277e+00, 2.845139146847411e+00, -1.813959627293298e+00, -1.426441837880468e+01, 2.897691125458720e+01, 1.053168369513286e+01, -5.157079627915190e+00, -4.664152468173250e+01, -2.808568980640618e+00, 2.469354203495564e+01, -5.540640640273153e+01, -1.306010386883108e+00, -6.802574251662158e-01, -1.149504711890657e+00, 4.835252998824775e+00, 2.840618331323743e+00, 8.149919789669099e-01, 2.089912163063124e+00, 4.037016907792337e-01, -4.454251760318185e+00, -4.105178764003324e+00, 3.564290052124356e+00, 2.329014760036472e+00, 3.506364430696162e+01, 2.018149648045789e+01, 3.311624102831884e-01, -1.520623018182663e+01, -3.633226414827131e+00, 1.189380846398034e+01, 9.107696831851865e-01, 1.438791041704721e+01, -9.965950126145168e+00, -4.555284290245980e+00, 7.683803337273322e+00, 6.190884357870155e+00, 7.471157053203171e+00, 4.443364051005685e+00, 7.372188215898276e+00, -9.737236315963219e+00, -1.210401587764292e+00, 5.297539369807551e-01, 4.148893382325536e+00, -8.615203642937951e+00, -7.851659288127764e+00, 1.311177934364420e+01, 6.306923958038785e+00, -1.693817653537124e+00, 8.151219572199995e-01, 2.403014711805284e+00, 5.676622161962646e-01, -4.051241291336994e-02, 3.700562183694310e-01, -1.297808767575209e+00, 9.081473364488570e-01, 1.547476631208992e+01, -8.851888964386374e+00, -1.857850008760381e+00, -1.059517951884817e+00, -2.838145347107844e+00, 5.707250748788883e-01, 3.422752876791171e-01, 2.314918631700288e+00, 4.137788025197458e-01, -1.385430544206619e+00, 3.402497629699663e+01, 3.039135799935928e+01, 2.804911355645607e+01, 2.403016697215581e+01, -2.243695561885992e+00, 1.436854272948111e+00, 2.952334357583109e+00, -2.192637706909358e+00, 1.376772398579616e+00, -1.004927526310320e+01, -2.049333119228229e+01, -2.269255798182265e+01, -2.979501708114183e+01, 2.003307838991548e+01, 1.287836712248647e+01, 7.987143508797933e+00, -3.701766952249443e+00, -2.519970466941221e+00, -4.479191733725227e-01, 1.879685608408046e+00, 1.911937631058992e+00, 3.267526286798272e+00, -7.971316268786848e-01, -1.259401100268346e+00, 7.689274874084630e-01, -1.690169667250879e+01, -1.598261700001033e+01, -1.750133275480908e+01, 2.176398056699559e+01, 3.739594272767329e+00, 8.711586145365615e+00, 1.085393663714158e+01, 1.830346573207155e+00, 2.899744109942464e+00, -6.727003239755072e-01, 1.575306714589088e-01, 2.027605822089304e-01, 3.173342697853667e+00, -1.873842331642149e+00, -6.913656319299587e+00, -2.690513698115848e+00, 4.982371822152822e+00, 2.998541838442746e+00, 7.095081312212877e+00, -5.035930689566134e+00, 8.686546952543236e-01, -5.063875938031561e+00, 9.373820635363185e-02, 2.458984155471198e+00, -2.203293177414712e-01, -1.321390199743878e-01, -1.239732640777900e-01, 5.469906242529915e+00, -2.345364033010351e+00, -3.656432543712491e-01, -6.411361025199511e+00, -9.559706825468690e-02, 4.112433165599378e-01, 3.548389207986734e-01, 1.739005756466601e-01, -2.257341729456473e-01, 1.798646819540954e+00, -7.134038555709695e-01, -1.047301953151001e-01, 1.144978462646208e+00, 1.922235432334869e-01, -1.323310293914780e+00, -4.907037646817293e-02, 1.078487533499912e-01, 6.042871196339071e-02, -5.459619934224937e-02, -1.374703885467172e-01, 6.271788495822299e-02, 1.283645099852214e-01, 2.174883113613485e-01, 1.689048184148952e-01, 3.459769574466692e-02, 8.185787826601097e-02, 7.748167678830661e-02, -1.588846746473462e-02, -4.504756244770582e-01, 1.273752584702303e-01, -1.053067521975482e-01, -2.685947313330698e+01, 2.361257356324713e+00, -1.311459786205535e+01, -1.067219564286992e+03, -1.083429223888502e+01, 5.497070958468277e+01, 1.449613458462783e+01, 1.604945443297288e+01, -3.077931532309693e+01, 1.098497731528597e+01, -3.542973491814196e+00, -3.279511850548489e+00, -3.747191797513177e+00, -1.962158157878054e+00, 4.691995863086791e+00, 6.490305236508873e-01, 1.441973664679876e-01, 2.529826381293242e+00, -5.807047962888635e-01, -2.492644721060693e+00, -3.095085364327641e+00, 2.403786728858914e+01, 8.822934205853411e-01, -8.260577312401432e+00, -7.061739372179180e-01, -4.435184982349333e+00, 8.601600077109456e-01, -1.467534378603009e+00, -1.305098082224333e+00, -1.684817126607964e-01, -6.956381517338079e+00, 1.233550451582945e+00, -1.015357088779522e+00, -2.149626972100079e+00, 1.370851912413845e+00, -7.875010781838767e+00, 2.140104096878444e+01, 9.221438388668696e+00, -4.483447472303949e+00, -1.024226814357501e+01, 1.143830937444721e+00, 5.745096841672019e+00, -1.118002486475663e+01, 6.316153007235734e-01, 1.626712808025308e-01, 7.530279456760217e-01, 7.439614236615424e-02, -5.898921468877123e-01, -1.683668118520700e-01, -4.336313801417602e-01, -8.378806496416455e-02, -3.023279234956699e+00, -1.831563931138353e+00, 2.077121160344235e+00, 1.050810055469596e+00, 2.878561176161401e+01, 1.204910860280564e+01, -3.811943652206561e-02, 1.814048144602809e+00, -2.864597116982438e-01, -1.742778341976743e+00, 1.156557050172899e-01, -2.315075903097200e+00, -7.122677863339546e-01, -1.531309343029036e-01, 2.618933416463595e-01, 2.121690169513022e-01, 2.513159111481505e-01, 1.506674414592661e-01, 2.561821573745439e-01, -2.391074613652326e-01, -2.761274863387158e+00, -4.920956377444660e-01, -3.661113312695070e+01, 5.875178478312969e+00, 2.931570111194073e-01, -7.354228041840565e+00, -3.248703614395056e+00, 3.009425896671846e-01, -2.003407292651799e+00, 6.861930709594309e-01, 1.535462999912684e+00, -5.403733911897674e-02, 2.244355174646018e-01, -1.030646392146050e+00, 4.598257840905645e-01, 1.807351278834499e+01, -5.480926456028941e-01, -2.078589609742015e-01, -2.263718210052271e+00, -5.692149773504676e-01, -2.753649968982167e-01, 2.265147622776195e-01, -3.778989217442214e-01, 1.272932027858415e+00, -1.332968250442408e+00, 6.476398398157786e+00, -1.764835793763567e+00, 4.671526828384370e-01, -7.477273680547328e-01, 7.126141034676728e-01, 3.800626549533462e+00, -3.923632762762268e+00, 2.146358708818785e+00, -1.001156143268403e+00, 1.809789951685631e+00, 6.165161249458362e+00, 2.428678277830194e+00, 6.843876947876802e-01, -1.344652458756110e+00, -3.916761009348847e-01, 1.586269546030153e+00, -7.083391266227488e-01, 1.500122966715821e+00, -2.635904960133238e+00, -2.339860579666012e+00, -2.105841332414321e+00, -2.328069823504120e+00, 6.275440269212351e-01, 8.960133989035940e-01, -3.670318031693426e-01, -6.227642365263144e+00, 4.468803458668153e+00, -1.651130144731570e+01, -1.262363919455507e+01, -1.055847178013714e+01, -7.045703139996014e+00, -4.988360646620682e+00, -2.506201975394856e+00, -4.820364816037593e-01, 1.083141229865373e+00, -5.562309881676503e-01, -2.248509930763949e-01, 2.994365257872455e+00, 7.152720688528953e+00, 5.130298927469644e+00, 1.037822933536495e+01, -4.303582559913929e+00, -2.513315422684613e+00, -4.488956929583945e+00, 7.164722682150212e-01, -1.047747360501409e+00, 1.705177929908014e+00, -5.928879579064695e-01, -6.960111718038552e-01, 3.715773550456878e-01, 1.122847924855342e-01, 3.889881398138453e-02, -5.399877809761340e+00, -1.427294127907368e-01, 5.228589916663755e-01, 1.153460898159173e+00, 6.473743831786469e-01, 9.764677968134411e-01, 4.021926011410751e-01, 3.651413150178335e-01, -9.637011779106699e-02, -6.802899471905746e-01, -1.024227954466022e+00, -1.455360748426802e-01, 6.076375175922013e-01, -2.378460775391267e-02, 8.402261493023672e-01, -2.003431293041852e-01, 1.063081809786428e-01, -9.954542113575432e-02, 5.023595136397355e-01, -7.766374007325078e-03, -2.706998197264362e-01, 1.751782257753098e-01, -1.132700440229179e-01, -1.774393941071952e-01, -1.535403834522389e-01, 6.112924523907774e-02, 9.356350998191519e-02, -2.076596470828461e-02, -4.138872495595388e-01, 5.711597853583577e+00, -2.409171166741980e+00, -1.506027160095763e+01, 2.820682871537206e+00, 8.142605776636499e+00, 6.625908568151341e+02, -5.360854595058851e+00, 3.005702677615882e+01, 8.046493643210873e+00, 8.908819491566971e+00, -1.708506721062189e+01, 6.097785364688351e+00, 3.534300819173856e+00, -7.274992599959913e-01, -1.041492787455024e+01, -3.897757285950779e+00, -1.044631577451582e+00, 1.844682324094697e+00, -1.504469623098426e+00, -1.073546106249815e+00, 4.942125417025418e-01, -1.221891255939507e+00, -4.656057384830439e+00, -1.458443573506655e+01, 6.174616500294151e-01, -6.251742462935446e+00, -7.100673963995691e-02, -9.242071342340631e-01, -2.425431586595192e+00, 4.077274187693561e-01, -1.580242434884467e+00, -5.170753334415961e-01, -2.141967221976190e+01, 6.184205616017835e-01, 2.234218943120216e+00, 1.101871458230642e+00, -7.030074477150214e-01, -3.750560555547488e+00, 1.230454417081925e+01, 5.135439187064258e+00, -2.916446146370676e+00, -3.881183100412076e+00, -5.514689020330058e-01, 2.485916870003448e+00, -6.659814721250092e+00, -5.161823685537225e-01, -4.837898495840692e-01, -6.693909840232820e-01, 6.164348449505291e-01, 1.904282767815979e+00, 5.472395577044087e-01, 1.403233677429984e+00, 2.709882329284186e-01, -1.210318239227609e+00, -8.029478766853010e-01, 8.709758250848081e-01, 4.572399474163965e-01, 1.395703915752002e+01, 5.031980969407978e+00, 7.324813767559952e-01, 1.278845601131527e+00, -1.953272928343749e-01, -2.236282615955165e+00, -8.545764385494367e-02, -3.333494008746752e+00, 6.422791102963793e-01, 1.528157118529853e-01, -2.793817858653208e-01, -2.369897306352635e-01, -2.554132187707276e-01, -1.580778269285689e-01, -2.464935378891322e-01, 3.991867499326901e-01, -2.125572535267304e-01, 2.870491209752842e-01, 4.638581993193707e+00, -1.210526997336234e+01, -7.192986998729777e+00, 4.488202468231394e+00, 1.779408333772195e+00, -3.652253179533559e-01, -4.830331569360787e-01, -5.978782383173280e-01, -2.856251876412971e-01, 3.605296196108022e-02, 2.017622234109005e-01, 3.671982670725934e-01, -3.367539665745434e-01, -5.526873586529534e+00, -4.148240586074398e+00, 5.406558479332720e+00, 2.233155558203470e-01, -3.002634416076197e-01, -3.000843384998150e-01, -1.349776774117270e+00, -6.564129887058152e-01, 1.044906686403425e+00, -1.618807249753055e-01, -9.657069286437240e+00, 5.507840837623267e+00, 1.676574904329408e+00, 1.708592402465146e+00, 1.971062788150134e+00, -6.857590100856663e-01, 1.302643680547288e-01, -3.591600303788854e-01, 2.606762385606959e-01, -5.801969023353322e-01, -2.819632875025284e+00, -1.951519129027678e+00, -2.326160016839288e+00, 2.218576294520698e+00, 1.557277139423533e+00, 4.254189561751719e-01, 1.018595802299582e+00, -7.508726950522590e-01, 8.428654721803748e-02, 1.427260298412878e-01, 5.069093841170345e-02, 1.423944299940156e-02, 1.379364707468040e-01, -2.231610875389046e-01, 9.868685433861064e-02, 8.634430746207162e-01, -1.173721575484679e+00, 2.673154623119388e+00, 3.114781780075954e+00, 7.847145725341819e-01, 1.428457990619363e+00, 6.577303333464944e-01, 7.878139718490945e-01, 7.410986368920151e-01, -2.696916190191845e-01, -2.711688309236591e-01, -1.176930042571593e-01, -3.114451758518313e-01, -5.613782569425186e-01, -1.341809651695234e+00, -1.147082029646170e+00, -2.123553606323998e-01, 9.215279659803812e-01, 2.106981771128641e-01, 4.142929175538441e-01, 3.566431034331007e-01, -2.676726160476872e-01, 1.228564378441255e-01, 2.127157462087521e-01, 8.688692338224517e-03, 8.494952302592447e-02, 1.695330178049948e-02, 5.686086719993895e-01, 4.786711753609155e-01, -2.482809752206630e-01, 7.560583309693088e-02, -4.014724826517084e-01, -8.517783441837351e-02, -2.081627641532919e-01, -1.469613497071558e-01, 2.896464170079039e-02, 6.084590389495833e-02, 1.338697856159477e-01, 1.002870893286400e-01, 5.332263328109865e-02, -1.542886710924793e-02, -8.784577911933374e-03, 9.625387776588532e-02, -5.803506665341978e-02, 3.592031348190835e-02, -7.811562239422000e-03, 3.084764553977849e-03, 1.798813086609833e-01, -1.375953225834709e-01, -5.027803051525035e-02, 8.548633176667209e-02, 1.301555958425844e-01, -6.492088412848830e-02, -1.113430325133891e-01, 2.201556992081727e-02, 1.559175384159139e-01, 2.828374538553766e+00, 2.816118419126139e+00, 9.337787550087059e+00, -5.179169602499321e-01, -4.944559633103024e-01, -4.023985099802045e+01, -1.751100799455073e+00, -2.699408109915646e+00, 1.352531073875944e-02, 1.500112587443416e-02, -2.875462686445992e-02, 1.028665167923818e-02, -1.744659634250821e+00, -1.368708391838767e-01, 1.385596631767499e+00, 2.161442646204932e+00, -8.361825571991867e-01, -5.136646269063564e-02, 9.786005280607875e-01, -1.524120773517837e-01, -4.166386658593835e-02, 9.691419424011232e-01, 3.906880651444234e+00, 3.208955645449351e+00, 1.432093616840841e-01, -6.540305138882344e-01, -8.801713583315247e-02, 1.064223784291555e+00, 6.881236099732255e-01, 3.188001107367375e-01, 9.159250130827677e-01, 3.336092220565770e-01, 1.385799662853068e+01, -6.137830175526777e-01, -7.892419739828964e-01, 2.646450300366510e-01, -1.685808246676604e-01, -3.057581208623516e+00, 4.386198829525388e+00, 1.380818148278038e+00, -1.399614537372193e+00, 6.999796308120637e-01, 1.355246703971614e-01, -4.813734994808516e-01, 1.741153902035700e+00, 2.136665087603557e-02, -8.646244030730713e-02, 5.637048970894251e-02, -3.178118344836085e-01, -8.202027707488142e-01, -2.348506308732597e-01, -6.035979592791808e-01, -1.163390870997941e-01, 7.096290984559153e-01, 3.984714731155234e-01, -4.865160766842669e-01, -2.319199037598293e-01, -5.348948252475971e+00, -2.826473532259926e+00, -3.762500882170086e-01, 1.133697151042105e-01, 2.631739426338147e-01, 8.651213835452561e-02, -6.760571233462723e-02, 1.797443554773741e-01, 2.933858489406174e-01, 6.184727662742267e-02, -9.786337876538179e-02, -7.661190014745375e-02, -9.922773223850138e-02, -5.732047733393519e-02, -1.083841672829833e-01, 1.051500577372413e-01, 1.511497739775629e+03, 5.428681340691429e+03, 7.146132947747942e+03, 9.134926325795128e+03, 2.311422964399978e+04, 5.572566406055089e+03, 5.236857590840873e+03, 5.459637216181680e+03, 4.615693028293852e+03, 2.684346443064223e+03, 5.291132457792772e+03, 6.852268523767726e+03, 9.280561083212371e+03, 2.291496733717723e+03, 1.735100489547595e+03, -3.683198507427725e+03, -5.928065222767753e+03, -6.326637929132712e+03, -2.543929974788000e+03, -4.742446988722227e+02, 4.423589284717492e+02, -5.557017896614981e+03, -9.260605644738640e+03, -1.856965734971530e+04, -5.785903808960957e+03, -7.697771733053291e+03, 6.961678498919137e+03, 3.410896829230381e+03, -5.263331695274564e+03, -7.172297514919456e+03, -1.777272013364516e+03, -7.733743502119551e+02, -4.700459958010852e+03, 7.455434378043063e+03, 6.592970581045209e+03, 3.292966798797909e+03, -3.800803505331665e+03, -3.310088363013871e+03, -4.387748944859170e+03, -5.159504341001180e+03, -1.650402252858248e+02, -1.545964893347954e+03, 4.425092716328145e+03, 1.750277635979280e+03, -1.283406341484609e+03, -2.624217835160105e+03, -4.524304320784006e+03, 2.511753115095492e+03, -1.239078589345946e+04, -1.355880608618271e+03, 4.636356958653374e+03, 3.344979691459197e+03, 9.004074668683555e+02, 2.893546250300050e+03, 3.238866927576942e+03, -4.150886253911859e+03, -7.052837694870802e+03, -1.086274223090552e+04, -5.690647707956164e+03, -6.828081240110081e+03, 4.587880426396442e+03, 9.734246108795896e+03, 4.721340529753658e+03, 2.831320394598350e+03, 3.151146558887225e+03, 1.116271799841666e+03, -3.351785180650623e+03, -2.646621666885668e+03, -5.737141977606728e+03, -3.756721891837998e+03, -1.589446167436109e+03, 2.188537380228225e+03, 5.546656354570362e+03, 3.131263591944311e+03, 1.294822859471645e+03, 1.240977961893730e+03, 3.786873923586910e+03, 1.247016822920089e+03, 3.901990486996072e+03, 4.596941254781365e+03, 1.006742109568051e+04, 1.911088210996177e+03, 8.196711227799104e+02, -1.162349591004490e+03, -5.626474629368165e+03, -2.806664769429262e+03, 7.951218634256536e+02, -2.498638524682631e+02, -3.023194902890714e+03, -1.897511521405012e+03, 2.787190582059498e+03, 3.132655994978656e+03, 2.445460712921307e+03, 8.090507223663213e+02, 6.957448086958815e+02, 3.372613772097373e+03, -2.083549996179812e+03, -3.218438656118789e+03, -3.417906653343257e+03, -2.312762508279154e+02, -5.968142800707129e+01, -1.928853703141682e+03, -1.621070438610717e+03, 4.020913158206635e+02, -4.549735769544314e+02, 9.163179422489995e+01, -1.833901285012570e+02, -2.640053027312862e+03, -7.797063994698633e+02, -9.711831201901878e+02, 7.683443701692034e+02, 8.358482723317956e+02, 6.788667987809521e+02, 3.229594795601529e+02, 4.555492685763878e+02, 6.893855895690284e+02, 4.549543082525272e+02, -3.798774698705863e+02, -3.619545110650960e+02, 3.048199816732427e+00, -1.185823613154142e+02, -4.589012736464658e+02, -4.703401891618065e+03, -4.815256054888820e+02, -2.261702693609004e+03, 1.625015597207540e+03, 2.027637718107678e+03, 1.756797092300354e+03, 5.024983892732017e+02, 1.296731071502728e+03, 1.589365982122778e+03, 1.135462370254874e+03, -1.234156014802502e+03, -1.392586173149710e+03, -6.495809185191733e+00, -4.168789519270241e+01, -4.314730989610110e+02, -4.935939348903195e+03, -5.524448175574574e+03, -7.904055441404871e+03, -1.006891391480630e+04, 1.399095010026175e+03, 3.815644228225159e+03, 3.709459475073327e+03, 6.293487374932520e+02, 1.019947930072825e+03, 4.251005556379086e+03, 1.426086565405150e+03, -1.951928993142677e+03, -1.179712758326071e+03, -2.359607920820511e+02, -3.646216367954152e+02, 3.770569908418732e+02, -8.045500916780896e+02, -4.241050668281506e+03, -1.469338179965097e+02, -5.271039634583194e+03, -4.363591346551038e+03, 2.303507113334999e+03, 2.898421316727080e+03, 1.279272102254125e+03, 9.747554284390255e+01, 1.682742032851417e+03, 1.684694290084321e+03, 1.494323887418196e+03, -1.497808718235194e+03, -5.263959578332785e+02, -1.223511584977169e+02, 2.656789118842897e+02, 5.113195631791551e+02, -5.111753195529901e+01, -3.037290812689256e+02, -1.784308170647857e+03, 4.426913950217281e+02, -3.907308775445542e+03, -5.091848894741061e+03, 2.866963998858131e+03, 2.633780608544751e+03, 1.817204696202392e+03, 9.271106571843634e+02, 1.283169969814624e+03, 2.084532342324316e+03, 1.782905158926640e+03, -7.527948318751806e+02, -7.136423314645697e+02, -8.904383227048812e+01, 2.634676388476239e+02, 7.878537333398665e+02, 2.888556172110253e+02, 5.764810657754499e+01, 3.517518985665705e+02, 2.485137877803356e+03, 4.326076434401816e+03, 2.955250269164790e+03, 3.202662656300153e+03, -2.987947073784415e+03, -2.799162347645292e+03, -1.753904883404597e+03, -4.251094652445437e+02, -1.866404061200585e+03, -1.821165494523265e+03, -1.941934555585891e+03, 9.639234192055437e+02, 6.185830234628876e+02, 8.239981082126565e+00, -9.766877562250581e+01, -4.627781349395765e+02, -2.251136934312312e+02, -2.646970155898820e+02, 6.399399121528108e+01, 1.271984037749756e+02, 3.174878534327883e+03, 5.391305972324991e+03, 3.557505318975881e+03, 4.247069617377807e+03, -3.438477993267205e+03, -3.892241510577013e+03, -2.237962292227238e+03, -1.120734872068130e+03, -2.151976828553530e+03, -2.334531459778096e+03, -1.637802280501229e+03, 2.020764105225354e+03, 1.226275347276935e+03, 7.442187707568159e+01, -2.670465369859779e+02, -1.137981527654373e+03, -1.174073670819113e+03, -8.246170756927814e+02, 6.169370415519822e+02, 5.740773809635816e+02, 3.431470624186113e+02, 1.579609173865991e+03, 3.126664207766965e+03, 2.482766806671122e+03, 3.095801825422080e+03, -2.480965971097720e+03, -3.484682740848769e+03, -2.315225528748246e+03, -1.082218631413170e+03, -8.810381022275702e+02, -1.751943715679860e+03, -1.648455589658784e+03, 1.529543325317199e+03, 9.157103132157538e+02, 7.705442067701513e+01, -1.115153260573510e+02, -1.316203644780161e+03, -9.882521376680756e+02, -5.691289907849631e+02, 2.905978282801854e+02, 5.926925787523851e+02, 3.169950096158453e+02, 4.154245925681749e+02, 3.307825928780614e+03, 3.767447015937429e+03, 1.231104749319132e+03, 8.653016480391133e+02, -1.442298820132042e+03, -2.303371899216684e+03, -1.326549157391979e+03, -4.959093572022947e+02, -1.514084552066195e+03, -1.038099700638248e+03, -8.515902505014477e+02, 5.860882179806283e+02, 7.161267348092206e+02, 4.607972520890892e+01, -6.580113991785986e+01, -1.042397339880460e+03, -2.303177754413519e+02, -3.789409024244850e+02, 3.571307186723428e+02, 4.325211980345304e+02, 4.226333120596209e+02, 2.359543371634950e+02, 2.548978367115380e+02, 1.477247393248612e+03, 1.984989100331350e+03, 1.780821790638608e+03, 1.384087161628601e+03, -1.102557134696809e+03, -1.949233228600575e+03, -1.336607423085035e+03, -3.490822530298684e+02, -1.239511931293297e+03, -1.333632835901364e+03, -1.226900699097642e+03, 6.253780955757695e+02, 7.429991421525438e+02, 4.233288567255162e+01, -1.196125377725199e+02, -8.820312015326816e+02, 5.015525342744898e+01, -2.681305156653929e+02, 2.625674822406382e+02, 4.387838564153108e+02, 3.495121840758341e+02, 2.735888892218011e+02, 7.182323284378379e+01, 1.305575470823055e+02, 2.795286166562539e+03, 3.684104349343380e+03, 2.010443712390877e+03, 2.224929133467772e+03, -1.522914078653720e+03, -2.210039001234869e+03, -1.458492503959548e+03, -1.034931283664290e+03, -9.313915582798911e+02, -1.410648657662478e+03, -1.254271055981844e+03, 1.357316673518351e+03, 1.125420098606884e+03, 4.389835064255003e+01, -1.606890368248325e+02, -1.223596250037986e+03, -5.192973254768033e+02, -4.960154175754977e+02, 5.211587805148663e+02, 5.211648931484831e+02, 3.362320299547848e+02, 2.001945307009358e+02, 3.246419824916482e+02, 2.950824910016530e+02, 3.489266997080633e+02, 1.651489228947467e+03, 2.420198455648513e+03, 9.757540906663863e+02, 8.604236863363536e+02, 1.065361159234634e+02, -1.791243309738529e+03, -1.076013172823612e+03, -3.800438792469818e+02, -1.739006514960422e+02, -1.069087629096918e+03, -7.553499867440867e+02, 8.684588880406751e+02, 9.208781606936373e+02, 5.274951741957903e+01, -8.440805790818250e+01, -5.251695417304702e+02, -1.665487689511837e+02, -5.172850067669450e+02, 2.359175476235094e+02, 3.427270467649727e+02, 3.262187022524371e+02, 2.206932777410095e+02, 2.682396493728899e+02, 3.109860075044398e+02, 1.067515075211775e+02, -2.211153658978928e+01, -1.343010513625676e+03, -2.142545815933466e+03, -6.428594769779338e+02, -1.112837983663955e+03, 1.080882344443933e+03, 1.362309206704066e+03, 3.906593208466346e+02, 1.357686212680052e+01, 5.080887563651265e+02, 8.751466323429842e+02, 4.166984953602924e+02, -1.114764167737838e+03, -4.193752613298122e+02, -6.184346449657589e+01, 2.443125248381071e+01, 1.336075006404542e+02, 4.979637354116008e+02, 3.399010368497689e+02, -3.878735201317087e+02, -3.220842218539049e+02, -2.761224993940751e+02, -3.104307593067124e+02, -2.468402018340622e+02, -3.283914625962719e+02, -1.137426707723931e+02, 4.573394200288080e+01, -1.785619248562331e+02, -3.724849807928959e+02, -3.760303646161017e+02, -2.622022169715399e+02, -9.511730365584179e+02, 6.145328710447005e+02, 9.249503740663463e+02, 4.791694399461898e+02, -1.309193550210203e+02, 3.247957197509237e+02, 4.272444374648617e+02, 4.354122788984386e+02, -3.505237392362729e+02, -2.169969825128028e+02, -4.988767821074517e+01, 7.336279029743991e+01, 3.052374094340511e+02, 3.715413396139014e+02, 1.991009046710448e+02, -1.637349666652814e+02, -2.263366968306877e+02, -9.430292983511524e+01, -1.733005269402533e+02, -1.532596414425099e+02, -1.702469407672284e+02, -1.152329340315125e+02, 1.824550295537832e+02, 5.947783699191496e+01, 5.210799562014140e+00, -8.373640505986343e+01, -2.155447716367504e+03, -5.525341811051960e+02, -7.429454267089786e+02, 5.821926517410709e+02, 5.632978475196489e+02, 7.469298878923457e+02, 5.434386509402906e+02, 2.826497361541552e+02, 5.315546645151096e+02, 3.850216790648199e+02, -3.102695404996668e+02, -2.901759795122346e+02, -1.564508688937184e+00, 2.850737601499080e+00, -9.241328172863902e+01, -2.618386711957360e+01, 7.860182796235883e+00, -1.642417879183974e+01, 2.864612942782835e+01, 1.703974727448642e+01, 1.149855061442503e+01, 7.348305510964589e+00, 1.161841092162735e+01, 8.075331723794513e+00, -2.153108451378953e+00, 9.243357481443452e+00, -2.885026025515298e-01, -1.057749621199665e+01, 1.789290717482427e+02, 8.816546806260568e+02, 2.013834732963543e+02, 5.496982923238294e+00, 1.322040478508083e+02, -2.340870123055895e+00, 1.106752013229053e+02, -2.428458593180240e+02, -5.231064987542317e+01, 8.531766045725632e+00, -1.413990587228087e+02, 1.198313541866363e+02, 3.545701741399138e+01, 1.161916015623057e+00, -1.076643143198676e+01, 1.736152340717126e+02, 8.520951175687502e+00, 6.480725318894471e+01, -3.726786805251414e+00, -7.584291324575945e+01, -2.750961288441877e+01, -3.579728229198474e+01, -3.369353690332954e+01, -7.252999541468789e+01, -3.503881445782392e+01, 4.517367613295544e+01, 3.236797388479899e+01, 7.260937875583449e-01, -2.192965456090317e+00, 4.637848119853904e+02, 2.237139123307377e+03, -2.880803838620164e+00, 1.914761765651065e+03, 8.715373358582176e+02, -1.404870637610794e+02, -1.590265421142434e+03, -1.711486366248427e+03, 9.878203720468430e+02, -7.248701189267513e+02, -3.793988062324069e+02, -4.073104431280726e+02, 1.001054182287178e+03, 1.228684221618523e+03, 6.163844587069120e+01, -6.297034289916816e+00, -7.220601682144943e+02, -3.737166232872899e+02, 1.152300242932880e+02, 3.410954722287926e+02, 4.600065961903475e+02, 2.114222145329504e+02, -3.442793728109874e+01, 2.628957001265102e+02, 1.529273860234193e+02, 2.260885970245750e+02, -1.539315967563246e+02, -2.650065857185060e+02, 4.320330486990068e+01, -2.093884466817801e+01, 9.111620635655767e+01, -8.920919014328653e+01, 1.055608230135191e+03, 1.059354845617027e+03, 2.164166801637421e+03, 5.196499011769607e+02, -2.348359882227185e+01, -7.877245717937333e+02, 1.573328644645651e+02, 4.863965447042418e+02, -2.968971924287549e+02, -3.867877477176492e+02, -9.372773565946518e+02, 4.400570806258928e+02, -3.192363386832213e+01, 2.240156593963347e+01, -1.492928817660313e+02, -6.287498475884676e+02, 4.069179458407185e+02, -3.950909851314935e+01, 1.703936049104852e+02, 2.066003134028259e+02, 8.914592811317516e+01, 5.250895420569913e+01, -7.512458312012362e+01, 6.553203812218415e+01, 1.067994732089994e+02, -1.029411941035372e+02, -9.406980029898054e+01, 1.464106785954011e+01, -1.236324085009062e+00, 9.636126950965777e+01, -1.403851421421137e+01, 1.048024625979592e+02, -3.091626407019778e+02, 3.992964425009800e+01, 1.225734704871461e+03, 1.054889821597578e+03, -6.332471573173656e+02, -6.534311092101672e+02, -2.525654943357523e+02, -4.729721004978227e+02, -8.405659712693775e+02, -5.571304741719223e+02, -4.492057463457213e+02, 3.872692689941412e+02, -4.648411110100052e+01, -1.383004317147923e+01, -6.911802824373036e+01, -4.866208741161769e+02, -1.990136164182542e+02, 1.246681893142954e+01, 8.918752106801279e+01, 7.144893975023894e+01, 5.937763406542890e+01, 8.201874342323684e+01, 6.048820561807840e+01, 8.480070196857639e+01, 1.148037913825307e+02, -1.443165994493479e+02, -6.042359218240968e+01, 8.476095345527606e+00, -1.911010337341945e+01, 1.648637357368014e+01, -5.697514377296225e+00, 2.889931702339860e+00, -2.271754332684961e+01, -4.145924170561865e+01, -1.414847639689281e+03, -5.523205653643837e+02, -8.952862381651188e+02, 2.092602500093436e+02, 5.481666270509425e+02, 5.099996705872517e+02, 6.453797717105514e+02, 4.976619794712246e+02, 4.452478368760467e+02, 7.078300352136557e+02, -3.525131699053273e+02, -4.813078048774669e+02, -1.301917082941352e+01, -2.635480349584589e+01, 3.900610909459396e+02, 9.468627123327421e+01, 1.524755694554499e+02, -8.941686225108811e+01, -5.767095840690743e+01, -4.513005153951426e+01, -1.096706345156730e+02, 1.988531686792775e+01, -3.958789400841836e+01, -4.924575443341752e+01, 9.682740214700181e+01, 9.582384518247666e+01, -1.342008649363376e+01, -6.776964597648342e+00, -1.242921022253019e+02, -1.635907928594252e+01, 7.275931072980260e+00, -3.728688459348616e+00, 1.235200745244121e+01, -7.498481178199065e+02, -8.724522596955859e+02, -8.336385592331882e+02, -1.009320016547116e+03, 6.495628057434531e+02, 6.621819037905310e+02, 5.759011854655640e+02, 5.328241250553750e+02, 8.417332931510650e+02, 2.555624758790293e+02, 3.845987966868430e+02, -4.953652348084678e+02, -6.741583143636320e+02, 7.368086607622773e+00, -7.503843295549064e+00, 3.028178978099912e+01, 1.172742056630460e+02, 9.925911256032995e+00, 4.776969042968785e+00, -9.143081696515978e+01, -5.189748755396107e+01, -1.064073174406811e+02, -6.545148721865314e+01, -5.219756399797105e+01, -4.721508400991826e+01, 1.397016113355880e+01, 1.177083611902715e+02, -5.158866336800271e+00, 1.499631755235930e+01, -2.869432572551279e+01, 3.952206217782250e+01, 3.059665235957487e+01, -2.646730494520798e+01, -3.359804936736138e+01, 6.298464332040301e+01, -7.612341300600749e+02, -1.082756506579888e+03, -8.427992390093900e+02, -8.500473923585469e+02, 5.173018816987861e+02, 7.222037239026373e+02, 2.224665025341461e+02, 3.293097005461245e+02, 3.304533475041110e+02, 6.716954874463098e+02, 2.798548231613807e+02, -4.496499568080272e+02, -3.095566626724126e+02, 1.686638718104033e+01, -4.078918243739277e+01, 2.879842860649414e+02, 1.623911564269302e+02, 6.507219719794739e+01, 2.551024040557011e+01, -1.420607013981709e+01, -3.744843731413292e+01, -4.626539963886374e+01, -6.578307599590150e+01, -7.693151828637650e+01, -1.073618343215775e+00, 7.633806742538245e+01, 4.958202246101496e+01, -7.571616431297091e+00, -7.370877819313205e-01, 1.117856182341636e+02, 3.485656056605501e+01, 1.039540944816710e+01, -4.572550334963043e+01, -4.350590302304371e+01, -2.027549012924650e+01, 8.933371183040164e+01, -1.006608702447244e+03, -5.167863261523706e+02, -1.439061919226951e+02, -7.570143446757114e+02, 5.880943229369713e+02, 6.502826988839311e+02, 1.576630082113205e+02, 1.639434999320286e+02, 1.460450990186407e+02, 6.670627545483873e+02, 3.505715031733542e+02, -3.631270051096023e+02, -3.133679701556475e+02, -5.852341736947571e+00, -5.748558946590677e+01, 2.814240191767301e+02, 1.441368756708405e+02, 1.685632422605811e+02, -1.064597443129359e+02, -8.458877315824279e+01, -5.979103714377830e+01, -1.108507301937636e+02, 1.702521494503031e+01, -8.403467730956852e+01, -4.741363124037498e+01, 1.289705923639486e+02, 2.740364591724369e+01, -8.728953452211821e+00, -4.155100283437754e-01, -1.179979927858465e+01, -1.112840218297152e+02, 5.902558139414929e+00, -2.066923704295631e+01, -1.840540419767992e+01, -1.180877753643312e+01, 1.441451400717496e+01, -1.557659585990413e+02, 1.435153881954348e+01, -3.478752633001649e+02, -1.826215399948028e+02, -9.491528238711701e+02, 1.892059765086461e+02, 4.537272032707605e+02, 3.671686014516912e+02, -1.359361180404480e+02, 9.893102896709978e+01, 4.044950183759379e+02, 2.885613374584309e+02, -3.051000393823115e+02, -4.359443827483969e+02, 1.604510654240820e+01, -3.778164568455156e+01, 2.124428196384450e+02, -2.437167393563552e+01, 7.988152101557417e+01, 2.488918468367702e+01, -2.767661193738461e+01, -6.816375234867725e+01, -2.743097558036123e+01, 3.062343539693049e+01, -3.346518675038249e+01, -1.160422040167269e+01, 6.565329424667109e+01, 3.670642753829907e+01, 1.016019810372506e+01, 8.398601567132443e+00, -1.108745789312703e+01, -1.189393971090234e+01, 2.865481237550635e+01, -5.560684269522709e+01, -2.800283927636972e+01, 1.099600625436868e+00, -5.971180665869779e+00, -1.665157274892101e+01, -5.767740892991948e+00, -1.333971577137001e+02, -6.452174081320431e+02, -6.498991544104040e+02, -7.689413968815455e+02, 2.702939412570631e+02, 3.154197015246542e+02, 5.298222768511368e+02, 4.103732583516211e+02, 2.804628188331213e+02, 5.644809895768691e+02, 2.568550709404903e+02, -3.626670630739592e+02, -4.430741834836396e+02, 1.365473918643406e+00, -1.984274981507656e+01, 2.132546530735308e+02, 1.535903617031602e+02, 8.169636383004274e+01, -6.170844434203190e+01, -9.654367768841647e+01, -1.102910744972987e+02, -8.020762813662311e+01, -7.498460655920488e+01, -1.717330218025358e+02, -4.576174477982354e+01, 3.598365645704330e+01, 1.996153808240680e+01, 1.612118272343523e+00, -1.148730799022722e+00, -1.704323385913180e+01, -4.896077293897775e+00, 7.354158883978061e+00, -3.343369732620412e+01, -1.117495756834453e+01, 7.496813663299929e+00, 8.069523169360142e+00, -1.589221649728952e+01, 9.706071852854292e+00, -7.982709136529055e+00, -4.473314590830349e+02, -5.295051994944517e+02, -4.032201962273059e+02, -3.552171558621628e+02, 1.764497490628365e+02, 6.225565056631808e+02, 1.617582113092587e+02, 6.662342884815700e+00, -3.735964511620995e+00, 1.817948515771083e+02, 2.472571895784392e+02, -2.418894140018683e+02, -2.368398280426212e+02, -7.150715784773470e+00, 2.579210118171753e+00, 8.965538808157397e+01, 4.865991034463130e+01, 1.156730119473942e+02, -4.945420502261436e+01, -6.283196664018828e+01, -6.392799761275664e+01, -5.398389501020532e+01, -3.720843793698418e+01, -4.977006193276618e+01, -6.325292599822433e+01, 3.650570395851517e+01, 3.126032259225874e-01, 4.472363993415202e+00, 8.101575131487639e+00, -6.578092503673200e+01, -2.826695092166426e+01, -1.898795558425909e+01, 4.299731396313967e+00, -1.580623015575013e+01, 2.011303474665857e+00, 1.974146129033977e+01, -1.847832349501191e+01, 4.043534841995180e+00, 6.859526742892155e+00, 1.496793709701264e+01, 4.149148365268144e+02, 6.128953247314493e+02, -3.246466740334700e+01, 4.905700002063533e+02, -4.809788439296942e+02, -5.126712428387415e+02, 8.844131011191109e+01, 9.256173346895091e+01, -1.923598319488972e+02, -9.266896997345937e+01, -1.603530017734720e+02, 1.655240458646977e+02, 1.351259702697582e+02, -2.879480353364873e+01, -1.807559027849063e+01, 3.257188431458845e+01, -7.923230633322237e+01, -4.452889414082521e+01, 4.494503566259934e+01, 9.360085003793166e+01, 7.950760078107110e+01, 6.458300435379054e+01, 5.918125056835069e+01, 7.868938104993204e+01, 3.469259935133235e+01, -1.226153126736046e+01, -4.115491763545153e+01, 1.105450513583708e+00, -1.214711634091961e+00, 1.105521091115900e+01, 9.238434631240525e+00, 1.167903853815137e+01, 8.011181933434516e+00, 1.379080687501124e+01, -2.287178720005976e+01, -1.446981226458263e+01, -9.445681650971238e+00, -9.420566283907979e+00, -1.302201753793414e+01, 7.150711776890988e+00, 4.154815679409096e+01, 2.513027156804525e+02, 5.611278723780451e+02, -1.663380585898578e+02, 2.461124974010625e+02, -1.304680689976754e+02, -3.909207058269717e+02, -2.124110971268212e+00, 9.044607835221645e+01, -1.390526456478478e+02, -2.280209944167304e+02, -1.510378302486407e+02, -4.524767380250002e+01, 1.322141203325442e+02, -3.810158079741768e+00, -2.737187781163735e+01, -1.744954977802583e+02, -8.501456933492693e+01, -2.341401683653550e+01, 2.386447175661786e+01, 4.451405154848389e+01, 2.843544528196562e+01, 6.289656168729442e+01, 2.435128035094025e+01, 7.528961123708586e+01, 1.570306756195696e+01, -5.039108125875717e+01, -4.054213082064427e+01, 2.163125337501204e+00, -9.049237537765302e+00, 5.857725446566892e+01, 4.017816642689276e+01, 2.566246821536854e+01, -1.164063879630944e+01, -2.101689187212046e+00, -2.428293256872528e+01, 7.014249300477772e-01, -1.982361696042521e+00, -1.461516598947163e+01, 6.401345150932011e+00, 1.526760693172102e+01, 9.773276941215823e+00, 1.865248350062732e+00, 3.414491083363171e+02, -6.185967676100782e+02, 4.013372373253900e+01, -2.006598970529553e+02, 8.528003010963882e+01, 1.898483838793447e+01, 1.605855037385739e+02, 2.759886383583649e+02, -1.488181661183787e+01, 9.717557283373280e+01, 1.799798943364716e+00, 1.201481788845826e+01, 3.944642954430362e-01, -3.393316648685535e+00, -1.125479493791046e+00, 4.496664294321684e+01, 1.044975956772949e+01, 2.962926961689870e+01, 1.752222641214820e+00, 9.761028806893027e+00, -2.246653126787204e+01, 5.216873225979822e+00, 4.436039594925595e+00, -7.646466652931585e+00, -6.398515915308005e+00, 1.822152826192034e+01, 1.457039748475902e+01, -1.058360890902776e-03, 1.102493255256641e-01, 4.550370388693200e+01, 1.360207703920614e+01, 5.399743041105070e+00, -9.072541226663968e-01, -7.896855178151351e+00, -8.628597901228204e+00, -1.468661988208797e+00, 4.123768865004592e+00, 2.428010789417097e+00, 6.084054785354079e+00, 3.550838245981626e+00, -4.526324384693230e-02, 5.297537106351397e-01, -2.003093129393400e+01, 1.995864550456237e+02, 1.196393094706631e+02, -1.497045323915656e+01, -1.091683477368337e+02, -7.339915688631166e+00, 9.394494029239331e+01, 4.479810158322586e+01, 5.620062490124006e+01, -6.049394011131499e+01, 3.672488145270482e+01, -6.161839746305073e+01, -8.599747490872746e+00, -1.314902197584978e+01, -1.863139074640374e+00, -3.727631399061805e-01, 5.473761154514389e+00, -5.216956467213134e+01, 8.401963029442552e+00, -8.410531446739878e+00, 1.995668933344860e+00, -7.227950532698583e+00, 1.190587428572554e+01, -4.408267894297919e+00, -1.082396670083429e+01, 2.872562937165314e+00, 6.614228224390675e+00, 6.924248536730573e+00, 6.350186248575900e-01, 2.339266592893394e-01, -2.332463000928254e+01, 1.058626759349496e+01, -2.629811870997226e-01, -6.671006835116466e-01, -3.554123220667064e+00, -2.065010971078055e+00, 1.329780188251401e+00, -3.866318889739650e-01, 4.314707192868516e+00, 3.582998880336482e+00, -4.521871875174422e+00, -6.703049071158456e-01, 9.081388999730492e-01, -4.504679580451126e-01, -1.721181865971041e+02, -6.700198478655153e+02, 9.279429771941059e+02, 3.383892289824823e+02, 6.884815993307458e+02, -1.385935125532325e+02, -1.675197944034664e+02, 1.435504319371530e+03, 9.165393470495930e+01, 6.395278078108716e+02, -3.082487322744427e+02, -2.574659019043442e+02, -8.222489207516912e+02, -7.909498900288966e+02, -1.005356663585350e+02, 1.008017856959385e+02, 1.830180614757481e+02, -1.206995903218223e+02, -2.262436318020854e+02, 3.332249500709086e+01, 7.868104884300774e+01, -2.650549122741961e+02, -1.027570853554864e+02, -1.726464051194531e+02, 9.689401809747206e+01, -8.745362443981545e-01, 2.323558020350690e+02, 1.757712165827858e+02, 3.831792280739485e+00, -4.005623894855159e+01, -2.425027384445702e+02, -5.787659619758745e+01, -1.262833282832872e+00, 4.272966106695195e+01, -5.162039125710029e+01, -5.041893015305551e+01, 1.489612825071687e+01, -1.504794132977691e+01, -3.506215129576669e+01, 2.613675621788547e+01, -6.603475080253739e+01, -2.940780335087893e+01, 1.547488291668867e+01, 1.272556142557754e-01, 1.743040282743523e+01, -2.945118287235314e+01, 8.085260224979958e+02, -1.222140225511359e+03, -1.668847673877485e+03, -7.270327925027473e+02, -9.211447653938365e+01, 9.374711759624078e+01, -6.880509595547336e+01, -2.940631481880013e+02, -1.735085457318297e+01, -1.858779644075096e+02, 2.301642541582791e+02, 4.797454723335330e+00, 1.344616486515058e+02, 4.159654108260406e+01, -1.852921582766963e+02, 6.118819499497567e+02, 6.150745320027995e+01, 1.089426603465410e+02, -2.022906787028680e+00, -5.882047656507940e+00, -7.721064413401785e+01, -1.897667360079821e+01, 4.080673981685877e+01, 6.779453703485426e+01, 2.332978848259915e+00, -1.175936865164632e+01, 3.224486388781310e+01, 2.596435586031213e+01, -6.679777853975422e+00, -2.207487018474336e+02, -4.838539518104643e+01, -1.367533755571610e+00, 2.219385974043574e+01, -1.888151799002921e+01, 4.822954933771170e+00, 3.387078937561039e+01, -6.644024987824458e+00, -4.039308633040942e+01, -1.517031916761301e+00, 7.384580191811971e+00, -2.754413598793083e+01, 8.851863290689710e+00, 1.052946848101777e-01, 2.617918243368930e+01, 9.344885618324014e+00, -2.877377180311431e+01, 1.276855711662936e+02, -5.162215182031197e+02, -8.819069666094433e+01, -9.795644628444025e+01, 4.071212361875535e+02, 5.159662593101413e+02, -1.851481865759612e+02, -3.436365900059300e+01, 5.852009343107384e+02, -1.506345512291516e+02, -3.390714523344502e+02, -3.040160841568316e+02, 8.676562065068212e+01, -2.687186704321343e+01, 9.814621457430094e+01, 4.650845424220747e+02, -5.729598898570850e+01, -1.211837855876795e+02, -1.661223616137834e+01, -2.514472645743761e+01, 3.930780661443419e+01, -4.807471918382147e-01, -5.353262663141704e+01, 8.217608739064983e+01, 1.188370132325827e+02, 8.708328810245476e+01, 2.407225873688054e+01, 2.045073220897956e-01, 2.062205497857891e+01, -8.695198593324912e+01, 6.640412203940603e+01, 4.478247929638530e+00, -1.290992261467900e+01, 8.529748610110750e-01, -1.646138704163640e+01, -2.028894615291365e+01, -2.705908438916185e+01, -3.632780048189036e+01, -4.586675312512088e+01, -3.826982943841738e+00, -1.237956776716460e+01, -1.857831780801652e+00, -3.542995478451313e+00, 1.575151402137888e+01, -4.677275700552753e+00, 1.569777686826219e+00, 1.061341276890795e+02, -7.925067118492900e+01, -9.284827392771952e+01, -1.388209204853473e+01, 4.970040044283544e+02, 8.908625318503928e+01, 1.863029432227540e+00, -3.125196954747270e+02, -2.038690776363304e+02, -1.496739678060575e+02, -5.449567130182374e+01, -2.231497596499763e+02, 1.105394925127027e+02, 3.064151207606369e+02, -5.868459559162250e+00, -1.597784718110880e+01, -5.916615779570994e+01, 3.412110979699342e+01, -6.051704609969134e+01, 4.210442174651910e+01, -5.087452577369523e+01, 8.282982585813714e+01, 4.218235699366499e+01, 1.915992166805625e+01, -8.523309519117136e+00, -1.861884094101233e+01, -6.827069314459181e+00, -2.759705603441526e+01, -3.987430172038645e+00, 7.795127367867586e-01, 8.231316913924837e+01, 1.809448310934921e+00, -2.263365638419720e+01, 1.635312697757483e+01, 3.109873767268049e+01, -6.615625894279504e+00, 3.429364519371092e+00, 8.258153377909764e+00, 1.380499899863740e+01, 1.341539926541081e+01, -1.176774887804138e+01, -6.469122049829171e+00, -1.059534726402828e+00, 3.279471819199608e+00, -6.383928956742049e+00, -3.789364363624374e+00, -1.137511432798822e+00, -1.263536801534496e-01, 1.871901127577942e+01, 3.496300323217529e+02, 2.861151736952516e+02, 1.445507706095372e+02, 3.439450607853739e+02, -2.838336202723332e+02, -2.848382546944908e+02, -2.707938301453275e+02, -7.101281107021056e+01, -2.442531247034632e+01, 3.962820008792336e+02, -1.774647302337072e+02, 2.057159902247142e+02, 1.156449418226644e+02, -5.715191079188557e+00, -1.857933739396544e+01, -4.449195084090468e+01, 8.625130478377910e+01, 9.462859805246552e+01, -3.886251478677667e+01, 4.735110198602666e+00, 4.605777499322254e+00, 1.038609592680669e+00, -5.688257491513320e+01, -5.097723016447480e+01, 3.931837105565982e+01, -1.026059602672358e+01, 5.668445193927067e+00, -1.813774165864789e+00, 2.606444464549270e+00, -1.069455552169154e+01, -8.453071451107822e+01, -4.279774314436715e+01, 1.697941707288576e+01, 3.304978945999846e+01, 2.091269020171620e+01, 2.254827370879333e+01, 3.349137375197236e+01, 1.766165206057458e+01, 7.387917394665616e+00, -1.096874824999809e+01, -1.791496634471283e+01, -2.838143488338948e+00, 1.513486722517639e+00, 2.904101724183661e+01, 3.135819995090467e+01, 1.952587707219205e+00, -1.191590008249700e+01, -5.639796320027285e+00, -1.279435288814531e+01, 4.379090461360300e+02, 5.761551569476165e+01, 2.230658402788475e+02, 8.315288652855112e+01, -1.459746058795474e+02, -4.049797438811565e+02, -2.569025540655381e+02, -8.460079421517958e+01, -8.087860102202949e+01, -5.726281621462646e+01, -8.039067152729329e+01, 1.278508505033588e+01, 7.091356050076547e+01, -4.130368385264024e+00, 1.582519228205124e+01, -1.376600678233812e+02, -2.953179006878996e+01, 1.747461472700698e+01, -2.261139682116864e+01, 1.251750192505281e+01, 4.979887115404495e+01, -5.752775037149515e+00, 1.000249633110100e+01, -4.530127503411191e+01, -1.097503891553072e+01, 2.559672796081862e+01, 8.268478210450489e-01, -2.581732214227237e+00, -6.790875785257942e-01, -5.237536455134357e+01, -3.340091359831575e+01, -2.009746192366586e+01, 3.124467681019239e+01, 1.731948851681299e+01, 4.740978144389972e+00, 2.163995157213258e+00, 3.076233913727841e+00, 2.264262319773470e+01, 8.324679627668198e+00, -1.468209657333080e+01, 1.227860130109397e-01, -5.707321204407078e-01, 1.513718374124301e-01, 4.586029999545826e+01, 1.764079018859428e+01, 1.410634665123384e+01, -8.088433605099222e+00, -1.161911837458937e+01, -8.880238749474969e-01, 1.040208400750195e+02, 4.964318744817005e+02, -3.497827340916692e+02, -1.406913383891615e+02, 5.076806051102964e+02, -2.390007621066100e+02, -9.619542145722245e+01, -1.461018881183148e+02, 3.892021010321000e+01, 1.346491678942515e+02, -2.876019674126427e+02, -1.034601579743251e+02, 6.546233683516510e+01, 2.871476777624227e+02, -2.990808932480032e+00, 5.657643157347703e+00, -9.108346980150142e+01, -6.667191826873093e+00, -1.058176015635637e+02, 4.359740870800115e+01, 4.183483325606047e-01, 6.097346485792605e+01, 9.077370801762230e+00, -1.996776634918337e+01, 4.839292767863959e+01, -7.626924710649182e+00, -2.425155796725836e+01, -4.828643317112950e+01, -4.605643279372472e+00, 7.555375369761133e+00, 2.169877828871551e+01, 3.022224997431743e+01, -5.770408065566527e+00, 2.234288626219599e+01, 2.008264663676098e+01, -4.356735454571891e+00, -4.724896258397719e+00, -4.672191498411058e+00, 3.755880081727970e+00, 6.687679194587113e+00, -1.076063232542853e+01, 3.308155218811981e+00, -3.422964055285113e-01, -3.428135716694365e+00, -5.071273209775962e+00, 3.914969527383669e-01, 1.540481371622155e+01, -1.028630540850422e+01, -1.113147127606939e+01, 5.472401681152840e+00, 3.247238134861288e+00, -9.644135086526673e+01, -1.121584209446051e+02, -1.722042086397255e+02, 1.567439795235171e+02, 4.168864678702969e+02, -2.180118895212289e+02, -1.616025379464221e+02, -8.536995507721622e+00, 7.658480741779994e+01, -4.792716645252818e+01, -1.115130809413595e+02, -6.161627414087020e+01, 6.861667300650203e+01, 9.977738482615059e+01, 8.841198502515434e+00, 5.929767922076242e+00, -3.137828135865589e+01, -2.719665576798513e+01, 1.238956357022919e+01, 3.172743053001247e+01, 1.000033788063221e+01, -3.172378600921924e+01, 2.247857681574305e+00, 1.070041760130409e+01, -2.846817376737174e+01, -3.193730143523656e+01, 1.566413371768244e+01, 2.354583055548513e+01, -2.345838995905114e+00, 2.168850181953934e+00, -2.452057719337397e+01, 2.806533988061272e+01, -2.551536163254843e+01, -2.622335919479539e-01, 8.000179432817625e+00, 1.225611511164294e+01, 1.388475211108345e+00, 3.690864886999358e+00, 2.245642210868081e+01, 2.209020672894348e+01, -1.290993100654109e+01, -8.820071419176790e+00, -2.314918401023723e+00, -2.112837810780488e-01, 2.349968477415270e+01, -6.425918899369480e+00, 1.977187686628462e+01, 4.343681912148514e+00, -1.299471575012034e+01, -3.721730655209551e+00, 5.822418997439267e+00, 5.200817025444276e-01, 3.523773021663840e+01, -2.698575415953742e+02, -1.357001684776437e+02, 7.073076904233641e+02, 4.385610908174761e+02, -2.385431262670662e+02, 2.722191784059648e+01, -4.255891031929293e+01, -1.388942080578068e+02, -2.266819823521039e+02, 7.588172930382105e+01, 4.078463175185520e+01, 6.430170488328640e+01, 1.936120974731879e+02, 1.386232884428430e+01, 2.891387683012056e+01, 7.262934339149149e+01, -1.616117850527629e+02, -3.771097987635152e+01, 6.321287081078128e+01, 1.996346431827635e+01, 1.388397868799741e+01, 2.647876146947765e+01, 5.660081585763252e+01, -2.406832505352180e+01, -1.008154648477478e+01, 2.615797344118338e+01, -8.954902094022509e+00, 3.963173115780426e+00, 3.920323785427608e+00, -4.847160676155440e+01, 9.353926938821239e+00, -9.412511771575032e+00, -1.226287617230286e-01, 1.065254109232086e+01, 5.706937933887504e+00, 5.954728164678158e+00, 5.023804203942379e+00, 2.269269444118719e+01, 9.592708155610598e+00, -6.927240890051991e+00, 5.052781124985324e+00, 4.137840826436773e-01, -1.736073616053490e+00, 2.210713839364209e+01, 1.936157123845503e+01, 1.641108911913332e+01, -7.820256176457997e-02, -9.220640079440676e+00, -9.133875607042601e+00, -5.694799576136338e+00, -7.341165899489906e+00, -5.976715606982244e+00, -3.514839538965291e+01, 3.360069905976180e+02, 7.370828286464310e+01, 3.437859422689411e+02, 1.898009033653750e+02, -1.593260319438710e+02, -1.763062709019778e+02, 1.532333807474647e+02, -8.339163078411903e+01, -3.815731012279157e+02, 2.929221241037623e+01, 2.874143003944022e+01, -7.183339054661924e+01, -1.022265653418541e+02, -6.522426257469264e+00, -2.965362268086796e+01, -1.489079646986598e+00, -4.477298215373096e+01, -1.821850617116631e+01, 3.273689765773826e+01, -1.420612999757506e+01, -3.068253158478462e+01, -6.436663372899437e-02, 7.367951313071016e+01, -1.319232588959031e+01, 5.899920113063675e+00, 3.027821303278395e+00, 1.354399065863229e+00, 5.164643680131030e+00, -6.323348747163751e+00, 1.250822238578180e+01, 3.244695119717390e+00, -8.893246032994544e+00, -1.562882331915572e+01, 1.796894239096779e+01, -9.919255244208380e-01, -1.758327285541412e-01, -2.274417263881536e-01, 4.337502224791202e+00, 3.208843256835586e+00, 3.070068473247686e+00, 4.775160482406570e+00, 1.385374428252687e+00, -1.891230055913443e+00, -1.908329808417149e+01, 1.628695064084063e+00, 2.331052169852468e+01, 2.632633102049354e-01, -1.077499747415537e+01, 2.182904747404769e-01, -6.077703518530849e+00, -6.709640128336371e+00, -3.043210064258686e+00, -3.312768751989461e+00, 2.538832035497155e+01, -2.845932873795747e+01, -3.267529886921364e+02, -1.514294112674857e+02, -3.175488564522853e+02, 8.904958234684078e+01, 3.416979170475279e+01, -9.919835825743444e+01, 3.238623261218645e+01, 1.395291875525681e+02, -4.768276943076024e+01, 8.859105443320765e+01, 7.986171709806413e+01, 6.990072683499427e+01, -1.355750407013366e+01, 4.015088747231079e+00, 2.013558000919873e+01, 5.934341693672301e+01, 2.834160760800503e+01, 2.191224639982768e+01, 5.545863283367569e+00, -3.265444776701239e+01, -2.161178696458199e+01, 4.506640597498015e+00, 9.800314613225209e+00, -1.714134129797625e+01, -1.208144854961902e+01, -1.882920691384699e+01, 2.262020853396364e+00, -1.002439568139970e+00, -4.222767306332038e+00, 2.776921071234072e+00, -2.326640862084001e-01, -1.585176268992284e+01, -2.153714498829600e+01, 7.872396791910884e+00, -4.355779885659087e+00, -1.017573185617117e+01, -7.525511308104828e+00, 3.914223304272840e+00, -7.383620621621828e+00, 1.502560777655527e+00, 1.062157812542545e+00, -6.347378598617831e-02, 2.757182822314725e+01, -8.759857962612649e+00, -3.569653653976310e+00, 1.013052395449361e+01, 1.508773421455461e+01, 8.788485776832644e+00, 9.346969992357861e+00, 9.735490101997563e+00, 1.512922747703059e+00, -9.967503916306961e-01, 3.776450214254738e+00, -1.046856683537506e+00, -2.347647954944486e+02, -3.981212727664558e+02, 1.301802748715467e+02, -9.363665949095017e+01, -5.884569738496246e+01, 2.106736819096580e+02, -7.799073674330279e+01, 3.695403586056820e+01, 7.652823594115122e+01, -1.685272565063997e+01, 1.138403326539316e+02, 6.558083256218431e+01, 7.424387403384967e+00, -6.666510240856438e+00, 3.899563045770300e+01, 1.080575116189475e+02, 9.151383635107937e+00, -8.883718504549837e+00, 1.312599090229784e+00, -3.506045697589713e+01, 3.513479114185420e+00, -4.513647209570127e+01, -8.472276539903481e-01, 1.511600093535191e+01, -1.226948985823975e+01, 1.250437671982800e+01, 1.118466982025871e-01, -2.401026857772662e+00, 2.142081533796314e+00, -1.594549761730051e+01, -6.460238052368258e+00, -6.939991962612941e+00, 4.460762990733524e+00, -3.124433073492913e+00, 7.027963211749094e+00, 1.246759296408670e+00, -2.077334460452299e-01, -5.627979406703163e+00, -3.398585587902340e+00, -5.339440962031780e+00, -4.778542414806687e+00, -7.727023537038739e-01, -1.104086577231492e+00, 4.356161769072577e+00, 9.819323730309172e+00, 5.686508110661666e+00, 3.268707399911039e+00, 1.086160682745781e+01, 1.078051759040896e+00, 7.916035566570373e-01, 1.567950215865717e+00, 3.671341300827042e-01, -1.365470786921100e+00, 1.289209309251124e+00, 7.531437826586024e-01, 2.852575714604851e+00, 4.462970483543768e+02, 3.162164017444804e+02, 7.050210506546814e+01, 7.965648216314074e+01, -2.079842479638203e+02, -2.549249740975561e+02, -2.521361379853132e+02, 2.297028739936767e+01, -1.311746279076293e+02, -7.851271298924949e+01, -1.335244136729817e+02, 9.860931012595192e+01, 8.837862965496349e+01, -6.216329654243527e+00, -2.384835045886289e+01, 7.645280690619998e+01, -2.109496447610994e+01, 9.782151465723862e+00, 2.725885101479486e+01, 2.590435294488402e+01, 3.004933142074432e+00, -4.066058622142931e+00, 1.242021334597397e+01, -8.379330828404942e+00, 5.845214445287064e+00, -1.052665054982596e+01, -1.788371516696862e+01, -8.213094651516463e-01, -1.587716380927737e+00, 3.745580265220275e+00, 1.506501670167004e+01, -1.504236386874315e+00, 5.281496849868684e+00, 2.058485224269531e-01, 4.304660812187445e+00, -1.328200317596381e+00, 1.715841664029601e+00, 7.636729206359534e-01, 2.465603453966155e+00, -3.824050596771620e+00, -2.955847075484409e+00, 3.584856978427001e-02, 7.399209328209165e-01, -2.418764214349516e+01, -1.550095393275027e+01, -4.755598230004916e+00, -6.082846693078219e+00, -2.058404107824240e-01, 1.622710550818194e+00, -5.055288780228727e-01, 1.681858156464680e-01, 1.060823498795128e+00, -1.431654848997770e+00, -2.001904752423267e+00, 1.538352508391607e-01, -4.920959172637492e-01, -1.308205840500557e+01, 1.950411822017068e+02, -1.756787334563758e+02, 3.887880021328387e+01, -1.635665069471845e+01, -1.381142776468258e+01, -5.015826544053963e+01, 1.934847312162347e+01, -2.642647799538021e+01, -3.738841883845930e+01, 4.332477796464143e+01, -6.063405292869990e+01, -6.675514731010458e+01, -3.431898129692520e+01, -1.663006503586557e+00, -1.176140258767731e+01, 2.968868625575850e+01, -1.581079038846820e+01, 6.232365891433878e+00, 9.256793272166451e+00, 2.111171402848548e+01, 1.574923523368042e+01, -1.682265313295204e+01, 7.680772610738416e+00, -1.168259198143049e+00, -2.364637266394137e+00, 6.288198213535280e+00, -4.293808647242541e+00, 4.232360871684097e-01, 2.196305376428861e+00, -3.440684704169188e+00, 1.142180862485980e+01, 4.877726793712230e+00, 5.328200608464535e+00, 1.395365167777001e+00, -5.255835744081787e-03, 6.293922625632891e+00, -3.311417131176235e+00, 2.798897579245899e+00, 1.500543986270647e+00, -1.786455960110848e+00, 3.004480328424502e+00, 6.230055757586089e-01, 4.882012539373592e-02, 1.279737241700751e+01, -5.636779929401908e+00, 4.374386801421330e+00, -2.964199772235256e+00, -9.123471618016475e-02, 3.765536639911040e-01, 1.492659642221752e+00, -8.312392854398092e-01, -3.098648583948247e+00, -1.833088106483430e+00, 2.773376669522887e+00, 5.151730454468518e-01, 4.598286428501236e-01, -4.138837543099690e-01, -5.522086680634337e+01, 1.018309507963965e+03, -1.678678113363020e+03, -3.774489530061133e+02, -1.122716628290779e+03, -2.418729067037469e+01, 1.463740412415458e+02, -1.674070167362492e+03, -9.288675292494762e+02, -8.103836573076709e+02, 5.379722084411748e+01, 5.901337040229328e+02, -4.847548099999450e+02, 2.173335833891622e+02, -9.531308915899864e+01, -2.484614993442949e+02, 5.643894450630855e+02, -3.510041911166270e+01, 2.798934273087806e+02, -1.175310576823026e+01, -1.324546146965586e+02, 3.876723248821550e+02, 2.624590913004120e+02, 2.110133804703332e+02, -9.548426777681096e+00, -1.683290749624438e+02, 1.595015297457248e+02, -3.213790124170903e+01, -1.741022508109669e+01, 1.084558111781454e+02, -1.321367199328694e+02, 1.023993377713861e+02, -2.790474463048985e+01, -3.146102281485566e+01, 5.310983665134255e+01, -5.779047674729294e+01, -6.520068780604527e+01, -3.474978708290860e+01, -1.562187107743803e+01, 2.417469762348663e+01, -3.453925425332719e+01, -5.014075201739028e+00, -3.993841434482250e+01, -4.445389957592786e+01, 6.894325744179855e+01, -5.569468920529181e+01, 1.554218737297148e+01, 1.075721625662018e+01, -3.410669801455228e+01, -6.004526573702719e+00, 7.065056652026668e+00, -1.634407083622860e+01, -5.774342551827169e+00, -6.139074307163821e+00, 9.371447432592056e+00, 1.031110263131565e+01, 1.807352338296757e+01, 5.711542603335537e+00, -1.082182180781328e+01, -9.482670923064063e+01, -6.451548439027071e+02, 6.827669434864428e+02, 3.084824399500056e+02, -3.286993464038160e+02, 2.164740588193273e+02, 3.047594277505106e+02, -5.963051829807753e+02, -4.274455467049906e+02, -6.556636120373676e+01, -4.439923027110286e+02, -7.286991416123288e+01, -2.342358693041052e+02, -2.685669652947539e+02, -1.575481215436368e+02, 2.108814177623029e+02, -2.916927946884512e+02, 1.575442279544975e+01, 3.374254565762502e+01, 1.465487270579157e+01, -1.283729291986646e+02, 1.585062387889428e+02, 1.032763800833092e+02, -2.815438139863637e+01, 9.160578243111827e+01, -4.034647556120740e+01, 7.300932501786781e+01, 6.256051098027870e+01, -2.764511199074249e+01, 8.711758725675374e+00, 1.384814817590731e+02, 6.150013089422370e+01, -2.040540038192450e+01, -2.757916366545942e+01, 5.850430336832625e+01, -2.107284036316672e+01, -3.293626311947650e+01, 1.252900970657101e+01, -2.043864995737081e+01, 5.052372030195580e+00, -1.572933748518894e+01, -7.895840630324349e+00, 1.647301684534265e+01, -9.839081997670432e+00, -4.892813186402211e+01, -6.484804911553812e+01, 2.174571223550859e+01, 2.768315923458496e+01, -2.709281615744958e+01, -1.008005913292541e+00, 1.622897901609503e+00, -6.120654840419086e+00, -5.182507037765537e+00, -5.015806388884139e+00, 1.089003056816022e+01, 5.609260815217681e+00, 5.480640997200522e-01, 2.409174330898405e+00, 1.439418562042526e+01, 5.187272880716193e+00, -1.962688689642116e+02, -5.020062048660441e+01, -4.225909237039923e+02, 3.483148604065632e+02, 5.996021702276670e+01, -2.699621897202927e+02, 1.483927560706540e+02, -8.480309913256669e+01, -4.871925657022937e+02, -4.841966452456668e+02, -4.682472889458576e+02, 1.472676122217586e+02, -3.384929550476669e+02, -5.135775392784809e+02, -4.046235801094808e+00, -6.387355623249016e+01, 1.394954046739457e+02, -6.564675725209888e+01, 1.079126199560177e+02, -3.740560916933773e+00, -1.692425978110031e+02, -1.906679744811954e+01, 9.230969451159596e+01, 7.945889475155603e+01, 1.503486691952564e+02, 6.581719526162844e+00, 7.875756689937263e+01, 8.153889373206682e+01, 1.692563299695094e+01, 2.148253805261405e+01, -7.519856970296269e+01, -1.634089727983022e+01, -2.757107729056416e+01, 1.078601952577894e+01, 4.549864052429510e+01, -2.147792302672022e+00, -1.806624040243982e+01, -4.842079442336384e+00, -5.050167284676930e+01, -7.366252478431070e+00, -3.214405889940911e+01, -1.504250479824584e+01, 1.316080615284757e+00, -9.186376211511167e+00, 4.188762134434043e+01, 1.255249099107756e+01, -9.150657862047296e+00, 1.358792608036213e+01, 4.236181535113291e+00, 5.786188214294442e+00, 7.258273859662114e+00, -4.340822715107858e+00, 1.332698652002793e+01, -6.170959340893538e+00, 1.725796265303803e+01, 4.127538923788989e+00, -2.078439378463247e-01, 3.534250453405352e+00, -9.509899870161632e+00, -2.685568072543208e+00, 6.643042170050376e-01, 1.271522841065937e+02, -1.232387586939189e+02, 8.314894733046295e+01, 1.409463572596052e+02, 6.452349521935265e+01, 9.144854470147315e+00, -7.556190308713896e+01, 7.504731490936288e+02, 4.354993888224819e+02, -2.989319263215973e+02, -1.379350563177145e+02, -3.135237768249351e+02, 4.923267219980994e+00, -4.167600407940944e+02, 7.074481066449626e+00, 2.298230752613351e+01, 1.092751024915380e+01, -5.617436656636674e+01, -1.085776344123889e+02, -6.132553266061172e+01, 6.769804515274984e+01, -1.677146764741631e+02, -5.711370730981424e+01, 6.724603797626052e+01, 4.240876804449743e+01, 1.005752536129362e+02, 1.130677846104537e+01, 4.256431736568776e+01, 1.160500081370807e+01, -1.592051078514220e+01, -4.238809962070945e+01, 2.204175612855657e+01, 7.350385519588792e+01, -4.784509702631770e+00, -3.178259128784494e+01, 2.023331249175558e+01, -4.259591238673908e-01, -1.203040583484917e+01, 4.256895134362879e-01, -8.254091214563399e+00, -1.295279503388054e+01, 7.227210699900457e+00, 1.093779605417932e+01, -5.183193764099782e+00, -2.881342189968343e+00, -4.702490475983076e+00, -2.653892395193251e+01, 2.365196901854782e+00, 6.880342684523263e+00, 2.219281822998312e+00, 6.617177802209934e+00, 1.082277115458029e+00, -3.242557698162325e+00, -2.724597075412534e+00, 1.491224504582299e+00, -8.470647819274911e+00, -2.263712703767820e+00, 7.274761492660514e-01, -4.810811577674966e+00, -1.646415259123821e+00, -1.477207158440485e+00, 1.323303465835295e-01, 9.806896501070277e+01, -4.857467790177769e+02, 3.807185068438855e+01, -1.926253544699268e+02, 5.220240726148145e+01, 5.056436453343888e+01, -1.463224600267007e+02, 3.652352903092888e+02, 3.493759858001375e+02, 2.014817608182518e+02, -6.672306691847267e+01, -1.166754516561227e+02, 1.687239524605834e+02, -5.724370425260275e+00, 1.510815476492590e+01, 7.371388340418112e+01, -7.230638036077954e+01, 4.643968275107234e+01, -8.334182989935094e+01, -1.282993174344376e+01, 5.054028437335748e+01, -6.814601984984141e+01, -5.163701884997548e+01, 1.340814469759859e+00, 9.565242740351861e+00, 4.194181138056546e+01, -4.965346895527719e+01, -8.974171818745074e+00, 1.047094424475300e+01, -2.275794346604150e+01, 2.484091708273088e+01, -1.036078325248639e+01, 1.654253525606280e+01, 1.317062806252645e+01, -2.353987171764479e+01, 7.032190175749796e+00, -1.858909581101474e+00, -9.907804074464885e+00, -1.218988850875472e+00, -1.393044391932880e+01, 4.696485387799331e+00, 7.561912860563955e+00, 2.996789693232925e+00, -2.815364962950412e-01, -1.634819192290472e+01, 8.008633350082020e+00, -1.554542193993028e+00, -3.162303294120854e+00, 5.956870548129231e+00, -9.151657585452104e-01, 5.444397302777045e-01, 5.485607532793735e+00, 5.440359101108815e+00, 6.462324650668867e+00, -3.664559567713928e+00, -5.696711526533202e+00, -5.692797501494011e-01, -1.289780688280740e+00, -3.889091384711896e-02, 1.238281635732198e+00, -1.307128504690610e+01, 5.253749910633847e+00, 3.271823392710991e-01, 1.264097742138921e+02, -4.044959346912836e+02, -9.328655962118974e+01, 6.049935807486227e+01, 2.359716135863447e+02, 3.595995371126014e+02, -1.362779049821541e+01, 2.486654740054147e+02, -4.352330255453428e+01, 2.743989496969952e+01, 2.750405694856362e+02, -1.547093056560013e+02, 5.759082265110407e+01, -6.795274335487478e+00, 8.370124798368922e+00, 3.338983336081013e+00, 3.739594262294820e+01, -2.852751088375272e+01, -8.353210442032891e+01, -1.030808266217858e+02, 2.816516420916869e+01, -5.546394199506926e+01, 6.854484094192637e+01, 5.424462951283263e+00, -3.170744779206261e+01, 4.754096098250112e+01, -1.519075079446474e+01, -7.420351545994135e+00, -6.756056387616955e-01, -3.657171778404347e+00, 1.303106630847761e+01, 1.835511679775927e+01, 2.581454517049712e+01, 1.209857381110017e+01, -1.425626256487431e+01, 2.275445461768496e+00, -1.965897521741287e+01, -1.132607159447498e+00, 3.084672926948269e+00, -5.579424939786980e+00, 5.149509738887767e+00, -1.004733953331309e-01, -4.666032397820435e-01, 2.393275665351406e-01, -1.552814908733870e+01, -9.341125708006905e+00, -1.857619315240450e+01, 1.687421584247744e+00, 9.343910578476567e+00, -3.419624100720917e-01, 1.800853340073690e+00, 6.626328451560680e-02, 1.564912189128394e+00, -2.084115827525204e+00, -4.248234685309328e+00, -1.055684472405017e+00, 2.753768808255751e-01, 5.137734605997719e-01, -6.081930319474389e+00, 6.537975439977454e+00, -3.032469843846448e-01, -1.903890094295394e+00, 5.269847830090080e-01, -2.720905186650271e-02, 3.807630312860206e+01, 9.581956552351207e+01, -2.386971283944686e+01, 2.576790692308463e+02, -2.734667811762007e+02, 2.390596915759771e+02, 1.246905853643484e+02, 2.289269190598802e+02, -1.245484761474247e+02, -2.954503192732412e+02, 3.856819902803169e+00, 1.398979343625938e+00, -9.964465864030902e+01, -2.515826548023313e+02, 5.564207349636696e+00, -9.095295051934660e+01, 9.191909972649403e+01, -6.612388549269505e+01, 4.471497707056221e+01, -8.158076502770503e+01, -4.495797400597574e+01, -5.706705985615505e+01, 4.660058103323687e+01, 5.081492739670277e+01, 1.493522055213897e+01, 1.788392420743932e+01, 2.572940358704858e+01, 4.291504207560744e+01, 4.780108667602017e-01, 1.287836122923530e+01, -5.078741242254326e+01, 1.325039390151450e+01, 1.507589990425872e+00, 3.014072803149280e+00, 4.887729078305624e+00, 2.419956442612047e+00, -1.266308276684533e+01, 1.420038455597040e+00, -1.121229078555819e+01, -1.276363530371724e+00, -2.909072538795468e+00, -8.977461469705805e+00, 1.293784209975460e+00, -3.541035432072398e+00, 1.876400796893554e+01, -1.448630263765046e+01, -1.357237287409790e+01, 6.564571295067873e+00, 6.342702645247254e-02, -1.057604593650662e+00, 2.607430064726095e+00, -4.132014133717733e+00, 6.828948606140706e+00, 1.153025032954165e+00, -1.012185599909657e+00, 1.768089326702544e+00, -2.265092651903392e-01, -6.707195831681255e-01, -1.543813134728483e+01, 7.051934980393519e+00, 3.446346530861057e-01, -5.941974577990021e+00, 6.485325894854460e-01, -2.878776082192531e-01, -1.171277793393510e+00, 1.125611905175842e+02, -1.512582915865797e+02, 5.012988016702739e+01, 1.596475565673258e+02, -2.517376495788588e+02, 1.877488527256753e+01, -2.632546008047250e+02, 1.480966683654931e+02, -3.441536450064535e+01, -8.238330573790751e+01, 1.033261992291166e+01, 1.119059631415502e+02, -9.245691633669659e+01, -1.304530607568043e+02, 8.010040866393478e+00, 4.860475313292586e+01, 2.105256744568879e+01, -5.828717355311689e+01, 2.287166083464850e+01, 1.203447728983416e+01, 8.119173179898927e+01, -2.467457638892895e+01, 2.576738868381504e+01, 6.955481361245664e+00, 3.222525017184831e+01, -2.555424297664046e+01, 9.973976282211362e+00, 4.947917780722167e+00, -6.878814684370941e+00, -6.705128650482269e+00, 7.249845776937642e+00, 5.465964083133433e+00, -9.566785537924064e+00, -2.006457734481022e+00, -1.414254100400995e+01, 4.037419106646405e+00, -1.015350010548442e+01, 1.345125066001621e+00, -1.660977195250494e+01, 4.547741561826318e+00, -4.357647265542882e-01, 5.677426924618382e-01, -3.301281497127782e+00, 4.246533980140984e-02, -9.845898783604172e+00, -1.989337149564987e+00, -6.041938896859316e+00, 8.539712003483515e-01, 6.614625903067369e+00, -2.493246246036924e-01, 1.320487175166239e+00, -1.417839201665051e+00, 7.124448059071003e+00, -1.199087664081543e+00, -6.226973802501057e-01, 6.027097525971732e-01, 3.778894863574820e-01, 9.757733420421237e-01, -4.952972012691112e-01, 6.787650325669414e+00, 2.785751288181915e+00, -2.041421663504493e+00, -4.217719160832400e+00, -3.578240959786512e-01, -1.573537375193441e-01, -7.435136076080466e-01, -3.492816405431163e+00, 1.307970340032441e+02, -1.092385857992464e+02, -3.641525554453912e+02, -7.765115728765858e+01, 1.781860099487446e+01, -3.648779366158794e+01, 9.439865306221655e+01, -1.106858177946021e+02, 1.467708253269849e+02, -6.478347659448784e+01, -3.495469708670215e+00, -3.343832249086757e+01, -8.299755088536578e+01, 1.288130882938740e+01, -4.199832757854229e+00, -1.048024879176211e+01, 7.202325164855051e+01, -2.982035418830895e+01, 1.118978148960453e+01, -1.346502686113402e+01, -1.016704602455978e+01, 3.122231303070735e+01, -4.364344654352195e+01, 3.355648802986618e+01, -2.282189258001754e+01, 1.385181481361791e+00, -6.037727592166800e+00, -1.083734399093554e+00, -3.862459927087925e+00, 2.093868806304337e+01, 8.538039428171215e-02, 1.242068307671534e+01, -9.165539440484427e+00, 6.820671000999061e+00, 4.894644303930313e-01, -6.458551114789874e+00, 8.934425871422210e+00, -1.816615374980793e+01, 7.709271908100168e+00, -1.066720072816172e+00, 2.557073992215902e+00, -3.192986056403926e+00, 1.383271114709531e+00, -8.802120263126657e+00, -1.351986037724549e+01, -1.278504771444811e+01, 5.792355225680189e+00, 3.086136828891763e-01, 3.062580125009411e+00, 2.685057362443319e+00, -1.851703680051169e+00, 8.371445363133692e+00, -2.574999373423962e+00, 1.692117873858911e+00, -1.582412967545340e+00, 1.272945757227788e+00, 9.249903325938590e-01, -2.143045465363633e+00, 4.854962951705652e+00, -1.405012916556703e+00, 6.968217012243278e-01, -1.597714527650955e-01, 6.604168839375460e-02, -5.525568466871708e-01, -8.223469781117673e-02, -8.887469048471889e-01, 7.644762761461072e+01, -2.327538683268209e+02, -3.824737790176337e+02, -3.111007272997354e+02, -7.712470636415620e+01, 1.510546096319188e+02, 7.430296679358321e+01, -2.589631031158074e+02, -4.263764441872626e+01, 8.681004163180363e+01, -7.115635452805046e+01, -1.055439972336465e+02, -1.700738032678374e+01, 5.366760026302561e+00, 5.556247275933356e-01, 2.963908006875863e+01, 8.776967124724605e+01, 7.472390933462037e+01, -1.957031650113173e+01, -4.983304192823744e+00, 1.086333726771289e+01, 6.822312219150221e+01, 3.425826940546979e+01, -1.476377069574478e+01, 3.545553685397396e+01, 1.013151284181957e+01, 1.132246319373121e+01, 1.920218622893967e+01, -3.336233136701078e+00, 6.830001113692631e+00, -2.605605430517429e+01, -1.335374743966226e+01, 1.190794493583679e+01, -5.649658169322760e+00, -5.617868305164193e+00, -7.392829137435614e+00, -3.898580765777457e+00, 5.634524753232293e+00, -8.554032968804556e+00, -1.429932138661004e+00, -2.135898220565600e+00, -1.067094620286570e+01, -3.921482021301253e+00, -1.835694149739051e-01, 1.974258707273611e+01, -2.018704095951975e+00, -1.219545646898221e+01, 7.489481804775535e+00, 5.561787263648153e+00, 6.648477528809186e-01, 3.271871367899390e+00, -1.004135709218807e+00, 3.740085875882984e+00, 3.981871438208710e+00, -2.939886437479491e-01, 3.409670559157840e+00, 1.332997174795028e+00, 1.740335523321807e-01, -6.756488436001348e+00, 3.661615030367892e+00, 4.348131111487694e+00, -2.393285450368799e+00, -1.652146105969360e+00, 1.994705120413657e+00, 8.546727813894074e-01, 2.505969247453509e+00, 8.678424935562626e-01, -1.294415317470935e+00, -4.613441326458373e+01, 1.948674686232189e+00, 3.206091987652364e+02, 3.168370830518978e+02, -4.646517575011579e+01, -4.488952755694772e+01, -8.237850580812709e+01, 8.910968134782672e+01, -1.244923468993958e+02, -9.847158687044275e+01, 1.507291855669228e+02, 1.246912193201602e+02, -3.521191640220855e+01, -6.034553224993924e+01, -4.067027240079178e+00, -1.711903739858821e+00, -4.221090358165790e+01, -8.083901216749803e+01, 6.896551681286358e+01, -2.173918833966959e+01, 1.745352096054118e+01, 1.358421822255310e+01, 2.343803703317188e+01, 9.938407249528218e-02, -4.647009238891047e+01, -2.926939329480512e+01, 7.263090682128056e-01, 1.723514657509968e+01, 6.519450490302612e+00, -8.414112042644395e-02, 5.998501499417904e+00, 4.339740069420384e+00, -2.462022797543649e+01, 1.101323541224094e+01, -2.233089315401533e+00, -7.207591645417397e+00, 4.168661445874030e-03, 6.931016701204976e-01, 1.361504935606315e+01, 4.607797074260461e+00, 6.468962437890824e-01, -4.877494283432955e+00, 2.047117305569480e+00, -1.489102248297152e+00, -1.126860106026903e+01, 9.370839063966891e+00, 9.968838142054850e+00, -6.340695441213409e+00, -3.711869755187418e+00, -1.011345213248858e+00, -5.159385825934217e+00, -2.496613547289772e+00, -4.130468628686753e+00, -8.079255499431839e-01, -1.517287123542733e+00, 9.325616840254838e-01, -2.550790646500452e+00, 4.368408987441476e-01, -3.844339900570736e-01, -1.291951770633550e+01, -1.132135588872042e+01, 1.712235154815855e+00, -5.585965893995205e-01, 1.211653474431772e+00, 7.057928150900847e-01, -4.249469667415336e-01, 8.507570589609477e-01, 1.421831241411443e-01, -1.681001618543691e-02, -9.428354292710734e+00, 9.465330833894284e+01, 2.732302641734384e+02, -6.278407199510669e+01, 4.660054720076644e+01, 5.654467710900443e+00, -1.331250371241249e+02, -2.877254112821046e+01, -8.322393276354087e+01, 9.122123322185575e+01, 4.556554797337130e+01, 3.729263321993552e+01, -1.310763177624330e+01, 1.013478143166169e+01, 4.135731813967896e+00, -1.640006912263164e+01, -5.258093704419163e+01, 1.416905214385324e+01, 1.537605717888193e+01, 1.728253384276430e+00, 2.943000145309604e+01, 2.111440185274153e+01, 4.480960298103681e+01, -2.354709523679711e+01, -2.277170841026046e+01, -9.817194090552439e+00, -7.877767280385675e+00, 1.489761774408928e+00, 1.550259380512314e+00, -3.305733509437846e+00, 1.479243913135980e+00, -8.663665756602480e+00, -2.206850986394659e+00, -1.884017852808618e+00, -4.374514358009947e+00, -6.240563254785478e+00, -8.818411687954152e+00, 7.574946013883710e-01, 6.246150393643369e+00, -3.119413222720925e-01, 1.552432345042416e+00, 9.289695482683287e-01, 1.303653773225566e+00, -2.133051806320402e-01, 2.019477775798382e+00, 5.562218528841819e+00, 1.585531581040053e-02, -1.906651483072374e+00, -2.403661348269266e+00, 1.061355877139217e-01, 8.195908922374372e-01, 7.546467135180195e-01, -1.984300278747669e+00, 2.105903617996363e+00, -4.271331611870731e-02, 2.513461723672303e-02, 1.323228131031813e+00, 2.538831046802636e-01, -5.458577828810256e+00, -7.830898292721014e+00, -4.116538380042254e+00, 4.448431102750854e+00, 3.237730059428052e+00, 1.044702041677506e-01, -8.257984150574781e-01, -1.692378601190308e+00, 3.543999001160271e-01, -2.171008833614951e+00, 8.664506623442318e-02, -2.604624055613591e-01, 2.660299223832910e+01, 9.644921170477096e+01, -3.979123864752694e+02, -1.426691507713685e+02, -1.690090624498995e+02, -7.108437244452014e+01, -9.689580685187632e+01, -7.217426483167881e+01, 4.328266152684074e+01, 2.309351930405589e+00, 4.834968293497158e+01, 5.520400254922218e+01, 2.143182570866447e+01, -8.870846611241799e+00, 9.405428520026956e-01, -2.269320768645186e+01, -1.033912578780834e+01, -1.952539439363584e+01, -1.219965798690789e+01, -6.220145392572955e+00, 7.649352206012326e-01, -2.247472021779819e+00, -9.442692257415082e+00, 2.461768524361962e+00, -9.433019785852447e-01, 4.389684609464917e+00, -2.455435320867129e+00, 1.524285121866951e+00, 9.540565619345379e-01, -2.112079745940094e+00, 6.775396143376941e+00, 1.850451972441920e+00, -1.737463398950791e+00, 4.131511570653720e+00, -1.097084266510319e+00, -2.607018674994602e+00, -1.740054449484528e+00, -9.431050934507396e-01, -3.171574062621286e+00, -4.517233037769437e+00, 7.382482272131677e-01, 2.085148882096634e+00, 6.814650659114573e-01, 3.266500100775137e-01, -2.361967622443996e+01, -1.123333539354781e+01, -5.122901617348469e+00, -2.182858529734724e+00, 5.240159647490497e-01, -2.952950777573760e-01, -1.544225016923542e-01, -2.428264818676251e-01, 5.816660324459358e-01, -2.271054844426177e+00, 8.106052187415003e-01, -9.848384678203552e-01, -8.966612174322830e-02, 1.951304992709950e-01, 3.082777237535608e+01, 8.985679934497211e+00, 1.683001110083453e+00, -1.991853260454317e+00, -2.129498454569402e-01, -5.061774587412533e-01, -9.006912534848178e-02, 2.977133339486277e-01, -1.298759751099357e+00, 4.017821672568746e+00, -4.832899137439708e-01, -1.106355873427104e+00, 2.870492607736562e-01, -1.931687846076562e+01, -2.952716436717880e+01, 5.492261549696085e-01, 6.776124882091283e+00, 2.705235844305335e+00, 5.739775274678792e+01, -2.814189379174761e+01, -5.242606215311045e+01, -2.734266147148479e+01, 2.578331645571302e+01, 1.555081463160986e+01, 6.107917391311425e+01, -1.876852923092703e+01, 2.699440871325417e+01, -4.724559449565026e+00, -1.933538313484064e+00, 1.396146792458594e+01, 3.160699372706305e-01, 1.066581110924382e+01, -1.530967479706144e+01, -7.591612452461276e+00, -4.218568086462542e+00, 1.220166186737353e+00, -6.178643812064167e-01, -6.822740657917081e+00, -5.724663997599088e+00, 4.271374503922957e+00, -7.621049634976373e-01, -8.307276570645613e-01, 1.588164867710815e+00, -9.450057129495699e+00, 2.888952338862270e+00, -4.440982965482244e+00, -1.330615334526444e+00, 1.243280129943833e+00, 2.571509288407120e+00, 7.690015830606479e-01, -3.077570556168859e-01, 1.298220357020228e+00, 3.331681068822100e-01, -9.562450097437930e-01, -1.443386841971812e+00, -1.403502874368134e-02, -3.604329774361897e-01, 8.775232906244334e+00, 3.193809156659649e+00, 3.896184754191727e+00, 7.206643381533665e-01, -1.193230733933975e+00, -2.002834281904427e-01, -7.122087735736130e-01, 7.705472464381415e-01, 2.258352006717141e-01, 7.239605124034806e-01, 6.271505708702574e-01, 1.025347519620375e+00, -5.923415721747981e-02, -2.693231291287734e-01, -1.016026345923057e+01, 7.707773720818235e-01, -3.243963313960389e+00, -8.945490526738104e-02, -2.595179913420808e-04, -5.456935320983939e-01, 9.254659063835483e-01, -8.865098963489567e-01, -6.654531973799179e-01, -1.342783146469984e+00, -1.001942879315631e-01, -3.249500381508050e-01, -3.367639901985643e-01, 1.559146726857464e-01, 1.157470368354595e+02, -5.247888335518505e+01, 5.892748827354208e+02, -1.636643365938809e+02, -1.928401536510446e+02, 1.195091334631871e+02, 1.624066992264285e+02, 1.559432332719961e+02, -1.321093360119399e+02, 8.402785433225547e+01, 9.651345928386662e+01, 6.899349365370729e+01, 3.448367628335666e+02, 2.453452775104813e+01, -1.267692112597489e+01, 6.659176489039514e+01, -2.488694732516866e+02, 1.080667649288274e+02, 8.051196119502082e+01, -4.658625990746389e+01, -5.988407105729813e+01, -1.924668398127795e+01, 4.224647683349284e+01, -2.512983463437501e+00, -3.965074937172165e+01, -4.013164192192540e+00, -1.370238451702265e+02, -2.132511725062578e+01, 1.108421875151833e+01, -3.424180766745514e+01, 8.104098304467482e+01, -5.532005086292688e+01, -3.580907739110725e+01, 2.649804255934131e+01, 2.410172717649500e+01, 1.038495440235781e+01, -3.570547711069773e+00, 4.967862950329033e+00, 1.942979150649719e+01, -3.591317188576554e+00, 4.641072871155257e+01, 8.996656920470805e+00, 3.713110262898538e+00, 2.338410993828484e+01, -2.977211299600439e+01, 2.654364013515641e+01, 2.749597369748943e+00, -7.856615001302700e+00, -4.386367337432269e+00, 7.592114000369883e-02, 3.237012804495915e+00, 4.306693436003233e+00, -2.209006522258827e+00, 5.555059880807200e+00, -1.915240259629589e+01, -4.416646953939650e+00, 1.888736483167522e+01, -2.217370002847309e+01, 2.242929605185215e+00, -1.207212054042014e+01, -4.047660633709313e+00, 8.745569410977048e+00, 6.288140847504427e+00, 4.447017507997648e+00, 3.237504715964867e+00, 1.914808276029382e+00, 1.759275359513876e+00, -2.698514423193584e+00, 6.043116274185963e+00, 7.802377954229469e-01, -5.526894149159454e+00, 2.828370299233113e+00, 6.572156114123884e-01, 1.510926131610937e+02, 1.451686085667424e+02, -1.946037788005390e+02, -8.323546426460749e+01, 1.541145690697340e+02, -4.719201324462306e+01, 8.203022444648239e+01, -8.039908698989929e+01, 7.338036395881872e+01, 3.851212668326950e+01, 1.829699997663301e+02, -9.062680836969385e-01, 4.771343935540651e+01, 9.083309326307673e+01, 2.762680971671288e+01, -9.216558053731160e+01, 2.080863443263560e+01, 1.574489209266102e+01, -7.620030528623006e+00, -1.296340725199914e+01, -3.497560878787411e+01, 4.188855431150054e+01, -1.858222801626236e+01, 1.238032787839175e+01, -3.673722875585360e+01, 1.612301031227506e+01, -2.649695516763236e+01, -4.166243762611327e+01, -5.828089332161654e+00, 4.292123512018389e+01, -9.511525656480213e+00, -1.364242992391035e+01, -5.849054896131595e+00, 7.791658264676423e+00, 9.270358508928288e+00, -1.133283034622940e+01, 1.603957980186703e+01, -1.757142568487631e+00, 1.526946605995695e+01, -3.478295115948102e-01, 6.663005406541743e+00, 1.235529757655520e+01, -1.248360076185480e+01, -1.239280299646267e+01, 7.758934894922006e+00, 4.995987515411107e+00, -5.069918407664017e-01, -1.282450117497814e+00, -3.705615012998670e+00, 1.537619270038018e+00, -6.363653130412278e+00, 2.277965928069361e+00, -2.100152234940486e+00, 2.248290165590582e+00, -3.191201527716924e+00, -5.489325393508373e+00, 1.605771631127935e+01, 2.332464040853692e+00, -2.692224083465580e+00, -3.003800513120600e+00, 6.577965744132917e+00, -3.990672905884580e+00, -1.336083729496991e+00, -3.379889366340261e+00, 1.609324868281480e+00, -2.468180910818768e+00, 2.081889329903686e+00, 5.587072021173735e-01, 1.660280366822326e+00, 1.132783646412308e+00, 4.148243141922658e+00, -2.816119270263659e+00, -8.155357655147871e-01, 8.735335714298969e-03, 8.579272912846906e+01, 2.407575232501045e+02, 2.607310874426648e+02, -3.086166516463723e+02, -3.494621979152724e+02, 1.729345852982688e+02, -2.092796747584324e+02, 8.350789240336535e+01, 1.396602023640255e+02, -2.964340521370643e+01, 1.886941229521685e+02, 4.423933391520496e+01, 2.566083709917098e+02, 1.922952477741620e+02, -2.826001343128060e+01, -5.927612365310622e+01, -1.219297697445749e+02, 9.318155638733718e+01, 9.477932103886629e+01, -4.237350631947750e+01, 5.991057375359635e+01, -2.549637515122147e+01, -2.062871874241813e+01, 1.586154897782089e+01, -6.572740290674857e+01, -1.664422602762574e+01, -7.589244672603644e+01, -4.533967531099334e+01, -3.064066102348102e+00, 1.590616166960039e+01, 4.281106218024642e+01, -1.644155805540329e+01, -2.153904938057554e+01, 8.426955822867248e+00, -1.131871333909927e+01, 1.079637270656292e+01, 6.292117098368601e+00, -2.322616306747235e+00, 2.329518611676606e+01, 4.959240887482704e+00, 2.223570400979960e+01, 9.999819421521035e+00, -8.819086037593078e-02, -1.005744262166112e+00, -1.918706029766473e+01, 4.077506048045265e+00, 6.165889136701862e+00, -3.323862829850950e+00, -5.174916439012864e+00, -6.367092206523420e+00, -5.315963182469009e+00, -6.437640522212293e-01, -7.179506667840410e+00, 1.230577697799037e+00, -8.758757796856752e+00, -2.816225042018162e+00, 8.001821443998151e-01, -3.074380676482922e-01, 3.139143962999565e+00, 3.025954411668316e+00, 4.486604435742193e+00, 8.133395098791606e-01, 6.087528834832157e+00, 2.820694288781976e+00, 2.692778623450151e+00, 9.463471471468093e-01, 2.519754880271220e+00, -1.245848432377140e+00, 3.933471792023993e+00, 1.180534917939262e+00, 5.406560748403625e+00, -1.744660818529868e+00, 2.109016199356289e+00, -9.056564148342049e-01, -3.651230881280919e-01, 2.316373735362748e+01, 1.011774905745507e+02, 9.869415414756135e+01, 9.946504309537494e+01, -1.421985175906236e+02, 1.083887888590033e+02, -6.975235783870296e+01, -1.526164314234783e+02, -2.048657259514042e+02, -1.575652942088426e+00, 1.837547522629257e+01, 1.116537920819220e+02, -1.126444892732653e+02, -6.685015931496977e+01, -1.307548520859301e+01, -1.826906417904248e+01, 5.172112610639831e+00, -3.451883710377726e+01, 3.518106002662999e+01, -2.538693088353898e+01, 3.573988396104502e+01, 2.411704583586085e+01, 3.806374534430512e+01, -4.511181623576340e+00, -3.843093192267297e+00, -2.439807770125669e+01, 2.326500429604298e+01, 2.547509321988188e+01, -7.884777093009659e+00, 3.403964947296039e+00, -1.105353749240377e+01, 4.619370985761463e+00, -1.377004726055189e+01, 8.980474054069525e+00, -1.474711447756490e+01, 2.197624407217535e+00, -3.457469019990242e+00, 1.332454495473997e+00, -2.218616258127450e+00, -2.404794788498365e-01, -2.767337235672709e+00, -1.103500254203683e+01, 2.635765359251662e+00, 7.229507463609771e-01, 1.035729200518578e+01, 1.191719881640825e+00, 6.802861218701551e+00, -3.717417541759994e+00, 8.536512243519089e+00, -2.595462533105119e+00, -4.564043203321102e-01, -1.220236957869434e+00, 5.778858083174802e-01, 1.437002738360643e+00, 1.230428878575639e+00, 5.588216270857942e+00, -3.691220404528411e+00, 2.122420054941899e-01, -5.232121943498570e+00, -4.205519252783701e+00, -1.650977306931685e+00, 7.291585966929709e-01, -4.317436145880149e+00, 2.554930138914004e+00, 1.427714629172642e+00, 1.222468380182074e+00, -4.907086735639460e-01, -4.107001940987247e-01, -9.171964919018640e-01, -2.548701169211117e+00, 2.233262192386243e-01, 1.368863357406782e-01, -5.066307102011007e-01, 3.215116493745212e-01, 5.935269339440669e-02, 4.814945996573594e-02, 3.549923839361725e+01, -8.070856930996061e-01, -2.108737046742389e+02, -1.177721296771423e+02, 3.579213655568184e+01, -2.648463432738996e+01, 4.366321433189475e+01, -1.406594912006980e+02, -1.723377250491862e+02, 1.196437910602059e+01, -1.095646215630862e+02, 7.892872029184065e+01, -1.219683349032654e+02, 5.089603734229267e+01, -1.666256363241673e+01, 8.902780424266224e+00, 8.929731402021986e+01, 2.445097214440933e+01, -2.584149879932928e+01, 4.372981621144275e+01, 4.440416382692289e+00, 4.733579883716113e+01, 4.710544322737334e+01, -1.358835296172196e+01, 1.479234239777421e+01, -2.558095016740974e+01, 2.941128456832221e+01, -2.205998263054258e+01, -1.241590729197436e+00, -3.200331340329406e+00, -2.947271581528274e+01, -3.278264311155996e+00, 1.210278102215101e+01, -2.028577093502032e+01, -1.672868985634497e+00, -1.138022362004097e+01, -1.210292026219236e+01, 5.289671360230561e+00, 4.740995874816440e-01, 4.692569293175525e+00, -2.209742792994088e+00, 7.738221450888951e+00, 3.787825206312049e-01, 3.791062656845165e+00, 9.430201059755642e+00, -2.590457512109518e+00, -4.623483645405489e+00, 8.326684758834826e+00, 1.079114223611782e+00, 3.493625254023911e+00, 4.525932754521689e+00, -1.796389606137456e+00, -2.994108009544245e+00, 2.916026762151260e-01, -9.302074000773769e-01, -2.707483237819657e+00, -2.170928093071986e-02, -1.089577840659426e+00, 2.608449526308621e-01, -1.532843670308177e+00, 1.168927036463375e+00, -2.414473600794355e+00, 9.811405418034233e-02, -9.603254475957811e-01, -5.211574789542480e-01, 1.191078147957717e+00, 1.071206649965682e+00, -1.113133864834708e+00, 2.120871427533915e+00, 5.213506958938419e-01, -3.002374582158621e-01, -5.234974819763100e-02, -7.140369449657099e-01, 2.786585256006301e+00, 3.656733586831450e-01, -9.705221923757329e-01, -5.896640099342906e-01, 7.194767493427169e+00, 7.875518491289904e+01, 8.706993450032493e+01, -2.226457956596704e+01, -9.763332559063331e+01, 3.997512049838396e+00, 7.001390346887341e+01, -6.722526796173952e+01, -6.051904478331669e+01, 6.827533394932723e-01, -8.808158782078822e+01, 7.264926710749550e+01, -3.230552871622204e+01, -7.631978492363910e+00, 1.919531522444719e+00, -1.704286137465970e+01, 1.351399685191361e+01, 1.806385930293917e+01, 3.292869156002357e+01, 4.565038862238608e+00, -8.423303106561772e+00, 2.491197549333079e+01, 1.058320103329425e+01, -3.735955756087300e+00, 2.228012072763986e+01, -1.579340216946687e+01, 5.871855311091900e+00, -6.456571882340902e+00, -6.418523613671316e-01, 7.065960404993223e+00, -1.128017490428340e+01, -7.246670999214585e+00, -8.605051017693581e+00, 1.756938269095636e+00, 2.546182434970382e+00, -2.358566837366937e+00, -4.201413093761594e-01, 2.333576120779819e+00, -3.297247712431133e+00, 1.117950257615048e+00, -9.324569723521615e-01, 4.000013234038881e+00, -2.094986351846903e-01, -3.150010447559100e-01, 4.267153633756129e+00, 2.378038116885873e-01, 1.712953860722535e+00, 3.809887203493416e-01, -7.872948468389956e-02, 1.400499153825704e+00, 7.121021065512981e-01, -3.147690744961102e-01, -1.358942233389658e-01, 8.533752633906020e-01, 1.369151349471263e-01, -1.320355678265640e+00, 2.008361958359962e+00, -9.779717556962373e-01, -9.192779392771648e-01, -4.410247460263713e+00, -1.058319518354929e+00, 9.621559119707843e-01, 3.570468174035272e-01, 1.382049952358104e+00, -2.010006878231714e-01, 4.518888632001564e-01, 3.875896241505157e-01, -4.834830715197068e-01, -1.907937455066785e-01, 3.000830245457953e-01, 3.000892731865454e-01, -5.343993573295696e-01, -8.664691084109195e-01, 2.357190156839511e+00, 1.078834682459853e+00, -1.739906336483663e+00, -5.657312949108639e-01, -9.465522704936203e-01, -4.695403427650547e+01, -9.092385969310446e+01, -2.547272134670948e+01, -2.679506933245911e+01, 4.476233734282218e+01, -3.582539067087389e+01, -7.030808206569665e+01, 2.401136001437056e+01, -4.830713546032880e-01, -1.031602633837800e+00, 4.936386158080644e+01, -3.893292360164506e+00, 1.237059878467393e+01, 1.226780891313955e+01, 6.658878483007301e-01, 2.288146488412753e+01, 2.247997029179188e+01, 1.685919975458161e+01, -2.919667132958657e+00, 1.714186777125141e+01, 1.844614950926438e+01, -1.462266193669270e+01, -9.138439989351987e-01, 2.404874315799808e+00, -1.991501750247273e+01, -8.159271606757766e-01, -1.684070403133682e-01, -4.515624781950973e+00, -3.194205971478636e+00, 2.241874692504001e+00, -2.648427278242379e+00, -9.292045484176622e+00, -2.182957213260651e+00, -4.187106227777758e+00, -2.934021689517324e+00, 7.334390061401057e+00, -8.991905427324488e-01, -3.506844491061699e+00, 5.396304920746118e+00, -1.590755050378549e+00, 1.351017108041738e+00, 2.559760278284680e+00, -1.038025742984831e+00, -4.935058630460493e-01, 8.159722754961912e-01, 4.998487802341152e+00, 2.966798190103688e+00, 1.169272812789653e+00, -7.860101649177578e-02, -3.917967103616685e+00, -1.223850349800836e+00, 4.958015490963239e-01, -2.598364236513825e+00, 7.708781917972669e-01, -4.749238412875971e-01, -8.236365836620052e-01, 3.059102253108726e-02, 1.374878596998802e+00, 1.095329751984169e+00, -3.088118934979151e+00, -2.121148539660000e+00, 4.559308069761367e-01, 1.157981591925891e+00, 2.072825766870076e+00, -6.562735542801582e-02, -6.429918462086515e-02, 3.923935418895792e-01, -9.823885462700311e-01, 1.046420034120548e+00, 4.403049353424400e-01, 1.349765906541040e+00, -1.449165763417803e+00, -9.386601563990465e-01, 2.292945926027082e-01, 5.101671779219907e-01, -1.032429763370845e+00, -6.939553059912440e-01, -3.213305922175817e-01, 4.162995493401470e-01, -4.097889769716259e+01, 7.578814091115090e+00, -3.438779420245520e+01, -1.704357126840183e+01, 8.117861580585036e+01, 4.071546147470336e+00, 7.224033179163311e+01, -3.105625536959785e+01, -2.656137688439473e+01, 2.609968692309621e+01, 5.094116296552258e+00, -3.611346097149806e+00, 4.274031422447690e+01, -2.362334413549432e+01, 1.840015915342014e+01, 9.935631246673031e-01, 1.088487195534961e+01, 2.964246448468494e+00, -2.607220517865569e+01, 7.039485320977146e-01, -2.123934664436799e+01, 1.384459090576303e+01, 4.901374410747559e+00, -8.022142804303371e+00, -5.430028337677982e+00, -1.512199029419648e+00, -1.040451149191062e+01, 1.069059677777186e+01, -1.059194736837166e+00, -8.275881483963200e-01, -4.105132548858101e+00, -4.765993806830561e+00, 8.387098070276329e+00, -1.051967369105263e+00, 4.008255424561986e+00, -2.679963088902643e+00, -1.417467868872173e+00, 2.015704228937195e+00, 3.205508464085194e+00, 1.793850330248113e+00, 2.772888159674799e+00, -3.241971468257479e+00, -2.203122231343873e+00, 5.034133292808776e-01, 3.268692886934000e+00, 4.129254524359923e+00, -6.028035303926883e-01, 6.075522224442843e-01, -4.672221858103843e-01, 5.310921513269968e-01, 5.394264031245339e-01, -4.481909940337957e-01, -1.131434635716468e+00, -8.494030695656677e-01, -1.495469161434524e+00, 5.895682170899786e-01, -1.936165980872051e-01, 7.962749460269652e-01, 3.221744780637340e+00, -3.968277054137410e+00, -4.293292993968908e-02, -3.270133767039200e-01, 6.329772605317224e-01, 6.178201955892277e-01, -2.576524950553876e-01, 6.196980573344543e-01, 9.736249118514767e-02, -7.246984351551504e-03, 9.745985527385890e-01, 1.859293368966386e-01, 6.564247962957698e-01, -2.562917234780843e-01, -1.867135584421466e+00, 6.875314420936312e-01, -3.073263438103378e-01, -3.303590502270863e-01, -3.328012548926156e-01, -6.353614617778992e-01, 2.014051457647068e-01, -5.095117840454053e-02, -9.639731486932281e+00, -2.225213019047403e+01, 2.887934685057214e+01, -1.180834695764555e+02, -4.521472718249618e+01, 1.165743848806161e+01, -4.842639616731774e+01, -3.793318367232563e+01, 4.559003727426356e+01, 2.184104551774704e+01, -1.163831832818879e+01, -2.637677419017686e+01, 4.855230715542448e+01, 2.104397230440638e+01, 4.058517991769381e+00, 8.614002788990236e+00, -9.369605744339616e+00, 3.306176715216242e+01, 1.849045805440650e+01, -3.687299784922016e-01, 1.669479958823758e+01, -2.229219074337639e+00, -1.186492909944028e+01, -3.639825618001590e+00, -1.617195016451632e+00, 1.176470512818985e+01, -1.979797796257549e+01, -2.978605821413902e+00, -2.292329533941068e+00, -2.866715683057941e+00, 2.387861670503553e+00, -7.557333255574947e+00, -4.043495450686927e+00, -2.495237544237875e+00, -6.649934608622435e+00, 2.275275987177718e+00, 1.349976028515864e+00, -4.135317618823691e-01, 3.161367926267065e+00, -4.013571040863305e+00, 4.397523901056172e+00, 6.146317009290826e-02, -3.877679039488963e+00, 1.078601905443293e+00, 8.118021957985687e-02, 3.045005868109219e+00, 2.234853922467420e+00, 1.635893730129284e+00, 2.408487347398040e+00, -1.043825872523999e+00, 2.285634046714008e-01, 3.250317226215753e-01, -2.443075468546552e+00, 8.520477225269615e-01, -7.052308587597982e-01, 4.075488216553840e-01, -8.825575534436872e-01, 4.485216925141081e-01, 2.154741053427803e+00, 1.439832360681229e+00, 1.071539051600305e+00, -1.980604195457233e+00, -2.086318354970781e+00, -1.154033813311839e-01, -9.060291709493618e-01, -6.918198970879623e-01, 9.056088090780559e-02, -6.113138800360450e-01, -1.140578323312129e-02, 3.145314196453589e-02, 1.044909203467038e+00, -5.301712167478547e-02, -4.987928757978065e-01, -1.672299944514376e+00, -1.133709609900633e+00, 1.713253862832438e-01, 3.648099511356594e-01, -3.329512533256085e-01, -5.326836755891200e-02, 6.916486784701834e-02, 1.179183538085900e-01, 6.574552976260101e+01, -6.278156762879251e+01, 4.622966736149738e+01, -4.375895728820782e+01, 2.219284796973279e+01, -6.880242662285114e+01, -9.302699542226169e+01, -3.054544501652794e+01, 3.915641327521999e+01, 1.714838162573765e+02, 4.273490770353033e+01, 2.601475237686997e+01, 3.068141193019483e+01, 6.846756624198548e+01, -2.590806291323752e+01, 1.492956576983804e+01, -1.050408091221844e+01, 6.901637757149626e+00, -3.009950045028969e+00, 1.520815447268311e+01, 2.300678836315713e+01, 1.016483535951743e+01, -2.142066205723848e+00, -3.272735478091487e+01, -1.003261275802197e+01, -9.984953049375537e+00, -5.467954937085125e+00, -1.379239772327223e+01, -1.847131835269187e+00, -4.665847173276067e+00, 3.237536184926861e+00, -9.333470822805315e-02, 1.371813553646597e+00, -1.334570112752789e-01, -3.243355071007463e+00, -1.907437787556432e+00, -2.453722499261731e+00, 2.912964405231866e+00, 1.557276384961846e+00, 3.273444918863310e+00, 3.020631828323907e-01, 3.213814335792869e+00, 4.513789802163534e-01, 1.905954027171564e+00, -2.166088469825319e+00, 2.092203934900008e+00, -5.076911244374547e-03, -1.083416411842959e+00, -6.038370408574035e-01, -1.792642709079870e-01, 9.591891703007495e-01, -3.163572433775511e-01, -1.116020676072640e+00, -2.096491309961562e+00, 5.126609824028674e-01, -6.083732244620226e-01, -5.016244749885350e-01, -3.780171232182932e-01, 1.374833105810179e+00, 2.272667073393686e-01, 1.304701783926675e+00, 3.453690299619640e-01, 5.066719464631164e-01, -1.019018000475767e-01, -1.049557183355224e+00, -6.822351685078274e-01, -5.549592300677635e-02, 8.121933699267394e-01, -1.887631851771598e-01, 1.067084078312052e-01, 1.618969638273488e-01, 5.007031290254707e-01, 1.063661427904659e+00, -1.559571655361720e+00, -4.691863650044599e-01, -2.295028148521159e-02, 4.077830899495258e-02, -1.073234315793599e-01, 2.664364338607643e-01, 3.405319369260810e-01, 2.809570392881908e-01, 1.096896218499997e-01, 6.493463555464180e+01, -1.354838080980402e+01, -5.198827494036247e+01, 6.412383700886456e+01, 4.513586908365433e+01, 6.415678868598276e+01, 6.477131957840339e+01, -1.019033934865464e+01, -4.789745161119397e+00, -4.068342239249140e+01, -2.670639557662273e+01, -1.381516200759055e+01, -3.484144446558266e+01, -1.950902634550802e+01, -2.974402466800723e+01, -4.269901727061686e+00, 3.840872837114271e+00, -2.786572755490971e+01, -2.573500587841147e+01, -7.803712257203717e+00, -1.000551076295362e+01, 2.382809122915504e+00, 2.925997281296789e+00, 5.543728974303586e+00, -7.762135585996207e-01, 7.463139004705481e-01, 1.024617434123491e+01, 2.471586717009931e+00, 2.623035893544681e+00, 3.513882014652233e+00, -6.439960024066073e-01, 1.030727874291447e+01, 7.562249721005879e+00, 1.543903016433011e+00, 2.672716841766114e+00, 2.529796145595346e-01, -1.204391518759026e+00, 6.655588791656449e-01, 1.569715644943285e+00, 2.952806297762232e-01, -1.588470110689533e+00, 6.021987309431615e-01, 4.408900583686111e+00, -7.812099530153397e-01, -1.787950937676638e-02, -5.504226969308482e+00, -2.483206922510662e+00, -8.540601484343822e-01, -3.850396120461239e-01, -8.229169745847217e-01, 1.361572567366105e+00, -2.167413266392220e-01, 1.551863885799379e-01, 2.347646581232077e-01, -2.182254226833759e-01, -5.043927961657327e-01, -2.839664426574866e+00, -1.569975685456581e-01, -3.479204098913331e-01, 4.067557319863787e+00, 6.551462903459576e-01, 6.790595276912093e-01, 1.369070485267966e+00, 9.480308921167887e-01, 1.329462165191451e-01, 4.324740714293510e-01, -3.565118735193176e-01, -4.020375012847606e-02, 1.098086218598821e-01, -5.413512471891611e-02, 9.691798065473001e-01, -2.009928748555305e-01, 8.842947485474133e-02, -3.722986261148976e-01, 1.095781828894376e-02, 1.403974236030770e-01, -1.138691253014776e+00, -1.460961070205679e-01, -6.450931859480471e-01, -2.832828354735436e-01, 4.830993534769571e-02, -1.579103460391124e-01, 1.263815255220408e-01, -1.455700178538542e+01, -7.345491894103782e+01, -1.089332015226395e+02, -2.601806987883489e+01, -2.273819054745521e+01, -5.922476799669542e+00, -7.139425418481375e+00, 4.189866712405995e+01, -5.772361070333101e+00, -9.831648803500448e+00, 3.138101406355542e+01, -5.036458336450413e+01, 6.596786721609607e+01, -1.276533822152300e+00, -7.673400005721740e-01, 1.903871284548604e+01, 3.006832294847302e+01, 5.081815218053108e+00, -6.021293432925956e-01, 7.219917989895860e+00, 1.329893758749075e+01, -1.238589824551491e+01, 1.829196385738489e+00, -6.512946162187193e-01, -1.374529251396737e+01, 4.207060040601100e+00, -1.210784117351733e+01, 2.838117476558403e+00, 4.488804071361981e-01, -1.764752774696230e+00, -8.794866869123050e+00, 4.482069431255550e-01, 1.833541372653193e+00, -3.543434564175164e+00, -4.416063358603281e+00, 2.542891835449370e+00, -7.015511933315780e-01, 7.349645419591500e-01, 4.319378994925771e+00, 1.994980596814204e+00, 2.773649300784484e+00, -1.691719262915904e+00, 7.493340376905221e-01, 5.986448940063226e-02, 2.333157115197775e+00, -2.725302678822327e+00, -1.485818168669768e+00, 1.522101604039968e+00, 1.105745648489379e+00, -9.509740452071380e-01, 2.509121840888917e-01, -3.697333268956705e-01, -1.297326524059004e+00, -1.320854930262156e+00, -1.033919063428580e+00, 5.676873863141810e-01, -4.329338018926768e-02, -2.435403133983976e-01, -1.547836924274240e+00, 1.387877794884191e+00, 9.955133786937671e-01, -6.029492718282352e-01, -4.698306786209701e-01, 7.817730449872434e-01, 1.864820438094011e-01, 4.852756620993403e-01, 6.869593952289166e-01, 7.809564934214349e-01, 9.842307550389061e-02, -2.573665539286267e-01, 1.906360854559952e-01, -6.916069443433726e-02, 4.202582405301640e-01, 5.923072567583590e-01, 9.233369036733650e-02, 2.136658250923195e-01, 3.123210331267870e-02, -1.013982626641694e-01, -8.018779190078400e-02, -7.190770070612783e-02, -8.128265432495707e-02, -1.082680744463056e-01, 1.821813764876731e-01, 8.276794380608372e-02]
