elements:      [As]
cutoff:        8.0
pair_type:     gaussian
feature_type:  gtinv
model_type:    2
max_p:         2
max_l:         8

gtinv_order:   3
gtinv_maxl:    [8, 4]
gtinv_sym:     [0, 0]
gtinv_version: 1

electrostatic: 0
mass:          [74.92]

n_pair_params: 11
pair_params:
- [1.0, 0.0]
- [1.0, 0.777777777777778]
- [1.0, 1.555555555555556]
- [1.0, 2.333333333333333]
- [1.0, 3.111111111111111]
- [1.0, 3.888888888888889]
- [1.0, 4.666666666666667]
- [1.0, 5.444444444444445]
- [1.0, 6.222222222222222]
- [1.0, 7.0]
- [0.0, 0.0]

n_type_pairs: 1
type_pairs:
- atom_type_pair:      [0, 0]
  pair_params_indices: [0, 1, 2, 3, 4, 5, 6, 7, 8, 9, 10]

type_full:    1
type_indices: [0]

n_coeffs: 35244
coeffs: [8.942019919153555e+00, 6.103661859262429e+01, -2.213488827612761e+01, 1.573865213396766e+01, 3.306606192004832e+01, -3.685539883753959e+01, 2.946317389064424e+00, 2.951173310670666e+01, -1.999531420316314e+01, -5.248947605998501e+01, -4.456993907064702e+00, -1.416377392028965e+02, 6.477464358549710e+01, 7.004003397663274e+00, 7.185068436282552e+01, -9.976562579684477e+01, -1.015245291061617e+02, -7.332117516335923e+01, 1.761283457122972e+02, 8.564840832246819e+01, 8.141093288210180e+01, -1.010795760210943e+02, 1.205551901756418e+01, -1.018479361515954e+02, -2.118907023050746e+00, 1.538951684186044e+01, 3.555244073792534e+00, 6.858197571832319e+00, -1.082381532989524e+00, 2.697395353502420e+00, -1.367968084701307e+01, -7.648529267778775e-01, 3.219478716823355e+00, -1.452738691861913e+01, 2.040552084510182e+01, 2.057714068490197e+01, -1.494291165820658e+01, 8.451568668744684e+00, -3.268779947624755e+01, -9.827358216501169e+01, 4.695083889974337e+01, -4.861010355800230e+01, -5.580025424816041e+01, -1.588405266486168e+01, -4.351831917415997e+01, -5.055859642457581e+00, -2.029446999234464e+01, 2.085735040291415e+01, -1.273976356153355e+00, 1.745328946172721e+00, -1.735665844245859e+01, 1.193598080628531e+01, -2.795832264537079e+00, 1.981107586129643e+00, 1.776278363218809e+00, -2.939010518182390e-01, 1.124395921380283e+00, -1.235709516124840e+00, 3.343452371295148e+00, 1.746526973427654e+01, -8.513488419316294e-01, -2.804764922147848e-01, -5.889795830564763e+00, -3.552642156438999e+01, 8.152914208393020e+01, -1.545381710492464e+01, 7.254632823628664e+01, -5.984495638484538e+00, -8.287902253004246e+00, -1.099435260858885e+00, -3.211202237677346e-01, -6.342094558011005e+00, -4.356002222935612e-01, 2.216539736455805e-01, -1.560685633874861e+01, 1.309245952802796e-01, -2.061071522702676e+00, 3.584220871817675e-01, -6.902946844896147e-01, 6.302537251282532e-02, 1.231319227283519e-01, 2.330305398726541e-01, 1.884773166053979e-02, 6.693909411750909e+00, 3.365993555752353e+00, 2.637079573593564e-01, -2.744053510170526e-01, 1.104426789740581e-01, 5.493348145057531e+00, 1.809918757250919e+00, 7.476751717058012e+00, 1.788122994844592e+00, 6.545578547170332e-01, -1.033220789616325e+00, -1.071860883654895e+00, -1.922945239568447e-01, -3.294190605852948e-01, -1.050176288950302e-02, -4.305732631223829e+00, 2.070028203260127e+00, -1.935673121154008e+00, 1.122499890795649e+00, 2.696627664204654e-01, 1.471145000110564e-01, 1.324636220500367e-01, 2.233949240330116e-02, -9.477405684652778e-03, 1.722606718872772e+00, 6.949542429619709e-01, 7.054258284047695e-01, -4.733216526823842e-01, 2.704864787771792e+00, 4.142805706870148e+00, -4.358167969584630e-01, 1.367251594486906e+00, -1.217742215022383e+00, -1.100233927063360e-01, 9.864589041422089e-01, 4.841775928134850e-01, 1.222862346066477e-01, -1.314307893998815e-01, -5.967608218290370e-02, -1.099853635263623e-01, 9.096516147552356e-01, -2.753922661540265e-01, 6.774161782943140e-01, 2.247871265071552e-01, 1.723622942939811e-01, 1.717213304641400e-01, 3.099814834173281e-03, -5.799114969775825e-03, 6.539220067473385e-01, 6.618435816254429e-01, 6.729471829687825e-03, -1.603968725403644e-01, -8.559675290698304e-01, 1.430310113486114e+00, 1.096068067464484e+00, 1.374547720136065e+00, -1.079442499252899e+00, -1.597714815945739e+00, 8.173707703530538e-01, -3.419728129640566e-01, -6.288487665141100e-02, 6.125348140087952e-02, -2.194637282746096e-02, 1.027404125534912e+00, -1.657171592019731e-01, 1.225243448923487e+00, -9.576820980646205e-01, -6.683233841020155e-01, -4.691225744225829e-01, -4.535686512703262e-02, 4.799914413142003e-02, 6.070558857359142e-04, -8.342194629494455e-01, -6.215901289797555e-02, -3.689164539236637e-01, 3.409635269287300e-01, -2.162094930735770e+00, -2.309559095893637e+00, -6.670470574202468e-01, -7.980759223345386e-01, 3.644483260707532e-01, 3.324737883643565e-01, -8.187152828878305e-01, -1.060337155865073e+00, 1.833107011493619e-01, 2.435478380762818e-01, -4.791589080539931e-02, 4.579279256216474e-01, 1.335108361579123e+00, 1.427584882657306e+00, -1.681169177131521e+00, -8.537020637000127e-01, -7.270139400214212e-01, -6.371289887744918e-01, -2.933568351679928e-01, -4.200283568569245e-03, -9.754819991225415e-01, -1.867309853577589e-01, -5.946835828240420e-01, 5.394182403429704e-01, -1.963183175781023e+00, -1.300726426783293e+00, -1.811709827137924e+00, -1.564363944976227e-01, 2.517948384506918e+00, -1.616980472460362e+00, -1.063412784057803e+00, 1.915682048611970e-01, -3.134476609127942e-01, 4.422310746564743e-01, -9.509175310173516e-02, 2.598842225770746e+00, -1.024708558180015e-02, 2.413053369957971e+00, -2.364405656597525e+00, -1.741167553222480e+00, -1.088074629616870e+00, 3.974768759432180e-01, -1.258854635895888e-01, -2.701213138922786e-02, -1.289113422404957e+00, -2.012049698911541e+00, -1.466422895808172e-01, 4.127140410489423e-01, 2.704904993471228e+00, 1.778829941456156e+00, -1.126986724029835e+01, -3.664160128373275e+00, -4.135065878059495e+00, 3.935818274110600e+00, 3.663986872615574e+00, -8.065740793251349e+00, -1.349222727629280e+00, 1.819341397844606e+00, -1.130748764378072e+00, -4.697276227210195e+00, 5.183595529009212e+00, 1.776379042322941e+00, -5.711404100902737e+00, 1.034580787114071e-01, -4.872991750670542e+00, -2.204435732030934e+00, 9.884092158741564e-01, -4.195162026786802e-01, 1.802082510206752e+01, -7.203983609716881e+00, 3.840446820056709e+00, -4.197850626497251e-01, -1.435045184969578e+01, 4.465641885946127e+01, -6.991940504486273e+01, -3.513566244815499e+00, 1.484177549922446e+01, -3.998790312869588e+01, -1.357266639248468e+01, 3.837993329238689e+01, 9.227993033056860e+00, 1.528078495269182e-02, -6.452053317218325e-03, 9.128296309652627e-01, 1.077052076800923e+00, 1.455544806361710e-01, 1.395726388710198e-01, -1.811023971801655e-01, -6.034580178699629e-02, -2.076540613083794e-02, 1.238332006925238e-02, -3.745320618732161e-04, -1.181406152036400e-01, 1.444181978295795e-01, -1.154950412159494e-02, -1.026273636311534e-02, 5.309678916240145e-01, -1.075059528756612e-01, 7.033182736117087e-01, -2.862478846368688e-01, 5.698705334128608e-01, -2.167082094122267e-01, 3.856014886548089e-01, -1.995725848301207e-01, 1.715498577370206e-01, 6.103661946971809e+01, -4.456992984322926e+00, -4.994987620683967e+02, -1.416377367889993e+02, -5.071917725981289e+02, -7.812576256877121e+02, -6.477464244471938e+01, -2.391203511004520e+02, -6.082375676131919e+02, -5.073773196836913e+02, 7.004003564714932e+00, -2.506027365612531e+02, -4.901997507403872e+02, -2.781389708152414e+02, -2.072765538023501e+02, 7.185068433213168e+01, 4.484647784080843e+02, 3.791878664803673e+02, 3.217632130196794e+02, 2.400023827960129e+02, -2.214450119062467e+02, 8.294934675482500e+01, 5.057512553525987e+02, 6.782845465772631e+02, 5.316680711987339e+02, 3.627222342950196e+02, -3.668527125306516e+02, -4.866572374116099e+02, -8.526905384612101e+00, -1.597066256222271e+02, 2.838725466726331e+02, 1.889473771677505e+02, 9.116373841496058e+01, -1.285754041825949e+02, -2.109583697268448e+02, -5.635923517761753e+01, 3.493518621427576e+01, 3.413300990939401e+02, 1.657617208330624e+02, 1.190800035250214e+02, 1.309430585440128e+02, -8.533790386818774e+01, -2.222238794425897e+02, -4.935367727405572e+01, -2.996171267406084e+01, 2.729668165739028e+01, 1.501134982527933e+02, 3.125876642391109e+02, 2.483621346418012e+02, 1.296190455835658e+02, -1.775251730194304e+02, -2.670462415983138e+02, -6.167649307207533e+01, -7.819536786913046e+01, -1.197251499813379e+02, -4.994987630644164e+02, 1.704181927025491e+04, 3.939756627956461e+03, 3.859011885715818e+03, 3.522575030772842e+03, -3.374459614624363e+03, -4.072774204220041e+02, -3.259753273849842e+03, -3.095648265145407e+03, -2.168692013107011e+03, 2.272514859822314e+05, -5.071917787979706e+02, 3.939756602458416e+03, -2.614015177233789e+03, -1.227960227152443e+03, -1.447042586266163e+03, 3.539251301237646e+02, 2.607113009580467e+03, 8.227118403416762e+02, -5.861340530373302e+02, 8.381080478529881e+02, 8.543991807690944e+04, 1.428230995990850e+04, 2.391203493598910e+02, -3.859011888434854e+03, 1.227960241869925e+03, 4.826135629139644e+02, 3.907192172297176e+02, -7.704960538001419e+01, -1.621149279950079e+03, -1.699697046188797e+02, 7.436034951052508e+02, -5.402484014613740e+02, -7.473152926854545e+04, -1.798486132691114e+04, 2.042761919848273e+04, -2.506027333273377e+02, 3.522575018124288e+03, -1.447042583150102e+03, -3.907192185493122e+02, -4.151154051988694e+02, 9.239989014770356e+01, 1.342110103074251e+03, 6.502647375299172e+01, -2.916046475931687e+02, 2.373250639179054e+02, 6.254042213148913e+04, 1.276069923547625e+04, -1.474770607329350e+04, 1.157040710572908e+04, 4.484647793877575e+02, -3.374459629547522e+03, 3.539251337318859e+02, 7.704961833803921e+01, 9.239988096398208e+01, 3.260518546318268e+02, -9.368704956650223e+02, -1.725212398785954e+01, 7.853315727272607e+02, -1.684704020254916e+02, -6.323184477726282e+04, -1.714918687261345e+04, 1.677432964973203e+04, -1.330902435809313e+04, 1.529279086942103e+04, -6.738437221201704e+02, -9.843155522600191e+02, -3.508427755416022e+03, -2.315966682517771e+03, -2.413183744282549e+03, 1.292582680146267e+03, 3.044911447475205e+03, 1.562067503756113e+03, 1.524815703433177e+02, 1.580657941129251e+03, 3.701131395187258e+04, -2.598904620134470e+03, -3.553862866487192e+03, -3.769121914371706e+02, -4.307630357690774e+03, -9.670093201136464e+03, -4.110869240228712e+02, 2.452635721850398e+02, -2.757316146407500e+03, -1.603140206275605e+03, -1.614060605080525e+03, 9.453840476766060e+02, 2.229606745846603e+03, 1.011780749612554e+03, 1.187169563968158e+02, 1.090647233250127e+03, 3.556415326283796e+04, -3.549967881686327e+02, -4.765433050901255e+03, 1.755948625412251e+03, -4.787722044213814e+03, -7.208316404986069e+03, -4.808449026132689e+03, -4.649468963748114e+02, 5.211493197582864e+02, -2.095940774567835e+03, -1.257704004202713e+03, -1.292696023337136e+03, 6.113494418498346e+02, 1.784045396700010e+03, 8.286957658397488e+02, -2.102264816419983e+01, 8.232943640370055e+02, 3.487324996928617e+04, 1.626832635404466e+03, -4.947778035566894e+03, 2.734122457401311e+03, -5.595399738507452e+03, -5.351035180817141e+03, -3.504269294654719e+03, -2.059237963752495e+03, 5.173389966974974e+02, -2.868357249163327e+02, 2.663116658331838e+03, 1.575897264234378e+03, 1.416251236165624e+03, -1.015949778844243e+03, -2.396601758321563e+03, -9.630621775293989e+02, 1.986659397846094e+02, -1.326794808028496e+03, -4.306711900888833e+04, -3.476222656641115e+03, 9.538103974334737e+03, -4.566590492716718e+03, 7.136773743583361e+03, 4.047613167107928e+03, 2.018780078314072e+03, 1.668480239013443e+03, 2.684593499952799e+03, 4.561780542764380e+02, -3.562403608134540e+02, 1.719357019083616e+03, 1.104921252623034e+03, 1.041762951459099e+03, -5.769978089870509e+02, -1.642758658265112e+03, -7.248685284126799e+02, 1.991697786233656e+02, -8.895084638523531e+02, -3.550964421305176e+04, -4.382904593774729e+03, 7.721472867787294e+03, -4.299111397541552e+03, 6.642099157175777e+03, 2.217614512984745e+03, 9.764967568723873e+02, 3.665386367755112e+02, 1.962650895257488e+03, 1.853763350885635e+03, 3.491648137747908e+02, -8.420882646694614e+02, 2.614269865722749e+03, 1.368858149676136e+03, 1.330204647412256e+03, -8.475928755168976e+02, -2.007864416753963e+03, -7.870234373822343e+02, -1.328417437285972e+02, -9.183184758336791e+02, -3.873491790452632e+04, -1.239525113735374e+03, 6.204789380386611e+03, -3.357204639599650e+03, 5.778966996331259e+03, 6.438815620731605e+03, 3.772550397286585e+03, 2.652952138827930e+03, -8.365881288372206e+02, -2.306622513126854e+02, -2.458890811026203e+03, -6.163211669169584e+02, 5.266853208723835e+02, -1.499855815293569e+03, -1.050507713469874e+03, -1.013583270010455e+03, 4.232214687184346e+02, 1.605016940364524e+03, 7.112886707513933e+02, -3.152268081478954e+02, 8.250262732233190e+02, 4.092667411015297e+04, 6.587385841129259e+03, -8.853432042829072e+03, 5.653738044557808e+03, -8.371639294545468e+03, -1.392968056713683e+03, -3.637062497943838e+02, 6.086416921846132e+02, -2.113776732793748e+03, -2.415683110811603e+03, -3.424315646365238e+02, 3.427152810434511e+03, 3.673970979582970e+02, -1.099613087752049e+03, 2.023928701370750e+03, 1.096554322112616e+03, 1.080438013862013e+03, -5.568977191500051e+02, -1.646369943098570e+03, -6.430108054115756e+02, -1.211847579275017e+01, -6.953376255855443e+02, -3.902512555615410e+04, -3.169647522341004e+03, 6.408248641901316e+03, -4.260487771657323e+03, 6.669809137960518e+03, 4.925509215447048e+03, 2.729823737838261e+03, 1.388512703884665e+03, -7.164211970519320e+02, 2.450857191212665e+02, -1.606440843145316e+03, -1.206018371084977e+03, -4.621440018394499e+02, -5.867199213245933e+02, 1.376024492737576e+03, -1.092342250286522e+03, -7.718779345245664e+02, -7.322062098218545e+02, 1.192567388952756e+02, 1.297879457917960e+03, 5.613842170318545e+02, -4.714944927157514e+02, 5.960094620763226e+02, 4.421674312917321e+04, 8.177557097436271e+03, -9.400157840712260e+03, 6.855315787219907e+03, -9.504601315373102e+03, -5.145863467355130e+02, 3.251401605896330e+02, 1.534064878082736e+03, -2.100419135842877e+03, -2.778402552017035e+03, -1.048910959124386e+03, 4.177496532591927e+03, -2.217573782228830e+03, 5.149192061488842e+03, 3.522445257777926e+01, 9.587777244308812e+01, -7.137643068184698e+01, 3.605732442012665e+00, 7.056196515905920e+01, 7.638339356626685e+00, 3.374413734944826e+01, -1.580170662601801e+01, -9.196012883458472e+00, -1.397722553334114e+01, -7.135255066448073e+02, -7.246319023932863e+01, -6.316315214727149e+01, -4.659978612728194e+01, 3.253883982640093e+02, -9.200320131646620e+01, -4.199155653566256e+01, -1.768087383169264e+02, 2.314508933517582e+02, 1.583299471431874e+02, 4.744953033226654e+01, -3.583715891775406e+02, 4.310143726876355e+01, -4.283699760448042e+02, 1.538952391059756e+01, 5.809517110188148e+01, 6.173077343869740e+01, 2.670566580570779e+02, 3.584347483039463e+02, 1.649670699673352e+02, 2.321241714289079e+01, -1.441222577258303e+02, -3.879190257455825e+02, 3.767521308661534e+01, -2.889362902656536e+01, -7.743999350062491e+03, -7.087444089707335e+02, 4.475622961863536e+02, -1.168657026406755e+03, 2.289264883794339e+03, -3.283246112289827e+02, 2.086059327187122e+02, -7.616765500296898e+02, 3.878263886517370e+02, 8.067951211115318e+02, -1.097971895122146e+02, -1.968648465231757e+03, 5.836214008902912e+02, -2.074965530328620e+03, 2.040550898825834e+01, 8.188930409577986e+01, 1.620791172186676e+01, -5.326498846469246e+01, 2.808628723238224e+01, 6.428080789480140e+01, 3.741077871037191e+01, 7.162570990828382e-01, -7.778492535331948e+01, -3.025336834204364e+01, 7.098181594126801e+00, -2.731848115548628e+01, -1.700539515509917e+03, 1.388646233454840e+01, -9.125916655507732e+02, 2.916507673358264e+01, 4.053112689409068e+02, 8.987521425146888e+02, 7.053821697077839e+02, 1.360114247757066e+02, -1.091327284723465e+03, -4.936522744551783e+02, -6.143330537263297e+02, 1.192992938598919e+02, -2.542699738242873e+02, -3.350559215145282e+02, 2.057714189503355e+01, -3.884376363680415e+01, -6.435365503956280e+01, 4.696551385821685e+01, 1.114476138504226e+02, -2.313948733225506e+02, -1.902461122753973e+02, -2.923475532646990e+01, 9.437883468986166e+01, 1.206127044194525e+02, 5.752517698502606e+01, 7.460826101075256e+01, 5.683247079595360e+01, 7.045439670054924e+02, 1.223988813084212e+03, -1.501473441734693e+02, 5.760336481572449e+02, 1.094225272024023e+01, 4.625358220878080e+02, 4.864337679004195e+02, 3.036061715491017e+02, 1.229060909831351e+01, 1.438414334885350e+02, -4.126947205733366e+02, -3.429793144032805e+02, -2.948536259958757e+02, -2.412790866093695e+02, 1.494291168868838e+01, 2.617740353681379e+01, 4.313422772742873e+01, 4.121411864104837e+01, 4.760625207054739e+01, -7.847118911730107e+01, -7.148865608273252e+01, 7.023214075123360e+01, 9.522972911832186e+01, 7.812900962222470e+00, -1.491877964860691e+01, -2.127033025338160e+01, -1.985669008209444e+01, -3.099908696233532e+01, -2.616468738402110e+03, -9.684332771348868e+02, 1.921837563621473e+02, -4.506461127964143e+02, 8.869675255387932e+02, -6.933068042507174e+02, -2.899553012927249e+02, -6.037153501113519e+02, 3.187241760186558e+01, 3.692503978666322e+02, 1.889655344915500e+02, -7.667110720135704e+02, 4.211098532920320e+02, -8.956202610392047e+02, 8.451568280158156e+00, 3.784154245655788e+01, -5.889541333706615e+01, 2.922636544484891e+01, 5.013609057106164e+01, -8.264629638775658e+01, -1.703621444491081e+02, -1.341462044706969e+02, -1.522377986709463e+02, -1.267997209144182e+02, 7.070737343748438e+01, 6.613704505155640e+01, 1.326142818729082e+02, 5.923727513490719e+01, 6.966669052333297e+01, 7.711992077402003e+02, -8.600676263713146e+02, 8.574493387300519e+02, -4.982349396595940e+02, -1.205334436513591e+01, -9.877767638984338e+02, -8.284589576670273e+02, -4.633398207062967e+02, 8.499242857329513e+02, 4.588801571116275e+02, 8.252752579963480e+02, -2.103469461725392e+02, 4.985986912880780e+02, -6.543529847179289e+01, -3.268780011812404e+01, -4.352235988422427e+01, -5.369382300640927e+01, -5.192194716824802e+01, -5.350043731722093e+01, 7.695152788955376e+01, -3.657387970818458e+01, 1.640150931440807e+02, 2.365929338523723e+02, 1.978332666017394e+02, 7.475102448739386e+01, -1.736572105669684e+02, -1.052622262072760e+02, -5.266086369515383e+01, -9.006054263064195e+01, -1.312740170859899e+02, 3.728011146699749e+03, 1.954233204949786e+03, -1.681317354105953e+03, 1.148114481526356e+03, -1.615861315160428e+03, 1.860800602786222e+03, 1.246883742313029e+03, 1.207062336800797e+03, -1.825362784626068e+03, -1.389896913449745e+03, -1.113249451176189e+03, 1.658367861967428e+03, -1.085405985602672e+03, 1.563589604251642e+03, -2.092889705624784e+01, 4.350204203945223e+01, -5.722809178252840e+01, -4.588372491099469e+01, -2.522816201886419e+01, 3.605944661565417e+01, 2.857000165919077e+01, -2.629812098339339e+01, -4.478670353035362e+02, -5.135481084977479e+01, -8.759166866813379e+01, -1.174713483419733e+02, 7.878893975402295e+01, 8.864207641865787e+01, 8.639063737588890e+01, -1.659041929325663e+01, 1.381923337715688e+02, -1.642407582354540e+03, -3.165985399727857e+02, 4.122286677316998e+02, -5.198812499842916e+02, -1.305853930262849e+01, 4.584023617599473e+01, -1.915937249240319e+02, 8.485636567194231e+00, 1.099203504487885e+02, -8.655043536398917e+01, 3.188585104556273e+02, 2.596328390585856e+02, 1.911295370044399e+02, 3.433829523134025e+02, -5.192353886934564e+00, -6.297257420492250e+01, 5.397539636134292e+01, -1.506072691593222e+01, -2.442656169807286e+00, 2.708177968104087e+01, 7.940757896614843e+00, 2.523163992949494e+01, -3.484946761185579e+01, 9.557795042512454e+01, -8.834714628466979e+01, -9.020214283567719e+01, -6.345835369708480e+01, 3.152910448288592e+01, 6.913752236088045e+01, 1.214162167560707e+00, 5.041090808892609e+01, 2.210721445156627e+01, 9.673163010400472e+02, -1.829718592628973e+03, 1.480114285968371e+03, -5.836911262616148e+02, 6.534433361064831e+02, -2.036498883673006e+03, -1.439307447153932e+03, -1.031265445294185e+03, 2.006470557955922e+03, 1.194436863961354e+03, 1.170318576703305e+03, -1.035100059002912e+03, 8.364890382132646e+02, -8.457296750646663e+02, -1.101863772665657e+01, -7.049025097691666e+01, 1.301291384748153e+01, -5.451131164303647e+00, -4.057244142304198e+01, 2.296145684536598e+01, 3.554796144623708e+01, -2.259769010354138e+01, 3.433965212065230e+01, -1.774350588370823e+01, -9.018973292527389e+01, 2.025536395809361e+01, -3.503895385329538e+01, -6.163686551510769e+01, 6.415135399047134e+00, -4.587881629273353e+01, 1.211774284397104e+02, -7.783183271971668e+00, -7.258000767867056e-01, 9.835110801791153e+02, 6.554238183375560e+01, -2.081811362025256e+02, -1.100855590119243e+02, -4.989378936617363e+02, 2.462525451937850e+02, 7.644245918101948e+00, 1.558646205968316e+02, -4.665915413272604e+02, -3.971977999844531e+02, 8.257243996637764e+01, 5.718499227128085e+02, -1.465322306205858e+01, 5.740669315358829e+02, -1.339408272352532e+01, -5.952004994534700e+00, 1.008510779295880e+01, -1.586101245407457e+01, 3.134964190631506e+00, 3.054577875448986e+01, -1.965583164400525e+01, 2.981466767268396e+01, -5.228384659545830e+00, -2.241019280042126e-01, 2.784312899502950e+02, -3.712523831575160e+03, 8.326633454017855e+02, 1.139946013775165e+03, -4.111759570365612e+02, 8.580425406305505e+02, -2.260249074440954e+02, -1.594627950019562e+03, 1.351772855183729e+03, 4.132183080176489e+02, -3.919405651275695e+04, -7.286637424303089e+03, 8.765363997339109e+03, -8.819055172108838e+03, 1.215193871095174e+04, -5.815165407663146e+03, -2.129902358283729e+03, -4.992039240456846e+03, 6.132843362510882e+03, 7.322666061276778e+03, 2.663244636597525e+03, -1.181873199035489e+04, 5.326461751095112e+03, -9.667776641015320e+03, 8.188930971861073e+01, 2.387496236369692e+02, 6.673903298840023e+01, 4.683049154468773e+02, -7.485701689234931e+01, -3.187276808796861e+02, -3.214243519201295e+01, -2.981462744364107e+02, -1.470834677716278e+02, -5.935888095792200e+01, -3.624572468196390e+02, -4.138838694275110e+01, -1.739485394004998e+03, -2.355814557028741e+02, 4.288650140093104e+02, -2.983061937986873e+02, 5.034826738005999e+02, -2.946820661484649e+02, -2.896785960756953e+02, 6.139559320423384e+02, 9.556038848094741e+01, -9.224515002968521e+03, -1.937272356561640e+03, -2.824629574164884e+03, -6.901964030242094e+02, 2.567607982735486e+03, 1.940525365734833e+03, 1.991810348922820e+03, -3.678369423539202e+02, -4.008356289240676e+03, -1.309279774275380e+03, -2.121971967031706e+03, -4.900572662089767e+02, -3.770310644643961e+02, -2.201353434398085e+03, -3.884376325066715e+01, 6.673903860824622e+01, -7.063657239996829e+01, -7.509615842632390e+01, -1.657264177972840e+02, -1.254556479039870e+02, -6.977978220632410e+01, -5.726306169042272e+01, 9.939073109375369e+01, 2.306534590068001e+01, -1.338862274745881e+03, -1.072055215251581e+03, -1.218712998035097e+01, -1.090515816329960e+02, 1.945460000394835e+01, 5.306550329170946e+02, 7.763286667058314e+01, -3.516794189692200e+02, -1.314881502254190e+02, 1.322587130538887e+02, -4.909253588575116e+02, -1.122727775133808e+02, 3.538089606488462e+03, -4.820322434814092e+03, -1.204614792938345e+03, -1.534779199029103e+03, -1.397246506181629e+03, -1.551627900903389e+03, -1.861050682000063e+03, -1.153674876910245e+03, -1.456657434766640e+03, -1.692460450900915e+03, 1.381042135029315e+03, 2.668494030301361e+03, 9.085556453527375e+02, 1.835341601069496e+03, -2.617740692699484e+01, -4.683049164295242e+02, 7.509616003482988e+01, 2.013391893133872e+02, 9.880586095786592e+00, 1.226535561361904e+02, -9.548084930940899e+00, 5.113879457683998e+00, -4.767838493478062e+01, 5.664749773901174e+01, -1.504749020426030e+03, -9.465139166999095e+02, -4.353862441152768e+02, 6.189090608615393e+01, -1.562252670737976e+03, 1.102196474062508e+02, 6.135376233938435e+02, 1.019886622038856e+02, 2.274531308463920e+02, -2.391153534253084e+02, -4.129614670848146e+02, 3.644326301709550e+02, -1.894912802806564e+02, -1.195475221629449e+04, -3.409475725437991e+03, 1.014066910976688e+03, -1.767872883325564e+03, 3.870249830606439e+03, -3.400420883371151e+03, -9.913975551493315e+02, -2.336557134219327e+03, -1.105871306925405e+01, 1.873967960092615e+03, 4.335992896198204e+02, -3.789373638217581e+03, 1.726041229299538e+03, -3.634006018688468e+03, 3.784154285248979e+01, -7.485701479789245e+01, -1.657264194266032e+02, -9.880588891243745e+00, 3.576312784426385e+01, -9.482916936219161e+01, 7.881943317104746e+00, 3.553233890602738e+01, -4.539151638203770e+01, -3.503949505699631e+01, -1.612641251645734e+03, -8.517257370287504e+02, -2.599962940770822e+02, -5.908508074012607e+02, -1.771640989695044e+02, 8.724402403351379e+02, -3.504362978552992e+02, -5.794740000151378e+02, -1.277175597637949e+02, -1.459666596022850e+02, 1.231560859298626e+02, 5.830214833761308e+02, -1.318826724557560e+02, 2.679351624472196e+01, 7.727971177412999e+03, -2.271883612122293e+03, 1.535201213887565e+03, -8.111984326352019e+02, -1.340438125730767e+03, -2.974278609850829e+03, -2.829737154656118e+03, -1.379757967744308e+03, 2.265744602321819e+03, 7.547166819926189e+02, 2.829473441421099e+03, 4.765026339291661e+02, 1.329673493658782e+03, 3.810662032106761e+02, -4.352236188523762e+01, -3.187276806944076e+02, -1.254556501016176e+02, -1.226535540026707e+02, -9.482916734387354e+01, 2.401432564785290e+02, 3.588043621023811e+01, 1.139691880825860e+02, 1.394714609260452e+02, 7.079034436824541e+01, -4.453424900515938e+02, 7.349458032000400e+02, 8.435510958629749e+02, 3.396159829106081e+02, 3.756164065830919e+02, -3.993179708460050e+01, 1.130010551148892e+02, 2.022259509282653e+02, -4.177226822746648e+02, 4.473451388007962e+01, -8.214297323719266e+01, 2.819296996263340e+02, 4.424347820432717e+01, -1.174966360792066e+02, 8.413249150424934e+01, 3.387171482059943e+02, 4.774666961022227e+03, -2.410609366741846e+03, 1.281030848956005e+03, -2.408553252433511e+03, 5.610308690003032e+03, 3.273946582518069e+03, 3.092587074618784e+03, -3.167425306427625e+03, -2.360242223440673e+03, -2.202351369648499e+03, 3.110070026811906e+03, -2.261991967221095e+03, 2.867912975689353e+03, 1.936040908160948e+01, 2.128444178575166e+02, 1.553740939140308e+02, -3.027464831887515e+02, -1.313652337338596e+02, -1.231442676124551e+02, 8.016829242847114e+00, 3.076669755309387e+01, 1.017334116658462e+02, 5.463114551980021e+01, 1.839050523265349e+03, -3.953863958991850e+02, 1.221829708083855e+03, 3.652375129250732e+02, -5.647084539404573e+02, -1.542149371868475e+02, -1.328514165515422e+01, 4.127885441356384e+02, -2.447302972953069e+02, -1.093026364084878e+02, 1.380130597140765e+02, 1.922137064662569e+02, 6.816787457066269e+01, -3.393494869792087e+01, 1.182369029623304e+02, -4.436995315063672e+01, 2.652663064743164e+03, -3.070775082376815e+02, -7.021856454284848e+02, 7.182860863544541e+02, 6.808796433379460e+02, -2.761512850522649e+02, 2.224124611598532e+02, -4.716166827078625e+02, -5.764617882004696e+02, 3.011393276605091e+02, -4.531865364606994e+02, -1.008341265504150e+03, 1.377626689653410e+01, -1.328117364726865e+03, -1.062550506290562e+01, 1.417509517776707e+02, 1.447033145841685e+00, -1.323345737791603e+02, 3.356422451910727e+01, -6.870262260367906e+01, 2.315140716937262e+00, 6.946815706512837e+01, 2.375342726342093e+01, -3.686904854039101e+01, 2.234800350204584e+03, -2.520911480067001e+02, 3.431903632458846e+02, 4.413765876586471e+02, -4.159599515636385e+02, -5.197178598192866e+02, 1.406483802851077e+01, 2.788281758455096e+01, -7.425749356764118e+02, 1.121402733856906e+02, 2.364929033471412e+02, 1.129734013491736e+02, 3.272214345627569e+01, -8.907249357595929e+01, -1.876424504363201e+02, 3.161638041584542e+01, -9.634983478808736e+01, -1.087968965383348e+03, 1.291849893563143e+03, -2.615008510858375e+03, 1.020338500473537e+03, -3.888448783088811e+02, 2.575987278683041e+03, 1.978808235144145e+03, 1.089131754909456e+03, -3.099551604122638e+03, -1.673609059443904e+03, -1.906600308718952e+03, 1.214612122349580e+03, -1.219361560923859e+03, 6.786914361581664e+02, 4.140119861994180e+01, 3.919265724317080e+00, 2.978376157757780e+01, -1.228154716438908e+02, -4.593722420915133e+01, -1.191801351981427e+02, 1.268751135820671e+00, -2.378556300868269e+01, 6.333442889456086e+01, -1.052441003717826e+01, -9.962176524682660e+02, -8.264400596073572e+02, 2.202444189035972e+02, -3.530418505178911e+02, 2.934844738148155e+02, -1.001619864097763e+02, -2.031631732107305e+02, -1.833705946293465e+02, 4.099298299460815e+01, -8.568320099308586e+02, 5.373134074186638e+02, 3.799997809150255e+02, -3.873075254050427e+02, -4.058160958917419e+02, -6.083958963201875e+02, 6.580719300910457e+01, 2.455582988579689e+02, -1.903809056655050e+02, -1.227988364769627e+04, -6.212963922143429e+03, 1.213515807064450e+03, -6.808087436541707e+03, 1.046408149024687e+03, -2.239922028090398e+03, -3.056778469097360e+03, -2.414158389733373e+03, -6.358177295843711e+02, -6.818105648156318e+02, 4.209616297936895e+03, 9.575313589330239e+02, 3.712588895804560e+03, 1.157859352901518e+03, -2.139734886230558e+01, 6.464574301446345e+02, -9.384752348399883e+01, -1.319221543421165e+02, 1.022330550607125e+02, -8.379714124397060e+01, 4.650980541031542e+01, -6.871326612111710e+01, 5.442806136536535e-01, -1.280304919169432e+01, 8.457006899866087e+02, 7.909623150283886e+02, -4.344826677831539e+02, -6.377752760209610e+01, -2.610027984858017e+02, 4.488212243423271e+02, -1.581001607736810e+02, 7.334380411255881e+02, 4.832302760765980e+02, 1.173563781327934e+02, 2.433903205544489e+02, 5.536598894255392e+02, 6.720743123339571e+02, 1.469880352320039e+02, -3.446206781307138e+02, -4.243883024055565e+02, -2.128473699312390e+02, -2.050097507155259e+02, -2.411348086709988e+02, 5.097412292309832e+02, -4.147392966218065e+03, -9.370225595138878e+01, -2.220938372293987e+03, 3.956451351176627e+02, -2.622523582808727e+03, -2.213036398835942e+03, -2.056706221916044e+03, -6.567400307466622e+01, 2.234308195801200e+01, 1.993129840754900e+03, -1.226812272792319e+02, 1.936799828086725e+03, -5.141257347609203e+02, 8.654095998675905e+00, -1.125120036744398e+02, 1.116773381073519e+02, 1.843409704840863e+02, 8.588858879766256e+01, 2.267032859203750e+01, -8.590080835566648e+01, -6.993761345572753e+01, -8.880791938696612e+01, 2.056433234224018e+01, -1.594484696551989e+03, 3.551099905197953e+02, -7.982904453624052e+02, -4.298030316050588e+02, 2.606472724733882e+02, 1.603844852391057e+03, 5.920218486966622e+02, 5.306769923150714e+02, -4.099041935842928e+02, -7.452937442180586e+02, 9.880547293845972e+01, 1.574589847224414e+02, 6.307700352683481e+02, 1.530993282327628e+02, -8.317476432376729e+01, -2.561111687453749e+02, -2.348423638217171e+02, -3.836435056978468e+01, -1.478741590291536e+02, 1.813054847210855e+01, 3.251334726036549e+03, 2.910772810214984e+03, -9.722026538317642e+02, 7.061250486421612e+02, -2.267430817903371e+03, 2.913785203137318e+03, 1.236334254735715e+03, 1.984495513365548e+03, -3.116709394500608e+02, -1.588848137193299e+03, -6.856187996012125e+02, 2.737334765166440e+03, -1.426200963275200e+03, 2.627782322928612e+03, 3.844423580702773e+01, -3.761596097030070e+01, 3.892103243813670e+02, 2.018370812703393e+02, -1.934337564600450e+01, 5.825588513867861e+01, -1.074085651065066e+02, -1.657042177093172e+02, -3.867042400964088e+01, -1.411002510567384e+01, -1.133124810022434e+03, 8.803825719964836e+02, -6.254214677348255e+02, -2.301523720753567e+02, 6.027798949781034e+02, 1.129103572888694e+03, 1.862372110938574e+02, 3.702996654762212e+02, 4.449697413296111e+02, -6.225743321238343e+02, -1.341531815527559e+02, 4.584355155691507e+01, -1.080306815294357e+03, 7.645238944852716e+01, -3.625318623595577e+02, 8.587740085060322e+00, 2.149436287669447e+02, 3.002765070075333e+02, -7.866427507743389e+01, 4.840093257593666e+01, 1.396341080218985e+02, -7.526962512390351e+03, 5.652940848382008e+03, -9.542663611243992e+02, 1.685538427096815e+03, -2.871999496966742e+02, 5.500106705964896e+03, 3.716085863397665e+03, 3.212694777527187e+03, -2.246775391162629e+03, -1.508434845923166e+03, -2.997847121237933e+03, 1.127031041775281e+03, -2.384275611441774e+03, 1.626371143020910e+03, 4.023901993558739e+01, 2.949724409635964e+02, 1.367552634472530e+02, -2.185770579985605e+02, 1.672613614369991e+02, -1.729493580316801e+02, 7.833311796924168e+01, -6.063036723473938e+01, -6.751034628291335e+01, -9.031631324283012e+01, 1.076327566147970e+03, 2.631605825851000e+02, 1.031239588462572e+03, 5.879491278303909e+02, -4.360164824943705e+02, -3.013239226125545e+02, -5.515628701742042e+02, 1.621852931552914e+02, 6.394557786622626e+02, 7.558102238327717e+02, 3.007424154758417e+02, -8.647735802164673e+02, -5.551891098983269e+01, 4.520291129807555e+02, -1.151039458068289e+02, -3.076932280363901e+02, -2.409270210788635e+02, -7.850843427192241e+01, 1.656143319135025e+02, 2.588564922877878e+02, -1.223989343926857e+02, 2.505876844009568e+02, 3.608841355309815e+03, 9.343367981647611e+02, 3.185773453165663e+02, 2.019113647875556e+02, -1.530426207960131e+03, 1.262585015561061e+03, 1.183324872817399e+02, 8.372141625921413e+02, 7.576653917825247e+02, -5.409238897126274e+02, 1.257436347343734e+02, 1.561372427799957e+03, -5.071712210463074e+02, 1.403888519008045e+03, -7.082343563353907e-01, -1.935249534499178e+02, 4.502294976122792e+01, 1.459180705920512e+02, -1.150532058305088e+02, 1.339031026486956e+02, -4.791375994622633e+01, -1.102428228039167e+01, 4.740897613208298e+01, 8.725595909433893e+01, 1.230285170191869e+02, 1.196263719700768e+02, -6.853620019134578e+01, -8.115704844991950e+01, 3.889349602501116e+00, 1.073616930763538e+02, -8.717814455678051e+01, 3.232395703149168e+01, -5.294605572764297e+02, -2.178352427311903e+02, 6.115501906773276e+01, 2.476346151317535e-01, 4.042866546520904e+02, 3.041717148958318e+01, -1.290785720688336e+03, -4.431422289245059e+01, 1.340051018650273e+02, 4.635723633167714e+01, 7.436438152193936e+01, 1.456014666839234e+02, -2.289071525743121e+02, 7.309824550415945e+01, 2.866286687302108e+01, 1.339340998880674e+03, 5.590647678263736e+03, -3.553341278054805e+03, 3.906776032564147e+03, -2.233881208670574e+03, 6.026230736168426e+03, 4.645271679577899e+03, 3.908016925227873e+03, -3.360871354996686e+03, -2.738990218430671e+03, -4.786232121060208e+03, 2.877489860789445e+03, -3.969425592779376e+03, 2.740661551965992e+03, 4.911340459975171e+01, 1.522237600878485e+01, -1.443831669639658e+01, 8.597413935500494e+00, -6.278009640742222e+01, -1.792251293216962e+02, 5.511775888547403e+01, -3.216619850353484e+01, 3.651284870077091e+01, -5.311497882278176e+01, -1.833043826466089e+01, -2.267944240956809e+03, 3.344976176469425e+01, -8.049629690926430e+02, -2.020762979466594e+02, -4.886169561052572e+02, -3.786153180644865e+02, -5.217577802858220e+02, 1.361151696630167e+03, 3.333070316282805e+02, -3.663517531739667e+02, 3.664415465478085e+02, 5.423411884014839e+02, 3.225403209460906e+02, 2.561189998921372e+01, 1.189817001275059e+02, -1.200823181817069e+02, 6.490039283482665e+00, 1.060491287773833e+02, -2.532830340502775e+01, 6.522765760899158e+01, 2.995949919889883e+01, -1.146690787312132e+01, -7.294676485376249e+01, 5.747977725069830e+01, -7.286686266848210e+01, -9.133507598731381e+00, 2.161501268869190e+02, 6.625050457490390e+01, -9.022846011681860e+00, -1.597638934854830e+02, -4.815916484948951e+01, 5.784369777672254e+02, 1.621484821225454e+02, 1.593206812520743e+02, -2.111263843549139e+02, -2.335817282029869e+02, -1.851749550618766e+02, 8.000030155361452e+00, 1.537473600589857e+01, 1.205170133293339e+01, -1.710473988280323e+01, -8.583679629715498e+00, -1.615733270163857e+01, -1.047494976706422e+01, 1.092752753969892e+00, 5.335282890330738e+00, -1.257562084515494e+01, 4.299102428135569e+01, -2.492552244043616e+01, -3.498129000784520e+01, 3.142301643066731e+01, -1.513984069376846e+01, -1.520279853154029e+01, 3.085111329700373e+00, 2.361225144264569e+01, -1.943418686683108e+01, -6.582151553241178e-01, 1.771579795218396e+01, 3.153021699242656e+01, 2.576057740256379e+01, 4.376083756214864e+01, 1.745329309938154e+00, 1.143593771149097e+01, 3.533401209492843e+02, -1.967263504407566e+02, 2.068787060209067e+02, 3.504969491405354e+02, 1.251680979310934e+02, 9.805961275070445e+01, -1.822408839967713e+02, -9.020883566801928e+01, -1.196937867678606e+01, -2.547586387529751e+03, -1.502144308543897e+03, 5.899347809907454e+02, -8.683013586791847e+01, 9.224597773162687e+02, -5.948839419027272e+02, -6.794926285300077e+02, -5.971608915120465e+02, 1.950902037267650e+03, 7.418004582155776e+02, 5.260944771148418e+02, -1.096733659794621e+03, -4.572931084562335e+02, -1.081392422057314e+03, 6.893786443509511e+00, 2.352872397071874e+01, 2.835965716280863e+00, 7.347643132847824e-03, 2.615824488744300e+00, -1.897773290515333e+00, 1.117939512733426e+01, -2.440149041737419e+01, -2.024759985989441e+00, -2.242660007527524e+01, 1.689025791168446e+01, -8.513123519613293e+00, -1.337718921988395e+02, 5.853089477508193e+01, -1.576835377720157e+01, 5.390709663052348e+02, -7.307723094174878e+01, 1.995028457956748e+02, -2.778488578511451e+02, 1.795900688812970e+01, 2.142060717201282e+02, 1.099678006018386e+01, 6.896504334917221e+01, 8.925217921489558e+01, 3.343452186616084e+00, 2.364600338356611e+00, 1.143441400333936e+02, -1.430957505842267e+03, -1.190202069825630e+03, -6.195659257872179e+02, -2.671714764529510e+02, 6.034629137342163e+02, 5.113367696206631e+02, 1.446518456172352e+02, 4.724026726272934e+02, 2.646485591512412e+02, -1.240549508784799e+04, -7.006757274485828e+03, 3.762421073082076e+02, -1.353759962050484e+03, 4.678182056509915e+03, -3.196781025219074e+03, -9.818851477943164e+02, -2.811980472548474e+03, 3.263397765647185e+03, 8.397107227386900e+02, -5.548104814409955e+02, -3.361568693038683e+03, -5.134029974081143e+02, -4.606382425109192e+03, 3.541313558891118e+01, 1.033768174600476e+02, 8.865190923481595e+01, -8.673280295118849e+01, -3.325609177718094e+01, -1.978069135530017e+02, -1.086754566825836e+02, -1.262278167894427e+00, -7.388566723153585e+01, 4.038321245133255e+01, -6.005794216007893e+02, -4.092558841943907e+02, 1.705073753027250e+02, -1.548771220780219e+02, 2.108001533603882e+02, -2.242169753617373e+02, 1.777798201276346e+02, 1.467536773302853e+02, 3.653970692094045e+02, 3.122277777368323e+01, -3.853733624273439e+02, -1.998888224941439e+02, -5.450982524039320e+01, -3.957811887606297e+02, 1.746526826935913e+01, -1.044846300312704e+01, 1.762798162827293e+01, -8.128337944684695e+01, -2.385503193287657e+02, 6.436635590162500e+02, -5.236736952746030e+02, 4.921460928717423e+02, -2.916661547218260e+02, 2.560711153023313e+02, 2.249710933881762e+01, -1.123995773112080e+02, 1.815199589782551e+01, 5.468320618867114e+03, 5.794320636443534e+03, 3.427410781769574e+02, 3.855455570273576e+02, -1.477271101360465e+03, 1.001117229201106e+03, -3.688336714615544e+02, 7.368164699812826e+02, 3.539202580181606e+03, 8.776025626050099e+02, 1.690324786102471e+03, -8.667424009924400e+02, 5.417139786790924e+01, 2.322251974344346e+02, -1.439265717518167e+01, -2.787789332115127e+02, 2.284257754894321e+02, -2.096040117965270e+01, -2.738432438638278e+01, 1.201955921216255e+01, 1.456831350147502e+01, 9.913698218793753e+01, -1.926951390479007e+01, -1.710577180899935e+01, -2.252241900732051e+02, -4.173927409237718e+02, 2.480107409973465e+02, 4.834857765292195e+00, 3.303388616192574e+02, 8.035294784405193e+02, -6.446936078547346e+01, 3.440414992841318e+02, 3.729317382315107e+02, -3.349373091447582e+01, -1.085868871614470e+02, -3.624899279897529e+01, -2.058350495625372e+02, -3.545196573506913e+02, 8.513500612629057e-01, 1.184527633703628e+01, -3.971987683389804e+00, -1.777449112830944e+01, -7.283871511954334e-01, 1.174637325140443e+02, -2.494765480797059e+02, 2.085366637985564e+02, 8.853183389915586e+01, -1.378828896974545e+02, 2.041689656283960e+02, 1.061741512662814e+02, -2.219169978297888e+02, 6.014117646414703e+01, -6.192458352616417e+03, -3.286648220689351e+03, 2.454827515620725e+02, -2.303025413507616e+03, 1.838504669665493e+03, -1.423027756133517e+03, -1.488718113306990e+03, -2.122785271563788e+03, 1.008478115773890e+03, 5.222500494204356e+01, 1.823595226349084e+03, -1.090291643568356e+03, 1.313957383045941e+03, -1.997277665973369e+03, -1.529614630065339e+00, 1.905024056290508e+01, 4.547576362724269e+01, -2.476090187371511e+01, -3.768228833870271e+01, -3.771917234651080e+01, -4.045365157098980e+01, 6.567213383880255e+00, 7.346574855717303e+00, -1.684421434635234e+01, 1.492357711274378e+02, -2.006548113477945e+01, 6.780502860580981e+01, 7.996886784430724e+01, -9.286153850948057e+00, 1.172778808372428e+02, 1.131906876650933e+01, -6.286810785487668e+01, -5.042296964410981e+02, -1.271796467382785e+02, 1.200194451889827e+02, 1.411731985464388e+02, 1.382028892799034e+02, 2.968391979606832e+02, -2.804748655551963e-01, 6.077702883059589e+00, 6.463247849566612e+00, -6.768772356749889e+01, 5.565058648767215e-01, -2.799741477775167e+01, 3.858239498948693e+02, 5.898998218027892e+02, 8.312631618898413e+01, 9.472284317112455e+01, -2.658951919288793e+02, -2.017030631332918e+02, -1.278003433056227e+02, -2.083785201174579e+02, 8.388784379649378e+01, -5.938087517139112e+03, -2.715744730355185e+03, 3.971330477466371e+03, -2.384119355658670e+03, 7.858312187988938e+02, -2.529152261452872e+03, -1.276723875141897e+03, -4.412831947028873e+02, 1.483295954044901e+03, 1.289586809655133e+03, 1.137584635476536e+03, -5.544126517745841e+02, 1.555753702544654e+03, 8.382930334843730e+02, -1.063708125802938e+01, -4.779716237116036e+01, -8.499973211116515e+00, 3.012893162596800e+01, -1.119250295645689e+01, 5.237836694223067e+01, 3.838307334565048e+01, -2.039302923738330e+01, -1.954377712328407e+01, 4.391573100913715e+01, 1.523596914135915e+02, 8.532692192218293e+01, -2.091709900490788e+02, 2.179886091823478e+01, -5.342177370145276e+01, 6.623911662086987e+02, 8.229260813474382e+01, -1.101978930038316e+02, -1.181273647451781e+02, -1.031298041985703e+02, -1.471769406219768e+02, 8.129805546419219e+01, -1.231113714970741e+01, 1.024281927688376e+00, -5.889794961510815e+00, -4.232806570271050e-02, -8.935869193068250e+00, 2.763899535812380e+01, 3.314077779442488e+00, 2.253522173914320e+00, -1.657011729920657e+01, -2.731677783319069e+01, 5.301201297962432e+02, 3.331202063674294e+02, -8.023685296615290e+01, -2.847662340828742e+02, -4.634093010903097e+02, -3.579772474690703e+01, 5.067345650298103e+01, -2.069350448893364e+02, -3.973021790017912e+03, -4.220351450251694e+03, 9.961850144947082e+02, -2.082209922567024e+03, 1.131275903369686e+03, -1.262567914981140e+03, -8.330357735293810e+02, -1.174650862609552e+03, -2.267614197028895e+03, -5.768540577848545e+02, 6.806889488239841e+02, 6.233228594368367e+02, 1.283844269417124e+03, -3.666539933251317e+02, -9.684424995957805e+00, 1.143663787171655e+01, -2.534680915718010e+01, -4.197080650460033e+01, -1.235101945739363e+01, 2.005047589879998e+01, -1.862772918185104e+01, -7.684814510668974e-01, 5.222139215294899e+01, -8.912496275442336e+00, -5.500884741165335e+01, 4.017584188602875e+02, -4.762310821551468e+01, -9.188319956412307e+01, 3.397916005565918e+01, -3.942963860371111e+02, 3.326808042374709e+02, 8.339424717730195e+01, 6.262004986673888e+01, -1.000511508833510e+02, -4.448310190683752e+01, 1.666908819345688e+02, -2.136557117846714e+02, -1.012181828419553e+02, -5.560710479097901e+00, 3.710519047762920e+00, -1.847073319923368e+01, 1.722021749564460e+01, 2.007281656444798e-01, -6.918554235675247e-01, 4.391986394952776e-01, -1.165811852276515e+01, -2.653654913830393e+02, 5.006704554986159e+02, 2.517271392568596e+02, -2.712483367144954e+02, 8.797951572689016e+00, -1.656959108712796e+02, 1.136029036230563e+01, -2.644575300613888e+02, 1.924494943156778e+02, -2.368481769004512e+03, 5.084249161039919e+02, 2.785399842422405e+02, -1.830609068736896e+02, 1.927094940093439e+02, 1.695219183372652e+03, 1.146191158063210e+03, 4.753021953444643e+02, -2.485357955296578e+03, -3.862472426407904e+02, -7.820979158578619e+02, 3.447096516476039e+02, 3.387160345853030e+02, 3.776110750626490e+02, -8.976582572535586e+00, -2.116759492171429e+01, 1.986587620108889e+01, 2.415935657173893e+01, -2.294641729880239e+01, 2.615882129765186e+01, 2.097733175729784e+00, 2.211856752473373e+01, -2.544287687275045e+00, 7.202889204954952e+00, -5.743181285085335e+01, 2.085656795270064e+02, 7.243887456842048e+00, -2.124880894364252e+01, -1.618083910021510e+02, 1.382987555371922e+01, 1.163536127064228e+02, -2.277162694904030e+02, -1.033789181050379e+02, -1.149208644331938e+02, -2.448605202509000e+02, 7.173316198645723e+01, 6.782449797602585e+01, -5.899795299084361e+01, -6.147419352056015e+00, -8.103688954629100e-01, -8.692916622696906e+00, 1.620146385557061e+00, -1.303310459811534e+00, -2.376107827123280e+00, -3.152796807270566e+00, -2.453364570804976e+00, 1.007821764343928e+01, 1.864324978719022e+02, 7.308883466248113e+01, 6.773655915352211e+01, 7.590333409792333e+01, -1.770143443227083e+02, -1.365693585527468e+02, -1.302607600787699e+02, 4.124733512366276e+01, -8.733777274001955e+01, 6.502755044428529e+03, 1.208665519878343e+03, 1.352483968593927e+02, 2.347993603975698e+03, -1.437606665321189e+03, -1.177457100497290e+03, 1.774975795716480e+02, 1.145726322225046e+03, 8.436845391943690e+02, 2.868544678417007e+02, -1.235631023719729e+03, 5.515268570417219e+02, -1.373020713333699e+03, 1.391168918026664e+03, -1.541481181740484e+00, -1.525056065842725e+01, -4.769265015896688e+01, 2.397650705897567e+01, 1.880164829222634e+01, -1.868156269421886e+01, -8.296004203811464e+00, 6.119357348876745e+00, 9.423968303266332e+00, -1.825882427191262e+00, -4.957400194814258e+01, -4.156712181982074e+01, 4.477630233274615e+01, -5.879275215617632e+01, 2.433965944145699e+01, 1.120602273995486e+02, -9.581376494443539e+01, -3.872350840740819e+00, -1.649417114685417e+00, 4.917393155176874e+01, -1.903089413202964e+02, -2.135591627832248e+02, -1.138322590056173e+02, -5.367432226749322e+01, -2.048668707004311e+00, 1.292858557814425e-01, 4.267526192710350e+00, -3.856911534081307e+00, 6.552529744724305e+00, 2.215200018415610e+00, 2.819471625238531e-01, -1.286346956464493e+00, -8.239859436867497e-02, 4.193041976469129e+00, -4.084247638711166e+02, 2.758499271403097e+01, -9.929224850284432e+01, -1.731487496472044e+02, 1.725921062022516e+02, -1.832826628950100e+02, 2.856714404846665e+02, -2.169687714191813e+01, -2.503696621479239e+01, -1.980483531180010e+03, -1.963861677623933e+03, 1.202197562626085e+03, -1.813978909675445e+03, 3.752418362501516e+02, -5.165348408518228e+02, -6.253588836666224e+02, -6.676499796908307e+02, -1.625636782981727e+03, 7.103325860289908e+01, 7.886985526686185e+02, -1.214142432062962e+02, 1.585911590722681e+03, 2.427750914654497e+02, -3.015037372531642e+00, -1.065241846511165e+01, -7.755220135329234e+00, 2.624541227807055e+01, 1.282171440268698e+01, 2.606242436053398e+01, -3.871092084559885e+00, -2.333769680003939e+01, 4.552148078619745e+00, 8.222648270414441e+00, -1.029836784900853e+02, 3.875115358560826e+01, -1.733808823177208e+01, -5.961723569042130e+01, -2.379473644914997e+01, -8.136782021144069e+01, 9.739542132688300e+01, -6.242725658013683e+00, -1.281924930472012e+02, 1.301960102686047e+02, 8.042873378278495e+01, -5.616408315944061e+00, 1.155204473694602e+02, 1.072130347641416e+02, -2.622994803544142e+00, 1.046483876401453e+00, 6.728065086653297e+00, -2.783110714518040e+00, 7.185890966842080e+00, -3.999844977392743e+00, -3.285295827750546e-01, 1.218032348542742e+00, 6.603639087583648e-01, 6.399427493128755e-01, 1.400416633477384e+01, 5.252274227472302e+02, -6.055302697616924e+02, 5.977936572361499e+02, 1.005633777057760e+03, 5.734059369703527e+02, 1.809429396312508e+02, -6.642183421217968e+02, -6.238328243622863e+02, 5.547115760058724e+02, -8.794544189449918e+03, -7.695053353610883e+03, 1.497806163726249e+03, -6.695900196923290e+02, 3.235321071782010e+03, -1.466914208556241e+03, 1.454666360937401e+02, -1.705985909052966e+03, 7.946987541207985e+02, 4.311644053653426e+02, -1.600591970835231e+03, -2.567801903971112e+03, -1.877160989078049e+03, -2.803790940064500e+03, 5.170984727179043e+00, -1.144287848605482e-01, -3.901034383768249e+01, 5.846713897834123e+01, 3.220682141930472e+01, 3.363640107348565e+01, 6.142220319688296e+00, -3.531756277992029e+01, -4.656465508749741e+01, -1.854329785731515e+01, -1.125548320201273e+02, -4.604913865364791e+02, -2.200186349813570e+02, 3.680937015714110e+01, -4.819632903013741e+01, 6.716201935973800e+02, -1.156233496809031e+02, -3.660684893724005e+01, 2.880693716300544e+02, 4.839400749817246e+02, 2.975268752390181e+02, -1.366333181867344e+02, 4.883781902354284e+01, 1.203488211497114e+02, 2.364600370830785e+00, 5.209946290944779e+00, -3.669832908894292e+00, -5.309725572137291e+01, -1.062452072148853e+01, -2.072615482419899e+00, -1.412092154634015e+01, -4.324777480666839e+00, -2.131771603351330e-01, -4.299928687063840e-04, -5.936821282300475e+00, -5.708888550373477e+01, 5.005704484377641e+02, -3.728729738878232e+02, 2.849546220168586e+02, 7.796428744008327e+02, 1.173292334103989e+02, -3.822517044169703e+02, -7.963563419780024e+02, -1.847321266758331e+02, 2.020076232755899e+02, -9.678206726048982e+03, -3.014545455506346e+03, -1.463095785752358e+04, 1.064273572011753e+04, 2.015771717088960e+03, 8.994415309469456e+02, 9.001751228400131e+03, 2.601832115965414e+03, -3.583023071420783e+03, -8.175902585034532e+03, -1.705000909096616e+04, 1.133557004266951e+03, -1.556200917797749e+04, -3.297232035153109e+03, -1.447752903841642e+01, 4.485081441467521e+01, -4.128687216005968e+02, 1.326789979331688e+02, -1.406671237124241e+02, -1.734710632936633e+01, -6.025401565971919e+01, -4.013157923414409e+01, 5.947219401674973e+00, 3.297517037678231e+01, -1.261141134768572e+01, 7.850366229410088e+02, 5.243911564687904e+02, -1.836730705528685e+02, -7.800846058281320e+01, 1.196921261807649e+02, -1.080233193008011e+03, 8.068702298046999e+02, -1.174800988936561e+03, -2.131625695591182e+01, 3.410787367598512e+02, -5.058818829663033e+02, -3.804390236463274e+02, -2.841043620387333e+02, -1.044847052092522e+01, -3.669828706186655e+00, 1.193466537970884e+00, 2.124531060440295e+01, 7.313717348217393e-02, -1.101519138345708e+01, 3.869379089097844e+01, 1.375520831320826e+01, 9.363549041519004e-02, -1.040172800229120e+01, 3.065205985642894e+01, -1.465403745156693e+01, -9.872654013371937e+01, -9.206267486900576e+02, 2.204207261254296e+02, 1.308097906804779e+03, -3.609895228168422e+02, 5.454727256880693e+02, -8.172001831944924e+02, -4.589334164593517e+02, -3.586321742382872e+01, -1.497162384724147e+02, -5.659560888701181e+03, -1.763770887646834e+04, -4.292348908270148e+03, 2.130289214892167e+03, 5.393598848077640e+03, -6.458403719003528e+03, 4.156457404817490e+00, -4.765122644833404e+03, -1.002485063395471e+04, -1.684962379859573e+03, -6.022964494235516e+03, 8.441655756798316e+02, 5.757139191882203e+02, -5.891076469675162e+03, -3.457330664453528e+01, 2.745689383848039e+02, -3.629159537910544e+02, -2.253718787714890e+02, -1.051809303456811e+02, -4.133399867059625e+01, -7.951125321348484e+01, 1.096268435160352e+02, 3.149249547260410e+01, 9.576409605680759e+01, -8.474938780037398e+02, 1.590280581046858e+03, -2.632740334573163e+02, 2.847827319909374e+02, -4.676330697860280e+01, -1.075254519071851e+03, 5.266544349874545e+02, -5.572868278900481e+01, 1.184950830216134e+03, 3.327154545193324e+02, -2.399643574225518e+02, 1.295957739992721e+03, -3.576721111534764e+01, -4.797463190286928e+02, -1.184527202869492e+01, 5.309725795890065e+01, -2.124532264666600e+01, 2.053161711827292e+01, -5.151213601683566e+01, 2.674128009483386e+01, 2.191283515530715e+01, -2.606729952104222e+00, -6.928722409758501e+00, -1.736294434789356e+01, 1.973159198703168e+01, -1.181496040679497e+01, 1.530299533265585e+02, -7.499891624948106e+00, 1.982659434564818e+02, 4.452675896849044e+02, 6.575433066063388e+02, 4.902456936051617e+02, -2.941938103945532e+02, 3.965926091054720e+02, -6.678942915306099e+01, -7.487053879899103e+02, 1.458162951122216e+02, -7.852978507676840e+03, 4.088947183594359e+03, -6.652542356896538e+03, -3.981141701118524e+02, -1.052721722673958e+03, 8.352419445079524e+03, 4.433715161378844e+03, 1.855224055746889e+03, -4.366061704811987e+03, -6.615765915673767e+03, -1.886990386947358e+03, 4.244289555252226e+03, -3.168175951532901e+03, 1.952938461558038e+03, 6.137851518601014e+00, 5.122620458519664e+01, -3.085985749244093e+01, -9.708051855497432e+01, 9.401318324228109e+00, 1.733439022437530e+01, 7.502949093685109e+01, -1.124487193343036e+01, -4.277168823211484e+01, -2.236070715161269e+00, -1.058809512287693e+02, 5.088135846482544e+01, 1.719521821597936e+02, 2.075405091518591e+02, 1.060735915701500e+02, 2.032216554652373e+02, 1.718760791147268e+01, -3.400857623238329e+01, 3.899143469702768e+02, 6.567235340602641e+02, 5.314690063556731e+02, -4.331832094610203e+01, -1.123325819277313e+02, -1.757756843378895e+02, 6.077699637558783e+00, -1.062452080027961e+01, 7.314199997583005e-02, 5.151213941405519e+01, 3.765042017086790e+00, -2.717455677584289e+00, 4.380061180394529e+00, 9.327149953873020e+00, -3.547025555479530e+00, -2.747139498946901e+00, -1.837301907233777e+00, -1.803543281008020e+01, -3.671863145552955e+01, -3.159491180546411e+00, 3.316257714325051e+01, 7.597763111582366e+02, -2.569561377797272e+02, -1.016388777062449e+03, -3.254605641980089e+02, -5.950017157164208e+02, 1.835344512137696e+02, 6.317784813441752e+02, 1.223588993263519e+02, -2.967418616159501e+02, -3.327900760805713e+03, 1.729677323088199e+03, 8.031125195498175e+03, -1.827677100807193e+03, -1.354776263572821e+03, -4.576596666769944e+03, -2.348197603363330e+03, 1.913636343609294e+03, 3.636505506954516e+03, 2.808328753779794e+03, 2.834827197418501e+03, -1.364603086335664e+02, 1.932913079833110e+03, 4.963585236994445e+03, 1.739100356107302e+00, 4.056903809197234e+01, -6.058017951533527e+01, 3.530534561765299e-01, -5.530459310182427e+01, -3.484861465770987e+01, -2.659400930498088e+01, -2.482735524692029e+01, 2.465558686540446e+00, -2.783336173454628e+01, 2.084877260812252e+02, 2.422516968269225e+02, 1.197430196997955e+02, -5.215152184408650e-01, -1.014478737405382e+02, -5.858881254354959e+02, -2.862672322766491e+02, -1.391847761722198e+02, -5.707777273670914e+02, 2.905998068894006e+02, -8.619837390814681e+01, -3.283177470171235e+02, 3.524712094271180e+02, 2.206060247639338e+02, -4.232794696158992e-02, -2.072613018670636e+00, -1.101518291192414e+01, -2.674127706200177e+01, -2.717454176469182e+00, 2.028832890858911e+00, -1.027802973887011e+01, -2.281078950062452e-01, -1.272767728659325e+00, -3.351769974559937e+00, -3.780393620175764e+00, 1.558562370683423e+01, 4.219035890709779e+01, -1.617182572804196e+01, -1.875834169348247e+00, 1.680912761273775e+02, 1.106305350904061e+01, -2.731461634188668e+03, 3.599767322162182e+02, -1.026080534414475e+03, 1.297820757438811e+03, 1.277644764645064e+03, -8.538233740761457e+02, 3.027369450956673e+03, -2.540345162686824e+03, 4.877661744400983e+03, -1.883259233882721e+04, -1.971062458414455e+04, 6.323522878253507e+03, -6.646714621966304e+02, 5.190087287326270e+03, 1.428673904875477e+04, 3.090751777271630e+02, -3.293613803311247e+04, -1.252502902316521e+04, -1.673716377708635e+04, 1.076831543176585e+04, -8.048559103129011e+03, 2.051839146209463e+03, 2.277671142563318e+01, -6.894490326604348e+02, -2.096528393713374e+02, 4.621324151047269e+02, 7.517302215765415e+01, -3.796354962674321e+02, 9.893690519861610e+01, 1.105439219950171e+02, 2.275004162288726e+02, -5.601104622642112e+01, 1.490861686834015e+03, 3.939055561017705e+02, -8.548968752071294e+02, 6.370138060018863e+02, 1.205146701038407e+03, 1.330729036733157e+03, 5.531147395531676e+02, 1.232838203569163e+03, 2.305645458014969e+03, 1.452015237909600e+03, -1.524346141384376e+03, -7.051938474085083e+02, 7.948536967063072e+02, -1.471632177265089e+01, -1.309442376235761e+01, 1.172129349278621e+02, -2.010421292594279e+02, -1.388166887509709e+02, 1.941174846471729e+01, -7.442940637486951e+00, -6.014439909809103e-01, -2.622920863569953e+01, -1.670715439893132e+01, -1.943463609957670e+00, -7.639386003077817e+01, 1.724513098338187e+02, 6.422778012922865e+01, 3.541311074063917e+00, 5.368291981876334e+00, 1.015626954216331e+02, 4.801201373490651e+01, -6.405542711675938e+02, 1.978929781949269e+03, 3.498056154947853e+03, 3.795505125009546e+03, -6.770187736450309e+02, -1.240870965843530e+03, -1.028536592203030e+03, -1.637799281614996e+03, -7.328446259585752e+02, -2.562858205773665e+04, 5.695036189509759e+02, -6.071976032760480e+03, -2.159738696533339e+04, 9.141954739455219e+03, 1.474506301248129e+04, 5.987459601800461e+03, -4.894263927986512e+03, -1.238257981080049e+04, -1.576046263077706e+04, 7.820579043833097e+03, -1.818680727906090e+03, 8.283054120503459e+03, -2.200942080267527e+03, -6.962301447678992e+00, -1.041408147019871e+02, 2.105562405900875e+02, -3.020286905416392e+02, 2.164733913462027e+01, 1.431702439071842e+02, -3.861899440495051e+02, 1.589712061289954e+02, -2.515040727554845e+01, 5.995935255993717e+01, 1.530262912032255e+03, -2.574352309462523e+03, 1.587152953976844e+02, 4.339200276703694e+02, -8.695469322870795e+01, 3.358749232117886e+02, 1.006338717591500e+03, -9.744278302939728e+02, 1.971970621009239e+03, -6.534473035990316e+02, -5.280214632164199e+01, -2.623338100787016e+02, 1.924201297852962e+02, -1.676052877720734e+03, 1.421966766655823e+01, 2.639634360806505e+01, -2.273190467662822e+02, -1.588390299072200e+01, -3.385469146882359e+01, 2.664076262275334e+01, 1.272815098026911e+01, -1.312264587374616e+01, 8.293217627943118e+00, -1.001840709443077e+01, -2.789003815440008e+01, 2.505902772127313e+02, 1.233288047276935e+02, 2.064891339223876e+00, 2.277335710699135e+01, 2.263407354049811e+02, 8.916450576062806e+01, -1.391244137244459e+02, -4.321381950809548e+03, -1.991807919190146e+03, 1.194251958336862e+03, -3.719605744815133e+02, 2.606368950084985e+02, 4.116293718289884e+02, -2.308379176818456e+02, 4.524426577846421e+02, 2.054123718214510e+02, -8.470566602447162e+04, -2.900263308659336e+04, -1.537147308873285e+04, -1.446027604268364e+04, 1.429698226371779e+04, 6.381551835438414e+03, 3.089627588922470e+03, -8.049572258164918e+03, -1.526121493350778e+04, -1.318182693420355e+04, -4.627740558704807e+03, 6.392798301481532e+03, -5.848997564370692e+02, -1.022974747760778e+04, -2.329436475347741e+01, 3.359466548436144e+02, -4.938182474551232e+02, -4.160922306216235e+01, -2.228379690063380e+02, -9.366183426777090e+01, -2.025257428651733e+01, -6.074798027028042e+01, 9.755578325824602e+01, 1.240297873004540e+02, -1.033849361829494e+03, 2.326522716616361e+03, 1.118715158837228e+03, -1.474570479019211e+02, -1.372831010023632e+02, -1.229508979994519e+03, 8.133487346637435e+02, 4.123674555515627e+02, -1.232240770627764e+03, -5.744820969155289e+02, -8.197787314431226e+02, 2.889723997163766e+02, -4.047078196482133e+02, 1.856889777448419e+02, 8.884034924966219e+00, -3.344229404531418e+01, 2.120904759779965e+00, -1.222417044324799e+02, -5.884640071250573e+00, 4.532819273707384e+01, -2.052588852747918e+01, -2.154736567816613e+01, -1.955019912258054e+01, -1.036451473770580e+01, 4.423424547536197e+00, -8.399681353776280e+01, -8.256232369279935e+01, -4.032795004825789e+01, -2.717250958494399e+01, -2.512889269801640e+00, 9.318979555301217e+01, 5.457214035097506e+01, -2.792601350109786e+02, 2.649650258498029e+03, -8.939179071442022e+02, -4.814475144533576e+03, 2.198389234199805e+02, 7.803359850310618e+02, -1.723693151574705e+03, 2.731838872379442e+03, 1.187507021574788e+03, 5.443654159149334e+02, -3.745959936823858e+04, -5.609798156273389e+04, 1.285906607632302e+04, 1.158394741887362e+04, -1.640787404210966e+03, -1.714850119479838e+04, 9.519120469724342e+02, 7.372622835600732e+03, -1.703455145168616e+04, -5.234109697775092e+03, -1.158089178426893e+04, 1.311282467940280e+04, -2.332154891049848e+04, 1.942681266994480e+04, -2.320954166864267e+02, -4.451622461088695e+02, -1.966772607728610e+02, -4.040516939129005e+01, 3.719945641387711e+02, -2.837900297135883e+01, -1.881124567915434e+01, 4.372369618624467e+00, -4.142492256347213e+01, -2.022999074535980e+01, -7.449781582700111e+01, 2.514477145198770e+03, 1.897358444193338e+03, 8.626695200789643e+02, -9.718489233840864e+02, 5.924189337366651e+01, 2.160107209384176e+03, 4.902243962354416e+02, -1.703148055398636e+03, -2.783820478131811e+02, 5.515473011160051e+02, -1.303674640480006e+03, 5.270667592845020e+02, -9.610286693407652e+02, -2.011712359688038e+02, 4.483391797965419e+02, -1.763599888620847e+02, -1.046572243017288e+02, -8.582494142102523e+01, 9.030017813148707e+00, -2.039045220551058e+01, -6.242640187147215e+00, 1.793901629267697e+00, -9.336904558061312e-02, -2.398550848811275e+02, 2.503579664415912e+02, -1.498057978480610e+02, 9.908137058548321e+01, -8.174085335634482e-01, 6.007272198720884e+01, 4.870481150279011e+01, -7.200939359569232e+00, 1.325375826445429e+01, -1.348356393283306e+02, -7.265127426740032e+03, 2.243602429290162e+03, 2.387745584499293e+02, -7.075120914328566e+01, 1.935186001680315e+03, -7.037730699760843e+02, 2.887876347037281e+02, 2.847410828522193e+02, 9.169880003153204e+02, -5.589032043728013e+04, -2.598215790741941e+04, 7.480397039353098e+02, -6.229799632266341e+03, 1.030749036123735e+04, 1.117811316454107e+04, 6.969467281024296e+03, -4.183886844203141e+02, -1.514944842142481e+04, -4.889109665807963e+03, -1.067792071691570e+04, 1.195403589548798e+03, -2.000378546596866e+03, -4.417406475817698e+03, -2.990035152230280e+01, -2.682012441903861e+01, 1.722821591948488e+02, -1.016216257524325e+02, 2.389879484829069e+01, 3.397785259167047e+02, 5.165549999100149e+01, -1.694998557037725e+02, 4.303517956165176e+01, -7.821268013187634e+01, -6.322396615453855e+02, 6.805276777991271e+02, -2.285290410938505e+02, 3.532576463452127e+02, -7.621362664696337e+02, 1.892442771505565e+03, 6.174396373050148e+02, -1.230815124974068e+03, -2.593337699834532e+02, 3.078439709939028e+02, -4.883945736650890e+02, 1.515012224587493e+02, 6.156229130411213e+02, -9.656982929453332e+01, -6.681181292614106e+00, -1.558109531280101e+01, -5.873085985493784e+00, 1.274696973634961e+00, 1.674367924636467e+01, 4.248089300854254e+00, -1.172109283507938e+01, 1.002503328945424e+01, -1.219334524611658e+01, -2.954293064227289e+00, 8.664951187876417e+00, -3.869982059777469e+01, -1.238864527538113e+01, -2.511893140638893e+01, -2.511255813507378e+01, -3.646200148078959e+01, 1.395462272046535e+01, 6.778276759303326e+00, -2.318249257318757e+01, -2.313479896006303e+01, -1.560793535202697e+02, -6.333712578560358e+03, 2.694815619753300e+03, 1.866166838628834e+02, -2.979445595715394e+03, 3.225196069044224e+03, -2.717180404803593e+03, -8.220629563702003e+02, 3.383147285881556e+03, -6.657967023406611e+02, 4.585123218457991e+04, 5.152610106584199e+03, 2.375043706114979e+03, 2.331651883977878e+04, -1.182150713896295e+03, -2.007810294858100e+04, -1.733897990080905e+03, 5.333211794165019e+03, 1.628937721838565e+04, 1.458213558583206e+04, -1.304571016009039e+04, -8.099004418855314e+03, -8.053686379466197e+03, -6.141428204962884e+03, -2.024136141061220e+01, 4.226517646253409e+02, 7.356153214334212e+01, -1.550016590561763e+02, -1.965940528533285e+02, 2.069165131787263e+02, 1.645499922772218e+02, -8.637761949444324e+01, -1.112409014600636e+02, -8.581375529821108e+01, -8.508419493148189e+02, 8.875579221495924e+02, -6.585721290682774e+01, -9.815997426198595e+02, 6.568610021129419e+02, -1.663530792466714e+03, -5.426635797630727e+01, 1.873162658283596e+03, -7.843405632604425e+02, -1.885686235292445e+03, 5.669942754081371e+01, 2.651588892097736e+02, 9.591751314140072e+01, 4.421196287613208e+02, 6.487030218328044e+00, -4.832162176926012e+01, 2.177060854574707e+01, -2.241758827718255e+01, 2.319702585657051e+01, -7.999388125315674e+00, -1.367054520446029e+01, 7.611407289890746e+00, 1.161164184801701e+01, 5.999910826408278e+00, 6.470483630450449e+00, -2.971048276629471e+01, -9.434756501078517e+01, -1.621979134601656e+01, -4.757517731573010e+01, 5.163709041983527e+01, -3.002042054799687e+01, -3.488896117128260e+01, -1.578455808009425e+01, 3.075516117570582e+01, -3.430092185044051e+00, -1.676802976714812e+02, 1.412742402141621e+03, -1.130556178459541e+03, -1.702807104511047e+03, 5.937534176498266e+02, -4.345357198098217e+02, 1.357350502848174e+03, -9.326306206469995e+02, -7.796074800602806e+02, -3.427616275678241e+02, -3.662124341498516e+04, 1.703730997200502e+04, -1.547221411607430e+03, -1.627571449340253e+04, 9.879254635502495e+03, 2.142046384960209e+04, -3.149181442265692e+03, -3.019684846140586e+03, -8.392056811427832e+03, -1.998052653219573e+03, 1.276355966770835e+04, -7.793467757130014e+03, 1.809421609759791e+04, -6.680615923364915e+03, 1.625032655985487e+01, -3.986109291143721e+02, -3.628693279577946e+02, 9.805064503315262e+01, -1.231137451922690e+02, 4.176860656436207e+00, -4.872715504159900e+01, -5.970965735424376e+01, 5.772461950234655e+01, 8.398060444088624e+01, 1.495450962263723e+03, 4.944531191019429e+02, 1.324835509769774e+03, -4.042303921289902e+02, -4.281309438565860e+02, 1.131515144413029e+03, -5.398947283936249e+02, 1.595519372929810e+03, 4.340942963011631e+02, -1.917648442937344e+02, -1.521974061277880e+03, -8.763013399765119e+01, 6.980562958780338e+02, -8.714862858939802e+01, 4.946616682766535e+01, 6.251736153998856e+01, -3.050086788243377e+01, -6.817256499474333e+01, -2.597721381409805e+01, 2.512117868676875e+01, -1.262058512632672e+00, 4.961845887100820e+00, -7.009500657402582e+00, -9.985470901346138e+00, -4.759838444984904e+01, -4.095781170962226e+01, -2.486673910907529e+01, -2.089524572756494e+01, -9.277517262752713e+00, 4.948922522824245e+01, 1.070103641803899e+02, 4.658212917614257e+01, 7.114585752495992e+00, -1.674981494891081e+01, -3.098954657432865e+01, -5.532858950993728e+00, -9.703511077311589e+01, 3.245584084525034e+03, -4.271295129184735e+02, -1.535770452824171e+03, 3.232900770909200e+01, 8.238870708639979e+02, -1.227077735121467e+02, -1.010205879874097e+02, 5.882244632823241e+02, -7.985948748510418e+02, 1.082824707018877e+04, -1.189490578846164e+04, 1.118177232014266e+04, 6.388250997732514e+03, 2.536516367976667e+03, -1.505098596719923e+04, -1.589481188655467e+03, -2.407005192414165e+02, -1.774745854413608e+03, 1.023701529631816e+04, -6.353982504996631e+03, -7.963471207461947e+03, 2.029083857195296e+03, 6.230552776437587e+02, -4.184540256677506e+00, 1.567706926209145e+02, 5.178726432092434e+02, -1.050060488650028e+02, 4.057679537690445e+01, 2.501068207043527e+02, 2.070154389920860e+02, 1.278424706968989e+02, 4.682434197435681e+01, -3.706213891435665e+01, 1.422075272548829e+03, -1.745333428826028e+03, 4.946203490211779e+02, 5.229632375523752e+02, 1.816063593139590e+02, 1.955039120641383e+03, 2.836757749164203e+01, -8.511545217391537e+01, 9.428297658664284e+02, -1.206924587159328e+03, -4.473313968985738e+02, 2.342344355585473e+02, -7.636774794114955e+01, 1.177084297384286e+02, -5.985802830781657e+00, -3.185693134585804e+01, -1.682870016672587e+01, -1.764375300797656e+01, -5.474474486019716e+00, -1.814584745813296e+01, -1.380483745533127e+01, -9.590149549708286e+00, 4.558126744765799e-01, 1.263908572223471e+00, -1.889901683316500e+01, 2.524684168198334e+01, -2.108541732627537e+01, 3.252905502001921e+01, -2.370591001841324e+01, 2.050580920434782e+01, -1.462350178377257e+01, -2.999726852402581e+01, -5.580738239040505e+01, -3.639267551882139e+01, -3.865549248562325e+01, -1.060673494453199e+01, -1.797180187466515e+00, 9.117586690859349e+00, -5.890561500406587e+03, -2.352374181806234e+03, 3.140247393984854e+03, -1.047053789908421e+03, 1.099715016241069e+03, -6.272068850377655e+02, -1.986070792063722e+03, 3.686246305234389e+03, -1.757994298564570e+03, -1.108562788147766e+04, -2.885112518928254e+04, -1.313537245685168e+04, 9.846662272694392e+03, 2.480837349066119e+03, 2.561831981743790e+03, 3.416739675937925e+03, -4.642046557721700e+03, -3.091132309909216e+02, -1.419899690412580e+03, -1.760647846352673e+04, 4.504139527694879e+03, -1.025429778259362e+04, -1.027620031597872e+04, 1.520022064771389e+00, 9.439365003603038e+01, -1.499371741893772e+02, 4.513023834145338e+01, -6.975414671468157e+01, -5.543992122364675e+01, 1.124652957815611e+02, -1.587319397205172e+01, -5.909049212631979e+01, -3.707707296328624e+01, 9.135855607886508e+01, 5.499762711600736e+02, 2.702233975519388e+02, 1.349287148779492e+02, -6.538200275226633e+01, 4.090913116363485e+01, 1.871350284175956e+02, 2.598733266804605e+02, -7.418626225572165e+02, 5.079712311507300e+02, -1.258000202803797e+02, -1.878939739530177e+02, 3.928072962461744e+02, -5.157460361133007e+01, 4.436842751781676e+00, -1.252991066604644e+01, 8.131400039570382e+00, 1.106317353095104e+01, 1.244592798152877e+01, -5.214111641524729e+00, -6.220532782260461e+00, 3.276235671022471e+00, 6.055503777566966e-01, 9.210475325106425e-01, 6.845118751314216e+00, -1.986235674674785e+01, 2.411976486740278e+01, -2.830049901952673e+01, 6.437570672270654e+00, -1.765808335905263e+00, 3.444324936113612e+01, -6.491300470991850e+00, 2.923590688417946e+01, 9.885280217606496e+00, -1.347711288421995e+01, -4.978788675215524e+00, -3.532081633969336e+00, 7.260938945536627e-01, 1.072741601093170e+01, 1.185735532730341e+02, -7.194550004884940e+01, 9.058695071938715e+01, 1.008042554412555e+02, -9.321893291564020e+01, 4.781610407059131e+00, 2.314004073933111e+01, -1.013981036506432e+01, -9.636227858034654e+01, 3.783057244126649e+02, -4.844425953987022e+01, -6.669062756642923e+01, 3.157869532119818e+02, -2.053868475441262e+02, 2.408083752226543e+02, -1.540778559901294e+01, 1.765586891616682e+02, 1.084059009845848e+02, -5.678959878078113e+01, 3.679878449922486e+00, 1.653322654872622e+02, -3.263656728108829e+02, 2.650376423939323e+02, 1.132414457584667e+00, 2.797054325798280e+00, -9.770672634708095e+00, -3.127095149117323e+01, -2.148674906965013e+00, 3.316341739221697e+00, -3.796375281846472e+00, 1.914073497559680e+00, 1.097146151502114e+01, 2.093046294926729e+00, 7.977105130601305e+01, 3.063710685472219e+01, -4.560498350979935e+01, 4.628934337886031e+01, -2.871914829194899e+01, -7.146066032725169e+01, 5.257920631634563e+01, -1.526570905641730e+01, 5.519987180751249e+01, 5.086565994767567e+01, -3.330017736506577e+01, 1.345013104485509e+01, -2.308246354948758e+01, 1.202169042101409e+01, 2.195345491510468e-01, 4.554996431918684e-01, 7.243250055358577e+00, -1.747636270918849e-01, -3.177570522119150e-01, -1.917601414195544e+00, -2.658885711243543e+00, -1.539971023207295e+00, -8.707240500499484e-01, 1.752369991589068e-01, 1.694902003022941e+00, -1.401370084224339e+01, 2.269333562867319e+01, 5.270388462646782e+00, 2.401690603780895e+00, -6.676897841266570e+00, 6.639719332298878e+01, 1.197705444898036e+01, 8.687991277995518e+00, 2.086209229013240e+01, 1.229482677001831e+00, 2.341867918147830e+00, -9.001519443164133e+00, 1.144533395005724e+00, 2.216540062346561e-01, -5.774602048352573e+00, -1.069343061607162e+02, -3.332555224573465e+02, 5.078628260136966e+01, 3.884256541166824e+01, 4.559350149369673e+01, 1.176041141767194e+02, 3.507418585891138e+01, 8.723912794388102e+01, 3.061683435098367e+00, 7.553228476597737e+02, -1.685559456235804e+02, -9.457485967873528e+01, 5.616915329531935e+02, -4.332408561511487e+02, 5.770424591707812e+02, -7.943188341175333e+01, 3.243813921573083e+02, 3.986968372214529e+01, -1.802994946544125e+02, 1.225380194051812e+02, 3.521537600498591e+02, -6.000652429766913e+02, 6.386052572408857e+02, -1.742971830822797e+00, 2.639901640834461e+00, 6.532828417952216e+00, -1.042647459246120e+01, -1.487935575813579e+01, -1.015021101912166e+01, 9.192247513522362e+00, -9.278914171543425e+00, 9.926637419128834e+00, -3.821696013555043e+00, -1.047223913810829e+01, 3.827786824154065e+01, -6.232833822438928e+01, 4.629642883299998e+00, 1.217399257063406e+01, 2.243558264867657e+01, 3.013230483291653e+01, 1.531616276605762e+01, 6.355481589458947e+01, 2.291177409070824e+01, -1.026789585436485e+00, -3.059369097080337e+00, 6.214145231273721e+01, -1.625806839808853e+01, -1.833724166055094e-01, 5.681659489102631e-01, 1.515645755917634e+00, -1.255474452023107e+01, -1.804123091522522e+00, 4.284154873206574e-01, 4.320039416639387e+00, 7.086655685799207e-01, -9.255799139316685e-02, -8.424324825481640e-02, -1.444977440689370e-01, 1.194113314331591e+01, -1.944220792806467e+00, -8.565809022135473e-01, 3.004297534489924e-01, 6.108224608874280e+00, -3.791227055875563e+01, 6.304992784787741e+00, -2.479451371315215e+01, -2.254806519313114e+01, 4.741275746840248e+00, -8.980340244043164e+00, 7.177821215218048e+00, 1.454070732836559e+00, 1.884768353085376e-02, -1.887888165111835e-02, 1.176316894432000e+02, -1.650414416265377e+03, 3.283923830824606e+02, -4.427329750194709e+02, 9.831089525440519e+02, -2.839780626397080e+02, -6.148280328601851e+02, -5.375433542629783e+02, 1.253677277018972e+03, -1.068609563540028e+02, -1.050808498866234e+04, 2.690439390304751e+03, 1.088666949787756e+04, 2.397801205937050e+03, 1.551435305087903e+03, 2.702747125086474e+03, 1.097030303925559e+03, 3.621606270961821e+03, 1.032234398247139e+04, 4.108408640879898e+03, -9.074954137921079e+02, -2.663083649426949e+03, -5.120941046502217e+03, -1.972160703183977e+02, 1.268671517943865e+01, 1.125666911703198e+02, -2.868102914365984e+02, 2.803090208076878e+02, 1.182001595877814e+02, 3.573002391105784e+01, 2.870822193552852e+00, -1.648180121800306e+02, 8.909602641233003e+01, 1.760272128369698e+01, 4.608739919820590e+02, -6.650175303877365e+02, -1.189623979002972e+03, -1.407605617536937e+02, 1.534946209450253e+02, -6.464625021374227e+02, 6.950142302006749e+02, 1.154372874590235e+02, 9.612119399459213e+01, 7.188515795537649e+02, 6.789487791345562e+02, 9.944692932743507e+01, 2.942325524741541e+02, -2.161283143762844e+02, 6.131751395953430e+00, -2.603016676843978e+01, 2.229950233920962e+01, 7.065634504751482e+01, 1.396313202216144e+01, -4.406785636039187e+00, 5.617999461328085e+00, 6.606728670070953e+00, -3.834318665684473e+00, -1.618084563724717e-02, -4.021596874526215e-01, 1.778487909700715e+01, 1.849537200658485e+02, -3.472391934789025e+01, 2.203918642081947e+00, -2.823246835885138e+01, -1.403559498461833e+02, 1.158216930686074e+01, 2.278133624596812e+01, 1.717662620204068e+01, 2.044255619740845e+01, 9.826141268854702e+00, -1.657465786641259e+00, 1.540251220888555e+00, 6.693908709625122e+00, -7.772959328801289e-01, 2.425587525558743e+00, -8.624449194867789e+01, -1.111611117552565e+03, 2.746253519377667e+02, -1.200130778443370e+03, 3.432090016131182e+02, 6.736199468772521e+01, 5.014380880085938e+02, 5.270734622965032e+02, 7.858273362008696e+00, 5.277590941415033e+01, -3.970318179758662e+03, -6.650855016260551e+03, 2.731357701715379e+03, -2.384841547995121e+02, 1.495331829786403e+03, -5.318497705727988e+03, -3.631522661635354e+03, -2.727095771324151e+03, 3.535635623280750e+03, 1.858549156289615e+03, 2.063244805674825e+03, -1.598753057674641e+03, 1.116352280131696e+03, -2.569521111072401e+03, -7.169033295226985e+00, -1.974934024726892e+02, -1.366223623075083e+02, -3.678922210060215e+00, -1.166634376287109e+00, 3.263836281027630e+00, -1.631019047011005e+01, 4.735507284415654e+01, 5.111812667101145e+01, -3.915437753362315e+01, -4.720590504875302e+02, 1.105287721313577e+03, -1.678228803467433e+02, 3.603282266048503e+02, 6.246163378574629e+00, 1.245055391684207e+02, 1.870308169366918e+02, 6.876914417958298e+01, 1.708221424432639e+02, -4.774262473815069e+01, -7.074267696443620e+02, 1.776381328170624e+02, 1.682699018725810e+02, -9.217758301604336e+01, -2.291466451964256e+00, 3.371146952008473e+01, 7.812932059336731e+00, 7.810553615638977e+00, -2.410421624759802e+01, -1.120594619672503e+01, -5.343333705443010e+00, -4.428520671208142e+00, -2.927023599909641e+00, 2.876674554865433e+00, -1.620281113703616e+01, -4.265838600097605e+00, 4.607783302137342e+01, 2.988524797809304e+01, 2.368738300697508e+01, 1.465066955746336e+01, -2.891022246676719e+01, 1.751621822319155e+01, -4.581268703665200e+00, 1.452635345778612e+01, -4.408094110806749e+00, -2.435304807182977e+00, -1.454212958664562e+01, 3.359424789266027e+00, -3.365992678915625e+00, 1.656751260823414e+00, 1.053606502154826e+01, 5.436868865594464e+00, 2.220133267794507e+01, 1.185672456279239e+03, -7.888442744590099e+02, 4.253082121906494e+02, -4.148926813121777e+02, 5.056673943708291e-01, -4.681964951744462e+01, 3.025506952600692e+02, 1.344729668732489e+02, -3.007452712136254e+02, 1.064566008841968e+03, -2.716243705804188e+03, -1.101557393920245e+03, 1.275077993760100e+03, 1.209054387274757e+03, -2.747136426133026e+03, -2.044898051081167e+02, -1.024468931459505e+03, -7.140282206150756e+02, 5.686097440040294e+02, -1.311150800210198e+03, -1.330934029484934e+03, -1.438371394696254e+02, -1.809140655684723e+03, -3.164864745605969e+00, -6.030355975866917e+01, -8.371383378766146e+01, 6.475337154336449e+01, -1.513888517213095e+01, 1.240872531921648e+01, -2.539806275106318e+01, -3.861375373224637e+01, -7.392650492907253e+00, 2.329575017955998e+01, 2.205394945161069e+02, 3.672028771170393e+02, -1.057754917104966e+01, -1.828281786090615e+02, -4.610522233773649e+00, -1.241979790606115e+02, 2.036368727190539e+02, -1.388414617452240e+02, 3.659007911695005e+02, -2.343761003464529e+02, 1.533890865997280e+02, -5.781064077001052e+01, -3.412961617430699e+01, -4.733844907632945e+01, -9.048716902871456e-01, -2.807179835281542e+00, 9.177011110810033e+00, -5.233653180437348e+00, -2.498428603345934e+00, -3.356207495544032e+00, -3.782272174473157e+00, -1.216037461520047e+00, -1.212322375195814e+00, 1.438066590563109e-01, 2.125303169385636e-01, -2.374226211166733e+01, 3.400343257581071e+01, 1.431723216449400e+00, 1.717585232237067e+00, -7.810098389283218e+00, -5.894116608947618e+01, 1.345107445028478e+01, -2.221471889673016e+01, 5.368741333638845e+00, -1.602970078402512e+01, 8.382615554156196e+00, 2.775360818517109e-01, -1.394792449373806e+00, 2.637076871553687e-01, 4.716755346076146e-01, -9.216202957332585e-01, -3.172813789528779e+00, 6.545653379276487e-01, -6.912248526273497e+01, -8.959174422890484e+02, 3.427410617852805e+02, -2.971050031083428e+02, -2.988584028013598e+02, 2.311571317642710e+02, -1.511831472736494e+02, -4.355108571565088e+02, 5.871862280798260e+02, 2.839560869578467e+02, -5.501785904733020e+03, -2.802949212867663e+02, -1.384788804643510e+03, -5.121201572765330e+02, 4.769097894404549e+02, -1.328935529410812e+02, 1.103187425728354e+03, 2.180715184575413e+02, -5.683900118789696e+02, -7.396029557876777e+02, -1.926524100663313e+03, 5.779730170163143e+02, 3.581538438984132e+02, 2.068000413760801e+01, -9.073940886059635e+00, -7.744313021832605e+01, 5.812235458345857e+01, 6.104107827056173e+01, -2.807183188467167e+01, 6.849656642146816e+00, -8.244732569464897e+00, 1.671142182957740e+00, -1.196655718964839e+01, 9.890455889155692e+00, -2.319097198497071e+01, -1.415429977744615e+02, -1.037413515240701e+02, 2.821279467547466e+01, 9.456417700570555e+01, -2.475407779570053e+02, -2.814685355766881e+02, 7.375924928393367e+01, -1.462683563998270e+01, -1.188401416313712e+02, 2.506639236142658e+01, 1.052673520206964e+02, -2.003637023837130e+02, 3.063411608691310e+01, -1.154046186346838e+00, 1.508249727788255e-01, 3.528551443759496e+00, 1.758172012435759e+01, 4.823898851580167e-01, 1.378724227948534e+00, 4.111508577887268e+00, 1.427936230835497e+00, 6.134282739733566e-01, -5.279787952141148e-01, 8.160474257605051e+00, 1.488267057600437e+01, 1.566806154029386e+01, 1.312432997488915e+01, -9.023668852654522e+00, -5.140002682603591e-01, 1.666833175971324e+01, 5.748667700984792e-01, 1.568361594707347e+01, 3.658189963821851e+00, -3.865499400837592e-01, 2.465389450264504e+00, 3.586057233540548e+00, -9.439054830985265e-01, -2.744054305092651e-01, 1.513661367363567e-01, -3.163112512048560e+00, 2.458490822728634e+00, -2.123179525046729e+00, 1.254381969634415e-01, -2.277767537793009e+01, 6.616857048214754e+02, -2.463205243642361e+02, -2.206475179891823e+02, 7.902587720248550e+01, 2.278977832326510e+02, -4.829559222700928e+02, 1.815020015930963e+02, 7.739078283241489e+01, 4.574783876733129e+02, 9.517656439427572e+03, -2.091552925167629e+03, -2.298290069545387e+03, 2.575098653268118e+03, 3.359892148446365e+02, -4.690505113292919e+03, -9.286642344142789e+02, -1.721506566287565e+03, -8.086966112187501e+02, 4.683275179159378e+02, -1.345613834384525e+03, -1.311074613432583e+03, 3.824300286743013e+01, -2.450242091904332e+03, -2.661596115106951e+00, -5.473392639120405e+01, -7.976158295347420e+01, 9.954068799012698e+01, 4.351855794245104e+00, 3.187175831888210e+00, 1.788626646920709e+01, -1.481969495136542e+01, 3.238507307183624e+00, 2.321743488862229e+00, 8.178681957382481e+01, 1.702055158056907e+02, -5.656477567679126e+01, 1.204530738505704e+02, 1.283358743463486e+02, 1.407911394590765e+02, -8.421118826854645e+01, 2.444148842128103e+02, -2.181588796156320e+01, -7.657763251495902e+00, 1.831018802680991e+02, -7.018029043875538e+01, 1.064539050639205e+02, 4.749282062171402e+01, -8.846305432045196e-02, 2.348815081408878e+00, 2.867774895206220e+00, 8.294347649342228e+00, 1.433174718717755e+00, -5.299234135402907e-02, 8.209392376658292e-01, 8.279214167079418e-01, 5.198891725648920e-01, 2.589567366542431e-01, 1.623547743126941e+00, 9.895615385504486e+00, 2.293467854141533e+01, 1.244961109395709e+00, -2.589306654680406e+00, 1.377163938000836e+00, 1.048830724670012e+01, 6.961907426582392e+00, 8.664097419088744e+00, 3.425088140651008e+00, -1.237444653662101e+00, 6.328154705065369e+00, -2.387724984916505e+00, -5.003721386372212e-01, -1.914221969476101e-01, 1.002938916011701e-01, -8.949167481324201e-01, 1.964608469886968e-01, -3.215298586128976e-01, 7.702788579542044e-02, -1.699109351444717e-01, -5.747429674458500e+00, 1.200775385738423e+03, 2.598918491995011e+02, 4.873343950652123e+02, -6.285519787435109e+02, -4.948800738878121e+00, 1.291481017658682e+02, -3.227557417380779e+02, -3.128793534487932e+02, 3.229267619777339e+02, -1.636073766692554e+03, 7.830137465834399e+02, 1.426552491503084e+03, -1.242738095613629e+03, 4.535191634216851e+02, 7.532680107763557e+02, 7.801842862508552e+01, -2.016783882462993e+02, 8.869309652641999e+00, 3.789638582301055e+02, 9.854725415050177e+02, -4.522365482944728e+02, 6.591300236966048e+02, -3.981048742292807e+02, 2.988220025589527e+00, 2.465329232537495e+01, -4.390871444181970e+01, 1.066258691234815e+02, -1.265768886781386e+01, 1.833001326289110e+01, 8.950196899426485e+00, 6.497286851867893e-01, -5.799198032783823e+00, 5.993983884420619e+00, -1.041065283225517e+02, 7.879843017839261e+01, 4.428220578561675e+01, 1.451655346333256e+01, -4.221982503986845e+00, 1.130849690627319e+01, -1.335117939821689e+02, 1.170957805559305e+02, 9.853129362254236e+01, -7.706334548628178e+01, 8.158911114414650e+01, -8.269707020773308e+01, 1.302750097884904e+01, -8.336073180997149e+00, 2.260377966620989e-01, 1.147384670532742e+00, 4.877194499349383e+00, 4.867784272286111e+00, 1.624380423513952e+00, 8.101036931916805e-01, 2.303167069675577e+00, 1.148595649670802e+00, 1.326187036352948e+00, -9.961200163478257e-02, 7.492962064344492e-01, 2.015355363132474e+00, 1.610343018965335e+01, 1.173428668097511e+00, -1.891178136199492e+00, 4.348590267409961e-01, 3.733208904445733e+00, 5.166502563900669e+00, 4.029176651165858e+00, 6.982823942059317e-01, -2.256265867632614e+00, 1.459016904054866e+00, -1.709067326362398e+00, -1.221759932973795e+00, -1.143594760155340e-01, 3.098965113314078e-02, -1.265506711739701e-01, 5.516226624892354e-01, -7.015664226272099e-01, 2.231923496982119e-01, -9.503225570730293e-02, 6.519880641811641e-02, -2.904425001959798e+01, -6.978286765529340e+02, -1.590196363055897e+02, -1.549791172765420e+02, -3.531154953515976e+02, 3.280517079047794e+01, -6.140396099791692e+01, 6.117654960632923e+01, 1.283848170623463e+02, 3.678504045216582e+02, 5.375940940137626e+03, 1.028370663056299e+03, -3.118546285912684e+02, 1.070115554744337e+03, -6.957920037352477e+02, -2.660440870215534e+02, 3.206715217901855e+02, 1.198318516428279e+02, -9.958732257087432e+02, -1.525974649165737e+02, -5.361353856829006e+02, -3.460411846164315e+02, -4.274148831743719e+02, -6.977512116858836e+01, -1.725162285722493e+00, 3.138428747195313e+01, -4.736952156116501e+01, 3.260546598106924e+01, -9.598691808380762e+00, -5.408582731800846e-01, -1.881933536280346e+00, 8.830470216694573e+00, 6.891670653922037e+00, 1.111460382764233e+00, -9.044904195832055e+01, 1.612005904290588e+02, 1.358254111014189e+01, 7.742682230913210e+00, -3.393113367749415e+01, 1.674148975944910e+02, 3.849449934858268e+01, 4.842633133502076e+01, -2.085819446127526e+01, 1.632859446608258e+01, 1.453582725599166e+01, -4.663014038411745e+01, -1.246216083704478e+02, -1.854723022520549e+01, -9.926821813149038e-02, 1.442241915472827e+00, 6.971650847247270e-01, 1.196542973616737e+00, 1.268193862825207e+00, 1.140439256983204e-01, 2.069555904937086e-01, 3.393943599566767e-01, -8.881801007263275e-02, -2.507846996587489e-01, -1.348092143787594e+00, 3.636260215631603e+00, 8.103524086638259e+00, 5.654177657841156e-01, 1.744883547309142e-01, 4.267556736410440e+00, 3.044616708562927e+00, 3.127189373727212e+00, 9.708227964531436e-01, 4.103161648483006e+00, -2.451067481003293e+00, 2.275545118317656e+00, -3.198416682298349e-01, -1.931471736857263e-02, -1.134293405759612e-01, -5.215805446984059e-02, 2.220498256981990e-01, 3.309490845411941e-01, -3.425267798343479e-01, 2.734647316552122e-01, 2.626010034944953e-02, 1.280385124119209e-02, 5.261262724858092e-02, -2.847471013215129e+01, 3.411078462470972e+00, 3.627948259121801e+02, 4.158629336616415e+01, -1.495098975128843e+02, 4.109010142408758e+02, 7.940478823776282e+01, -4.224616226522156e+02, 6.361349741824336e+01, -1.070473970144020e+02, 1.822148527028666e+03, 1.085130663224179e+02, -1.063437242913793e+03, -8.373049598690676e+02, 2.596908004585690e+02, -7.677929594036711e+02, -1.006294724531504e+02, -8.121658960355829e+02, 7.771925270262174e+02, 3.695571809334845e+02, -1.149132157846269e+02, -4.424413042136841e+02, 1.552202634531290e+03, -8.672907810649381e+02, -2.660956000970492e+00, 1.344976937320020e+01, 1.066841413859457e+01, 3.459654295684201e+01, -4.190330236576537e+01, -1.014524915306008e+00, 2.852212794745554e+00, 7.811379504673351e+00, 8.415537980742940e+00, -8.920956683032209e+00, -7.737692024326897e+00, -2.890626927075912e+01, 1.890760757024184e+01, 1.456894848405490e+02, 7.234693833782029e+01, -5.567918185811993e+01, 9.359765653116559e+00, 7.409358070591765e+01, 2.819711711382523e+01, -4.661465132349960e+01, 3.932199388214909e+01, 2.872089070580637e+01, -7.652456584005023e+01, -3.081135153613035e+01, -2.331335427800848e-01, -2.087424303268516e-01, -1.245260973747903e+00, -7.771165201489894e-01, 7.811980943071967e-01, 5.121706973813723e-01, -1.938967297173923e-01, -7.381894668330085e-01, -2.177258690141304e-01, -5.947431093256812e-02, 9.546090085842006e-02, 3.760580134992468e+00, 4.523086630929493e+00, 4.443299157831941e-01, -6.850346037484949e-01, 2.338458321695104e-01, 5.032359614129951e+00, 1.415724735567840e+00, -7.716539097121833e-01, 1.085106342995944e+00, -2.322211602934044e+00, 2.478404866002598e+00, -6.423306949293969e-01, -1.369125559793259e-01, -2.576431363166195e-02, 8.583013052085595e-02, -1.033753097386687e-01, -4.031574750511145e-01, -2.814099043997531e-01, 1.158922953572003e-01, 9.333446696105716e-02, 9.279958563076629e-02, 5.879130737998202e-02, 1.345976640844910e-02, 1.859136592721488e+00, -1.224230318463510e+02, -4.228368288991633e+02, 6.481705133712151e+01, 2.142892282338226e+02, 1.523683059856186e+02, 1.279372777024063e+02, -4.640647652655330e+01, -4.108589471475324e+01, 1.153376816092363e+02, 8.724779064217056e+02, -6.769379794271341e+02, -2.947058365407910e+00, 8.327660248120230e+02, -3.511819283654590e+02, 8.500136945485052e+02, -1.061198046652256e+02, 2.715234666158804e+02, -3.555497323779667e+02, -3.289887776024286e+02, 1.964577263744331e+02, 2.514723054492302e+02, -8.655107086890625e+02, 6.870697616947161e+02, 2.175537526344598e-01, -3.071223600806010e+00, -1.808268088881099e+01, 1.664980841142219e+01, -7.388676842170587e+00, -1.636249135459305e+01, -4.617392845747093e+00, -2.092939585264864e+00, -4.088111331667855e+00, -2.467890328237285e+00, -1.812732355940332e+01, -8.612860344682545e+00, 1.730955998510661e+00, 5.096019429499171e+01, 7.954044342641401e+00, -6.984446339966307e+01, 6.914459362312073e+01, 7.485028811653123e+01, 4.165953646581224e+01, -1.612899305181723e+01, -4.340391521427930e+00, -3.203949280186406e+01, 2.082542462554443e+01, -2.190598970173986e+01, 3.871946447176652e-02, 1.268942457995612e-01, 1.338581071823666e+00, 4.763688176230794e+00, 9.838284547557112e-01, 2.408891470263041e-01, -1.302553820260343e-01, 7.630059722144619e-01, 2.628640394512122e-01, 2.732663216469907e-01, 8.279145833606928e-03, -3.589653023659972e+00, -1.587110216263606e+00, -1.308044931030638e+00, 1.547141803606314e-01, -2.916469199205921e+00, 2.891214186761645e+00, -2.228577358719708e+00, 6.379036072778877e+00, 8.217757887593731e+00, 6.263540484354693e-01, 8.374369846473412e-01, -8.023572620898221e-01, -7.898609702057705e-01, -1.887891096356345e-02, -1.384882879751625e-02, 1.668898002850702e+00, 4.340700231446040e-01, -1.780982336106784e-01, 6.369048675838750e-02, 9.413503342292349e-02, 5.480003030502409e-02, 1.025263595785244e-01, 9.780624519582944e-03, -1.373747353663871e-03, -2.593279144355548e+01, 3.136048054293666e+02, -4.246512730322385e+01, -2.047209572294844e+03, 2.078172034184542e+03, -3.216141006447875e+02, -2.065784390013014e+03, 1.156053820199862e+02, 1.897109668761869e+03, -9.756804493675962e+01, -7.241783837120099e+03, -4.004754412489372e+03, 1.432571217856259e+04, 9.296591763606117e+03, 3.399357901206999e+03, -2.716985688722914e+02, 1.398246713348337e+03, 3.061842575163937e+03, 7.246514742410057e+03, 4.901485288668647e+03, -6.310205769131565e+03, -7.506009330397023e+03, -1.059528895522239e+04, -3.227773589490372e+03, 6.146333706947655e+00, -5.722965621030735e+01, 4.583906691556386e+00, 1.125732135057375e+02, -4.356790373757773e+01, -1.570080471629599e+01, 6.638362049888762e+01, 1.226890297492018e+02, -1.363789112218342e+01, 2.495087042757776e+01, -2.002329668160092e+02, -5.672719155534379e+00, 2.918861371737702e+02, -1.292792356188960e+02, 1.558505591855833e+01, 2.225098180974800e+02, -3.704499468453576e+02, 1.352590988354358e+03, -4.365396307221949e+02, 2.438510508179315e+02, 1.915382376032015e+02, 6.728921929272182e+01, 2.097371697508134e+01, 1.801629974375300e+02, 1.312961249628609e+00, 7.174700716450515e+00, -3.324284213176681e+01, -6.211555805111863e+01, -1.816346068481863e+01, 5.241759359359234e-01, -6.910402371459277e+00, -5.190978745009872e+00, 1.289103288067632e+00, -1.060326927213314e+00, -5.595177490702096e+00, 1.538216152562694e+01, -9.732641624649109e+01, 2.586586208596705e+01, -1.771116572233771e+00, 3.958207979181390e+01, 9.786215193011802e+01, -1.445009384147236e+01, -9.832125516872450e+00, -1.883134344038726e+00, -1.645475543884625e+01, -7.670399800350175e+00, 2.032039711794387e+00, 7.736808156626596e-01, -7.772984318645719e-01, 1.668897007589526e+00, -2.020057337206715e+00, -8.987096859645748e+00, -2.857212165580694e-01, 2.409075861861063e+00, 1.981311282474233e+00, 9.179047314432661e-01, 2.665209363810870e-01, 2.680277695557050e-01, -8.707189232623174e-01, 6.139965237032361e-01, 4.592197771346088e+01, -1.231580513988666e+03, 1.370363054010308e+03, 1.396957680956533e+03, -9.605305690195321e+02, -1.749099951034689e+02, -1.448673464917433e+03, 1.811707106248055e+02, 1.924118470910535e+01, -6.839186753389870e+02, -1.063845251620217e+04, 3.274952621601237e+03, 3.968200610920077e+03, -8.774469609703794e+03, 4.424184732863473e+03, 1.524173686509231e+03, -1.374302092162420e+03, -2.222227425097009e+03, 3.691004522982786e+03, 2.979533605328971e+03, 4.993731841170701e+03, -3.932431858681771e+03, 6.646550411255711e+03, -2.847647155329016e+03, 6.119207257782742e-01, 2.190435244786995e+01, 2.678841616785105e+01, -1.715940081942587e+01, 7.430841138246402e+01, 1.247242552987884e+01, 3.938541995219686e+01, 1.906092281996340e+01, 5.538584669663444e+01, -1.646515389860391e+01, -3.543140322299168e+02, -2.315465848735663e+02, 2.788354204025720e+01, -6.752714568435827e+01, -2.446120971005333e+02, 1.918489688754855e+02, 3.339996228461777e+01, -4.147549693623899e+02, 5.290221458384730e+02, -4.290566614431539e+02, -3.520109062643780e+02, -1.778378403663020e+02, -1.711522826754616e+02, -1.879015057837042e+02, -4.014663102084977e+00, 1.019730774465862e+01, -7.679637262146427e+00, -4.705923902954965e-01, -1.297183948514519e+01, -7.555564289944369e+00, -5.090194791731284e+00, -4.138529198159075e+00, -4.612698641009070e+00, 8.119843740125192e-01, -3.691991928588665e+00, 3.311847626124719e+00, 2.140705449459958e+01, 1.109271674865746e+01, 1.345665599531281e+01, 5.641375766992550e+00, -1.506962090265597e+01, 7.057454715426822e+00, -3.938333462773991e+00, 7.362605815375169e+00, 2.288781339970360e+00, 2.461559847772727e+00, -9.922652195598490e+00, 3.012114278345073e+00, -1.656751578736221e+00, -4.340694489917249e-01, 8.987093770444384e+00, 6.207039775349290e+00, -4.415744129558420e+00, 2.296668724367236e+00, 2.435717192158985e-01, 2.142201366645684e-01, 3.196917167650475e-01, -3.901355152941981e-01, 6.432311482671665e-01, -6.219391726738156e+00, 1.930250677244399e+00, 6.327893146562906e+00, 1.104056256820028e+03, -1.680885050393742e+03, 8.005573601413374e+02, -9.069057781994138e+02, 1.888193033629533e+02, 1.031634413916813e+02, 7.081406480061778e+02, 2.924457500190660e+02, -3.675385560748919e+02, -6.892738824515167e+02, -4.642558277369154e+03, -5.834762504965710e+02, 1.141348727532638e+03, 7.340299245020429e+02, -1.791534945768388e+03, -1.566959558890676e+01, -4.243190941049666e+02, -2.849708799918546e+03, -3.107021134225853e+02, -1.384754419094269e+03, -4.613175722244027e+02, -8.714730695119472e+02, -3.389361025902777e+01, -3.446667626298447e+00, 1.981981553479200e+01, 8.603092460798936e+01, -8.728299344853859e+01, -2.880682011876000e+01, 1.128250838402584e+01, -1.492080313113480e+01, 2.545369355667025e+01, 8.361432148772447e+00, 5.494758537797249e+00, -1.376771796527823e+01, -1.371048344052581e+02, 2.461209749865714e+02, 1.138939042001767e+02, -9.275430343389331e+00, 2.938506489256995e+02, -8.198643280572952e+01, 1.941105906081812e+02, -1.733224408398745e+02, -3.003640649927834e+02, -8.010916575638448e+01, -1.685560176136127e+02, -3.634226277116387e+02, -3.097132424344758e+01, -9.421068194708055e-01, 4.534961496379939e+00, -9.231533503995379e+00, -4.906084404787916e+00, -7.288208918666492e-01, 1.850365635056465e+00, 1.327027560527381e+00, 5.760869926074101e-01, 5.235004252163015e-01, -2.095051900574980e-01, -3.264430115706966e+00, 1.163655209713686e+01, -3.605256593669819e+01, 1.451021642803876e+00, -1.266640606161564e+00, 4.107726166020992e+00, 3.461404792305525e+01, -4.802500341854052e+00, 7.665650085922482e+00, -1.745626532692867e-01, 6.367928809006285e+00, -5.190733588793328e+00, 1.703696096504013e+00, 2.365013229910398e+00, 4.716761826890969e-01, -1.780986883378524e-01, -2.857255710068571e-01, 4.415742371751937e+00, -1.176344859346442e-01, 1.127541351487432e+00, 5.880800356933281e-01, 3.994287011050876e-01, 1.311385872183576e-01, 1.185251994351566e-01, 1.383666481200268e-01, -8.001320536762116e-02, 3.822519112536797e+00, -1.972531441213182e-01, 1.133614738080597e+00, 1.535572021837035e+03, 8.834014319673884e+02, -9.876874546103078e+02, 4.038851440622593e+02, -2.124702098326769e+02, -1.065952960787872e+02, -5.906297780519516e+02, 5.105860860257083e+01, 1.712513907511145e+02, -1.911381721804539e+03, -1.261446670083789e+03, -1.932803457160941e+03, 9.060634674858936e+01, 8.050743448912218e+02, -2.974901586322413e+03, 8.321422752988799e+02, -4.627333907016174e+02, 1.425429309219708e+03, 4.452814234763067e+02, -3.106650871805087e+03, -3.739270963629072e+02, 9.566659501499233e+02, -1.043917638678530e+03, 7.127121356344540e-01, -4.056526351518974e+01, -7.322633655243456e+01, 5.810134030692419e+01, 2.741924877083987e+01, -1.375754480012652e+01, 2.244851522329840e+01, -6.605708415547292e+00, 1.307062521693287e+01, -5.774037732743804e+00, 1.964396580343715e+02, 1.007673826947330e+02, -1.131996199136984e+02, -7.522804110333699e+00, 1.311126284177288e+02, 9.887190740776084e+01, 1.334433898660857e+02, 1.341645160903537e+02, 5.399050612417633e+01, 4.628547460296111e+02, 2.821207273521334e+01, 8.047018961080148e+01, 1.501471986135627e+02, -2.731408682118126e+00, 2.790941287084622e-01, -2.720380151771465e+00, 2.898583845858179e+00, -3.736881489073509e+00, 2.009832845835705e+00, -5.100952178140604e-01, -1.408907289390515e+00, 9.447662327686408e-03, -3.020351476724679e-01, 5.311827933367136e-01, -5.445143109411513e-02, 2.294077104316247e+00, 2.140853743303694e+00, -3.336347937941395e+00, 1.072356083357154e+00, 1.002957697189582e+00, -6.164168910226572e+00, 2.624851836623575e-04, -4.871508891481143e+00, -5.150790048217385e+00, 3.017783577998399e+00, 2.202141537172467e-01, -1.751058681382248e+00, -1.745900845046493e-02, 1.513660914386402e-01, 6.369021033690474e-02, 2.409075092576580e+00, -2.296668899296739e+00, 1.127540129891384e+00, -2.371976549415008e-01, -2.755274406978680e-01, -3.076890963174913e-01, -1.226461079202040e-01, -6.478318911183208e-02, -2.558553767055525e-02, -8.246833389796955e-01, -1.789296331997383e+00, -3.157960924451021e-01, -4.476480190473224e-02, 9.171022236840798e+02, -6.642697029625023e+04, 1.539440642320901e+04, 1.396787197475398e+04, -2.886914373339272e+03, 1.674848766565257e+03, -4.803162878161672e+03, 3.136818541372144e+03, 1.401700464380186e+03, -9.690934155420395e+03, 2.172031062507628e+04, 1.019571365026295e+05, -2.001808405473157e+04, -8.581587882827205e+03, 1.898094798990431e+04, 2.690509494062687e+04, 2.162140743649635e+04, 9.271377325497742e+03, 1.340064635583106e+04, 9.939943726184600e+03, 1.252789018357734e+04, -1.158711930736636e+04, 2.342723540052025e+04, -2.546752458437148e+04, 8.297441318847193e+00, 1.123233908727240e+02, 6.250456536676729e+02, 1.103200422222517e+01, 9.806710933486237e+01, 7.203797179160453e+01, 1.572614476236897e+02, 1.136156088963115e+02, 9.925858724368801e+01, 9.862453900231196e+01, 1.781458187287754e+03, -1.965576923891066e+03, -1.540430097558783e+03, -3.579094438895076e+01, -5.584479428589855e+02, -1.340312239075070e+03, -1.578779983374608e+03, -1.297053860948448e+03, -2.293616664277151e+02, 9.775435668456622e+02, -2.404161134959304e+02, -3.747009778801798e+02, -9.139811448748335e+02, 6.700436915608100e+02, -2.152081893782849e+01, 3.369459946971881e+01, -1.304804894541996e+01, -3.711215486522056e+01, 2.437042555338552e+01, -1.518129937749843e+01, -1.556018123605319e-01, -7.050997052108081e-01, -1.382506702635808e+00, -1.828547116112060e+00, -2.295685479530639e+01, -9.526062809876301e+00, -4.078654779516367e+01, -2.898862269758280e+01, 2.238535915702584e+01, 8.968480295189689e+00, 1.959942001622356e+01, -2.439378948242099e+01, -1.468682552627208e+00, 8.088579751579680e+00, 2.417766126831746e+01, -9.547909078999822e+00, 2.507024235562077e+01, -5.034441853753023e+00, -5.722910539079907e+00, 1.308623655230232e+01, -6.639125179761836e+00, -2.520390260029977e+00, 2.361518419861363e+00, 1.431435044295518e+00, 4.227643342597638e-01, 1.308842305130020e-01, -1.303730991718920e-02, 2.847788810074958e-01, -3.878252400137053e+00, 5.155075741706196e+00, -9.333827585474588e-01, -2.923350089679615e+00, -9.764801624885217e-02, 3.429858536126507e+00, -7.154265431295630e+02, 8.667599770905017e+03, 1.316019495070596e+04, -6.605381088099029e+03, 3.066354093815792e+03, -3.686213856586522e+03, -9.887094868911036e+03, 1.097894188158768e+04, -4.665425886772096e+03, 1.752899147296248e+03, -1.431135840095051e+05, 1.458076601598388e+04, 6.378164541747030e+04, -1.911310466628830e+04, 1.378726075514121e+04, 5.179012207066827e+04, 1.641740526450206e+04, 2.486295243955927e+04, 4.829881364249035e+03, 1.614102839112979e+02, 2.087601952144796e+03, -5.362719214530553e+03, -1.376462810559857e+04, 1.132771179841803e+04, -1.249240000203443e+02, 5.766584850173399e+02, 7.725567177983314e+02, 2.048844466583137e+02, -1.514101894164568e+02, -1.287232958741592e+02, 2.314057823611279e+02, -2.372755588327578e+02, 2.318854698154530e+01, -1.320431553173036e+02, 8.711104136461844e+02, -4.445226993284189e+03, 5.233910059282239e+02, -8.692855015637966e+02, -2.176138180172417e+01, -2.565468357590885e+03, 8.201215562025046e+02, -7.203991045959273e+02, 1.562904475634464e+03, -1.055479250479059e+03, -1.475095211525593e+03, -2.075937826897850e+02, 1.388667934955034e+03, 3.805324670976404e+02, -3.984338225696107e-03, 6.751428130335530e+01, -1.061090347091109e+01, 1.976919473695436e+01, 2.263309457852728e+01, -1.206237061968651e+01, -5.606014176805232e+00, 8.858669478419671e+00, -2.092133399926764e+00, 4.009442087766589e+00, -6.525106656770748e+01, 6.742478071950813e+00, 2.133209481079257e+01, -9.492529452468053e+00, 1.006259043189961e+01, -2.004939923547622e+00, 3.936653120441542e+00, -2.711047493885930e+01, 1.141898147399196e+01, 2.245772133912488e+01, 3.543204645111084e+01, -1.823204008667305e+01, 3.143915598057766e+00, -9.600144515995126e+00, 7.522537579324606e+00, 5.332528353360025e-01, -9.115937930282339e+00, 1.662352610498092e+00, 2.492960612616949e+00, 2.162563002806217e+00, 1.238230032901934e+00, 1.764511201517764e-01, 7.519214071493570e-01, -1.822444189460796e-01, -5.833397584468847e-01, 6.057646323672124e+00, 4.335123668339994e+00, -3.453332780095610e+00, 1.012921413073069e-01, 3.925889864719560e+00, 2.110390464745761e+00, -5.641561328505428e+01, -3.921137075515033e+03, 2.325807930670394e+03, 3.824680709849638e+03, -2.768643709598546e+03, -4.067066455317411e+03, 8.849458007214294e+03, -1.232790953352757e+03, -7.155829049582449e+03, 9.833780422054919e+02, -7.133638111564736e+03, 1.927018975041317e+04, 2.666504898470436e+04, 9.124956079121281e+03, -5.947050013575361e+03, 9.763079159422692e+03, -5.077369812714960e+02, 1.215933024532052e+04, 4.909596626036183e+04, 1.435923994167899e+04, 7.206526363386088e+03, 3.381736113498999e+03, -1.475497655494040e+04, 4.156387941463123e+03, 3.563960440340933e+01, 1.147304697072155e+02, -2.740982975412985e+02, -4.206174787104820e+02, 3.489664876641710e+02, -9.692376733235615e+01, -1.091329891559163e+02, 1.090208252782992e+02, 9.394596582942160e+01, -1.639658200323450e+01, 2.685738022122498e+02, 1.710072539451020e+02, -1.718085468412371e+02, -3.751192216793643e+02, 2.311979390014776e+02, 1.685734541664591e+03, -1.948248754373073e+02, -1.961059474314420e+03, 2.665437354122609e+02, -5.344021976415303e+02, -7.833841727941763e+02, 3.148057291573172e+02, 2.674842833571016e+02, 6.036564047508083e+01, 2.054886177029655e+01, -1.911768672359522e+01, -3.460913820976714e+01, -2.942843597319994e+01, -9.092189220803004e+00, 1.969335688634084e+00, 3.439082808681131e+00, -4.710599317038437e+00, -3.368263667374300e+00, 8.399449158051157e-02, 5.026772510542697e-01, 3.945408099677510e+01, -2.473498069220152e+01, -1.230840763094009e+01, 6.448222859956600e+00, 4.659321408328520e+01, 5.384395774117788e+01, 3.227011897069070e+00, -3.947783362793646e+00, -2.098777538371009e+01, 1.120783710346444e+01, -8.404097153841684e+00, 4.998880392419821e+00, 7.997718473164291e-01, 1.404226255938628e+00, -2.707736262404767e+00, -4.570324629949106e+00, -3.729956186949997e+00, -2.814968501639393e+00, 1.847745731059824e+00, 6.355188612955210e-01, 1.143922008677515e+00, 6.290897364021721e-01, 1.023183279035706e-01, 7.430691906138748e-01, 4.574058647265850e+00, -2.991973517713732e+00, 1.790099487255498e+00, -6.177848220662987e-01, -1.827797638782618e+00, 2.218201953871330e+00, 4.771546681562270e-01, -9.929569180320009e+02, -1.865104902180248e+04, -7.099426127104103e+03, 8.060633548127930e+03, 8.248429075897442e+02, 6.428465414460187e+03, -1.597270926387696e+03, 3.979046010024111e+03, -4.881521194977976e+03, -1.395703196390127e+03, 1.076787467223176e+05, -1.520352576238434e+04, 2.900744275667971e+04, 1.312312109665881e+04, -2.341068330352029e+04, 5.200349913163578e+03, -1.917847040081853e+04, 7.077907020645785e+03, 1.785354018705564e+04, 8.663215954595618e+03, 2.121584911153690e+04, 6.859938917995527e+03, -1.315830139208480e+04, 2.356761905459408e+04, -2.362331068880017e+01, 7.377297867286702e+00, -2.533187657993709e+02, -5.324673838949128e+01, 3.630371747652958e+01, -1.191265550527523e+02, -7.761091790585510e+01, -1.194220249590499e+02, 2.461273766429667e+01, -7.951365077615900e+00, 2.885452734412044e+02, 1.766770954276700e+01, -1.127185595653745e+03, -4.757931730839585e+02, -3.360419625229022e+02, -8.604707468887895e+01, -8.152610385542687e+01, 1.672200095396332e+03, -7.396311637050502e+01, -2.508507412428442e+02, 7.985402134645694e+02, -5.916378573172369e+02, -3.209097292933555e+02, -2.050358283514065e+02, -1.951714570879871e-01, 2.032560371007832e+01, 6.001547272003553e+00, -1.084812617153246e+01, 9.090578467781503e+00, 5.584679407227154e-01, -6.636117948395421e-01, 1.391783158574277e+00, -1.821951807194606e+00, 1.494052060669227e-01, -1.617290994721122e+01, 1.250180599034153e+01, -1.893023880658859e+01, -5.624465954606083e+00, -1.846781187673484e+00, 2.262505366911491e+01, 2.575223261859403e+01, -1.664121485517903e+00, -6.200058663037696e+00, -6.497202130769788e+00, -6.167128189438829e+00, 5.384960306576261e+00, 1.381837370646226e+00, 6.305811063768237e-02, -9.643257805960227e+00, 1.285115026228606e+00, 4.918393056679762e+00, 8.131950811382355e-01, -1.427797127037299e+00, -2.341576869843516e-01, -2.490042847430818e-01, -3.063667182411073e-01, 5.958314847959110e-02, -5.508534028033184e-02, 1.528330194867293e-01, -4.001659691984419e+00, 1.600091419860390e-01, 1.041330065889378e+00, -7.641012261058460e-03, -9.654037556345813e-01, -2.446862573061038e+00, -2.157877794560827e+00, -7.713420446214537e-01, 3.427082414464051e+02, -3.787894188612633e+03, -1.288486294925572e+04, 6.854281634631949e+03, -6.048978155310125e+02, -1.743595383835058e+03, -1.385953113900065e+03, 3.492049125898176e+03, 4.851889045538888e+02, -1.852332456493836e+03, -8.267481883509926e+04, 2.031818903568454e+04, 2.143634798575568e+04, -2.606934026459577e+04, -3.479978194281948e+03, 1.444926393130293e+04, 6.465093911516729e+03, 1.627518769889976e+04, 2.786908474029083e+04, 2.020785272110189e+03, 2.195338242882488e+03, 9.002404707833402e+03, -1.213309785804015e+03, 2.207741656590472e+04, 5.298315177639711e+01, -2.051398333352813e+02, 2.827604946041254e+02, -1.310237352552521e+02, 1.591800042647635e+01, 1.066820463138820e+02, 4.944077754133637e+01, 3.550095058079444e+01, 3.833130470832434e+01, 5.236669926742286e+01, -3.803088970185945e+02, -1.534781968084743e+01, -6.016899593846171e+01, 1.495167446004443e+03, -1.040876231068288e+02, 7.907054702942546e+01, -6.659170882915588e+02, 1.118859261950243e+03, -9.765023825064483e+02, 1.975611469614712e+01, 5.352701516293465e+02, -1.990611282397107e+02, 6.811221899219804e+02, -9.435154465828137e+01, 2.098413842566016e+01, -6.391840517269927e+01, -1.411588161855553e+01, -2.819773663333644e+01, -3.212605169431294e+00, 4.475678592337440e+00, -1.853113354223008e+00, -2.592857538650279e+00, -1.663747668434010e+00, -1.866552297874074e+00, 4.556650376149288e+01, 9.464033487521455e+00, -3.437180648674148e+01, -1.190438671499125e+01, -4.214592674990274e+00, -2.054093779831112e+01, -2.416936362451550e+00, -7.864012203540137e+00, 5.151570768161757e+00, -1.466620626128028e+01, -8.649709670316476e+00, 1.003875602569895e+01, -1.116776343742084e+01, 1.711223946974648e+00, -2.135962656749018e+00, -3.107103846961348e+00, 5.123579838946264e-01, -5.097689713557248e+00, -1.870708551630815e+00, 1.486272006915894e+00, -2.610638559086323e-01, -1.614021439414726e-01, -2.673022972106842e-01, -4.180680617478338e-02, 1.076264492396502e+00, 4.489977059044049e-01, -4.595429856699575e+00, 1.599633397812549e+00, -1.005316240572926e+00, -1.360370410115224e+00, 1.081648045552217e+00, -1.318459605300122e-01, -1.332194514226005e+00, -6.550109792955715e-01, 6.352305967803356e+02, 8.446274181546438e+03, -5.398290380502781e+03, 8.007868521324242e+03, 3.680577399000673e+02, 4.438746039654380e+03, -5.029217407784343e+03, -4.016861537610685e+03, -8.412539481431789e+02, 3.753708733485680e+03, -4.961541015803737e+03, 4.308472464376383e+04, 3.225688276354405e+04, -2.609613286532900e+04, -2.116827798324511e+03, 2.807137006823824e+04, -9.071313552152509e+03, 8.017823299917755e+03, 3.587882835626645e+04, 1.890446058136661e+04, 3.098893855271057e+04, -6.809418284819038e+03, 2.063494211716348e+04, 1.132408910054280e+04, -1.607667967341290e+01, -5.713293590861827e+01, 6.275716943741972e+02, 2.569036279521454e+02, -6.577869613523293e+01, 1.673663148472422e+02, 1.832504275136605e+02, 8.600934144438925e+01, 4.455799570522220e+01, -1.872173652743896e+01, 4.424518477946360e+02, -1.064423269923541e+03, -2.509553788750111e+01, 3.661030736147266e+02, 7.714961096315242e+02, -1.394532746360423e+03, 1.542171954654502e+02, -1.138346852277659e+02, 4.649339862936375e+02, -8.763602112768720e+01, 8.217614847446340e+02, 3.065783009634419e+01, -3.215002791935118e+02, 5.945819584260898e+02, -8.578242693455923e+00, -1.009117871575616e+01, 1.145731531238786e+01, -2.685594733784059e+00, -4.166638242328766e+00, 1.489948874474671e+00, -4.171259318559659e+00, -1.811930096849255e+00, -1.067099730755982e+00, 7.408698451327462e-01, 9.568244966587812e+00, -2.233195459117648e+01, 1.274375970489966e+00, 1.440430804828059e+01, -9.053834084328280e+00, -3.271661606201102e+01, -5.366549716877277e+01, -1.362289949523791e+00, -5.639238341393883e+00, 3.124665822066804e+00, -1.239977879274294e+00, 6.933845818994293e+00, -2.369064720093982e-01, -3.042825674553994e+00, 5.039002937818902e+00, -2.457182630004213e+00, 1.848655382462921e+00, -4.700847601917034e+00, 1.076315615572480e+00, 1.270382464327237e-01, 2.102551843885238e-01, -2.948128692333098e-02, 1.014650057401224e-02, -1.455144075325281e-01, 5.857299480759560e-01, -1.997938617698771e+00, -3.833744893755825e+00, -7.593004643062523e-01, -1.666251643096522e-01, 1.083075540595145e+00, -1.121475166352861e-02, -5.894228736562609e-01, 8.305912691795546e-02, 4.603005887169408e-01, -5.808510153833015e-01, -5.460406943359059e+02, -1.325624444849941e+04, -1.003263572949149e+03, -3.884283072520898e+03, 6.189765633496923e+03, 5.531669748086601e+03, 4.118474172697755e+02, 3.589411485135603e+02, -4.470044038984884e+02, 1.439529970625251e+03, -6.162717021053871e+04, 8.847470718790681e+03, -5.770808093242923e+03, 6.863317031961872e+03, 9.555794243011926e+03, 1.850196238309614e+04, 1.066790436352165e+04, 8.208830596001877e+03, -1.047894041243737e+04, -8.547653090837988e+03, -3.943963066174573e+03, 1.091935128633362e+04, -1.245105537745703e+04, -7.249118632512558e+03, -4.954220493282531e+01, -1.351559358303148e+02, -5.427607053173368e+02, -1.519446125390934e+02, -4.018804070615054e+01, -1.474629950343904e+02, -1.564713379393959e+02, -7.491380681466245e+01, -6.852176655473254e+01, -1.686657140757029e+01, 1.603864795546756e+03, 7.203052577182616e+02, -1.057314850514729e+03, -6.013194890877269e+02, 8.008359090107062e+02, 6.899487075394625e+02, 1.419296762169702e+02, 8.633174193321370e+02, -3.031141818367806e+02, 3.122404539779994e+02, -6.960525568228215e+01, -8.888075801922625e+01, -3.792466776835380e+02, 4.046609462903364e+02, -6.969109438314419e+00, 3.430262806537425e+01, 5.490983970002103e+00, 8.382437963513560e+00, 9.612145928706736e+00, -5.895747251168644e-01, 4.574356881686987e-01, -5.334957993248791e-01, 1.922545892809871e+00, 5.541495303459171e-01, -2.449237589810361e+01, 1.298859386426770e+01, 3.630541983772397e+00, -4.176647439051655e+00, -3.112792674833815e+00, 2.866949453996403e+01, 2.046331092495931e+01, 1.575749839823918e+01, 6.639633231188108e-01, -1.005744256603397e+01, -2.992739563787376e-01, 2.298435856176594e+00, -2.143414651480637e-01, -2.460120072471067e+00, -3.618179712934992e+00, 2.204511470537740e+00, -9.437483516462331e-01, 6.817705172458798e-01, 2.777027070640425e-02, -1.075777758241302e+00, -3.942065129488200e-01, -1.534083033170255e-01, -3.419424016147560e-01, -1.603150747876448e-01, -5.123188403251653e-01, 4.465160396930562e-01, 5.290537071465650e-01, -1.989700010030923e-01, 6.161692491406605e-01, -6.980595217258173e-01, -1.007120503709271e+00, -1.494791743698875e-02, -1.066825387068656e-01, 6.922335027120265e-01, 8.940743211104638e-01, 3.806742019484365e-02, -2.771289630145276e+02, -3.182234972860306e+02, 2.283344876288460e+03, -6.042111974914130e+03, 1.735892222707703e+03, 2.835951043180602e+02, 4.053633364967169e+02, -2.514080879947814e+03, 1.721609370028205e+03, -5.702419399704888e+02, 3.381034932378626e+04, 1.939783335066201e+04, 1.453159093873495e+04, -1.383511151909151e+04, -1.571781870809111e+04, 1.760259825154971e+04, -7.035437774927062e+03, 3.377359334411102e+03, 1.419670971392294e+04, -2.980682986260390e+02, 2.114525820524414e+04, 5.527915736802038e+03, 7.384820359808773e+03, 1.770616912408551e+04, -7.311154197734350e+00, 3.626693781742933e+01, 1.797958515170093e+00, 5.071028872435372e+01, 1.383261049183678e+00, 2.868182717341343e+01, -4.771582929068310e+01, -8.165561577323023e+00, -9.685826984084132e+00, 1.692939895764053e+01, 3.733318896613650e+01, 6.427855414610879e+02, 4.810410278608099e+02, -5.853957037533643e+01, 2.037616792949535e+02, -8.289324322982769e+02, 1.292143529777794e+02, -9.093267505814079e+00, -1.751897102789629e+02, -6.784798257250765e+02, 4.426965902536119e+01, 2.453423754863836e+01, 6.202843644853763e+00, 1.619089894627988e+02, 1.105740753172375e+00, 6.301178327574891e-01, 5.085423083534243e+00, 4.197024863235412e-01, 2.819590571184796e+00, 2.265232911958971e+00, 6.768616090558990e-01, 3.370770800864207e-01, -1.116673613627545e-01, -4.717998888059318e-02, 4.174986886943561e+00, -1.418706024543474e+01, -4.686055319256996e+00, -5.229748848916358e+00, -2.702085473249229e+00, 8.687402872016795e+00, -5.247385217717535e+00, 1.147070786119450e+01, 7.096959343602928e-01, 7.743498656973155e+00, 1.925690143751645e-01, 5.550013100602884e+00, -4.035491237501434e+00, -4.011256675114860e-01, 4.058423231656673e-01, -3.239884349988171e-01, 1.121766168059752e+00, -1.191045136527676e+00, 7.405930147370446e-01, -1.033285075270311e+00, 1.130353955367560e-01, 4.052240548819629e-02, -1.734489321339679e-02, -4.267471902223516e-02, -2.888726234264630e-02, -7.667793322533476e-01, -5.234944656406374e-01, -6.912490632930186e-01, 6.239370526106712e-01, -1.275092084583720e+00, -7.920563354379444e-03, -3.772593291251386e-01, 8.395487070972636e-01, 3.196002508909537e-01, 3.108926206257722e-01, 2.666860603785316e-01, 4.322466249780822e-01, 4.144842022333632e+01, 1.943542668169591e+03, -5.554783528543188e+03, 2.318547302669768e+03, -1.085279304819716e+02, -2.250599171206357e+03, 1.263247580003788e+03, 1.149287700227485e+03, -2.829192492406235e+02, 3.347741049278860e+02, 8.107315369974165e+03, 1.560816262975664e+04, 4.103372365047494e+03, 6.213455281235519e+03, 6.122570077851879e+03, 1.999662855778896e+04, -1.787801027554650e+03, -1.489638861174576e+03, -1.888283958632671e+04, -1.375553509740988e+03, 1.306244488858083e+04, -6.644536871578927e+03, -5.238934049501873e+03, -1.411434218057904e+04, 7.122496148796714e+00, -5.676279368597426e+01, 1.314426542887295e+01, -5.178166138806785e+01, -8.503236758607196e+00, 4.309250994090017e+01, -2.361298926295467e+01, -8.554658349019766e+00, -2.127008605100794e+00, -3.526928497500227e+00, 2.220129760121646e+02, 4.599406632175804e+01, 1.914258995836538e+02, 1.150917718078882e+02, 2.200195662477694e+02, 4.271653606201640e+01, 9.106019257209607e+01, 1.980288857663467e+02, 2.123070858456288e+01, -1.180333199468958e+01, 1.698660969043509e+01, 2.034235174170011e+02, 2.564862417254105e+00, 3.573513955348714e+01, 9.190387263143809e-01, -3.957603577661339e+00, -6.242738757948361e-01, -2.563660449135251e+00, -3.669549043805179e-01, 6.938868154276931e-01, 8.569478409357725e-01, 1.553732778896026e-01, 2.150057299458933e-01, 1.601598776354223e-01, 1.989634661229524e+00, 2.075719136305992e+00, -8.355224279432637e+00, 8.926157015093871e-01, -3.683994502288197e+00, 1.901239165357722e+00, -2.858922775621678e+00, 6.048508648688040e-01, -2.895262805117943e+00, -2.855798798592993e+00, 7.698254383493900e-01, -4.608470464384087e-01, -9.770767152218712e-02, -4.726779941982839e-01, -9.423655613071716e-02, -1.232852909109531e-01, -5.392649327268197e-01, -2.284845476926458e-01, 3.553873552583945e-02, -2.384183774973861e-02, -6.964693426887830e-02, 1.379917400464448e-02, -1.320299149696472e-02, -1.709691796531006e-02, 1.045823793856501e-01, 2.267142978795613e-01, -1.688394538788779e-01, -4.013982272379814e-02, 7.125020953094190e-02, 4.723622016755963e-01, 1.020866375549887e+00, 5.753559654714549e-02, 2.934179133386227e-02, 7.386774955905316e-02, 1.815216206774381e-01, 1.564875782751453e-01, 9.107220598264122e-02, 2.558450746881270e-02, 8.084372367515256e+00, 1.116884462962889e+02, -3.208215881466565e+01, 7.439649137821694e+01, 2.992510857141365e+01, -8.505932696737280e+01, -1.818172508873351e+01, 1.863520803421594e+01, -4.988268139479003e+00, -4.544578544614483e+01, -1.794015754608667e+02, -1.264010159599813e+02, 5.901487964742499e+01, 7.030393850157277e+01, -7.908179670947773e+01, 1.503537215928743e+02, -4.260574627825777e+01, 8.402899358779325e+01, 5.775889144748533e+01, -1.970015397163855e+01, 4.826550540943978e+01, 9.513845796168906e+01, -1.341207134453493e+02, 1.612113435014772e+02, -8.776803889112208e-01, 1.068195836520392e+00, 1.354729223557519e+01, -4.669535613435886e+00, 1.112899178303090e+00, 4.742847999028846e+00, -1.662682427320789e+01, 5.180665681820725e+00, -4.517869340245683e+00, 5.533751518139967e+00, 1.083880505956209e+02, 1.585063578258842e+01, -4.016990613499087e+01, 3.704145071083428e+01, -3.491198025338057e+01, -6.000473655783515e+01, 2.466865232689410e+01, 3.392284193714639e-01, 8.229483431485427e+00, 2.724860376728313e+01, -3.781043907254067e+01, 4.187878746433483e+01, -2.859239274064343e+01, 1.589481770585487e+01, 1.508296317512344e-02, -4.861730389363385e-01, 9.972172364860600e-01, 2.988808279444226e+00, -1.931423537486522e+00, -6.409245710872024e-01, -2.390809120248469e+00, 1.304914430306475e+00, -5.360849298844420e-01, 4.586566277650719e-01, 2.747894013133425e+00, -1.397954631841268e+01, 2.855410102101903e+01, 1.399544578791285e+00, 3.255046849996828e+00, 1.625304654474473e+01, 5.074053969597186e+01, 7.120065999087137e+00, 1.132156508020927e+01, 6.382101202162342e+00, -5.927231352681527e+00, -1.478309139344241e+00, 6.058093353253390e-01, -2.674715804078767e+00, 1.422513346908356e-01, 4.194956905671414e-02, 2.622145862978673e+00, 1.232704583602714e+00, 8.578366525064533e-04, -3.347772275709350e-01, -5.257902741374842e-01, -1.083943632342894e-01, 1.320730667746270e-01, -9.553709644429700e-02, 1.364182167985379e-02, -1.242275186296192e+00, 1.883895118217116e+00, -1.089460477235906e-01, 4.149275266373353e-02, 1.527639637323708e+00, -1.552014132631183e+00, -8.478018510000984e-01, 2.818006050949891e+00, -6.762779697163245e+00, -3.201054412951715e+00, 2.948757422054864e+00, -8.609633272343015e-01, 6.695814604487418e-02, -1.050180082610664e-02, -5.319319445334243e-04, 2.893772515396083e+01, -3.363568938592616e+01, 1.425048692272131e+01, -2.951742804586372e+01, -5.584432362458021e+01, 7.731257494107712e+00, 1.961803100123828e+01, 3.215328524150625e+01, 1.946526975638918e+01, 1.715408955460279e+02, -7.449354578031024e+01, 1.642312483702216e+02, 1.192463680636676e+00, -9.076684977143591e+01, 9.871791034841276e+01, -1.676849890346864e+02, 2.012200655497579e+01, 2.502974321825106e+02, 7.635213592614892e+01, 2.329684731376773e+02, 7.774307889972510e+00, -2.537388813692696e+01, 1.587998924117327e+02, -1.670615337988109e+00, -5.179649180037597e+00, 1.431428853263017e+00, -3.380435385952816e+00, 7.091725221781152e-01, 2.719260712742506e+00, -2.137566793803804e+00, 2.104104893825819e+00, -9.819245833294205e-01, 5.599105609268399e+00, -6.447989363036316e+00, 6.570512593257114e+01, -1.436454967185174e+01, -3.750395989244051e+00, 6.321231958774430e+00, -2.723514198743633e+01, 3.253598179104549e+01, -1.077267027755846e+01, 2.564796501940688e+01, 2.439543095732352e+01, -1.684550671500405e+01, 4.935989448588196e+00, 1.744018759184968e+00, -7.915312728932234e+00, -1.938547803808447e-01, 2.176933809494292e-01, -9.111751794643000e-01, 1.855336436301210e+00, -1.252427134766502e+00, -1.842579462341413e-01, 1.292379746840942e+00, 3.803574216103050e-02, 6.783488409029723e-01, -1.498381269219539e-01, -9.134648884821387e-01, 4.925123618479001e+00, -5.551728797149798e+00, 3.039358754421380e+00, 9.272541926698570e-02, -4.995702470690472e+00, -2.591230668326962e+01, 3.614108613247578e+00, -1.860666964145997e+00, -4.029022473293971e+00, -1.098248516410643e+00, 2.098007778315536e+00, 3.937258508929151e-01, 1.072984513451066e+00, 2.950462322534488e-02, 2.899880325477039e-02, -6.097465228060449e-01, -1.033277060389908e+00, -2.934084083690145e-02, -1.223291820143349e-02, 2.626681239726670e-01, 5.075226304896862e-02, 7.906865599069889e-02, -8.157463671460891e-03, 1.401992842940737e-03, -6.744605558519899e-02, -1.786595738707130e+00, 1.496476808363340e-01, 1.706148318760637e-02, -3.378149782116597e-04, 4.705091960193531e-01, -6.141423439558791e-01, -1.031726094217413e+00, 2.575594850259058e+00, 9.945491756000701e-01, -8.732183923250079e-01, 9.150489878019982e-01, -3.383656474456477e-02, -9.477422889332348e-03, 5.551091483952716e-03, 5.300849306028144e+00, -3.911422345021631e+03, -3.967917986286512e+01, 9.050681410942964e+02, 8.040258965922826e+02, -2.828467753574024e+00, 5.538511251678131e+02, -3.231357142491121e+01, 4.334875419955663e+02, -6.196545526705479e+02, 5.427653323172231e+03, -4.455372016077508e+03, 1.856233793088002e+03, 5.803101639664191e+03, 3.851041397683180e+01, -4.406288033531127e+03, -1.472704113119151e+03, -3.185562998901563e+02, 4.073239183056181e+03, 2.446409178857361e+03, -2.479447329831136e+03, -2.883806114208225e+03, -3.480125517343542e+03, -1.149587399777516e+03, 9.758949048613268e+00, -5.375532534564516e+01, -5.547237945465439e+01, -6.569672021466933e+01, 8.217677098699215e+01, 4.407316513681315e+01, -9.189313122714298e+00, -4.846830955104190e+01, 2.372614758790745e+01, -6.211422706869207e+00, -7.697017464121598e+01, 1.164437202141771e+03, 1.006780774573158e+02, 1.715606357426087e+02, 4.120236542984536e+02, 2.135491847182919e+02, -2.263741248252167e+02, -2.953947878162824e+02, -9.257431964533708e+00, 5.704892729840374e+02, -2.608310881374663e+02, 4.765969969651938e+02, -3.341577406014584e+01, 1.694366523002046e+01, 1.311876151250838e-01, -4.467658177082349e+00, -4.194492294420013e+00, -1.437804915091832e+01, 2.907584974652525e+00, -4.429736315549489e+00, 2.706785178409776e+00, -1.471028509878705e-01, -5.894174363881610e-01, -1.285463223628766e+00, 1.739699414606527e+01, -3.853772459776967e+00, -1.600463951494169e+01, -1.189685469625314e+01, 7.215715297133454e+00, -5.542968660647813e+00, 2.898588710608749e+00, 7.514752526977153e+00, -6.863460695514968e+00, -1.732323849548580e+01, 2.578382850197667e+01, -6.642911999911067e+00, 7.161896554006667e+00, -1.921579528138150e-02, -3.560781661127599e+00, 4.096412343835192e-01, 2.861451914113886e+00, 6.939829197154426e+00, 2.855336732162903e+00, -8.500275748589704e-01, -1.239635217562957e+00, -3.586970288206874e-01, -3.386203347495600e-01, 3.315808579500593e-01, 3.455665289249067e-01, -1.805148551445514e+00, 5.298335611609743e+00, -1.490459924484451e+00, -1.543784898308565e-02, 1.265694511500123e+00, -2.165428494826491e+00, -2.302028187861672e+00, -1.621501298455971e+00, 1.159669358695770e+00, -1.093462841393660e+00, -5.536065520997896e-01, -6.969899825754307e-02, -2.769725251617148e-02, 1.722607079480763e+00, -4.626594697597388e-01, 6.203949927406744e-01, 2.723825079384113e+01, -1.182632065682992e+03, -3.836307476576753e+02, 7.947243612896405e+02, -4.387442105672006e+02, 5.752396263656953e+01, -1.509058553186385e+02, 2.791799878267658e+02, -6.107271539465726e+01, -7.794768719927448e+01, -1.413512990297570e+03, -8.911978611976698e+02, -4.262593430701629e+03, 1.166758740319914e+03, -9.127910332524583e+02, 3.938080291253409e+02, 9.468735281923697e+02, 1.627779825507943e+02, -3.990596344280371e+03, -2.411986769361588e+03, -2.138292657849478e+03, 2.040409807035614e+03, -1.040606799608368e+03, 5.556454298963854e+02, -2.505807668639505e+00, -2.339162530923026e+02, -6.212808568102655e+01, 5.111475689969141e+01, 8.971313184168783e+01, -6.808874148008854e+01, -4.776061163996246e+01, 3.934088269953242e+00, 2.373558007269712e+01, 4.088807700749325e+00, 2.342318138481476e+02, -2.363425695447433e+02, -2.065579348788349e+02, -9.758198786323804e+01, -1.988346501390710e+02, 4.727801769526743e+02, -3.886680911727252e+02, -2.359484303698658e+02, 2.369576366219142e+02, 2.561252863111252e+02, 9.503440421459905e+01, -3.980156365729067e+02, -1.821855124092333e+02, 1.212110356675937e+02, -2.965532435210714e+00, 5.392865092163815e-01, -1.878005373659679e+01, 3.831385510752185e+00, -6.233445598285869e+00, -2.446012987742102e+00, 7.323889259632957e-01, -2.935273363950064e+00, -3.523207691134592e+00, 9.853337089290388e-01, 1.867250982981637e-01, 3.669813359305500e+01, 1.037419158671255e+01, 1.233049591960621e+01, 1.578355740048289e+00, -7.548736308635675e+00, -5.135105748024200e+00, 1.832643432805650e+00, 6.655881899684657e+00, -4.793678152921250e+00, 8.043097013074270e+00, -3.046941114203492e+00, 1.130759583670236e+01, -4.445174518409654e+00, -3.635377116660627e+00, 5.925095951886081e+00, -9.979853262770543e-01, 4.705598180374698e+00, -1.480167341680836e+00, -7.287507259183108e-01, 5.294577193607196e-01, 3.390099003444202e-01, 4.583020988815764e-01, -2.944238869220434e-01, -1.564767474460128e+00, -5.492839460069773e-01, 4.814382137219905e+00, 7.378884353310236e-01, 1.528454745704563e+00, -1.002461972654518e+00, -2.812882255922287e+00, 1.487613434293589e+00, 1.282032443501123e+00, 2.008941484531344e+00, 2.297723775716880e+00, -1.024196620838925e+00, 1.373869823452810e-01, -1.685764895159111e-01, -6.949545772108464e-01, -1.968085265177769e-02, 1.909062855789401e+00, 1.653408697897657e+00, 4.153732706718079e+01, -3.477219115629828e+02, -1.262412064389071e+02, 3.728865646540062e+02, 5.175598846767934e+01, -9.225531460047426e+01, 2.083286646429883e+02, -2.593519213850688e+02, 1.542247888189118e+01, -3.365171260762671e+01, -1.348375768696693e+03, -1.794151573441013e+03, -8.121898165106097e+01, 1.026325917864720e+03, 3.348483485049108e+02, -1.403762878164208e+03, 6.461029347547854e+00, -1.278199686956696e+02, 5.758211346902239e+01, 4.158485674352417e+02, -8.930746291870637e+02, -3.791963119550151e+02, -7.748666990173679e+02, -3.288394247679450e+02, -4.602067377235427e+00, 5.274420901278971e+01, -9.436971521310754e+01, 1.119009700316098e+01, 1.218171611070151e+01, -1.659509001151657e+01, 1.939347384038374e+01, -1.406150126494291e+01, -2.007844312976221e+01, -4.068486581872062e+00, -3.266999910301501e+02, 2.193468225906248e+02, -5.445461103650921e+02, -3.040147558117483e+01, 8.085976918456848e+01, -5.877564291368385e+01, 2.216807208734320e+02, 2.802139251538291e+01, 2.523109586495819e+02, 2.671215707036661e+02, 1.036691323696120e+02, 1.243551207102796e+02, 7.866990699895445e+01, -1.040282488512924e+02, -2.162522341465175e+00, -4.624112086043512e+00, -3.748804107758350e+00, 1.573552621564294e+01, 2.827678103491871e+00, -3.744489969521812e+00, -1.257197213257976e+00, 1.740630418516310e+00, 2.135681057204343e+00, 1.868519710078142e+00, 1.976702670933741e+01, 5.437984699590959e+00, 4.202987826812210e+01, -8.164649459096308e-01, 8.937790184298812e+00, 2.868608653158903e+00, -9.422642281125794e+00, 4.711361814962068e+00, 9.609889770317915e-01, -7.678947356184574e+00, 9.242814335067354e+00, -3.298665841029405e+00, 2.342581137314581e+00, 1.997978323921877e-01, 2.546109956250510e-01, 7.273854848360941e-01, 2.095682271323708e+00, 5.962398483756626e+00, 4.643152861455677e-01, -1.181763788641231e+00, -1.496842269402022e-01, -2.351603900264364e-01, -3.802161170682675e-01, -3.856399344089868e-01, -6.704076386217634e-01, -2.913219859090057e+00, 4.077739861374482e+00, -5.003008544157452e-01, 6.835647245456111e-01, -2.482529417798702e+00, -2.500361147222840e+00, 1.048861707726225e+00, 6.773958040330347e-01, 1.077170150256754e+00, -9.900405814893881e-01, -1.863608124863133e-01, -3.927287249774312e-01, -5.622532403763105e-02, 7.054256714882631e-01, -5.582038798229604e-02, -1.407973090976253e-01, 1.278726590744792e+00, 4.766906336601563e-01, -6.810864017281493e+01, 1.165324650703531e+03, 8.833755749678296e+01, -5.354219446442368e+02, -2.638630459306728e+01, 7.560078568256675e+01, 1.605385486844951e+02, -1.797955305114628e+02, 1.109311389835351e+02, 4.623245944394372e+01, -1.343689751290849e+03, 1.859397281410100e+03, -5.973484323074861e+02, 4.101273310039775e+02, -2.625479719727102e+02, 6.542151411850508e+02, 6.825234853360846e+02, 6.425043839921103e+02, 4.964346031246317e+02, -1.607704519683259e+02, -6.652070121514028e+02, 1.734277571323422e+02, -3.581357251183518e+02, 2.669900603469697e+02, -2.766928283046724e+00, -7.649185840587997e+01, 2.674588798865429e+01, -4.448341773950967e+00, 7.709637528246387e-01, 8.497496126195594e+00, 2.954247142132650e+01, 6.264096711974799e+00, -1.929637334003979e+01, 3.943747258600519e+00, 1.234439507509785e+02, 1.660915946780824e+02, -7.547337036225211e+01, 2.958693530000929e+01, -2.730744733423751e+01, -1.871457938125518e+01, -1.283767965847666e+01, 1.670865007384234e+01, -1.448048371839116e+02, -8.401103635526133e+01, 9.487656691784449e+01, 1.632934143706832e+00, -1.371657363122841e+01, -1.495230854127139e+01, 8.777664178101996e-01, 7.474001034907717e+00, -1.278260578994797e+01, -9.130288332580841e+00, -6.514234429692497e+00, -9.147927268465446e-02, -4.013987578569283e+00, -1.224164578034180e+00, -2.315754516412197e-01, -1.364200779308324e+00, -1.894217195871911e+01, 2.027668399492932e+01, -1.324738093794186e+01, 6.284069038869668e+00, -6.246416703436984e+00, 1.645366491101033e+00, 1.861051031723692e+01, 2.053382030095775e-01, 1.266781136445428e+00, -5.135799526431989e+00, -6.167544840206109e+00, -3.323784069204525e+00, -1.427174139339854e+00, -3.213357487500022e-02, -8.771629737423070e-02, 6.275303305895320e-01, 4.252769220598192e-01, -4.553558463550534e+00, -8.031473083722918e-01, 2.556834598621442e-01, 5.820021147374452e-01, 3.999070174709821e-01, 3.230913594551066e-01, 2.778524562694693e-01, -3.610544919521461e-02, 1.201757439596871e+00, -3.684556947694801e+00, 5.987641179131541e-01, 1.251598902757149e-01, 1.424213851869877e+00, 2.141828911638068e+00, -2.577228487351534e-01, -7.020921013226447e-01, -8.798057687582975e-01, -1.358042022764047e+00, -1.016225598296106e-01, -2.979538733448670e-01, -2.159798008881916e-02, -4.733213222228372e-01, 4.827090742095165e-02, 1.300560960057646e-02, -1.679084827393478e-01, -4.794994037483318e-01, 4.048266570272482e-01, 2.734853090545365e+01, 1.034487326787564e+03, 3.784482645795361e+02, -4.690057244394499e+02, 4.727945415232136e+02, -8.480894067484975e+01, -3.233322297013503e+02, 1.960870537699257e+02, -1.848696818435420e+02, 2.932995511100206e+01, 6.707916298430585e+03, -4.838633333462409e+02, -4.353170047104622e+02, 1.916647108468139e+03, -1.323250747166699e+02, -2.930786952637313e+03, -6.228599428057289e+02, -5.748748839426997e+02, 1.299187176969497e+03, 9.958897509382269e+02, -1.042457759905525e+03, -1.026450391921989e+03, -2.885411530554189e+02, -9.987530585196583e+02, 1.206254039003181e+00, -1.493805191126333e+01, 5.432007155645839e+00, 3.814769377967129e+00, 1.990868637943135e+01, 4.852707318843114e+00, 1.312770192665251e+01, 9.426210227140594e+00, 2.623105193800395e+00, 3.128247280036764e+00, 8.107150138392028e+01, -1.167523671911391e+02, -4.993381822104732e+01, -9.033345240618394e+01, 2.943870866046548e+01, -5.951103387361078e+01, -1.117945708965701e+02, -1.639960178508704e+01, 1.376209255693586e+02, -1.274514322033708e+02, -6.843771078566921e+00, 6.214914173297551e+00, -3.264524020519596e+01, -1.945692013685935e+01, -5.523253643700602e-01, -2.473744353028716e-01, 9.802055880460504e-02, -4.008931018407014e+00, -2.283857721323235e+00, 1.480182785959117e-01, -3.315038267137607e-01, 1.816895529600676e-01, -1.194666157228350e-01, -1.579264738619479e-01, -1.338042831521183e+00, 3.073823022028114e+00, -4.747083776032057e+00, 1.848739014809928e+00, -2.461875508534502e+00, 2.155380519702551e-01, 6.172098939037850e+00, 4.282646498732203e-01, -1.995735282121088e+00, -1.743366975929187e-01, -1.428734423924130e+00, -4.729599358547993e-01, 8.955464313483992e-01, -1.479621174661284e-01, -1.113074648075482e-01, 2.070553944083469e-01, 1.287531951314806e-02, -1.101210822008771e+00, 1.772278969974976e-02, 2.109780693126445e-01, 5.829009098043177e-02, 1.620398175716796e-01, 1.899044971718279e-01, 6.814428820495005e-02, 1.223097065482461e-01, 6.202863571498713e-01, -1.267363035123849e+00, 8.999375788773212e-02, -7.212663413158213e-02, 7.506208238112138e-01, 6.333749776648555e-01, -1.996541496274767e-01, -3.443543801580221e-01, -5.893532701235561e-01, -1.527037066094806e-01, 1.191605331838416e-01, -5.655791407708821e-03, 3.906074684729707e-02, -2.784757146148228e-01, 1.907800011811883e-02, -7.236403161234225e-01, 1.494038870637373e-01, -4.690448163541551e-01, -2.494733323325885e-02, -3.549830126292235e-02, -3.200293054974370e+01, 7.071871299879515e+02, -4.010010713716869e+01, 1.078710296869741e+02, -4.077523707973535e+02, 2.392875936712561e+02, 8.338936682131296e+00, 8.348948348603513e+01, -3.220525818914003e+02, 1.531007340272290e+02, -2.314511226150022e+03, 1.138692053064369e+02, 3.691539131321888e+02, -7.772129164442391e+02, 2.240277084961588e+02, 8.628098754874488e+02, 4.901472292437132e+02, 1.071405672515436e+02, -1.292048368488864e+03, -5.413594344182450e+02, 1.647244923821496e+02, 2.704032012824256e+02, 2.327579758519038e+01, 2.065948732771977e+02, 4.733679015859370e+00, -3.385720729695293e+01, -1.001243229593421e+01, -1.065736688977815e+01, 1.174765417344215e+01, 1.634540243895223e+01, -5.951164530888092e+00, 5.648117634539300e+00, -4.970789613503930e+00, -5.371393990322524e+00, 1.518398745840816e+02, 7.189624180435423e+01, -4.693586696214507e+01, -3.165864935901485e+01, 5.869583809515231e+01, -6.181582664334779e+01, -9.888624501534389e+01, 2.944863631897953e+01, 2.597576492485543e+00, -5.488244074934909e+01, -8.469868573064980e+01, 7.283053741217539e+01, 6.218581539640021e+01, 9.605025350983885e+00, 2.769505876752039e-01, 1.781222712424797e+00, 5.026075245813801e-01, -2.918895250754190e+00, -1.143775378218656e+00, 7.634710683401653e-01, 8.190284604547597e-01, 6.794058470254151e-01, 3.767575678976908e-01, 2.437836219262018e-01, -1.611059261177525e+00, 2.081469365225914e+00, -1.657830849775392e+00, 8.799995847206944e-01, -1.834818197328689e+00, 8.023260666082038e-01, 6.175455372464064e+00, 8.349731119662538e-01, -7.259219786062898e-01, -4.123327308709364e-01, 3.370976764281075e-02, -5.633402623534778e-02, -4.072660400924184e-01, 2.510783389445585e-02, -6.016410861669130e-02, 7.478239497479403e-03, -4.601241772061637e-01, -7.127145290352170e-01, -1.318992559623038e-01, 1.208902138739422e-01, 1.204361765862923e-01, 1.014443655170482e-01, 1.240645240761481e-01, 4.170951955064501e-02, 4.933655601579957e-02, 4.062984791040235e-01, -5.570534974462650e-01, 5.485778090536924e-03, 9.159967074222610e-03, 5.151832356212347e-01, 5.262918086758873e-01, -3.451745579659551e-01, -2.509942335399412e-01, -4.525768657980591e-01, 4.858434982534125e-03, 4.594942655963600e-02, 8.092712665465086e-02, 1.695234057217260e-02, -2.711502119827288e-02, 8.512930025742532e-03, -6.923472082798706e-01, 6.532544396240075e-02, -2.048705523325972e-01, 1.428417273592866e-02, -6.747199228423927e-02, 1.152782172420318e-02, -6.773013434649923e+00, 3.978462598239792e+02, 4.674591377634852e+02, 1.581738721978830e+02, -1.184160344397967e+02, -8.138416774433863e+01, -1.270744236495360e+02, -1.796721451111786e+02, -3.028720726254105e+02, 1.623568063074260e+02, -1.262847500245195e+03, -1.420480417626286e+02, 1.032923806774362e+03, -7.581757434580392e+02, 5.211793549792937e+02, -3.324561169934702e+02, -3.105470201477580e+01, -3.097874703768633e+02, -2.814859557657648e+02, 2.498854102022855e+02, 1.467463263331945e+02, -7.175006384523621e+02, 4.095611618593207e+02, -5.761606000851472e+02, 1.858959713943357e+00, 1.762569231593967e+01, 1.591081221023305e+01, 2.586110042917048e+01, -9.166088283824816e-01, 8.649726107380472e+00, 8.919177529438601e+00, 5.863776840298188e+00, -1.032744896034751e+01, 6.351187649456513e+00, 5.146912350099021e+01, -3.664327693628428e+00, 8.233309487676004e+01, -8.450647921148052e+00, 7.782987426892940e+01, -2.149311119839324e+02, -1.956055952799933e+01, -7.222105847065218e+00, 9.646442866900207e+01, -8.163890436426782e+01, -2.564494437581702e+01, 5.651632275467706e+01, 2.179074337434701e+01, -5.089819958991217e+00, 1.774854525509948e-01, 3.361297987295543e-01, 1.439186382790709e+00, -5.776517873865488e-01, -2.492606584146135e-01, 5.394443433784933e-01, 6.106381031487756e-01, 5.205346212950061e-01, 5.783042398655618e-01, -1.976478719061477e-02, -7.559159090453296e-01, -1.041336623396842e+00, 2.188950597605085e+00, 6.449812037300193e-01, -6.731038359560417e-01, -5.911819406383924e-01, 1.402080238367170e+00, 1.330860573236019e+00, 4.865905239010798e-01, -3.163185933371526e-03, -1.826128093180962e-01, -7.740090604056005e-01, -3.698706970654072e-01, -2.634253072905264e-01, -9.441471369643788e-02, 9.227350291077566e-02, -1.235621890674358e-01, -4.659450227190750e-01, 8.727337761163832e-02, -2.652289410476738e-02, 7.234045717278666e-02, 1.000561338896292e-01, 9.482820136719337e-02, 1.694920672669649e-02, -1.383814947129013e-02, 1.110623525069206e-01, -3.726881795604816e-01, -5.744679822633635e-02, 9.396417284682523e-03, 1.589318999941887e-01, 7.250409667204538e-02, -2.425124561217292e-01, -1.979402937794209e-01, -2.636030953601962e-01, -1.600016382506403e-02, 1.069697143212633e-01, 1.766104796281412e-02, 1.956027626500320e-02, 6.360255443402478e-02, -3.217096294566156e-02, -1.536770022679173e-01, 9.957948907091572e-02, -3.518971072922492e-02, -3.495540538850912e-02, -3.138880527318785e-02, 1.544872873502774e-02, 9.625376657921934e-04, -2.112474836513355e+01, 8.810408484636893e+02, 7.899526554033933e+01, -1.570116271857866e+02, 1.760997857995137e+01, 3.024007503096332e+02, -6.304700260023302e+01, -2.766878238354395e+02, 2.408623272081961e+02, -2.574264437938488e+02, 4.496783025827241e+02, 6.155021571264450e+02, -1.278099225987907e+03, 1.579491435441164e+02, 7.003253920080683e+02, 2.010302740795103e+02, 7.732252086383013e+02, -2.521239417921331e+02, -3.334434599187163e+02, -9.998775233423910e+01, -8.507872922680865e+02, -2.289452397340705e+02, 4.169044534463097e+02, -1.191367111049475e+03, 4.596233538880889e-01, 1.721054202257988e+00, -5.676378904670175e+01, 4.217388848693758e+01, -2.521882322559598e+00, -1.656126267239314e+01, 4.964838928492140e+00, -8.449370950974981e+00, -6.513492752955711e+00, -1.207186288098108e+00, -7.694450490360936e+01, 1.276307177041304e+02, 8.753402872314375e+01, -5.571142625842677e+00, 2.231723186178372e+01, 3.840485210366109e+01, -9.458333520986973e+01, -4.016711192709424e+01, 6.297811094163557e+01, -3.812096386487815e+01, 3.053246389629871e+00, -6.508801708518409e+01, -3.147182818333128e+01, -1.768438206226872e+00, -1.704856177503416e-04, -1.572223043520952e-01, 2.926642723463977e+00, -1.879384278787292e+00, 1.000285183877411e+00, 1.397955169428228e-01, 1.241173337294311e-01, 8.224075032421587e-01, -7.404668739876530e-02, 3.740797068702928e-02, 5.652330726263497e-01, -1.009880169605308e+00, 1.211171611313095e-01, -4.254357218257552e-01, 3.388642376981748e-01, 3.206124602529607e-01, -3.485756084518618e-01, 6.734116080144117e-01, 8.885497092365771e-01, 1.319083268929193e+00, 9.314142866539576e-01, -1.776256785486661e+00, 5.094713147600468e-01, -2.331798894867385e-01, -6.374376110566517e-02, 1.164022694094471e-02, -2.374607781855999e-01, -1.310953986985897e-02, 8.549770922130423e-02, 3.130025057759251e-02, -6.723247710677683e-03, -1.619561945081786e-02, 1.210620535552554e-01, 8.375054640926969e-03, 1.729260614474517e-02, 1.354477345521747e-01, -2.754045949803677e-02, -5.053185086374656e-02, -1.068242784307991e-02, 3.273230843440304e-02, 2.966252500491595e-01, -9.146167760243912e-02, -9.822408601325451e-02, -2.155221041423810e-01, 3.431663339236463e-02, 4.282461812621852e-02, 1.961240982367491e-02, 1.721003628548545e-02, 4.201777724086126e-02, 1.289848850909380e-02, -3.357145677156357e-01, 3.013631963873742e-01, 3.992371705036828e-02, -2.332306448041234e-02, -3.648611227432346e-03, 1.248003537692435e-02, -4.443024457004135e-03, 8.263081391434378e-03, 1.929136473319473e+00, 3.574263631605728e+01, 3.680085546109265e+01, -1.943763767025507e+01, -2.310504188693922e+01, -6.164328020415795e+01, 1.384948742067798e+00, 5.924024996235584e-01, 1.983969993801648e+01, 2.780168870591576e+01, 4.536212089519298e+02, 4.378109351627358e+01, 1.309686579683145e+02, -1.635430437130164e+01, -1.113887696197516e+02, 9.306347526647069e+01, -1.620170759624341e+02, -2.812002948654880e-01, 2.494025838268836e+02, 7.973734321673938e+01, 2.545856245603146e+02, -1.795296381422081e+01, 2.891554347417925e+01, 1.411168290502668e+02, -5.923136182920450e-01, -3.114670518673230e+00, -1.121423327938050e+01, -2.287068541452859e+00, 5.080820550128626e+00, -7.365801310915367e-01, -1.318622956150776e+00, 8.577720176467269e-01, -6.215386257729637e-01, -1.355061006203983e-01, 9.183134054991310e+00, 6.057009409238410e+01, 2.286081792582052e+01, -2.408729789899785e+01, 4.980767449829576e+00, -4.856220852396812e+00, 5.796636701424134e+01, -1.327261566115570e+01, 8.874531118617734e+00, -6.361321508314760e+00, -2.609678533731983e+00, 1.946667614117243e-01, 4.824871484333913e+00, 1.633282494266072e+00, -5.372705177255417e-02, 1.400945027963905e-01, 4.553206396616574e-01, -7.946731405197941e-01, 9.690257315336999e-02, 1.015066209743000e-01, -2.628182055366061e-01, -1.419974862965929e-01, -1.187774237605790e-01, -1.905384189861647e-02, 2.399003586544512e-02, -9.624039870665533e-01, -8.655252901162148e-02, -3.698240950139772e-01, 2.089798870277152e-01, 1.466132157756528e+00, 4.037527655770473e+00, -1.329953658608381e+00, 8.787616439407747e-02, 8.355759210993300e-01, 5.405539113221740e-01, -3.987558055646938e-01, -2.572766953510969e-01, -3.430259738245202e-02, 2.294402249053991e-02, 7.836410637510826e-03, 3.373284307164399e-01, 3.610281855641846e-01, 1.321045883350740e-01, -7.212657151833946e-03, -2.468972779357631e-03, 2.172913993362751e-02, -8.627629527106549e-03, 6.365527820886016e-04, -1.773445372092967e-04, -1.402118307875936e-01, 3.835907923090068e-01, -9.497706298740302e-02, 2.148509418255237e-02, -2.963630362701447e-01, -1.922744968120869e-01, 1.581508210393566e-01, 1.646336303226210e-01, -3.351137246833920e-01, -1.889562739074216e-01, 1.315642499968755e-01, -1.602972184151137e-01, 4.668245919145657e-03, 5.551084629058615e-03, 3.060360581389884e-03, 3.075722935333513e-01, 6.161547705091235e-03, 1.241796181142867e-01, -4.354433567344310e-02, -4.909303153138237e-03, -6.736640202007070e-03, 1.119111249666878e-03, -2.856848552929186e-03, -7.394888049942129e-04, -2.158219417761775e+00, -1.880203403299847e+03, 2.088199340368432e+02, 8.195971229867174e+02, 5.437612748857699e+02, 2.794479669003790e+01, -2.397708425254093e+02, 1.730136659553271e+02, 7.401620525835687e+02, -5.386025806742265e+02, 1.434483815020858e+04, -4.288318965653424e+03, -5.467488101615376e+02, 7.869094134782516e+03, -1.136442016807167e+03, -2.979178102720182e+03, -5.095452452093434e+02, -2.748437656960237e+02, 1.580331227913888e+03, 1.129455218853047e+03, -3.880401911156547e+03, -3.399699753935193e+03, -4.404544534260493e+03, -8.291327121051138e+02, 2.279964809023473e+00, -3.091848914856511e+01, 5.563771643456883e+01, 5.713928646157346e+01, -2.950626541028742e+01, -4.265038817827824e+01, -3.770572550485116e+00, 3.825933379094523e+01, 3.756174079591050e-01, 2.109400449420941e+01, -2.465930457026508e+00, 3.655908612600807e+01, 1.341965493393155e+02, 9.999867063394225e+01, -1.472740128567541e+02, -1.954467655443423e+00, 9.263074931973988e+01, -3.817102125013745e+02, 5.682841930214681e+01, -3.586155759459854e+02, 1.103373609789623e+02, -2.506812342407148e+02, 6.573118916294311e+00, 7.088820246236092e+01, 6.830643615829574e-01, -1.301462890461566e+00, -2.794965265264794e+00, 2.131462195094659e+00, -4.898666645084473e+00, 2.450196095351473e+00, -6.232209412665979e-01, -1.096618186848646e+00, -6.039710747864248e-01, -4.428873978074619e-01, -5.845313793500893e+00, 3.226419569073676e+00, -5.214347289346085e-01, 8.792631041283224e+00, -2.118998579612020e+00, 3.234366791805429e+00, -5.524208169681619e+00, -2.815824984596067e+00, 4.241188007192585e+00, 1.195636842735688e+01, -1.229150402643306e+01, 2.592444567322754e-01, -3.503812677605066e+00, -8.011818682410435e-01, -6.807323475731072e-01, 7.264408220586176e-01, -2.513858286915955e-01, -2.601241654402919e+00, -1.115390267972213e+00, 4.421713153170714e-01, 3.184894494867796e-01, 8.290472659844518e-02, 9.548626786948848e-02, -4.433164465596331e-02, -3.557959496882332e-01, -1.244003546100461e-01, -1.715732412628595e+00, 5.021903253675593e-01, -5.669398972248348e-02, -1.378964377312485e+00, 8.473776620978820e-01, 1.119095419107857e+00, 1.218110508612102e+00, -8.163198894305303e-02, 5.946243543923369e-01, 3.551971280502194e-01, -7.730650692491886e-02, 4.142341313865704e-02, -4.626595762706956e-01, 3.075723846914646e-01, 8.206061023353820e-01, -5.041561185200801e-01, 5.246710194759585e-01, -4.354225262920622e-01, 3.300851515744933e-01, 2.991585699241796e-01, 7.430090973115548e-02, 1.291375705951136e-01, -1.052779164439783e-01, -3.823532864221450e-01, 3.101944802335059e+00, 4.349140833591683e+02, 8.722008521574041e+02, -8.451213453316253e+02, 6.930097437457480e+02, -1.554881561746532e+02, -4.536257244889215e+02, 9.172389052831512e+01, -1.616818521291131e+02, -1.118188635081542e+02, 7.496099277133832e+03, 3.161439754236647e+03, 2.553712285964970e+03, 3.778233555216345e+02, -5.556801078223345e+02, 4.199663793929165e+02, -2.746245662042666e+02, 3.534141699287735e+02, 2.634301986205172e+03, 1.844707291294451e+03, 1.535645984699491e+03, -1.532777402884777e+03, 4.562498269577683e+02, 3.659107771260397e+01, -1.092998624040663e+00, -4.471415565724051e+01, 1.919431992628590e+01, 4.646142010269518e+00, 1.613132782280618e+01, -8.721885811932465e-01, -1.929575532283071e+01, -3.295347644652993e+00, 6.341180499193736e+00, -4.061341367273546e+00, -2.118659607480706e+01, -4.156395641514871e+02, 3.047236162796282e+02, 9.773099406581252e+01, -1.874600250355579e+02, -5.094205406740222e+01, 2.121605491947186e+02, -1.159512074157701e+02, 7.397566490732596e+01, 4.141480937993205e+01, 4.241209616603121e+01, -1.615724609372284e+02, 1.263003292307138e+02, 8.511875406793008e+01, -1.450875160643841e+00, 5.628780390440301e+00, -6.347397022889154e+00, 2.358351757186509e+00, -2.188221274669890e+00, -1.903729884809194e+00, 9.295007571601726e-01, -3.911441294519162e-01, -7.165632864905055e-01, 5.103659768246707e-01, -5.725924358942051e+00, 1.149647756214915e+01, 3.840154269411533e+00, 4.031171970099769e+00, 1.637473410247537e+00, -6.477930303321596e+00, -2.538555971893331e-01, 2.630278216195668e+00, 2.180859464525036e+00, -5.707296997720867e+00, -2.447537022335690e-01, -3.511460260424563e-01, 2.804582012747969e+00, -2.267047235812096e+00, -9.384336859221636e-01, 1.368748760480943e+00, -5.466252481435252e-01, 1.786404834963049e+00, -6.048373759996690e-01, -5.561383615619337e-01, -1.243585123255113e-01, -4.865705166091607e-02, 5.984769107687821e-02, -1.360324522874519e-01, -4.026484878121746e-01, 3.856730672958717e-01, 1.417852429649049e+00, 5.873599889829427e-01, 5.222611447033392e-01, 5.735014280790863e-03, -1.196218912322013e+00, 4.490196045526382e-01, 5.335035047752242e-01, 5.542394988819921e-01, 1.242622340980776e+00, -3.563534749379854e-01, 1.873965477575750e-01, -5.838177466783673e-02, 1.968067330810722e-02, -6.161733460762604e-03, 5.041549800064121e-01, 1.425952745789375e+00, 5.842642771456638e-01, 1.037086231030682e-01, 3.331895692153843e-02, -5.012436972365339e-02, 2.140209432329421e-02, 8.841775170181816e-02, 2.031048157800865e-02, -1.218788410547178e-01, 2.960550254444088e-01, 2.478718909299871e+01, -1.245286547038354e+03, -1.547170774177747e+02, 5.056318250596684e+02, -1.344562112295414e+02, -2.253280304053926e+01, 4.893323233882720e+01, -9.247058499203239e+01, 1.334890050556531e+02, 5.234349558735666e+01, -1.770544874236951e+03, -1.046344203476802e+03, 2.174453976481764e+02, 6.129057618884623e+02, -3.460893449136173e+02, -2.347463330513457e+01, 3.387643481853809e+02, 4.546590493389467e+02, -2.580010591762668e+02, -1.131011502791987e+02, -6.402521808771969e+02, 3.205811799635520e+02, -1.037830180437167e+03, 7.944368417129195e+02, -5.652328069185654e+00, -3.096141115973435e+01, 3.129579621843509e+01, 2.258582652092576e+01, 2.140020882364004e-01, 4.901381084116400e+00, -1.018394022726818e+01, 8.157938630874641e+00, 9.420495219920696e+00, 3.355856690107835e+00, 9.082063710862974e+01, -1.761192176811725e+02, -1.253022741491507e+02, 1.704140201632029e+01, -3.616636301457125e+01, 2.230898247274484e+02, 1.321075430861780e+02, -7.024706069935063e+01, -3.260892395265873e+01, 2.329479724978541e+02, 6.715704724101755e+01, -7.104285143236058e+01, -1.494492909091972e+01, 1.207145399867553e+02, -3.188350575930948e+00, 3.855173890045808e+00, 1.124970098354785e+00, -1.905501581615188e+00, 5.768069235218183e-01, -1.179369551364013e-01, -1.910664661506395e-01, -1.172143602650890e+00, -1.352600837106409e+00, -7.988882234309694e-01, -7.603753537765364e+00, 1.304219625771249e+00, -9.294820710802972e+00, -6.657739567173752e-02, -1.636662444710978e+00, -3.151430912930734e+00, -2.994458462065233e+00, -4.470101030340804e+00, 2.742079984379810e+00, 4.323385126550458e+00, -1.967844958225168e+00, -5.274621973472515e-01, -5.881574436979994e-01, -5.994185996150985e-01, -8.748939660362847e-01, 5.436342211140870e-01, -1.469726158509545e-01, -2.025099620446134e+00, 5.386457381167155e-02, 3.712652076173025e-01, -6.324976517633147e-03, 1.275826586865245e-02, 1.604526740957612e-01, 1.046953400084824e-01, 6.104371753988865e-02, 6.148552427622321e-01, -1.452316639890416e+00, 1.436918824203630e-01, -3.785186948958744e-01, 6.803957100928952e-01, 6.949573853696525e-01, -3.265570725021941e-01, -6.646709706713744e-02, 1.293623299879363e-01, 4.845209809625646e-01, 5.923677301607824e-02, 6.452998520619091e-02, 1.320911236749545e-02, -5.582054100845189e-02, 1.241795013495966e-01, 5.246694937055448e-01, -5.842633911967824e-01, 8.760411317706360e-02, -7.621353231097415e-02, 2.246888489007446e-01, 1.421177921114225e-01, 1.237314338337529e-02, 1.097998867876699e-02, -6.200858041787613e-02, -3.526209151486273e-01, -1.910414929195520e-01, -1.434711423049348e-01, -2.484184757709555e+01, 3.068590569142401e+02, 2.674423446116511e+02, -3.930345526692930e+02, 1.865221956602529e+02, 9.735731636016693e+01, 1.366144899849691e+02, -2.301218941798622e+02, 4.965929029067934e+01, -4.283245892640208e+01, -7.462380822333364e+03, 9.423801933195240e+01, -1.280952225972204e+02, -5.544842114353638e+02, 1.037806023181039e+03, 3.279822699899032e+02, 5.982832391292077e+02, 2.125641575877657e+02, -3.856125082553349e+00, -1.394944254151832e+02, -7.739877833893746e+02, -4.164246440737025e+01, 7.619423576852469e+01, -5.691138940817663e+02, 2.539143697207522e+00, 3.740003330050389e+01, -1.637531794160830e+01, -3.921361111084267e-01, 8.959532239294870e+00, 7.155664791259871e-01, -1.651931906593357e+01, -7.683513973924264e+00, 1.332796575008838e+00, 4.060931629339773e+00, -2.199601155785167e+00, -1.330764491323538e+02, 1.412278923462698e+02, 2.388877250153095e+01, 2.231786694716938e+01, -5.984389636866245e+01, -1.595672085446265e+02, 7.685066173933626e+01, -3.884267743042223e+01, 2.664986867247146e+01, -1.920600604272887e+01, 1.544150661082401e+02, 4.482966979232840e+01, -5.943552032592096e+00, 9.085251253433341e-01, -3.492462186823567e+00, 6.520249148409707e+00, 2.504674106057224e+00, 1.480109892476936e+00, -1.318402118918357e-01, 1.704476928780897e+00, 1.168680586188220e+00, 1.248689876143348e-01, 1.353064336640562e-01, 8.101389083518145e+00, -1.075787113767087e+01, 3.114113835816926e+00, -3.635941537280420e+00, 2.408542039111198e+00, -8.930809784385531e-01, -3.645580661952375e+00, 7.562098511267365e-03, -1.142546810514175e+00, 2.870610378720762e+00, 1.392155431207111e+00, 9.904817872438435e-01, 2.327896355437277e-01, -4.069722174137277e-02, 7.956543097743876e-02, -7.513619871080633e-02, -2.279372510628832e-01, 1.439360019361656e+00, 4.329784178635853e-01, 6.378985094524334e-02, -1.596364231844552e-01, -1.677379209176108e-01, -8.733915089654340e-03, -7.047401765002917e-02, -4.196715089601777e-02, -3.203968957979254e-01, 1.171187368797797e+00, -2.974363453203107e-01, -8.508012912943524e-02, -4.789493771300382e-01, -6.371144375741755e-01, -8.047431079674647e-02, 1.739978363041118e-01, -2.190735911539722e-01, 6.661158505076930e-01, 1.079023541739778e-01, 2.174588910129582e-01, 9.154760645336105e-03, 4.827089990520535e-02, -4.354431273026581e-02, -4.354235006860371e-01, -1.037092710791014e-01, -7.621397416460293e-02, -3.577564585080519e-01, -4.064575008084183e-02, 8.026472472710194e-04, -5.486997754521740e-03, -4.522697174244783e-03, 2.375844808018118e-02, 3.724809821382975e-01, -7.814526930332120e-02, 1.401992837873500e-01, 6.924620750697470e-02, -2.154238882080732e+00, -3.513897863295968e+03, 3.826207541101179e+03, -5.082212597665776e+03, -2.532975785399064e+03, 6.361393597449992e+02, -3.446869872604634e+03, 1.304919702740983e+03, -1.467717494778883e+03, 5.930463129488154e+03, 4.245172411973884e+04, 9.864313110596953e+04, -5.958271898864095e+03, -4.620651339456520e+03, 2.961442572661521e+03, -4.358895524503561e+03, 2.269230809990989e+04, 1.830145246733586e+04, 9.406569770886976e+03, 1.570775481148716e+04, -2.922944670553276e+03, 1.254202724703633e+04, 3.002907303856308e+04, -9.846631988086132e+03, 1.246836516503144e+01, -2.839587378334254e+02, -3.017821763433313e+02, -3.963068406869946e+02, 2.651228066688237e+02, 1.329080149909118e+02, -1.800636502620996e+01, -1.067468947382846e+01, -2.418715084544893e+01, -6.161382133679784e+01, -1.914853675046807e+01, 2.920406672949508e+03, 5.669384683570247e+01, -8.465340673271884e+02, -5.116961021322404e+01, 2.015214043786071e+03, -3.015624034116047e+02, -2.549132100236643e+03, -7.846498103950599e+02, 4.150530331686720e+02, -7.776213536266362e+02, 8.587432263094527e+02, -1.339921719650741e+03, 5.288928127010660e+02, 4.820381006206127e+00, -1.021885029552985e+01, 2.398622990588098e+00, -1.632640501817289e+01, -7.300579565434607e+00, 1.068797546766993e+00, -2.668017016843645e+00, -9.242058580652626e-01, 5.117962174029828e-01, 1.671743472979989e+00, 7.243572214859399e+00, 2.700206702244643e+00, -3.847808728587077e+01, 8.000856358481727e+00, -9.931210552592059e+00, 7.717706098706725e+00, 1.522234598149751e+01, 6.563039685001093e+00, -7.266196322770844e+00, -2.145325386917455e+01, -9.075139417578747e+00, 8.052046925300408e+00, 1.174678018630181e+01, -1.660922652008145e+00, -8.665291825295690e-01, 3.126987498476133e+00, 3.292466692300870e+00, -1.363257143568703e+00, 1.154185376124616e+00, 4.468623983581652e-01, 6.838629182627711e-01, 2.050236716564705e-01, 9.883803200035021e-02, -1.008126067495327e-01, -9.625171681231426e-01, -3.156542917506789e+00, -1.349656986007801e+00, -1.362309858143882e+00, 1.989043124727932e-01, 1.054424863628086e+00, -1.443386800528496e-01, -5.271437835104187e-01, 7.937253111281573e-01, 3.262609168431905e+00, 4.331763348904214e-01, -3.694562082670552e-01, -7.557708517964324e-01, 2.304931105762059e-01, -7.319978793936417e-01, 9.408394495440564e-01, 3.827998336396288e-01, 1.228061749019644e+00, 4.152489925970868e-01, -8.300635100237469e-01, 1.720212901566458e-01, 2.722094546065424e-01, 9.841625935915850e-02, 2.577132341045800e-02, -1.842089971908714e-01, -3.966008503720742e-01, 9.504895226192278e-01, -2.473172633653119e-01, 4.843957888365653e-01, -7.736355292825506e-01, -5.993696043372344e+02, -6.623497548697603e+03, 1.641913405129463e+04, -8.763668030362507e+03, 6.833085012799929e+02, 2.065907461274802e+03, -4.330563089358978e+03, 2.955945288083467e+03, 6.145819916324584e+03, -1.832448931050055e+03, -5.549661096247402e+04, -1.624348228012039e+04, 9.258789767549701e+03, -1.070510206468925e+04, -6.796332157220546e+03, 2.882355878672105e+04, 5.946555108949885e+03, 4.020079748695379e+03, -1.594376509723158e+04, -6.746601627335088e+03, -8.006959839201894e+02, 1.155108735501270e+03, -6.800786020860203e+03, 1.264550930098339e+04, -2.838765525079791e+01, -1.582348752993960e+02, 2.505547456990163e+02, -1.577131744543873e+02, 4.218901707526376e+01, 7.527012625885813e+01, -1.248635094098947e+01, -1.680460870455217e+01, -1.135481995148087e+02, 1.755219275687593e+01, 2.790172676039981e+01, 7.054584102756164e+02, 1.192564782069970e+03, 1.587000669451546e+03, -2.607934358780521e+01, -8.094378596883372e+02, -5.217997552864753e+02, -1.204658110491188e+03, -9.421551730130856e+02, -1.791729483778331e+03, -6.152426805558009e+02, -5.085793680410340e+02, 3.528781672253338e+02, 4.949958370838557e+02, 6.572911895689709e+00, 3.502919289920124e-01, -8.926985448043139e+00, -1.038657429526761e+01, 7.472399199470981e+00, -2.579570645719995e-01, -5.984915398870226e+00, -1.643775493816518e+00, 1.761958945050415e+00, -1.865959962922161e-01, 2.064877562753658e-01, -2.106881051227091e+00, -3.977604355344717e+01, -1.392568752656881e+01, -1.116759193690850e+01, 1.623589943350693e+01, 1.870580175813305e+01, 7.770522964332928e-02, 8.952562568575322e+00, -1.243889607291981e+00, -3.007088457408879e+00, 7.918673508303189e+00, -4.907405656475671e+00, -1.223417827440160e+00, -1.406746577872602e+00, 3.923632428629084e+00, 1.358487206591155e+00, -3.309060444506327e+00, 7.387892071828480e-01, -3.709755671430499e-02, 9.340276282042992e-01, 3.348138672083493e-01, 1.086899826477082e-01, 3.294055444159603e-02, -1.129057847345065e+00, -1.651184018856845e+00, -1.167277657811479e+00, -1.534999553878548e+00, 8.328590833449997e-01, 3.398106485104984e+00, 2.313034119877462e+00, 1.310141936873667e+00, 1.128473379700167e+00, 1.348280396551555e+00, 4.611695606884395e-01, 3.272389426886244e-02, 2.960661079033718e-01, 3.258976951388804e-01, -3.399695470134711e+00, 2.933268943907722e+00, -2.522840387126312e-01, -1.368855532265271e+00, 4.647741366533096e-01, 3.057877019035796e-01, 2.609874111400006e-02, 9.997597257944399e-02, 8.809536154107967e-03, 1.250428031051210e-02, -7.153725568297202e-01, -7.915597149474775e-02, -4.801070824849368e-01, -2.575008202462959e-01, -5.132039706754989e-02, -4.122269397025338e-01, 1.249214367939769e+00, -7.260966468501084e+02, -1.221498543975965e+04, 8.098291983559668e+03, -1.311177061184187e+03, -2.154751206697524e+03, -4.723036813083738e+03, -9.894625984379013e+02, 3.155209563496335e+03, -3.272353611486462e+02, -3.006491891899491e+02, 1.097368944668231e+05, -1.315593328602676e+04, -9.334593780462003e+03, 2.160159552808074e+04, 7.868328071852225e+01, -2.222572051330911e+04, -6.624228886467143e+03, -1.033827506437075e+04, 1.558421407269099e+03, 6.770329229208483e+03, -9.534212754365422e+03, -1.264683731867940e+04, -1.357688905885789e+03, -1.417790253396694e+04, -1.243722130560797e+02, 2.442909358488340e+01, -2.310202681256615e+02, 4.153692322971649e+01, 5.105427092130056e+01, 1.113879387223329e+02, -1.091785377850070e+02, -1.650054763424284e+02, -6.891310808466056e+01, -4.434025046763672e+01, -1.057171585187731e+03, 1.690245748712931e+03, 1.580087277897530e+03, 1.021424192054079e+01, -1.451515963971544e+03, -9.413966867333259e+02, -6.153270122952704e+02, -4.189580412083717e+02, -8.366605461701841e+02, -4.439337935875029e+02, 1.651293074331230e+02, 1.063572078447650e+03, 7.227542690887297e+01, -8.220882586175055e+02, 3.405219924568226e+01, -1.274369396986997e+01, -1.660296183414029e+00, 1.628080405255875e+00, 1.154406079068256e+00, -1.116335078165460e+00, -3.051919048662318e+00, 2.238078839240254e+00, 1.447606725752360e+00, 1.716495374586651e+00, 1.509312531361252e+01, 6.620444273408525e+00, -2.351268944936795e+01, 5.529380204327373e+00, 2.185886491577278e+00, 1.806045221234133e+01, 1.457538051289110e+01, 3.487079156637600e+01, 9.612364061716184e+00, 2.315358177153344e+00, -4.289689034720382e+00, 2.529879882386993e+00, -6.294378013043911e+00, 7.209490966372318e+00, -7.654659893743474e+00, -6.732549308176927e-01, 9.415872413912337e-01, -2.000540631111170e+00, -2.611552814377312e-01, 6.854620311294247e-01, 5.108295068989800e-01, -2.334165611448021e-01, -2.868686973106396e-03, -1.837879322231671e-01, 1.871651569794188e-01, -6.734407133391568e-01, -1.482193732956521e-01, -3.307381549343524e-01, -3.255803385888979e-01, 1.073125563864098e+00, 2.382338592782496e-01, -3.574199654426987e-01, 4.009975724476696e-01, 1.099697448358036e+00, 5.299171628331796e-01, 2.580808636913200e-01, 5.068926903922728e-01, 4.367507450715940e-02, 1.163989145330910e+00, 6.205330006871674e-01, -1.653853884565225e+00, -1.750631199781193e+00, 1.602465087983173e-01, -9.934950242062551e-02, -2.998138591971859e-02, 1.184583463469037e-01, -4.139893400613388e-02, 9.323635695349744e-02, -1.396524110745206e-01, 7.745648909636669e-01, -9.926603178197441e-01, -1.173352914198038e-01, 9.276664217483525e-02, -1.637048115369785e+00, 3.792548997345862e-02, 9.008950228997823e-01, 4.052217281848708e+02, -1.541317600159230e+03, 9.389861219940002e+02, 1.475190365741135e+03, 4.085394952979577e+03, 4.725139353686596e+03, -2.262630971532431e+03, 4.532036280768042e+03, 8.242008887339014e+02, -5.442805920504850e+01, 1.964555761887377e+04, 1.049024125866869e+04, -1.441120413271920e+04, 6.812577902682877e+03, -6.357602250682875e+03, -4.732359460957156e+03, 7.864097761780656e+02, 3.136823966255992e+03, 1.786504839377149e+04, 3.457051547820610e+03, -5.720336108997579e+03, -9.181037806514261e+02, -3.848289506405105e+03, -3.976287608225975e+03, 1.743107605448410e+01, -1.094650249998718e+02, -2.854508875819553e+02, -4.721937968385959e+01, -1.267815837285331e+02, -3.531209008024025e+01, -1.022380767993688e+01, -8.109111816885701e+01, -3.646389125100048e+01, -1.718727417379802e+01, 8.489002695939629e+02, 6.790817072211729e+02, 6.326932316188555e+02, 1.427969314242626e+01, 8.519655177449647e+02, -5.862708162040487e+01, 9.079502828417796e+01, 1.756858938383096e+02, -4.690806644782361e+02, 5.818713782018239e+02, -1.557246301767926e+02, 4.180498333760351e+02, -1.340848673063828e+02, 2.930352919400640e+02, -4.339784492525864e+00, 1.609758825949861e+00, 9.833932447935064e+00, 6.962287497666634e+00, 1.128662301551147e+00, 3.111728785634157e-01, 2.600110896382599e+00, 4.085100394895080e+00, 1.497498730675568e+00, 7.527258488869049e-01, -5.705149072738533e-01, -5.078475961940843e+00, 2.836322304550341e+00, -3.027096695448350e-02, -1.549284201904721e+00, -2.397145589812909e+00, -1.320777532678792e+01, -8.527379126179545e-01, 6.684607752556659e+00, 2.782174985288856e-01, 4.302227929008839e+00, -4.146598716722919e+00, 7.677242892961433e-01, -2.855924906822307e+00, -2.353232720334512e+00, 2.230170480903100e+00, -7.187391132611128e-01, 6.080712837970342e-01, 2.353002062231442e-01, -1.444736148614172e-01, -4.385828618550815e-01, -4.423721556152064e-01, -1.250403654040159e-01, -1.765199327972811e-02, -5.710531890438190e-01, 1.992895089907399e-01, 3.988810656579077e-01, 7.447463392437293e-03, 6.881819494529447e-02, -8.978246264675763e-01, 2.702339130174021e-01, 1.055671884095675e-01, 3.745700966767970e-01, 1.122526090928829e-01, -8.967780605999306e-02, -2.700260733518288e-02, -3.021885952286417e-01, 1.920397845131663e-01, 7.736448265581739e-01, -1.093880771849077e-01, 5.184851857067507e-01, 3.340685170998772e-01, 5.687876487620339e-01, 1.285248034336359e-02, 7.884981742951207e-02, 1.130108508183606e-01, 9.465291493749575e-03, 1.855199353497399e-02, 4.274292287740578e-02, -1.809061282658981e-01, 1.472861525292775e-01, -3.816370268956940e-01, -6.748980529352119e-02, 4.589418478071367e-01, -4.111483310615180e-01, 2.604602668554552e-01, 1.172609064215079e-02, -1.172843455318407e+02, 8.790156947340317e+02, -1.080604126750094e+03, 3.730514194454657e+01, 3.896707310045466e+02, -6.489497818686751e+02, 3.993639222640675e+03, -1.883502864935662e+03, -1.220565200370102e+03, -1.147318436414857e+03, -4.912718140298017e+03, -7.380238949420572e+03, -7.337259044196894e+03, 2.009022605296977e+03, 1.882270789930938e+04, 1.238779071635209e+04, 1.445741298487662e+04, 2.114441932609638e+02, -8.131597935094112e+02, -3.198064485796505e+03, -1.586712903409812e+04, -8.059544596109045e+03, -4.110707336392669e+03, -1.599231847144443e+04, -4.417007321997199e+00, 6.546019431593859e+01, 1.908270853564391e+02, 1.823735378590689e+02, 2.056582050539728e+02, 6.755863662004444e+01, 2.503258094042585e+00, 1.394017572502425e+01, 4.539148534619969e+01, 2.311095545619848e+01, -2.790205601271426e+00, -6.893735325958241e+01, -1.589031186522131e+02, -3.931800139673341e+02, -2.407589510614951e+01, -1.552995280520725e+02, -1.220702803854951e+03, 3.273198671183409e+02, 2.607229898391006e+02, -2.396693844354983e+02, 4.794961779428189e+02, -7.952507175398721e+00, -2.058935207684914e+02, -1.235232094074826e+02, -1.963889777112639e+00, 3.232075152330925e+00, 1.279344873343847e+01, 1.482873888281699e+01, 4.125649579929785e+00, -4.220674419773752e+00, 4.304500841488275e+00, 3.009850813542970e+00, -3.555472975405512e-01, -2.618976698771477e-01, 5.915058330915305e+00, -1.414587619650498e+01, 1.495613507473164e+01, -8.827192600075948e+00, 3.204669986993109e+00, -1.668966761160143e+01, -3.195236755442152e+01, -2.294705135676846e+00, 1.236449277807506e+00, 8.359120668294720e+00, 1.153143663762532e+01, -3.446739380456833e+00, 8.236695738523325e+00, -8.257894266156481e-01, 2.724321083385417e+00, -3.328931987268681e-01, -1.645215552283264e+00, 8.066811083399061e-01, -7.525061347236838e-01, -3.447350309201062e-02, -4.315862214655148e-01, -2.843647516151441e-01, -1.607118966132005e-02, 4.628985904631814e-02, -1.310618281601180e-01, 7.815743867372392e-01, 1.081010523109920e+00, 5.805435647544359e-01, 1.597338456749826e-01, -7.919263300763503e-01, -6.257794290421881e-01, -1.196321658841957e+00, 5.737366002489678e-01, -8.370190046955285e-03, -1.729332661559764e-01, -2.474831797623905e-01, -4.473226739337957e-01, -8.054245835392258e-02, 2.681136286827940e+00, -1.300237675579881e+00, -7.856011688292744e-01, 3.361778578187617e-01, 2.875972490886076e-01, -3.659118349458219e-02, 1.880212198077438e-01, 5.014796810166860e-02, -1.590033393367392e-02, -1.453459776670772e-02, 2.475513574798776e-01, 7.424651175809101e-01, 2.021746397791917e-01, -2.643170750861387e-01, -7.096415905570514e-03, 6.747613430567030e-01, -6.984995272816442e-01, -3.881029655927254e-01, 8.502574505531471e-02, 1.037822287639661e-01, 6.152207942752111e+02, 7.057462106475057e+03, -4.977864435395826e+01, 6.094822359476111e+02, -1.819610449301923e+03, -1.930878974732467e+03, 4.069913592903129e+03, 1.777065438786057e+03, -3.008742414817896e+03, 1.132977165949446e+02, -1.625209850047814e+04, -2.983221987627586e+04, -1.094006803538702e+04, -6.268214318163151e+02, 8.448736184103342e+03, -5.077306059335489e+03, 4.500793412375444e+03, -5.536680805996737e+03, -2.824232384634532e+04, -1.070418223070873e+04, -1.444852540654633e+04, -4.159526913887703e+03, -3.173930365400417e+03, -7.240058966450578e+03, 3.009609389195853e+01, -3.707837941486453e+02, 7.294378261123211e+01, -1.442974269625139e+02, 1.265740099737861e+02, 4.510568312039704e+01, -1.294785824067526e+01, 7.909483901693247e+00, 1.326461771944951e+01, -1.404335311451129e-01, 7.944139296149191e+02, -1.506499620781808e+03, -1.276291083572946e+03, -4.007351184302357e+02, -2.166066788873221e+02, 1.299746370820141e+03, -2.026741059647285e+03, 1.352463213057721e+03, 4.764088891092465e+02, -1.625441320813707e+02, -2.362752663114457e+01, -4.484731153264011e+02, 1.392186150879012e+02, -5.888707957331212e+02, -3.726900400301397e+00, 1.332997673177342e+01, 2.767406932591634e+00, 2.486903031527156e+00, -2.581035982387802e+00, 4.775826026609638e+00, 4.834326149006085e+00, 3.722071758394217e+00, 1.809114930402476e+00, 5.542249207870177e-01, -4.910351438379783e+00, 8.323847375686125e+00, 4.549793103167430e+00, -2.701136366966537e+00, -1.775859362904166e+00, -3.019221765342284e+01, -8.166904553566677e-02, -1.694828572563178e+01, -3.419103213336308e+00, -8.161743852018638e+00, 1.058253546445468e+01, 1.079845009080461e+00, 7.319764067634187e-01, 2.717556910551219e+00, 8.327139942966867e-01, -1.411964942311951e+00, 1.271206039140884e+00, 5.241637382054565e-01, -7.130683983575541e-01, -1.678296576002226e-01, -2.201337703379685e-01, -4.114002141555180e-01, -2.765744779625250e-01, -1.053436988172722e-02, 1.880347331680487e-01, -1.589682813446147e+00, 1.586704759504079e-01, 7.639713195905676e-01, -1.138302267361757e-01, -5.630493316165015e-01, -9.622200592957375e-01, 4.836094401955932e-01, -2.150719289791312e-01, -8.138247138067219e-02, -4.241484145789238e-01, -4.117641450272595e-01, 4.296418602646462e-02, -6.345286735904158e-02, 6.731788413066506e-02, 1.768490308145952e-01, -1.223323598796057e+00, -2.755206910856175e-01, 1.000599639618225e-02, -1.091233863869313e-01, 7.116522636437558e-03, 2.049889417912202e-02, 4.880867915792303e-02, -1.795319948262357e-02, 4.106428978382080e-02, 7.884149622292017e-01, -1.809231350975994e-01, 7.777394208313418e-02, 7.017302641251481e-02, 3.949272205407424e-01, 5.726562596333022e-01, -2.492857300668792e-01, 3.729047375653970e-01, 1.162063876354612e-01, -3.532553464150314e-02, 2.430825171185280e+02, -7.126359598208219e+00, 2.082476585519210e+03, 2.628342280515719e+02, 3.508946175878125e+03, -1.484049580192050e+03, -2.511818301261559e+03, -2.359906767138345e+02, -2.187127711213455e+03, 2.962321409758752e+03, 1.118435137212775e+04, -5.998469458182191e+03, -1.236338492643832e+03, -1.149656838725488e+04, 1.490043819468556e+03, -8.183739301690202e+03, -6.424510788057168e+03, -8.253002398166846e+03, -4.943918430168217e+03, 1.997117142163487e+03, 9.632601772013219e+03, -2.216625347662639e+03, 1.103163295551404e+04, -3.611274592857346e+03, 3.474356739837931e+01, 2.531155256243743e+01, -9.424828070530747e+01, 1.446524398001447e+02, -7.463206767548314e+01, 6.733449053982180e+00, 6.280400268684640e+01, 6.037059280131605e-02, -9.091908638080888e+00, -3.679620121756351e+01, -7.416945472295795e+01, -3.781136090651372e+02, 3.894297883837417e+02, -3.679467637678403e+02, -3.206859012998392e+02, -6.172550613999927e+02, 2.127666655444279e+01, 5.461014531008632e+02, -1.595885227472955e+01, 2.634812709698170e+02, 3.762138972065793e+02, -1.588221935887994e+02, 1.470625710475182e+02, -3.174549024934826e+02, -4.281026178782671e+00, -1.082452568401252e+00, -1.196377786487576e+00, 1.222759593867912e+00, -1.167816151287814e+00, -1.499100536214629e+00, 1.333121950677579e+00, 2.264794168723352e+00, 1.262314924144855e+00, 1.050165877067411e+00, -1.390250406571353e-01, 6.384914706538403e+00, 7.687424431482001e+00, 1.861335308731171e+00, 5.737620035652855e+00, 1.572307492468315e+00, -2.798655882221465e+00, -1.100569558881039e+01, 5.799072599545191e+00, 1.072141377732133e+01, -4.254617083636946e-01, -2.627219435075845e+00, 3.070643205522551e-01, 1.229015514580619e+00, -1.970877019693547e+00, 1.112433427345342e+00, 4.811394086726399e-01, 2.055341636293866e-01, -5.872053851708300e-02, -1.102193633151288e-01, -1.864337479931409e-01, -2.319449230566740e-01, -1.966469878492613e-02, -3.235562563017974e-02, -2.494344197765616e-01, -1.110332100430133e-01, -7.653637502265716e-02, 7.716397644802561e-02, -5.196032288345889e-03, -4.069096659068860e-01, 3.022086470406378e-02, 3.735117072379246e-01, 5.058155998161459e-01, 2.617268475799688e-01, -2.339669788772110e-01, -8.306856708491198e-02, 4.754150306919076e-02, -1.012701423414511e-01, 1.286231810115384e-01, -2.934457537791293e-01, 2.409695198912761e-01, -2.841027923406111e-01, 1.728961057433002e-01, 7.136193482698294e-02, -2.818650197955174e-02, 1.778123604729637e-03, -4.015696542221191e-02, -3.122931664845633e-02, 3.595369682997120e-02, -2.553486001746742e-01, -1.838368286743977e-01, -5.448776885760994e-02, -4.236947185508065e-02, 1.013321474601109e-01, -5.878806849586050e-02, -4.094045042864621e-02, -3.369857989697426e-02, -1.944858237378603e-01, 2.396270922898796e-01, -6.791256419974984e-02, 1.596389549398346e+02, -4.988763305071288e+03, -1.193420402946159e+03, -1.384394889364647e+02, -1.491428476774310e+03, -1.846648484866690e+03, 2.408013057716196e+03, -1.015190657032957e+03, -2.802640506913730e+03, -9.390184205611145e+02, -9.580487572968696e+04, 1.496148494957807e+04, 1.697643055846329e+04, -3.214502039327671e+04, -9.878777257675589e+02, 3.408714013772132e+04, 4.153996427813627e+03, 7.748673856961460e+03, -2.474665841116550e+02, -7.780156776783620e+03, 1.706060538305829e+04, 1.136200788944782e+04, 8.114925150240285e+03, 1.558054962608356e+04, -1.809246668262508e+01, -7.465592012487078e+01, 1.222159952763840e+02, 8.565440822273621e+01, 9.377087406386909e+01, -8.600056316653439e+01, 5.706845717355724e+01, 8.185445508994943e+01, 7.193427477245653e+01, 3.426615455274538e+01, 9.907526042033558e+02, 9.859427186855414e+02, -6.425011063605135e+02, -3.587051534350551e+02, 6.279102396889963e+02, -8.547263875098439e+02, -1.103880403740117e+02, 2.725458576453843e+02, -1.181656826980712e+02, 3.043701673547031e+02, -2.298881743846394e+02, -2.319430018576432e+02, 6.282548324811054e+01, 7.390697585282902e+01, -5.464989212952200e+00, 7.976587787439314e+00, 5.038206412900773e+00, -2.473950036060780e+00, 2.394027817750583e+00, 2.479016618155650e+00, -3.173061349716766e+00, -2.118892114099759e+00, -1.676443809126075e+00, -5.376698850099733e-01, -3.525713207874285e+00, -1.435185229952240e+01, 6.064625535628833e-01, -2.578856259259694e+00, -2.424565799374716e+00, 3.788831950690535e+00, -1.155715654886856e+01, -3.283662090786558e+00, -1.109778069593873e+00, -8.644897374191602e+00, 2.244972061514836e+00, 2.043047171655275e+00, -1.389230927912501e+00, -5.987790798090450e-01, 1.079254504576689e+00, -3.241043476752686e-01, 1.011032262663223e+00, 5.217631381888175e-01, 5.820624880671720e-01, -3.513499231731288e-01, -1.021875018720025e-03, -1.370260887526878e-01, -3.941570429858707e-02, -2.525649205682140e-02, 3.587472469406679e-02, -6.156439195733101e-01, 6.054588113729688e-02, -1.893959760254839e-01, -3.654827131445991e-02, -7.015076214701517e-01, 1.920778872774231e-01, -5.353603941950826e-01, -5.159973950702537e-01, -2.139351026545329e-01, -1.491567445168848e-01, 3.508803690135929e-01, -1.032793979729490e-01, 1.236111482059801e-01, -1.263642534236044e+00, 9.450042727831584e-01, -3.008444564714449e-01, 8.008385398298863e-01, -1.320638604436304e-01, -1.342871683647680e-01, 1.682273127659476e-02, 4.709322510167129e-02, 1.477348104178147e-02, 9.088939594554795e-03, -1.645175760968716e-01, 1.038271904183578e-01, 5.223184562136215e-01, 5.823687690308667e-03, 1.166975032897830e-01, 9.728056769485915e-01, -9.248274716680692e-02, -1.397124699215076e-01, 1.146637423559644e-01, -5.531791729887243e-02, -1.625807427703463e-01, 1.649338485645920e-01, -2.840461666666818e-03, 2.274045536912687e+02, -1.444380733040911e+03, 2.883413601779106e+03, -3.824143472446393e+03, 7.204868192341885e+02, 1.521000120691695e+03, -3.101696310586658e+03, 3.487472942320286e+02, 1.760541587814749e+03, 1.317466356530147e+03, 2.006705737780580e+04, 1.158220724527059e+04, -9.732728285368911e+02, -8.066566407227258e+03, -4.092869851375839e+03, 8.738577470224483e+03, -1.570117280454642e+03, -5.624546242363809e+02, -1.792468546097161e+04, -3.911501318827040e+03, 1.335649995671779e+04, 2.097774285631664e+03, 7.180263580810653e+03, 5.057190990128292e+03, 1.298631770579587e+01, -7.027928738215232e+01, -4.398842818356350e+01, -2.491630570718934e+01, -6.688643704081940e+01, 2.250881284250377e+01, 2.846021146735727e+01, 3.020870875468613e+00, -1.149026636903843e+01, -7.762943338674466e-01, -2.647878867721811e+02, 1.372079169923082e+02, 2.007460986472672e+02, 3.712399049509295e+02, -3.678213290724631e+02, -6.615218242550797e+01, 4.245173427130766e+02, -1.975642476741326e+02, -1.821246985174200e+01, -1.660169466024736e+02, -2.438421613210225e+02, 1.555963130825236e+02, 1.948244864617714e+02, -7.748144832561601e+01, 7.127954736696307e-01, -4.811219936067672e+00, -6.447309691983357e+00, -4.346983054499316e+00, -2.489355604622664e+00, 1.730079471323235e+00, -1.192179521704813e+00, -2.470904717204889e-01, -1.722710391265004e-02, -2.550738856922156e-01, 2.989218083154192e+00, 6.131703569556467e+00, -3.486564830450505e+00, 1.520349048130808e+00, -3.730655277643810e-01, 3.289392586860834e+00, 5.544237820253719e+00, 3.073708117314052e+00, 3.861605480112772e-01, 4.270393281792357e-01, -1.403968718646292e+00, 1.126856536419847e+00, -2.452426178736676e+00, 6.736858916769128e-01, 2.384429957539676e-01, 1.764310249620238e-02, -2.353041833892075e-01, -6.308561262709769e-01, -3.944931351339278e-01, 2.521858924726575e-01, 2.233729763353892e-01, 6.064943603164136e-02, 6.152833701354320e-02, 4.692810379857844e-02, -2.973329242595650e-02, 3.249328214240909e-01, -4.694651372696175e-01, 2.269719815126823e-01, -1.725344752990512e-01, 3.270802457179213e-01, 1.055211620333562e-01, 2.629105747853264e-01, -2.654050815265959e-01, -2.383081355394498e-01, -2.055358054808112e-01, -4.805454731895141e-02, 2.481083879358023e-03, -2.779000377709670e-02, 1.314477716935083e-01, -2.386514650472299e-01, -1.196720096338196e-01, -8.070322528732306e-02, 5.243378926580485e-03, -2.641655579090986e-02, 1.163427072992598e-02, 1.860414860844321e-02, 3.944192891776487e-03, -6.779923698032893e-03, 4.186748996395849e-02, 3.227866317359469e-02, -1.790408859900861e-02, -1.276608878758820e-02, 2.821627911150670e-02, -7.217363434400886e-02, 1.038899527760206e-01, -5.060727065975126e-02, -5.295747227715871e-02, 1.906734615552601e-02, 2.639594590685882e-02, 2.723558127942173e-02, 1.294794284005507e-02, -4.833203905955742e-03, 2.665643258660213e+00, 3.051591812899229e+01, 2.680303851895911e+01, 2.519429464877648e+01, 1.552208910916755e+01, -6.860374443290868e+01, -1.540090551787881e+01, 2.114040681472073e+01, -6.023920163594744e+00, -4.380643283199107e+01, -5.345864467612129e+02, -5.598339759948705e+01, 1.098884661963466e+02, 1.535230314442946e+00, 7.787159644316966e+00, 1.718122202527605e+02, 9.698584257824477e+00, 7.475971398951134e+01, 1.579920422907560e+01, -5.915585995222868e+00, 1.964694336437256e+01, 3.665900161759229e+01, -8.650541647177269e+01, 7.795067412295545e+01, -1.070629949463955e+00, -2.884026945163999e+00, 5.340003414270369e+00, 5.135068587173609e-01, -7.714783636936754e-01, -9.446806510873603e-01, -4.538402696489952e+00, -5.256559705469760e-01, 2.562631838867098e+00, -1.135661913773767e+00, 1.081218399958930e+01, -2.512101884386940e+01, 3.723420274981645e+00, -1.183357620070240e+01, -1.367423814087929e+01, -3.363269084615408e+00, 1.901477778363142e+01, 1.903168419173821e+01, -4.486017345597490e+00, -7.363143341222727e+00, 1.964949989201649e-01, 6.619269521164725e+01, -1.107285483012000e+01, 1.958515079982128e+01, -1.694164876477642e-01, -5.114537175366193e-01, -1.730219707871568e-01, 3.214865526092401e+00, -6.015192673256812e-01, -1.065582373154907e-01, 7.307415240547142e-01, 5.758614418638796e-01, 1.613570046172270e-01, 3.794788595602501e-01, 2.617846110147775e+00, -4.193456054959289e+00, 1.264099278209605e+01, -9.997161968826511e-02, 1.542657933389093e+00, 1.844082239918627e+01, 2.057170384880091e+00, 7.618476539663255e+00, -6.439445568082002e+00, 2.577601825939828e-01, -5.897386712027995e+00, 6.451189698162305e-01, -1.132477717394091e+00, 1.019998469626282e+00, 7.418601348102924e-02, 9.105852941728161e-02, 4.012994978253256e-01, 4.095560761792822e+00, -1.343376423036677e-01, -7.707788833312962e-02, -1.362772144864099e-01, 1.070679140533646e-01, 1.444702568204591e-01, 4.973423695101226e-02, 2.522624990152697e-02, -1.434071079264981e-01, 3.975654049879450e+00, 2.296649495802363e-01, 4.072556733689799e-02, -5.338600316715421e+00, 9.902507995809240e-01, 1.179910272057899e+00, -5.832397429242983e-01, -1.712778404039195e+00, -1.167833638818299e+00, 2.659584214478626e+00, -8.173018905528875e-01, 1.617323348337932e-01, -2.569904565195462e-02, -3.183555320784155e-04, 2.763599701289061e+00, 4.980809422671927e-01, 2.984343851513721e-01, -2.408790935756163e-02, -4.935274428894813e-02, 1.920023002018729e-02, 4.087792509118066e-02, -3.032659695864267e-03, 8.273415605793377e-04, -6.497706421507933e-01, -4.786807158936142e-01, -1.297027427362924e-02, 1.940765740391429e-01, -3.283525805767821e+00, -2.888616609892273e+00, -2.993330899733740e+00, -4.016484447935571e-01, 4.472068752812476e-01, -1.356482215594654e+00, -5.409269492455991e-01, 5.280613393749739e-01, 2.679236850474512e-01, -5.967603714354584e-02, 2.002917311632912e+00, -9.153941743836477e+00, -2.252771134403081e+01, -8.661032823583056e+00, -1.650602145839750e+01, -2.764826388217570e+01, 8.685926995937891e+00, 2.726562891486369e+01, 2.356041758609618e+01, -9.624067313290686e+00, -4.019719672535720e+02, -1.608969610848815e+02, 1.804343110344213e+02, -3.569815834845622e+01, 7.897386632975359e+01, 3.023070051229897e+01, -6.924485796973597e+01, -1.348216367849703e+01, 9.638281779146348e+01, 6.913123276899033e+01, 7.953902683220736e+01, -7.242431076017147e+01, -1.236587067803683e+01, -9.342251876498358e+00, -3.342158348189636e-01, -9.475940004764348e-01, 2.687223000892411e+00, 4.691992211436813e+00, 1.524879374773318e+00, -4.069384545530980e-01, 7.005524176421525e-02, -5.204354086474933e-01, 3.660505511846901e-01, 9.158665052183779e-01, -2.898913954246099e+00, -1.591249147289789e+01, -3.476112680654946e+00, -8.004569607021462e+00, 4.192784179217482e+00, -1.429932760201051e+01, -1.426982258342638e+00, -2.220979323723617e+00, 1.372984147202943e+01, 4.133734152515381e-01, 4.904540733225207e+00, 3.725951943960819e+01, -4.541814602223189e+00, -1.671372564758877e+00, -5.047692920672265e-02, 1.388876539515104e-01, 4.482001845783236e-01, 1.257217182443755e+00, 2.917815946125301e-01, -4.870048879051337e-05, 2.734684574555061e-01, 3.625241315890720e-01, -8.926241443841799e-02, 6.355416130531785e-02, -6.622158068393537e-01, 3.311279342585147e+00, -5.952626491138076e+00, 1.596483667255941e+00, -1.938139137119931e-01, -8.796331899171186e+00, -5.428992145887984e+00, -5.092925690806769e+00, 3.212108144593032e+00, 5.236425334308730e+00, 1.695614392541975e+00, -3.572605958481927e-01, 5.603043266163816e-01, -3.439054802816087e-01, 4.538019023124579e-02, 5.991400436286037e-02, -1.091189099594463e+00, -9.454235139104102e-01, -1.147318605738930e-01, -2.485081257871474e-02, 1.267498940155696e-01, 5.282326792546475e-02, 6.967573540412493e-02, 7.486884842192311e-03, -3.145163482892362e-02, 8.411912355170069e-01, -8.757728471133606e-01, 3.168128140731475e-01, -9.161536786991520e-03, 1.703150129828670e+00, 1.033930879389724e+00, 5.629739922413596e-01, 3.855568727333535e-01, 2.125898248476160e-02, 1.863195295310646e-01, -9.590725424431341e-01, 3.840929067284392e-01, -4.518919674551071e-02, -5.734118487393339e-03, -1.056109972111457e-04, -7.043109216714267e-01, -3.139435985870918e-01, -2.209265933335907e-01, -3.469714772741325e-02, -2.748874451151936e-02, -1.534360190748106e-02, -5.905959153861869e-03, -5.306624742000853e-03, -2.619684662916301e-03, -1.949713564311618e-02, 1.096807624864160e-01, 2.355797931825822e-02, -1.403482428001309e-02, 2.158612385587074e+00, 1.927858573911221e+00, 5.559452955406210e-01, 4.122280389164495e-01, 3.990879258305747e-01, 1.021188296928348e+00, -2.335179222946914e-02, -2.226575092040713e-01, -9.682723348409480e-02, -5.799102935386031e-03, 3.628434776820689e-03, -1.593604248712902e+02, 4.477362195946684e+03, 5.771610458039084e+01, 4.510342359257240e+02, -1.248020782321978e+03, 1.839836977575097e+02, 1.310972733872725e+02, -5.767896880160238e+02, 2.943726394698254e+02, -1.119883257475975e+03, -1.817795300941624e+04, -5.666830483090865e+02, 4.008928961819682e+03, -5.165425967320227e+03, 2.271171783055524e+03, 1.916891449436552e+03, -2.118104222172019e+03, -6.053232033418020e+02, 1.421705319272219e+03, 5.804265429123438e+02, 3.680948157392358e+03, -4.897958068751338e+02, 2.537771263582432e+03, -7.678042092915868e+01, -8.741099705767915e+00, -5.375103014992621e+00, 1.232710789657033e+02, -1.113267453809658e+02, 9.446902267528836e+00, 4.872725675673644e+01, 9.649049443918102e+00, 3.191891477399419e+01, 2.091681956979934e+01, -6.127034590307662e+01, 8.718859421848724e+01, 2.408839396101037e+02, 4.263644661056439e+02, 2.330561015110983e+02, 1.193180918132205e+02, 1.007094394834682e+02, 1.024155786128071e+02, 3.536502110019320e+02, 9.138132576528480e+01, -2.022599094929317e+02, -2.989941118271352e+02, -3.242586635272837e+02, 2.144819385209574e+02, -2.980153378162568e+02, 2.783228156327642e+00, 2.807904235738824e+00, -2.367190542856858e+01, -2.278777167024867e+01, -1.179448922474873e+01, -4.993091695396928e+00, -4.783388839817585e+00, -2.490483754982707e+00, -1.590496048303412e+00, 2.613739264557885e+00, -3.499833373712307e-01, 2.255373108563955e+01, -3.895414969778781e+01, 3.241085090485297e+00, 6.927664713975270e+00, 4.558696087296311e+00, 2.621692103025925e+01, 1.674634646125604e+01, -1.593364302982789e+01, -1.260623835644664e+01, -7.526409567118580e+00, 1.446160931235289e+00, -1.017106132653312e+01, 5.910700984304244e+00, 2.083131918045472e-01, -2.812515237728030e+00, 7.191514953010713e-01, 1.981738906629056e-01, -1.644241659015203e+00, 2.068296749315056e-01, -1.772746782107362e-01, -5.888593109002548e-01, -1.705546927469077e-01, -3.459781987075211e-01, 3.107803958153821e-01, -2.903413967988559e-01, -8.956929653987605e-01, 2.662692899574489e+00, -4.360735979100256e-01, 5.518637162426626e+00, 4.690895413993176e+00, 1.637297752585503e+00, 1.425920603589592e+00, -3.171490089596413e-01, -1.403944119674423e+00, -1.325547575484292e+00, 6.645194534312617e-01, -6.353656667073929e-01, 1.670148779754652e-02, 7.501446398848234e-01, -4.967481037025302e-01, -9.514122337575168e-01, -3.205679693665918e-01, 5.028308731178267e-01, 3.949173997046760e-03, 2.738430122283154e-02, -1.096433978837301e-01, 6.071901695586569e-02, -5.594995394092635e-02, 1.466788180949005e-01, -5.936700344097997e-01, -1.158891402762957e-01, -5.087183211583490e-01, 1.056640180399960e+00, 4.478965806395760e+00, 1.246040959422657e+00, -6.913485226558789e-01, -1.302941931232655e+00, -4.279572865923023e-01, 1.934261679497949e-01, 1.579151125840427e-01, -1.372559018047707e-01, 6.539214489939398e-01, -3.402478236049359e-01, -7.086843398063866e-01, -3.100229458575418e+01, 1.903689370366439e+03, 7.230319990511616e+00, 1.066129210027472e+02, -5.660348098162705e+02, -1.952626586473096e+02, -3.249567486072202e+02, -4.164711494952344e+01, 2.366847147855892e+02, -1.997202798546650e+02, -3.043206438133939e+03, -1.912717537831231e+03, -1.120188106486017e+03, 4.440982652521367e+02, 1.353654522579551e+03, -6.241802603406901e+02, -6.836886961058730e+02, -1.368157432371168e+03, 8.070450742505843e+02, 5.865855240957683e+02, -4.782301367807739e+02, -1.761826695348712e+03, 5.702336923680492e+02, -2.072063932644668e+03, -1.037441522777359e+01, 2.587678913319327e+01, 2.488100765839775e+01, 3.867110111208692e+01, -4.811526912236333e+01, 2.917141763741336e+01, 1.240258111690082e+01, -5.857867156370661e+01, 2.791455626629957e+01, -4.397658333298022e+01, -2.884235762688704e+02, -1.928614537012332e+02, -4.540923923410273e+02, 9.433630978270763e+01, -4.766845729818496e+01, -3.076660038546049e+02, 8.259743234480155e+01, 7.289167017466181e+01, -2.371328715649976e+02, 1.275738176081991e+02, 3.502909233735531e+02, 1.560674717059832e+02, 2.367254647155121e+02, -9.066773101010452e+01, -2.805953750081197e+00, 4.295506955779071e+00, 1.273039324301698e+00, 8.105105472078266e+00, 1.591796911891767e-01, 2.675097843105605e-01, -2.748647509219555e+00, -7.166204425971469e-01, -2.075420791861093e+00, 1.573225932144161e+00, -5.305986758551457e+00, -4.416504803402753e+00, 2.732774000750558e+01, -4.645056114009736e+00, -9.379605162098731e+00, -1.184012191229807e+01, -1.519400349214600e+01, 1.395715719834621e+01, 7.224540496352176e+00, 1.106780257819643e+01, -9.150310583729016e+00, -9.780492807580016e-01, -7.867190668616928e+00, -2.586020390100125e+00, -9.891538079008000e-01, 1.283645494038224e+00, 1.384715739190882e+00, -4.281492924399172e+00, 1.134383106442199e+00, -2.802205206657338e-02, -1.952200592875308e-01, -2.798440003223618e-01, -1.624586598794941e-01, -3.448696298091503e-01, -4.982064621728124e-01, -1.623916546369150e+00, -4.185132750775133e+00, -3.193010363600992e-01, 1.575317313852365e-01, 1.994310407501067e+00, 1.077815541790189e+00, -1.427062622726370e+00, -2.742796650821204e+00, -4.844198414440782e-01, -5.874023901171824e-01, 2.782460551979510e-01, 6.270718525513179e-01, 3.914332202033258e-02, -1.057804181033578e+00, 1.059263887476139e+00, 2.201030844563358e-01, -8.805524775548274e-01, -8.158129758282524e-01, -9.788458185835240e-02, 5.275655810258244e-02, 1.496876568799093e-01, 2.236930352429872e-01, 1.115389087761480e-01, -1.379789315033139e-01, -1.989235708253657e-01, -4.634509454206603e-01, 1.027403829126198e-01, 6.709229820825903e-02, -1.100876747881196e+00, 1.211874629692998e+00, 6.681054906889978e-01, -3.581846045053655e-01, -1.401470731887858e+00, -1.202880541316559e-01, -2.768313682152359e-01, 3.179266499657494e-01, -1.378317538721116e-01, -6.618433932865047e-01, 2.692634374008541e-01, -1.123812885248332e+00, 5.344231399688407e-01, 1.866517489847443e+01, 3.096430056578502e+02, 2.979284144495601e+02, -1.862842199568233e+02, -4.513785593921798e+01, -2.988383167841053e+02, 1.982822321287466e+02, -6.874394415114062e+01, -8.249693510583243e+01, 1.093270818674756e+02, -3.006483955704374e+03, 2.234064154266486e+02, 6.105426739145598e+02, -6.435378759753193e+01, -4.272226605492564e+02, 5.901292031997052e+02, 1.722178909174381e+02, 6.397259330897283e+02, 5.403227287725389e+02, -2.017129843068101e+01, -1.078489734303484e+02, 5.592402720907955e+02, -6.180346016407130e+02, 8.372136812258602e+02, 4.586101655034824e+00, -3.761451982184141e+01, 7.930989114626713e+01, 3.683314077520487e-01, -1.209751916641867e+01, 7.771652096815089e+00, -3.874592607266732e+01, 3.587662249873999e+01, 6.073283369663319e+00, -1.765415578635179e+01, -1.322249624571385e+02, 9.024855697390316e+01, 2.236577892820279e+02, 1.194599650202099e+02, 4.230637851956692e+01, -3.442270583297622e+01, -1.188463322301773e+02, 1.320283565249191e+02, -8.712390940123827e+01, 2.203808793262822e+02, 4.768753445321040e+01, -2.429509353880852e+02, -1.428287101153948e+02, 4.740486266011501e+01, 6.695465618652081e-01, -1.890760011545458e+00, -6.610048247633079e-01, -8.456774970929253e+00, 5.481936390204717e+00, -4.164413968253692e+00, 2.119966379211353e+00, -7.966363549160627e-01, 4.809334562531203e-01, 1.298364384328769e+00, 4.647720917043276e+00, 7.047788481864386e+00, -5.411515527317059e+00, 2.799838350115567e+00, 9.184592570186174e+00, -3.337384316419621e+00, 8.802201130358382e-02, -1.495539251719461e+01, -7.718162258282678e-01, -2.136974856658920e+00, -2.540619724932077e+00, 8.717311202260939e+00, 5.612928550843046e+00, 7.285409962499609e-01, -1.735776257273912e-01, -1.640147735320987e-01, 1.268173024595791e+00, 2.087925813551010e+00, 3.575532948708690e-01, -8.655806443690114e-02, -5.562066263780010e-01, 1.555392546829480e-01, 1.430671159728678e-01, -2.684953052760386e-02, 1.443420151276931e-01, -1.622050321516285e+00, 8.572554620023930e-01, -6.428277836435050e-01, -7.101685630758337e-04, 2.074868533181466e+00, 1.744257526123066e-01, -1.913207169967753e-01, -4.690882018044082e-01, -6.887484163846380e-01, 1.335210802761404e+00, -6.315971030551971e-01, -1.170215356084643e-01, 8.758332241933887e-02, -3.086837859960439e-01, -1.603808387536525e-01, 8.121318337605985e-01, 4.459988098666165e-01, 9.058224755678780e-01, -2.006465407273264e-01, -1.761046053244984e-01, -2.093150494607541e-01, -8.857816027918923e-02, -4.430712272330327e-02, 1.088688286428599e-01, -2.362120921780909e-01, 1.888044582474021e-01, -4.337927261478559e-01, -1.217019722779893e-01, 1.571729018363426e-01, 6.361505014216560e-01, 8.987885499571010e-01, 1.416149121147506e-01, -3.002137278210821e-01, -7.581230416177309e-01, 5.484486570072286e-01, -5.398930627219434e-02, -8.233615169525002e-02, 6.729561222844051e-03, 9.577434109415786e-02, -1.109725212731190e+00, -6.817306831540556e-01, 1.820123135053252e-01, -2.507862605055512e+01, -7.851491475494328e+01, 2.977696233262547e+02, -1.204465032032357e+02, -7.377583584696967e+01, -2.000303328724635e+02, -6.356618681795997e+01, -1.632742095160938e+02, 4.035058324693185e+00, 2.148369273786934e+02, 5.218369246490134e+03, -4.155729719600549e+02, -8.550547882401355e+02, 1.148205592427541e+02, -2.506602903319705e+02, -1.069324615469392e+03, -6.064638400936308e+02, -6.754640657521998e+02, 1.747700868395784e+02, -2.768545826115789e+01, 3.678186309166057e+02, -2.272609173424175e+02, 3.999305407848050e+02, -3.479290422849958e+02, -1.414659783645490e-01, -3.782459974291427e+01, -1.646879775438186e+01, -4.431807827996158e+01, -3.773222648176495e+00, -3.368629456571716e+00, -8.812903243794653e-01, 1.903526048062188e+00, 1.002934097630302e+01, 2.426352539941685e+01, 1.055658249135011e+02, -1.686533490645445e+02, 1.338979024737242e+01, 7.947970941932897e+01, 4.904986717450269e+00, 1.035512325502285e+02, 5.670009915530404e+01, 5.434955386660418e+01, 8.409709925813870e+01, -4.928643346561314e+01, -1.322751938544755e+02, 1.998131141820292e+01, -1.469506214014360e+02, 1.902506535799115e+01, 3.180371520640274e-01, 3.194939976488511e+00, -9.589372041765230e+00, -6.148494264880167e+00, -3.822727714581255e+00, 4.487420311726305e+00, -2.365451854213149e+00, -7.935388549691417e-01, -5.128570778121870e-01, -1.588730763971791e+00, -5.844789606252458e+00, 8.047591368620591e+00, -4.733862713498394e+00, 5.870030956713382e+00, -3.639572474427888e+00, 1.352891647291858e+01, 2.005418174372375e+01, 6.977109989819870e+00, -2.943553318524486e+00, -5.929296601676645e+00, 5.773823594961155e-01, 3.553520890271142e+00, -8.228909094094200e-01, 1.893328930460320e+00, -6.408002777877682e-01, 3.811169419539063e-01, -2.331552353929716e+00, -1.330862169873219e+00, -4.118433040709585e-01, -4.699680372105149e-01, 3.561907335299097e-01, -4.536602178263818e-03, -2.349977318127129e-01, 1.750509925354641e-01, -2.126219380709074e-01, 3.257803668760338e+00, -1.406944608195993e+00, 2.760427712099444e-01, 1.266283019185273e-01, 7.099305026015292e-01, 1.890619045445895e+00, 7.945738231523588e-01, 2.405281453369044e-01, -1.108882908537256e-01, -8.349345893025725e-01, 3.112208331923203e-02, -9.963508287495336e-02, 6.150097801560062e-02, -5.830245302784541e-01, 2.868482957036294e-01, -5.795280957683477e-01, -1.520916423825117e+00, 2.938144029328509e-02, 1.022407376490085e-01, -4.967223772033889e-02, -4.726772255021926e-02, 5.348419512876156e-02, -5.313686140876264e-02, -4.540286527301653e-02, 2.934333918546535e-01, -1.075618773709690e+00, 1.172393834890307e-01, 1.292984694212796e-01, -7.331508770233712e-01, -5.144044625500888e-01, -1.854358661061435e-01, 4.782769792956679e-02, 5.592509294555620e-01, 6.530035300969111e-01, 1.146793277092748e-01, -5.446263537164781e-02, 1.742359600558166e-01, -1.603969886405573e-01, 9.583225943286498e-02, 1.031628025944554e+00, 1.245946153180874e+00, -5.613036561098786e-01, 3.052774034725791e-01, 1.689580143644045e+00, -1.291104141616015e+03, 8.255176500151042e+01, -1.799348428842789e+02, -3.800055979867669e+01, 6.470904624015353e+01, 1.755339371359769e+02, 1.687695837225259e+02, -8.370091873929570e+01, 4.597966217126957e+01, -2.799389563526890e+03, -6.583137175019424e+02, 1.489227905907249e+02, 4.699955311308017e+02, 3.659517811382966e+02, -2.273875012490734e+02, 5.336433548543303e+02, 2.875034279552881e+02, -2.620467459536234e+02, -2.152969998978222e+02, -1.140621180188705e+03, -1.830452866154440e+02, -5.801693569791514e+02, 1.789521833020258e+02, -1.236579517803387e-01, 7.050964030383597e+00, -6.431033718975065e+01, 8.167709965711428e+00, 6.248169362842983e+00, 2.885668021927422e+00, 1.264304734656387e+00, 1.745269955960860e+01, 5.993435674959731e+00, -2.820383719509722e-01, 4.570090015462549e+01, 1.859831841397350e+02, -2.811065709318855e+01, -4.492506297235522e+01, -1.165153354219161e+02, 7.786353168368238e+01, -1.977231609776710e+01, -1.427195599988740e+01, -8.960223005523065e+01, -5.906174140933734e+01, 6.722262253627542e+01, -3.139600070524277e+01, -1.230362183465119e+02, -8.226124685846152e+00, -5.860875214358781e-01, 3.005772462975985e+00, 2.733323437241868e+00, -4.498776806596789e+00, -2.091901618996201e+00, 3.036585009009555e-01, -3.498130531832001e-01, -3.118575265493873e-01, -2.125735015510041e-01, -2.857053997424883e-03, -2.724505418573131e+00, -2.679887567976635e+00, -4.325589871573574e+00, 1.419450012447162e+00, 2.848802138824250e-01, 5.271230356460805e+00, 7.278997772091188e+00, 1.597668545822672e+00, -8.156676584953322e-01, 1.432139530754124e+00, -5.382671583920922e+00, 1.597592575869092e+00, -4.144864190143512e-01, 2.354428330741819e-01, -2.768088650893010e-01, 1.895765607214508e-01, -4.691424791647831e-01, -5.097206874061860e-01, -2.613645835042536e-01, 5.046855893423626e-02, 1.408874242952801e-01, 1.583960413622044e-02, -3.847638955128584e-02, -2.544087412394335e-02, -7.872396523922755e-02, 7.763393151931375e-02, -3.691279072950781e-01, 2.624626913935545e-01, 4.105002204204460e-02, 8.151229290467008e-03, 7.606189595804028e-01, 3.659758192325659e-01, -8.967296914259865e-02, -5.598520026144268e-01, -3.220555260616457e-01, 5.500246440993892e-02, -4.965649306876899e-02, -3.407010645459386e-02, 1.776443179553990e-01, 1.578503314475447e-01, 3.049445825447942e-01, 1.001007975100008e-01, -1.416104854301482e-01, 2.777854342241270e-01, -1.443594263371856e-02, 4.731199109012085e-02, 4.481677505678610e-02, -7.661241479924103e-03, -3.058827627644355e-02, -1.754621308827874e-01, 6.123832883879476e-02, 4.020540931161202e-02, -8.754212548106659e-02, -1.749556182403383e-01, -1.603343291043575e-01, 1.674820738604133e-01, -3.907916499329751e-02, 5.606776188549551e-02, 6.133275390845785e-02, 1.899268719505684e-02, 1.170856611391001e-02, 2.462595876856594e-02, -1.491181057556691e-01, 9.379038040269590e-02, 2.184359670563120e-01, 2.656959192538375e-01, -1.962073124600269e-01, 5.178972478763904e-02, 9.125234844891405e-03, -3.342279173389089e+01, -8.845357977765410e+02, 2.082568306042499e+02, 8.359323257797007e+01, -2.906905550755699e+02, 2.305365629282745e+02, -4.952993140108012e+00, -5.950661585468530e+01, -7.442954857780657e+00, 2.041430288327697e+02, 3.623453809619536e+03, 6.395216656034231e+02, 1.242126825597799e+02, 8.943727265848329e+02, -6.176398612405851e+02, -1.283234010828142e+02, 1.385405847848129e+02, 2.316830258478822e+02, 1.523807011843635e+02, 1.143034459880275e+02, -1.980098262867381e-01, 1.642167103828990e+01, -5.630670990874197e+02, 2.706918049977666e+02, -1.488194554963715e+00, -1.602481476009051e+01, -4.679145465294186e+01, -2.969634330770605e+00, 6.774634392658593e+00, -2.037530124903076e+00, -2.782818786000563e+00, 9.732843986951828e+00, -2.454905639811671e+00, -6.825354971844744e+00, 7.055639801972548e+01, 1.069412522586077e+02, -4.383860326214371e+01, -3.278358485129173e+01, -5.733872268341838e+01, -3.785137893846389e+01, 2.484243815794943e+02, -7.647291215240082e+01, -2.557947793469316e+01, 6.668940476197265e+01, 3.438680618035698e+01, 4.091780837738845e+01, -7.272424649295978e+01, -1.823146001805318e+01, 1.770137311488833e-01, 2.008013061228056e+00, 3.094337545666659e+00, -3.486073771027267e+00, -2.107879501715546e+00, 1.541266241516425e-01, 1.526556563813573e-01, -6.213795178464421e-02, -1.088096667745131e-02, 3.216913810438199e-01, -9.266079481778475e-01, -8.414395987215890e-01, -5.159534635429883e+00, 2.476055841492296e+00, 4.289425328285576e-01, 3.680225903278492e+00, 2.113079987319785e+00, 6.920301824061889e-01, -1.341148564278160e+00, -7.258302305305048e-01, -3.714328149722999e+00, -3.820994007710989e-01, -6.798073602052995e-01, 3.528104008134836e-01, -2.556577163348709e-01, -3.771988407497351e-02, 2.160325967465609e-02, -1.328647127867712e-01, -3.006288608199415e-02, 4.246236249265358e-02, 1.330904210663632e-01, 1.200955624335941e-01, 9.540828224244205e-02, 4.124792023487343e-02, 3.764350504616557e-02, 2.599769945029787e-01, -3.477226299607420e-01, 1.495654444797342e-01, -1.108812312763334e-01, -8.215855911957592e-02, 5.440952488060117e-01, 3.713352601848624e-01, -1.860922094205579e-01, -3.410379229645525e-01, -2.463337471041968e-01, 1.000398312508203e-01, -9.757016012854706e-04, -9.026597603873738e-03, -4.851195489172206e-02, 7.641804378945725e-02, 1.302192357775318e-01, 1.713170836970868e-01, -1.947358169963727e-01, -3.059451994879715e-02, -5.799402015156530e-02, -1.729201617642475e-02, -2.161722452942086e-02, -4.438805009334087e-02, -1.045468337298831e-02, -1.522631089459958e-01, -1.309396675775729e-02, 8.989466366229670e-02, -3.252549284953738e-02, -7.188882895366186e-02, 4.553093896024144e-02, 1.186475327861981e-02, -4.578728917806370e-02, 1.883881276329897e-02, -3.067192335322918e-02, 2.311747377985139e-02, -2.169950206436509e-02, 3.578867494744214e-03, 3.881435968577402e-02, -6.490744713203937e-03, -3.723256825340185e-01, 2.144618244592256e-01, -1.597731983579767e-01, 3.715750272570299e-02, -3.606287579819088e-02, -2.741956077660760e-02, 2.184592558378161e+01, -7.462364461604685e+02, 2.308562282778190e+02, 2.491179344133662e+02, 4.263612258598589e+01, 1.680546146620767e+02, -9.553650686393971e+01, 1.307293502458071e+01, -1.150379212200536e+02, -1.005580175937383e+02, 9.564975086078019e+02, -7.494410465320682e+01, -2.561109702953499e+02, 5.264954069458651e+02, -2.703687524580954e+02, -1.492720192149289e+03, -1.843069186955567e+02, -4.338724422752258e+01, 6.793461293775531e+02, 3.386773973500968e+02, -6.003366806821546e+02, -8.621230683101518e+01, -1.024514527156899e+02, 1.180888649938093e+02, 2.940024058741746e+00, 1.423422917910175e+01, 4.698849434970503e+00, -7.579913493456547e+00, 8.543240073188040e+00, -1.406080763099808e+01, 1.665589853391239e+01, 1.082420510908214e-01, 4.845242093768879e+00, -1.393642440973182e+00, -4.437985901671597e+01, -2.122480948730026e+01, 9.417130039020686e+00, 1.142784859154182e+01, -5.847931409373741e+01, 2.137819195766897e+01, -5.884074155785509e+01, -8.663507661275663e+01, -2.182225817138299e+01, -9.018996150826894e+00, 3.421679364993602e+01, -3.114657293085400e+01, -1.712908435313969e+01, -3.020047464999575e+01, 1.366764061036216e-01, 2.630922841401818e+00, 2.489207680046324e+00, -1.336166372138885e+00, -6.821612888014862e-01, 2.548423167493511e-01, 5.193826167950880e-01, 8.906221144130083e-01, 1.474051315490573e-01, 2.928998321689658e-01, -1.754738772415535e+00, -2.386940828209303e+00, -1.233675676707277e+00, -6.994813651982872e-01, 1.360710392851837e+00, 3.229921973503319e-02, 1.157678792926724e+00, -2.285317305184556e+00, -1.089424510021782e+00, 1.731478046063464e+00, -1.544451646857776e+00, -4.307625599679967e-01, 3.264667488553881e-01, 1.641801798943517e-01, -1.579220901133398e-02, -1.301221075133190e-01, -4.023769517174945e-01, -2.764764097834762e-01, -7.692035902550556e-02, 1.126182958663925e-01, 5.298156012504749e-03, 1.157388532749781e-02, 4.614030196494584e-02, 3.499792280363621e-02, 8.231815997967002e-03, 2.264497299879618e-02, -2.088774469336313e-01, -1.559031882048799e-02, 4.147387756208518e-02, -8.602899622805401e-04, 2.389249634314033e-01, 2.603093687171256e-02, -2.042034258561426e-02, -2.712925582834173e-01, -3.436254167222016e-02, 2.015410879294733e-02, 8.155692588147653e-03, 9.060003298505877e-03, -7.392090916511727e-03, 2.214226175729679e-02, 5.151829245511852e-02, 1.296300363694933e-01, -2.724690026372357e-01, 5.528165206944170e-03, -9.646786356731872e-03, -6.966137887832961e-03, -1.455161664927266e-02, -1.853619431284785e-02, -7.377080859659106e-03, 8.740815110336028e-03, 1.609297441273686e-02, 1.281429080437129e-01, -1.017853271870821e-02, 1.393544475840193e-01, 1.512678184844477e-01, 7.058305558815393e-02, 9.728642478395460e-03, -1.542408774569107e-02, -2.030232183654673e-02, 9.498246737372147e-02, 4.669321381984321e-03, 1.230130259142781e-02, -1.252293858171216e-01, 2.360414050424595e-02, 2.343734100997768e-01, 1.435751184335503e-01, 7.391061326628347e-04, -3.499467033719546e-02, -4.887871171085764e-02, -4.136013824189486e-02, -9.179291849251569e-03, -1.431163676870647e+01, 6.317375873752299e+02, -1.453299448046832e+02, -6.120190336035805e+01, 6.009849353560842e+01, 6.897102326281448e+01, -6.308163899166725e+01, -5.707749195737597e+01, 6.590950422342063e+01, -1.921990605853674e+02, 1.432827288041963e+02, -7.443333565375800e+02, -2.329650954430836e+02, -6.665578831124041e+02, 7.465348167122130e+02, -4.096700703004433e+02, -1.950592739474595e+00, -6.875463834525302e+02, -2.374905306413191e+02, 1.047293653188865e+02, 2.806560012004412e+02, -2.394343887968802e+02, 6.817067175055714e+02, -1.104305388929319e+03, -3.759429240324291e-01, -2.759061619852843e+01, 2.706260745025793e+00, -1.741737767893883e+01, -2.147808740648663e+01, -1.349715164600760e+01, 1.921572691344087e+00, -4.794473547915096e+00, -5.025060091009886e+00, -6.055618085121072e+00, 7.139108786946052e+01, -3.562888729935777e+01, -5.396021654356215e+01, -1.292426293924666e+01, 4.293977971311667e+01, -1.096425705732228e+02, 9.252974510791805e+01, 5.832475766502094e+00, -1.703514011738050e-01, 5.592780546541602e+01, -8.756223551478810e+00, 4.974495330098358e+01, -1.185837230771374e+01, -5.713393219880374e-01, -3.639637814141946e-02, 1.207865615209355e+00, 5.291411499464250e-01, -1.286527910106066e-01, -8.375836440244691e-01, -1.809246111180806e-01, -9.967244771244374e-02, 1.505270532813882e-01, 2.979607035262962e-01, 4.653163178012523e-01, -1.442048757570597e+00, 7.121156253557266e-01, -9.793766629350273e-01, 2.957660976121050e+00, 1.976076274135565e-01, 5.897270023151735e-01, 2.492303906066016e+00, -1.279748031482686e+00, -1.372504055351661e+00, -7.085118163354970e-02, -2.318608049799898e+00, -2.132035187957063e-02, -4.611393405077212e-01, -6.875245636464453e-02, -4.547401512303378e-02, -2.852634846142992e-02, -1.018146498557985e-01, -5.000535937651539e-01, 4.845299078594496e-03, 2.041112872050871e-03, 3.128448562835966e-02, -4.067885909659601e-02, -3.373015042634957e-02, -5.713343681248099e-02, -3.024664046197283e-03, -1.035493150286018e-01, -2.620845658156087e-01, -9.145426757530530e-02, 1.777281978892948e-02, 4.196128813989135e-02, 2.268206447255625e-02, 9.615675778595960e-02, 1.191030144006892e-02, -1.893444188410288e-01, -3.284969647755752e-02, 5.010486824420615e-02, 4.541043173965926e-05, -5.186544145569042e-03, 4.913989197653496e-02, -5.217098535977691e-03, 1.237842500332434e-01, 6.552846361962178e-02, -1.434155045729051e-01, 2.477223768264008e-02, -1.127841441056571e-02, 1.506299141216624e-02, -1.197354661281384e-02, 5.620990428317037e-03, 1.201737635970121e-03, -6.153416242674238e-02, 3.022974356644464e-02, 4.694993701283674e-02, -3.025816567009336e-02, 5.784174167474400e-02, 6.177902631441569e-02, -1.338129403328884e-01, 8.802317860997985e-04, 7.897975819899122e-02, -2.667804378723986e-02, 2.338763794430353e-02, 1.312488542259600e-02, -2.227301480667863e-05, 6.003648453169240e-02, -7.365832695037502e-04, -5.642541672233442e-02, -9.955995312158242e-03, -4.573469603466122e-03, 5.162343774111367e-02, 3.935797874711573e-02, 1.798255282916719e-03, 2.348465456694855e-02, 1.331981896787268e-03, 9.556871784351766e-01, 3.630650167203347e+01, 7.454371436582770e+00, 7.913133248223899e-01, 5.465672586644761e+00, -2.334383312165235e+01, -1.673449935828266e+00, 2.434850397760844e+00, 9.015938186768896e+00, -1.045345180381069e+01, 3.599934361126827e+01, 2.149402593524704e+00, 2.588355044787723e+01, 8.364606233306330e+01, -7.847151266314254e+00, 7.860523742058987e+01, 2.286139124077171e+01, 4.009958122821438e+01, -1.990045079811524e+01, -2.097661635759250e+00, -3.057073753107995e+01, -1.735417226966419e+01, -7.457399213539277e+01, 3.271501678592767e+01, -1.505375788133908e-01, 1.298025790814887e+00, 2.392442335791584e+00, -4.134476531249851e-01, 1.038917597177538e+00, 2.862805789116781e-01, 9.047520051255621e-01, -8.387470043473424e-01, 1.850509954240358e-01, 8.654276748277312e-03, 1.053191675266616e+01, 1.101851988336415e+00, 6.158084108288443e+00, -2.431023964182355e+00, 4.910984877581035e+00, 5.625507280749860e+00, -1.013839792247460e+00, -3.366341727108253e+00, 6.509999192169945e+00, 4.216184593492170e+00, 1.813565580310287e+00, 6.305434115090667e-01, -3.299352132054440e+00, -5.511077826047918e+00, -1.474467690471662e-02, 7.041256078521910e-02, -4.016370145915246e-03, -4.771194441406801e-01, 1.702998545489485e-01, 2.083189355287731e-02, -1.537755730830708e-02, -5.967827189729184e-02, -3.385871309712166e-03, -3.273336661939823e-02, -6.358716690015327e-02, -5.622725566891007e-01, 8.952610883668151e-01, -6.145245881915860e-01, -9.316636477798446e-02, 1.616034801739932e+00, 8.468894135134083e-01, 3.313195322553364e-01, -8.236441158214461e-01, -1.277667373582526e+00, 1.246837315104985e-01, -8.424155232522704e-02, -1.941529353600123e-01, 9.247539400097003e-02, 2.356775682842424e-02, 1.986206396872034e-02, 1.973177969083803e-01, 9.740452392835761e-02, 5.162071502163775e-03, 2.069328986754388e-02, -2.599851365119385e-02, -2.132514388792505e-02, -1.810006969752261e-02, -4.883468505763099e-03, -1.140966233399178e-02, -1.753048533948094e-01, 1.167097979557521e-01, -9.826268324911080e-02, 8.398133326753474e-03, -1.655954656903816e-01, -1.302958156128825e-01, -8.339347659272878e-02, -7.621339548754734e-02, -6.082021960346868e-03, -4.501115491366914e-02, 1.593052420247196e-01, -7.090634230870556e-02, 7.252370390820478e-03, -2.738294623239784e-03, -1.379156169187348e-03, 2.265319108428097e-01, 7.147936116883029e-02, 1.559280343430052e-02, 5.425254120714150e-03, 1.058366696713741e-02, 2.798158038130008e-03, -2.959276058357877e-03, -1.240667588831259e-03, -1.170265611073081e-03, -5.174793656124951e-02, 7.694169710310875e-04, -9.936440669528332e-04, -9.958220868926326e-04, -3.534522732469019e-01, -2.502737305178987e-01, -7.435523147212909e-02, -9.435661349898915e-02, -6.211557626126142e-02, -2.159772105569538e-01, 1.339556105623825e-02, 3.602210524591310e-02, 9.775052858692221e-03, 3.628431478136916e-03, 1.785694791173069e-03, 1.210373566867886e-01, -8.856659561650773e-02, 2.498700180298476e-02, -3.244443869824484e-02, -2.188335379317749e-02, 1.252632260724544e-03, 2.518797994605886e-03, -3.995351636497184e-03, -1.250541968617985e-04, -7.585113072320939e+01, 3.167537482701325e+03, -2.506998112659063e+02, 6.962202570559590e+01, -1.180334288647952e+03, 7.437027390653446e+01, 5.198021571352914e+01, -3.055936527888894e+02, 4.585100361021469e+02, -4.309813290043172e+02, -1.258736607432848e+04, 1.604890814397144e+03, 1.127353503068873e+03, -1.749571682497464e+03, 1.337556622796144e+03, 3.776369694100789e+03, 5.243448100104029e+02, 1.038871993123490e+03, -1.087218366753139e+03, -7.890271206743311e+02, 2.837613055266728e+02, 4.322071936124879e+02, -1.242679344539622e+02, 4.216803754477204e+02, -1.115016867526598e+01, -1.537633379975510e+02, 7.448201974944443e+01, 9.663594228237416e+01, 1.914048119295627e+01, -4.760752019034089e+01, -4.466971740736647e+00, 1.372509702183089e+00, -3.087599111591626e+00, 2.967714336385825e+01, 1.460369374384814e+02, 1.390800087334706e+02, -1.048314756352204e+02, -1.252788079420611e+02, -4.839112448591515e+01, -6.205577665446440e+02, -9.722228289505844e+01, -4.029646602397366e+01, -1.802812590529494e+02, 7.865479268991422e-01, 1.691974755699881e+02, 1.483836906315994e+01, -1.142810138022176e+02, 9.479667707075249e+01, -4.079159371715920e-01, -5.873620460267296e+00, 7.869127507412502e+00, 8.101524130080751e+00, 6.330495978101231e+00, 1.867047312815819e+00, 4.027585157598457e-01, -4.364787459874502e-01, -3.093645926007941e-01, -1.723188112027556e+00, 7.034221175372453e+00, -7.260041507807610e+00, 9.209664853506451e+00, 3.212246167947990e+00, -5.854946857835647e+00, -2.081759933961325e+00, -1.519649049150686e+01, -1.164422339938089e+01, 9.268942284813441e+00, 6.262250151384102e+00, 2.941317564130077e+00, -4.526536717458647e-02, 5.563321976246318e+00, -3.203488264603521e+00, 7.133116781709982e-01, 9.213910369424909e-01, -1.156931733321805e+00, -9.170984440033985e-01, 1.426226478698884e-01, 3.370282925300273e-01, 3.354561342198282e-01, 3.880447875173534e-01, 1.447528212760820e-01, 1.739556473350684e-01, -4.786484509462100e-02, 5.851827932182463e-01, -1.576051515250379e-01, -9.734114940283587e-01, 9.797222548144056e-02, -2.628213495388375e+00, -1.813883161918221e+00, -4.437195166274331e-01, -7.516774926179800e-01, 1.688201240111936e-01, 7.090715084448040e-01, 4.919954008693951e-01, -3.780420900173157e-01, 3.041251799191618e-01, -8.533573403222374e-01, -2.203123184594264e-01, 4.149276289500068e-02, 1.406972075151353e-01, 5.075423034493836e-02, -1.562239740106026e-01, 1.030739815252490e-01, 9.379232087083622e-02, 7.245407190045824e-02, 2.294263307765313e-02, 8.575036465899369e-03, -9.150140180148206e-02, 1.488120598979600e-01, 5.626056478262660e-03, 2.328937189211443e-01, -5.762978587322014e-01, -2.145146635843791e+00, -7.061232567361008e-01, 3.204255291144869e-01, 5.605529351299758e-01, 1.798405963590476e-01, -1.433885950370552e-01, -4.062431025448020e-02, 4.795513431514822e-02, -3.402472944832423e-01, 1.210375855086566e-01, 7.520272915760642e-01, 3.679288972294433e-01, 5.473723318965815e-01, -2.263149861066120e-01, -3.647288751388434e-04, 1.952024002516754e-01, -5.462756974619899e-02, 1.934979715204583e-02, -1.856826154192375e-02, -2.141889058866276e-01, 3.201363546422895e+01, -1.165896367865000e+03, -2.034248394029823e+02, -4.818695818695038e+01, 2.178385760415436e+02, 1.751067865780043e+02, 2.586798968433338e+02, -9.101148968173322e+01, 3.690786833089955e+01, 8.708328881184173e+01, 5.650424661632904e+03, 1.807504665213878e+03, 5.683623763613591e+02, 6.361325072735647e+02, -1.205070506545900e+03, -5.211259680496099e+02, 1.374572691969026e+02, 7.342100205886200e+02, 6.820870139811521e+01, 1.217388242385473e+02, 3.755689263294116e+02, 7.184986531294874e+02, -4.166970652594822e+02, 9.729969858239801e+02, 4.933671732848568e+00, -5.665159122770005e+00, -9.993412474934539e+01, -6.977521384022529e+00, 1.587176949342799e+01, -1.985733605052317e+01, 1.441896670630309e+01, -1.776364562964609e+01, 6.444413528594271e+00, -1.852693169889744e+01, -6.653116581376757e+01, 2.525918419466512e+02, -1.073129924725644e+02, 3.122486445615595e+01, 2.025894346657293e+00, 2.049605411969940e+02, -1.655114838920848e+02, -1.709976113776691e+02, 7.735632049138450e+00, -1.999485329397042e+02, 5.707406017599424e+01, 6.571335333377485e+01, 1.134090256999312e+02, -5.297437894689055e+01, 3.110846445191286e-03, -3.654670051550379e-01, -3.186250749877781e+00, 1.752963070169665e+00, -1.116998875138397e+00, 1.247330184375648e+00, -1.098555050786958e+00, -5.373562144433336e-01, -3.291261926681426e-01, 4.294217379206580e-01, -1.891400814490399e+00, 5.968162265867986e+00, 9.890178107252463e+00, -3.886835279458107e+00, -4.029376655398564e+00, 2.154864407432060e-01, -2.590759878973586e+00, 5.876845139421254e+00, 2.146604305416006e+00, 7.570586938672892e+00, -1.858581912509188e+00, -9.494193315883118e-01, -2.644562179010883e+00, -1.446318255771550e+00, -7.190804277541730e-01, 9.618248774666641e-01, 2.473853029814366e-01, -2.064332361730860e+00, 4.240771121157640e-01, -1.433089261245156e-01, 7.608293331760142e-02, 7.278851109374949e-02, -8.216207561717800e-02, -5.646289601354174e-02, -2.991133816465836e-01, -2.040093799493069e-01, -1.831434778952316e+00, -2.661513620281225e-01, 2.354657199970355e-01, 1.458257965901679e+00, 6.685806765953595e-01, -2.752463355436814e-01, -1.303513144847421e+00, -4.997483731672567e-01, -2.577417087608124e-01, 8.482496634260732e-02, 4.095072044651453e-01, 2.135099144038678e-02, -7.542923122983279e-01, 5.199603113995364e-01, 5.568790207148929e-01, -6.088457510033207e-01, -4.248194239930773e-01, 3.064983703417450e-02, -3.031471358941850e-02, -3.598237874625895e-02, 8.031727888146305e-02, -9.455990250213807e-03, -8.100550964758883e-02, -3.018458687837384e-01, -2.617217238907926e-01, 1.101061157753466e-01, 9.377777873229970e-03, -7.576923733378129e-01, 3.999365679886743e-01, 2.314077870081194e-01, -1.042473097738971e-01, -7.202382317649464e-01, 1.362716738755335e-01, -1.206179731111443e-01, 1.940963734792141e-01, -6.170502229073702e-02, -2.692634925221028e-01, 8.856659347073291e-02, -3.679293895013364e-01, 5.594161487855365e-01, -3.154366142674315e-01, 5.359852786985798e-01, 1.121532528524864e-01, 9.965642603372410e-02, 1.218362798637025e-02, 1.903505029345129e-02, -1.883253161282750e-02, 6.117983357211576e-02, 1.511621746404551e-01, 8.910854532759505e+00, -2.857481335721121e+01, 2.717885757239096e+02, 9.056159882596964e+01, -8.641194392618711e+01, -2.812922333669399e+02, 1.217227587532255e+02, -1.866898714391260e+02, 5.695695677783244e+01, 7.320771763299055e+01, -3.166465241921064e+03, -6.369365347219607e+02, 1.138037778727832e+03, -5.404335989167457e+02, 1.217259692937579e+02, 1.050636553775343e+02, -2.962260380446558e+02, 1.306053088704134e+02, 9.417477147147534e+02, 3.212374843894069e+02, 3.455033225348211e+02, 3.028984169682602e+01, -1.165180641718134e+02, 3.166186861745053e+02, 2.627145891935329e+00, 1.117061765760099e+01, 9.324909593076772e+00, 7.467579165464535e+00, 1.368644187113618e+01, -5.178672646987873e+00, 2.736911647254986e+01, -5.987988867705582e+00, -5.774342918023257e-01, 1.158554303231431e+01, 4.928512949848436e+01, -1.180935138547771e+02, -7.848956946050465e+01, -4.674407246101280e+01, -3.278651776693791e+01, 3.313641943664609e+01, -1.725240178376379e+02, -9.311843359724742e+01, -4.074045996902693e+01, -4.652947618938075e+01, -8.785012795622355e+01, 9.036744977586163e+01, 4.348585681110011e+01, -1.446852603774671e+01, 4.197268475409514e-01, -9.902925259205348e-01, -3.412001943430880e-01, 3.922135020250465e+00, -1.601453393672732e+00, 2.601627407194738e+00, -8.217208876078066e-01, 7.074642061873874e-01, -2.975393192115993e-01, -7.455916771618273e-01, -1.377904784493089e+00, -3.442764617791468e+00, 2.073092757958718e+00, -2.168014230981370e+00, -4.572995998702753e+00, -2.800250750051083e-01, 8.362381439509346e-02, 6.057503597487470e+00, 8.498830941596408e-01, 1.381853456591375e+00, 3.362391326824267e+00, -4.925316997212614e+00, -1.372726684538181e+00, -7.642561144143896e-01, -2.324632602021921e-01, 2.302487016176172e-01, -9.754169366850015e-01, -9.029588447257730e-01, -2.610972694616004e-01, 8.199684194581836e-02, 2.411914964164272e-01, -1.226740896963265e-01, -1.758172155583558e-02, 6.031308831261450e-02, -1.390854398363497e-01, 8.453124038319294e-01, -4.241331544006077e-01, 3.320454473657180e-01, -5.052696296039532e-02, -7.983455107551549e-01, -1.382156448733003e-01, 2.374141579048551e-02, 2.743691377214684e-01, 4.047868159852929e-01, -4.965348498421808e-01, 3.051278037786346e-01, 9.800291936826194e-02, -2.471386966785102e-02, 3.094330718987793e-01, -6.335105953776285e-02, -5.575523935280580e-01, -1.470299900180706e-01, -3.978180612759262e-01, 1.365835579092538e-01, 7.417747155731880e-02, 1.097629237280548e-01, 2.877128197200403e-02, 1.921140836389080e-02, -2.670328177435275e-02, 2.037010149908947e-01, -4.476929096984119e-02, 1.821758349582975e-01, 2.371247598845551e-02, -5.658135404137659e-02, -2.091155191497333e-01, -4.875596340096497e-01, -8.708998666546211e-03, 4.968047291051005e-02, 3.553419956592898e-01, -2.989776500163568e-01, 4.411376446174498e-02, 1.512780444447464e-02, 9.577416840540007e-02, 2.498715088292854e-02, 5.473692187855919e-01, 3.154356590231677e-01, -3.191634344917896e-02, 2.039206253006871e-01, 7.359418065099274e-02, 4.274389641887215e-02, 2.798356078234926e-02, 5.824752892611494e-03, -2.405969087242199e-02, -2.770578995064950e-01, 9.744816138819250e-02, -1.309728794849484e-02, 4.944143223171783e+00, -1.840803182095356e+02, 1.382561147388138e+02, -2.287222481507425e+02, -8.069059431356369e+01, -4.298749314004574e+01, 8.957102871539476e+01, -4.187783782281582e+01, -2.098561955391705e+00, 1.839199050814656e+02, 3.116012231533494e+03, 1.912021502324473e+02, -6.099522048371664e+02, 2.112650897969515e+02, -3.963475654998797e+02, -5.613277427940852e+02, -2.312058906331993e+02, -2.146081716667161e+02, 1.758332087028069e+02, -6.979051597956202e+01, 1.108871723425016e+02, 6.302391542583935e+01, 9.101093401388158e+01, -3.924191196146280e+01, 3.782372879840842e+00, 1.710715778166183e+01, -1.997198131218381e+01, 3.518561865435576e+00, 4.251382828711264e+00, 1.318328675042669e+00, -5.895402640682429e+00, 4.884175375605740e+00, -7.967119398595498e+00, -3.697282553949491e+00, -4.784373419493573e+01, 4.383231672891221e+01, -3.264875467884410e+01, -4.871779378753079e+01, -6.371707808833379e+01, 1.225271072331029e+02, 3.675385769475935e+01, -2.471533624085163e+01, 1.389247858595412e+01, -4.007505521501132e+01, 1.462388848731052e+01, -6.567594406271975e+01, 6.838561783108182e+01, -3.886447334780425e+01, 1.277636793879002e+00, -1.035352957932080e+00, 2.776327625346612e+00, -1.243386131988354e+00, -3.051488260380955e-01, -1.070008153774691e+00, 8.918536643709537e-01, 1.882897193850666e-01, 4.563712989510495e-01, 4.152725359579897e-01, 1.800053591951441e+00, -3.428780776406976e+00, -1.521740129965402e+00, -1.980123651684566e+00, 1.538075217212654e+00, -2.674211348459618e+00, -5.750565551227442e+00, -6.640064052771498e-01, -8.214571093157390e-01, 2.883850111091004e+00, -1.934957143698617e+00, -5.114025289826734e-01, -7.341449312839413e-01, -6.635773123209184e-01, 2.939886937340434e-01, -3.186114000215710e-01, 9.748258830066686e-01, 5.161989569659940e-01, 1.967137614955206e-02, 2.448811184028830e-01, -1.134451619291050e-02, 6.774759967606289e-02, 6.456320187085973e-02, -4.412330144316371e-02, 1.263123261904508e-01, -1.376550441341368e+00, 6.715219846122897e-01, -1.950053903309978e-02, -4.413840224199527e-03, 1.460940778471064e-01, -3.373576169125150e-01, -2.270053830984745e-01, -1.611054370407063e-01, -2.891175726802746e-01, 2.369406894833981e-01, 1.249981802289927e-03, 9.013648149957106e-02, -1.301158590091501e-02, -6.553868879385200e-02, 7.592409034816912e-02, 6.153521754712807e-01, 9.447900751010790e-01, -3.942662021050930e-02, -1.149489529249619e-01, 2.513370832584744e-03, -1.304483918689929e-02, -8.954556846999069e-03, 3.448867561518290e-03, -1.195046503760589e-02, -3.162850375158574e-01, 5.423403484777473e-01, -2.338608578971312e-02, -1.716379547393465e-02, 2.651064904141338e-01, 1.356197564097728e-01, 1.005543544377421e-01, -2.269429840413139e-02, -1.357010901506584e-01, -3.171478961874054e-01, -4.109967151957977e-03, -2.960545962517312e-03, -8.311901058515908e-02, 9.583238722185115e-02, -3.244451859669294e-02, -2.263144756347957e-01, -5.359833773945497e-01, 2.039195590437898e-01, -3.284144622377007e-01, -4.393373665505564e-02, -5.768512742371686e-02, -7.830058485520607e-03, -1.989964093641998e-02, 1.139880866470988e-02, 8.268040915695000e-02, -2.187651100582316e-01, -6.909918144396814e-02, 8.059735429147923e-02, -2.661482862826081e+02, -2.830546962492412e+04, -1.728271687009655e+03, -3.690613014091825e+03, 1.284803478062706e+04, 4.886591637294870e+03, -1.259332816672620e+04, 2.018654282188346e+03, 7.792958291993412e+03, -6.467228289318314e+03, 1.770673904985834e+05, -9.051063047689162e+03, -1.107424690337997e+04, 9.690257578768660e+03, -2.955405216967703e+04, -6.502476249255038e+04, -9.592361888976531e+03, -7.201619587754513e+03, 3.806100423170441e+04, 1.284212422235507e+04, 6.027709557013888e+03, 2.784133750675308e+04, -3.012981632389912e+02, -8.978831859012684e+03, -2.594813625168127e+01, 1.606567453322322e+02, -2.572790971721605e+01, -8.242162777682748e+01, -2.348048670418520e+01, 2.448168024895444e+01, 1.397166037042448e+01, -1.440698534223471e+02, -1.940454228690327e+02, 4.719007750815777e+00, -1.912284343090271e+02, 1.329302919554038e+02, 6.655043995905611e+02, -5.709719526773516e+01, -6.291880215646895e+01, 3.960015042758234e+02, 1.730007604928130e+02, -1.459494103512603e+03, 8.704548987066615e+02, -4.907816730500368e+02, 6.087418008224572e+02, 3.696217293625661e+02, -2.759268183629843e+02, -5.825644285130553e+01, -8.714901358618546e+00, 1.641489870278285e+01, 3.113288043203809e+01, 1.785312950007426e+01, 1.865405044500946e+01, 3.613418517755320e+00, 2.679779422573990e+00, 4.695012666736201e+00, 6.146135797312285e+00, -4.596633295536499e-02, -6.842947289542248e+00, -1.714647475609620e+01, 2.021437465904820e+00, -2.035974130463163e+01, -5.235331818885440e+00, -3.096118167569159e+01, -4.926915887944395e+01, 2.432240871201405e+00, -9.269777629774286e+00, 2.456098015189801e+00, 7.113932657893436e+00, -2.044658039337596e+00, 1.810735283788533e+00, -2.180161647147256e-01, -3.395832069284670e+00, 1.703130593318275e+00, 1.841127504685824e+00, 2.880183393845620e+00, 2.899326342122431e+00, -2.620118056315484e+00, -7.605008209740362e-01, -5.106627276365161e-01, -5.341737949207322e-01, 8.686473806552529e-02, -7.915827837070587e-03, -1.410848682014035e+00, 1.271861210284567e+00, -1.821524890633906e+00, 9.519849211899005e-01, -2.337114775546320e+00, -2.234843474649789e+00, -2.822550061272915e+00, 1.343841589638396e+00, 9.281556908861327e-01, 1.246370069854221e+00, 2.459746984087081e-01, 7.042233481859976e-01, 2.480975840541788e-01, -1.567473823050322e+00, 1.135369280278771e+00, 2.555386775968821e+00, -9.459123921991318e-02, 7.819264881918476e-01, -1.588335701053966e-01, -2.276093586155621e-01, -1.576626050743510e-01, -6.861653639540181e-02, -8.933679412601767e-02, -2.048984865540066e-01, -1.154518697389646e+00, -1.154903216568555e-01, -2.695814440758429e-01, 1.357374557300272e-01, -4.824503601866090e-01, -1.933428073901645e+00, -5.533771283841666e-01, 1.257189836859783e-01, -3.131034875976961e-01, -3.103322131266947e-01, 3.762723146019334e-01, -6.657447638083709e-01, -1.049720700566857e-01, -2.028944645162296e-01, 6.776968426517949e-01, -2.015070741347915e-01, 1.255209934428323e+00, -1.623303309789333e+00, -2.111892408747439e-01, 2.713963039480978e-01, 6.914236022531546e-02, 1.626231815534631e-01, 7.834692856652484e-02, -1.441141077978260e-01, -5.433649868719003e-03, 6.834196909820133e-01, 6.544215554154497e-01, 2.343215984302387e-01, 5.761043296307933e-03, 4.528757851204275e+00, 8.870272286719628e+03, -2.288534587490909e+04, -3.032631464740816e+03, 8.037775918634703e+03, 3.573759500225677e+03, -5.238392041417183e+03, 6.815519432545135e+03, -6.361214921896736e+03, 1.440462559727419e+03, -3.331574737034478e+04, -2.944776681726064e+03, -5.115942488711563e+03, -9.250257011704809e+03, 6.887769933671335e+02, 2.011761046920309e+04, 2.327687970214741e+03, 4.126754571932457e+03, -6.705142142569632e+03, -5.529189215309354e+03, -1.223714353041618e+04, -7.870054902867922e+03, 3.037963749153188e+03, 1.376076447204114e+04, 3.171285618592588e+01, 1.162902710671513e+00, 9.904308123035823e+01, -1.049102142505677e+02, -1.317495416027103e+01, -4.882278099533608e+01, 5.065667560367792e+01, 6.170577039566689e+01, 7.087702197774475e+01, 2.905529832682516e+01, 9.082587361923622e+02, -8.052580827431757e+02, -1.069737892532723e+03, -8.875950281243844e+02, 7.241604527575373e+02, 1.553842057149425e+03, 8.671552588905342e+02, 1.211942328514012e+03, 1.146084511005115e+03, -8.595027236865694e+02, 1.496027707917163e+02, -4.840772058615335e+02, -3.880049598899298e+02, -2.632279658859666e+02, 1.055409927848889e+01, -1.454320873758582e+01, -1.454288069187732e+01, -1.637807942235113e+01, -9.755156198499638e+00, 1.682947092167799e+01, -4.069966375858620e+00, -5.308969750842381e+00, -2.089728644312336e+00, -2.054582484862066e+00, -6.470118839164354e+00, 2.045419247263110e+01, -1.567649056779552e+01, 1.286872530663529e+01, -1.255068268382659e+01, -1.691600287438049e+01, -4.503883146630615e+00, 1.330272428920721e+01, -1.530164544745779e+01, -1.439586927920836e+01, -3.880442986319260e+00, 1.148072512619275e+01, -1.611675945737700e+00, 4.527071315036354e+00, -5.379409230104107e-01, 2.619849473413456e-01, -5.666937236128287e-01, -4.575538018776985e-01, 9.004951360817902e-01, 3.642806768682563e-02, 1.464355689612383e+00, 1.008072577975677e+00, 1.239587813966798e-01, 3.130852347997436e-01, 1.639030982997356e-01, 4.734664648778478e-01, -4.645923728495364e-01, -1.498353700304742e+00, -1.892381053013751e-01, -5.079014168710057e-01, -8.684111600963672e-01, -3.927724365479666e-01, -1.139619996246627e-01, 9.405989987791467e-01, 4.468912950802011e-01, 5.936416846807344e-01, 4.613349064996742e-01, 3.379552454170889e-02, 4.537374550359173e+00, -1.589039036532754e+00, 1.087395224546142e+00, 2.368431285542756e-01, 5.046592510519408e-01, -2.063917776321348e-02, 8.583175021855589e-02, 2.377073610287066e-01, 2.410200885169513e-01, 9.548307852816133e-02, 2.502090187254128e-01, -7.948691847410456e-01, 3.801374924716714e-01, -3.858656856581894e-01, 2.967127252053558e-01, -9.599419462448161e-01, -1.100601939122265e+00, -1.044982000560530e+00, 5.550061567780805e-01, 6.689571858009660e-01, 7.796151126369759e-01, -4.370572675154216e-01, -7.886672149568383e-02, 6.488807543507906e-02, -4.580995138379930e+00, 2.139161634336959e+00, 1.802573129318467e+00, 1.189664643541364e+00, 3.724090309627679e-01, -7.889012615539618e-01, 4.928700889344291e-02, -4.479959303357304e-02, -2.334603915223130e-02, 1.077144883024816e-01, -3.564503161288305e-01, -9.289899931941074e-01, 5.079428537106853e-01, -9.771892926775477e-02, 3.004997057264994e-01, -5.899923954048395e-01, -8.940494537710141e-02, 8.390198819918184e+02, 2.104241274883302e+02, -6.867270717892978e+03, 5.267797604593924e+03, 4.044166638755574e+03, 1.812006744370112e+03, 4.320696913703393e+03, -5.198639954675792e+03, 3.045711313451657e+03, 4.872413202359879e+02, 5.473733281550404e+04, 5.359299949650473e+03, 7.969546220695709e+03, 4.123666012290253e+04, 7.410423719043553e+02, -2.881382749612027e+04, -2.579839084284233e+03, 4.568620392855749e+03, 2.301058158464090e+04, 1.785159421909544e+04, -1.202777403526720e+04, -1.022268030199388e+04, -2.137956007250279e+04, -1.276686633637738e+04, 1.034537640442427e+01, 1.232830859429556e+02, -8.652391501982801e+01, -3.265368666042670e+02, -7.589880915740552e+01, -1.075094446105553e+01, -3.719622708740658e+01, 9.435404652770355e+01, -3.249454843179569e+01, 3.998995218698485e+01, 5.066673038664678e+02, -1.611088883712282e+03, -3.791266982543727e+02, -6.162786891984659e+02, -1.276850398240931e+02, 2.381247738794587e+03, -1.567243783070828e+03, 8.855478622036765e+02, -7.719875138210196e+01, 3.105814980164217e+02, -8.035823442649065e+02, 1.828635920816404e+02, 8.428248363977050e+01, -1.705124527285792e+02, -1.058230231205270e+01, 1.069805520670814e+01, -1.035478367399799e+01, -1.558438298458581e+01, -3.485396711533873e+00, 4.684307006731900e+00, -8.453477583502904e-01, -6.104479448043643e+00, -1.548674942413120e+00, -3.104490416944768e+00, -2.151909327842314e+01, 2.531048151298077e+00, -1.384512504225570e+01, -7.216137512483458e+00, -1.362432730512296e+00, -7.314262395932324e-01, 2.411760224294456e+01, -3.281735635544741e+00, -6.706211131918559e+00, -9.880149000201119e+00, -4.837750571681427e+00, -1.209753848964253e+00, -2.534775329634287e+00, -2.830621013598446e+00, 3.405337323651028e+00, -5.048078357796093e-01, -1.373072212750531e+00, 1.399451080878375e+00, 2.008657500573870e+00, -2.205239770271392e-01, 2.016534076025906e-01, 6.532242938225107e-01, 1.506814416456061e-01, 5.006077512284088e-01, 4.764188151901796e-01, 1.175039974505731e+00, -3.205570728136565e-02, -1.669903604165830e+00, 1.774800665191602e-01, 2.382390057842253e+00, 1.293582629135396e+00, 1.716681121621661e+00, -5.854335664408111e-01, 1.276266166904953e+00, 1.253147947318536e-01, 1.049479574715449e+00, -9.010059489516833e-02, 5.165876525666545e-01, 1.660954157409529e+00, -8.079966617467658e-01, 7.966745685917563e-01, -6.434327217839394e-01, 2.281128507967631e-01, -2.656419377757929e-03, 2.741512070700826e-02, -4.421841035385400e-02, 4.325665563137977e-02, -1.409327528751191e-01, 5.341595792997345e-02, -4.017052727390774e-01, -8.007414356443974e-03, -2.396861947982202e-01, 1.142622192856148e-01, -9.326317552145973e-02, -3.131660828382180e-02, -2.878378142061089e-01, -5.216293806007849e-01, -7.657488083144790e-01, 3.530214532255694e-01, -1.934569794330346e-01, 2.203917869185425e-01, -3.862847443114725e-02, 8.112979027438931e-01, -2.803302199348679e-01, 5.519422410368018e-01, -2.682061456964187e-02, -1.492476777596488e+00, 3.128240405982925e-02, 2.418728140081118e-01, 1.148960296058976e-01, 3.087468902769137e-02, 1.626171159207395e-01, 7.690579752806341e-02, -3.096110742788055e-01, -2.201026780829295e-02, 6.971513404791214e-01, 5.795572187421223e-02, 4.305957895271956e-01, 5.107125838846086e-01, 3.978615042325114e-01, 4.390716816004707e+02, -4.154017380823160e+03, 1.364309256900091e+03, -9.792892385079566e+02, 4.600145759600653e+03, 5.769076367937757e+03, -8.630885310681191e+02, -6.283123142015781e+01, 6.113089613954343e+02, -3.079723814200343e+03, 2.371811477935618e+04, 3.937127770586670e+03, -4.831676861607680e+02, -4.439736432322446e+03, -1.920181564689218e+04, -2.088121424154138e+04, -1.290874617429660e+04, 3.419983742189377e+02, 3.133587470715020e+04, 2.323282557042384e+03, 3.741207140645682e+03, 2.240387306454808e+03, 7.015680952642542e+01, 1.727078188091187e+04, 8.591961011856533e+00, 2.847789538929798e+02, 8.072523955097184e+01, -1.640854847137584e+02, -5.337087278567358e+01, 4.523170200666381e+01, 1.522718837540636e+01, -2.130912543439815e+01, 9.684524075108047e-01, 2.595146360132830e+01, -3.215218053497067e+02, -1.702103589627397e+03, -1.446692892521414e+03, -1.496940951743697e+03, -4.894063707851619e+02, 6.453972325643448e+02, -2.433286531974838e+03, 1.560944824795983e+03, -5.648602802168348e+02, 4.054718511894342e+02, -5.768527322373703e+01, -3.499577693818565e+02, -1.002632140261120e+03, -3.288992915641633e+02, -4.901036207768082e+00, -5.730811929180599e-03, -3.030596904126364e+00, 1.440857531482636e+00, 2.129512483884732e+00, -1.831331517898456e+00, 2.227044803666812e+00, 1.545159074246977e+00, -3.628226170040104e-01, -1.226482493605451e+00, -4.899555924346974e+00, -3.130967547111160e+00, 1.453061636736211e+01, 4.920917928863970e+00, 5.915706724709047e+00, 1.052945035694553e+00, 1.850348027450945e+01, -1.424727579645933e+01, 3.565987233443404e+00, -3.167819347657819e+00, 2.975419810735509e+00, 1.135085165839379e+00, 1.256577200868973e+01, 8.121190245848799e-01, 6.242001041417510e-01, -7.560866900924559e-01, 5.995482132909784e-01, 6.503344928556451e-02, 1.256042633013823e+00, -2.502383572978047e-01, -4.453784971296670e-01, -1.844408412306475e-01, -5.107647427077038e-02, 8.040955042590971e-02, 4.685094887642420e-01, 3.040207053117811e-01, -5.029267673457880e-01, -8.775422652133793e-01, -1.964571159230009e-01, 5.622743701349590e-01, -1.150331588773546e+00, -2.792247655374300e-01, -6.213323088286626e-01, -2.529789599613740e-01, 3.978652390530907e-01, -1.647654183691105e-01, -2.066967734294075e-02, -1.431594639239430e-01, 3.350755397403227e-01, -3.631526100223825e-01, -6.762249164597396e-01, -7.388119340603949e-01, -8.451798076606954e-01, 2.529906893629533e-01, -8.696811428918641e-02, -1.327646251735997e-01, -7.396544216035705e-02, -6.419805721745389e-02, 6.420668788980889e-02, 4.332956446960363e-01, -4.781323827538443e-01, 4.881291938395441e-01, -1.933970883352802e-01, 7.117113333620328e-02, 1.116692774422973e+00, -5.284662766242171e-01, -1.384570786362810e-01, -3.754462079208481e-01, -1.561174650940201e-01, 1.119525762361660e-01, -8.023099743036441e-02, 1.041938692046377e-02, -1.844430754310509e+00, 1.025920400107607e+00, 2.451820015601048e-01, -2.896706702748682e-01, 2.111089859408616e-01, 7.401088834471112e-01, 5.413027573901265e-03, 3.924058116612605e-02, 1.219783752424378e-02, -1.948516380936336e-02, -1.438472384899918e-01, -1.317248360628958e-01, -9.718867179784746e-02, -9.622608287378956e-02, -3.820674950083767e-01, 7.883386282166013e-02, -9.298656211926962e-01, -5.074022245450212e-01, 2.343958668977890e-02, -6.934831142740024e+02, -2.299570139404318e+03, 2.144141231635786e+03, 5.649107219419387e+03, -4.198233838779118e+03, -1.704495434029948e+03, -7.929954396146816e+02, 1.948326511538831e+03, -1.638587859453580e+03, -3.726509167221392e+03, 9.698051314323473e+04, 5.293264038115845e+03, -3.597993193350698e+03, -1.008306329488589e+04, -1.549387357258566e+04, -2.136488550119701e+04, -2.201397706544121e+04, -1.176931482218316e+04, 1.215321001131216e+04, 4.361058842064700e+03, 3.215573370325727e+04, 5.540453170540145e+03, 1.799708415075549e+04, 8.649343089210550e+03, -3.105504313269051e+01, 3.243019064330170e+02, 2.727645511053014e+02, 3.145581945630178e+02, 7.497696876275148e+01, -2.339041010078597e+01, -1.314582198806562e+00, 1.595418986606528e+00, 7.908539543244034e+01, 5.832207625976547e+01, -1.444289799425461e+03, 9.006305806362165e+02, 6.360560921752974e+02, 1.785729042756213e+02, -1.946543101632267e+02, -2.676655488938793e+02, -3.342338866581663e+02, -1.931725206787865e+03, 4.771683830665903e+02, 3.530938927973473e+02, -8.728650954215589e+02, 2.990304889338279e+02, -1.589210687367542e+01, 2.976393437665743e+02, 4.851114329540205e+00, -1.041617288601238e+01, -4.486497154856488e-01, 1.394496314192271e+01, -4.412598430068798e-01, -3.983444381272439e+00, -6.319346160075685e-01, -1.172312187599498e+00, -3.215980674802729e+00, -1.905552842591676e+00, 1.147822049513354e+01, -6.191070872093875e+00, 2.185072679152728e+01, 8.586548794329913e+00, 3.486157690502938e+00, -9.445786693521271e+00, 1.178716239077063e+00, 1.300097780034696e+01, 7.751079871664133e+00, 4.932092956575623e+00, 1.252309421575830e+01, -4.099677871232582e+00, -1.948942242052898e+00, -1.676559710613133e+00, -1.910572239866075e+00, 1.470458292403637e+00, -3.736714727257171e-01, -5.263952330985719e-01, 6.694426937060269e-01, -5.008310433685335e-01, -5.453348458118469e-01, -3.728707033654114e-02, 2.322521937908889e-01, 1.338261157376383e-01, -2.302136376710598e-01, 1.415414597139004e+00, -8.380754334938927e-01, 1.750738053034942e-02, -4.078311409094253e-02, 4.188024422383022e-01, 7.679302154671261e-02, -6.924743093460886e-01, 1.913694518713990e-01, 8.693299942301139e-01, -5.626215091568264e-01, -3.987411229367196e-01, 1.200866205358515e-01, 5.506003278201668e-02, 3.225371209940181e+00, -9.949615513862375e-01, -1.823454257887955e+00, -1.160048821739782e+00, -1.238587530198118e+00, 3.544397666316285e-01, 4.264186266532101e-02, -8.940386324080352e-02, -6.025277626760527e-02, -2.101224949119988e-02, 2.104231406544901e-01, 7.701308060969159e-01, -6.201589725598683e-01, 6.110675866796023e-01, -2.270571891805030e-01, 7.857264780790082e-01, 2.280843753093313e+00, 3.928457297434698e-01, -5.180121011737164e-01, -5.859269605831602e-01, 7.101608320976943e-02, -9.021552442426155e-02, 4.050530159781039e-02, -1.065231036974869e-01, -5.067971891932148e-01, 6.335774310485756e-01, -6.496588189039258e-01, 5.572228884775668e-03, -5.697194131585100e-01, 5.432006017534257e-01, 1.763812939378294e-01, 1.636036700844569e-01, 1.203615330124764e-01, 3.188475529642885e-02, -7.682353706622602e-02, 6.086741648298415e-01, -1.376639733391083e-03, 3.138380582784443e-01, -2.572043967950286e-01, 3.305436540913460e-02, -5.608273797454537e-01, -6.442037421561896e-01, -3.500317708513288e-02, 7.888667669084241e-02, 1.326802405360881e+02, -2.205989365795672e+04, 2.178210025560972e+04, -7.621626733858716e+02, -7.563252947717015e+03, -1.272217291435652e+03, 1.079589247814688e+02, -4.434645628906683e+03, 3.269450322091472e+03, -2.536134632303630e+03, 1.105880125461197e+05, 1.998643238866473e+04, -2.202615630563883e+03, 2.594907706247297e+04, 1.196351378640292e+03, -1.872767258220526e+04, -6.533919030132167e+03, -1.489883600761226e+03, 3.336201217960629e+04, 1.950077597169868e+04, -6.782721313458120e+03, -1.931765785732547e+04, 6.535539690567320e+01, -1.353273518404595e+04, 2.764003784802016e+01, 2.558496414029177e+02, -4.792905365625077e+02, 1.056326332896450e+02, 5.013162594396043e+01, 5.207272418734403e+01, 7.992691711961732e+00, -4.623914611128738e+01, -4.538524934105081e+01, -4.414350775003030e+00, -1.846167312554561e+02, 1.885754203548504e+03, 3.743304401645434e+02, 9.638932384159897e+01, 9.783992733418592e+02, -7.368850124610559e+02, -9.099915990117588e+02, -1.249915845466987e+03, -3.491705528144382e+02, -1.113428264537562e+01, 5.700627303149247e+02, 2.824139199567982e+02, -1.021477194889992e+03, 7.515808699212139e+02, -7.253805538968425e+00, 3.157671919142816e+00, -1.311126864594799e+00, 6.926845575300564e+00, 5.271644576012816e+00, -3.118078262578464e+00, 2.096651025560981e+00, 2.588576398778596e+00, 1.188877176329160e+00, 3.710891382185093e-01, -3.008067364957666e+00, 7.787324553009643e-02, 2.203610996601672e+01, -2.216279215826895e+01, -2.389058537513623e+00, 2.561315858034008e+01, 9.881687993616542e-01, 1.393676668328388e+01, 1.313572929032624e+01, 9.655868248365731e+00, 4.390783184646296e+00, -5.683939448913733e+00, 9.219304097053262e+00, -6.324974000694354e+00, 1.346906384686961e+00, 3.324514828615022e-01, -1.211851639261728e+00, -1.427027466355867e+00, -1.044383572078160e+00, 1.472892815996016e-01, -5.807230409252316e-01, -3.062361399818201e-01, -1.477612199932050e-01, -1.171260549477795e-01, -2.629016232301026e-01, 1.259081522227077e+00, -8.657470523906778e-01, 1.154772958938335e+00, 1.985527900809489e-01, 1.546478120406885e+00, 1.088400266015080e+00, -3.437756909434626e-01, -9.027354205477391e-01, -5.065993918059365e-01, -4.034482971866811e-01, 4.517107715889798e-01, -6.568886169406956e-01, 2.256344615715923e-01, 7.753697014328403e-01, -1.061769863352703e+00, -6.082785552370675e-02, 7.915014390225857e-01, -2.272624798887275e-01, 4.348744614328076e-01, 6.755120452574524e-03, -8.357897292171401e-02, -3.124912284726029e-02, -2.013797665889158e-03, 2.357437979515411e-01, 1.719939189152619e-01, 1.754864266323270e-01, 2.370495219027885e-01, -3.452940261906095e-01, 1.046905952493687e+00, 2.619723043369439e-01, 1.262748700855192e-02, -3.509908985912500e-02, -3.982198722285872e-01, -1.346833886730559e-01, 1.584464345021453e-02, -2.244776990515654e-01, 2.328747160301655e-02, 8.744115528070445e-01, -6.377701761623127e-02, -2.275619230628216e-01, -3.227520669014451e-01, 3.696075397719762e-01, 2.484314436352773e-01, -7.295494484139618e-02, 3.172260559040704e-02, -1.660707287886545e-02, -3.108111322898966e-02, 3.601501172085744e-03, 2.292100842842631e-02, -1.195679000642671e-01, -1.509308821815121e-01, -1.257188102789201e-01, -4.406402481960694e-01, -7.107314067914842e-03, 2.025888240465638e-03, 1.750717553404197e-01, 1.067682031382349e-01, 2.926983196398155e-01, -8.038030879212577e+02, -4.534913166406205e+03, -1.289624057157033e+03, -1.436109267161851e+03, 2.752407907311813e+03, -6.151612272762170e+02, 1.475068338986950e+02, -1.318394538188871e+03, 3.310116312023476e+03, 7.444311923889136e+02, 4.980328159646029e+04, 2.368154144181518e+04, 1.632212185786644e+04, -4.181003951021597e+03, -2.260650169039042e+04, 5.696910314306921e+03, -6.644313322637225e+03, 7.287292637765880e+03, 2.104550331160648e+03, 6.660117306793077e+03, 2.111103572683678e+04, 1.699093915911769e+03, 4.692285122380132e+03, 2.871478156368153e+04, -3.557752003856813e+01, 4.810144263914669e+01, 3.322285620870620e+01, -2.388186857170364e+02, 2.209433899319088e+01, -5.538201571670790e+01, -1.027145771010405e+02, -3.638279309980913e+01, -5.617218469390347e+01, -4.727793074589079e+00, -2.295545787096233e+02, -1.790432024376208e+03, -9.319257790588173e+02, 2.236636742816031e+00, -6.884882901457592e+02, 1.576033145225099e+02, 1.051621226700558e+03, 1.062317896054928e+03, -1.272177025523158e+02, -2.097432093914118e+02, 4.661682359151053e+02, -2.622063377460926e+02, 3.255076917069186e+02, -4.438846608705520e+02, 8.921199821154081e+00, 1.785580394377285e+00, -2.796807624965080e+00, -2.746144119331371e+00, -3.876968672084231e+00, 1.179650425283505e+00, -2.927698634504741e+00, -2.515860745224405e+00, 4.793761549251173e-02, -2.579723299866058e-01, -2.828702546566143e+00, 9.786519486921090e+00, -6.142233673203794e+00, 3.163422292648170e+00, -4.260669653347086e-01, 1.426403347593837e+01, 1.245983970840501e+01, 2.095108747236561e-01, -1.100776143445898e+01, -5.137383434715336e+00, -1.780977267068624e+01, 1.028072082774115e+01, -8.990822367175477e+00, 3.610038302281945e+00, -8.202941466403563e-01, -1.740027362327492e-03, -9.310842389984378e-01, -9.671562213912004e-01, -8.680882718574354e-01, 1.488586991956085e-01, 5.188193700215749e-01, 2.496405546108573e-01, -9.329245495681897e-02, -4.843370059229607e-02, -1.341210673319330e-01, -2.601516537543097e-01, -3.345125037034979e-01, 5.730808380663241e-01, 1.584982708135562e-01, 3.084233555195735e-01, 1.778745621278204e+00, 1.269088819451767e+00, -3.474952675644532e-02, -5.999179934409791e-01, -1.828569843824975e-01, -3.296397841419200e-01, 4.178837887213049e-01, -3.894563321638073e-02, -9.272556434883805e-01, 4.549045080394051e-01, 3.664311264595539e-01, -5.053368965632183e-01, -3.547670022648614e-01, 4.879510241140503e-02, 3.296955747810156e-02, 8.484444704892767e-02, 8.627918734686968e-02, 2.559208721702971e-02, -7.300373743775725e-02, -1.178555538596871e-01, -3.093731719728271e-01, 1.909859539029857e-01, 4.248577840207814e-02, -6.674743014824220e-01, -4.256721849664497e-01, -5.772169339126347e-01, 2.004117582611885e-01, 4.284267539843489e-01, -9.953399602228143e-02, 7.176802137605888e-02, -2.020338707696130e-01, 2.341331306003639e-02, 4.369781791369237e-02, -1.055528014182670e-01, -5.259956804973744e-01, 2.624478399048480e-01, 7.103929512655246e-01, -2.388166297117677e-02, 3.986021753900762e-02, 1.272847589066559e-02, -8.619011930795915e-03, 2.530692024100013e-02, 2.525591448358233e-02, 1.663563403069748e-01, 1.075682124973507e-01, -4.427010354468950e-01, 4.220332593022035e-02, -2.003428604737750e-01, 1.287906541527304e-02, 3.202542465659778e-01, 2.925742627452803e-01, -9.409573678836772e-02, 2.078859348966508e-01, 1.548709253384414e-02, -7.136596382933583e+00, -1.346883342886623e+04, 4.785398549495309e+03, -4.874415679068305e+02, -2.948340332984958e+03, 8.484257805137990e+01, -1.620601827292840e+03, 7.920506637416873e+02, 2.275864265604992e+03, 1.228776646154175e+02, 1.085018528326190e+05, 2.973032620286746e+04, -6.069156262667472e+03, 2.867933484298952e+04, -8.208356566045364e+03, -1.137510066910331e+04, -3.510480394461767e+02, 8.161194152517420e+02, 3.399066832461785e+03, 1.015076071323341e+04, 7.046559427157154e+03, -1.479300254686229e+04, -6.179905842708187e+03, -3.047785699761258e+03, -7.581939159155786e+00, 3.156461625680937e+01, -2.406426331380576e+02, -1.331564628698274e+02, 5.749795364190723e+01, 1.073755808094039e+02, -7.188315997976500e+01, -3.575286075154365e+01, -2.719145167661402e+01, -1.598063250885645e+01, -5.780387005472271e+02, 7.225893577776706e+02, 4.423849686387388e+02, 1.189789591217226e+02, -6.146103378201525e+02, -1.738408344910764e+02, 1.914180091048183e+02, 4.636392300947312e+01, 5.040104414358464e+02, -1.673604047083592e+03, 7.285320704824261e+01, -5.793504738457956e+02, -3.049102444403458e+02, -8.041115917531964e+01, -1.710330792556626e+00, -1.194495533001513e+00, -3.798356790299356e-02, 2.129189676464909e+00, 1.375128930649914e+00, -3.734465704306952e+00, 1.337201681808633e+00, 5.508739348707614e-01, 3.245263264836033e-02, 6.720180034755978e-01, 3.875051904044022e+00, 8.278274203184161e+00, -6.490534820856448e+00, -5.806404051264005e-01, 5.007896877497210e+00, 1.834464618802658e+01, 6.906271504301945e+00, 5.897866130348304e+00, -5.099389496283940e+00, 9.682242944375282e+00, 3.086025841735352e+00, 6.505147346772286e+00, 4.338243397336326e+00, 2.859504184615116e+00, -6.903997890434911e-01, 1.084597919487383e+00, -9.050969243824931e-02, 5.313552517074651e-01, -2.170823944616167e-01, 1.459736400462078e-01, -1.829378636568715e-01, -2.618034288908474e-02, 1.307586840213785e-01, -9.817155338821829e-02, -3.739303524456206e-01, 2.021390781407434e-01, 6.921490818600994e-01, 2.867003694604948e-01, -1.021902255722729e-01, -3.833070214260206e-01, 2.337084537837513e-02, -4.316196238493611e-01, 5.782688178596322e-02, -5.021553512409044e-01, 3.750174092780178e-03, -1.146895996232693e-01, -4.487459104369199e-01, -4.096262552077262e-03, -1.007322612287508e+00, 1.574837421494868e-01, 8.192815517881831e-02, -9.711775149552736e-02, 2.889588648925009e-01, 1.418722027548643e-01, -4.100799365918572e-02, -6.765795637654552e-02, -9.728121803432901e-02, 1.314004871135037e-02, -3.924541991868751e-02, -3.476397686952092e-02, -6.401605420765749e-02, -8.164553525262266e-02, -1.850838516369329e-01, -4.446580116222688e-02, -2.799540872482683e-01, -2.807833284841948e-01, 6.887022143916791e-02, 6.849565604113031e-02, 1.367451244884301e-01, 1.725250126188582e-02, -1.351560464477491e-01, 5.031706808023778e-02, -6.843204301373186e-01, 1.444440151783486e-01, -1.000297990248088e-01, -3.159350818010963e-01, -1.725569919513222e-01, -2.099440005148824e-01, 9.085090699570397e-04, 3.584997380389075e-02, 1.420412398523197e-02, -4.196551138679777e-02, -1.501991871509492e-02, 4.762819881370797e-02, -1.603186917425808e-01, 1.219223257649982e-01, 8.294826333195099e-02, -4.158837192216143e-01, -4.682943033299836e-02, -3.472952378138907e-01, 6.725204254254508e-02, 3.915897254568255e-01, 3.573755281062476e-01, 1.824143928098472e-01, 1.106062231354793e-01, 1.236399815094751e+02, 1.037554936925116e+03, -4.901793096290703e+02, -1.653160849504231e+03, -1.752621076164459e+02, 1.744227213157124e+03, -1.677775931147589e+03, 7.183499643274286e+02, -8.510697990009244e+02, 1.944575966144635e+02, -2.488403747043403e+03, 1.955107399742481e+03, 8.365365496270395e+03, 9.347097148762001e+03, -9.376988436442117e+02, -1.039836902273192e+04, 2.915236717085757e+03, 2.869835689509771e+03, -9.906940419650295e+03, 5.940877200664723e+03, 1.220513386712914e+03, -1.077343764510109e+03, -8.178742392716497e+03, -3.120651610664999e+03, 1.914356213425514e+01, -6.141275271109816e+01, -4.312318590003116e+01, -1.005847368572165e+02, -2.049735307336162e+01, 1.473518293840991e+01, -1.458997945894856e+00, -2.157777212649128e+01, 7.716455037087427e+00, -3.631173956027759e+00, 3.408216438951221e+02, -5.127747479896911e+02, -6.330814449438575e+02, -3.956183125147619e+02, 1.544280128282582e+02, 2.951413550662017e+02, -2.937889129660658e+02, 4.336398127266064e+02, 1.729598181245826e+02, -2.323245417578190e+02, 7.935850966112696e+01, -2.575446281408776e+02, -3.683615454369211e+02, 1.153243366275049e+02, 3.339793569773206e+00, -2.020711561570204e+00, -8.343376240377061e+00, -8.199860197390072e+00, -3.638007631790333e+00, 2.604636832207862e+00, 2.568190356654116e-01, 6.036493312906118e-01, -1.798707264317286e-01, -1.243838893258951e-01, -3.051702366324343e+00, 8.926004940341999e+00, -5.677217030260868e+00, 2.305947537197616e+00, -3.654406939323004e+00, 7.762485719534361e+00, 1.128484005559510e+01, -3.022671937023785e-01, -6.990668762042959e+00, -1.445905692520005e-01, -3.550730924119433e+00, 4.099919779225580e+00, 4.802382378204288e-03, -1.025057831180027e+00, -5.480086278164935e-01, -4.994452741862490e-01, -7.311798721217746e-01, -4.090276703274592e-01, -1.135083080633329e-01, -4.633319256184036e-02, 8.910156517264937e-02, -5.161403105960853e-02, 9.384318760387632e-03, 5.067161024603140e-02, 1.498221828093239e-01, 6.613696996756562e-01, -4.991748363474113e-01, 3.664930568339826e-02, 1.003416899114347e-01, 7.925569564212849e-01, 6.900735279017347e-01, 2.928004514026600e-01, 2.326558768306322e-01, -1.925736124574199e-01, -1.784416576230696e-01, -2.090668912429229e-01, 1.470254481593906e-01, 4.380423470405339e-02, 1.371959538190374e-01, -1.179710689619573e-02, 1.706318777737028e-01, -1.379409425023486e-01, -1.413732338253183e-01, 5.168310590600282e-02, -5.050333368260867e-02, -2.774634851498960e-02, -1.408578463033031e-02, -2.456701879846845e-02, 1.710261075585934e-02, -1.766876774220537e-02, -1.671586407204315e-01, 1.023972138177013e-01, -3.497951755998920e-02, 2.172874209427579e-02, -1.811945260194376e-02, 8.482711732213573e-02, 2.276951916127554e-02, -5.826788907895731e-02, 1.279127673189009e-02, 1.167730636216676e-01, -2.037236355772926e-02, -8.997388439765701e-04, 1.856576904523229e-01, -4.324640160079799e-02, -1.228150777381248e-01, 1.670998912170668e-01, 1.354076216422583e-01, 1.915298340539036e-02, 3.398193823672181e-02, -2.002465704041091e-02, 1.023929671614206e-03, -4.577667248745007e-03, -2.636520461902877e-03, 7.034363037293238e-02, 1.007414277053773e-01, -5.020355186285188e-02, -9.265059770995308e-03, 2.283125585212133e-01, 6.572737219049471e-03, -4.228812678701513e-03, -1.675366188658522e-01, -8.307543534948563e-03, -3.679561117416256e-02, 2.889759028973253e-02, -2.008724675285909e-02, 2.128324012116418e-02, 2.485580286387431e+00, -7.939148970317359e+01, 2.703811055481991e+01, -6.214900796946240e-01, 1.760055038501197e+01, -2.121236806248539e+01, -1.192091744323611e+01, 3.073061151108205e+01, -8.745704944598124e+00, -2.876866824332410e+01, 4.388943524069166e+01, -2.232484676535349e+01, -3.619677662703194e+00, 1.116741978671768e+02, -2.806125243389414e+01, 4.087057297113700e+01, -1.908949098608739e+01, 2.302750974258235e+01, 2.231504036616185e+01, 2.522958290011400e+01, 6.940429814355391e+00, -5.109877957757574e+00, -6.920952717867655e+01, 1.680454595656062e+01, -1.464361163742002e+00, 4.699756257336616e+00, -3.812750054035678e+00, -2.232566874612924e+00, 2.568076547418337e+00, -7.402941973144233e-01, -5.255282406372960e+00, -1.256291740920278e+00, 3.016948677978336e+00, -3.164300113171205e+00, -2.468738687378625e+01, 2.795921384488173e+00, -1.046288565375922e+01, -1.141046109831649e+01, 1.435641813005420e+00, 3.237227630974783e+00, 2.106150045395993e+01, -1.092961873961590e+01, 1.312326469247723e+01, -8.392026355074060e-01, 4.362637129146273e+00, 1.140123163885011e+01, 9.369423585220625e+00, -2.558523687109425e+01, -4.700166493495000e-01, 2.582495124763740e-01, -3.161409294832502e-01, -1.751297970771911e+00, -1.739723086815583e-01, 8.686630614549030e-01, 1.529555329006019e+00, 2.544832137079086e-01, 6.556272911309159e-01, 1.304748552359495e-01, 1.001660665831266e+00, 7.096877789953761e-01, 3.818237113252436e-01, -8.946270975419947e-01, -1.496855572344406e+00, -3.998862750030533e+00, -8.366118395251711e+00, 1.022788206590243e+00, -7.891929128761705e+00, -6.293477196749105e+00, -8.151610883392284e+00, -5.735500603909101e+00, -2.526108280825845e+00, 2.709857123219146e+00, -3.923621235805461e-02, 1.050390589545715e-01, 1.811770743505383e+00, 1.441880617589317e+00, 4.843372656029721e-02, 2.986971929357736e-01, 3.188515841288349e-01, 1.090778289138630e-01, 1.645090242305804e-01, 1.069034583613232e-01, 5.842267020103119e-02, -2.123380013522723e+00, 2.292358150427418e+00, -5.444376733505220e-02, -2.783323188455640e-02, 1.135551155262820e+00, -1.698916218757196e+00, 1.253182131809624e+00, 9.853382029234030e-01, 3.552834156703395e+00, 5.423638198288731e-01, -3.236088504301481e-01, 6.068182471669298e-02, 2.518114427281668e-02, 5.168461535894300e-03, 9.847991334278879e-03, 6.524074549095057e-01, 1.676022216022396e-01, 3.198123748398892e-01, 8.651186597686805e-02, -5.743187665098393e-02, -1.780206516879201e-02, 1.220656514774073e-01, 2.951227089070663e-02, -4.532171080129743e-03, -6.388183085413502e-01, -5.331550569412288e-02, -6.458549063908386e-02, -6.809515565772770e-03, 2.594299649561513e-01, -2.011614969364365e+00, 8.438885567579306e-02, 8.599716990008974e-01, 9.110532649859762e-01, 1.178103728686782e+00, 1.319756283527656e+00, 4.523911098321963e-01, -4.060602308223330e-01, -1.488628423284630e-02, 1.150723169637578e-02, -1.095725665002331e+00, -6.200414277936506e-01, -5.095587171126931e-01, 2.706668948188837e-01, 3.840476748534702e-03, -1.438787208112276e-01, -3.196280508785477e-02, 8.360307595423583e-03, 3.200427026496546e-03, -2.009110347184676e-01, -1.865179131749447e-01, -1.082250189199293e-01, -3.327181579086324e-02, 1.395669216388308e+00, 3.206018251111890e+00, -2.304679788550073e-02, -2.245418731379911e-02, 1.374822679031522e+00, 1.110536313926633e+00, -4.034975945406313e-01, 5.896892077218120e-01, 2.150117560097141e-01, -2.194644794118468e-02, 3.477446434952093e+00, -8.286811732753183e+01, 2.757277725412932e+01, 4.428013888020603e-01, 1.004483142410119e+01, -3.511088118297303e+00, -1.333813534436013e+01, 2.301749286274657e+01, -1.415266251499520e+00, -1.769195051601939e+01, 1.441978394257982e+02, -5.121296879400848e+01, 7.230214381568278e+00, 1.048376461187420e+02, 5.767683044025802e+00, -1.373112196088970e+01, -3.398368463341320e+01, -8.841941253318058e+00, 2.948587080661684e+01, 4.638680353374001e+01, 1.193763106022261e+01, -5.252201086818747e+01, -4.033601070300672e+01, -2.007890429251399e+01, 1.170248766277601e-01, 1.533675459640022e+00, -8.355750068666092e-01, -4.936243663197517e-01, 2.247721932728716e+00, -5.562599195324014e-01, -3.408997847198527e+00, -8.786045493193760e-01, 1.414770824757011e-01, 1.167689380640881e-01, -1.620970891449705e+01, 8.900614930609647e+00, -1.413980137483962e+01, -8.627608541764664e+00, 1.191463172786778e+01, 2.918363036227601e+01, 6.935146729030850e+00, -3.499828859136504e+00, 1.031389150556278e+01, -4.328981108794451e+00, 9.706928108941565e+00, -3.295329894062967e+00, 2.090040353265901e+01, -1.799008679715633e+01, -6.464947822180743e-02, -8.816526754368655e-02, 2.077004509375618e+00, -4.373916674414109e-02, 7.699094322476435e-01, -3.100408262530505e-02, -2.276373297709435e-01, 1.079545679523604e-01, -7.188606941767238e-02, -9.056842390655186e-02, -5.456270884461419e-01, -2.295101174796523e+00, -4.165608554957670e+00, -6.739243623661155e-02, 4.823994627881297e-01, 1.571366980236139e-01, 1.093899961165904e+00, 2.628074478687260e+00, 5.357683717954068e+00, 2.715729720109215e+00, 2.801788098295144e+00, 1.619329230316312e+00, 6.905511586140118e-01, -8.618774423763422e-01, -6.752868775097896e-03, 4.822370929907138e-02, 1.190979667417986e+00, -2.678423757066604e-01, 8.135512179341364e-02, 1.227390376859572e-02, 3.473986535823359e-02, 6.287458103289308e-02, -8.648965928330019e-02, -1.117847809400509e-02, -4.099081177295974e-03, -4.515598900773291e-01, -4.966020891199991e-01, -4.398177373229945e-02, 1.586736878059386e-02, -7.585124427397129e-01, -3.146005653502907e-01, -1.259474847753520e+00, -6.711254306474375e-01, -1.798278729073178e+00, -5.235849979287511e-01, 4.747707893337612e-01, 3.440000628187065e-02, -7.303303477890443e-03, 9.849842522094325e-03, 4.727297607742258e-03, 5.517334819688436e-01, 3.374451360205981e-01, 1.685716882004031e-01, -3.907217564210672e-02, -6.002790911332972e-02, 2.812349512723181e-03, -5.709073911253716e-02, -3.675900088048650e-03, -1.998683129399097e-03, -8.180030736053404e-02, 1.613007223871625e-01, -1.053662595060273e-01, -5.354331916488013e-02, -4.589317779737584e-01, 1.415325439635855e+00, 2.717817469146052e-02, -1.248773761645634e-01, -1.945303740583994e-01, -4.411101786798355e-01, -1.024791120022695e+00, -2.215419034928797e-01, 1.575623270409958e-01, 4.119694600014959e-03, 3.121413648681870e-03, -6.942314028345035e-02, -4.570243345767147e-02, 4.575992974520278e-01, 9.315868054538889e-03, 1.225038507383293e-02, 1.033603083274703e-01, 2.079117392056081e-02, -1.381240009957220e-02, -1.391776396061160e-04, 2.018726920216860e-01, 2.969249394593854e-02, -1.436825393701772e-01, 6.322434700800983e-02, -1.002017513519349e+00, -9.056320814619051e-01, 4.573717530005258e-01, -2.797650045533150e-01, 1.293664832046990e-01, -6.467445903666593e-01, 9.895605657719492e-02, -4.879081535240436e-01, 4.564959666620915e-02, 6.070415206319418e-04, 2.711375832662162e-03, -3.486114854404751e+01, 2.358619979784068e+01, -1.190247464922605e+03, -2.524608606822476e+02, -4.539757394802596e+02, 6.375118183161331e+02, 2.642644324825614e+02, 3.263003552084534e+01, 1.150961432802768e+03, -1.413094500639507e+03, -1.853392368665506e+03, -3.822411927190537e+03, -1.191132321996819e+03, 9.583233126496385e+02, -1.401967040129294e+03, -4.596672249909065e+03, -2.699668258915786e+03, -9.889484235071766e+02, 1.335735305922418e+03, -3.531273530869641e+02, 9.148178078396814e+02, 1.660810394087231e+03, 3.761242387477649e+02, 1.822249726546711e+03, 3.453660343832531e-01, 7.412627155385384e+01, -6.435925303171399e+01, 1.848979094230914e+02, -1.975988473435615e+02, 1.107718283645751e+02, -9.179939284667118e+01, -9.272752453269906e+00, 2.841806511684997e+01, 8.866217383476156e+00, 2.839746155676226e+02, -5.457183204632178e+02, 1.024386755080367e+02, -1.487155237952591e+02, -3.036256539121771e+02, -1.675866657009595e+02, -4.415094061352792e+02, 2.616369570660038e+02, -6.298677280105650e+02, 4.103315128155115e+02, -8.869127997833509e+02, -6.896410755796278e+01, -1.202833663374119e+02, 3.346975516367818e+02, -5.858232963377511e+00, 8.688375204125522e+00, -7.756387495982515e+00, 1.008969873552556e+01, 8.018315689724483e+00, 4.871668436171556e+00, 5.457218736895076e-01, -1.294174833095515e+00, -2.679529425490049e+00, -1.072201844780066e+00, -1.637126568849347e+01, 7.698643026569322e+00, 2.892831363700727e+01, 6.102897503538744e+00, -8.945793559030809e+00, -3.638812958267698e+00, 3.290501145024776e+01, 2.916553438348009e+01, 3.042975520235996e+01, -1.181481951134468e+01, 2.355712259009285e+01, -1.003793829560401e+00, 7.003293558521133e+00, -2.856556068084934e+00, -2.315097076950676e-01, -2.264780418167040e+00, 3.548200436958535e+00, -2.771519485135305e+00, 2.764245179880890e+00, -1.871153725465877e+00, -8.578671896738946e-01, -1.789655541909776e-01, -1.196805968032802e-01, 7.787248844440721e-02, 1.024249426574892e+00, -1.192137836645200e+00, -2.915632703236697e+00, -8.588070066109857e-01, 2.747018771093468e-01, -5.878331195877876e-02, -1.701405098740096e+00, -4.597082381884129e+00, -4.021700106937521e-01, -1.763385907333530e+00, -3.392480983992695e-01, 1.398156343632669e+00, 1.500723903740386e+00, 2.475935078818878e-01, 3.357498322539572e-01, 3.216161503016411e-01, -5.707257397450931e-01, 9.607616167964090e-01, -3.619217728067257e-02, -7.761005140812086e-01, 8.912842456450493e-03, -1.184837871647241e-01, -3.401269745840878e-02, -1.667138607499846e-01, 3.753455750786400e-02, 1.312430459501043e-01, 2.918212423247449e-01, 2.454997262676945e-02, 3.080458686253283e-01, 2.888068224731295e-01, 7.634178765106105e-01, 1.070718671970166e+00, -8.791993804115744e-02, 5.110276064142785e-01, 8.597899125898367e-01, -6.288479898269098e-01, 1.110614126667160e-01, -3.562212462298464e-01, -1.107111670699962e+00, 7.673926803695486e-01, 1.520443616587841e+00, -1.199795093961955e+00, 8.493589993596113e-01, 5.852798320402766e-01, 3.488699274017941e-02, 3.686721716861084e-01, 5.998988821200119e-02, 8.832258306439655e-02, -1.286146378689158e-01, -6.438938309862930e-01, -3.023239920103936e-01, -5.811278898318027e-01, -2.861340693795823e-01, -3.157233074415700e-01, 5.266673926886306e-03, -8.406547552102887e-01, 4.950495733944751e-01, -1.588955244564670e+00, 9.854505011467861e-01, 4.409525158627183e-02, -1.209312198519518e-01, -8.963425681764843e-03, -8.342215985942770e-01, 2.433155202491641e-01, 6.403267067579863e-01, 6.494071985970662e+01, 2.026355446309577e+02, -2.002634185013499e+03, 2.204513741925934e+03, -1.272213194517296e+03, -9.221914866053355e+02, 1.756908094098763e+02, -1.782693756746712e+02, 9.514087721169988e+02, -6.813265044049871e+02, -5.792514558290678e+03, -7.967071626174928e+02, 1.621522537354449e+03, -2.650203459340489e+03, -1.548580643348550e+02, 8.833437908791047e+02, -2.539602877454531e+03, -1.382578059392353e+03, 1.205835040938441e+03, -2.605180620709689e+02, 3.921700891885610e+03, -4.774934673381074e+02, 1.824051385158578e+03, 8.409632321401047e+02, 1.377191466981069e+00, 4.542516439830898e+01, -3.951428349298785e+01, -1.221601681567124e+02, -1.414035211081628e+01, 3.367862136195280e+00, 8.273510044404514e+00, 1.495490841098754e+01, -1.090113846534322e+01, -8.257958796884751e+00, 1.618755505491588e+01, 3.182883403426958e+02, 7.000299444963539e+01, 1.169474154066605e+02, -9.427932501357279e+01, -2.210138357863262e+02, 2.978609963831685e+02, -4.472769931381094e+02, -1.559016294957494e+02, 1.050120704646505e+02, -2.351140570129183e+02, 2.136711078239382e+02, -1.145478669722691e+01, 1.078447631760681e+02, -2.749071676176870e+00, 1.415506264628633e+00, -1.551958396491484e+00, -6.370933257247231e+00, 1.027688467191723e+01, -4.405592755858265e+00, 2.482721805458890e+00, 3.738235528669993e+00, 2.029078315634466e-01, 1.780149854347413e+00, -3.901287883552817e+00, 1.811277875552275e+01, -1.768371340167966e+01, -1.279711960177774e+01, 1.136612690909835e+00, 3.133591605841483e+01, 2.339778178875472e+01, -2.366080123327512e+01, -4.011764332681521e+00, -1.448609489095807e+01, 5.233199945174350e+00, -8.238726043462822e+00, -6.963104097420170e+00, -2.460706151963987e+00, 6.941275837436893e-01, 1.375996564211881e-01, -2.164928197815018e+00, 2.809931716620549e+00, 2.585197951869553e-01, -1.150482141710416e+00, -5.721233733305850e-01, -3.477279287758033e-01, 1.820218541856361e-01, 1.058344360246240e-02, -8.387499411671671e-02, 1.496453759409177e+00, 1.172564550460998e+00, -3.327821771398067e-01, 1.119519726400413e+00, -8.189358333958836e-02, 6.482319669169062e-02, -1.761212780234889e+00, 1.600860669343332e-01, -4.006796337526765e-01, 1.344237155481955e-01, 5.394268127920231e-01, 8.891507792195779e-01, 4.706904033958871e-01, 9.697113888282972e-01, -5.415612274133080e-01, -4.385888467421101e-01, -2.699384508337187e+00, 2.938038082262862e-01, -1.401346897486893e-02, 4.247523235234540e-01, 1.178318238968065e-01, -1.982045101835105e-01, -1.532427508475818e-01, -1.586386159556611e-02, 4.511144781973640e-01, -1.285503552541912e+00, -2.380837236592187e-01, 2.025247159869031e-02, 1.836626633183141e+00, -5.303503447767497e-01, 4.846179116310123e-01, 3.366837917658957e-02, 4.282970622202266e-01, -2.016917914769968e-01, -6.068168877281953e-01, 3.241252560524607e-01, -5.075876073327179e-01, 2.518520638297945e-02, -2.423081037046046e-01, -9.549209823602322e-01, -3.180009578057933e-01, -1.314585320902253e+00, -1.860416978642718e+00, -2.672096305303318e-02, 8.384488400014900e-02, 1.109088885409542e-01, 4.736226364561387e-02, 6.542981235472552e-02, 3.209463239886644e-01, -1.338429962840398e-01, 8.894023316130518e-01, 1.091719619979989e+00, -2.404885208908497e-01, 4.156396464420620e+00, -6.524978542516023e-01, -6.334856055888902e-02, 5.008782677939547e-01, 5.616495965419283e-02, -6.395033097603335e-01, 1.549012652186842e-01, 7.820707891946570e-02, 6.215905008977717e-02, -3.311579716041045e-01, -1.616008276400814e+00, 1.826791168667906e-01, -8.312195627966892e+01, -1.400309572650186e+03, 8.207496848653816e+02, -1.503563360228433e+02, -7.834779197852130e+02, -4.063741453090399e+02, -9.174554891260183e+01, 5.285993351118054e+02, -4.020665722770028e+02, 3.774008485340030e+02, 1.594146297873697e+03, 2.693963404511462e+03, 1.322528947627097e+03, -3.181564596264437e+03, -2.005722756787027e+03, 8.559980148632335e+02, -2.010691623547807e+03, -2.531139561912247e+02, 3.833687249336765e+03, 8.334871008906000e+02, 3.825420185093456e+03, 7.496771971852784e+02, 2.274388542338577e+03, 1.724821727905041e+03, -1.189783021042969e+01, 8.328325849382252e+01, -2.722616522924881e+01, -1.348287506158579e+01, -1.406405411259432e+01, 5.977297338156966e+01, -3.001856628639301e+01, -3.904006391243659e+01, 5.392086285948039e+01, -3.205266625437788e+01, 2.010440496060580e+02, 3.408777474012241e+02, -2.986111164780736e+01, 6.738308211753458e+01, -2.123367427536743e+01, -4.893775011602600e+02, 5.515045681452333e+02, 1.584422289721126e+02, -2.433396002925668e+02, -1.596866760409257e+02, -1.033327037096879e+02, -8.408404100639015e+01, 2.924867925346972e+02, -1.249645664955828e+02, -5.272166159316851e-01, -6.680097516719109e+00, 1.158921502218491e+01, 1.651537427627018e+01, 1.915622217479904e+00, 7.076517552595935e+00, 6.016350869987448e-01, 2.289828993228566e+00, -5.557398868793024e+00, 1.473466479194113e+00, 2.663408202727334e+00, -1.239653644927574e+01, 3.270585366836671e+01, -4.380339975883047e+00, -1.260258417198944e+01, 2.445257165722817e+00, -1.606897126384670e+01, 6.713273474539572e+00, 4.953600332552133e-01, 4.710126762285993e+00, -1.558981323313401e+00, 8.152707589216451e+00, -7.383337029545454e+00, 2.863099533796186e+00, -5.040459952511508e-01, 1.313471877616282e+00, 1.956085318666711e+00, 2.991991515330290e-02, -4.574489997867891e-02, -4.743241165944368e-01, -3.609535095942711e-02, -2.137512603063249e-01, 8.683271971623991e-01, -2.911693195247506e-01, -3.024658144393015e-01, -7.943941033192604e-01, 1.419214130116830e-01, 1.041555354361838e+00, -1.174215507843262e-01, -4.153524869313224e+00, -3.469685571598480e+00, -2.162804256614368e+00, -1.326513857570583e-01, -1.188613877157833e+00, -4.253194307129782e-01, -1.609358816860367e-01, 1.124222026508969e+00, -3.885180470019622e-01, -1.192287760787341e+00, 1.001424711121697e-01, 1.453033212744165e+00, -8.599002525722348e-01, 4.720117630489432e-01, 4.086146776267618e-01, -8.066716319580094e-02, 2.667698073370924e-02, -2.474790057301731e-01, 1.314108001124152e-01, -5.994800854949824e-02, -8.512791318599036e-01, -7.134497148612600e-01, -3.434927608605359e-01, -4.378234483001950e-01, 1.791120307705034e+00, -4.515375662516381e-01, 7.328274641253433e-01, -4.289762025081330e-01, -3.469503607931888e-01, -5.436130631141033e-02, -6.267730980804394e-01, -4.983838139236280e-03, -1.915902363129867e-02, 1.136435329230485e-01, -1.547835588473012e-01, 1.886437458130475e-01, -2.078783130632116e-01, 8.934004275846925e-01, -2.391979118765612e-03, -2.421066228956563e-02, 4.569759429975981e-03, -3.988923075036178e-03, -1.945711769138232e-01, 4.653778221344405e-02, 3.765702960103520e-01, -2.437596449800485e-01, -3.228911661302331e-01, -5.276189768224095e-02, 6.535529546258002e-01, 1.565331076365179e-01, -1.173683502083960e+00, 1.663016901455012e-01, 8.648905572534475e-01, -4.156389867705785e-01, -4.286385372236135e-01, 5.339180523379816e-01, 3.082953713254004e-02, -3.689161608161895e-01, -1.018113993358175e-01, -2.365025784538050e-01, -1.642754117301068e+00, -5.933417516584339e-01, -3.995537936452070e+01, -1.781490076345206e+03, 4.382942514222040e+02, 5.568859904784243e+02, -6.618141833432692e+02, -2.838627119994743e+02, -5.457761412735360e+02, -1.628958903499284e+02, 6.860975172320555e+02, -5.397445104256847e+01, 1.882359589456134e+03, -1.803065696899481e+03, -1.011737701155510e+03, -8.757358007860456e+02, -1.000526068596494e+03, -1.218047246320304e+03, -8.401265747180698e+02, -4.658470208404240e+02, -4.606862397175540e+02, -8.938484731886176e+02, 3.356415058981054e+02, 1.079680472407728e+03, 3.799267991115429e+02, 1.026183886397448e+03, -4.969051960374534e-01, 3.443306464824929e+00, 9.635763100146643e+01, -2.526198011292134e+01, 4.023568147595411e+01, 1.252408669833196e+01, 5.477046777218960e+01, 1.343807063559999e+01, -1.972284646976101e+01, 1.673428832586634e+01, -1.864108451878638e+02, 9.425557849707538e+01, 1.564323941961721e+00, 1.632692649683239e+02, 1.833337324691864e+02, 1.311384205245949e+02, 2.009380540485228e+02, 2.420850180466732e+02, 7.981088627752951e+01, 1.560819631876183e+02, 6.324147090718603e+01, -1.690227824759722e+01, -1.996937538118940e+02, -9.878046118295354e+01, 1.012008888989254e+00, 1.233072334474398e+00, 2.213173932388758e+01, -6.833663467086708e+00, 2.755082854497764e+00, 2.244753239883925e+00, 2.629828318535135e-01, 1.937061511810525e+00, 2.526534751729505e+00, -2.202850684710614e-01, 9.704913978895780e+00, -3.094486596880418e+01, -1.954670269060999e+01, -4.573253160854689e+00, -1.877027099887299e+00, -2.514203601996924e+01, -9.044799281691756e+00, -3.420284067987621e+00, -8.836829692476876e+00, -1.182147741017229e+01, -2.847776192869583e+00, 1.784779287637367e+00, 5.685653271560223e+00, 2.093185982933344e+00, 1.789863597861575e-01, -6.393289056361379e-01, -1.817672497686750e+00, 2.066839988646378e+00, -8.049868501735502e-01, -5.264161855183065e-01, 6.620266799233739e-02, -1.876261207542298e-01, -4.184525541544423e-01, -6.206927582443749e-02, -4.631856895251374e-02, -2.539260433028787e-01, 1.859818739579821e+00, 6.104058572087083e-02, 4.746242404575879e-01, 9.292723692169275e-01, 2.009426885033687e-01, 5.789163896483569e-01, 1.000683373247308e+00, 1.438875095568421e+00, 6.890215556071404e-01, -8.059586838452873e-01, -3.336067935954253e-01, -3.380805246633934e-01, 1.705705518746445e-01, 1.818643686873172e-01, 1.665162011335649e+00, -4.281495814204788e-01, 3.178350908650656e-01, -1.930337803382831e-01, 1.255820499299568e-01, 1.227956889620803e-01, 6.115343603764876e-02, -1.573970672214135e-03, 2.401393137142893e-02, -6.397891786693095e-01, -1.370834889653680e-01, -9.998268738873750e-02, 2.784181335003640e-01, -2.353328649823451e-01, 1.303717066022402e+00, -9.113854707561474e-01, -3.154067519797563e-01, 3.414262074099877e-01, -1.930253088717347e-01, -1.110367661024530e-01, 1.670426537510847e-01, -4.714171582425032e-02, 3.134302094038035e-01, -1.437616795016145e-01, -7.193219774565381e-01, 5.900351100099257e-02, 7.074306804916171e-01, -5.998162682764910e-01, -5.268344551119896e-02, -6.841346486132728e-02, 7.626823488497442e-02, 7.369123679633204e-02, -8.988699359999327e-03, 2.883943629550718e-01, 1.927875746845776e-02, -3.262226695386871e-01, 2.142237692413911e-01, -8.306415024856295e-02, -4.355886577724807e-01, 6.717083685692603e-01, -4.309493482237336e-01, 4.544159810413013e-02, 8.309349388691288e-01, -4.537750857291694e-01, 1.130536366134997e+00, -1.775286018274293e-01, 3.409638093276685e-01, 7.007712799004166e-02, -1.633367355442411e+00, 1.522672473855491e+00, 1.439667411819320e-01, -2.655069503261229e-01, 4.314828981326872e+01, 1.654073219996071e+03, 2.948412715877415e+02, 2.711324429178408e+02, 3.079723382588604e+02, -2.084049713045934e+01, -2.594724890169669e+02, -2.108045141027762e+02, -1.763290815503801e+02, 9.840432021818081e+01, -6.702739287759971e+03, 8.730568857836339e+02, 1.489449668757687e+03, -4.898447074713933e+02, 1.011006915669866e+03, 5.402292335896541e+02, 4.733327106053537e+02, 6.451689883919744e+02, 1.226196943157609e+03, 4.386162711960823e+02, -1.699733670370822e+02, -4.645389053230669e+02, -2.732936282869825e+02, -1.773342411271966e+02, 5.716050346834770e+00, -7.708812791261877e+01, -1.727982096693117e+01, 3.864927040457338e+01, 3.521518419259208e+01, -4.771865571052205e+01, 9.382055282499861e+00, 3.888725094561447e+00, 2.198796713310601e+00, 3.615078940369128e+00, 1.065626364019545e+02, 1.898797996304007e+02, 7.179548948899343e+01, -2.107397933402147e+01, 2.237602330309237e+02, -1.154255608540121e+00, -2.372013868988754e+02, -2.025502840041622e+02, 2.354870164460136e+02, -9.224077980318000e+01, 1.702843518471182e+01, 3.650490072905793e+01, 9.343543457201056e+00, 7.437376823579303e+00, 1.137614968167502e+00, -1.323953762955458e-01, -2.798161777564717e+00, 1.359363500371462e+00, -1.420785397946612e+00, 1.679394537798104e-01, 7.922933713305534e-01, 2.504262314186760e-01, 3.333747637532527e-01, -3.256603987800648e-02, 1.617884768871783e+00, 3.983453107260594e+00, -2.852542986081812e-01, 1.071809388365014e+00, 7.598867998757426e-01, -1.110433881903862e+00, -3.914850796130708e+00, -3.087720357224449e+00, -9.520201195509894e-01, 6.848630268962939e+00, 3.188885352949639e+00, -3.369515441408473e+00, 1.469449354140765e+00, -1.668423684700120e-01, 1.340338723798365e-01, 2.267093704048535e-02, -3.219749334241626e-02, 3.292370644735059e-01, -2.954579375023940e-01, 1.166471918679091e-01, 1.069517596587672e-01, 1.222386508634956e-01, 4.356938985320181e-02, 5.052833437624211e-02, 4.431042550151639e-05, -9.093186978495808e-02, 5.489585211854648e-01, -1.264536676778311e-02, 7.123289624436480e-02, 5.471009278592813e-01, -1.109604136629481e-02, 4.013048086361673e-01, 1.187673363097314e-01, 1.515730019601814e-01, 1.464671309610401e-02, -8.914862098023119e-02, -1.094150241715033e-01, -1.494509028598243e-02, -3.961072359886491e-01, 2.271381897794254e-01, 1.517547108029980e-01, 4.086105899681339e-01, 1.059872872604224e-01, -5.124553894615130e-03, -3.266160278131973e-02, -4.767684603120469e-02, -2.230418733172171e-02, -2.244307714785315e-02, -5.591695090623012e-02, -9.375090631421014e-03, 1.706902452536043e-01, 5.122529051968134e-03, -3.085310758648625e-02, -2.746134835917154e-01, 8.583033430885323e-02, -1.287036768463143e-01, 5.533583761533467e-02, 2.010552586976734e-01, -3.175270665924701e-02, -7.310933059001955e-02, -1.952387650799131e-01, 1.836093770028305e-03, 2.857874271427266e-01, -3.514087423820868e-02, 1.910484626312586e-02, 8.024171642481695e-02, 1.317333809344884e-01, 6.640967887543638e-02, -1.609078869071734e-02, 1.538810729915690e-02, -1.573801417787231e-02, 4.281589971268324e-03, 9.212893118570865e-03, -2.981008674685212e-02, 6.495234097607210e-02, -5.514387503169139e-02, -5.285177213541489e-03, -6.985089597088896e-02, -7.237721498612540e-02, 1.210381917662288e-01, 5.090573586775660e-02, -7.168140263961589e-02, 1.030237829339789e-01, 5.835132911956725e-02, -1.032860640873294e-03, -6.994839887417620e-03, 4.844395628702405e-01, -3.250535962800263e-02, 1.693288404954942e-01, -4.423442879480521e-02, -3.218244276225672e-01, 1.408067102347943e-01, 4.591617110257354e-02, -4.509151794454116e+01, 4.558040479351471e+02, -1.156171235081512e+02, 3.017172002609294e+02, -4.519606349556186e+02, -2.728515485835329e+02, -1.029659595642559e+02, -4.750625306766796e+01, 1.845524611859887e+02, -1.286363402382335e+02, -6.641165099918018e+03, 3.381560286097432e+02, 2.197320723182661e+03, -1.396683906756978e+03, 3.762133764221866e+02, 1.925524069013440e+03, 5.338592109206520e+02, 8.267616709297478e+02, 2.937101049651530e+02, -8.579802053152484e+01, 4.415739052473638e+02, 2.662658573629611e+02, -2.691449364961798e+02, 9.324302948028248e+02, -8.042568200187889e+00, -9.761305716638493e+00, 1.025751641604390e+01, 1.268620356257438e+01, 3.383940718266289e+01, -2.466666232819161e+01, 8.946861512870129e+00, 1.479585714789328e+00, -8.528776533861483e-01, 3.906260871738479e+00, 6.662997671726828e+01, 1.783022272652688e+02, 1.183295169503072e+01, -1.190311346449049e+02, -8.884359847977155e+00, 5.733791826240591e+01, -3.807334310412080e+02, -5.978792883902324e+01, -6.558310699213651e+01, -1.189882141869626e+01, -2.188664003547046e+02, 4.121603547564916e+00, 6.010173142353542e+01, -3.228733625292999e+01, -1.078271338338538e-01, 3.667301840691071e+00, 4.444367550993230e-01, 2.984541925080260e+00, -9.435378750823198e-01, -8.103221377408470e-01, -4.615549118641603e-01, -9.955624093952585e-02, 1.617797816470564e-01, -1.426641506411350e-01, -1.266982554161680e+00, -1.817945873444630e+00, 2.733117367319950e+00, 8.753816700252457e-01, 2.221175747265708e+00, 3.755413054825623e-01, 1.433525816583475e+00, -1.403493788849384e+00, 1.042101273725971e+00, 3.671875884664339e+00, 1.631168646225741e+00, -6.173498239761434e-01, -6.916387885168124e-01, 6.981813256805968e-01, 3.675016423509903e-01, -5.886403959912060e-02, 3.426150692555397e-01, 4.961365178651036e-02, -9.628269279848638e-02, 1.193348565093560e-01, 1.179311319255631e-01, 5.294232980646907e-02, -1.367142100892446e-02, 2.227291995467313e-02, -7.595740561350886e-04, -3.920152547690328e-01, 2.921457604892813e-01, 1.260409869809801e-02, 1.801148841332361e-02, 3.540673416685211e-02, -5.990582654693486e-02, 1.317732746654023e-01, -4.284097208644527e-02, -6.336871176633560e-02, -5.123264089531649e-02, 1.058068266502699e-02, 4.700632339470011e-03, -3.576424192340413e-02, -8.036172807946142e-02, 5.811923724352458e-02, 2.056610159702587e-01, 1.267905597480060e-01, 3.156642438990905e-02, -6.411170593791424e-02, -3.442196287632903e-02, -9.654339179577092e-03, 1.333500903729656e-02, -8.241917945896121e-03, -1.690675230491989e-02, -6.208966059522622e-02, 6.854417347368744e-02, 1.010610640663739e-02, 7.276878399721213e-03, 7.968835814198999e-03, -1.637001923793791e-01, -2.255042749042589e-01, -2.507550551812853e-02, 8.736787796991037e-02, -1.449832556456870e-02, -2.812580318497258e-02, -1.143573995955958e-01, 2.382408777413808e-02, 8.981775742375997e-02, -1.996202139275131e-02, -5.378269456171649e-02, -1.004480170361792e-01, -1.084079539211089e-03, 1.477397903653004e-02, -5.579835507384652e-02, -1.663115965445205e-02, -4.800038574261698e-02, -7.973315648385489e-03, 6.653407973934930e-03, 2.827944872960409e-02, -1.892411900065853e-02, 1.461743407573873e-02, -1.619517747774388e-04, 1.191439681209333e-01, 1.389910338300139e-01, 5.056364394084084e-03, -2.722995897972688e-02, 3.498789846371932e-02, 1.073106483298886e-01, -5.902208475694190e-02, 4.279944296214470e-02, 2.650815526244527e-02, 3.579322179628341e-01, -1.711540379069956e-02, -1.009002190456591e-01, 6.532141227856067e-02, -1.301507752451336e-01, 4.577194938333799e-02, 4.265719123114230e-02, 2.531294424842755e-02, -7.370817659774724e-01, -8.042125970987755e+02, 3.459022904251565e+02, 3.736500399448828e+02, 8.368258111984245e+01, 4.336890072061148e+01, -1.091410850733997e+02, -2.037596871978590e+02, -2.595677413860369e+01, -9.667422293921830e+01, -6.347201436403176e+03, -9.696029453045550e+02, 9.591484499992672e+02, -7.326958081528049e+02, 1.032169226686602e+03, 6.608076136435447e+01, 6.420053336495904e+01, 7.638884678323980e+01, 4.854703293588317e+02, 6.367937782403160e+01, -2.676884838317318e+02, 3.205660074747625e+01, 1.128389459990730e+02, -1.580897959261883e+02, 2.874855248764516e+00, 3.624889559575136e+00, -6.910632201904362e+00, -3.810013689143859e+00, -1.409922987864909e+01, -4.348510952411155e+00, -8.587583072348830e-01, -6.529185616699447e+00, -8.630134119070895e+00, -3.814884712387695e+00, -2.482905728678477e+01, -2.760789492900897e+02, -8.813137067515132e+01, 5.934257852133624e+01, -1.533429743169463e+01, 1.467286348477916e+02, 5.649476167237549e+01, -9.979463963862489e+01, 1.006895099698354e+02, 9.732230410651205e+01, 1.222334318712783e+01, -2.845241263835002e+00, 5.208200501193365e+01, 3.226966884268959e+01, 1.198689587797759e+00, -3.487746465333541e-01, -9.726581870804648e-01, 7.780422328702440e-01, -2.453730187787834e-01, -5.200243267889432e-02, 5.646804483743362e-01, 7.174554828106984e-01, 7.321703258416539e-01, 1.729605132783352e-01, 8.770784983851747e-01, 2.079431796518032e+00, 1.353156811131147e+00, 3.489863042482039e-02, 1.124166294808315e+00, -1.115022120465199e+00, 3.076399959473101e-01, 1.590284604097844e+00, -1.437452836204206e-01, -2.413271122417480e-01, 2.393310224104507e-01, -6.783680631152090e-01, -5.567478987751064e-01, -5.675157665909840e-01, -1.984539188468203e-01, -2.321784111939157e-01, -7.602205485255130e-02, 1.084013350155841e-01, -2.581774796758458e-01, 1.800195388427524e-01, 2.588188673863205e-03, -5.079892376386496e-02, -6.706417628056170e-02, 2.581878930261502e-03, 6.721208560260941e-02, 4.588157993202086e-02, 1.520532354356521e-01, 1.309038409837064e-01, -1.079377571165077e-01, 3.253721058738479e-01, -2.971775317620381e-01, 1.369047865599826e-01, 1.599637704349635e-02, 4.421162573915075e-02, -9.942376311436285e-02, 1.153972790630727e-01, -3.413364085358962e-02, 2.939084131908739e-02, -1.520732663511097e-01, 7.547976542144789e-02, 4.600059124955658e-01, -1.149313194334411e-02, 3.265646575442439e-01, -6.060568121172476e-02, -4.665332285260793e-02, -1.964508474323788e-02, 1.177666799370943e-02, -1.312486203280878e-02, -8.376237408557367e-03, -1.409673692999732e-01, -4.054049617355270e-02, -1.154505686344661e-01, -3.240656267099721e-03, -1.697379678361993e-01, 3.324315728444509e-02, -1.197166937380931e-01, -6.178357748345770e-02, 5.485571084058279e-02, -5.728564337863566e-02, -8.941981679359480e-03, -4.638664263747572e-02, 1.590752637400883e-02, 1.925207454709173e-02, 5.733865117393484e-02, -1.280415570528030e-01, -8.673177446747191e-02, -6.546323203003103e-02, -7.418238838946996e-02, -1.939848490750349e-02, -1.418788597784024e-02, -3.533298599914683e-02, -8.618011835581436e-03, -2.106192154917984e-02, 4.803890019830200e-02, -2.054429399465628e-02, 1.291770016766442e-02, 4.583041653847602e-02, 4.679168626281830e-02, -7.748058477545264e-02, 5.333124707592673e-02, 6.775899954846740e-02, -8.256820161996022e-03, 1.128427288576965e-02, 1.005945800468430e-01, -3.422787242142886e-02, 4.911085391997948e-02, 1.280376275945532e-01, 5.492427178465219e-02, 9.521173595815777e-02, -1.129076064139043e-01, -9.289050773274059e-02, 9.116199765138477e-02, 8.836997916786996e-02, 6.764501925045927e-02, 2.790634684604229e-02, 3.641403942403315e+01, 1.397829010885011e+03, 5.042021483967350e+02, -1.628077603416701e+02, -4.788443796688949e+00, -3.616316386401689e+02, -1.453421409533838e+02, -9.970919953489518e+01, -1.384595374034532e+02, 1.841644649408508e+02, -6.503039028030903e+02, 2.361040498973486e+02, 1.207373529616089e+03, -1.134552709763625e+03, -2.573507740382185e+02, -6.774381725464632e+02, -8.464049444387664e+02, -1.756451468337057e+02, 2.247028775002958e+03, 7.838841396058556e+02, 1.283085902279285e+03, 1.861534082294936e+02, 6.480325477117224e+02, 1.836019732950416e+02, 2.747963835402147e+00, 5.349810581739474e+01, 2.575390054344522e+01, 2.386363186323352e+01, 1.868438044539164e+01, -3.209500802101013e+00, 1.608519134993389e+01, 8.663550840644474e+00, 4.900989789691356e+00, 2.231057746125180e+00, -4.549822531688622e+01, -1.166560942852985e+02, 8.456903629291652e+01, -2.678097305182808e+01, 5.137879120034295e+01, 1.315600771370600e+01, -1.349199125344918e+02, -9.271245815577416e+00, 3.702928567766426e+01, -6.622953265761734e+01, 3.360216297381196e+01, -9.138668057723901e+01, 1.007817451059630e+01, -1.121804623752882e+01, 2.556659210099583e-01, -3.681420648684660e-01, 1.079124373733347e+00, -2.527495706004802e-01, 5.765164589550343e-01, 2.050931544335871e-01, 4.388111339530649e-01, 2.765501610655872e-01, 3.841150088333767e-02, -1.927260469007317e-01, 5.868444311465973e-01, -2.995574241369396e+00, 2.506636636103378e-01, -3.741227225855502e+00, 1.217440095981458e+00, -2.191183814856125e+00, -3.592851990953219e+00, -1.653236356332097e+00, 6.647820243760580e-01, 1.617060858088121e+00, 1.574209728194864e+00, -5.646793701909945e-01, 1.707008129873698e-01, -8.416557795100650e-02, -6.415470472767511e-02, 6.477399735633679e-02, -3.221039362172756e-02, 1.662855560405049e-01, -1.639230844558190e-01, -3.137999769554897e-02, 2.858547785777431e-02, 2.185310924689857e-02, 2.848064482026403e-02, 4.767911595203465e-02, -9.479229232745285e-03, 1.144234400800344e-02, 1.048654397922308e-01, 1.591506417157788e-01, 2.443882238903274e-02, -6.011677123878985e-02, -1.363674485645998e-01, -7.098903319532927e-02, -2.491130109282702e-02, -3.762351343433140e-02, 4.296738534728013e-02, -5.681956553725084e-02, 7.027475791501250e-02, 1.883885211107648e-02, -2.503938969218978e-02, 1.716806817665344e-02, -5.624802360638607e-03, -6.123280723784617e-02, 8.698509715045855e-02, -3.456927810821197e-02, -3.415770590950824e-02, -2.338394532210056e-02, -1.627300569265595e-02, -1.790162404121559e-02, -2.285343992425780e-03, 2.001210217071940e-02, -5.182439869907950e-02, -1.608554303789903e-02, 7.784487726295604e-03, -6.941210396976198e-02, 6.312283654087815e-02, 1.814112617903467e-01, 2.796365827625681e-02, -1.421977391895952e-02, 4.057050712894302e-02, -1.823795545304207e-02, -6.817250890316102e-03, -4.850731282171137e-03, 4.785971252814878e-03, 2.741454319675459e-03, -2.920793309590113e-01, 8.095484878346554e-02, -6.492541860191207e-02, 1.425223310989998e-02, -1.952964453408170e-02, -4.901248597011707e-03, -1.256694257705820e-02, -1.529893673371569e-03, 2.983160452928908e-03, 1.329292235194827e-01, 5.296171288388041e-02, 2.670151859599061e-02, -1.067650712781010e-02, 8.459497562361666e-02, -1.513141158568228e-01, -2.580535755982871e-02, -4.421108347404436e-02, 3.177297811403111e-02, 1.849628820051198e-02, -7.962560486735129e-02, 7.175544146922469e-02, 1.815401496186758e-02, -4.376216649566248e-02, 6.970099028198928e-02, 1.909395553547952e-01, -5.171365663923123e-02, 5.609327801364922e-02, 1.810245860096706e-01, -4.305870785694373e-03, -8.718057694927166e-03, -2.412450657794551e-03, -2.344980000071837e-04, 4.783426453384851e-01, -4.738122201099556e+01, 9.827888239128438e+00, -2.704609941441139e+00, 1.321332438133132e+01, -1.264233053461983e+00, -4.036847007538504e+00, 1.445264782290355e+01, -5.291688149232304e-01, -1.372370634278599e+01, 8.622219242167677e+01, -9.816213880610181e+01, 4.278993154995079e+01, 6.623242004047820e+01, 3.127463887129518e+01, -6.995014185205881e+01, -5.098103781254736e+01, -3.286233265252236e+01, 4.831612641972455e+01, 5.924123940152420e+01, 1.803266452411304e+01, -7.228703919736633e+01, -1.471936823421523e+01, -3.954051088087501e+01, 1.977661988670478e-02, 2.340040463092318e+00, -2.089096876045144e+00, -2.357901469140690e+00, 8.410589232308476e-01, -1.367272586770586e-01, 1.724218971289772e-01, -2.715164047414877e-01, -7.468881862542421e-01, -2.496309762585405e-02, 6.435542616149310e+00, 4.062529167248486e+00, 2.775204274487420e+00, 4.804403996052442e+00, 3.089937679788314e+00, 4.727761618286636e+00, -7.538450612082488e+00, 2.915212248175928e+00, -8.717318228863783e-01, -1.868045984270811e+00, -2.749526817039075e+00, -1.238979973489859e+01, 2.293199634331606e+00, 9.240982586860746e+00, -1.807253189869637e-02, 5.233655060688858e-03, -2.987840592979082e-02, 2.378923200777151e-01, -1.074075244480874e-01, -6.325199306548061e-02, 6.619901108633747e-02, -1.500927098379838e-02, 3.166713177224204e-03, 8.500989866881253e-03, 7.249594540185059e-02, 1.146917321717442e-03, 1.150072705179607e+00, -1.692444159922707e-01, 1.424686207872702e-01, -2.331487657249115e-01, -2.009884187864104e-01, -9.404115197714901e-01, -8.800518715496330e-01, -3.482290371305846e-01, -5.561967607967262e-02, 1.103394626350331e-02, -5.936416675742405e-02, 1.516679616229431e-01, -1.283446423124967e-02, 1.264236430279349e-02, -3.092992085936290e-01, -2.350510808359240e-03, 2.672474853343067e-02, -2.027847138534365e-02, -1.131065959392590e-02, -9.563311138477798e-03, 2.058944801130163e-02, -1.130665316031849e-03, -7.300748466317621e-03, 1.533578175526840e-01, 2.463327096724452e-02, -6.102784711173590e-03, 1.290624788446058e-02, 3.403707104137243e-02, 3.565524457628317e-02, 1.918143515916429e-01, 1.509167500645385e-01, 3.044289764653926e-01, 7.367958975597719e-02, -1.111194554989233e-01, 1.222132079480142e-02, 1.262719768243940e-04, -2.683571612658681e-03, 2.323465707155224e-03, -2.593580404623886e-01, -4.732836810388997e-02, -3.431720965987707e-02, 8.261071837961530e-03, 1.244769671928357e-02, -3.457518465053000e-03, 6.550858902094416e-03, 3.219016802063679e-03, -3.458787216600929e-04, 8.555094151353722e-02, -2.293976948071692e-02, 1.079302181657508e-02, 9.813040805752045e-03, 1.681740651816491e-01, -3.012662207324622e-01, -5.330765069339155e-03, 1.098023729638382e-02, 4.928980473590640e-02, 1.024716501484627e-01, 1.710785885614026e-01, 4.478692657654823e-02, -2.557768884532542e-02, -2.912700958624357e-04, 3.904851591074590e-04, 1.214123645286372e-01, 7.233289961333522e-02, -8.042880224436241e-02, -4.976196489205733e-02, 3.616833416545670e-03, -1.745426721935276e-02, -6.462579614878409e-03, 1.205201109258385e-04, -8.295141073776123e-04, -8.294973154331872e-02, 1.576920556456761e-02, 3.518204975175472e-02, 6.690755050328672e-03, 1.981528543192426e-01, 1.036734014467431e-01, -1.520022359725555e-01, 7.231223256598483e-02, -2.968955636834143e-02, 1.065271951877582e-01, -8.360982195932997e-03, 7.828366249231816e-02, -1.742397207490669e-02, 2.711374245737884e-03, 1.406051358572851e-03, -1.018210319275158e-01, 9.673647872695558e-02, -6.156238285459688e-02, 1.097430975818192e-02, -1.054512947569809e-02, -5.205989417984727e-03, -1.913413113413904e-02, -1.094498968581875e-02, -7.610375030409494e-04, 3.655903497297438e+01, 6.867903376785166e+02, -1.752743733821684e+02, -2.046746694367091e+02, -5.996425884151213e+01, 1.919972640781419e+02, -3.900361926739953e+01, -1.292672760609732e+02, 5.472889510032857e+02, -9.018608331804695e+02, 1.131252454208034e+03, -1.482310758070140e+03, -1.903518048012213e+03, 1.855714863835530e+03, -1.717546415328740e+03, -2.289596530527168e+03, -1.071360567656906e+03, 3.877639019358402e+01, 3.051130607359948e+02, -8.081227694124634e+02, -5.084859459703517e+01, 1.761016956233861e+03, -6.520410886434646e+02, 1.882803287878267e+03, 1.124168630156559e+01, -5.821336525179868e+01, -8.554150815488984e-01, -1.035649900110340e+02, 6.902917819385453e+01, -5.873784012186929e+01, 3.791068223538208e+01, -1.700187951567686e+01, -3.057561097735548e+01, 2.194465411472100e+00, -1.770786512339222e+02, -2.402739250058857e+02, -8.651598825297339e+01, 8.668113133740798e+01, 4.831573266279701e-01, 1.190223993012964e+02, 1.529445154183189e+02, 4.520062150794549e+02, 2.055331040364186e+02, -1.499270164014312e+01, 5.578514081801641e+02, 4.214438468239287e+00, 9.001221920514844e+01, -3.130304464139303e+02, 5.321501148276908e-01, -4.858538640865044e+00, 4.219130838628549e+00, -4.090275226965257e+00, -2.887313365279061e+00, -2.608398304020630e+00, 5.702322538773334e-02, 1.093704479093968e+00, 1.525591727887184e+00, 2.521176824149776e-01, 8.428159360916839e+00, -1.743865089800169e+00, -1.249069768136326e+01, -3.968402116381704e+00, 5.955567411903967e+00, 7.994680124192519e-01, -1.772024045584579e+01, -1.836166038204437e+01, -1.356825526982576e+01, 5.069368802369786e+00, -1.172749427069384e+01, -1.150731816145809e-01, -2.652463933101200e+00, 2.340068062077940e+00, 9.933461229682726e-01, 1.056028258189341e+00, -1.869234417641978e+00, 1.236277026338852e+00, -1.410834629704102e+00, 6.990345773918947e-01, 3.221938469915189e-01, 5.081145085728758e-02, 6.982281043304250e-02, -1.123612901819691e-03, -4.528780437194609e-01, 7.731944297017427e-01, 1.185002134415860e+00, 5.368518613932444e-01, -1.033851210562406e-01, 2.044782395983856e-01, 1.229665877713886e+00, 2.426211701669353e+00, 9.526764700140895e-02, 8.089993794895038e-01, 1.250487467241899e-01, -6.186817389430483e-01, -8.847265062015938e-01, -1.625897179256984e-01, -2.219945171117508e-01, -2.234704281788937e-01, -4.532099989122630e-02, -7.982359843595671e-01, -1.584149403320873e-01, 6.412903807199258e-01, 2.632873512666887e-02, 6.696207740166671e-02, 1.969724927006216e-02, 7.339374825570726e-02, 1.248586615588861e-02, 1.033037521749207e-01, -3.050168435969819e-01, 5.470368299092988e-02, -2.360534536249431e-01, -2.062580712983315e-01, -5.599049783271451e-01, -4.321624020381396e-01, 1.394904788125848e-02, -3.949453710218043e-01, -5.194528199827307e-01, 2.502568198477746e-01, -1.936127669037061e-02, 1.911051432290883e-01, 3.961710863249305e-01, -6.727179278640967e-02, -8.035882735381951e-01, 1.048685630092104e+00, -2.295892018433764e-01, -2.567600465940291e-01, 2.858644445512951e-02, -1.834902132606989e-01, -1.882151190136097e-02, -4.391338070926781e-02, 1.095774632019527e-02, 3.417878050986587e-01, 3.485919578515775e-01, 2.053594111526324e-01, 1.181035249264238e-01, 3.595296825527026e-01, -1.697658111343977e-01, 2.579703969707429e-01, -4.016657630333903e-01, 6.569777858376669e-01, -4.906718071245808e-01, 8.432917030914525e-02, 8.425107655767003e-02, 8.605746738053215e-02, 2.433168102592447e-01, -1.018205765225563e-01, -2.578549034762869e-01, 1.109667267096760e+00, 3.243755660347794e-01, 8.273460161515201e-01, -1.957035540059969e-01, 2.249037975376521e-03, -1.251093079095865e-01, -1.194312546193801e-01, 1.607586221250243e-02, -3.777052478168151e-02, -1.651918067487077e+01, -1.861538854523547e+02, 6.175439604977331e+02, -9.727978910115277e+02, 5.555988450713297e+02, 6.062044409494688e+02, -2.152995908744634e+02, 2.839983245396386e+02, -3.854604288577870e+02, 1.274501921002984e+02, 3.854201760046573e+03, -1.499150318705243e+03, 4.055044144569016e+02, 1.231090552866798e+03, 9.499899288233080e+02, -3.560824738176799e+03, -4.640324334413300e+01, -4.384089869401154e+02, 1.884706685904744e+03, 1.784446507171386e+03, -1.381165104735410e+03, -9.486937262936725e+02, -8.402889684338233e+01, -2.003134872084167e+03, -6.289360328897202e-01, 1.225284766478103e+01, -2.295050202068409e+01, -6.431477426584230e+01, 2.071425789256217e+01, 9.765871441437195e+00, 4.346550990541656e+00, 4.066032047461020e+00, 8.455892584226930e+00, -2.493355929557174e+00, -7.710544427483906e+01, 2.251987068390557e+01, -3.546984471262496e+02, 1.548429949649607e+02, -7.160953326093940e+00, 1.397253654920320e+01, -2.998322284139357e+01, 6.877541910088907e+01, -3.732380266741894e+01, -3.148953168301435e+01, 6.140123522944866e+01, 1.387422006635680e+02, 1.301069127133443e+02, 2.866779770696311e+01, 3.465219990013699e-01, -8.261695100343847e-01, -1.555557236841098e+00, -6.281706883035074e+00, 5.140629782134760e+00, -1.573250786729416e+00, 9.389155862144906e-01, 1.816282573148324e+00, -3.130839086136184e-01, 7.690162037950836e-01, -1.964963935163437e-01, 1.045343850733276e+01, -1.132257431841524e+01, -7.199369441498137e+00, -9.362176357713741e-01, 1.529872336688645e+01, 1.174646085589709e+01, -1.126889665584265e+01, -4.298058179728553e+00, -9.552400069923214e+00, 2.555126038737574e+00, -3.161864826659037e+00, -4.509703223567166e+00, -8.635783294060072e-01, 4.933997250134526e-01, -3.675936826751415e-01, -3.606168028067862e-01, 1.330466513530278e+00, -1.694732226538276e-01, -2.283451789208947e-01, -1.579010721386540e-01, -1.382132795917437e-01, 1.431350113588966e-01, 1.928380642374394e-02, 8.950469317834274e-02, 1.478390343109216e-01, 4.394844816572928e-01, -1.458061451830385e-02, 4.115079567026506e-01, 2.441948391414326e-01, -2.521228732531086e-01, -1.023964394930611e+00, -1.201989234577092e-01, -1.695659953086879e-01, 1.709597963959353e-02, 4.636946104731767e-01, 4.776524490216007e-01, 2.292241697395870e-01, 2.454342515594766e-01, -9.604944254386778e-02, 3.317384795135343e-02, -1.011855743456100e+00, 4.606321600304157e-01, -1.223876975021566e-01, 1.824610891730055e-01, 7.666929065623732e-02, -9.095028625407983e-02, -6.344954031267201e-02, -3.397951922315044e-02, 1.223456714013769e-01, -5.063661683666889e-01, -2.384760120383802e-01, 2.250223623802415e-02, 6.392756635251587e-01, -3.924088650370526e-01, 2.178470417699143e-01, 3.016659458071563e-02, 1.990804366661630e-01, -5.857203685201917e-05, -3.462394266242140e-01, 1.066833479681387e-01, -2.230846344190946e-01, -6.584106219354707e-02, -7.789146750259560e-02, -6.551195738394003e-01, -3.954024689734824e-01, -6.586025190279098e-01, -1.042964986932229e+00, -2.591069944189948e-02, 4.870151988116097e-02, 7.664423815729966e-02, 3.730785772137260e-02, 1.813179557980942e-02, 2.203955579382218e-01, -1.458356407584956e-01, 4.507729862829800e-01, 6.016671518416015e-01, -1.880250620195949e-01, 2.012997127764365e+00, 7.186313658198498e-03, -1.273361407359052e-01, 4.692752114046923e-01, 1.069667596493879e-01, -3.178131625799422e-01, 1.289982176338289e-01, 3.348940148452182e-02, 3.311577739755859e-01, -9.673646899849185e-02, -1.109666339571941e+00, 3.522530383789004e-01, -9.051519446027882e-01, 8.297866797054559e-01, 4.865383705280578e-02, 9.389746506496237e-02, -7.701947107651910e-03, -1.020840934810933e-02, 1.448356920159444e-02, 6.983123574419648e-01, 1.260146984400597e-01, -2.038185663546104e+01, -9.862535695655399e+02, 7.493776981415806e+02, 4.076965260492442e+01, -4.279929316111710e+02, -3.465508883957069e+02, -7.729478250606108e+01, 2.436571480301121e+02, -3.502342691178188e+02, 2.541384841663024e+02, 4.206784219164962e+03, 3.314453033827924e+03, -3.281185002139016e+02, -7.918485683256541e+02, -2.029499895055244e+03, 1.954480739766440e+03, -3.539327338731164e+02, 6.012981695106150e+02, 1.209184818252364e+03, -1.547189750714175e+02, 1.593348858438229e+03, 1.019717005860917e+03, 6.031126317559575e+02, 1.741666517098724e+03, -1.306195921595155e+00, -1.313876327948940e+01, 4.179946908127763e+01, -1.143568961131552e+01, 1.638473680297500e+01, -1.763378349391104e+00, 8.377781926070650e+00, 4.190705547102600e+00, -2.151525178347250e+01, 8.640209068422644e+00, -7.540400254329792e+01, -1.546183696818034e+02, -3.575546709272928e+01, 2.326130503096621e+01, 4.967916645280770e+01, -8.920536586421177e+01, 1.053855101958298e+01, 4.798766001706844e+01, 1.918454188976072e+02, -7.040111187670121e+01, 1.683674684211275e+02, 5.569098435878745e+01, -8.906259854717440e+01, 2.689591672540657e+01, 2.286860025643004e-01, 2.312458469752293e+00, -3.350207444033590e+00, -5.797745675679561e+00, 1.358095464580838e+00, -3.073776991369221e+00, -6.547724253468106e-01, -1.120496139757595e+00, 2.196650023862141e+00, -5.595537021934347e-01, -5.315567906027249e-01, 3.006981636681501e+00, -1.206181645370763e+01, -7.453728365710699e-01, 4.324945187438011e+00, -1.554490604686356e+00, 3.245317539897808e+00, -2.998642019660210e+00, 8.577581993887830e-02, -5.883049401226449e+00, 1.439452959340730e+00, -2.070341034072142e+00, 3.132320875150230e+00, -6.056111946078216e-01, 5.454226006794691e-01, -9.314775794190124e-01, -1.140942460712786e+00, 1.675689903575923e-01, 1.165665041800585e-01, -3.846252006669940e-02, -1.086467134396729e-01, 2.398922381820667e-02, -4.254460635460648e-01, 7.714073726397741e-02, 2.038552483431903e-01, 6.245331343112240e-01, 9.280456256452844e-03, -4.770450161206123e-01, 7.896336382984695e-02, 1.686135152053785e+00, 1.458519425635461e+00, 8.099479073429525e-01, 1.682771311343487e-01, 7.173968097864059e-01, 4.767364763308862e-02, 5.743793988028186e-02, -4.925524605818832e-01, 1.385704004836289e-01, 6.747619942984204e-01, -9.734888776913680e-02, -1.201786943614965e+00, 1.489571885635688e-01, -4.124488867874876e-01, -1.872400316347708e-01, 7.548831075238525e-02, -4.062549314321894e-03, 1.148985557452833e-01, -4.861919325046663e-02, 4.559053462029216e-02, 6.164622857371933e-01, 2.484057911235889e-01, 2.160755859701591e-01, 2.483144002705869e-01, -9.515717939671322e-01, 3.797309822025161e-01, -2.014107143810945e-01, 2.034773232980175e-01, 6.842501119853404e-02, 1.074087422349599e-01, 3.708413161796678e-01, 4.148090915805702e-02, -5.281412799215248e-03, -1.719123844847452e-01, 1.112776673379940e-01, -2.780958107854205e-01, 1.995262618071011e-01, -6.038679299485136e-01, 1.885487271512162e-01, 5.468413497963127e-02, 2.701182933499820e-02, 2.515477616780553e-02, 9.138861222791723e-02, -3.113740342342978e-02, -7.050377695394797e-02, 1.324290918948338e-01, 2.307707916332470e-01, -5.262652285843892e-02, -4.396666833980191e-01, -2.270937759118891e-01, 5.484300457245717e-01, -1.196580305757157e-01, -4.090517137941757e-01, 1.221910957878005e-01, 1.833320906441889e-01, -3.540073219957412e-01, 3.404993880978307e-04, -1.018110554782746e-01, -6.156249859176695e-02, 3.243844579499353e-01, 9.051515991157353e-01, 8.318850591005166e-01, -1.451863502483221e-01, 1.180257696300355e-01, 6.574078125369111e-03, 1.214790765785448e-02, -3.455225435830395e-02, 4.873411521176801e-02, -2.479017150306670e-01, 4.621011521207730e-01, -2.352923396141491e-01, 6.301969692523652e+00, -5.373453248636919e+02, 1.677971524889662e+02, 3.350022011689309e+02, -3.416239170705423e+02, -2.546054308857260e+02, -3.180905962839559e+02, -1.909444058299742e+02, 4.265809877137394e+02, 1.502033329894439e+01, 4.006721492072843e+03, -4.402329083006619e+02, -6.532394900432056e+02, -7.972087829663563e+01, -1.180498688670476e+03, -1.174153633912316e+03, -7.204461519335626e+02, -2.301724511322032e+02, 5.385705058624106e+02, -2.538471588149045e+02, 2.430129623143516e+02, 6.120564053743991e+02, 1.609612700460570e+02, 7.942856532106687e+02, -4.619264195362518e+00, -9.867772000984580e+00, -1.512230863105096e+01, 2.909305865272763e+01, 9.633557579320874e+00, -4.243717861890155e+00, -1.069135443303261e+01, 3.654423016749199e+00, 1.724794045877930e+00, -1.020514459859653e+01, 1.414998327844403e+01, -1.807903453141397e+01, -9.883384460759868e+01, 5.539355934327642e+01, -2.138954975056476e+01, -1.500917690079322e+02, -1.401841438351765e+02, -8.514892981701831e+01, -1.282951259708983e+02, 1.262024176868867e+01, 1.293276401139770e+02, 6.864055627614519e+00, 1.183316418321576e+02, 7.422676550129330e+01, -1.224838162536945e+00, -4.505043960730934e-01, -8.427576149422697e+00, 4.746334134640503e+00, -3.784353664619000e-01, -2.685154092452187e+00, -1.971884117540085e-01, -9.181636917014773e-01, -6.096199862704649e-01, 4.181883664817079e-01, -2.781569512908737e+00, 1.538276386096253e+01, 7.526806938922363e+00, 2.127552810247479e+00, 1.817016907990627e+00, 1.000489073871682e+01, -2.016387292537642e+00, -2.090656850888803e+00, 4.662441685464379e+00, 7.213125020609619e+00, 1.384737532426599e+00, -1.213564207224122e+00, -2.066302967240515e+00, -9.699957058898361e-01, 1.223721011259201e-01, 1.171169962352990e-01, 1.208510732053589e+00, -1.140924303335159e+00, 2.060283485551328e-01, 4.526891925309530e-01, -6.065961460908963e-02, 9.406328085220969e-02, 1.145335024919899e-01, -1.433227290507130e-02, 1.035457937699619e-01, -2.721305895450853e-01, -9.764048069280572e-01, 6.884329524118239e-02, -3.154827858834713e-01, -8.621350973313742e-01, -3.301806308113953e-01, -1.159779808121204e-01, -5.210043184681835e-01, -4.976914581326043e-01, -2.095704281293129e-01, 2.908710013983006e-01, 1.271544430997942e-01, 1.335862447765532e-01, -1.157677834157341e-01, 2.638730866000753e-02, -5.590296785932877e-01, 6.385670831412451e-01, -4.132353258981383e-02, 2.244285228239965e-02, -5.525832024583963e-02, -6.073530476501626e-02, -7.853843066068658e-03, 1.441150989079258e-02, -3.865303451080750e-02, 2.426972815991653e-01, 2.736104081521737e-01, 2.396495971726823e-02, -1.126818335326822e-01, 9.493872457062053e-02, -8.079503242560470e-01, 5.322022308893138e-01, 2.474077622373843e-01, -7.475969626581808e-02, 6.983841045915769e-02, 5.279415550020643e-02, -1.387471469585184e-01, 4.697576022772557e-02, 6.134223604620412e-02, -4.237840987895611e-02, 2.974577030023084e-01, 4.689829589680546e-02, -1.611576012426859e-01, 3.881701523904745e-01, 9.077981302085092e-03, 4.481601637880490e-02, -6.060368925492882e-02, -4.336684423424270e-02, 2.374748741356228e-02, -1.307447458741913e-01, 5.635028409396002e-02, 6.477250421098377e-02, -1.508660613624877e-01, -1.839650591080234e-01, 1.751884376859664e-01, -3.750737638759757e-01, 1.762765514847522e-01, 5.514056508942079e-02, -4.363182114529829e-01, 2.602795885188082e-01, -5.756747787317322e-01, 7.786196759802314e-02, 7.007719109949213e-02, 1.097416926713398e-02, 8.273359795483360e-01, -8.297839422282886e-01, -1.451874959125308e-01, 3.706428191542649e-01, -1.736071676157068e-02, 2.420879803989435e-02, -5.493625850291344e-03, -7.388488458879071e-02, -2.354738661159847e-02, -4.160742508792603e-01, -3.832608317688815e-01, 6.368181206626876e-02, -8.499385115834686e-02, -4.031313786799080e+02, 2.541057742174988e+04, -2.831254011659642e+03, -1.215717292134225e+04, -6.613765468953720e+03, -2.045613792812192e+04, 7.054135928251641e+03, 3.102075173606001e+03, -1.539318153716030e+03, 1.668641346613445e+03, -1.397161207921145e+05, -1.502581070494158e+05, -3.012180933047367e+04, -2.467894521204465e+04, -5.813175999579937e+03, -9.377841367652958e+04, 5.421318645544742e+03, -2.712860267650465e+02, -2.942873943591618e+03, -1.546486942779242e+04, -5.810027667761950e+04, 5.143686949061549e+04, -2.889357117277517e+04, 2.956844069075042e+04, -1.252682339751296e+01, -2.160651538932604e+02, 1.384633192181573e+02, 6.400313093538756e+01, 2.262754932451307e+02, 1.783266246432137e+02, -3.853092315524020e+01, -5.014324171958005e+01, 3.087661627479486e+01, -8.480469992072901e+01, -2.921560309332845e+02, 1.010112363326444e+02, -1.994740028953842e+03, -8.451993637169101e+02, 7.022386943503561e+01, -3.799175292487645e+02, 2.752352673915269e+03, -2.860721818684367e+02, -1.506309074883583e+02, 1.516661070324550e+03, 1.717016517791151e+03, -1.899204925357860e+02, -4.480842505558769e+02, -2.011521821530149e+02, 1.235911703531188e+00, 9.650000145157314e+00, 6.264716333840712e+00, -5.334137827532911e+00, -3.742617901975343e+00, -4.154969678683821e+00, 5.839642914979413e-01, -6.510443167300579e-01, -3.384465706953918e+00, 2.200814924728155e+00, 1.397517035679011e+00, -2.097544188886842e+01, 7.062387990268039e+00, -2.703637498841503e+00, -3.597027027285943e+00, -1.365559209155632e+01, -3.569459553706830e+01, -5.601339482350756e+00, -4.653046642071232e+00, 1.964055144370076e-02, -3.655407190022568e+00, 1.030080272749905e+01, 8.493125878772203e-01, -1.149858693980048e+00, -1.470170767256380e+00, 3.616934186743478e+00, -3.386787537530609e-01, -3.390352616158361e+00, 9.097002855271561e-01, 1.133839339954048e+00, 1.342190689428976e+00, 1.081877557640532e+00, 9.129311113126141e-01, 3.399405851265260e-02, -1.294393596166219e+00, -1.406967281832645e-01, -2.300102196607549e+00, -1.409259556658755e+00, 5.470004944279393e-01, 2.877705286068344e-01, 1.453482201043516e+00, -1.059050562688299e+00, -1.805885938051180e+00, -3.117788638423620e-01, -1.462649724734776e+00, -9.810999644858566e-01, 5.213819650451659e-01, 1.891387543210791e-01, 1.795793509506713e-01, -1.412258218051379e+00, -1.145606117861637e+00, 2.926244274362241e-01, -2.085150783609260e+00, -9.503787063462018e-01, -1.352751804893933e-01, -4.572489339830527e-02, -1.748142662955112e-01, 2.882566459065495e-03, 1.560315856579803e-01, 2.857446916505995e-01, 2.457702553633430e-01, 8.281473187147448e-01, 3.549100749202252e-01, 2.467653215722988e-01, -6.789512400259797e-01, -1.310541024200815e+00, -9.490796943964272e-02, 8.159787029517217e-01, -1.042697414341904e+00, -8.530979047002903e-01, -7.434148902837083e-01, -1.214906901115245e-01, -4.394497488892543e+00, 6.948197938903845e-01, 1.050100811047006e+00, -7.807776183796569e-01, 4.221783939102698e-01, -4.693052230474737e-02, -5.439527216648984e-01, -3.060207135903473e-01, -2.632368868341878e-01, -1.516802961241186e-01, -7.114882671395326e-02, -1.102793800578675e-01, -7.392250016790012e-01, 1.607711627792683e-01, -1.121269269366661e-01, -3.817588437371864e-01, 2.319921983777121e-01, 1.137237516400222e+00, -8.994278283458832e-01, -7.460622621933912e-01, -8.298132352940991e-01, 2.431472558177318e-01, 4.521893767525214e-01, -2.633617201244137e-01, 1.364410167796244e+00, -8.641604104678523e-01, -1.142234099987067e+00, 2.487593298685792e+00, -8.382767400504024e-01, 8.738649077100666e-01, 1.979942516649124e-01, 1.009716034830880e-01, -2.822301632758341e-01, -1.547525969534619e-01, 9.023959453670827e-02, 4.501403024127957e-01, 1.161365885616790e+00, 1.987981790160147e-01, -2.740172273289725e-01, 8.341348511292083e-01, -4.501284586272580e+02, -2.136278338294682e+04, -1.697103609534966e+03, 6.168772527913179e+03, 4.680718561705155e+03, -2.132273192269671e+01, 3.859029935006318e+03, 2.999349022049020e+03, 3.175831581946747e+03, 6.908861786888570e+03, -1.141317898222495e+05, -2.263714268085139e+04, -9.675389389823237e+02, 4.599498135769775e+04, -2.801501736240255e+03, -1.939755510693459e+02, 6.521262829346246e+03, 1.051917206502124e+04, -2.368736621671646e+04, -1.495456200577639e+04, -4.740810594682653e+04, -2.292111305375886e+04, -2.962383260693559e+04, 2.788850867093770e+04, -1.633284180213268e+01, -4.636224634052228e+01, 1.187469445763520e+00, -1.710782707629708e+02, 3.456757429619222e+01, 7.258322790687131e+01, -6.454019514753415e+01, -8.093726401971898e+00, -7.288036837042795e+01, -4.009271085159142e+01, -1.289861799904670e+03, 2.245137516700092e+03, -3.996599382296563e+02, 3.013371172915083e+03, -5.579956615989857e+01, 3.756219689075584e+02, 2.005478424537944e+03, -2.358119651112242e+03, 3.274303091358932e+02, 2.546311251551576e+02, -3.161724460261381e+02, 2.279680355837545e+03, 2.196006293388398e+03, 6.074592087270156e+02, 2.928773933745351e+00, -1.809567912884210e+01, 3.709772138577314e+01, 6.177058472794079e+00, 8.192120428402635e+00, -1.467137252261761e+00, 6.733655490166043e-01, -1.752822269120159e+00, 3.214623305004161e+00, 1.820278844495476e+00, 2.843289321086416e+01, -4.144679236424505e+01, -1.547704092953593e+01, -1.929092572073878e+01, -8.451693047735850e+00, -3.542010186609829e+01, -4.193194133746733e+01, 2.091322418386131e+01, -1.086871189555116e+01, -4.858972862620032e+00, 5.992389694818542e+00, -8.359804744462538e+00, -1.271047593262018e+01, -6.932651313124465e+00, -3.735981734798986e+00, 1.931245658144041e+00, -2.844562527898128e+00, -1.145003312657875e+00, 2.052230415507712e-01, -5.922270041752439e-01, -2.637358472473519e-01, 8.612459873366761e-02, -4.635000678092399e-01, -1.101393308910723e-01, -2.451301300383775e-01, 8.852533933392701e-01, -1.433141302234036e+00, 7.922647444594131e-01, 6.889070575529121e-01, -1.213183873982047e+00, -1.227768579035880e+00, -1.229471791363271e+00, 2.482156816757614e-01, 1.141269898114814e+00, -6.977008433930991e-01, 6.065344316918495e-01, 2.659566886624761e-01, 7.191515322041699e-01, -3.151898154742950e+00, 2.683480491421313e+00, 1.021959696240135e+00, 1.731930515587587e+00, 1.243686989854000e-01, 3.210370785787283e-01, 3.346043036599799e-02, -1.027457350638032e-01, 2.298376959054128e-01, 1.172970089720130e-01, -5.367210574339155e-01, -4.407972373710817e-01, 9.470071045192763e-01, -2.007047364250506e-01, -2.111125497724004e-01, -1.851451503113258e+00, 4.796323565794825e-02, -7.869932139883030e-01, -3.859527516970327e-01, -4.200916551725827e-01, -6.430651116792711e-01, -2.771692087958168e-02, 4.677388040804572e-01, -1.962496970670927e-01, -1.562130698454555e+00, 4.928456756247142e-01, 4.657770206196319e+00, 1.578133565404491e+00, -2.111804208042283e+00, -1.036128498799802e+00, 6.250497158915756e-02, 7.026723881904402e-02, -3.665093564758464e-02, 8.623360698702230e-02, -8.757377144410644e-02, -2.197642548264735e+00, 7.714303857868784e-01, 1.131210213223038e+00, 5.630641128840849e-01, -2.687142252288895e+00, -2.577016318433595e+00, 1.447699677867206e+00, 2.673802818881304e-01, 3.743872100129348e-01, -1.101457371266548e+00, -4.524448425826674e-02, 1.183005822133410e-01, 5.320016101788708e-02, 2.970701072869826e-01, 4.342586184231917e-01, -8.789776321164736e-01, 2.722213250260540e-02, 2.235432954595762e+00, 1.978891906262879e+00, 3.146652977980683e-01, -4.722454525895720e-02, 1.904361018069956e-01, 1.109996831614464e-01, -8.781849624675572e-02, 4.071967059717498e-02, 3.061647663081780e-02, -1.052075916665832e+00, -1.120283208034381e+00, -1.622606239217666e+00, 4.768104513823302e-01, 9.328579347296501e+02, 2.253284267105771e+03, -1.591848585009902e+04, 1.694976569377969e+04, -5.241385439353243e+03, 3.942534503636736e+03, 7.670025263822899e+02, 2.797418912249200e+03, -5.650513529159968e+03, 3.415741758197803e+03, -1.232496417326492e+02, -2.208684112569626e+04, -2.983689682056413e+04, -1.556013172656587e+04, -3.878717951938378e+03, -1.419603532315572e+04, -9.669948912246082e+03, -1.018296120418825e+04, -1.967232464749155e+04, -1.932783756906118e+04, 1.106065883205634e+04, 2.194578366108419e+04, 1.127068823841359e+04, 5.245838651781902e+03, 1.260055036920282e+01, 2.247299841249735e+02, 5.591572998147809e+02, -3.768530476338267e+02, 1.441460400364679e+02, 2.812030234048394e+02, 7.733280315497697e+01, 5.657416588469054e+01, 1.426957384730178e+02, -3.941238993104125e+01, -4.102882106207495e+02, 1.029120317116837e+03, 7.159262991130357e+02, 4.311212848189925e+02, 8.154588029183006e+02, 1.538141649194735e+03, 6.858011803521894e+02, -4.026030985773590e+03, 2.334832893854340e+03, -1.627481255211113e+03, -7.101371605231611e+02, 9.067101014722474e+02, -1.273064785876587e+03, 8.336042763963485e+02, 1.654668851583581e+01, -6.586991589640355e+00, 6.617149504361409e+00, -2.172224384298805e+01, -8.187335568629777e+00, 8.674173491935910e+00, 5.610592349258969e+00, 4.227604379524174e+00, -1.778985380049595e+00, 2.973965851753896e+00, 5.582089952033096e+00, -4.632465547851007e+01, -3.546043336392103e+01, -1.145011997409193e+01, -1.184228618104767e+01, -3.459526590671082e+01, -6.718803099169824e+00, 2.212822564023647e+01, -3.863772417123609e+01, -1.239512812785063e+01, 9.674923313453599e+00, 1.789738325517211e+00, 9.485271936398227e+00, -2.796144322851703e+00, -1.919063735462369e+00, -4.022373603199578e-01, -3.024759956274591e+00, 9.794190529416782e-01, -1.193285709773821e+00, 9.132427334349911e-01, 6.667611137340056e-01, 1.813041992724568e-01, 3.228656206694845e-01, -2.247955423219532e-01, -1.227458616478821e-01, 1.110848698449576e+00, 1.770477477923484e+00, 2.122556794702715e-01, 6.110181032170307e-01, 1.667202669854336e+00, -2.839667637256882e-01, -3.746714384544369e-01, 5.792574625476239e-01, -1.679360349942595e-01, -1.051745422842338e+00, 8.401511496338961e-01, 1.345533611835950e-01, 2.643161372768551e-01, -4.244862756411221e+00, 1.990761578216363e+00, 1.508548333795952e+00, 2.014138871148052e+00, 1.140113137668960e+00, -1.491557942785682e+00, -8.570285368727981e-02, 8.393431000286311e-02, -4.199925862627676e-03, -5.257837244600240e-02, -2.753459044382824e-01, -2.752935700425738e-01, 6.728872303237046e-01, -4.091490814337352e-01, 3.931458325311218e-01, -1.211142415914548e+00, -8.262348832143764e-01, -2.039029749999435e+00, 3.519162890319414e-02, 2.480839389022260e+00, -5.201657971219923e-01, -5.167868198043832e-01, 4.227287754532544e-01, -1.903646941633489e-02, 1.169224004525858e+00, -2.437713735187192e-01, 8.774328054620711e-02, -3.432071331753210e-01, 2.858392565537262e-01, 1.296500752536992e+00, -1.206059016780763e-01, -7.325208078857137e-02, 2.851661004935404e-02, -7.676365763052775e-02, -2.721627501513053e-02, -3.687776997482858e-01, 1.656290652354752e-02, -2.237205108084408e-01, -6.246651754380556e-01, -5.925590192113339e-01, -7.844298755717972e-01, 1.213541908239345e+00, -3.575765062664303e-01, -5.921824089367344e-01, -9.565007312510142e-01, 7.842101325343248e-02, 7.740730355442007e-01, 1.865339726828864e-03, -1.738389521130996e-01, -6.701845981355341e-01, -8.680570371883778e-01, 1.284081278368517e+00, 7.578198204801150e-01, -1.525697126041307e+00, -2.103659242591565e-01, 3.143671325290479e-02, -3.972192743206242e-02, 2.369018328439667e-01, 2.068540797902159e-01, 3.811711247561198e-01, 2.837195964600345e-01, -2.208087020186186e-01, 1.025933117181064e+00, -8.585389323885284e-01, -2.232590098893898e+00, 1.428014978186358e+00, -6.782381650563977e+01, 6.047179962594522e+02, -9.249511972611279e+03, 2.822929253267212e+03, 5.237235112463552e+03, -5.811420384284073e+03, 3.620180036830914e+03, 3.512791321571444e+02, 1.288700354116518e+03, -1.869810319162900e+03, -3.749968489246279e+04, -9.489016346706091e+04, -1.539161355349047e+04, -8.119075963172431e+03, -1.072386240442133e+04, -4.567601352496165e+04, -1.368341446122635e+04, -2.577329930282781e+04, -4.051100872796434e+04, -1.915149694299035e+04, 2.992567762635793e+03, -1.096318574964768e+04, -2.575616370823005e+04, 2.045256955205877e+04, -1.759164457654388e+01, 2.789046971224698e+01, 1.168321560464500e+02, 3.095888767481489e+02, 1.618493675760144e+02, -1.024237539280437e+01, 1.066131747011764e+02, 1.176497619396542e+02, 6.197149179503595e+01, 3.006238201041602e+01, -1.872991921858748e+01, 1.908708166589766e+03, 4.895389363684756e+02, 3.273873575329933e+02, 7.832739242437266e+01, 5.404378662645134e+02, -6.693123855775867e+02, -8.472860081047145e+02, -4.354206917668513e+02, 6.996830300641222e+02, -2.300711886309681e+02, 5.895382076557299e+02, 6.835892660724372e+02, -1.601610404665210e+02, -2.178062807149876e+00, 1.448131135024886e+00, 1.633021133745766e+00, 4.836881458629198e+00, -8.323274117516477e-01, -1.574176885669551e+00, -2.857404750632022e+00, -2.718095778280331e+00, -2.519401590355534e+00, 2.800949078429422e-01, 1.602738209253840e+00, 7.130516939608680e-01, 5.916182290946995e+00, -5.617577565833158e+00, 1.326544059189730e+00, -4.981190890044687e-01, -1.347572877806513e+01, -2.062107261466759e+00, 9.139999635508847e+00, 3.579543426038937e+00, 6.870752158379648e+00, -2.670260792754822e+00, -8.403600130599276e+00, 2.467474684208167e+00, 2.401664329608149e+00, 1.122240849417864e+00, 5.896914563204020e-01, 4.030340387437209e-01, -4.982868129689950e-01, 6.945251991950362e-01, 4.002182185863994e-01, 3.394506799509104e-01, 3.647313866202708e-01, -7.291815260161652e-02, -4.444490858530332e-01, -1.114871913192138e+00, 1.056644521339640e+00, 9.884286949561223e-02, -1.620318097316957e-01, -1.463363551834551e+00, -2.723828135507092e-01, 4.257613188727857e-02, 7.935488209327742e-02, 3.325946951667125e-01, -7.688111856320592e-02, 1.411138148355618e-01, 1.092199755295207e-01, -2.060037978789232e-01, -1.745987682749333e-01, -5.564071005204828e-01, 4.328495193370047e-01, 5.078648650765590e-01, 4.029744987846811e-01, -2.794931562671323e-01, 4.911473199788353e-02, 6.803662858303738e-02, 7.856651237828952e-03, 1.364167809746745e-01, 1.226279318959398e-01, -6.397357480273189e-02, 1.090632483429692e-01, -1.626248986287315e-01, 1.388248820859430e-01, -6.874278860946228e-01, -1.684402763923418e+00, -4.903685171477203e-01, -3.239676476980439e-01, 9.455365324961512e-02, 5.648614543979238e-01, -3.071482305831254e-01, 1.224202330258923e-01, -1.706321497513886e-02, 7.360625371448237e-01, -3.568319958577413e-01, -7.398190235742053e-01, -2.500809792834985e-01, -7.451185514970593e-02, -4.259591180115553e-01, -2.242486729431160e-01, -4.953024417083289e-02, -1.632910820660845e-01, -4.402811572090235e-02, 1.092811854392993e-01, 3.899124800655309e-01, -1.823424541495554e-01, 1.734638131947971e-01, 2.438816080261524e-01, 8.852203793121771e-02, 9.666060150274255e-01, -3.790149405073681e-01, 1.287625553223002e-01, -1.536206407537707e-01, 1.918417480102928e-01, -2.490326331007700e-01, 3.082834699770665e-01, 1.221701875738965e-01, -6.331572331560249e-02, 4.266217189079430e-01, 2.206185240766228e-01, 7.606470777024213e-01, -7.029220639343256e-02, 4.664445156220450e-01, 2.421876790515896e-01, 3.770886110860338e-03, 1.503765056591980e-01, 7.488504540429968e-03, -1.178109051791743e-01, 7.925828161917554e-02, 5.383478219166346e-01, -1.531992806920077e-01, -2.095719515459938e-01, 1.206833199625675e+00, 2.719578479893842e-01, 1.933370601212213e+00, 2.263906700864909e-02, -2.795309044125198e+02, -2.630841150685220e+04, 2.626704965945312e+04, -1.639613456020010e+04, 3.096372062486507e+03, 1.135426314569601e+04, -8.538248939858335e+03, 2.218714842115526e+03, 4.043345017727669e+02, -7.608168559389219e+03, -8.316335169084059e+03, 1.055210577737679e+05, 2.223501243688550e+04, -7.411618866626224e+03, 5.940622098199243e+03, 3.872465933795478e+04, 2.293056160595021e+04, 2.611014051257996e+04, 3.070198604495124e+04, 2.981070236369485e+04, 3.890075217503788e+02, -1.164858482236140e+04, 1.722664768868875e+04, -1.485082866032814e+04, -2.822082565935119e+01, -2.998992505444859e+01, 3.174644697568701e+02, 4.221141848778042e+02, 1.682863010775672e+02, -2.535740575364518e+02, 2.299207338591884e+02, 7.197059428989868e+01, 6.749826321149661e+01, 1.443418006876903e+02, 7.036507629055396e+02, 1.609893411554668e+03, -5.162875515128757e+02, -1.742284194539918e+02, -2.851908119849401e+01, -1.987071448337455e+02, -3.282821438458893e+03, -1.128079542683462e+03, -1.408801382034505e+03, 1.291713342551468e+03, -7.527580517917206e+02, 8.024708620199416e+02, -4.485180984105577e+02, 9.173123500366528e+01, -4.899575850622948e+00, 7.617558791794841e+00, 6.604550852931787e+00, 3.032016285115573e-01, 1.612045721433937e-01, -2.102019743240557e-01, -7.142170789171972e+00, -2.908110256695665e+00, -3.341075358627919e+00, -5.718248139530083e+00, -7.714218908396687e+00, -2.255485699397028e+01, 1.347525063056092e+01, 3.902342334383555e+00, -1.562640431367086e+00, -4.760191485514158e+00, 1.395247600979372e+01, -2.684109142721323e+01, 5.173975146112723e+00, 1.253655563721066e+01, -6.101100345985899e+00, -7.749486919139482e+00, 6.672001802059182e+00, -2.230849126328557e+00, 7.496966814932160e+00, -1.213101388546514e+00, -2.718705472397337e+00, -2.660944447414401e-02, -2.932025748948679e+00, -2.344728289774906e-01, 6.009327451471937e-01, 2.528450017053757e-01, -1.681618794044346e-02, 3.871607212138843e-01, 9.634699408780256e-02, 1.524222328958266e+00, -4.679008652125432e-02, 1.392962201044567e+00, 7.406221089073250e-01, -1.008351033440660e+00, -1.832266922866526e+00, 9.660659228531374e-01, -4.789528626793256e-02, -9.996570336984886e-01, 2.581043802001936e-01, -3.904918298702387e-01, -9.956823041709493e-01, 2.432632273798111e-01, -4.397617619180983e-01, 5.008073953196107e-01, -4.801690915200071e-01, -7.943464876595445e-01, 6.174842872583118e-01, 9.311068573429200e-01, 2.810844068087713e-01, 9.463709475048555e-02, -7.858568129129861e-03, -1.766558037673453e-01, -1.361341271207669e-01, 1.261076183452543e-01, -1.953287482437417e-01, -3.278025416213749e-01, -2.350405196510773e-01, -1.162346763332403e+00, -1.604820611652995e+00, -8.749212635516239e-01, 1.244053822731903e-01, 3.421139229196678e-01, 2.454908039983497e-01, 1.330406264112226e-01, 1.684095340863552e-01, -2.641585639724817e-01, 1.123720797742443e+00, -3.055874574152861e-01, 5.642721435602292e-03, 8.509303812499825e-01, -1.280801504483395e-01, -4.413377789629065e-01, -5.177476060262876e-01, -2.973479589947957e-01, -3.229612983520411e-01, -1.440016389217103e-01, 5.400121871548841e-02, -5.588837526788645e-02, 1.740537219837900e-01, 2.421454892679544e-01, -4.133442135653040e-04, 8.191951409456559e-01, 2.434651325051802e+00, 5.282490934855187e-01, 8.882493188169502e-02, 1.898571334127026e-01, -4.353882326388000e-01, -6.601075576651594e-02, -2.768153845684281e-01, 2.182786924500068e-01, 1.332714575453917e+00, 1.324312764460777e-01, 9.182530324098445e-01, -1.376553837046058e+00, -1.909737137282282e+00, 1.136120486335570e+00, 1.656692479913664e-01, -2.288705179588696e-01, 4.685504734583896e-02, -1.272270742726995e-01, 1.899412989770213e-02, -3.246861002913101e-02, -4.640962453495607e-01, 1.124119520668574e+00, -4.702733151438789e-01, -3.352301717764734e-01, -1.290167503442236e+00, 1.307069836840345e+00, -2.361773426845931e-01, -5.674558092877130e-01, 4.056590467357868e+02, 1.032883839497280e+02, -4.758668824989544e+02, 6.603764589178052e+03, 2.198451784902514e+02, -8.254568622685263e+03, 6.438223168653643e+03, -2.882829335965731e+02, -2.499087126649246e+03, 3.374076428480250e+03, -1.610290071147992e+04, -4.749795141522001e+04, 3.853990168797404e+04, -4.171044830337340e+03, -1.733391532224394e+04, -2.001949310047023e+04, -1.279269284566891e+04, 1.004952268483895e+02, -2.175820685810378e+03, 5.866751968869869e+03, -6.864730081210042e+03, -1.511693047046745e+04, -4.718463297636900e+03, 3.905394196742703e+04, 1.093992558994108e+01, -9.556621403860777e+01, 1.572884198042081e+02, 1.606011725255988e+02, 4.715570590504045e-01, -2.470774742340302e+01, 2.246423728904265e+01, 7.413752856754103e+01, 1.169080491647943e+02, -7.667373297070254e+00, -4.471340194222133e+02, -5.497398820457514e+02, -1.219543783156876e+03, -1.287773592829463e+02, -5.890708738155446e+02, 8.554013589890527e+02, -1.756681803590290e+03, 5.026337530255267e+02, -1.270139986014704e+01, 4.280370713425442e+02, -3.030751505193303e+02, -1.369384458760489e+03, -3.532767309370355e+02, -3.482504329183132e+02, -4.804395623237184e+00, -5.741760454455547e-01, -1.188077106898937e+00, -3.551552896022633e-01, 9.909960331212449e+00, 6.364843821688734e+00, 3.177699567405693e+00, 4.487632392342338e-01, -3.567923250221013e+00, 3.538503384946496e-01, 3.749355395993114e+00, 8.548409156852523e+00, 1.053768274391549e+00, -1.094458346755219e+01, -2.135893282338307e+00, -9.596679721790688e+00, -1.111516167075361e+01, -1.132664489047357e+01, 7.255166448181273e+00, 3.935977513327483e+00, 1.625882497880731e+01, 6.893781459735493e+00, -6.031133736060518e-01, 1.348824384080329e+00, -9.246567713599002e-01, -1.771895666098133e+00, 3.357302393113183e+00, 7.570533819401921e-01, 1.741718796431848e+00, -1.405919768240097e+00, -7.638785195182966e-01, -9.160570219466565e-03, 5.539853143832214e-01, 1.210881756804214e-01, 1.083231587672262e+00, -1.360023837249387e+00, -6.007441814297532e-01, -5.601982927597848e-01, -2.616072664360702e-01, -1.579833680029143e+00, -1.662638302891556e+00, -1.390268663034490e+00, -8.733420331472520e-01, -6.635216352345891e-01, -1.053307284644385e-01, -2.791459623593173e-01, 1.488550373758035e+00, -8.886465175670175e-02, -2.943299155273517e+00, 3.853856104047489e-01, -4.501451893989982e-01, -1.273569114869419e-01, -2.980200196315240e-01, -4.350961121038615e-01, -3.740889312395739e-01, -4.881933677164963e-01, -4.151654006174436e-01, -1.935931501695320e-01, -1.416664501476353e-02, 2.727791090704570e-01, -3.437489904744424e-01, 4.131810318412715e-01, -1.625416650727891e-02, 1.116158345052963e+00, 1.511687735636449e+00, 8.720078468378462e-01, 5.977575239026400e-01, 1.677275448752864e-01, -9.301769778987210e-01, 4.147303772444073e-02, -1.897849358614820e-01, -2.642244131565156e-01, -1.454532484942787e+00, 1.002018320050866e+00, -2.435416886601850e+00, -1.666216075887424e-01, 6.962435822166391e-01, -2.880465333592839e-01, -6.371001659681703e-02, 7.826810700443293e-02, 9.711041448940964e-03, -2.171486501995782e-02, -1.700733259286557e-01, 1.530725696865771e+00, -9.290942904947354e-02, -1.332672243629671e-01, 2.832672667110914e-02, 8.760088793671674e-01, 8.237254876185863e-01, -4.791473003715829e-01, -3.348696964572938e-01, -1.851403193138666e-01, -4.199149098400303e-01, -2.426236785273112e-01, 5.012925309183018e-01, 1.559938923632867e-01, -6.942560310582765e-01, -9.117652507270303e-01, 9.891310051658733e-01, -1.118461851410928e+00, 1.324958750278692e-01, -6.936925790588330e-02, 1.106894555739933e-01, 4.019836792152814e-02, 5.701392897450562e-02, -1.239994226014429e-01, 2.409076524199844e-01, -5.705880633498724e-01, -5.977884379350038e-01, -9.860058662071758e-02, 9.033344738168748e-02, 5.928361159957072e-01, 1.292451966354329e+00, 9.562115276738588e-01, -5.211358201439195e-01, -9.840463052079791e-01, -2.154126567503769e-02, 1.636634531713205e+02, -5.132495913132301e+03, 1.065661823116411e+04, -4.925131487248895e+03, 5.466200450788289e+03, 8.521887577671478e+03, 3.182608012738461e+03, -4.750280340741999e+03, -5.760291532654455e+02, 2.266112719921020e+03, -9.451316675098406e+04, 8.260610767434932e+04, -1.114458430136980e+04, 1.698284071067226e+03, 1.082111285676129e+04, 4.153219331344964e+04, 1.089389895477180e+04, 1.262570938142190e+04, 3.583396702212271e+04, 1.165328311156329e+04, 5.878637476182738e+03, 1.071380033416093e+04, 1.271628964493275e+04, -1.541511413787224e+04, 7.846281088945260e+01, -3.505154047925857e+02, -2.977555703061598e+02, -3.719778366537267e+02, -1.348399177539109e+02, 1.735052817951389e+01, -1.224665302341683e+02, -3.821779057331005e+01, -6.031627020446438e+01, -5.548705723501133e+01, 7.542899347361515e+02, 6.305327399012157e+02, 3.303410053016837e+02, 7.122726327244591e+02, 3.865834075961088e+02, -3.288499686778354e+02, 1.317758677071171e+03, -7.839067459848968e+02, 7.104217843522786e+02, -1.894478235429252e+03, 2.838400790401377e+02, -2.833479236729999e+02, 3.862375605561696e+02, 4.221851802663144e+02, -1.187770582452024e+01, -1.679935321907351e+00, 3.195784086187661e+00, -1.939127251683675e+00, 1.131229096427007e-01, 1.469262202325543e+00, 3.753105122129182e+00, 2.430292593620725e+00, 3.524567089430402e+00, 2.437640725065681e+00, 3.857425519021687e-01, -5.447425449824522e+00, -2.303523939068202e+01, 3.591972574375477e+00, -7.304710509017138e+00, 1.602939062770917e+01, -3.423017877439475e+00, 9.043593147640447e+00, -9.414038987944537e+00, 1.678624308333048e+01, -9.224289383107291e+00, 8.014921846214374e+00, 1.880353627891870e+00, -2.307252976809740e+00, 7.694834437892752e-01, -1.971135350495058e-01, -1.021996190421432e+00, -1.305747087290714e+00, -9.265111072879695e-01, 6.112275103973588e-01, -6.299917253338453e-01, -3.967262825892806e-01, -6.534263506052316e-01, -3.129808822026292e-01, -1.898046286693031e-02, 7.838041496950090e-01, -4.575884466323170e-01, 4.987727389422471e-01, -3.489986045454069e-01, 8.390612019319451e-01, 1.556996646469138e+00, 2.641464797881776e-02, 5.181030503742227e-02, -1.267877711215357e+00, 9.236523012613096e-03, 2.377330018472475e-01, -5.415566065915637e-01, 1.153525702393639e-01, -7.384661647748345e-01, 4.463916587864428e-01, 9.888854262913173e-01, 1.335549335154808e+00, -7.842588624607534e-01, -1.436536854333890e-01, 2.386360438457377e-01, 1.615197926616428e-01, 2.302079218489584e-01, 1.446457446699599e-01, -1.005453769013897e-01, -5.758254846131321e-01, 4.765673165739182e-01, 4.440572586954863e-01, 1.967830227303421e-01, 8.516531966408811e-02, -9.515280077908773e-02, 8.758632193997158e-01, 7.182394138370599e-02, 7.453824818214901e-01, 6.541312192825167e-02, -2.011254386194257e-01, -5.038963652554597e-01, 1.169569263224236e-01, 9.280119234535536e-02, -6.640285657724285e-01, -3.682213788956129e-01, -8.962779266884590e-01, 3.806046163938427e-01, 3.156692063648120e-01, -3.062854596662498e-01, 1.152556307352330e-02, 7.563828410963267e-04, 3.759276409660232e-02, 1.318277484141120e-01, 2.966413713909868e-01, -3.956012541568359e-01, -1.488759656547933e-01, -1.547063327029876e-01, 5.902753346280237e-01, 5.562868614034086e-01, 6.723462508523030e-01, -1.068194853775008e-01, -5.888965818508437e-01, -2.549105120277222e-01, 3.589155071365570e-01, 1.471756589824777e-01, -4.968246288533008e-02, 2.684036256788927e+00, -1.667731501269332e+00, 1.487637543617348e+00, 1.091249770082586e+00, -1.847543213693027e+00, 4.548955827230945e-03, 6.906679819415891e-02, -1.990557129389341e-01, 2.898211334521259e-02, 8.881651785501954e-02, 2.990182173686805e-01, -9.020409097707253e-01, 4.662698569360489e-01, 9.742741941455387e-01, 1.325412285456843e-02, 5.920797114464033e-01, -1.691583487026934e-02, 8.556082958425633e-01, -1.480352004727808e-02, 1.179115353821023e-01, 7.231208023595024e-01, 4.497252320640726e-02, 5.090282664005058e+02, -5.426786030539077e+03, -1.547269983010803e+04, 1.348697265772487e+04, -6.093287783492977e+03, -3.205769682995027e+03, -1.385147434771706e+03, -2.561579118532750e+03, -4.367031174627083e+03, 1.149976059124936e+04, 4.744098539368116e+04, 2.103171494370195e+04, 1.333727911752739e+04, 7.124817968995310e+04, 2.498764625112903e+04, -3.249835500495597e+04, 3.286890369726916e+04, 9.651863444689472e+03, -3.975939390104794e+04, 3.102386837939234e+04, -1.403639897310097e+04, -5.421932363353082e+04, -3.751087691933441e+04, -2.894133680270465e+04, 4.872004153775151e+01, -2.982589477591381e+02, -3.162316645788138e+02, -5.804603974829503e+02, 1.817125886078317e+02, 2.012541037823669e+02, -3.739861492869882e+01, -5.934024071990763e+01, 3.380194927488635e+01, -1.134334074382770e+02, 1.367697892358923e+03, 8.379181932760451e+01, -9.603245392834332e+01, -4.615418802934915e+02, -1.959481507771810e+02, 1.197944883437908e+03, -1.271428912016964e+03, 1.565493024971047e+03, -3.485479233678378e+02, -2.029527763381092e+02, -1.033837034212989e+03, 8.865489409691821e+02, 8.129921727662294e+02, -3.808740470481562e+02, 7.970088186529835e+00, 2.065209986564088e+00, -1.814867125645242e+01, -1.827172932227158e+01, -1.096374092634890e+01, 1.239670232567596e+01, 1.781619375302071e-01, 6.732058510030577e-01, -2.687186230896990e+00, 2.700967318939499e+00, -1.354210843290040e+01, 1.449516818048527e+01, -1.616298282542505e+01, -5.876975907592170e+00, -1.389742474608603e+01, 2.226186157391056e+01, 2.555768629758711e+01, 1.466083968780547e+01, -7.910571838534604e+00, -2.940027175014420e+01, 1.528656662145086e+01, 9.249682902715989e+00, -5.558403025915314e+00, 2.470999852408157e+00, 2.223967037867014e+00, -6.808683200194444e-01, 1.597229525711702e+00, 7.118173814802325e-01, -1.036111466596674e+00, 7.963139819405968e-01, 1.290127442624929e+00, 8.424562984300139e-01, 9.379062090394605e-01, -4.739312722882115e-02, 9.059395698285594e-02, -1.435673686649976e+00, 8.377286451144982e-01, 4.118719654938147e-01, 1.514041503172326e-01, -7.817859668698103e-01, -2.000603372380976e+00, 4.229916601176965e-01, -5.203171063462767e-01, 1.119847119226381e+00, -1.285397787689274e+00, 5.835162355689967e-01, 2.746847792499987e-01, 9.161256789655934e-03, -3.399445403113615e-01, -3.279861381883409e-01, -1.301092460727050e+00, -7.594714747243141e-01, 4.777369694594303e-01, -2.523065018573470e-01, -1.210854466817783e-01, -4.387186175996183e-02, -1.132599585882532e-01, 6.472073075141789e-02, 2.555599617435881e-02, 5.026786557677518e-01, -3.726058397992191e-01, -1.965433596052781e-01, 1.142679372762784e-01, -6.600609904962681e-01, -4.734434902398118e-01, 9.787096591967104e-04, -4.922896081893045e-01, -4.512333821454376e-01, 8.839884584432156e-01, 2.843384858637862e-02, -3.364561804209280e-01, -6.331870540711984e-02, 1.485414715530114e+00, -5.150364802490192e-02, -8.027910840802586e-01, -1.804441376514896e+00, 3.755379120535518e-01, -5.012815380012690e-02, 1.100800861126673e-01, 1.487272119838355e-01, 8.463167983244023e-02, 4.445016635306989e-03, -2.593063737671534e-02, 6.319922946497701e-01, -9.756033132505880e-01, -2.406560448122573e-01, 1.010466533807360e-01, 4.430667221784783e-01, -6.348387800548531e-02, -3.540790470768633e-01, 2.965977094470688e-01, 6.699792978011299e-02, -1.118811705791367e-01, -2.232722784284781e-01, 1.759311925785461e-02, -9.317423654087416e-02, 5.938411860534789e-01, -2.089889827049291e-02, 1.195306276128992e+00, -1.439925630353793e+00, 1.236870003004018e-01, -7.888570073513799e-01, 2.234728560295606e-01, 9.316674521271967e-02, 2.384999555308100e-01, 8.821287108159133e-02, -6.086156709349342e-02, -6.672260040426540e-01, -7.825819381421324e-01, -1.476589081357529e-01, 4.875978933628080e-01, -1.240389864311398e+00, 1.457017239173539e+00, 5.109013579463147e-01, -4.888659118317016e-01, 1.605111546409623e-01, 3.203944871729383e-02, 1.050184383062315e-01, 2.962613812441917e-01, 6.105944127523752e+02, -6.914662547813317e+03, 1.168764050858988e+03, -5.309971822239717e+03, -1.399886847803414e+03, -5.270429219434376e+03, 3.079363685110486e+02, -2.308652330022483e+03, 3.773025096306701e+03, -6.290573215147380e+02, 1.497682831589749e+04, -4.176594510962248e+04, -2.706572222331961e+03, 4.224440522575485e+04, 1.164821758510963e+04, -5.347358554497610e+04, 1.093878980050146e+04, 4.423486565438841e+03, -2.308514139107273e+03, 1.244622642421614e+04, -3.325354668678721e+04, -5.591451475747584e+03, -2.999256617523756e+04, -1.075922168331444e+04, -5.153970239301144e+00, -1.555463568753280e+01, -1.120787627460103e+01, 1.448548179511555e+01, -7.740565195529519e+00, 1.100773157264497e+02, 5.877678747081155e+01, 4.230502219611039e+01, -2.553178738046659e+01, 9.909097349300845e+00, 4.283587181008412e+01, 5.208000333529736e+02, -5.483135646444683e+02, -2.458649227074880e+01, 2.224970715108800e+02, 1.019889131773332e+03, -1.329621049105134e+03, -8.097619290899850e+01, -5.730107221907123e+02, 7.825342462457020e+02, -4.408135325798497e+02, 1.989934572245280e+02, -2.489613145482790e+02, 1.518384072797350e+02, -5.099615090134907e+00, 1.852655519876903e+00, 7.928687796729735e+00, -3.424790240187037e-01, 3.181417619007103e-01, 7.781464659468302e-01, -1.254247942808163e+00, -4.032551314580470e-02, 1.406055640759279e+00, 2.520863953256997e-02, 1.820023272658719e-01, -1.462096628483069e+01, 6.231509900736644e+00, 9.498672961220836e-01, -3.324116165303847e+00, -1.729959209876460e+01, -1.798454122948942e-01, 4.134877548706986e+00, 3.149755703841493e+00, -9.421123969011736e+00, 4.495988974872757e+00, 1.670689903909790e+00, 3.220398648520993e+00, -1.881835307348259e-02, 2.989294046793459e-01, 2.163489874439781e-02, 1.016163807662995e+00, -1.819110415166718e-01, 3.846506019491388e-01, -1.185226837566743e-01, -3.884451300201736e-02, -2.250076038403763e-01, -3.160939842462259e-01, -6.564641622176801e-02, -1.006362418926948e-02, -8.768378903335440e-01, -7.346182673806273e-01, -6.241987885138676e-02, -8.274209332836353e-02, -1.738398299130504e-01, -1.378096724086797e+00, -6.003904444210580e-01, -6.194396406698461e-01, -1.819764351350742e-03, 3.951424306865798e-02, -4.783936155392998e-02, -4.074386966393288e-02, 1.170800149581041e-02, 9.397277012016557e-01, -2.839262340780067e-01, -2.817678516869281e-02, -5.343481839382845e-01, -3.435312764700262e-01, 1.424419949436666e-01, 7.388523353305503e-02, 1.140498851014686e-01, 6.766235570894120e-02, 1.247864494493182e-02, 6.706251535993775e-02, -4.928862531699200e-02, -1.804633421435733e-01, 1.404430729239830e-01, 2.621322521845695e-04, -3.985313633700199e-01, 3.578600232794216e-02, 3.188242920502026e-02, -2.926523472641330e-03, 2.246722806349800e-01, 5.651877363662708e-02, -3.428069711002849e-02, 2.017995764739305e-01, 2.327339330503299e-02, -5.316462234484250e-01, 2.804912642731432e-01, 4.132503837264825e-01, 8.777782155214973e-01, -2.789889963830338e-01, 1.730185843392731e-01, 4.969739692713342e-02, -4.533428299191518e-04, 8.627871162527887e-03, 1.499617116108334e-02, -5.984004720208447e-02, -2.717137653982554e-01, 4.758460978740948e-01, 1.053799020775978e-01, -3.762720504393151e-02, 2.283753723793453e-01, -1.083714946361544e-01, 6.340074833101154e-01, -2.556900446839608e-01, -4.347757480573385e-02, -2.830582589813305e-01, 1.064270723234480e-01, -6.876596439524178e-02, 3.532792551801159e-02, -1.595783533002121e-01, 1.798222896027593e-01, -3.728115218332786e-01, 2.381979585087745e-01, 3.300547253623716e-01, -4.265943292153949e-01, -5.348797918556607e-02, -4.382704985945107e-02, -2.680682902178248e-02, -1.304013474578203e-02, -1.860308159831538e-02, 1.924165130039464e-01, 1.792277472282623e-01, -1.559283172989903e-01, 2.081000535195663e-01, 1.156160476039919e-01, -5.817962841767483e-01, 1.247763422654599e-01, -1.214027608813308e-01, 4.037396436537331e-01, -4.570587248801156e-01, 1.691603531083046e-01, -3.339420041356522e-01, 2.715298749447825e-02, 2.905542801926937e-01, 1.215846787635897e+01, -1.897189490545352e+01, -7.502463195760821e+00, -4.359494479994060e+00, -1.759101749939399e+01, 2.454208676827912e+01, 2.497033131452626e+01, -1.317863266108572e+01, -1.097332250932309e+01, 1.211227831601418e+02, -9.930895000347986e+00, -4.928778823800617e+01, 1.038865884346365e+02, -6.990905894281410e+01, 7.385533444225483e+01, -3.737198625916276e+01, 2.476858559143966e+01, -1.743168228254937e+01, 5.444197849238591e+00, 4.074599049987437e+01, 3.946004081492048e+01, -5.853720305976927e+01, 4.410259436718312e+01, -1.398649444236771e+00, 4.594393104192906e+00, -1.129412289646208e+01, -3.097713385252765e+00, 1.346150469302708e+00, 9.134986591389346e-01, 6.607310565266584e+00, 1.051074230665101e+00, -4.843019135752555e-01, -2.009143363902074e+00, -2.806109366854146e+01, 7.553762278950122e+00, -4.050379333479619e+01, 1.123915121652763e+01, -1.648390950606703e+01, -5.259543386075210e+01, 3.497357740006252e+00, -3.402789619513077e+01, -1.979162688284877e+01, -1.880616826282332e+01, -9.578972014266567e+00, 1.581798070231860e+01, -2.028960412788061e+01, -8.208697996081662e+00, -6.426902000277991e-01, 1.800888988908143e+00, -5.928713518976071e-01, -2.142393252808801e+00, -1.547557297175011e-01, 1.504860530394334e+00, 6.036684428374807e-01, 6.610388284809993e-01, -5.127062939856001e-01, -2.622580942966750e-01, 1.858305377407353e-01, 5.328682699497555e+00, -5.102357100275436e+00, 1.247735753224200e+00, -2.580643210301254e+00, 9.622145865392532e+00, -1.040435542565527e+01, -6.864456691967193e+00, 3.581050730091247e+00, -2.392357439365500e+00, 2.325656871454986e+00, 2.276295677588824e+00, -3.880661888229585e-01, -1.000028381100704e+00, -1.658228235663229e-01, 1.842122192064343e-02, 4.985057156646998e-01, -1.940328489995548e+00, -2.543608284112683e-01, 5.714674575643981e-01, 4.142523893033049e-02, 1.361842322748542e-01, 1.686989806785717e-01, 4.576404632114372e-02, 5.375035701988204e-02, -3.116324372540210e-01, -1.628151325254541e+00, 3.336903131869105e-02, -1.038742995135845e-01, -6.425541738024553e+00, 2.138563923929842e-01, -1.860870500408480e+00, -9.915393948024737e-01, -3.390685120295245e+00, -1.299299758754344e+00, 9.658302444800428e-01, 4.553673185194927e-02, -5.453856089743898e-02, -4.581583914613970e-02, -1.162662319730176e-02, -1.140307095840027e-01, -4.505934302366394e-01, -3.388482805743224e-01, -1.716809823811147e-01, 5.505140667442123e-02, -2.141521487347598e-02, -5.371110129650090e-02, 1.128985496020901e-02, -9.575843654506850e-03, 1.054891850883181e-01, -7.338640185710784e-01, 1.122840296056859e-01, 4.568422524562754e-02, 2.412758673628363e-01, 1.502992156919723e+00, -3.062447994029414e+00, 1.809640673368122e-02, -3.057865620667282e-01, 4.000604225337977e-01, -3.192611069985549e-01, -6.155030504033366e-01, -1.413342622205376e-01, -1.520906584053869e-02, 8.808247364490670e-03, -7.361281233719240e-01, 4.085669316106370e-02, -1.410062216648237e-01, 1.275768548717478e-01, -3.611233024914628e-02, -2.989166412660952e-02, -1.378430899575483e-01, -1.680884263822125e-02, -3.494437203615928e-03, 8.490409138084830e-01, 2.802760130520448e-01, 1.586852599048458e-02, -2.916001738197184e-01, 7.139898602501236e-01, 1.418549841662253e+00, 2.917984109315512e-01, -4.531151379335516e-01, 2.877006292500833e-01, 3.352479990631753e-01, -6.826174551367589e-01, -2.982510292164322e-01, -7.202658206628695e-01, -4.649912778493540e-02, 8.567090577869526e-03, -8.952997716561757e-01, 2.161547659166326e-01, -1.304101499246198e-01, -2.700047603597786e-01, 3.625432897240062e-01, 1.162537232972599e-01, -1.512545836409999e-02, -3.659579858308954e-02, 1.444092533393423e-02, 3.602225538085701e-01, -1.972643667219607e-01, 3.889267986726607e-01, -2.516937116844287e-01, 3.300408108158044e+00, 8.091203950873486e-01, 1.115017721941945e+00, -5.849030606078611e-01, 1.686036087101870e+00, -2.246840936460595e+00, -2.022424139159290e+00, -6.118710373013690e-01, -5.416696588657293e-04, -4.791598813591710e-02, 3.973721011179838e+00, 2.653682760106530e+01, 4.865634450812707e+01, 1.085116776749929e+01, 1.108342456127596e+01, -1.416420608792725e+01, -9.572903713413240e+00, 7.095123622848512e+00, -2.773320077431517e+01, -4.523553886664676e+00, 5.278737686618881e+02, 8.716970703767991e+01, -9.760335274770078e+01, 1.728045624575433e+02, -9.719583671554331e+01, 8.585795641625010e+01, -1.070171450987048e+01, 4.305693649133780e+01, -1.944349095308342e+01, 6.859179174612251e-01, 2.019007403297053e+01, 2.782493963096588e+01, -7.846088734725841e+01, 6.258151936317795e+01, 1.743695827824612e-01, -8.031627955360715e+00, -1.586366901527095e+00, 1.154542974399181e-01, 4.747509867269572e-01, -2.356085948741503e-01, -1.849573317866476e-01, 7.419577766997950e-01, -4.830913979008100e-01, 1.974841368864205e+00, -2.183901382229279e+01, 2.516359938726247e+01, -2.516562175963902e+01, -4.295594885604163e-01, 1.013451610632225e+01, 1.238672765273085e+01, 4.749153154379897e+00, -5.309086149800085e+00, 7.409941839683250e+00, -1.450438309585559e+01, -4.937401086871226e+00, 5.818021565708817e+00, -4.543568054090191e+00, -1.013982568934210e+01, -4.896771367081873e-02, 2.510395762119265e-01, 1.312747006872475e+00, -9.846320918969563e-01, 6.408553030905928e-01, 8.650385445894851e-02, -4.491546257905404e-01, -2.448934994292370e-01, 2.491334255913122e-03, 1.231815828964480e-01, -6.267154316984451e-01, -4.712420261759192e+00, -2.576730986692482e-01, -2.037140298150133e+00, 4.909924725632844e-02, -2.763948674457649e+00, 8.843567454301072e+00, 1.139778201225243e+00, -1.508743468487797e+00, 3.482744665189244e+00, 1.200965415359452e+00, -1.439484822663350e+00, -4.499062169453854e-01, 9.924034449343363e-01, -1.147946065876629e-02, 1.887850936630249e-02, 1.451655945090648e-02, 2.632620173788599e-02, 5.544130626123056e-02, 6.031078196641835e-04, -7.608828686929189e-02, -1.582807547603185e-02, 9.173440202191910e-02, -2.085234010240469e-02, 8.152685030119860e-03, -1.034756459444673e-01, 1.994811000213169e-01, -1.841642617477825e-02, -4.552650190738287e-02, 2.408747169371128e+00, 2.077790701868164e+00, 1.389656511445889e+00, 5.415552069075248e-01, -9.636538645915127e-02, -5.594331244094827e-01, 3.934598197716504e-01, -1.062193577532942e-01, 5.080876578427616e-02, -7.454979023038644e-04, 8.407218546311678e-04, -1.652158158285340e-01, -6.680473739017384e-02, -2.572241105824450e-01, 5.747096396395748e-02, -5.574184832430546e-03, -9.946516510301441e-04, -6.920645630789365e-03, -9.812306531605598e-03, -2.554865623658293e-03, 8.549873905212758e-02, 9.681353567218284e-02, 1.417185064052198e-01, -2.455788740817249e-02, 9.839992644526759e-01, -1.127165392907509e-01, 1.357454694214129e+00, 1.968218781224014e-01, 6.601377928841302e-01, 1.305968197359166e-01, -4.953036502715530e-01, 3.454523737167117e-01, 1.891044222607303e-02, 9.109004128654041e-03, 9.328103265334059e-03, 6.704732747846653e-01, 6.536856293162842e-01, 2.799559264589902e-01, 5.597628526227203e-02, 2.541441617756309e-02, 6.093842915932946e-02, 6.859106503006464e-02, -2.327955429867412e-02, -4.975848035202899e-04, -5.713413406750000e-01, -1.834158110212689e-02, -7.922350000087282e-02, 3.193302622864139e-02, -6.263093279720177e-01, -8.943196216632294e-01, 3.655061123364112e-01, 1.011403964256588e+00, 1.039367877498715e+00, 5.481668329841761e-02, 1.689876543650373e-01, -1.970876441316061e-01, 3.394423601737112e-01, -2.140683736880970e-02, 2.692177408636353e-03, 9.908088531630446e-01, -2.036830348572659e-01, -1.964652827209681e-01, 2.577011537299541e-01, -1.741695004080611e-01, -5.158802304726277e-02, 5.927422703398587e-03, 1.676866351925807e-02, 2.541801984191372e-03, -1.756204840496389e-01, -4.009784848933437e-02, 1.467921891432304e-02, 6.965095609074176e-03, -3.699231182294776e+00, -9.286874858031275e-01, -1.047312773577066e+00, 3.652394050367690e-01, -6.388557325538603e-01, 1.812188391730731e+00, 7.407238354944635e-01, 8.225289615626764e-01, -1.560287670035667e-03, -4.200273678080163e-03, 4.857262296103271e-03, 8.969194827045138e+00, -5.276800289465011e+03, 3.877660299397660e+01, -2.622822057316553e+03, 1.990820247028925e+03, -7.636184523081055e+02, 9.268555968804518e+02, 2.971788015264482e+02, -1.217348725062853e+03, 1.850176712785876e+03, -1.495050333696982e+03, 5.113668814403892e+03, 6.345766631259320e+03, 1.301869428311415e+04, -7.078840435457134e+03, -4.027256483484206e+03, 1.424320697794377e+03, 6.628354069758476e+03, 7.460122851392045e+03, 3.851287156989519e+03, -4.353362903979212e+03, 1.920321986348624e+03, -1.217699514634374e+04, 5.169328142817249e+03, -5.740022117500954e+00, 8.324396681189882e+01, -5.984581911804358e+01, 2.327311240002291e+02, 8.631710210737599e+01, 3.865693996149296e+01, -1.084862229520813e+01, 8.742059134496576e+01, -3.176553150721070e+01, -7.934671040212793e+01, 2.690955845090276e+01, 1.370283566797234e+03, 2.285371901528174e+02, -6.454356452353920e+02, 8.326506232015537e+02, -5.926587497279215e+02, 1.352487902783737e+02, -6.103732745072124e+02, 8.194745034823971e+01, 6.693873025750798e+02, -9.718102802793438e+02, 6.734479856043155e+02, 3.413440487131888e+02, 4.306171090648526e+02, -1.239682119064679e+01, 3.933357580254378e+00, 3.970743672218197e+01, 4.372343274020364e+01, 1.072314892673492e+01, 6.111898436410263e+00, 5.667832026931912e+00, 2.052047006883141e+00, 5.672806132333729e+00, 6.379868348477448e+00, -5.548526257699538e-01, -1.025192093043887e+01, 3.319462361123144e+01, 2.544652220629352e+00, -9.843359349675138e+00, -1.964854646063128e+01, -6.413051825145865e+01, 1.006801689715460e+00, 9.577970055384561e+00, 2.549968454715156e+01, 1.852832616214118e+01, 8.492787691571870e-01, -6.251131560787499e+00, 6.179509653409992e+00, 1.244814437002962e+00, -2.993656263076133e+00, -1.741599867228985e+00, 3.430714630434963e-01, 2.926470722613701e+00, -3.432212933129728e+00, -1.485186647882162e+00, -8.686062510671856e-01, -8.404208527750912e-01, -7.186001243256447e-01, 9.434753599424519e-01, 1.934876085044183e+00, 5.507137610277609e-01, -1.034222711890796e+00, 7.865903776667242e-01, -2.882839112971630e+00, -3.078002739081407e+00, -9.367074138039534e-01, 7.310491820198166e-01, 1.154858473000719e+00, 1.062723962237967e+00, -1.549048205050441e+00, 5.867397432797913e-01, -2.131055030775100e-01, 1.248074969782483e+00, -1.203039304166238e-01, -1.410138689316829e+00, 1.547396751103648e+00, -1.095820848207545e+00, 7.839473138555696e-01, 4.548495323514281e-01, 3.248705919779620e-01, 1.806087643953898e-01, 2.681230516841039e-01, 1.660207206813640e-01, 1.406465694370385e+00, 7.665012068932484e-01, 9.532672504016802e-02, -2.305036856826041e-01, 4.136692075614253e+00, 2.601037319180941e+00, -8.381573334719378e-01, -5.027033298432975e-01, 5.812670829996838e-01, 1.062170275731902e+00, 3.625825619173774e-02, -1.172269269393120e-02, 2.038761502525167e-01, -1.541553645389306e+00, 3.433430554141824e-02, -9.046700041593867e-03, 4.359049809572428e-01, -8.913224211973424e-01, -6.745562536055497e-01, 2.223765986394131e-01, -1.836976915650391e-01, -7.755962829429305e-02, -2.466434032522490e-01, -1.715426599872437e-01, 5.170120215988237e-02, -1.558319297808249e-01, 4.997931609807954e-01, 3.016593825147393e-01, 2.014899152914912e-01, 5.075861055391494e-01, 1.217995249069229e+00, -1.115178429348166e+00, -1.177042589534740e+00, -3.414930385405613e-02, 7.827219280008260e-01, 1.393078771935702e-01, -4.285305974862028e-02, 2.261313678440137e+00, -5.670913615230377e-01, -1.689759893962529e+00, -1.790021477770098e+00, -2.739133416449892e+00, 8.821686923188279e-01, -1.717060642411360e-01, 7.400910518024246e-01, 1.081623657421402e-01, 3.101001915890837e-01, 2.067983880048739e-01, 1.377299366526809e+00, -1.735112841318062e+00, 5.603081963926884e-01, -8.620606239307223e-03, -2.443723808421551e-01, 4.000682048344562e+00, 4.724852213791811e+00, -7.417840779319450e-01, -2.143009035724833e+00, -1.633978799388969e+00, -3.731825385943323e-01, -1.608518199493678e+00, -1.025736627985017e-01, -9.754796826715386e-01, -3.187055806171481e-01, 1.265081224320824e-01, 1.895302483435780e+02, 4.527769926871551e+03, -3.750982881970375e+03, 1.035222135820981e+03, -7.997286683349911e+02, -1.117157501309567e+03, 7.436263558041583e+02, 9.018406086268269e+02, -1.207276895110833e+03, 1.191360617737537e+03, -7.368579987081599e+03, -1.147673543594244e+04, -8.374408251585804e+03, 6.545392509637333e+03, -1.551857048813690e+02, -7.126509504850332e+03, -7.991872931161000e+02, -2.839259951818163e+03, -1.105163914155505e+04, -5.209965798782725e+03, -4.859254745250234e+03, 2.035617038559126e+03, -4.237609657429848e+03, -1.817176136831187e+03, 1.464805421400335e+01, -8.430753679603595e+01, -2.707982570707968e+02, 1.413839558970462e+02, 1.478131610106241e+02, -7.654973667503571e+00, 3.176520654786686e+01, 6.682217973182466e+01, -3.103445576244217e+01, 1.445326742383198e+01, 3.711024735449510e+02, -7.380664215081775e+01, 2.220734270295942e+02, -3.131409808169089e+02, 3.770177732830224e+01, 1.371302173692590e+03, 8.659549942575309e+02, -8.733891243205173e+02, 3.283744209414850e+02, 8.072372988930725e+00, 2.573929176442185e+02, -3.146074908937803e+02, 7.839698786420662e+01, 3.730112760609204e+02, 1.915706655386360e+00, 9.858126927334938e-01, -1.164878703889574e+01, 6.117832243645596e+00, -9.556058167526185e+00, 2.593413832589824e+00, -1.004367877607283e+00, -5.868949397689757e+00, 1.714900730563959e+00, -2.010135101616537e+00, -3.732788989483459e+00, 7.910860517976414e+00, 3.963892400990681e+01, 4.449157118749254e+00, 5.107188040696803e+00, -8.146296118231910e-02, -1.541748831557286e+01, 3.346057453296314e+01, -1.222506193234501e+01, 1.452757985097752e+01, 5.244477243224334e+00, 4.916165704344873e+00, 7.472350441011043e-01, -6.511524803193270e-01, 3.561718028635479e-01, -5.207311227038017e-01, 7.997591486725880e-01, -2.853051156834156e+00, 1.637834042269128e+00, -7.961218899470721e-01, 7.748746766993677e-01, 1.149660809985388e+00, -2.183863801661127e-01, 3.090865696967416e-01, 6.804814022779408e-01, 1.103473234790278e-02, -3.805301111470627e+00, -1.055541007202519e+00, 1.680094106951568e-01, 3.766607904154252e+00, 3.524663675200247e+00, 5.667732997624767e-02, -1.946787103600043e-01, -1.742804477443698e-02, -1.509107372279601e-02, -2.361097892640315e+00, 1.511691628265181e+00, -4.515864978904484e-01, -1.203713162555748e+00, -5.622969939161369e-02, 1.966294241533275e-01, -2.078350568374186e+00, -2.909477228196714e-01, 2.139025261698669e-01, -8.173681360195133e-01, -6.695753082327334e-01, -2.104787002584995e-01, -2.578235613534622e-01, -4.194270784400233e-02, -3.865560131833460e-01, -1.381802937362463e+00, 6.915245655086926e-01, -2.497004965701339e-01, -1.688224852831608e+00, -4.334924175602249e-01, 1.501154866115982e+00, -1.056801723747536e+00, 2.500043097180765e-01, 1.740105310039069e+00, 5.498798150609188e-01, -5.073127140588249e-02, 3.175081602194289e-01, -6.429029750563822e-01, 7.231981598905743e-01, -3.377241738481056e-01, -2.222997041015399e+00, -3.260586134828955e-02, 8.216755708233551e-01, -2.125442921874926e-01, -3.045081192630025e-01, -5.817844397474320e-01, -2.887707755485944e-01, -1.430972529796275e-01, 1.038083270380479e-01, -1.407902860217424e+00, 2.393091576804602e-03, -4.866924026710912e-01, 1.250143972124690e+00, 2.652324749881810e-01, -3.565618645636620e-01, 2.241910355638810e-01, -1.016244673643848e-01, -7.182848188858896e-01, 1.076594318326230e+00, 2.036253608433687e-01, 3.406105306206018e-01, -2.818944500849828e-01, -1.998079790106466e-01, 6.267036424616983e-01, -6.599925445575180e-03, -1.411108321054170e+00, 5.681557478308606e-01, -1.190567319078224e-01, -2.071466297721015e-01, 4.186287912502751e-01, 2.148962292054480e-01, 3.382031312586976e-02, -4.740179247542108e-02, -5.552302447488547e-01, 1.043097822818434e+00, -7.452468321952515e-01, -3.543454817779650e+00, 8.518029172592698e+00, 3.411183517860723e+00, 1.785708316904042e-01, 1.422402650887733e+00, 1.267717574866335e+00, -6.423557981819853e-01, 2.806062347740200e+00, -1.088634259214199e+00, 1.867309586499336e-01, -1.972302556319743e-01, 3.284859589539462e+00, -2.348406544557418e+00, -7.697213171082180e+01, -1.622758008990347e+03, -5.687706804586609e+02, 8.571837057229920e+02, -3.153424698224933e+02, 2.445098280344090e+02, 5.599614414801473e+02, 1.034441361104836e+02, 3.345897023444126e+02, 2.931094606305332e+01, 2.903015488158706e+04, -3.502249635326556e+03, -6.858071361228545e+03, 5.411329746502140e+03, -4.413184222750319e+03, -3.779584332926946e+03, -6.272556010531238e+02, -1.181259548819667e+03, -4.083153421626556e+03, -2.450511788352254e+03, -1.878944548866433e+03, 2.075288639257673e+03, -2.407596005914984e+03, 1.441705196903457e+03, -4.443460300125968e+00, -1.923507428261290e+02, 1.307288969594855e+02, 4.723008881240130e+01, -6.248875612937460e+01, 4.419638080561747e+01, -5.481240459691431e+01, -9.529850800281899e+00, -2.751496938174509e+01, -2.709066497347278e+01, 4.135916002725461e+01, 5.599415021044475e+02, -5.667862445250666e+00, 2.991859002010394e+02, -7.066247812425594e+01, -9.019983786063138e+01, 3.792706635875972e+02, -3.021353590765797e+02, -4.242088563623326e+01, 1.739181279166278e+02, -3.491251048829700e+02, -5.014863386978777e+02, 1.138018796715541e+02, -9.112410508478771e+01, 3.259327520296245e+00, -1.522252894087181e+01, 1.460698072905166e+01, 2.583159984272376e+01, -6.287772840837759e-02, 1.021473400588907e+01, 6.612513871427683e-01, -4.593574450186074e+00, -4.385852154243196e-01, -6.538356227514552e-01, 1.730176247674160e+01, -2.905493469425263e+01, 3.263013600519214e+01, 2.471514370489409e+00, -1.049894046417333e+01, -5.988150394552280e+01, -5.638977947148281e+01, 4.621397971389739e+01, 1.771452318265867e+01, -1.534234608651636e+01, 1.847500796858639e+01, -2.922116813668853e+00, -2.598588442824642e+00, -3.282232572764403e+00, -8.394716048112079e-02, -1.378170155081009e+00, -4.072608965752852e+00, -2.680675167077101e+00, 2.312308976516861e+00, -6.306482692593239e-01, -1.805850335675308e-01, 6.062341344931909e-01, -1.490497774338186e-01, -1.620131387325191e-01, 5.737823889179733e-01, 3.869551219689190e+00, -1.199947963307180e+00, -1.784602537385420e+00, 1.187170495439106e-01, 5.314706382828740e+00, 1.800443393272508e+00, -2.487661535534101e+00, 1.440603178825197e+00, -1.033864351208324e+00, -9.430301576244990e-01, 1.442661943879303e+00, -4.569619873234232e-01, 8.104614739726067e-01, 3.069322564871184e-01, 1.011440965200748e-02, 3.979614961117691e-01, -1.313789057680268e+00, -6.746028623692523e-01, -2.677096336172645e-01, -4.673535528500046e-02, -6.340076054920926e-02, 2.020178793400361e-01, -8.504137387790323e-02, 7.786003381718191e-02, 4.990485620838343e-03, -1.073594534479596e+00, 1.007236806296898e-01, 1.801982217507463e-01, -1.607333715212225e+00, -3.539987719910567e-03, 1.411652102904021e+00, -1.541677800134054e+00, -6.022245429210443e-01, 1.721328037919663e+00, 7.378323382790145e-01, 7.680887606423268e-01, 6.268435841326170e-02, -9.395587439429396e-01, -8.388174422657795e-01, 6.383048016726316e-01, -3.508246972570458e-01, 1.321746775529532e-01, -6.662078682606564e-01, -1.125466889702392e-01, -1.657768030343187e-01, -1.317752424771642e-01, 1.207430552185389e-02, 1.495117656639463e-01, 1.136172561291563e-01, -8.874065055574565e-01, 3.303079224347955e-01, 2.206069002310313e-02, 1.449054100492029e+00, -2.635520701794290e+00, -8.133289847613188e-04, 8.576973075343057e-01, -4.743702381430450e-02, 1.031086656559005e+00, 2.899988125057092e-01, 1.548073947740490e+00, -1.313279686248802e-01, -6.359291494797265e-02, 9.752883251190551e-01, 2.285320112224508e+00, -1.806989124117627e+00, -6.367490722082388e-01, 3.382958868253158e-03, 2.433278007275105e-02, 8.595105639925382e-02, -1.407214519873133e-01, -1.945317810491537e-01, -1.991056876419932e-01, -1.522540152331626e+00, -9.292195444048219e-01, -9.515048987987587e-02, 3.405548639754410e-01, -1.559372455008427e-01, 1.503328491189046e+00, -1.380643318551991e+00, 2.183759362767202e-02, 1.670394342348324e+00, -1.085592999879176e+00, -3.691156937125090e-01, -8.299616291109942e-01, -2.001973957357819e-01, -5.946824326196840e-01, -3.350886195249916e-01, -1.520935209128358e+00, 1.250217450207574e+00, -1.761201944003422e-01, -9.082644780960977e+01, 1.300828653834435e+03, -3.395514912327647e+02, -1.602812819320807e+02, -4.408962173892604e+02, -7.769763871862585e+01, 6.504004751300248e+02, -6.813710806821955e+02, 2.495654146453553e+02, 3.782323500273345e+02, -5.301431650756080e+03, -2.014175117738579e+03, 3.445573365966663e+02, -9.020464585266479e+00, -1.154883199558430e+03, -9.763542618466016e+02, 1.528654152553277e+02, 9.805058813903361e+02, -8.247639726122145e+02, -1.250770858122820e+03, -7.965979630566143e+02, 1.932153946157670e+03, -1.778835968776419e+03, 2.114957452066130e+03, 1.454215060060052e+00, -6.061099587011385e+01, -1.333487288650339e+02, 5.874830770260659e+01, 3.164125272616829e+01, 2.911690149040559e+01, -1.330245842373774e+01, 3.318658437234935e+01, 5.697496969883441e+01, -6.468959238902714e+00, 3.912613145081469e+02, 2.145334777634795e+02, -2.368686177401879e+02, 2.501908840207981e+01, 5.954855057237226e+01, 1.005924600239427e+02, 2.082150563392422e+02, 9.047618694131666e+02, -9.761355409369521e+01, 5.571166606884424e+01, 1.222498324931181e+02, -1.259218729603748e+02, -2.247835271777592e+02, -5.150259995228117e+02, 6.588493943975895e+00, 6.634610756139756e+00, -4.255281004604080e+01, -1.631733835923360e+01, -1.187936200257017e+01, 4.410100850141841e+00, -3.666305160127018e+00, -6.415660026044581e+00, -6.815004437925922e+00, -8.154057734824655e-01, -1.906384256648421e+01, 4.873467702525428e+01, 1.365693272085900e+01, 1.553801109468886e+01, -5.907910236948556e+00, 3.641400650705696e+01, 3.983181952004853e+01, -9.819720409366850e+00, 9.513310970653938e+00, -1.968181669207344e+01, 6.272446190816067e+00, 8.696172071134182e+00, 1.837768213418265e+00, 8.623302715046083e+00, -7.932775871626037e-01, -9.345757803118980e-01, 3.172861462394766e+00, -1.502770897376332e+00, -4.440039801882503e-01, 6.849884762289611e-02, 9.613888746426409e-01, 1.243082369307146e+00, 1.054360727369738e+00, -2.334526910065106e-01, 3.395367656708912e-01, -5.149444133907649e-01, -3.041003432049008e+00, 7.538540016204582e-01, 4.595549022923036e-01, 7.273070021969623e-01, -1.873567551312917e+00, 7.247500568726906e-01, -8.841536519205311e-01, 1.262267573260421e+00, 1.671207691364744e+00, -3.616750591664933e-01, 9.815922078923819e-02, -1.395838568965475e-01, 9.043296713741710e-01, 1.063825470621383e-01, -1.604758125932139e+00, 1.014639200037873e+00, -5.580640092805168e-01, 3.553179843648926e-01, 6.885575947604253e-02, -1.584802269966777e-01, -1.749807185662559e-01, 2.442507627229379e-01, -1.104342614091508e-01, 1.453513209584175e-01, 7.066921605674948e-01, 1.866651029464099e-01, -2.302975003415357e-01, -9.279689027489491e-01, 1.066288517559002e+00, 6.738486654088957e-01, -1.079848705047412e-01, -1.425726376658411e-01, -8.107539864022636e-01, 6.232948742664113e-01, -4.819248100267296e-01, -1.045956344556747e-01, -7.709491898035475e-02, 2.402992191714166e-01, 1.704644257209437e+00, 8.532601518784938e-01, -7.081440688063948e-01, -6.299324920808320e-01, 3.142540084875394e-01, 3.341074014468560e-01, 8.985378948526246e-02, -1.129838538695598e-01, -7.308045185300319e-02, -9.878127910320649e-01, 6.876673494674899e-01, -2.670318929717107e-02, 2.491681560244834e-01, 1.048662297116232e+00, 9.174546402358579e-01, -1.253618621501496e-01, 7.585401612279796e-01, 8.360704067745165e-01, -1.809982296089735e-01, -1.592203394684806e-01, -3.326824232311785e-01, -3.926158440681580e-01, 2.119302946057246e-01, -7.848666701606111e-01, 9.032804541191330e-02, -1.569249325858826e+00, 3.478097844381580e+00, -2.691784528164496e-01, -5.934210395928400e-01, -7.598559220310806e-02, -1.719048003141924e-01, -4.987040183915304e-02, 1.797843855428058e-01, 2.732675939917308e-01, -1.249713902959109e+00, -1.198431305281850e+00, -3.067964007982291e-01, -6.228932058079643e-01, -3.813251325122848e-01, -1.606142002818820e+00, -9.702185935222121e-01, -9.244463666344026e-02, 9.139880609052429e-01, 1.096137605208394e+00, 6.054106770472898e-01, -3.075347203533792e-01, 5.394206753175178e-01, 8.281789851369223e-02, 2.557029971249935e+00, 3.629223271564876e+00, -2.807269402905976e+00, -1.754633737825174e+00, -4.161914236358014e+01, 1.463081521581574e+03, 4.781352955369928e+02, -4.815349603187819e+02, 2.313038228550256e+01, -1.245582524571205e+02, -7.693937415904961e+02, 4.579168793355083e+02, 5.372051231393620e+01, -3.433053941033799e+02, 3.976147331205375e+03, -1.532977397254365e+03, 1.913499354925418e+03, 1.451100036834170e+03, 1.136218946127100e+03, -3.870987240557349e+03, -8.591301452820038e+02, -6.218984715817359e+02, 2.871683318998254e+03, 2.293988624947215e+03, -3.287785543801736e+02, -3.016541355996560e+03, -3.365826746469697e+02, -1.241344309199615e+03, -1.035344805492710e+01, 6.268767317752794e+01, -1.324894562880633e+02, -4.399069764850086e+01, 1.038577133852903e+02, -4.842947317141721e+01, -9.346892421265117e+00, 2.741125899364829e+00, -2.779323391564385e+00, 8.250387097731068e+00, 1.682618086477842e+02, -1.908619502700305e+02, -4.480160025282547e+01, -3.171452641685372e+02, 1.133979729128589e+02, -6.247632416041331e+01, 3.162323149855810e+02, 3.726825857878600e+02, 1.201749990549138e+02, -2.713257887406355e+02, 3.067908881526749e+02, -1.379868658334710e+02, 1.358502540668261e+02, -1.554480776594461e+02, -5.655811114068723e-01, 4.695200592953973e+00, 4.307913279706563e+00, -5.720036698470172e+00, 1.797454232195397e+00, 1.655636033875873e-01, -1.627926826748073e-01, -1.308650595763831e+00, -6.624827350941590e-01, -4.536434045993616e-01, -4.125951101853000e+00, -3.477412941042628e+00, -4.356744275381081e+00, -6.720342268493247e+00, 1.130647302326059e+00, 8.427751458531727e+00, -2.500561544602041e+00, -5.661979220737366e+00, -3.637529634937186e+00, -1.028983911554547e+00, 1.962882445857003e+00, 1.691266291998901e+00, 2.324374512732017e+00, 7.570759475841345e-01, -4.973792388759584e-01, 9.787050702662556e-01, 9.358217515679255e-01, 5.864979964781661e-01, 4.097269945306914e-01, 6.408744440858131e-02, 2.015649182722068e-01, 3.254379305579592e-01, 1.308174776915340e-01, 9.465648765818973e-04, -2.520168794403674e-01, -1.099533662913782e+00, 3.395128044023314e-01, -4.380464661156590e-01, 1.278286247862336e-01, -1.254116510867371e+00, 1.057060584715086e-01, -3.447237968143417e-01, -3.601883750595799e-01, -6.138432026881513e-01, -1.769749026312281e-01, 6.223443313389321e-02, 1.815238340198114e-01, -3.869329395298526e-02, 1.433429856168499e-01, 1.367154634591585e-01, 6.220678268527317e-02, 3.798602603987627e-01, 7.244685201407805e-02, -1.216373744623472e-01, 2.847785102650086e-02, 5.666499990531462e-03, 2.818668396390301e-02, 6.400553628164907e-02, -4.879360796018991e-02, -6.979787791404492e-02, 2.864490305729044e-01, -1.024353401259185e-01, 9.644957026013058e-02, 4.507182940540206e-01, -9.888569312290638e-02, -5.311963139965006e-02, -2.842716089379809e-03, -3.733856748242252e-01, -1.492128990878224e-01, 1.217437203982533e-02, 1.218556680805958e-02, -6.871768836878277e-02, 9.401230634654331e-01, -5.564926890816770e-01, 1.135812467664568e-01, -4.444526836351796e-01, 4.932775706435285e-02, 3.062973815680521e-01, -5.071826288235158e-02, 3.657118392828228e-02, 1.159386906098495e-02, -4.059626660823515e-02, 9.296551249061930e-02, -5.111193402504869e-04, -2.637861312809381e-01, -4.541955303964074e-02, -1.943419687927086e-01, -6.724782187074230e-01, 8.772358650830112e-02, -2.136108092104701e-01, 7.950187450251434e-02, 2.118559156370063e-02, 1.009975233083936e-01, -2.759809506216791e-01, -5.351449782554057e-02, -1.761707771472886e-03, -3.593154361960672e-01, 1.651677716627754e-01, -3.734790790498672e-01, 9.007330697068444e-01, -2.461071268756967e-02, 5.090390429702586e-02, -6.240825382879130e-04, -4.591297157892862e-02, -1.439875871567453e-02, -1.462316925282901e-02, -1.936334110126007e-02, 2.955531855207913e-01, 4.358320554788649e-01, 2.564088537187306e-02, -3.257196351916333e-02, 5.043825169981692e-01, -5.188683594803817e-01, 4.339281758361220e-01, 7.148222984150306e-02, -1.562615980965162e-01, 5.150485668855034e-01, -3.595565605521115e-02, 2.314567776276610e-01, 6.818425849013360e-03, 4.536431461147138e-01, -3.043771850538212e-01, -3.111263342010015e-02, -9.144615894093863e-01, 1.037308659494333e-01, 1.534527885532632e-01, 3.607758885814126e-02, -3.500983233944783e+01, -6.845669684519182e+02, -4.330894786665004e+01, 2.667188953386752e+02, -1.744399739803527e+02, -3.120726975173866e+02, -5.515149110074188e+01, -2.351023959084143e+02, 1.759465109367621e+02, -1.915279750411524e+02, -2.109718786357692e+04, -3.422650840107865e+03, 1.289970218901681e+03, -5.725706089466835e+03, 2.751862853226970e+03, 3.840470001012434e+03, 1.378062787991064e+03, 5.564127600593002e+01, -4.707259670061682e+03, -2.699164843998265e+03, 1.654645414892416e+02, 1.259356573638141e+03, 1.392595215509038e+03, 8.370997245805193e+02, 1.060133718538461e+01, -1.017724548661562e+02, -1.597925937072392e+02, -1.312827297768768e+01, 1.221500886121940e+01, -3.872780141754494e+01, -1.701019773654462e+01, -1.680226351273156e+01, -1.908028139086410e+01, 3.310868182957578e+00, -1.002961296307895e+02, 4.416437721866488e+02, -2.588726674916811e+01, 5.038809942782259e+01, -4.920708837613736e+01, -2.840786095486407e+02, 2.841105440329906e+02, 1.836622132089960e+02, 1.044769967057549e+02, 1.720698625366601e+01, 2.462131353275246e+02, 1.152217959713231e+02, 4.422120606011895e+01, -2.203695557473372e+02, 5.282688691890640e+00, -3.657421248592354e+00, -3.545389968656576e+00, -7.394686249484538e+00, -1.368119350803198e+00, 1.611615395391419e+00, 8.056967327006950e-01, 8.397605357749183e-01, 6.427101593220194e-01, -2.123167356390185e-01, 2.980850954478838e+00, 7.611771321429977e+00, -7.984082002182078e+00, 2.007101928584351e+00, -3.457123215345911e-01, 1.170937475315060e+01, 2.597178683209304e+00, -2.001202645069951e+00, -3.660651956920657e+00, -8.281231954309262e-02, -2.561201464007625e-01, -1.602185867775269e+00, 1.260306082688192e+00, 1.225799094407998e+00, -1.882510619092468e+00, 3.384620666691098e-01, 2.040608294932479e-01, -4.026962026095318e-01, -4.496686927792176e-01, 4.573716400798784e-01, 1.580190305630705e-01, 5.616219389346962e-02, 1.554080501232333e-02, 3.760295046893029e-02, -1.369677697932289e-01, -3.316935607463102e-01, -3.037249872833421e-01, 4.841424785190691e-02, -2.100761347683791e-01, -2.273694391383643e-01, 2.391235146771186e-01, -2.110303631356558e-01, 3.559118341412824e-02, -1.058976856151832e-01, -1.756236531340038e-02, 1.066794802422676e-01, -8.861715643950981e-02, -4.884305451170143e-02, 8.892180667042571e-01, -3.615693953403060e-01, -6.843727556323344e-01, -8.524200606670408e-02, -2.997363758520329e-01, 2.977141011365879e-02, -1.137462944311806e-02, -1.603099700081195e-02, -8.517796369038665e-03, 8.594761972144731e-04, 5.668327069425111e-02, 3.454769649984310e-01, 1.728959430434629e-02, 1.505209732004235e-01, 5.058464189230705e-03, 4.950339992009002e-01, 4.883385029397135e-01, 1.132319305019551e-01, 2.727013151454082e-02, -1.729014949256147e-02, -4.832445058773036e-02, -7.939076761326450e-02, -1.164268707463402e-01, -2.147669766455132e-03, 9.394909800357976e-02, -1.716732354952676e-02, -2.160254541060875e-01, 4.550987439697662e-01, -2.000612648521937e-02, 2.622251643792141e-01, 8.285005239727473e-02, 6.627377134705435e-02, 6.640991515074227e-02, 2.253403522467319e-02, -8.643465846071251e-03, 7.339161863275634e-02, 1.667501477890596e-01, -2.355573751063038e-02, -1.135427824863601e-01, -1.120971621580200e-01, 1.370581306200292e-01, 4.592688450611756e-01, 8.413383159235131e-02, 2.505670307140979e-01, -4.460267397179488e-02, 1.963160422010038e-02, -1.944513937879616e-01, -1.985768115035446e-03, -5.840359790095302e-01, 1.538607645373876e-01, 8.869410762612533e-01, 4.363990399555773e-01, 3.283770486218839e-01, -4.440349415244509e-01, -7.956248340904347e-02, -4.650264718835890e-02, -6.775901197380411e-02, 4.364271531345087e-03, -1.470407172930824e-02, -3.642173825535664e-01, 1.758563334943911e-01, -1.103068549521947e-01, 1.694803400396502e-01, 1.472546321694740e-01, -1.334880359406560e-02, -1.690540995955583e-01, 2.312573018430855e-01, 2.678469232553324e-01, 7.050600610226067e-01, 2.771692484881542e-01, 4.387351225993312e-01, -1.754842780108053e-01, 1.034746474145067e+00, -5.583359018541425e-01, -1.027506848059561e+00, 1.168563875888428e-01, -6.956518674993140e-01, -1.231781528782299e-01, 4.800577843725157e-03, -6.816151100708935e-02, 3.367139859891585e+01, 1.661991794947846e+03, -2.568878005268907e+02, 5.107674233699360e+01, -4.187240388114930e+00, -3.081304254548674e+02, 1.004270270207901e+02, -4.324483527288090e+02, 3.698910412807851e+02, -1.756055713498217e+01, -2.935573606750273e+03, -2.190035146303975e+02, 3.447999937056221e+03, -9.460944288022885e+02, -5.073890575568140e+02, 1.054756078007289e+03, -2.785975836849271e+02, 9.053273234426374e+02, 1.298254971846197e+03, -1.859976779474609e+02, 9.079367440299530e+02, 6.126699223565922e+02, -7.827760800770041e+02, 1.764959471579427e+03, 6.333871467970867e+00, -2.315822457977714e+01, -1.659911970179495e+01, 1.324095056231527e+01, 1.805557385430465e+01, -6.863097649253627e+00, -2.163242182955917e+00, 1.171674678206603e+01, -4.891872249563119e-01, 1.184622477038558e+01, -1.878527228611817e+02, 4.206197481362153e+02, 3.388483220564309e+01, 2.750991458918921e+01, 4.622027449580301e+01, -5.956002846505800e+01, -3.133061182967749e+02, -8.665576537421717e+01, -1.089466126870818e+02, -1.214611429995083e+01, 3.999950735013113e+01, -3.413136146391169e+01, -1.421027209716077e+02, -4.313295483713549e+01, 1.209166473271425e+00, 2.138938755667223e-01, -1.556508559628858e+00, -3.142248235391917e+00, -1.786518205364263e+00, 1.491940549889039e+00, 5.924409441136986e-01, -2.806823143856335e-01, 6.282767884831969e-02, -4.182782217438614e-01, 1.318123767870681e-01, -1.299446138194815e+00, -8.988622139449443e-01, 1.218792651274867e+00, -1.390295931387979e+00, 1.967084861828788e+00, 3.478120836659171e+00, -6.473303752265426e-01, 8.137506958815078e-01, -4.589110081007743e-01, 9.892960493808580e-01, -2.593576972508309e-01, 2.145779482509471e+00, 4.552190779947174e-01, 5.400352953978269e-01, 1.253908859071949e-01, 5.199591216472841e-01, 2.074374297433696e-01, -2.325681952137522e-01, 2.529109800173386e-01, 2.833047733668725e-01, 2.651081395140755e-01, 1.176013361870655e-01, 6.635178979968950e-02, -7.737798128496366e-02, -6.039139069907218e-01, 3.976174200141198e-01, -1.375038271743257e-01, 6.018085843607975e-02, -1.217831245854370e-01, 2.874226447685562e-01, 4.807759864879391e-03, 1.035369692381109e-02, -5.708517325757928e-02, -4.403321742159358e-02, 7.022128675877708e-02, -6.103824831703448e-02, -5.961150745968055e-02, -3.648388826516988e-01, 9.300096069573975e-02, -9.711840625675671e-01, -1.832048284747953e-01, -3.183945224638104e-02, -1.300332485348490e-01, 5.520605310851161e-03, -2.020105447932456e-03, 9.942513354588269e-03, 3.085040691505239e-04, -2.805217786530858e-02, 4.568658169597706e-01, -3.527012949404865e-02, -2.679664011141078e-02, 5.305386858138801e-02, 3.960478671596197e-01, 2.816906635539136e-01, 1.118965740228063e-01, 6.419653969851585e-02, 7.362542925051896e-02, 6.103629133297265e-02, -9.934119722645653e-02, -9.332649603258998e-02, -3.447510372171503e-02, 1.557548948270001e-01, -1.822403893010553e-01, 2.946330575038988e-01, 3.598449968908628e-02, 1.336957475018010e-01, -1.314292082177331e-01, -5.326361735995230e-02, -3.368067947975602e-02, -3.421581054093840e-02, -1.415660945335978e-02, 4.454390829080260e-02, -1.142167391406742e-01, 3.450528317960865e-03, -3.590398407703480e-02, 2.270843576234144e-02, -3.868318727098903e-01, 1.182051073703098e-01, 8.573425555661641e-02, -4.085083779031187e-02, 1.557577643309954e-01, -3.629809361968253e-02, -2.308875111346972e-01, 1.047259022574322e-01, -1.104516181989151e-01, -1.856368899556655e-02, 1.960159334708719e-02, 1.599405949243674e-01, 6.810378326876303e-01, 3.442224041050313e-01, -2.712053538300793e-01, 4.923779894317117e-02, 3.390233791323378e-02, 2.308419324346211e-02, -9.661515090279644e-03, 7.712558334238259e-03, -1.052657480852671e-01, 2.775139941335475e-01, -1.752609667326754e-01, 1.488747452593046e-01, 1.449559187487886e-01, -4.930630212900691e-01, 2.182381856275926e-01, 9.606402267201007e-02, 5.036561163397663e-02, 1.638647775387869e-01, 2.243571268319591e-01, 3.521729005271489e-02, -1.143686316009282e-01, 2.386825112459308e-02, -1.838141420513858e-01, 1.137355093663191e-01, -2.519294634436517e-01, -2.027049441302354e-01, 4.756994681350921e-02, -6.802539834972238e-02, -1.008134516664438e-01, 4.446644545886906e-03, -6.310565071881737e+01, 2.057814047100256e+03, 1.285794415251195e+02, -5.181237560470377e+02, 9.450995345669756e+01, -8.645220036452196e+01, -7.663832686699741e+02, 3.044838035659225e+02, 4.449845566449007e+01, 1.770687866356205e+02, -1.090836184808346e+03, 9.917949498279488e+02, 5.603825619976157e+02, -1.454588879869155e+02, 7.199665860042838e+02, 2.021247692512945e+02, 1.915917200771402e+02, -2.232228789484436e+02, 2.865594974318106e+02, 7.059659215067924e+02, -1.378600541993735e+02, -1.375147327757352e+03, 4.729269321649539e+02, -1.146013699311085e+03, -4.601249848712448e+00, -8.126916621483575e+01, -1.625483233362614e+01, 4.655656975985646e+00, -2.514611587197213e+01, -2.121666942216362e+01, -4.044919114098899e+00, -1.720674074062157e+01, 1.904467756982138e+00, -1.895395614350033e+00, 2.713861269671512e+01, -2.715274725592925e+02, 1.445293896745446e+02, 3.722367196849922e+01, -2.650461432278801e+02, -7.014907871025792e+01, 1.654051512481722e+02, 1.824452643955471e+02, -4.087738335027278e+01, 1.182499414190004e+02, -7.684794016449486e+01, 1.195170478406535e+02, 1.776460596772604e+02, -1.699678987877714e+02, 2.565155615896597e+00, -1.440251559385017e+00, -6.060481430479554e+00, -2.513262442924507e+00, -2.100346236759247e+00, -1.301224823107542e+00, -5.833412435760164e-01, 2.023110490764141e-01, -3.137636795771311e-01, 1.751490877073653e-01, 1.538432512996006e+00, 1.004062793234802e+01, -3.952551824500194e+00, 5.587347278077700e+00, 1.353313213479574e+00, 5.389024064825930e+00, 1.026980263973199e+01, -4.691596037771079e-01, -1.596966986249478e+00, -9.509918407063340e-01, -1.901431505882742e+00, -1.985598923414021e+00, -1.886665264165381e+00, 6.223667985345999e-01, -1.169538077301429e-01, -4.277319463935095e-01, 1.399438150762806e-01, 2.066105724865579e-01, -3.583127370372548e-01, 1.269203469074843e-01, 2.218809767794576e-02, -2.011152553429383e-02, 4.759421615764045e-02, -3.715097263616737e-02, 1.132181432324315e-01, 3.625304308387255e-02, 1.700610523339377e-01, 2.044084073879131e-01, -2.109992509235898e-02, 2.857355777534327e-01, 4.787163996006606e-01, 1.438847708817843e-01, 5.185031719170787e-02, 1.699558682323478e-02, -2.359539984162718e-01, -4.504143057629103e-03, -3.015735472333729e-02, -5.202436486018287e-02, -2.370907053617576e-01, 9.074838860960885e-02, -2.907650578208493e-01, -3.308713057004278e-01, 6.857114519573433e-02, 4.666423607632387e-02, -2.869952468054720e-02, -2.734616163277160e-02, -2.720324895063777e-02, 2.198642460185509e-02, -9.540346974985193e-03, 1.264441779357253e-01, -1.854535778774512e-01, -1.501356045318917e-03, -5.076610364970381e-02, 2.709866894888896e-01, -3.773343000799576e-02, -1.731230015874038e-01, 9.062365337028511e-02, -1.096388020841748e-01, 6.331990308992978e-02, 6.571352380479019e-02, -6.856890175106639e-02, -2.759422802551056e-02, 3.528771459812742e-01, -1.117584864230130e-01, 3.671228580739591e-02, -3.862971591877970e-01, -1.474027132916080e-01, -6.730249855114726e-02, 9.695808116033981e-03, -7.051284896691470e-03, 8.418227621959866e-03, -3.920078451343529e-03, 1.755838783739548e-03, 1.458256575267072e-02, -1.665489697688454e-01, 6.419691262755432e-02, 2.718905728935001e-02, 5.303891866064751e-02, 3.723449688753085e-01, 1.328706452371127e-01, 1.394801542235002e-01, -8.042737781169644e-02, -1.646874868876475e-01, 1.079863996991888e-01, -9.938146862270155e-04, -1.824367848887286e-02, -6.249648086534455e-02, 9.599754100551590e-02, 3.060572467974654e-02, 4.351536967542584e-01, 1.742756713482363e-01, -1.519064196177702e-01, 8.058775225652196e-02, 7.297367378073365e-02, 2.312077500131469e-02, 2.047038602562158e-02, -1.887721695885124e-02, -6.376428778136793e-02, 1.602134553111558e-01, -9.648027890467273e-02, 6.051284785976208e-02, 2.147263771079828e-01, -2.210010377637898e-01, -2.426478302212075e-01, 1.210581715343596e-01, 1.340114093128280e-01, 3.181206828436737e-01, -1.200129100720081e-02, 2.271994819880775e-01, -8.299585186332260e-02, 9.924559974009967e-02, -6.532517429731440e-02, -1.875594492562315e-01, -4.416661999884232e-01, 3.728911499164017e-01, 2.874340878962692e-02, -1.309762714670579e-01, -4.228170793501972e-02, 4.028699474785460e-02, -6.527398612651792e-03, 2.304938690532043e+00, 1.143668260335308e+01, 3.231216726398653e+01, -7.450254418232083e+00, 1.147161993677795e+01, -2.979050895794803e+00, 1.093940104228228e+00, 8.091893520372476e+00, -2.328277105236385e+01, 4.133887510711124e+00, 3.323891772527148e+02, -5.774772379376950e+01, 2.661002094146096e+00, 1.102291613104704e+02, -1.706562097241434e+01, -3.969471526763225e+01, -6.780058243635480e+01, -1.563843588987682e+01, 4.632786881933500e+01, 5.554171893126215e+01, 4.873545339110733e+01, -4.236969106707620e+01, -3.165661263450791e+01, 2.291068209827513e+00, -1.786028046247585e-01, -2.170240333697997e+00, -6.821010634990360e-01, 3.766327033293606e-01, -1.339561478553865e-01, 1.632007447256393e-01, -1.061552533967634e+00, -1.196827589058417e+00, -5.619948488267085e-01, 7.888712604825621e-01, 1.194879495928336e+01, 1.451704273807788e+01, 6.200257569343412e+00, 2.646979105716789e+00, 8.975259902863197e+00, -1.474845330918117e+01, -2.062309222597917e+01, 4.689226268503479e+00, 1.308568251919079e+01, -3.372939502474373e+00, -3.380124348805929e-01, 4.607513724650595e+00, -5.291260704108091e-01, 5.266212757694983e+00, -2.930617113261988e-02, -1.252454753375687e-02, -1.381969417666050e-01, 3.173073664354186e-01, -2.799606296416163e-01, 9.812211579009937e-02, 6.317850578556880e-02, 5.001524929191349e-02, -6.302861706945639e-02, -9.535631486728269e-02, 1.906918041263231e-01, 4.609315261254770e-01, 6.015346562863796e-01, 3.921333572009009e-01, -1.183867514605064e-01, 2.326519116794818e-01, -1.879602354560102e+00, 1.400857722517966e-02, 1.005256363916933e-01, -9.138261343334273e-01, -2.844917012500177e-01, 4.185310852095701e-02, -2.763434881828271e-02, -1.839900385612310e-01, 8.015834518619057e-03, 1.386170555221904e-03, -1.675853743198204e-01, 1.140167124811665e-01, 2.302323709588262e-02, -7.874590568789495e-02, 3.670793323913742e-03, -1.572098022232310e-02, -1.820221515201840e-02, 7.110739509309207e-03, -1.288382417128712e-02, 1.316359243209944e-01, 4.980324744368220e-02, -1.214561744146101e-02, 4.489835618935850e-02, -3.379968095364553e-01, -3.596609175158563e-01, -2.217832166243391e-01, -9.530368558442993e-02, 8.711160888652296e-02, 1.487335423971551e-01, -9.390946320819790e-02, 4.976825114084214e-02, -2.214759741564177e-03, 5.581221473214599e-03, 2.756731371018143e-03, 2.088359735168977e-01, 5.027769454894772e-02, 5.794320031709619e-02, -4.595266298282046e-03, -4.434921121221815e-03, 2.586351827810066e-05, -3.044726350496522e-03, -3.517470853817275e-04, 4.614299655952420e-04, -1.013295196551780e-01, 1.309931685102088e-03, -3.136448657463063e-02, 9.670707692877215e-03, -2.185601565720619e-01, 2.677487654990668e-02, -2.448145618649560e-01, -5.207554651422675e-02, -1.015579435488780e-01, -2.939303989571040e-02, 1.277454195709451e-01, -4.493767871793724e-02, -4.150054787011335e-03, 7.690265860927394e-03, 2.877077956160004e-03, -1.408478915225831e-01, -1.960713332864801e-01, -5.270038377219358e-02, -3.538044211775059e-02, -3.406263566576625e-03, -1.999412391634281e-02, -8.592370743780326e-03, 7.019923004826774e-03, -1.250302604363808e-04, 1.034447383433133e-01, -9.004614922283721e-03, 4.731156721088938e-03, 1.331972389247204e-02, 2.029507441292770e-01, 1.568700834043230e-01, -1.285176195110418e-01, -2.309867928356011e-01, -2.320344671573200e-01, -1.543539938809120e-02, -1.005624392879682e-02, 5.161611883971548e-02, -6.005948319730146e-02, -5.970417820083142e-03, -1.120539527074349e-03, -1.430875812083565e-01, 1.004483824503291e-01, 2.412763437425012e-02, -7.705564804324115e-02, 3.439723588284006e-02, 5.098630306434043e-03, -1.069360988899388e-02, 2.488714782794613e-03, -1.854614028562871e-03, 1.569888973485302e-02, 3.009135139547627e-02, -9.730733367569083e-03, 2.066462725595874e-02, 6.494009577916808e-01, 1.574489130002327e-01, 2.492501437558358e-01, -3.364529103933220e-02, 1.576689622370965e-01, -3.567063382097931e-01, -1.319136011040148e-01, -2.043670140153526e-01, 7.558659019228106e-03, 4.857263291610655e-03, 1.230638630881747e-03, 1.947984548850994e-01, -1.197074173029266e-01, 7.717391311529370e-02, -1.051419629608615e-01, 5.438278076356810e-02, 9.504715993173538e-02, 4.096526095934860e-02, -2.512530519536446e-03, -8.484748465746780e-05, 1.278065521529606e+02, -4.255750095839061e+03, 1.626112625148253e+03, -4.187611033095267e+02, 1.765601046155118e+03, -6.154515061602543e+02, 5.213364604744775e+02, -9.314938341635230e+02, -1.407871813899152e+03, 1.215827373495520e+03, -1.388284506703982e+04, -7.160655262629545e+03, 8.145546579874322e+03, 4.126941367007687e+03, 4.191230055953362e+02, -6.759090174543109e+03, -2.501363498197389e+03, -2.235236917965740e+00, 5.423524814797208e+03, 4.441322953482182e+03, 7.605737486233398e+02, -2.169850162817595e+03, -4.521458539253990e+03, -5.994956632987061e+02, 3.110469693266378e+01, -4.079556113276082e+01, -7.024383905582202e+01, -1.366036459202763e+02, -9.250105660104754e+01, -3.857213604672484e+01, 1.425950101206803e+01, -4.031367996929857e+01, 3.980629173224153e+01, 1.655921775968925e+01, 6.736182201422281e+02, 2.079881882451463e+02, 2.541863359885998e+02, 4.387778723320628e+02, 9.076103232064874e+01, 2.575321672246501e+02, 6.934812721365194e+02, -6.997303029509828e+02, 3.084631467420906e+01, -2.832472063770284e+02, 3.047505728259487e+02, 4.878429199675681e+01, 4.515731284488423e+01, -1.978463359002312e+01, -7.299876922675468e-02, 5.748952672359318e+00, -1.758908558149417e+01, -1.698079646266119e+01, -7.815588435600226e+00, -7.397198768306769e-01, -1.574698344969724e+00, 3.149278644950712e-02, -3.057762767533145e+00, -2.211251222171419e+00, -8.039363184196528e+00, -2.726415991829622e+00, -6.023143899687154e+00, -3.990390784605234e-01, 3.318753814406051e+00, 1.095097885505366e+01, 2.888009191547537e+01, 6.314017608558097e+00, -2.384093716745372e+00, -1.222394694895201e+01, -1.068886433268598e+01, -2.235650120578457e+00, 1.875587879720992e+00, -4.243146887808236e+00, 1.437774668148615e+00, 7.483728624368892e-01, -3.399670976691211e-01, 2.674613685741636e-01, -1.049106786926250e+00, 1.407724012786187e+00, 7.956837508857127e-01, 4.704922839029365e-01, 4.925168222965500e-01, 2.610803219711509e-01, -2.900967168119911e-01, -4.395057534993959e-02, 2.325214099148254e-01, 1.488898880035025e-01, -1.051596936894626e-01, 1.298994468973726e+00, 1.486437798833816e+00, 4.368618763530266e-01, 1.435482054600045e-01, -1.820419093423023e-02, -1.274784721504543e-01, 6.846186706520142e-01, -2.086670903751095e-01, 1.868840209335059e-01, -1.689625181760658e-01, -3.515516812694142e-01, 9.699481832283114e-01, -1.307261368543250e+00, 7.675120015301226e-01, -3.016893920382221e-01, -2.284115186365051e-01, -1.594124898803780e-01, -1.239112159057598e-01, -1.001736634210033e-01, -3.345061801881036e-02, -8.147477502946678e-01, -5.799973060822939e-01, -1.778411711088572e-01, 9.991080801957253e-02, -2.348187495086476e+00, -1.047379198586123e+00, 4.868880939275874e-01, 3.580267535429515e-01, -2.888679027442042e-01, -6.973068708355548e-01, 1.084431310340636e-03, 7.786366699435616e-02, -8.868344402846474e-02, 1.175906185790113e+00, -1.267395061927588e-01, 6.503296952672827e-02, -2.153067434185295e-01, 9.146930547469229e-02, 7.880157930780476e-01, -9.985137577411066e-02, 7.434059299112894e-02, 1.516308283410097e-02, 1.027429594654971e-01, 8.703022223623218e-02, -1.035994483887480e-01, 1.496988408432569e-01, -8.641832371957561e-02, -3.417635343796606e-01, -9.552048195962726e-02, -4.179652750918692e-01, -8.130099376020687e-01, 5.459227704075029e-01, 6.157758886079520e-01, -1.104745212124890e-01, -3.411439368604705e-01, 4.621238755661177e-02, 5.953296888822255e-02, -8.450599415217071e-02, -5.969073356593675e-01, 1.130874453746968e-01, -1.092270105768438e-01, 1.573421014186277e+00, -8.098747717759133e-01, 1.191507823739124e-01, -3.470002818019857e-01, -1.252076481454580e-01, -1.602294075178640e-01, 7.725929654351213e-02, -4.251654853295163e-01, 4.389944723354173e-01, -3.451860563489176e-01, 1.324944644229269e-01, 9.609418484629675e-01, -1.105961010049107e+00, -2.087284189122392e+00, 4.221063410481828e-01, 9.619640038514958e-01, 5.250396212412626e-01, 3.434998422603633e-02, 8.178466000456639e-01, 1.598550180530332e-01, -3.187049841667308e-01, 1.947985692141167e-01, 3.719246648082457e-01, -1.875056167067704e+00, 1.347674932901587e+00, -1.946306695861675e+00, -1.702662328565819e-01, 3.762838022440342e-01, -6.610676529534285e-02, 1.319234988570234e-01, -2.182055776500023e-02, -1.281178536593787e-01, -8.716087971991375e+01, -3.329312304045070e+03, 9.640162369835645e+02, -7.501865729322997e+02, 2.020537348167924e+02, 1.227392969385354e+03, -8.573142567243227e+02, 4.453458919460695e+02, 1.128379435098398e+03, -9.263781179219947e+02, 3.666836826278537e+04, 1.445434963777607e+04, 6.843490571707070e+00, -5.342205915562537e+02, -4.846861910044840e+03, 5.471716926966940e+03, 1.318080219383435e+03, 2.233828507515153e+03, 6.349044899295213e+03, 2.566308986210869e+03, 2.713648578016040e+03, -7.719901088540641e+02, 2.642810865922743e+03, 2.692014116631763e+03, -4.402066294232984e+00, 3.601052988883166e+01, -1.098883538483575e+02, 8.344318940752510e+01, 8.233893482198638e+01, 1.418635583124360e+01, 1.653316821387593e+01, 1.174192557558821e+01, -2.830569529268566e+01, 1.702261862462322e+01, -1.078172878015311e+01, -5.528694027902303e+02, 2.866229167476248e+02, 6.817597191076950e+01, -2.675274464754240e+02, 8.807862694124627e+02, 2.288814953720984e+02, -4.217857055785893e+02, -7.034389632123290e+01, 2.307099813423652e+02, -1.054118115237309e+02, 3.782058030471651e+01, 1.794120808984863e+02, 2.368904048389028e+02, -5.087515851383339e-01, 1.329512197942770e+00, -8.258449756232881e+00, 4.953632606552755e+00, -7.090709989359977e-01, -1.710929258376676e+00, -1.153068967541377e+00, -2.879686338598099e+00, 8.463080676363286e-01, -1.376528956491126e+00, -1.998569732277086e+00, 1.193857396180713e+01, 2.224508968468835e+01, -1.172670898709462e+00, 4.134782438717636e+00, 5.304915870082651e+00, -4.435427238787053e+00, 1.336085893606025e+01, -5.490023388546186e+00, 6.688620891116022e+00, 5.888588195179965e+00, 2.385641536921972e+00, 1.073691015804235e+00, -6.066750926166211e-01, -5.220312551080236e-01, 5.763255036816812e-01, 5.613392522667885e-01, -1.869647611772274e+00, 1.306923640158246e-01, -2.234253740279864e-01, 3.434844946780916e-01, 5.071715736716640e-01, -1.241543838216351e-01, 2.037653124520561e-01, 9.908117716376903e-02, -1.807417252482668e-01, -1.999185814242066e+00, -3.056198566108579e-01, 6.702884682512496e-02, 1.501469355553073e+00, 1.787592135596964e+00, 1.363684257191662e-01, -2.394893385352686e-01, -3.712425043056539e-01, -1.127812758070852e-01, -1.326568353719369e+00, 7.519993523717234e-01, -2.438262329474025e-01, -9.945197526017883e-02, -5.974266883757409e-01, -3.082192678114283e-01, -1.306667687841282e+00, 2.959599715439593e-01, 3.021606684767240e-01, -3.530775339384633e-01, -2.821661684136252e-01, -1.175732624058022e-01, -1.592184387472224e-01, 6.653206697159832e-02, -3.527320567680985e-02, -7.996379350808256e-01, 1.158797510810088e-01, -2.225821693837854e-01, -8.441792016840615e-01, -5.908121328729536e-01, 9.167435239969908e-01, -4.455082237510173e-01, 3.084003053890151e-01, 1.327400479644406e+00, 2.968377841118837e-01, 7.888588667665404e-02, 1.063508764824330e-01, -1.449697967745768e-01, 2.574906735611027e-01, -3.531040248563718e-01, -7.458092730793177e-01, 9.595124080154287e-02, 3.407060830717695e-02, -1.526953551411007e-01, -2.009206336144710e-01, -2.868388709773760e-01, -1.343178009124445e-01, -6.363386498779264e-02, 1.934448104175774e-01, -4.970588490717774e-01, -6.634377801008552e-02, -5.972033214912484e-02, 4.782784525944938e-01, 8.343722996295713e-01, -4.030003007242936e-01, 7.385373801679297e-02, 2.913139498518614e-01, -5.292512822167070e-01, 7.341724468231950e-01, 3.116215486644136e-02, 1.822013633067893e-01, -1.255999069776361e+00, 1.616345303253067e-01, 4.533939018371638e-01, 1.995282917163417e-01, -8.591382667521744e-02, 7.999808578839598e-01, -6.132562177502715e-02, -1.136057201118978e-01, 2.156947226945862e-01, 8.714492849344975e-02, -1.595041087101723e-02, -4.300223127452639e-02, -1.973056976223057e-01, 2.276142114523173e-01, -6.446916987845721e-01, -1.798577377988189e+00, 4.943658649259404e+00, 2.705473030510961e+00, 5.527532402160987e-02, 3.715177138277657e-01, 1.130609008208121e+00, -3.926820414867626e-01, 1.882749260144118e+00, -7.188413549735455e-01, 1.972292363272271e-01, 1.197075865569906e-01, 1.875051598065700e+00, -2.150090778985634e+00, 4.566578840851784e-01, 1.584120393447590e+00, -6.264702269386384e-01, 5.437642958239416e-02, -9.485897084377168e-02, -1.412287890866996e-01, -5.357456824184873e-02, -1.184919183794678e+00, -4.624377842453242e-01, -1.200570912656559e+01, -7.462421127929332e+02, -5.167062118477188e+02, 4.544984625600576e+02, -2.378635634944214e+02, 1.179035710425515e+01, 5.542040506362330e+02, 1.256924955321158e+02, 2.225099593264679e+02, -2.745499140917579e+01, 1.336268265694399e+04, -5.896734253879897e+03, -2.130127605283821e+03, 1.615802044012931e+03, -1.798907037870639e+03, -4.289209565898688e+03, -2.141758038213260e+03, -1.948250137488018e+03, -1.648328328648630e+03, -7.541917411252196e+02, 6.343752528287545e+02, 6.662567009602396e+02, -4.963368228487855e+02, 6.180369288109606e+02, 1.676967312862935e+00, 4.405244179985436e+01, -8.356805711836589e+01, -6.991416383383137e+01, 4.220242464766504e+00, -5.419176166482606e+01, -5.404618918781541e-01, 9.651470293340140e-01, 1.318810411832867e+01, 4.948322784718712e+00, -4.361387646112877e+02, 3.448734616529944e+01, 1.397640573077385e+02, 1.245577558979640e+02, -2.335710657560238e+02, -6.368891074363273e+01, -5.808232838402959e+01, 6.578973022835027e+00, 5.116768876654610e+01, -3.158936811806664e+02, -5.287709271181755e+01, 1.762602849209439e+02, 8.784321792732180e+01, 7.720197578818171e+00, 2.367786897102470e+00, 3.565195651875113e+00, -8.804497387954028e+00, -1.013152032038515e+01, -3.202811981673806e-01, -4.906200160562083e+00, 7.371618290102173e-01, 3.035812610623452e+00, 7.203118571016766e-01, 9.102993236902750e-01, -3.253921951311291e+00, 2.003397561753025e+01, -1.987130804784251e+01, 1.444699297484755e+00, 6.232696989999586e+00, 3.166155166022900e+01, 3.226094081894981e+01, -2.391255686251447e+01, -8.247605416263122e+00, 1.041646866277308e+01, -8.522755638034504e+00, 7.340044854740425e-01, 2.539001959055209e-01, 1.264926817266731e+00, 1.069838108888688e+00, -2.423997344721209e-01, 1.368063345825098e+00, 9.945112300848330e-01, -1.585696151616168e+00, 2.636244291018263e-01, 1.142866209929247e-01, -3.083761092081130e-01, 6.730961983202906e-02, 7.241436359849961e-02, -7.544126911097464e-02, -1.465086616513030e+00, 5.844999920641747e-01, 1.003828672697922e+00, 6.004713823530074e-02, -2.615986360037823e+00, -1.469517017534946e+00, 1.343526110981410e+00, -7.477894999832149e-01, 1.056873978409583e+00, 5.510185064481767e-01, -8.606989347854725e-01, 1.599074284894618e-01, -3.958833894571026e-01, 3.671355297009082e-01, -8.782979560391338e-02, -6.040455949380164e-01, 7.091917249298345e-01, 6.657247928084850e-01, 2.921066750057455e-01, 7.653802451867886e-02, 7.402060567097409e-02, -6.776301035152746e-02, 8.775420798804981e-02, -4.183059102809887e-03, 2.318643992185803e-01, 5.368672721103568e-01, -1.810047975469194e-01, -1.448597022495464e-01, 8.742381801032075e-01, 1.219956302877212e-01, -7.499885839650849e-01, 9.247093860410868e-01, 3.271777488639818e-01, -1.207327945873087e+00, -3.228967920529508e-01, -4.531904007887934e-01, 1.478382627160298e-02, -1.973596184461438e-01, 7.893082134896641e-01, -1.370810992237823e-02, 2.402974435025015e-01, -5.050682938828505e-01, 6.203039389962816e-01, 6.163436467561665e-02, 5.688475830369300e-02, 3.205965420711621e-02, -2.939589859389093e-02, -1.316341394854000e-01, -2.042503363844608e-01, 5.088613558228290e-01, 2.726485285121308e-03, -1.198838463185696e-01, -1.214733251242458e+00, 1.313994158569620e+00, -3.432726472488134e-01, -6.350374188997865e-01, -2.623440671205482e-01, -7.166175054461751e-01, 5.233209436721162e-02, -1.084419403567559e+00, 1.232834354882569e-01, -2.528587712368161e-01, -1.316477756963425e-01, -1.189139774946654e+00, 1.066199781377550e+00, 7.274584950250775e-01, -5.045234068394866e-01, 1.794824001366815e-02, 2.952313505687164e-02, 1.307754905952666e-01, 1.682568486458284e-01, 5.245369729871383e-02, 6.786072480248597e-01, 5.836131365124649e-01, -1.362371796380333e-01, 6.381820562904278e-02, 1.245856640858078e-01, -7.943048706551121e-01, 7.938979733911030e-01, -2.171088058965832e-01, -1.168820171447874e+00, 5.267818683518959e-01, 3.150297638927000e-01, 5.256930885568202e-01, -3.687964095714490e-02, -3.350891825255182e-01, 7.717345760645040e-02, 1.347694542752494e+00, -4.566575977115744e-01, -3.326441049327641e-02, 1.705434301887310e+00, -2.181232269268397e-01, 3.644901152268067e-01, 1.617946042006547e-01, -1.736392986071621e-01, 5.621216177833314e-02, -8.447902855714836e-01, -1.749281611762228e-01, 7.052926644916295e-02, -1.237142270562813e+01, 6.274258281642923e+02, -1.558978280455117e+01, -2.677427990671266e+02, -4.071114203010000e+02, -1.453324623518796e+02, 7.251849374166439e+02, -6.776114506750996e+02, 5.720904625346123e+01, 5.019938742248253e+02, -6.381291096807930e+03, -1.278353979999714e+03, 3.491948091599586e+02, -5.503220880268506e+02, -4.664486825442218e+02, -6.835475738091349e+02, 2.703051108546190e+02, 6.247282431592066e+02, -3.379344192949987e+02, -1.031262887789831e+03, -6.979458117494188e+02, 1.377549147675309e+03, -1.089331124199360e+03, 1.281218954380602e+03, -1.774329812298080e+00, 3.700995173148921e+01, 2.006986623684962e+01, -1.035542588612187e+01, 1.869503294614465e+01, 1.640926880332019e+01, -9.363535716999694e+00, 5.942271737265342e+00, -2.649685754224123e+01, -3.048058226999262e+00, -1.124308096647363e+02, -3.179205754437120e+02, -5.425013451902573e+01, -2.208443807162149e+02, -8.710985587637833e+01, -3.868899856448098e+02, 2.093162520611150e+02, 1.963104404821711e+02, 1.196516060684696e+02, -1.756896941477868e+02, 2.416743186855501e+02, 1.455534979725636e+02, 1.776349667170031e+02, 1.615150446014973e+02, 7.744613910945489e-02, -5.913690540698653e+00, 1.712925813452242e+01, 4.154459917975349e+00, 3.078398468796981e+00, -2.774367540025426e+00, 1.762121291288406e+00, 1.970196651130175e+00, 3.356954790021360e+00, 6.923588875149912e-01, 9.586530533839493e+00, -1.640984525114264e+01, -8.271240879649280e+00, -4.841241011376676e+00, 2.445175362539454e+00, -8.269583118653349e+00, -1.813979008679239e+01, 5.000222654511536e+00, -5.632566354741156e+00, 9.828563268179094e+00, -6.893519832816912e+00, -3.586961561541762e+00, -1.832306959802207e+00, -3.827007728124086e+00, -1.011009097536592e+00, 8.346203572970591e-01, -1.694693798240854e+00, 1.078482692236284e+00, -1.383176508219332e-02, 2.395626423403313e-01, -4.167837149936377e-01, -4.114530889810594e-01, -4.629134761962237e-01, 9.030576726766497e-02, -1.917572683983181e-01, 3.850695303378216e-01, 1.541363817439886e+00, -1.737805557763682e-01, -2.940683344594329e-01, -5.604739671195863e-01, 1.653625122407333e+00, -2.150853039165613e-01, 9.476074266684464e-02, -8.538275341267426e-01, -8.695891167413031e-01, 1.740490025757132e-01, -1.630997107489020e-01, 6.256829945675013e-02, -8.570390476936293e-01, 7.393185587991899e-02, 8.404015422314516e-01, -6.515061865596695e-01, 2.946765745511878e-01, -3.854625408228491e-01, -9.925373702541521e-02, -2.627801904273897e-02, 6.454892726305880e-02, -1.277622009897655e-01, 3.351294414962898e-02, -5.198347992146418e-02, -4.548370446644154e-01, -4.829538143009520e-02, 1.354572156402354e-01, 3.043998767770704e-01, -8.155223081758594e-01, -2.232703006892231e-01, 7.035607115473470e-02, 1.635661931336781e-01, 2.154255287245097e-01, -4.075069058730430e-01, 2.996692060879524e-01, 2.282400616252781e-02, -2.029407233915301e-01, 4.947537249641876e-03, -1.939365295229001e+00, -9.209232498349030e-01, 1.749631283542352e-01, 3.924033276823322e-01, -2.313041753904989e-01, -1.642093330624739e-01, -6.375318979340962e-02, 3.602256944359578e-02, 6.581486208478327e-03, 1.015466357429142e+00, -6.092724296174287e-01, 1.436475920268388e-01, -1.758449094066201e-01, -7.380296093364230e-01, -6.000224923902963e-01, 1.983661659110186e-01, -2.948490928700077e-01, -7.125066396073515e-01, 1.642244764176417e-01, 9.184284425085175e-02, 6.819565554328121e-02, 2.373357685721003e-01, 3.953259352198360e-01, 6.310053633010429e-02, 2.241921140529517e-01, 3.980303698259982e-01, -2.640944141835717e+00, 7.475668644904846e-01, 3.045556301929660e-01, 5.908984599431011e-03, 1.140184336001565e-01, 9.682602194815565e-03, -3.607422259079227e-02, -2.747080571506670e-01, 4.198309807525120e-01, 1.013886179736273e+00, -1.372832047588926e-01, -1.493531414910360e-01, 2.223907906516471e-02, 7.282686177820346e-01, 7.194837003093364e-01, -2.053865362840581e-01, -4.296803201381437e-01, -3.722039288563565e-01, -2.522943825587878e-01, 2.270673163906799e-01, 8.281764733585967e-02, -1.051419170618462e-01, -1.946314476828406e+00, -1.584117583140172e+00, 1.705428179803071e+00, 2.032109053951731e+00, -7.553215045534474e-02, 1.616359141017041e-01, -2.980101813239531e-02, -2.188755891896415e-02, 9.991612960749815e-03, 1.280967779236645e+00, -5.859088305456805e-01, -8.953976309890233e-01, -5.728971434977436e-01, -3.416579466988571e+03, 1.213487693531434e+05, -4.932645389388413e+04, 3.994827598539434e+04, -7.682598537638762e+04, 2.984812102987985e+04, -5.284049271085530e+04, 2.602470291700861e+03, 3.322487668416641e+04, -3.234813120108404e+04, -2.951902871822758e+04, 6.891901413931322e+04, -1.757850927724434e+05, -2.870531942461538e+05, 3.367195778039689e+04, 1.298150879094337e+05, 7.941038544539512e+04, -6.081494780486470e+04, -1.926364808211811e+05, -1.016669815971040e+05, 1.589928203479572e+04, 3.913170744802728e+04, 2.383907160617791e+05, -2.283257475047685e+03, -1.467382562866235e+01, -4.007179416838900e+02, 5.698666412083760e+02, 7.338694286288509e+02, 1.221960758776875e+03, -8.343661474988602e+02, 5.497130561475818e+02, 1.891646399430358e+02, 4.504417433064111e+01, 4.341989475662546e+02, -1.570892736989780e+03, 3.703057286241659e+03, 5.988023073808539e+03, 5.862422904077183e+02, 3.897176721259709e+02, -1.817195714143794e+02, 7.624174854904969e+02, -1.360123323668652e+03, -1.603776706014625e+03, 1.653568622583226e+03, -2.051841907147501e+03, -5.480837974608393e+02, -1.435622994344491e+03, 6.110483549694308e+02, 4.728692194183413e+01, -8.280675545967225e+01, -4.696780896099940e+01, -7.817152359379276e+01, 1.195024195398595e+01, -9.797418715829775e-02, -2.425317025027577e+01, -9.122655629082447e+00, -6.146133133818349e+00, -1.409154297937131e+01, 6.040408796007097e+01, 7.200252930011246e+01, -1.732129986533292e+02, -2.410567059866147e+01, -1.602077996190653e+00, 7.285626360856631e+01, 1.309370454739669e+01, -1.420299323543381e+01, -1.550592702175523e+00, -2.520319814206590e+01, 4.062398348679172e+01, -1.481371726294165e+01, 2.427721828664297e+01, -5.627789839625497e+00, -1.640338580899106e+01, 1.029787117441580e+01, -2.671303523081099e+00, -4.047375994013221e-01, -1.992654539078448e+00, 1.461773789412827e+00, 5.296576281674072e-01, -7.096587066890958e-01, -2.084066803226413e-01, 1.005132695369872e+00, -2.591134624223491e+00, 1.598442146828660e+00, -3.412947732562372e-01, 2.812743688638242e-01, -1.417515558991509e+00, 5.430086905973170e+00, 6.053586649141004e+00, -6.541393708032409e-01, -4.067848934242574e+00, -3.057552121831892e+00, 8.508383053926746e-01, 1.449366912178928e+00, -6.023267443869118e-01, 1.976114821003071e-01, -1.623531184123693e+00, 3.843879179812410e-02, -1.467336386993372e+00, -7.659996547106878e-01, 1.823144244851640e+00, 9.609977569555583e-01, -1.111225812474193e+00, -3.180003873656372e-02, -7.039790732123762e-02, -3.191663139353840e-01, 1.769090262730544e-01, 1.562798833700475e+00, -1.092163434986005e+00, -4.795628694453883e-01, -7.000599808826676e-01, 1.586345826805957e+00, -4.999766915651698e-01, 4.929033483788373e-01, 5.456535310392832e-01, -2.143868352584811e+00, -1.697559673571642e-01, -3.320421684399531e-01, 1.692094946115876e-01, 4.356932300700813e-01, 8.543900088383470e+00, -2.626531004998000e+00, -1.036596207772293e+00, 2.473466322789292e+00, -1.158247237318189e+00, 8.146853051172200e-01, 1.169987209654946e-02, 2.256454544232075e-01, 4.212846010288045e-02, 3.303236508889689e-01, 5.165390603177763e-01, 4.718666352351786e-01, 1.518917278541004e+00, 4.973853214313597e-01, -5.254599518131943e-01, 6.513567454943452e-01, 2.127596723131860e+00, 5.456376838737079e-01, -2.653496060521376e-01, -4.541343300486843e-01, -7.196613540021096e-02, 2.202774175505739e-01, -2.725371129404471e-01, 2.640053253943111e-01, -1.622833331803818e+00, -9.094978365926266e-01, 3.389653202750986e-01, -2.647978059482428e+00, 5.084573152972547e+00, 1.660736476259976e+00, 1.822821908099507e-01, -1.990393369005146e-01, -3.148570439466179e-02, -7.854841094107126e-02, 3.780051202933716e-01, -5.121233614884988e-01, -1.512686881404498e+00, -2.826402397739495e+00, -9.791677417406957e-01, -9.385153822666576e-01, -8.919381165510378e+00, -2.345877897026018e+00, 3.025008323948977e-01, -3.004411770333970e-01, 3.910512155633849e-01, 9.517135040161642e-01, 1.676031874971962e+00, -1.132759456449879e-01, -2.575033530163898e+00, 3.073038869256651e+00, 2.649893379325679e+00, 2.166583027742002e+00, -3.151539371606522e+00, -5.132051405931731e+00, -1.733500761076548e+00, -9.058879503162859e-01, -8.859364625085764e-01, 1.967939079598738e-01, -4.737513511880241e-01, -1.838673043666957e+00, 7.237972851829395e-01, 8.259080398533064e-02, 2.716327436445329e+00, -1.173262370915220e+00, -6.784016788030384e+01, 7.904617025361415e+04, -4.825220333362454e+04, 1.822613826852825e+04, 2.620216182238444e+04, -1.620574080538237e+04, -2.023275261348359e+04, 8.075156614887927e+03, -1.891121306648842e+04, 3.623940811290239e+04, -2.075044131497757e+05, 3.647061083245534e+05, -2.916754296178178e+04, 3.767708210609754e+05, 1.915919593967013e+04, 1.434590196190784e+04, -1.607826831176328e+05, 6.016666221683748e+04, 4.742919227448076e+05, 1.145654868847485e+05, 1.087523298161591e+05, -1.391720383567766e+04, -1.911436528888085e+05, -1.447647362054378e+05, -5.194249586109854e+01, 4.217539652404915e+02, 2.602570181063142e+03, -3.450803003723668e+02, 4.250362022238328e+02, 5.631353876482519e+01, 4.501431323711775e+02, 9.531757474370426e+01, 4.217275823807811e+02, -3.240881211195323e+02, -1.612313216799652e+03, -3.694421010877549e+03, 5.009375904825985e+03, 2.704360420139644e+03, 1.219581000585929e+03, 1.538175698907800e+03, -3.976295087245905e+03, -6.783291418653753e+03, -5.625980573226784e+02, -5.254563088490297e+03, 3.133816509030091e+02, -3.956400555963846e+02, 2.641698114300054e+03, 9.845198442649050e+02, -1.891439442883911e+01, 9.799633540086560e+00, 1.072305973134005e+01, -2.126065492825179e+01, 5.197872083377534e+00, -9.511670994285613e+00, -1.023162635684484e+01, -5.044159164408963e+00, -9.332251761886141e+00, 1.006777323066704e+01, 4.576899637945521e+00, -9.611496767152232e+01, -1.144994934832025e+02, -4.414673982302598e+01, 1.031922850142319e+01, -9.695958983090613e+01, 1.437337099043195e+01, -1.877429753814862e+01, -1.724340518750720e+01, 4.846074555819104e+01, -5.648403121179827e+00, -4.760226256099554e+00, -1.237804593647733e+01, 6.908423447429005e+00, 1.097709962031211e+00, 6.246519313614156e-01, -3.988298066840975e+00, 1.667796028551086e+00, -6.474017357575121e+00, -9.125324694738064e-02, -1.663345221638738e+00, -1.357697750479365e+00, -5.907916416659612e-01, -1.521992507132336e+00, -1.232668362836019e+00, 2.092845756695244e+00, 2.401229102920281e+00, 6.791605841778541e+00, -9.210554327082844e-01, 7.019159499266370e+00, 4.300368107313793e+00, 5.941504527795459e+00, -2.453806235620340e+00, -4.972451019214141e+00, -2.094794269768387e+00, 2.012108117332512e+00, -4.860553311690610e-01, -7.195970969376790e-01, 2.062647242903141e+00, -1.532347912194741e+00, -3.368479694819837e+00, 2.697327326361026e-01, -1.429859214683983e+00, 7.794104633243303e-01, 2.138319393135828e-01, -6.436609212029507e-02, 1.431787089228844e-01, 1.904447521910195e-01, 3.624493072933114e-01, 1.900281556301816e+00, -3.218897682444340e-01, 6.372669973066286e-01, 2.422146695067105e-02, -1.580970152868202e+00, -1.777694386942815e+00, 3.091702376178092e-01, 2.360833686348506e+00, 6.149042070513341e-01, -2.160753125774519e+00, 3.039039740454201e-01, -1.630689798982031e+00, 1.790768900409673e-01, -1.059528274948312e+00, 6.769978238194765e-01, -2.886596113998194e-01, 4.665421720544104e-01, 2.419384597672204e+00, 4.757119467014917e-01, -3.672054034924392e-01, -1.084606541106818e-01, 3.336886882299062e-01, -3.004068383020293e-02, -2.112677910496571e-01, -1.541571695753026e-01, 1.002171950088074e+00, -1.339751637384409e+00, 1.762401260388798e-01, 1.279438412136096e+00, 1.416407481024614e-02, -6.409939442524913e-01, -1.398897012335975e+00, -3.732902599925793e-01, 2.812504305551169e-03, 1.396918930831836e+00, 8.096216000133341e-01, 4.896797712935152e-01, -6.422616257660678e+00, 5.872366682338619e+00, -1.996250068054251e+00, -1.448887967159212e+00, -4.344211520750153e-01, 1.318556902395119e+00, 1.307325942470530e+00, -5.528718264956266e-02, -2.479740848302195e-01, -1.359835322105273e-02, -1.349329319699860e+00, 2.075299197246822e-01, -1.237323923190512e+00, -4.699182541191730e-01, -1.820498713525859e-01, 2.115277064413669e+00, -3.482335751247491e+00, -3.726804410902081e+00, 8.997919078267744e-01, 1.672044895539858e+00, 8.392939888269526e-01, -3.716035658289791e-01, -5.795893431318520e-01, -1.263177674295813e+00, 1.499743861855532e+01, -1.186180479239560e+01, 1.050022096760839e+01, -8.848199125231141e-01, -6.363949279259498e+00, -1.013488877166352e+00, 4.968932063183815e-01, 1.530776485745799e+00, 6.737979658455955e-01, 1.418336990537826e-01, 2.431457522327888e+00, -6.110033314708285e+00, -1.072834558225699e+00, 5.352670666815659e+00, 1.389794090922218e+00, -7.600134583282389e+00, -1.502111167385798e+01, 2.796682798659891e+03, 1.123017662210734e+05, -8.752108750880437e+04, 2.584827714583197e+04, 2.136102685581073e+04, 2.450335882182861e+04, -3.471893190967684e+04, 1.123668135973285e+04, 2.156616335463724e+04, 1.414515685700216e+04, 1.140305883153990e+05, 7.079143387453085e+05, -3.015563435100619e+04, -6.530043664079682e+04, 1.580881205063266e+05, 2.308168999657200e+05, 2.218944930068538e+05, 8.226770999151150e+04, -1.321784519049343e+04, 5.965494107760904e+04, 2.186611166760906e+04, -1.658274992611466e+05, 1.107735978521894e+05, -1.871181027049586e+05, 1.580410073001436e+02, -1.008500418420154e+03, -2.635672474139004e+02, -7.052119537320466e+02, -1.006966606850990e+03, 5.895161159574678e+02, 8.513071736918842e+01, -3.142351358032760e+02, -3.123953557212570e+02, -1.014860433798432e+02, -2.212220560997121e+03, -4.574036642416508e+03, -7.002799083822227e+02, -2.646769421615655e+03, -2.474277492247645e+03, -2.819509060026624e+03, 2.218580741833937e+03, 8.944463111509005e+03, -1.903297149205034e+03, 2.759040975394350e+03, 1.750492601677322e+03, 2.315342212375360e+03, -9.761302221535424e+02, -7.688193567638963e+02, 8.034355164345680e+00, -8.510755628753198e+01, -9.039214563427709e+01, -5.889378425537502e+01, -1.286848887647318e+01, -2.672237401893334e+01, -2.915423666695423e-02, 6.559307835048523e+00, 6.476270639480528e+00, 1.518993716200631e-01, 5.888328115678788e+01, 1.219473471715605e+02, -7.517573699457353e+01, 8.257670890669770e+01, 3.497970325769320e+01, 8.983830614361325e+01, 4.401098024204837e+01, -6.141672364998344e+01, -2.164854340522584e+00, -2.903049322579279e+00, -2.778100718876995e+01, -6.642045667095646e+00, 1.675569822879136e+01, 9.225975995052849e+00, -7.081180745930751e-01, 5.728765898860156e+00, -1.142729806979083e+01, -2.355815602827611e+00, -1.870151831950426e+00, 6.103380112183634e+00, -3.767606111765364e-01, -9.287193656996873e-01, -7.045817025497331e-01, -3.505337447126201e-01, -1.075199613310144e+00, 9.814273294401852e+00, -3.365915151501331e+00, -6.167358223185333e-01, -3.829783183460935e+00, 1.432662061810114e+01, 1.424544837279291e+01, 9.473254552263331e+00, -2.078035242174049e+00, -1.582724119004738e+00, 1.009048344901003e+00, 1.006802627254208e+00, 1.036388084286375e-01, -1.047504799872066e+00, 6.246449744771982e+00, -3.297480033966516e+00, 5.248484408986850e-01, -1.946778379845092e-01, -9.909542705082285e-01, -5.875593020168189e-01, -9.389623420995007e-02, -4.395219467188048e-01, -4.679737656348529e-01, -2.384698339787145e-01, 5.845344773802494e-01, -3.351899878371595e-01, 3.933877658217171e-02, 1.170363805591440e+00, 2.268326033206862e-01, -1.741809017316387e+00, 8.509308557122914e-01, 1.828023022024535e+00, 8.848620697279259e-01, 1.878149823592129e+00, -6.863890534921567e-01, 3.684060163272715e-01, 1.228347608511873e+00, 3.340768459689343e-01, 2.337796342357143e+00, 8.363409651968755e-01, -3.518741905055695e+00, -3.254522779526604e-01, -1.526109979795153e+00, 1.153796252278994e+00, 4.096434665759399e-01, -8.987738634045388e-02, 3.273418414410200e-01, -2.533908366672263e-02, 1.052378490027442e-01, 2.107414147933337e+00, -2.061838264154451e-01, 8.408827179598820e-01, -6.449431853755377e-01, -2.052796461231893e+00, -2.325831300958090e+00, 2.187950939659881e+00, 9.150314283822903e-01, 1.937259768834219e+00, 1.331882266396669e+00, -1.671893444949498e-01, 3.057435352737761e-01, 5.801578489572056e-01, 1.539404946816342e+00, 1.195301584908237e+00, 7.144915277835200e+00, 2.274789200056344e+00, 3.783023061052453e+00, 3.123676151239572e+00, -8.242445670701439e-01, 2.600496008530439e-01, 1.709442166520940e-02, 1.679909948129583e-01, -1.581748022269900e-01, -4.424552968031569e+00, 1.169457631625406e+00, -2.299054928899539e+00, -1.781365927024233e+00, -3.658652948408522e+00, -1.718058072505263e+00, -3.706137700950498e+00, -1.607538380530306e-01, 8.077836593514744e-01, 3.336037704615602e+00, 1.655596682160581e+00, 6.249168671156731e-01, -7.172603307484902e-01, -3.536930619417389e+00, 3.069032086002347e+00, -4.064745079199567e-01, -1.904487975795069e+00, -2.619646413871235e+00, -7.015486189293758e+00, 5.766623202364488e-01, -1.071180471446893e+00, -1.119220508909980e+00, -3.450211816204902e-01, -2.821239542613856e-01, -1.300924655796980e+00, -2.702453675764099e+00, 2.211468811330776e+00, 4.074150534910898e+00, 3.616467792236256e+00, -3.556785040964108e+00, -2.354752759710221e+00, -1.539040622919553e+02, -5.318844869588891e+02, -9.260515895982588e+02, 1.310301761164568e+04, -2.382110969206365e+04, -6.884051314398116e+02, -2.545848584725514e+03, 1.388383370091460e+04, 2.985127705129584e+03, -6.440755698141686e+03, 1.624306137916195e+05, 6.188954211211906e+04, 4.223055698493559e+04, 4.448815107286829e+03, 7.964983587259197e+04, 7.180591460319837e+04, 4.721115247537445e+04, 9.888504389950298e+03, 1.020363137956912e+04, -3.749138712857546e+04, -2.587567716870538e+04, -1.101906404902737e+05, -1.317928946128118e+05, -5.468866889577667e+04, -2.739505208556571e+01, -5.049785721991325e+01, -3.209496011799750e+01, -4.147419320296037e+02, -7.671463822482083e+01, 4.855384664503116e+01, -5.238779908380858e-01, -1.555903077297273e+02, -3.730504675161399e+01, 4.607311715297980e+01, 8.178616727709984e+01, 2.102717551400436e+03, -8.142508887479789e+02, -2.091603537471949e+02, 1.210804897852082e+02, 4.713793863834026e+02, 1.440288545185143e+03, -1.829570390607049e+03, -8.720432873310492e+01, 4.313984989811366e+02, -1.179463259512236e+03, 6.362764593865837e+02, -1.751465707679667e+03, 5.084180865578614e+02, -7.940134614418024e+00, 1.566240194516686e+01, 2.711897108114945e+00, 8.101917006284040e+00, -1.803232181534937e+00, -9.354743222988573e+00, -3.302036905939772e+00, 4.192371525395735e+00, 1.747342943190182e+00, -6.606179523329730e-01, -5.750417959264160e+00, -1.596934070471886e+01, -2.847491307824314e+00, 1.571149405300137e+01, 5.340043021960853e+00, 1.552726369298193e+01, 3.634564712800918e+01, 1.788042267859738e+01, -3.752693144074001e+00, -1.434886769980032e+01, -1.511429673867558e+01, -2.828397769196349e+00, 9.336292609957741e+00, -1.050732721507315e+00, 2.664420332437703e+00, 6.618386016009112e-01, -3.939945262874884e+00, -9.409371494666845e-01, -6.779266350184425e-01, -3.215766441873327e-01, 3.256966408488163e-02, -3.239103061535414e-01, 3.998142239869277e-02, 2.282963515539790e-01, -5.583189576717035e-01, 2.911697380335674e+00, 3.266876722058617e-01, -1.834442129913804e-02, 8.258204136994489e-01, 2.694742888977835e+00, 4.417927663037865e+00, 8.402933703814432e-01, -4.141223808217824e-01, -2.749863090022106e-01, -2.327628093971582e-02, -1.424372332401644e-01, -1.373243883677951e+00, 1.943058685553312e-01, -6.229720332939354e-01, 5.402375486783680e-01, 2.922883575664460e+00, -1.221095458903114e+00, 8.627352323755086e-01, 1.431121363932625e-01, 2.900043859455604e-01, 3.103601712605448e-01, 1.015556945166928e-01, -8.205278962040530e-02, -1.360167924240704e-01, -1.728134467261651e+00, -7.072036982181458e-01, -7.252696663731520e-01, -2.679516407932609e-03, -7.781835607419718e-01, 1.288340626579051e-01, 6.013429075418212e-01, -2.169000359977333e-01, 4.067303573227752e-01, 1.314443047270072e-01, -2.957194093833356e-01, 5.864434273354143e-01, -2.136821619689062e-01, -1.666187338363442e+00, 3.760288937019598e-01, -4.400739518105086e+00, -9.085973916076828e-01, -8.604548781298150e-01, -1.284641311416267e+00, -2.464403143821575e-01, -1.672579792339311e-01, -1.017403891390795e-01, -4.696088556615632e-02, -6.734351005266988e-02, 2.433645324912224e+00, -7.092346981534290e-01, 5.513725741197032e-01, 5.339243476115544e-01, 2.699502736094395e+00, 5.396766594463833e-01, -4.726976903743076e-02, 5.336118937774338e-01, 9.514570959236863e-01, -8.528668167944233e-01, 5.788723985080283e-02, -1.137651141228666e+00, -3.587296196744123e-01, -6.223848584566072e-01, 4.924241531570541e-01, 4.062051611979267e+00, -8.336649041497907e-01, 1.411622587268812e+00, -9.003725342936076e-01, -3.832815205435355e-02, -8.180972176180486e-02, 1.369075546572946e-01, -5.395723948401195e-02, -4.903682197755050e-02, -2.446153429891501e+00, -2.907651093473788e-01, -1.024231943510584e+00, 8.149202118663462e-01, -6.757709886492508e-01, 1.739911242880019e+00, -1.400473904882864e+00, -2.429314404055822e-01, -8.453217753318439e-02, 2.075129153308682e+00, -9.179930702027337e-01, -2.115551371596258e+00, 5.929884325929664e-01, -6.756578318220223e-01, 9.443533825749918e-01, -2.621537508359699e+00, 1.576458687139275e+00, -3.194263412415888e+00, -1.343303399717894e+00, 3.480189584949440e-03, -1.820184412144729e-01, -2.630423428757336e-02, 3.165287688163988e-03, -3.220375006338813e-01, 1.795525735675254e+00, 8.725380621523295e-01, 2.309105668881609e+00, 4.787604399106619e-01, -1.608955683201461e+00, 6.340237816654025e-02, -2.644398701798489e+00, 3.135462922711073e-01, 4.468405483023791e+02, -2.253948750678417e+04, -4.099275589498127e+03, -3.737329074547537e+04, 1.686587568555718e+04, 1.674217166864351e+04, 1.681575750969781e+04, -2.184279850879945e+04, 6.599528183872324e+03, -2.528945224414928e+04, 2.429775909322247e+05, -1.216761189411057e+05, -7.839378770059216e+04, -1.317683209895809e+05, -1.525578343332224e+02, -2.785888668425355e+04, 1.400820947635705e+04, -2.928166914467140e+04, 1.585686994020047e+04, -4.098873464459627e+04, -1.959975413660482e+03, 5.826729403419254e+04, 1.069432737810218e+05, 7.252931894951458e+04, 9.299708110215700e+01, 9.461430301513981e+01, -2.850620287384652e+02, 1.296174272059629e+02, -3.193135379384818e+02, 7.632781003488130e+01, -1.517356857145590e+02, 2.011643948290428e+02, -1.347755880474415e+02, 1.232461015637692e+02, 1.087110547941001e+03, 3.821152463591890e+03, 4.211327294774903e+02, -1.443125866048794e+03, 5.099047461085503e+02, -8.143930705886734e+02, 2.897252209385212e+03, -1.685641120552064e+03, 1.162352738759357e+03, -8.490410329903182e+02, -1.096117042032025e+02, 2.775969308638152e+02, -7.454882919105651e+02, 2.773236004425189e+02, 1.446033442853822e+01, 1.183938746566248e+01, 1.375212563561905e+01, 8.686929564487622e+00, -2.397623417329967e+01, 5.269979252598936e+00, 1.783942979645522e+01, 4.916337879782234e+00, 1.255474514071333e+01, 1.766290588316015e+00, -4.581655723358597e+00, -4.439136919661291e+01, 1.403565771673097e+01, 3.230463055720931e+01, 1.637750226855069e+01, -2.184655870123958e+00, -1.292351977905437e+01, 4.660138390151133e+01, -1.180341678709536e+01, 1.390698684753467e+01, -1.917846317881039e+01, 6.530744392555799e+00, -9.464999677718241e+00, 2.715492962607184e+00, -6.608421070570704e+00, 2.606586406240271e+00, 8.660546506403903e-01, 1.622981433287449e+00, 5.503149778149129e+00, -3.833595374601914e-01, 2.908988958784309e-01, 4.057456191631825e-01, -6.740952385470018e-01, -9.270260311043521e-02, -9.901953688345912e-01, -1.632510117858828e+00, 1.914797537980195e+00, -4.882266773774949e+00, 3.098854625355678e-01, -3.928314078379770e+00, 2.593524889305480e+00, -1.888428869684414e+00, 1.176086959594902e+00, 2.694393686260842e+00, 2.923682171950734e+00, -1.728341980071658e+00, 1.488190310315108e+00, -7.160003823344525e-01, 9.304556650967115e-01, 1.359054639735947e-01, 1.918517636714662e+00, -1.144915497277240e+00, -1.478213576328095e+00, -2.562219036112713e+00, -2.502308041872917e-01, -4.507177607914520e-01, -9.644335844421190e-02, 5.093927960840887e-02, 2.170787053295882e-02, -9.904308103718517e-01, -9.596198800086863e-01, 1.368575482446254e+00, 1.274077611967850e+00, 1.100296153330601e+00, 6.566710349728933e-01, 7.801956001194216e-01, -6.467964151283815e-01, -1.150031752721070e+00, 3.617011674073794e-01, -2.940610411703672e-01, -4.660295926205361e-01, 1.538898942710339e-01, 5.377689073746843e+00, -3.105685506588084e+00, -4.782081379382048e+00, -1.260023596747495e+00, 6.037334513712610e-01, 2.703638857005075e+00, 5.231152233609241e-02, -7.361748852310987e-02, -2.797067702640628e-01, -6.660288108672782e-02, 6.170025238321666e-01, 2.482252773120572e+00, -9.835204746814713e-01, -3.509466594886543e-01, -1.455366531239014e+00, 2.264940416906305e+00, 8.208334436548600e-01, -1.776643426836670e+00, 9.807441088222851e-02, 6.288169117454944e-01, 1.676506795955652e-02, -5.283393408896975e-01, -6.115794968454231e-01, 4.281092355862033e-01, -3.642027719808776e+00, 2.420010357034472e+00, 2.173567519844996e+00, 1.178959657573950e+00, -1.790654378063154e+00, -2.669928318246101e+00, 4.293071133532753e-01, 1.448113367888385e-01, 9.974503684689381e-02, 1.750582573223023e-01, -4.419160078486946e-01, -8.477439575680249e-01, 1.004385539158694e+00, 1.300475039771014e+00, 1.296193945824445e+00, -1.661284218345492e-01, 2.946011227904095e+00, 3.016051317991602e+00, 1.574548089661349e-01, 7.440126262051315e-01, 1.544152361950140e+00, 9.051393115381656e-02, 1.006990563924211e+00, 6.275298708235409e-02, 6.278757573245278e-01, 3.292153663942727e-01, -1.733774927627096e+00, -4.614109902904742e-01, 2.640876108469231e+00, 7.678888985015691e+00, -5.680147595543502e-01, -7.431259243946640e-02, 1.508902074428486e-01, -3.637679630884521e-01, -5.483005493893504e-02, 8.365180057004795e-01, -5.828450765511526e-01, -1.176701070958372e+00, -4.072144881115871e+00, -2.088651235097937e+00, 1.990342680082907e+00, 6.936768673390592e+00, 2.634139633086974e-01, 8.666561182308624e-01, -1.399630481919166e+03, 3.175723669323378e+04, 7.290598669898673e+04, -2.580858918447842e+04, -5.620002404365579e+04, -5.970823472213235e+03, -1.102434386961351e+03, 1.876885734261671e+04, 1.241407419194074e+04, -1.433069873821979e+04, 1.682788421977355e+05, 2.322042594747737e+04, -1.448799412192330e+05, 1.192617575561626e+04, 2.749221839485909e+04, 1.028253881028133e+05, -9.757726640947347e+03, -4.504886438151883e+04, -8.094056652919014e+04, -7.097665055864974e+04, 5.351587905158044e+03, -2.579065951630653e+04, 1.383043680339380e+04, -7.833031975323979e+04, -9.878258303077051e+01, -3.853103518381101e+02, -4.046239520935122e+02, -2.293456673193435e+02, 5.231756438996011e+02, 9.105982704488248e+01, -1.297165494599898e+02, -1.029835463126406e+02, -9.423566916031493e+01, 8.439302266135751e+01, 2.381219872085585e+03, -5.968025498354761e+03, -2.518453874800528e+03, -1.802753634241831e+03, -1.059221888222640e+03, -6.581270897876838e+01, 4.371730027015422e+01, 5.311158171947978e+03, 1.318866858855318e+03, -3.548849477420571e+03, -1.917571792926794e+03, -2.220431633009344e+03, -9.329396186549985e+02, -1.005767142299735e+03, -1.233733475325706e+01, 1.890947869983165e+01, -2.618879709082538e+01, 2.866624700183275e+01, -2.033841210648577e+01, -2.598033289242399e+01, -1.512593777576924e+01, -8.601291841034080e+00, -1.066832605386775e+00, -3.727380001079965e+00, -1.931950021897196e+01, 8.758975301080180e+01, 2.550393891320692e+01, 4.349012623779077e+01, 1.313196327485996e+01, 2.546467286964632e+01, 6.338460473703800e+01, 9.399964159156422e+00, -3.553550760573545e+00, -5.312047223066204e+00, 3.171094171943664e+01, 7.575908202264917e+00, 8.845616966599170e+00, 3.090762038652270e+00, 1.264811962686933e+01, -5.215133876700722e+00, -6.613155348614828e-01, -9.689224682894846e-01, -7.098609810258688e-01, 3.772657485267881e+00, 1.202058741078716e+00, 6.850878026472972e-01, -6.844007589283289e-01, 1.873659929161493e-01, 9.825020986193516e-01, -6.747885923376249e-01, 3.939564057001019e-01, 1.127779850828235e-01, -1.485328655924404e+00, -1.242228069923519e+00, -7.658080517473101e-01, 2.220503049835274e+00, 2.989398549893979e+00, 2.299170518956603e+00, -4.805766165295562e+00, 1.740214790613929e-01, -2.108510566314579e+00, -3.474695285700842e-01, -7.430676431319458e+00, 1.741652042943899e+00, -2.236193935427337e+00, 2.024870774770660e+00, -7.733315003443966e-02, -1.290845323090849e+00, 2.127958050557046e-01, 3.028970688761125e-01, 6.263197746809160e-01, -7.178473511082609e-02, -3.268246004398316e-01, 1.143133097650809e+00, 1.367224095106076e+00, -2.654541313537688e-01, 8.075619165672084e-01, -7.473393089577158e-01, 1.547560636263175e+00, 6.540204311071148e-01, -4.977422359280523e-01, 2.528770259278565e-01, 2.584504148879507e+00, 7.460812738867800e-02, 3.646785335851933e-01, 7.761476203317580e-02, 6.934716734415739e+00, -3.171161895351132e+00, -3.088468278099637e+00, -3.030936561719780e+00, -1.472150784550748e+00, 1.469427746781315e+00, 2.725013175450764e-02, 1.086785638362065e-01, -1.026002417084306e-02, 4.810320001857548e-01, 5.128213739870520e-01, 1.378809188076640e+00, -1.326733062306185e+00, 4.348020163989413e-01, -4.905319125687262e-01, -4.580449509817188e-01, 2.104509655477366e+00, 2.494881633696159e+00, -1.855754900523179e-01, -5.115417141799897e-01, -9.324623060682543e-01, 1.190676990612973e-01, -1.477023716029173e+00, 9.824647135594039e-02, -8.199647541571601e-01, -2.784006912956776e+00, 1.451643719835842e+00, 1.453075937590074e+00, -2.084180090132047e+00, -2.453539488354595e+00, -7.150936947233325e-01, 3.231099032002831e-01, 1.870935549936289e-01, -3.376117649231383e-01, 6.522093373563493e-01, -2.006428153335227e-01, 5.327419271017342e-01, 1.485698569063099e+00, 1.156267430562635e+00, -6.188493415934388e+00, -1.195293218536796e+00, -2.404892488512087e+00, 4.062493216072218e-01, -6.785554248833675e-01, -1.891224309649184e-01, 6.569916310475944e-01, 6.296182364969652e-02, 2.465555410229035e-01, -3.800478872199639e+00, 3.373478361363140e+00, -1.363064439807569e+00, 8.661428542310864e-01, 2.566143106295380e+00, 1.346379732965087e-01, 4.580217133937154e-01, -4.792378548410863e-01, -6.540496039097118e-02, 3.058504411192164e-02, -7.476441940656382e-01, 1.062058552485624e+00, 7.472326039920963e-01, -1.802572415262693e+00, 6.359418803398528e-01, 3.998061451649932e+00, 3.494287326901398e+00, 1.800039011140673e+00, 4.292730476796579e-01, 3.847174037199979e+00, 1.584681624587732e+00, 3.970887778940507e+02, 1.356511336113152e+04, -6.168471621540318e+03, 4.913553983379608e+04, -1.564522949396023e+04, -1.238019351867548e+04, 6.011142433741107e+03, 4.219683111056768e+03, 1.939048506733416e+03, -3.782029605174301e+03, 3.758810864257045e+04, -2.061573718089604e+05, 5.259292218078108e+04, -9.246355928512290e+04, 6.644200194140742e+04, 1.719966254617682e+05, 6.004217514531944e+04, -7.449056860730449e+04, -3.734775009433870e+05, -1.138669938354936e+04, -5.508791750640608e+03, -9.711219863159016e+04, 1.259915435578459e+05, -6.216381683905624e+04, 8.519960532759275e+01, 1.690439719025732e+02, -5.343509074038786e+02, 7.593857763857061e+01, -1.916559427050952e+01, -2.362241565831960e+02, 6.188826084676339e+01, -2.604461734108007e+01, -1.402413183003520e+02, -3.811788532183233e+01, 1.862493663206553e+03, 2.708001582708791e+03, 2.798814350196590e+02, -2.618274175150165e+03, 2.641319999162250e+03, -2.256459433211816e+03, 3.432013469008307e+02, 3.192181111928451e+02, 1.719568646015505e+03, 1.331798939189383e+03, 1.041362031546409e+03, -1.654893917439889e+03, -2.408172868423798e+03, 1.820688917474122e+02, 3.178208770560714e+01, 1.798827975217116e+00, -4.295381206539723e+00, -1.254193249203617e+01, -3.507744686561753e-01, 2.228676014554391e+01, 1.142312112754717e+01, 6.654859574858808e+00, 9.144242118781090e+00, 2.347579829073547e+00, -1.221316798124386e+01, -2.167405114496021e+01, 3.652116430704618e+01, -1.998275503137800e+01, -4.934704392050278e+00, 3.344442842089506e+01, -2.530961931548719e+01, -1.692629759957068e+01, -4.609179006947096e+00, -2.315370918673064e+00, 8.690899152546773e+00, 3.888775180054168e+00, 1.597671684875389e+01, -5.852848489414185e-01, -7.113543086587461e+00, 1.478586028716309e+00, -4.559821402023301e+00, 2.411330024225299e+00, -3.174436404588781e+00, 3.724203686544552e-01, 1.437959690981389e+00, 1.072954647968856e+00, 2.289859500767233e-01, 1.827894949521015e-01, -6.170506187610604e-01, 2.693030007121807e+00, 4.020753608513810e+00, -1.927964036202787e-01, 1.016509511642416e+00, -2.156107827651153e+00, -1.997336545684732e-01, 5.967481978277231e-01, 1.866040674516046e+00, 8.659396308427180e-01, 1.173446284216696e+00, -1.001578681653768e+00, 4.996787854182276e-01, 9.122856034313601e-02, -1.173370691051053e+00, -4.791260228520722e-01, 5.686540323778617e-02, 3.484712686815000e+00, 1.246454717735572e+00, -8.702289669590267e-01, -2.232810952093011e-01, -1.866901882264488e-01, 9.832169697200450e-02, 2.702060259717422e-02, 1.779456515627636e-01, 6.461002690601063e-01, 1.490846252649769e+00, -2.404224348507510e-01, 7.279953523956254e-02, 2.479096343158759e+00, -1.746979672792148e+00, 3.639175754236209e-01, 4.019544250070436e-02, 1.288820119536718e-02, 5.391479858666910e-01, 4.235156392865368e-01, 1.433353362838894e-02, 4.194671800981310e-02, 2.561410529681835e-01, -4.363194681403665e-01, -1.962537394953623e+00, -2.693081195728008e+00, -2.333366949013994e+00, -1.170254440777678e+00, -3.759364879121568e-01, -2.451615772746523e-01, 8.527591312744479e-03, 1.436486552893496e-01, 1.442424950580645e-01, 9.476884655355100e-01, -1.275890211202134e+00, 1.042095648935318e+00, 4.389164528030969e-01, -7.415392055272946e-01, 2.122336930339179e+00, -2.182939259275239e-01, 1.571587057625776e+00, 3.449493570125068e-01, -7.430410256767506e-01, 2.625995424371508e-01, -4.436983622597697e-01, -5.276023409338895e-02, 6.818024406319264e-01, -1.776104378924834e+00, 9.613248089849854e-01, -3.211244544881307e-01, 3.270119493343603e+00, -6.388362645990091e-01, -3.831572765695947e-01, -2.491312254766247e-01, -2.736555681622105e-01, -1.285496637705994e-01, 3.474352375879097e-01, -4.236492711851078e-01, -1.733607986323822e-01, -1.367341770936177e+00, 1.704070903152052e-01, -1.137371368047106e+00, -3.849421910209906e+00, 1.884732121648041e+00, 3.664596430848851e-01, 1.364758468015310e+00, -1.387105074778779e+00, 2.362858935143838e+00, -3.930522087307743e-01, 4.761596204488227e-01, 4.815831488694085e+00, -3.217749564619261e+00, 2.170482045304093e+00, 2.504633554942211e+00, -2.151592578127401e+00, -1.504956498678379e+00, 1.001379339742608e+00, 9.305447373613857e-03, -2.812128850885186e-01, 1.454490180332523e-01, 7.036671215807427e-01, -3.098612953374286e+00, 2.310795357123187e+00, 6.278969954009460e-01, -1.747793329177920e-01, -6.269881612395321e+00, 2.316675347892950e+00, 1.134816545687212e+01, 3.676219133382767e+00, -1.647315742120872e+00, -6.793370279257564e+00, 2.010219495627740e-01, 1.952874985986743e+03, 1.354021365047162e+04, 2.538691416062568e+04, -2.397754041815517e+04, 2.070802958227235e+04, 1.096940619062652e+04, -4.676014328190459e+04, -3.589089350381373e+03, 2.715937246739517e+04, 2.122648779576195e+04, -4.349773266039165e+05, -1.640990734892484e+05, 8.659417979262059e+04, 7.857977339596614e+04, 2.233705989701690e+04, -1.218906249701683e+05, 1.951380886637003e+04, 4.444078434027266e+04, 6.492530385627972e+04, 1.553902838431763e+04, -1.030680181985532e+05, 3.911545827383746e+04, -1.233068131440732e+05, 3.144962920946160e+04, 2.212404272912925e+01, -4.657927283065063e+02, 1.711109893054659e+02, -2.622180422720247e+01, -7.807783788522315e+02, -1.060858970194751e+02, 5.561785923860779e+02, 3.886730074193584e+01, -2.296861813007644e+02, -2.779243176546138e+02, -1.231706766336497e+03, 2.688496155697304e+03, 1.426447070528197e+02, 1.920604708574484e+03, 1.603147372369584e+02, 5.218298625776832e+02, 4.277630193606189e+03, -7.694152449204371e+03, 2.441666086184427e+02, 1.970334940106525e+03, -2.999157499723846e+02, 3.981071182439054e+02, -1.084769265289062e+03, 1.608453627784601e+03, -1.907269641416413e+01, 3.676259263559449e+01, 1.976750969573694e+01, 9.685655368707129e+00, -4.923492914096343e+00, 7.878411595023379e+00, -1.132100087868373e+01, 3.887582328510248e+00, 7.831043269473198e+00, 1.054983485322759e+01, -7.275992952959283e+00, -6.126149235104788e+01, 2.509973840234029e+01, -1.068788608096068e+00, -2.412283594780082e+00, -4.931347740043203e+01, -4.178027176952005e+01, 3.841505980154401e+01, 1.563521981597601e+00, -1.269024853669810e+01, -3.404597227205872e+01, -1.824379748964646e+01, -1.401445734383783e+01, -1.682639342040228e+01, -9.612173272801408e-01, 6.307725339626792e-02, -2.568048826050255e-01, 1.595413760033843e+00, 1.947040587624052e+00, -1.133564774783372e+00, 1.115020154666927e+00, -6.516788334645450e-01, -1.119676352399560e+00, -1.276415919152982e+00, -5.877544194209507e-01, -9.624532267081034e-01, 1.987250638577933e+00, -1.410094351931280e+00, 4.540413161714567e-01, -1.025134749389350e+00, 2.626170383132196e+00, -1.044139439620904e+00, -7.460380928412810e-02, -7.836512597876989e-01, -5.181116597754408e-01, 3.407843987559975e-01, -2.967563094174622e-01, 8.112936442679328e-01, 1.254977251942431e+00, 5.355954466513033e-01, 1.860791370441843e+00, 4.225086270953742e-01, -6.620501727117545e-01, -3.244345670913282e-01, -4.322308269719822e-01, 2.019193744606503e-01, 4.272384644907506e-01, 3.322912835016265e-01, 4.631451903987570e-03, -1.255426323387761e+00, 7.603443205550947e-02, 2.311891177254315e-01, 2.714279641916602e-01, 3.992732349435514e+00, -1.714531286324797e+00, 2.038453408639912e-01, -5.002266715094115e-01, 7.977261569343727e-01, 3.074565107050656e-01, 1.132399101438034e-01, -8.236865490969185e-02, -6.506278416439629e-02, -8.898659651835515e-01, -1.841566936217155e+00, 2.734724892052036e-01, 1.701214912848002e+00, -1.777011927425980e+00, 1.129550174832905e+00, 1.016689724151360e-01, -3.801188743016198e-01, -3.831776685051888e-01, -2.026777903343876e-01, 3.774554146911965e-01, 1.105851954154638e-01, 8.035053078700638e-01, 8.625707130213998e-01, -5.961376331729538e-01, -3.741994295161615e+00, -2.057720789437305e-01, -9.849138318559092e-01, -3.025361228135857e-01, -1.489919525838775e+00, -7.720215229700416e-01, -5.057312462056230e-01, -7.586929520074170e-01, 6.139025085867558e-01, 2.865391642626446e+00, -8.276864414675497e-01, 1.797527316335455e+00, -1.275903378273562e+00, -9.462517644712926e-01, 2.502190902105427e+00, 2.575712681103030e-02, 2.544916059149837e-01, 1.710229597334974e-01, 1.909826870566721e-02, 1.798692649894097e-01, -1.159967829695015e+00, -1.011041200856655e+00, 3.135354858116383e-01, -1.365572728580235e+00, -3.660645510573023e-01, -2.296594459910296e+00, 3.597180394978869e-01, -1.277998949652525e-01, 6.451571188179634e-01, -8.226712175690991e-01, -6.201225549980388e-02, -4.429188519058386e-01, 9.828171899429281e-01, -7.334662115341477e+00, 2.655505528114138e+00, 1.387974293925310e+00, 4.818618375980120e+00, 9.882899119160534e-01, -2.232631864443083e+00, -5.933642386454306e-01, -1.048305757387319e-01, 7.995986446315681e-02, 1.851026720141519e-01, -4.310383032317791e-01, -6.695869702142343e-01, 2.991977391324355e+00, -7.255890073332002e-01, 6.481134307187258e-01, 1.630986471743218e+00, -5.711673583260500e+00, -2.945331310593482e+00, -1.074939971233424e-01, -4.430741521171685e+00, 5.880019798050250e+00, -2.771917248652719e+00, 1.150993507821642e+00, 1.082273431408262e+02, -9.194974240859410e+03, -2.135608991902302e+03, 6.674940231969133e+03, 2.781491009447431e+03, 3.111859358692977e+02, 4.668569305620299e+03, 1.180793496195495e+03, -3.657614409728168e+03, 2.364618025223391e+03, -1.392956715640548e+05, -5.691061663500122e+03, 4.220882372551618e+04, -3.889263467456911e+04, -7.536818394939704e+02, 2.842567653384668e+04, 8.483226759558918e+03, 2.022695399123585e+04, -7.025492168019990e+03, -8.218143636255387e+03, 1.387195401218604e+03, 1.915841986959823e+04, 3.057609842718050e+03, 3.494524451495213e+04, -4.442161281336598e+00, -2.666085221751113e+02, -1.536024439707514e+02, -5.077878215360362e+02, -9.177049170634753e+01, -8.268148986253930e+00, -1.725100290765534e+02, -1.149002999751805e+02, -7.525318871231826e+01, -8.940796646670968e+01, -5.587012443501491e+02, -9.025310371425503e+02, -8.779458358628574e+02, 4.948242772235681e+02, -1.231649647545936e+03, -1.257684342283580e+03, 2.027731906682029e+03, 5.647727210510707e+02, -5.284648842774618e+02, 1.253122100039678e+02, 1.652981022621984e+03, -1.704171389673566e+02, 4.081241500275643e+02, -5.401744952474751e+02, -2.004174334684873e+00, 1.106470294632726e+01, 1.067417240748370e+01, 1.151983850935248e+01, 3.702255124227330e+00, -1.463778525753738e+00, 5.965575804077586e+00, 3.562237146996979e+00, 2.146729161131938e+00, 2.980268009319308e+00, 1.555022329304126e+00, 1.997709905695746e+00, 6.266911484280939e-01, -4.092560779967528e+00, 6.019977937665010e+00, 2.478560903184906e+00, -1.521630591526089e+00, -1.367964273477177e+01, 4.559968805855392e+00, -1.370149194027516e+01, -1.693496772821038e+01, -1.425774618992466e+00, 3.215961508447076e+00, 2.513901273331512e-01, -2.985724537764991e+00, 3.769544692946706e-01, 9.589931437004955e-01, 8.167683939417943e-01, 4.778704180141368e-01, -4.631263769063612e-01, -6.135318424372727e-01, -2.735946908472933e-01, -1.098394967999255e-01, -2.186871701195910e-01, -2.012382400531257e-01, -7.333553582130787e-01, 4.996572068191117e-01, 3.396728261147520e-01, -2.929493856677674e-02, 5.426696920663658e-02, -1.273383719885457e+00, -1.728529812895307e-01, -1.292306970797286e-01, 5.160980056048214e-01, 1.933896783566077e+00, -3.445822507610040e-01, -1.438748419643752e-01, 1.085797512129000e-02, 1.285960072794959e-01, -6.015963577425414e-01, 9.502428880393558e-02, -1.611538351129867e-01, 8.886765564406726e-01, -1.664113533528108e-01, -1.385013345575401e-01, -4.920671292294756e-02, -9.763749319995249e-02, -2.389916404963558e-02, 1.901083886376575e-01, -8.291254939244680e-02, -2.259937884291741e-01, -4.770218930731029e-01, 9.159377694935624e-03, -6.848320737541956e-01, 1.045642280180030e+00, 2.233601254889055e-01, 2.477483808031960e-01, -1.857571769013847e-01, -6.279022531337325e-01, 2.862928471422438e-02, 1.158592397102771e-01, 1.332864972526770e-01, -6.315397979245120e-01, 6.524797939210059e-01, -2.135151092917450e+00, -6.405105988640425e-01, -1.151861676040323e+00, -2.577928876551295e-01, 1.630612242232672e-02, 1.129582907196460e-01, 1.073477131087364e-02, -9.047946146877808e-03, -1.922872760164618e-01, 1.061871728476407e+00, -1.143512771549077e-01, 4.693096355650953e-01, 2.194377059130868e-01, 3.032900407041673e-01, 2.604533715065394e-01, -5.142925477807972e-01, 1.910573314828926e-01, 4.746572161638983e-01, 5.741982867136951e-01, -6.527809088704390e-01, 8.429485729787813e-02, -1.601300379290405e-01, 7.697228376605202e-01, -1.163749234530428e+00, -8.943572329997987e-01, -1.001491281295164e+00, 2.040759614601103e+00, 1.720744476717193e+00, 3.048614473971187e-02, 1.539380197670224e-01, 2.657744103378611e-01, 3.361287955013437e-02, 2.447430220118892e-01, 7.249136752731176e-01, -4.670255283867413e-01, -1.100725201969377e+00, -1.096931735762141e+00, -2.454119808022912e-01, -2.952884488539793e-01, -1.991263384901911e-02, -1.853998515359283e-01, -3.334058946899396e-01, 3.135129192485699e-01, 2.192643692255004e-01, 8.029560126468240e-01, 1.825063661722616e-01, 2.002714545113335e-01, -5.606987431655031e-02, 5.526649669497359e+00, 1.309490187015847e+00, -6.787784931132625e-01, -1.825069830742795e+00, -1.502951990251483e-01, 1.929127173399765e-01, 3.479337631911241e-02, 7.450190090365161e-02, -2.873266725968978e-02, -3.836516032650946e+00, 6.871053544768477e-01, 3.600902232339351e-01, 9.958102315092019e-01, -2.003463200876482e+00, -3.507096754031812e+00, -6.263892041703011e+00, 8.257942654996856e-01, 1.982085872400035e+00, -2.024434016790198e-01, -2.978034386335899e+00, -1.281504187691512e+00, -3.797836767840309e-01, 2.820759537081836e+00, -7.799312588409298e+01, -1.013036147685491e+02, -5.850953554635613e+01, -9.117184803330173e+01, 9.246466192970082e+00, 5.398430090478280e+01, 8.439166580798107e+01, 3.707121138596404e+01, 1.015275870868540e+01, -2.004315705322594e+03, -6.672747180501116e+02, 4.852833737662845e+02, -4.402909187087926e+02, 3.709078770582439e+02, -9.881767108827546e+00, -2.758422915307964e+02, -1.781192857320843e+02, 1.219460766996032e+02, 1.859474454461409e+02, 3.450757998609299e+02, -1.720553467820579e+02, 2.215879660353714e+02, -1.987553763399794e+02, -5.514465584099560e-01, 4.340490913596484e+00, 8.539268860724913e+00, -2.196443611752099e+00, 4.045935936827159e+00, -9.826123933214587e-01, 6.659558152179220e+00, -8.834002693993969e-01, -1.665634902753579e+00, -5.487491820342038e+00, -2.937290832044927e+01, -2.707028848427007e+01, 1.001170839292885e+01, -1.420943162959392e+01, -1.191406247523440e+01, -5.327395185582048e+01, 2.101829396867367e+01, -1.457855559165297e+01, -5.653677413280554e+01, -1.027234109350227e+01, -5.440551923023698e+00, 1.958429765167569e+01, -2.132301399925318e+01, 1.884412747147933e+00, -3.720744867418668e-01, 7.916812569727705e-01, -4.006491387487316e+00, 2.630731940408824e+00, -3.377417765583273e-01, 2.596155989925315e-02, 9.505861376397917e-01, 1.165597243158264e+00, 5.756188124915634e-01, -3.986760857292398e-01, -2.653415254467127e+00, 7.524197130086253e+00, -3.838508883398430e+00, 3.413860993806765e+00, -2.597749646422004e-02, -2.155811692597872e+01, 5.236432970419638e+00, 5.419735110281922e+00, 9.749665390769577e+00, -5.965987978820054e+00, -1.812702113378369e+00, -3.714725540220883e+00, 1.532861515153046e+00, -1.632268810010208e+00, -1.524911940561956e-01, 1.974466161773228e-02, 7.310921138917824e-01, -2.220555080043381e+00, 2.320214235037205e-01, 1.314273252277851e-01, -1.466286040001840e-01, 1.361633210338007e-01, 8.778042102184286e-02, -2.650435730246938e-02, 1.953895512860270e-02, -8.311937583956437e-02, -9.824893229659273e-01, 2.447917834814791e-01, -1.998992695362426e-01, 2.337408854214843e+00, -5.533054608076512e+00, 1.777465871675953e+00, -5.924804413376460e-01, 6.802627329334512e-01, 1.946776835211391e+00, -2.373294714726124e+00, -8.200136719621139e-02, 1.637825244748265e-01, -1.117776665722048e-01, -4.307414085219947e-03, -7.674458575605717e-01, -4.382950641496591e-01, 1.334564957127816e-01, 1.966409211333985e-02, 9.414244580662146e-02, 9.086229830209937e-02, 2.864703113674098e-03, -3.386960250469224e-02, 1.530176094293612e-02, -5.163537990109747e-03, -5.715081231855800e-01, -4.247115554174216e-01, 9.663953171201421e-02, -1.686883068140861e+00, -2.116120303492854e+00, 7.674376782070705e-01, 1.462519518134154e-01, 2.576719193937399e+00, 1.102724119932519e+00, 1.204507753599294e+00, -7.248612181196541e-02, 2.380358037533453e-01, -2.649218784086322e-02, -2.734189127494709e-03, -5.505260026236265e-01, -6.925084006034871e-01, -2.396766881308200e-01, -2.479383437380068e-01, -3.733545641064241e-01, 1.074945874619388e-01, 2.913819522801973e-02, 3.669449226315918e-02, 2.444464996517792e-03, 8.440457564951411e-01, -3.208904486869335e-01, -1.201580890673231e-01, 4.944911497937365e-01, 2.686569126508005e+00, 2.279073136652519e+00, 1.475737643318623e-01, -2.864040162603964e-01, 4.314884363024659e-01, 1.170443213216391e+00, 3.057329476100166e-01, 8.397199413807273e-01, 7.715796236438252e-01, 2.439843493214769e-02, 3.784765614192598e-02, -1.059272894428614e+00, -7.890804341202523e-01, -2.863610055013515e-01, 8.595727487235529e-01, 1.621090844365259e-01, -5.214424901458045e-02, -7.589164397070723e-02, 3.233899894114221e-02, 1.310265425658918e-02, 1.294867889598598e+00, 2.526952084970056e-02, -8.235116974868377e-02, 1.310869952872361e-01, 3.178019290257726e-02, 6.126936504019397e-01, 5.866718912692130e+00, 2.480433557719976e-01, -5.454187349061852e+00, 2.935456357085723e+00, 2.923022463937130e+00, 1.926856309343245e+00, 9.802893797643401e-01, 3.283560502182860e-02, -5.240535072751223e-03, 1.446144310927275e+00, -9.392920803374013e-01, 7.545498413199297e-01, -6.329464336428238e-01, 4.650655917907665e-01, -2.446196365287089e-01, 4.338386922538555e-01, -1.433582822845958e-02, -2.076626111825065e-02, -1.466310163014342e-01, -1.141327662354681e+00, 2.540168149530575e+00, -1.279817470205821e-01, -8.750625693183101e-01, -1.103931290693948e+01, 4.609139659592155e+00, -8.542283452813312e-01, -8.559601345056896e-01, 8.399212062116520e-01, 6.236833063029130e-01, 4.560954307662754e+00, 4.329533033535766e-01, -9.509181815699175e-02, 3.548106772709722e+00, 1.820978358992215e+02, 4.498862657820365e+01, -1.848836381818109e+00, -9.884614382712732e+01, -2.045125223637059e+01, -8.428752748198083e+01, 6.434355503299268e+01, 4.317383871976804e+01, -1.299066382268648e+01, -5.182742122837972e+02, -8.577546066169003e+01, 1.376411221205377e+02, -2.121038735257411e+02, 1.621279289704630e+02, 3.979054886773599e+02, -7.674785045745247e+01, -3.410183773176087e+01, -1.424466413185219e+02, 1.603095116709238e+01, 2.823721412921998e+02, -7.278080424391332e+01, 1.345399376252698e+02, -3.903632214836500e+01, 8.154557993174744e-01, -9.992821827795737e+00, 1.496770715454776e+01, -2.894766965516613e+00, 1.760652529544631e+00, 7.534148441123298e-01, -2.244348070904314e+00, -5.385793411900520e-01, 2.707183093821973e+00, -2.855668774489312e+00, 2.081457703761741e+01, 3.532867533963490e+00, 6.272801375581865e+00, -2.551302848037303e+01, 1.990914692796214e+01, 5.319604179921807e+01, 5.472565140755005e+01, -5.105568887755901e+00, -1.714680687212506e+01, -2.877843087031142e+00, 5.188155787285408e+00, 1.700487802594136e+00, -4.738817004367987e+00, -1.623162034111171e+01, 6.618638298252312e-02, 1.605388491283980e-01, 3.855616575873007e+00, 1.056357241234016e-02, 2.319305206743334e-01, -6.781164545211138e-01, -9.186814874378841e-01, -8.496708852673670e-01, 2.080921824390788e-01, 3.731355412293180e-01, -1.878467707777294e+00, -1.796955272048503e+00, 4.902710498110283e+00, -2.148887427082823e+00, 1.234416390306568e+00, 5.448780416265225e+00, -8.204218756248860e+00, -1.119780472830326e+00, -4.661440816586061e+00, 7.147207764474405e+00, -3.354382047482143e+00, 4.840610989320278e+00, 5.551896522298926e-01, 8.713907338869150e-01, -3.606514325144135e-02, 3.052378693263392e-02, -1.567267584946423e+00, 1.499968301792768e+00, -2.187509983094791e-01, -4.664348980204550e-03, 1.250716251131114e-01, -7.969628341566361e-02, -1.733386938458742e-01, 3.780610444153609e-02, 1.950005721038033e-02, 4.377695388904103e-01, 8.425667199767228e-01, 2.765386423931094e-03, -4.990533674540856e-02, -1.073587029077393e+00, 5.169308076631388e+00, -1.061829491699210e+00, 4.616922843787234e-01, -3.336878390298667e-01, -2.092929190956451e+00, 2.018188078003928e+00, -2.387684847228219e-01, -7.750593027461822e-02, -1.980358131283739e-02, 1.741512445957442e-02, 4.610131934598550e-01, -1.389563042564675e-01, 9.109461036132639e-02, 2.809766877142467e-01, -7.755379566032872e-02, -1.712854870427420e-02, 1.211133274866274e-02, -2.421819644763352e-02, 8.899639563236302e-03, 1.793593309725796e-01, 3.134194263978348e-01, 1.411538519822870e-01, -1.649030320374563e-01, 1.637470914304409e+00, 2.643693327616317e+00, -1.481814222381325e+00, -2.945815045611266e-01, -1.589563381548454e+00, -7.484126978707946e-01, -9.045029964646840e-01, 6.771084153715160e-01, -2.842602986409610e-02, 2.476279389758854e-02, 1.136178399975855e-02, 1.192733922873476e-01, 1.915698603540058e-01, 1.693023211068984e-01, -1.491442621741259e-02, 4.552620241093800e-01, -5.388555247574629e-02, 6.473885699326059e-03, -3.782045091612442e-02, 2.887091155001857e-03, -5.652068452793937e-01, 7.828433206064736e-02, 8.386066740934095e-02, -1.553745570643278e-01, -1.961116482364807e+00, -1.829614677702297e+00, -6.975927818965073e-01, -4.469103147673610e-01, 3.281489222617148e-01, -6.712770823950921e-01, -6.542160498468805e-01, -1.105335601684462e+00, -1.978961934844686e-01, -1.146807320991088e-02, 2.501220950908076e-03, -1.654511326448166e-01, 4.485103854649004e-01, 6.646064323709350e-01, -2.621246734780305e-01, -2.225043591328639e-02, 5.290816786954886e-02, 1.012835898635953e-01, 2.721949216264753e-02, -4.833384530688059e-03, -3.748977830904753e-01, -1.028746591485977e-02, -4.235860388236724e-01, -2.009036416219093e-02, -3.217488172202967e-01, -9.462506019027388e-01, -5.592334434112416e+00, 4.261910210428609e-01, 6.470366311179753e+00, -4.593594765348549e+00, -2.645448039975672e+00, -1.554362912866590e+00, -6.680415911737587e-01, 5.851482017328048e-02, 4.235293289035069e-03, -2.861283071288189e-02, -1.062283352795462e+00, -1.837530639133694e+00, 6.383220609229052e-01, -8.865549495412033e-02, 1.602097206025382e-01, -3.781955699231848e-01, 4.444211205899849e-02, -1.803190237779446e-02, -4.815171390077158e-01, -7.351856031796372e-01, -8.951031585976810e-01, 2.186766050772774e-01, -4.495870895110640e-01, 8.252002813239462e+00, 1.373317358037215e+00, -1.462448478494037e+00, 8.860790131079634e-01, -2.609812896350352e+00, -2.015831435459104e+00, -2.938238852850405e+00, -5.058762200386584e-01, -2.701215842220247e-02, -1.129692624782100e-03, 2.225552535880023e+02, -9.844307041017779e+03, 5.124715952819299e+02, -8.445669822590755e+02, 8.412952328184751e+02, -1.289434471620803e+03, 2.947733149516269e+03, -5.778458648900873e+03, 2.107856875160198e+03, -6.332822510056134e+02, -3.841189823982221e+04, -7.710258197930522e+04, 1.023226455478975e+04, 2.367468055786219e+04, -2.104324820167669e+04, -4.941272915812733e+04, -2.324597082113435e+04, 1.327184344903133e+03, -7.598906345838988e+03, 3.125329376644679e+03, -5.758179274909620e+03, 2.094271685871222e+04, -2.557130637127720e+04, 1.576946470408277e+04, -4.120575816837020e+00, 9.118713834678463e+02, 2.047855112315377e+02, -1.146713875555115e+03, -5.984216050327857e+01, 1.828401854246329e+02, 5.443584195111427e+01, -4.231478315690738e+01, 2.314387386667254e+02, -5.968759139110453e+01, -1.147526554457990e+03, 2.599201246051210e+03, 4.605662479958845e+02, -1.050416343807212e+03, 7.915663839352704e+02, -9.719477235935257e+02, 2.464470131115574e+03, 1.496437698041881e+03, -2.400406472193944e+03, -2.347434092798600e+00, -7.352381990126619e+02, -1.732983231973933e+03, -2.185083207723420e+02, 7.390150222538005e+02, -1.795231453589196e+01, 9.819258854005117e-01, -5.240005103320307e+01, -2.315534589126774e+01, -1.537361911874316e+01, -2.921108485049660e+01, -1.157979315959486e+01, 5.126082975459123e-01, -1.068283369156109e+01, -3.137247010320525e-01, -4.115646908381049e+01, -5.246667623445417e+01, -1.026324885230149e+02, 2.108212350321257e+01, 2.841255361049138e+00, 7.481280713899540e+01, 8.904838104603620e+01, 7.922988468898002e+01, -1.149054029611824e+01, -6.310918359612737e+01, -1.980328321893647e+01, -4.161391757635283e+00, 1.020790359315506e+01, -2.625033751997431e+01, 5.869860314748323e+00, -1.056464862399328e+01, -8.797136088824579e-01, 5.057608940936626e+00, -3.664932695988299e-01, 1.951001328821798e+00, -1.401452059399558e+00, -2.246375816861409e+00, 3.105504803945486e-02, -4.809522677077480e-01, 4.956881329166689e+00, 8.696486566109192e+00, 5.883696536121662e+00, 2.067836978213610e+00, -1.612933298096226e+00, 4.032978202952180e+00, 2.800167683194795e+00, -1.750348892706440e+00, 2.171336268735118e+00, 6.272075271104698e+00, -1.993845582077478e+00, 1.498337477967816e+00, -1.918992920994156e+00, 8.159295444900863e-01, 6.909237137227269e-01, 6.397739150891586e-01, -3.992242798040543e+00, -4.556357810329441e+00, -2.989518028723511e+00, 5.169939339321384e-01, -1.061801374317103e+00, -5.490633854025375e-01, -8.001434263599484e-01, -7.104992804774126e-01, -4.947591091316419e-01, -7.818930172284173e-01, -2.715566376395534e+00, 1.024961337734010e+00, -6.160769647876563e-01, -4.433648014608838e+00, -6.491063994373397e+00, -1.063523627940275e+00, 2.799142853018060e+00, 8.824722087630048e-01, -3.293138960354117e+00, -9.323458266038065e-01, -1.785592507109098e+00, 1.160957791685114e-01, 2.385511522361238e-01, 1.293831674497358e+00, -3.205970713603018e+00, -1.323474906035870e+00, 2.152281105633112e+00, 5.534270510078273e+00, -2.246405133250977e-01, -2.197316514674588e-01, -2.387128592942657e-01, -1.305663154928596e-01, -3.134069695984933e-01, 1.271965842973746e+00, -3.256686663632244e-01, -1.283640174521177e+00, -2.728219936219410e+00, 5.767172014918619e-01, 1.037130745942030e+00, 1.949639077428664e+00, -1.506833299415303e+00, -1.165747524343185e+00, -2.512096600778290e+00, 2.723995937657008e+00, -2.107861808184370e+00, 3.247199866597496e-01, -6.791208856082013e+00, 1.136648340901036e+00, 1.221952435021474e+01, 9.162099982649988e+00, 8.673925660760069e+00, -8.307344492186640e+00, -1.546204787525316e+00, -1.675908990326960e+00, -5.909131169383667e-01, -1.031501063004126e+00, 1.785418482561195e-01, -5.056485265970302e+00, 2.862621682591469e+00, -3.633394613818488e+00, 4.390918334785667e+00, -9.727654761071488e+00, -6.903905711235215e+00, -1.660017637849322e+01, -9.170574575897635e-01, 7.163871618604169e+00, 1.942920135786602e+00, -1.385238851473843e+00, 3.361852086429938e+00, 3.394627066064652e-01, 1.255712583811886e+00, -2.783542136574527e-01, 3.668741626089480e+00, -2.579670393144933e+00, -2.074584337659648e+00, 5.997728813826087e+00, -1.222346492412153e+00, -1.079138892112988e+00, -1.561268480235803e+00, -6.151584790292772e-01, -3.608037640544171e-02, -1.267387863608797e+00, -3.957880777078296e+00, 5.870336570223316e+00, -6.699989409164122e+00, 9.094848847995291e+00, -6.780838545432056e+00, 5.873371283764571e+00, 6.021391550468411e+00, -1.585458842306856e+00, -6.191384453157095e+00, -3.711850462282768e+00, -1.132381193335413e+01, 1.174800877939222e+00, -1.289124074023561e+00, 2.848325072100366e-01, 8.504553536150496e+00, 4.733428496069001e+02, -1.592125002351097e+03, -8.854528487504832e+02, 1.802964090307101e+03, 2.479106726964223e+03, -1.063213088674113e+03, 6.343399094626158e+02, -2.142879610799346e+03, -1.327163614357230e+03, 5.512797053699692e+02, 7.023533642971756e+04, 7.138817805715055e+03, -1.170017478228477e+04, 1.275833549821804e+04, 4.114201036559664e+03, -1.458349246991436e+04, -7.508261920209585e+03, -1.166128967427493e+04, 1.251131290314495e+04, 6.575716585044616e+03, 5.299626746273063e+03, -1.488289516372570e+04, 5.112839879493056e+03, -1.567905979755682e+04, 4.135958295574492e+01, -3.614062698256714e+02, -2.199897629932935e+02, -5.539471716750763e+00, 9.040196818953653e+01, -3.642112448381739e+02, 3.784304601042076e+02, -1.286296123673401e+02, -1.122048703601884e+02, 9.921704782434157e+00, -1.364307411930960e+03, 2.206648228296657e+03, -4.842449787982216e+02, 1.508332020010552e+03, 4.077493275680686e+02, -5.048411779737348e+02, -1.847658993076964e+03, -1.065508863895636e+03, 2.001675423904236e+02, -2.999055949530425e+02, -2.136694768538966e+02, 1.213667188942476e+03, 1.478043847585785e+03, -5.798564383417596e+02, -7.232038036396620e+00, 1.460497312488495e+01, -6.519107384926473e+01, 5.436006445175207e+01, -3.126550244668844e+01, -2.977167635751189e+01, -2.201149176232736e+01, 3.676277524628936e+00, 3.619665866306092e+00, 3.349704074275580e+00, -9.057158767786333e+00, -4.886530704597723e+00, 1.776827449357098e+01, 7.137195387715796e+00, 2.055881731107633e+01, 5.932470440636371e+01, 1.799980093826066e+01, 2.473722629606529e+01, 7.617959676062934e+01, 2.842135755330249e+01, 7.078632544297261e+01, -1.018006681024923e+02, -8.269713162846530e+00, -1.582325434999844e+01, -2.604318667059668e+00, -3.406263327997981e+00, -7.209557084723374e+00, 4.882654313191527e+00, 1.324176954888810e+00, -3.504835510132046e+00, 7.142619463498194e-01, -2.143516245673152e+00, -1.035431426429070e+00, -3.557925684587858e-01, 6.148908746172346e-01, 1.127440226852440e+01, 8.084537568043245e+00, 2.233667539359777e-02, 2.764234633400532e+00, -5.417656163718785e-01, 1.365862517765520e+01, 7.299615110360601e-01, 6.138758367280030e+00, 3.327778018127656e+00, -4.433932140263995e+00, -1.387458636769074e+00, -1.830773372662894e+00, -4.253639013731797e-01, 4.208316399665473e+00, -2.801475459065426e+00, 4.983975104914117e+00, -3.588086344239821e+00, -1.986566969008378e+00, 3.195112541904500e-01, -1.127746827290191e+00, 7.449118906527608e-01, -1.511321651921967e-01, -2.394123716468406e-02, 9.233140785477418e-01, 1.483557636877174e-01, -2.437480251025748e+00, 1.221152992787671e+00, -5.128280457573285e-01, 5.394955609840979e+00, 1.593424423139793e+00, -2.968786714232356e+00, 1.669820587384557e-01, -1.307426285212277e+00, -2.382869411864695e+00, -1.185362366456935e+00, -1.992881493271125e+00, -1.490805390115607e-01, 6.583927860475703e-01, 1.735353192611719e+00, 4.332657754468436e-01, -1.210991603692455e+00, -3.803575734569016e-01, 1.076347233569179e+00, 1.696000819620690e+00, 9.269623710834571e-01, 7.478150129693393e-01, 2.813002287582561e-01, -5.011900740039362e-01, -1.569200724272562e+00, 1.261772364061464e-01, -3.556488098566421e-02, -2.520958449646832e-01, -3.029962183791485e+00, 6.221702086877853e+00, -2.926392315062048e+00, -2.374078335906876e+00, -5.523421430543324e+00, -2.615911171948515e+00, 6.141633942886718e-01, -2.939487156688415e-01, -9.689551391554723e-01, -3.586513090506560e+00, 2.047503979361512e+00, 2.955274733386707e+00, 1.656108370334214e+00, -1.435704425256183e+00, -1.187854541904483e+00, 7.515945474111131e-01, 7.714633276626808e-01, 9.034297023076387e-02, -2.732604444869094e-01, -4.659621003039063e-01, -2.196017008310723e+00, 1.043806183407801e+00, 7.119650765327968e-01, 1.345667934856126e+00, -8.869909458846267e-01, -1.153750997011058e+01, 2.765746347898820e-01, 1.731193005490541e+00, -4.269426418234301e-01, -2.633894031553420e+00, 1.508085916532775e+00, -4.270197083126734e+00, -5.712895288832799e-01, 1.305043670978595e+00, -2.603348091085038e+00, 6.747448220972482e+00, -2.434248481594251e+00, -1.009186678423265e+00, -4.440014996853798e+00, -1.376962824534202e-01, -7.152317633444468e-01, -4.905588696334813e-01, 6.934325750422854e-01, 1.061396706465901e+00, -4.116861340787434e+00, -4.567144893827897e+00, 2.910647815372458e+00, 8.953406527442698e-01, 3.117900140987075e+00, -5.336249877210332e+00, 7.417455539903636e+00, -9.783280021204682e-01, -5.409359544139542e+00, -1.726051057973521e+01, -1.873586501717415e+00, -5.228078923555620e+00, -2.038986473872229e+00, 2.012051367995120e+00, -5.479674653649708e+00, -1.763783358260903e+00, 7.196367858281903e+00, -4.297788848458956e+01, 1.996717548187511e+03, -3.477022156227752e+03, -5.539136161804179e+02, -3.376592357915986e+03, -1.961935372107363e+01, 1.889144488801276e+03, 3.557737935162603e+03, -1.114938721272579e+03, -1.964414963931140e+02, -1.376465486503960e+04, -1.048976673613318e+04, -4.011143982869675e+03, 7.051401118656604e+03, -1.471122427928608e+03, 6.278326473311076e+02, 4.951312518492563e+03, 3.303414626382626e+03, -4.953594554465277e+03, -4.972213712515070e+03, -1.092150629952274e+04, 2.345784563356195e+03, -9.409551066998458e+03, 3.505680696330243e+03, -1.788011594097210e+01, 6.955687327759522e+02, 4.306041843993801e+02, 1.785673838841430e+01, -5.557661509954229e+02, 5.187826171812004e+01, 6.183256186298443e+01, -5.339461601282527e+01, 1.898933760213164e+02, 4.493909969538534e+01, -8.418034865235560e+01, -6.177784010083028e+00, 6.312960501504360e+02, 5.445061761717924e+02, -1.440779457333106e+02, 1.294704155623486e+03, 2.052740023950589e+03, -1.653444276909251e+03, 1.590629370217305e+03, -5.122867903834245e+02, -2.622833452404185e+02, 2.636088849693433e+03, -7.571983265868505e+01, -1.632940914456280e+02, -1.181105187687043e+01, 3.098734184685929e-01, -4.978826099587385e+01, -1.738973920064362e+01, -1.615671088029536e+01, 1.162169942828560e+00, -2.114050806472527e+01, -6.884617967029665e+00, -1.102679555764407e+01, -1.400804469940696e+00, -2.229635916511921e+01, -6.606906505670405e+01, 1.603284791622636e+01, 1.029293239733572e+01, -1.315149317161916e+01, 7.232975740430709e+01, 8.410344267457332e+01, 4.089930594614186e+01, -2.627280140648637e+01, 4.579795724723910e+01, -7.068514567669644e+01, 6.769967117410979e+00, -2.407653651180741e+01, 9.903050916083524e+00, 2.482904642541815e+00, 3.327005744693227e+00, 3.209956256741596e-01, 1.005614031472826e+01, 4.086021298716529e+00, -5.724798332017065e-01, 1.960781581547977e+00, -8.145107022162092e-01, 5.077687746465001e-01, -2.912865648893064e-01, -1.293418636083834e+00, 5.701172082222547e+00, 5.327509483169301e+00, -9.638197899119495e-01, 1.142289481576786e-01, 9.356418907403416e+00, 5.027867474918249e-02, 6.160080087655740e+00, 1.456963502889323e+00, -2.036019844299654e-01, 3.546052027282726e+00, 1.135314469483216e+00, 2.811925700549057e+00, -1.131256748034422e+00, -1.076936986924780e+00, -8.011784994779898e-03, -9.397389247620838e-01, -7.511765258162290e-01, 1.425526291313077e+00, -3.489909567697901e-01, -3.857898365683152e-01, 3.727227953630157e-01, -1.055597748462394e+00, -2.988310511739714e-01, -1.806146478662260e-01, 1.323605357784834e+00, 8.161398791936683e-01, -1.009381604177225e+00, -1.385690661901342e-02, 7.474043620374823e-01, -1.053835293777999e+00, -4.610808703455167e+00, -1.205775225048571e+00, 7.914242541343625e-01, -1.778094936708703e+00, -1.102051067792451e+00, 2.017955578879311e+00, 4.533645472821398e-02, 1.122978847921223e-01, 9.674446779318835e-01, -1.996194176474646e+00, 1.055442984717127e+00, -2.674245238345256e+00, 6.987866785107348e-01, -6.419577236425780e-01, -1.708171072613479e-01, 4.523339380328837e-01, 4.559581559564771e-02, -2.041219508413064e-01, 2.214561052714101e+00, 6.149212784011497e-02, 1.529250070721080e+00, -6.459955690094099e-01, -2.218094308562514e+00, -1.999051732809966e+00, 2.710915877556106e+00, -2.682500844990804e+00, -2.376807558841589e-01, -2.683442139989075e+00, -1.815619439852197e+00, -1.525258723745497e+00, -3.512417989651323e-01, -2.108625682427426e+00, 1.040022223064260e+00, -3.149687666106907e+00, 1.960487330337237e+00, -1.269342521068922e-01, 2.986133707344267e+00, -3.259004687535644e-01, -2.681746053542858e-01, -4.156387756788531e-01, 2.864352913331172e-01, -1.674268457430682e-01, 1.886830586275937e+00, 1.821187563204958e+00, 2.111083915592701e-01, -1.128266896624107e+00, -2.158994206190913e+00, -3.364727488260472e-02, -5.375033124168210e-01, 4.315838353446164e-01, 1.762681066945483e+00, -7.537771801356790e-01, 1.623137663634973e+00, 3.034610048222472e+00, 9.381155729397667e-01, -1.265959085955459e+00, -5.957568226699786e-01, 9.370142653325647e+00, -7.475496359247606e+00, 3.709070548105310e+00, 2.900981971422682e+00, -1.984837866353548e+00, 5.324179033340382e-01, -7.925565086116849e-01, -1.521050281669027e+00, 3.034078469809492e-01, -1.263121231336142e+01, -4.300772218794235e+00, -2.973285732122603e+00, -2.149221072501790e+00, 1.188560872285552e+01, 8.269798696600940e-01, 1.552533701122563e+00, 2.139446008584636e+00, -1.026376433694992e+00, -9.951397491928974e+00, -4.114858459836572e-01, 3.601549578007773e+00, -1.193245313480154e-01, -1.466374521383771e-01, 1.834945766271126e+00, -1.375071984639914e+00, 3.309656795453392e-01, 4.076179790208650e+00, 2.331584251427338e+02, -5.247344060130245e+03, -2.820065748381857e+03, 2.699769820338443e+03, -1.447178146598412e+03, 2.148570958430555e+03, -2.974374536511944e+02, -1.234142354741138e+03, 1.273033245811716e+03, 1.472994028669201e+03, -2.453770614156601e+04, -1.448810744643237e+04, -6.464447282393423e+02, -4.674916437144046e+02, -2.736171245925384e+03, -6.516836346274141e+03, -2.468559507992521e+01, 4.644546242823684e+02, -7.441801419636101e+03, -2.643828650459798e+03, -4.640532342324049e+03, 6.083268447049887e+03, -1.931589810978471e+03, 4.872056796566830e+03, 9.971641419066938e+00, -2.026962662059976e+02, 4.594937670534952e+02, -1.526737639636459e+02, -3.803104722030318e+02, -2.456601576404345e+02, 8.232285900485158e+00, 1.002159645543415e+02, 3.910943593102180e+01, -6.970464563159990e+00, 7.971283925721164e+02, -7.646190901658878e+02, 1.372206233720198e+03, 4.581807180066959e+02, -7.025276860802571e+02, 1.359572200157121e+03, -3.643696518957035e+02, -4.810298771143677e+01, -1.024981956796866e+03, 6.102989954559887e+01, -7.924816872551339e+02, -4.492511222947758e+02, 2.444830727984837e+02, 2.577565844822182e+02, -6.832058986352889e+00, 1.161438920371407e+01, 7.611931895612814e+01, -1.825832269231945e+01, 2.874389238166175e+01, 9.782143160274034e+00, 1.395034455910065e+01, 9.526051712435038e+00, 1.117537520277172e+01, 4.612774051738250e+00, -3.337256396881354e+01, -4.690564857522658e+01, -1.348939486147029e+02, 1.711999743408787e+01, -3.527758972172947e+01, -7.329557123631920e+01, 7.420747201513265e+00, -6.250909741908060e+01, -1.624109855772952e+01, 1.083432616520953e+01, -3.528696519586152e+01, -1.908023288630353e+01, 1.151704335659890e+01, -1.365273285612348e+01, 2.533793697603775e+00, 2.226231136096033e-01, -6.137679608570663e+00, -2.374369546109686e-01, -8.809317475232084e-01, 1.889205202419755e+00, -1.535694984448443e+00, -8.357732672715035e-01, -1.906826608627574e+00, -5.054907491712112e-01, 2.026187303509722e-01, -1.196452979371800e+00, 4.181942610177806e+00, -2.718208960811966e+00, -1.058311241803448e+00, -2.404555924697024e+00, -8.100993561546852e+00, -3.306099891782939e+00, -1.013393914251680e+00, -3.726354903927181e+00, 1.928544088853209e+00, 6.083324236428423e-01, 1.304034610151085e-01, 7.474980973693002e-01, 1.870519632727103e+00, -4.592445818754598e-02, -7.240124130249901e-01, -4.746211689833620e-01, -2.043788450457129e+00, -2.426392027851664e+00, 1.223467439835128e+00, 7.908210567489444e-01, 8.178268740835780e-01, 5.121649214132329e-01, 6.841990658749958e-05, -8.759534551842975e-01, 7.243129833948095e-02, 8.430509083357096e-01, 2.201259097571753e+00, -1.562219944394496e+00, 1.011786372240639e+00, 3.967536144908493e+00, 6.938014378857161e-01, 7.009698493084159e-01, -6.660643358274330e-01, -3.396957659211039e-02, 1.777922588690843e+00, -7.254161882740635e-02, -9.340681612841331e-02, 3.856339247751061e-01, -3.288951703493973e+00, 3.298534993242970e+00, 4.147651551432353e+00, -8.630213975278133e-01, -7.319028956298541e-01, 1.859939475343881e-01, 2.425981971025703e-02, 5.948747072178892e-02, -7.335463269440357e-02, 1.047331772185733e+00, 1.897131040960176e+00, -1.911871189264839e+00, 7.791671666314072e-01, 3.381527592019248e-01, -1.283338931969351e+00, -2.644772164487048e+00, 4.684198403093400e-01, 8.016961207140108e-01, 2.373966162722874e+00, -1.391219625978387e-01, 1.088281921862108e+00, 4.402103226802455e-01, 8.975762847010973e-01, -5.202327180587609e-01, 4.293790171669319e+00, 3.032486165835770e-01, 4.680746345802473e+00, -2.036157531198153e+00, 7.379546902213553e-01, -2.062172179417000e-02, 6.376571430487362e-01, 2.602245612833373e-01, 2.435147734802882e-01, -2.296362887852446e+00, -1.852764926767724e-01, -3.870253152760462e+00, 1.432278145192247e+00, 4.797311950584528e+00, -2.706701810565749e+00, 3.407656564386027e+00, 3.188354755494618e+00, 7.254780301396303e-02, 6.190356212629143e-01, -1.533141772488300e+00, 4.299455325157159e+00, -1.021640879215593e-01, 6.577559738001379e-01, 1.944443335482560e-01, -5.443622323298213e+00, -1.165761461773012e+00, 9.390351969985454e-01, 4.318821739557781e+00, -1.081173718171090e+00, 1.702968555791903e+00, -1.010359339329864e+00, -2.100200026532779e-01, -9.837056835757259e-03, 2.754157827736623e+00, 2.143478624046507e+00, -3.066214856876385e+00, -1.976158511374278e+00, -8.340223064443670e+00, -3.414963706903786e-01, 4.738184123468094e+00, -1.084056210422924e+00, -1.587725993451309e+01, 9.329609951429900e+00, 5.319519533733358e+00, 2.807946090145389e+00, -2.632547214898903e+00, 4.127112402648769e-01, -4.138587322700318e-01, 4.382635304337943e+00, 8.849500747221857e+00, 5.806531755323681e+00, -3.313806606787395e+00, -5.980397783411740e+00, -2.635557529316405e+03, -1.500542828966753e+03, -1.607340529748177e+03, 1.267795998187619e+03, 3.162080177056513e+02, 6.703068342170152e+02, 1.833095482791316e+03, -1.121712217519658e+03, 1.086020441909712e+02, 6.567597509098046e+04, -9.807089812509230e+03, -9.726333705356195e+03, 1.816880970805042e+04, -6.699732417654305e+03, -2.213652659702582e+04, -3.002632580772877e+03, -3.006805020029458e+03, 1.768364886555796e+03, 1.012605161775910e+03, -9.307018952995608e+03, -1.984542700382527e+03, -8.666775760638320e+03, 2.639907698921038e+02, -5.137392456502786e+00, -1.365954713536566e+01, -9.221713971791017e+00, -1.967489764085602e+02, 5.701472444477240e+01, -1.036328820778654e+02, -2.050456031855764e+00, -2.951965881409264e+01, 3.950220563120407e+01, 1.962491051248171e+01, -7.774705386264648e+02, 2.762828353274042e+02, -8.373678929525151e+02, 1.487990442449591e+02, 5.441546672198678e+01, 6.302582100981333e+02, -9.752038404266477e+02, 5.032352295738085e+02, -6.601855859136882e+02, 1.635869793577637e+02, 3.004048810772665e+02, 6.665667334381712e+01, -5.775903132224908e+01, -3.339805391715440e+01, 3.915530648541238e+00, -7.412948394128592e+00, 3.716636456518931e+00, -1.781231553336105e+01, -2.027016402171790e+00, 2.167589477835590e+00, -1.666031952478500e+00, 5.610637334290098e-02, -2.440780601801283e+00, -1.772344754501344e+00, -2.656262341610335e-01, -7.739478488574567e-01, -3.413808320286010e+01, 4.597565348539497e+00, -2.244910039805145e+00, -8.649057866638891e+00, 1.635980312591186e+01, -1.680828209632579e+01, -3.233619495333234e+00, -4.960909211418496e+00, -7.864229495448392e+00, -8.119793141514178e-01, 3.119798662965612e+00, -5.705818724472168e-01, 1.529629658588360e+00, -1.499028449085283e+00, -7.097063146630556e-01, -3.188373947751108e+00, -1.361317899387275e+00, 1.328251226819622e+00, 6.551075845016130e-03, -3.364025435478402e-02, 4.347087663224133e-01, 3.493290776633347e-01, 5.200051446989254e-01, -2.641582784236972e-01, -3.245191806610995e+00, 7.188568620323115e-01, -8.018878403424043e-01, 5.972640781988557e-01, 2.302067822940142e-01, 8.737698274177623e-01, -1.487494957413044e+00, -8.754424177237439e-01, -3.902135879951739e-01, 5.868781065834702e-01, -1.133082008416463e+00, 1.944452013057675e-01, -4.142699448768732e-01, 2.518675425144448e-01, -1.238192533113458e+00, 2.824830036921318e-01, -4.229727193053134e-01, -5.207299030939373e-02, 2.930638100285713e-01, 1.341939167246412e-01, 2.366697456413374e-02, -8.753815222089227e-02, -4.143340930988365e-02, 9.304501224748644e-01, 1.267194026501103e-01, 2.137422700840226e-01, 4.544194787071897e-02, 1.710241745453973e+00, 3.946548893197822e-01, -2.442224654342129e-01, 9.291086833593938e-01, 7.172829952782820e-01, 4.109465706501531e-01, 1.041779151890230e-01, 2.222150208114773e-01, 8.251509169021294e-02, 3.128670105172113e-01, -2.252659886843267e-01, 1.481117444692625e-01, -7.345086253008290e-02, 4.806762967086627e-01, -6.866967420265910e-01, -1.997273244753587e-01, -6.404431375604935e-03, 3.103003804986040e-02, 8.288391000676749e-02, 5.169765428140475e-02, -1.743390200625080e-01, -1.215111213950622e-01, -2.072581703721592e-01, 2.645638273794140e-01, 1.421568922139941e+00, 1.306552119236124e+00, 2.440369460066869e-02, -1.410132952235534e-01, -1.278323747999615e-01, 1.713504431572153e-01, 6.565746115892793e-01, -1.874233875438369e-01, 9.093044304807026e-02, -9.339334411468742e-01, 8.059638084543788e-01, 8.676273600731946e-01, 8.219310710961566e-01, 1.069732958319670e+00, -4.865844657033818e-01, 4.227585653347430e-02, 1.027588305939225e-01, 1.786409233146247e-02, 1.102428676124664e-03, -8.982363686544721e-02, -4.692837954893066e-01, 5.037095714601074e-01, -5.943834798691192e-01, 3.529371267940045e-01, -1.173691415802745e+00, 4.418808683371569e-01, 1.371805478391598e-01, 5.473814858878060e-01, 1.520467654886926e-01, -1.076903129122782e-01, -3.462302599868954e-01, 3.388166428927900e-01, -1.721934501458157e-01, 1.978379890543404e+00, -1.366559893766930e+00, -1.466747821471535e+00, 1.532943492930924e+00, 1.342063195114204e+00, -4.543034620625982e-01, -4.826631767200830e-01, 1.140018280152790e-01, 1.505247510313835e-01, 6.876698702099274e-02, 2.428389912510270e-01, 8.342232717849974e-01, 8.476734783476073e-01, -8.768844330114511e-01, 2.342525666905594e-01, 9.808321332686770e-01, -4.109643808564952e+00, -6.997408068460478e-01, -3.588803463161803e-02, 1.805140664328626e+00, 1.996805892433814e+00, -2.210459163607473e+00, -9.756159834974111e-01, 1.595514221793110e+00, 3.757810845490895e-01, 5.559386552354342e-01, -4.989673342587007e-01, 3.611897790142251e+00, 8.847893954394928e-01, 9.335219427196130e-01, 1.106140307101566e+00, -4.087016707290263e+02, -4.446418975328328e+03, -2.573257556901286e+03, 3.046011374841759e+01, -6.955899785740556e+01, 1.069922389060009e+02, -5.766527106091398e+02, 1.535500690592261e+03, -2.851131826479115e+02, 1.183219499704195e+03, 2.835552765154158e+04, 4.311850020632557e+03, -1.149923437958290e+03, -4.974830147728878e+02, -1.031370789781234e+04, 3.113717667241821e+03, -1.187214706130733e+03, 2.008335431290062e+03, 8.461494344608114e+02, -2.738923664054951e+03, 4.116944812789067e+03, 6.027731032748625e+03, -6.112657974291531e+02, 8.911361501084008e+03, -1.327523643118015e+01, 6.613475213571873e+01, -2.182967367193045e+02, -1.414706299570069e+02, -1.635834708969455e+02, -1.443313644258544e+02, -7.872930062482482e+01, -5.864807216631928e+01, -1.238331748969412e+01, -1.501349510533124e+01, -6.319957327975438e+02, -7.449786214812372e+02, -8.483349372875595e+02, 6.335176584697068e+02, -1.686520394457692e+02, 1.088017898899772e+03, 7.175523301242182e+02, 5.546862913621541e+02, 1.602040164449488e+02, 4.931504558349632e+00, 3.783119008553684e+02, -4.309279954148585e+02, -1.496271526240131e+02, -1.730820639689593e+02, 5.814719119014514e+00, -2.409455779631428e+00, 5.485451667629691e+00, -9.577790989234860e+00, 3.791245956233702e+00, 2.244502889838224e+00, -7.563412915333083e-02, -6.673275121022723e-01, -5.675921666608715e-01, -2.127265246035692e-01, -8.251482047391895e-01, 1.894775214957112e+00, -1.543463531222648e+01, -3.045151629648322e+00, -3.444880597083737e+00, -9.974488319948890e-01, 2.122448303091799e+01, 1.885750012525389e+00, -6.463726868999937e+00, -2.489168464831682e+00, -1.442576960355274e+01, 2.234913844245588e+00, -1.109142175269038e-01, -1.601803084952594e+00, -1.904139084084790e+00, 1.700144077429524e+00, 5.797681943752104e-01, -7.895624911184477e-01, -2.449254371371567e-02, 2.625060432822155e-01, 1.207862720505250e-01, 1.960863293804322e-01, 2.173720625459946e-02, -6.663454241889601e-02, -4.641578280704151e-01, -1.197089159410302e+00, -5.766744678198984e-01, -2.567919277195211e-01, 1.298180870235091e-01, -5.483324413577337e-01, -1.426304040658332e+00, -5.354636900283521e-01, -1.072398584651122e+00, -1.110216307704068e+00, -2.501004262408253e-01, 7.193632197553889e-01, -8.453627425413485e-02, 1.206275794286084e-01, 8.861988042994512e-01, -2.037338057602803e-01, -7.057323349077717e-01, 2.852975499328976e-01, 1.398692476600454e-02, 1.404633522356089e-02, 1.562374047516755e-01, 6.600569059754337e-02, 8.475865431064251e-02, -4.189869283807779e-03, 1.611156906257167e-02, 5.430946130567844e-01, -6.855347927721701e-02, -4.595262609519199e-02, -3.032499850718420e-02, 9.392648546731280e-01, 1.976191681401644e-02, 3.688605333327597e-01, -2.357968953398328e-01, 7.270982676323159e-02, -4.396105984528628e-01, 4.595085076692409e-01, 9.138886377314794e-02, 3.869879230818867e-02, 4.127927844146403e-01, -1.574619554295635e-01, 1.224109426035310e+00, -2.363451960036499e-01, -2.070093494914506e-01, -5.422925870668825e-01, -2.414962699268731e-01, -5.141587486701549e-02, -7.630035135898929e-02, -1.636753989911173e-02, 2.604405451813156e-02, -5.466416241110935e-01, -5.047780594696510e-02, 1.470553995600046e-01, 3.021022965967700e-01, -4.558563041290901e-01, 2.745685972792551e-01, -2.000863818952951e-01, 1.015366887056104e-01, -7.224170313260876e-02, 5.664557963102219e-02, -1.342409370123624e-01, -3.905660265743406e-01, 1.226947088801378e-01, 1.053619167862219e+00, -4.458402725619376e-01, -2.769154638822571e-01, -1.453743272306496e-01, 2.352461572596456e-02, -1.099004673217805e-01, 6.751009449296899e-02, -1.435294114443379e-01, 5.448218724680191e-02, -1.106292738901226e-01, 8.383699159228640e-02, 4.828438116541214e-02, -1.136845222427999e-01, -1.908923748697432e-01, 3.004149374563000e-02, -8.211954861547062e-01, -5.710258401533879e-03, 1.082813327714199e+00, 4.595325394035788e-01, -1.932960878371397e-01, -1.548060096937422e-01, -4.152557495611547e-01, 6.518074853700527e-01, -3.089241401050127e-01, 2.620994185747069e-02, 3.309779624054194e-01, 3.947978502759724e-01, -5.694570239772776e-01, 8.479981155487756e-01, 3.971314484130963e-01, 4.877757919595829e-01, 6.158871837426724e-01, 1.952604615257276e-03, 6.751331661630920e-02, -8.654451559757494e-02, -3.995289085822964e-01, -7.713021552229762e-02, -5.362784726291634e-01, 8.493980091902613e-02, -2.499543378671243e-01, -6.639011183167463e-01, 1.369288313517271e+00, -1.954827102341735e-01, -3.646171599386503e-01, 3.845098806503746e-01, 7.927871367916608e-01, -1.020761280308059e+00, 6.240640742020961e-02, 1.298878568969229e+00, -7.421753256235190e-01, 2.283431155568773e+00, 2.284721501108117e+00, -2.454290767212181e+00, -3.544548127695843e-01, 7.501715730445063e-02, -5.968158474868394e-02, -8.574765236579117e-01, -3.469156977542365e+03, -1.461840686054108e+03, 1.269139332784111e+02, 3.271916159288374e+02, -8.469295982159388e+02, 2.074594069707059e+02, -1.427901801052080e+02, 1.179801524969015e+03, 1.912143510075345e+02, -4.070822537529794e+04, -1.757225239635391e+04, 2.530605772421704e+03, -8.960440924550218e+02, 1.248525443368948e+03, -5.304340856217758e+03, 2.100589601875104e+03, 2.007142477261183e+03, -6.925874990488524e+03, -4.535980246840325e+03, -7.877459281813669e+03, 4.949265485709273e+03, -5.854177011772874e+03, 5.138746804574815e+03, -1.024480011017717e+01, 7.539680266308748e+01, 2.361321687784810e+02, -1.536757967986922e+01, 6.189594885295740e+00, 7.640812807120754e+01, 2.442348558225637e+01, 8.689314015831261e+00, -1.711221828177353e+01, 3.221922694354540e+00, -1.742887428657713e+02, -3.631514199240447e+02, -6.437105666245988e+01, -7.026662594767120e+01, -6.745622391216690e+02, 1.078149528565503e+02, 5.519282709928863e+02, -5.737039344287660e+02, 1.746126566446968e+02, -2.921276130025169e+01, -2.822153801749097e+02, -6.557743172483387e+01, 1.734845170782597e+02, -5.373288246151213e+01, -4.062624734716776e+00, 2.972177299527809e-01, 3.412903459578713e+00, 4.771098576237546e+00, 1.827667641158926e+00, -7.360531650472796e+00, -1.884667066625903e-01, -2.496983535722057e-01, 4.190897715923158e-01, -9.385665172963651e-01, 1.145390059602515e+00, -4.129815761188697e+00, 4.584900154651071e+00, 2.430209712334839e+00, 8.974221988128720e+00, -1.386146930184850e+01, -2.063260331918637e+01, -8.976827850454002e+00, -1.943962282847732e+00, 3.061654981462453e+00, 1.028327710291394e+00, 3.013322500475133e+00, -1.183371334775513e+00, 3.385843118529323e-01, 3.397314754011395e-01, 7.520566651615761e-02, -7.202212606441911e-01, 3.792185871694839e-02, 5.446616558422772e-01, 3.847652264602070e-01, -3.604897146023543e-01, -1.139730368187703e-01, -4.407879009238581e-02, 2.026847502569912e-01, 5.954178389823390e-02, 6.698861152454640e-01, -4.276279820467162e-01, -3.591801993843882e-02, -3.710983728544069e-01, 3.548287866988470e-01, -1.708873873159920e-01, 2.541972711020781e-02, 1.738427930997450e-01, 2.881964399209244e-01, 4.542517210252174e-01, -2.302411978933832e-01, 3.445400196291875e-01, -4.779125912254212e-02, -4.989226169661745e-01, 3.964487200520488e-01, 1.804522315023035e+00, 1.094412091208742e+00, -1.958074538738557e-01, -3.014758778670742e-01, 8.577351129430090e-02, -3.383743706306687e-02, -2.958437730597479e-02, -1.190191770623839e-01, -9.759501493865515e-02, -8.397259964917678e-01, 6.402654621432883e-01, 1.175401077893579e-01, 1.632843546787788e-01, -4.462333151157962e-01, -4.215970187670478e-01, -6.872466230271098e-01, -3.548566376478566e-01, 1.194445584044104e-01, -5.973585186990155e-02, 2.967285859567310e-01, 2.274022653846764e-01, 8.790822572741167e-02, 1.061552501171205e+00, -2.156288880901795e-01, -2.636090200470877e-01, 5.936349204417118e-02, -2.558039254117734e-01, 3.104608407033091e-01, -5.396614613943702e-03, 3.154383904875090e-02, 6.472649912284680e-02, 4.417151523902560e-02, 1.539882718924466e-02, 7.429545988466819e-02, 5.985716029241524e-04, 1.120729312173887e-01, -1.334860281206574e-01, -3.337882559538076e-01, -7.578202180201801e-01, -6.346157658037427e-02, -1.147826947164582e-01, -6.057635029260693e-02, -1.839505438052792e-02, -2.067961094464669e-01, -2.606850909590039e-01, 2.605639943411480e-01, -6.281504652480735e-01, 3.996305294481758e-01, 9.568339838249114e-02, -5.929803492479087e-01, -4.078286609551514e-03, -8.655648049536928e-01, -1.426052777504704e-01, -4.512926171770083e-02, -1.152753597785779e-01, -1.082585667442096e-01, -5.769042064751739e-02, -1.569890025057600e-02, -3.014848273650182e-01, -5.556154150417894e-02, 5.267473208967789e-01, -1.249323475560320e+00, -1.279882088340818e+00, 3.013237591432959e-01, 3.619251927401625e-01, 8.905564400392614e-01, -1.650420553214086e-01, -2.878734503693814e-01, 4.038761214157052e-01, -3.264187015375118e-01, -2.304728782741140e-01, 4.198557304550808e-01, 2.726625059334279e-01, -3.720261476897196e-01, 2.795262511087078e-02, 4.358118354363338e-01, -1.950834456699287e-01, 2.533730215059209e-01, 1.207594669923415e-01, -6.358841217604426e-02, -9.905050604740084e-02, -2.277123270563191e-01, -3.946480756544302e-01, -1.880092560749910e-02, -1.106111663060063e-01, 1.000583358486578e+00, -3.142626227851477e+00, 2.919250208601079e-01, -6.195837221089030e-01, -2.834589118269839e-01, 1.475108371601151e+00, 1.302442337700793e+00, -1.053664439979411e+00, 8.530824162720682e-01, 1.420375278427650e-01, 5.236474742267528e-01, 3.527928189079951e+00, -2.814877769107229e+00, 1.697066763411693e+00, 1.576462297219156e+00, 9.879961477104653e-01, -2.283336356427926e-01, 9.428993207678607e-02, -1.168841479206147e+02, 5.188613957950358e+03, -2.110929304995186e+03, -9.682599708966551e+01, 6.440838335825038e+02, 3.633919055806166e+02, -9.870395816817575e+02, -7.675912868064609e+01, 1.218035201899233e+02, 7.151278796009389e+02, 1.404580111701086e+04, -1.648008742415712e+03, -1.488543725525859e+03, 3.840733470997279e+03, -3.240695568845973e+02, -3.087008747283796e+03, 1.786830077474715e+02, -5.189385805312827e+02, -7.230871130331138e+02, 4.970212329603790e+02, -1.869982641904173e+03, -1.339522253472805e+03, -1.800402046849780e+03, -1.159147695104713e+03, -2.521835383744748e+00, 1.065591948719019e+02, -1.445124082743231e+02, -3.491991026586830e+01, -1.600218144387897e+01, -8.373249926618851e+01, -1.045161467382258e+01, -2.258905025610771e+01, -2.790517074751932e+01, -1.509830870003300e+01, 1.939341619632559e+02, -9.669368493444189e+01, 2.408487002412532e+02, -1.976745356024089e+02, 4.646088666651302e+02, 6.880343394839564e+02, -1.114381117580172e+01, 1.333801332705143e+02, 4.954670990549110e+02, -2.336644185644264e+02, -1.152134868324500e+02, 1.207070659986875e+01, -1.664344941020611e+01, -2.152408587049225e+02, 5.871000672749242e+00, 1.789489845748518e+00, 6.935285133933172e+00, 1.226022510686934e+00, -1.008712922448920e+00, 3.461231997195109e+00, 1.679359837016837e+00, 1.038399775588433e+00, 1.019386452145309e+00, 2.381966778166164e-01, -4.873312557696032e+00, -9.167482190361786e+00, 3.887630085045583e+00, -1.497782434298719e+00, -2.924933663956418e+00, -3.867611114643497e+00, -9.091420041007938e-01, 1.062079020129824e+00, -1.869988712644449e+00, -5.470815457052579e-01, 3.277287239914507e-01, -1.981870234171042e+00, 1.615819959102710e+00, 3.872885242201831e-01, -8.709920175155987e-01, 3.963477600346765e-01, -4.629090349244304e-01, -8.496977063817329e-01, 3.293446966572789e-01, 2.070603496902361e-01, 2.267738832542714e-01, 1.976701878243961e-01, 8.784050505768966e-03, 6.558193565186129e-03, -1.419287862723046e-01, -3.786793632040575e-01, -1.219880664374846e-01, -5.400578454437697e-01, 6.642392139501191e-02, -1.563552740599601e+00, -3.021643340135925e-02, -2.230315598070259e-01, 5.343490790256550e-01, 3.806481158513224e-01, -7.458405644475910e-02, 1.464945308390671e-01, 7.830575522183943e-02, -9.287665143057616e-02, 7.132894832273478e-01, -7.138255762289121e-02, -1.353934017316967e+00, 8.200560805441330e-01, -6.115822372462902e-02, -2.868685377864903e-01, 1.810731747603499e-02, 1.555206348166031e-02, 5.107158831434480e-02, -1.381701682407309e-02, -6.008487433273079e-03, 8.725466767320972e-01, 3.983357688510138e-01, 3.955279236936732e-02, 1.264792718957502e-01, -3.538049672656213e-01, 1.131197255915897e-01, 1.063030029749840e-01, -3.105852221427558e-01, -6.702028873858294e-02, 2.796407071781422e-01, -8.331308817755548e-02, 2.376059233100918e-01, 5.243264038300399e-03, -1.142613634038629e-01, 5.710755485787362e-02, -1.121326506651683e+00, -5.739523595923359e-01, 1.540298294427072e-01, 1.946697685137943e-01, -1.526167495692476e-01, 3.909534030622552e-04, -4.439750058746882e-02, -2.912008176354279e-02, -5.749976402192224e-03, 4.790456216541897e-01, -3.733910053901116e-01, -6.725647920457614e-02, -1.321749460521205e-01, -5.312793581810984e-02, -7.127812628955220e-02, 1.287673860854058e-01, -1.864525012743046e-01, 3.816385902603267e-02, -4.563754241388890e-02, -1.027024595497710e-01, 1.442426307412426e-03, -1.064790348933638e-01, -3.566945945381422e-01, 2.685832051158130e-01, -4.757797088429662e-01, -3.843577515775774e-01, 8.675084949000292e-02, -4.673866341540274e-01, -1.203810325030591e-01, -6.092115494376546e-02, -4.865218799292849e-02, -2.189594990914602e-02, -3.987470847732300e-02, 4.871510673617784e-01, -1.309508354436706e-01, -2.340895791328819e-02, 2.634773941137853e-01, -2.355495913341135e-01, 1.554477115795878e+00, -2.596755371515321e-01, -2.067296893440803e-01, -2.114662083632231e-01, -2.276912030128176e-01, -4.867912619921891e-02, -2.527889797363480e-01, -8.099818209601041e-02, 6.631354462780634e-01, 1.362100251722157e-02, 1.074318441159417e+00, 2.143733103474002e-02, 1.181596361013083e+00, -3.302967511187526e-01, 2.119531896715720e-01, 1.232093416205507e-01, 9.836548655948214e-02, 5.215003783842605e-02, -2.800911487512267e-02, -7.287498260251196e-01, -3.003903564944024e-01, -7.790004189574881e-01, 2.793592656737666e-01, -3.042367445529306e+00, 1.707908646134254e-02, -1.599023643632631e+00, -1.757260958582640e-01, 1.716030368007800e-01, 9.452511610117961e-01, -7.473733708557814e-01, 1.147359310156662e-01, -8.134691234367947e-02, 1.001192590294264e+00, -8.893435256272350e-01, 1.193316533867840e+00, 3.259371972045687e-01, 1.412718588127410e+00, -1.096363018142845e+00, 3.813429454039315e-01, -4.321477483968945e-01, 5.073913561752105e-01, -1.369543595302235e-02, -3.251933580726534e+00, 3.449227362106594e+02, 6.991036689204766e+01, 1.200609751104564e+00, -1.009717560309922e+02, -3.982986116951579e+01, -1.365394493746485e+02, 5.714016460682533e+01, 5.975820970012443e+01, -1.871175246641199e+01, 1.420676074769972e+02, 4.044189966973854e+01, -7.441557601977335e+01, -4.328727942331226e+01, 1.087178290053789e+02, 4.817099922329396e+02, 1.473294399512427e+01, -8.212071809233217e+00, -3.874762780955342e+02, -7.423174904377484e+01, 1.684440484978925e+02, -7.256162117951742e+01, 7.597174888416141e+01, -1.935449631748642e+01, -2.048414154410926e-01, -4.774308028810584e-01, -1.618665141378321e+00, -3.676244191257500e+00, 1.979636247803546e+00, 2.423975149422164e-01, 3.437051595627317e+00, -2.384645816358161e+00, -1.099551194069432e+00, -6.376782420701981e-01, 5.839358699802074e+01, -1.688749650322876e+01, 1.029809143111272e+01, -9.538998835782001e+00, 2.327273774278429e+01, -1.983689056930179e+01, 1.419843191221941e+01, -5.606647630008890e+00, 3.066897760707464e+01, 1.614926652705343e+01, -9.127877601773230e+00, 4.514890905058556e+00, -5.407350698186344e+00, 8.332685108333173e+00, 2.689320078243962e-02, 1.246106125356017e-01, -1.339077712276167e+00, 2.921016185313648e-01, -6.657697186401216e-01, -1.327994088868204e-01, 8.823491889009355e-02, 3.258849730712601e-01, -2.168288284743701e-01, 2.722968749854572e-02, 2.686556522286180e-01, 1.459948596629552e-01, -1.807022001929907e+00, 1.093487000570039e+00, 8.265329916085770e-03, 6.354767381368159e-01, 1.163959576141889e+00, -2.573205862428664e-01, 6.547480846193701e-01, -1.637949473936027e+00, 1.719350326590088e+00, -1.518096227492162e+00, -6.262614453803736e-01, -5.769171954081508e-02, -1.059980491637631e-02, -1.108095478254590e-02, 5.646184127172580e-01, -1.503437696047900e-01, 3.061224922794446e-02, -5.067924354599988e-02, -4.295598712172122e-02, -3.081681528959036e-02, 4.043524055106734e-02, -3.553527105443365e-02, -1.469141949193900e-02, -1.440792184649377e-01, 6.572283925134027e-03, 3.148669643351814e-02, 9.320307240577029e-02, 5.856170270622178e-02, -1.479468980186982e+00, 2.404124310631586e-01, -1.854759319091930e-02, 1.780035523604042e-01, 5.522806890623646e-01, -5.720089583485812e-01, 1.139756027765050e-01, 1.123582801309759e-02, 3.911667451360028e-03, 2.513655688968272e-03, 3.423354983625798e-02, 3.399441167647537e-01, 1.360362365134007e-01, -1.070225499173119e-01, 1.766319322206250e-02, 2.121740697227210e-03, -6.458299941204576e-03, 1.743873861570475e-02, -3.018073277278087e-03, -1.368497443372632e-01, 3.228754366980448e-02, -9.494474416479914e-02, 4.512840699397943e-02, -4.169364529735233e-01, -8.197600362919045e-01, 4.698957119815464e-01, 1.593233910113543e-01, 4.951353600294298e-01, 2.558997034137154e-01, 2.052422249626388e-01, -3.057707151778734e-01, -1.988359513265044e-02, 1.154106319909311e-02, -4.426710885246788e-03, -7.613462173769960e-02, 2.549535113664654e-02, -1.098057764217597e-01, 3.344424487995745e-02, -1.403186032706205e-01, 6.566168756287983e-03, -2.069127932265367e-02, 9.729631506350526e-03, -1.719956695211292e-03, 1.362276915876659e-01, 2.347777830152499e-02, 4.089207165081231e-03, 2.568573330036236e-02, 4.511381423522935e-01, 5.549187259169256e-01, 3.692215354526565e-01, 1.552503168776174e-01, -1.170489007283209e-01, 1.025035960717140e-01, 2.746638414844494e-01, 3.323573139251804e-01, -8.388751516121014e-03, -1.700741392898111e-02, 6.484628143816817e-03, 3.851150655271582e-01, -1.525831520765346e-01, -2.989663831951326e-01, 5.857788573725655e-02, 1.756362496613692e-02, 2.030487315630389e-02, -2.164909078387251e-02, -5.935732034050217e-03, 9.582029136378814e-04, -8.816737866236359e-02, 7.542600821251793e-03, 2.254434748966257e-01, -3.536591840676668e-02, 3.981247944275998e-04, 6.083924923849271e-01, 1.678279659877416e+00, -2.438651279075457e-01, -1.974953959536715e+00, 1.446427678779413e+00, 6.840825424374530e-01, 3.344088306994011e-01, 1.591023641419373e-01, 6.711762403773990e-02, 2.119449441364727e-02, -1.853111872136514e-01, 5.062726192062924e-01, 8.244022819862314e-01, -4.582898086214944e-01, -5.815873438350412e-03, 2.756852459792832e-03, 1.447299160705139e-01, 1.055699619338407e-02, -8.132872828010663e-04, 1.716431161492619e-01, 3.856130847016085e-01, 9.431244806917282e-04, 5.735697529592942e-02, 3.101075767924688e-01, -1.611228330562621e+00, -5.898568748307509e-01, 9.408966307833954e-01, -1.535646919119514e-01, 4.558902113873602e-01, 5.704356014965386e-01, 6.299741455754502e-01, 8.535460089635961e-02, -1.129682276294826e-03, -3.091605690256109e-03, -4.389719421422069e-01, 1.265881783771393e+00, -7.020347181862630e-01, 1.095027921587319e-01, -1.188373932629597e-01, 1.009172246769392e-01, -2.509368450968545e-01, 2.551673119059719e-01, 1.556038818979616e-03, 4.648751747080634e+02, -1.646161447796819e+04, 2.707671992385772e+03, 7.844560200086952e+02, -3.117039376921729e+03, 8.580594671158303e+02, 7.595149884709343e+02, -1.489180447520515e+03, 2.144780020790985e+03, -1.775161338556222e+03, 5.976644846178762e+04, -4.723294228133424e+04, 4.778579074187233e+03, 3.885601635227622e+04, -2.109766423205684e+04, -3.996970899397054e+04, -1.462423252683128e+04, 2.991492352506096e+03, 8.470051225574134e+03, 4.944047227060591e+03, -9.239467379214879e+03, 1.507244007528300e+04, -2.982365862771338e+04, 1.270833629466899e+04, 1.083161480964622e+02, -7.727090439448524e+02, -4.039648692306204e+02, 4.389107757827876e+02, -2.204732993464189e+01, -1.053901708193563e+02, -5.782167496882157e+01, 7.199264084791990e+00, -2.028120922262863e+02, 4.220448694867755e+01, 2.043508030582448e+03, -9.504686876678238e+02, -7.598638448700490e+02, -1.798922391855013e+02, -6.365053187915040e+02, 2.000043946002283e+02, -1.315612203833047e+03, -1.505934325791325e+03, 2.207539013699116e+03, -1.201206969113578e+03, 1.743649907701392e+02, 8.126680164071748e+02, -2.865428997310764e+02, -4.432357350381704e+02, 1.224661084434050e+01, 5.508040866523208e-01, 4.559236515097753e+01, 6.397075961977703e+00, 5.478319671359501e+00, 3.446609649764869e+01, 1.339385059420356e+01, 3.693191227220185e+00, 9.488121771568522e+00, 1.767701962300933e+00, 2.312759001229981e+01, 2.761639454922747e+00, 6.270457091339544e+01, -2.158868083970951e+01, -6.654132946676026e+00, -4.712107897202663e+01, -6.224779734970497e+01, -4.514215978841565e+01, 1.802760392034671e+00, 4.135539636446916e+01, 1.813151918395184e+01, 5.653801944591230e+00, -5.733384089000858e+00, 1.889517775952860e+01, -3.115657627430107e+00, 5.917486576028650e+00, 3.566498586806336e-01, -1.384360516537557e+00, 1.024812779665360e+00, -1.626236735148868e+00, 1.189597838621336e+00, 1.536629548969365e+00, 9.017902653824075e-02, 2.250919886540768e-01, -3.140253227327803e+00, -6.361531255211555e+00, -2.506724803022728e+00, -1.822718272769375e+00, 9.298370066152556e-01, -4.567963791599010e+00, -3.216967659824839e+00, 4.708286093642552e-01, -1.638703464610371e+00, -4.673190821673911e+00, 2.160620043588377e+00, -8.778729497878941e-01, 1.991747745693587e+00, -5.419726606436572e-01, -3.917201288567786e+00, 1.441999483284692e+00, 6.264757452909985e+00, 6.373480061456158e+00, 3.017873755643749e+00, -1.095915542796323e+00, 2.902432417402289e-01, 1.942060053760640e-01, 3.925608170206802e-01, 5.570225805380337e-01, 8.270343994806810e-02, -1.107855147347422e+00, 3.386426785776544e+00, -1.096502632273689e+00, 7.524791605411145e-01, 4.932355454739267e+00, 5.864642034855674e+00, 1.997409547867449e+00, -2.878346818075516e+00, -1.017271802046128e+00, 2.926537164624964e+00, 4.895423515736264e-01, 1.089369199358320e+00, -7.321243120115825e-02, 6.373612907040578e-01, -6.276799317360605e-01, 1.939075729319069e+00, -8.497502220912335e-01, -2.274671656483904e+00, -3.643669598734930e+00, 4.171721193597775e-01, 3.394566247393541e-01, 3.346072879058742e-01, 9.697087917492293e-02, 1.524301219624244e-01, -7.168082140403110e-01, -3.598123720469242e-01, 1.164299489400160e+00, 1.872687022432118e+00, -3.951154666512078e-01, -9.350753060047514e-01, -8.384566527614964e-01, 1.142342658589951e+00, 7.191066632498142e-01, 1.559345029734859e+00, -2.589366394934621e+00, 1.464707940103552e+00, -1.328886838764557e-01, 5.594359401333742e+00, -1.197305796164275e+00, -1.205397116175076e+01, -1.021846660214661e+01, -7.028753153567619e+00, 6.851548065672349e+00, 1.340072975913553e+00, 1.374714942565760e+00, 5.848308894603871e-01, 8.939744901110962e-01, -7.896222274463481e-02, 5.063474526520293e+00, -3.791450708852562e+00, 2.924691290403445e+00, -3.456245852121997e+00, 7.720539759135563e+00, 7.641325495405726e+00, 1.255285213482616e+01, 2.196837122810422e+00, -6.320470375598840e+00, -1.069904863002608e+00, 1.042549249345240e+00, -2.069579943582462e+00, -4.598181150542350e-01, 5.212309307145209e-01, -4.753583721561393e-01, -6.291819475436845e+00, 9.602265021771795e-01, -3.236305167542187e+00, -4.860217175559097e+00, 5.739586831414569e-01, 7.728101634008311e-01, 1.167290969099625e+00, 7.432215670787581e-01, 1.663963156602734e-01, 3.121840889447655e+00, 2.234699017778856e+00, -1.889610085145300e+00, 5.012753277622524e+00, -9.587137193359871e+00, 5.961480211854354e+00, -3.004890098063704e+00, -4.171859965932539e+00, 2.495082979799094e+00, 1.472603815916192e+00, 4.865463672823441e+00, 1.017054489853543e+01, -2.130057090932502e+00, 2.848347019095253e-01, -4.389714135312240e-01, -1.538820363809457e+01, 1.084000710779783e-01, 2.672438669631177e+00, -4.709880918763671e+00, -1.036062605237804e+00, -2.023614559649191e+00, -3.646914944160712e+00, -1.912031011527756e+00, -6.899251102279717e-02, 6.939512208490869e+00, -2.632966338510215e+02, 7.420311110657151e+03, 5.315878107043962e+01, -2.291248982308433e+03, -2.368978386970564e+03, 1.597145569306021e+03, -1.356256324746238e+03, 2.499614223594753e+03, 1.573176496810604e+03, -1.072964245400871e+03, -3.552208961973509e+03, 1.143016117239732e+04, 1.613303749016935e+04, -7.987077825875069e+03, -2.696806408792449e+03, 6.283446916722361e+03, 2.312852177601183e+03, 7.781120905978515e+03, 6.377675799937811e+03, 3.546245785302366e+02, 4.306998858663034e+03, 4.350725494018986e+03, -1.214111560285705e+03, 1.060326477493683e+04, -5.428710673717633e+00, -1.195931106169539e+02, -1.945216491029965e+02, 1.312595843938432e+02, 1.468007434096179e+02, -9.879387784641634e+01, 1.976901511836111e+02, -1.736535869065792e+01, -7.974523893638388e+01, 1.168446740698929e+02, -1.354208020861250e+03, 1.175085945760258e+03, -9.800051974788757e+02, 4.479405899815183e+02, -3.137445877878446e+02, 5.998971294465980e+02, 9.669288835510912e+02, -1.322230376200691e+03, 1.345275073361876e+03, -6.591430064457148e+02, -6.238885868674838e+02, 8.017206480058217e+02, 3.412439878616986e+02, 4.748370173304929e+01, 1.077552315647719e+01, -7.116860649251738e-01, -7.103477759011857e+01, 2.385237009897441e+01, -4.172848225421640e+01, -2.598372823541959e+01, -2.095478900597940e+01, -4.483758029072247e+00, 4.110396884593370e-01, -2.172724600728759e+00, -9.929691194263766e+00, 2.602738004039109e+01, 1.554550411263420e+01, 3.827261208469411e+01, 1.242539808872333e+01, 7.354608871882346e+01, 2.930514874243985e+01, 4.072909405297067e+01, 4.088691351518774e+01, 1.310354799118055e+01, 4.252661457014814e+01, -6.265112341585164e+01, -9.477445873811565e+00, -1.165850918121848e+01, 1.965506939425375e+00, -5.700249789745056e+00, -5.599209477263687e+00, 9.126105472081434e-01, 1.575093761370894e+00, -2.820186629707191e-01, 1.671357563811640e+00, -4.246310066671174e-01, -2.656542886088707e-01, 3.834547763775865e-01, 1.565234349934164e+00, 8.558465993310817e+00, 3.168004442443844e+00, -7.418889921215264e-01, 1.497771680974224e+00, -9.653234366940643e-01, 1.297840617592024e+01, 8.392933366363796e-01, 5.030896323258792e+00, 2.774231447095397e+00, -4.170774645227974e+00, -1.358010588647242e+00, -1.377548577686671e+00, -2.859093011010392e-01, 3.236221345262158e+00, -2.685889931639286e+00, 6.322369068413139e+00, -4.682355807167921e+00, -3.445427257546613e+00, -1.336607313009141e+00, -9.320283121339021e-01, 3.343566089913062e-01, -1.661265939428982e-01, -1.147393348677414e-01, 7.616307098798846e-01, -1.102202389751286e+00, -2.739568498446216e+00, 2.055713119390646e+00, 1.856239803527379e-01, 4.830356642934906e+00, 2.319321164022490e+00, -2.741187453879137e+00, 5.151389629706460e-02, -1.515614753141849e+00, -2.019125220893900e+00, -9.132428232799480e-01, -1.369677126520110e+00, -2.257294890814130e-01, -1.116904560919175e+00, 1.955839240479456e+00, -2.471433535536987e+00, -3.469980056952750e+00, 8.634236665489382e-01, 7.349975878794701e-01, 9.770669201849200e-01, 5.313035047715898e-01, 3.292909082630863e-01, 8.485533696046818e-02, -4.266916228992900e-01, 4.396465448585168e-01, -1.456589232170755e+00, -4.659946855545583e-01, -1.322997811033748e-01, -1.171732834132590e+00, 4.538316274326420e+00, -2.724996323292819e+00, -1.866340861874165e+00, -5.101977888876709e+00, -1.614525179629599e+00, 1.920195295847937e-01, 2.135945628601525e-01, -8.245326591508227e-01, -1.462662057218008e+00, 1.034454789914719e+00, 5.575524386538995e+00, 1.622251731306594e+00, -2.141170749022034e+00, -8.835855110796981e-01, 6.509870046740714e-01, 6.679797786275357e-01, -4.333076041409030e-02, -2.783118429644083e-01, -2.818284015067052e-01, -3.336997798623081e+00, 8.718710020193982e-01, 9.330534393647590e-01, 9.428828252986187e-01, -2.619727402059447e+00, -8.268184963786657e+00, -6.411885510879517e-01, 2.037520393589616e+00, 4.094369340613931e-01, -8.496591855099096e-01, 1.542745305065019e-02, -3.340085253921799e+00, -2.995003036207299e-01, -1.203154543316835e+00, -1.758067024686665e-01, 6.319468281100394e+00, -1.515666796738794e+00, 5.204285517656276e+00, -7.087059847382262e+00, 2.927454075903644e-01, -4.524980144182751e-01, -3.053928959210504e-01, 5.514234199516760e-01, 4.253654967759529e-01, -4.140825459382135e+00, -3.198469253618928e+00, -8.937245068330146e-01, 2.509243908677221e+00, 3.290886495045326e+00, -6.963481189938719e+00, 1.073618137478306e+01, -3.363303406886363e+00, -7.394107085931906e+00, -1.534916989426166e+01, -2.988102763071264e+00, -7.108282008275398e+00, -3.247851663982055e+00, 5.479665186033059e+00, -1.265881914124094e+00, -1.082875632263217e-01, 1.082706369170807e+01, 2.023393336462514e+00, 7.990972840393757e+00, 3.406507663628953e+00, 1.730347833824947e+00, -1.456726637417314e+00, 7.130510379724726e-02, -6.483485376337811e-02, 2.229324867029646e-01, 3.626487683050282e+00, 3.994620824540808e+02, 4.887237347826074e+03, 2.438482572421269e+02, 1.932093599138164e+03, -2.184861145229082e+03, -2.015077149072466e+03, -3.532904403985969e+02, 2.635241097069801e+03, -3.447209414644947e+03, -1.156711418420356e+03, -8.442928501738959e+03, -1.717188043756113e+04, -3.939870503038965e+02, -2.629863192646120e+03, 2.002009978474647e+03, -6.895482907628404e+03, -4.834613133281019e+03, -5.316951220246599e+03, -1.710623585373723e+03, -3.283132501298651e+02, 1.758080842682780e+03, -2.541093216293480e+03, 2.195920014370321e+03, -1.279111374712912e+03, 3.127378659150615e+01, -3.003617849457238e+02, -2.331330310955579e+02, 1.664654998153712e+02, 4.170236044388664e+02, 1.510964886883606e+01, 3.418804436831568e+01, 6.509414902633731e+01, -3.164843516076160e+01, 1.091306068864339e+01, 1.500475435774536e+02, 5.820188356365827e+02, 1.772178168927221e+03, 4.429100193623410e+02, 4.614928158041507e+02, -1.383561799444266e+03, 1.131994309299394e+03, -9.833438440536586e+02, -1.259998418736974e+03, 1.360709328476904e+03, -4.159950356905605e+02, -8.285506239064048e+01, 7.415368686826747e+02, 2.459511189553506e+02, -9.472340203382748e+00, 2.655446112060518e-01, 3.910934627308978e+01, 1.570587459078326e+01, 1.753045127382538e+01, -5.834069055496316e-01, 1.328918900204478e+01, 4.167777160859540e+00, 2.938774598218786e+00, -1.200950856992679e-01, 9.595711225447131e+00, 4.436190161620437e+01, -4.884902369990652e+00, -1.613818857639348e+01, 4.800954247581801e+00, -4.970070102947393e+01, -1.042293402128548e+02, -2.455406173966391e+01, 1.979790537112407e+01, -3.913809387012894e+01, 5.939430884323999e+01, -1.238275442368406e+01, 1.776051719515486e+01, -7.814088774782951e+00, 1.340190507609467e+00, -9.691529404117879e-01, 3.746463171902328e-01, -7.117368419864216e+00, -4.237507777591574e+00, 6.826903239390110e-02, -1.755995844969194e+00, 1.747208815632457e-01, -6.361682045406854e-02, 1.138039919743286e-01, 6.827519052526380e-01, -4.108694150407675e+00, -4.116095038341292e+00, 1.701439312238071e+00, -1.093080711245750e-01, -7.960986833063665e+00, 1.646132667791126e+00, -4.966700159184031e+00, -1.733495080358327e+00, 2.645280065836688e-01, -2.934920237472892e+00, -3.453950342964103e-01, -2.255733177488351e+00, 8.304022088312755e-01, 1.377301799259408e+00, -2.007933098823997e-01, 7.980005114680671e-01, 1.157903135485593e+00, -6.534483345584023e-02, 3.338103015661341e-03, 3.780064709365916e-01, -1.659317559613804e-01, 7.458226652785112e-01, 3.625685915649329e-01, 9.748788627893762e-02, -1.316225563378322e+00, -1.874335369547278e-01, 1.172828982501120e-01, 3.574281135671715e-01, -8.996889374069499e-01, 1.028973207514010e+00, 4.237693292097059e+00, 5.999240619425047e-01, -6.211944145426288e-01, 1.212075384884503e+00, 1.162923764507125e+00, -1.660085659755753e+00, -3.103534558003261e-02, -6.684291629397126e-01, 1.615446952569454e-01, 6.988372968090086e-01, -7.027891817049318e-01, 1.784497048642772e+00, 1.015138873637883e+00, 5.304207037344498e-01, -3.342938216260723e-02, -3.142646204107339e-01, -1.482799461760402e-01, -2.105930142359713e-02, -1.438581527233425e+00, -3.963201485683927e-02, -9.734448922360592e-01, -3.042641688392911e-01, 1.644514110361055e+00, 2.049934151507931e+00, -2.802432647097294e+00, 2.209944452626157e+00, -3.719095551593531e-01, 2.139763188014443e+00, 1.780578608488051e+00, 1.245663283659129e+00, 4.807088940969694e-01, -5.497859289260845e-01, -4.982423265555961e-02, 4.121931116659764e+00, 6.606607017139419e-01, 2.239665806384390e+00, -5.448573304201430e+00, 5.371242128057396e-02, 2.649539540904349e-01, -1.086241884734642e-01, -1.991966895255559e-01, 5.547835946178086e-02, -2.116210553810105e+00, -5.433777483067851e-01, -1.042325311507542e+00, 2.257943671523922e+00, 1.653121762694996e+00, -6.752215166689743e-01, -1.942976762738257e-01, -4.451120688442760e-01, 1.234710136657066e-02, 1.400668128815061e+00, -2.470299603507139e+00, -1.935610194618534e+00, -8.302463954087167e-01, 2.728533185105778e+00, 4.836660803356002e-01, 3.195491844390267e-01, 6.619928661746334e+00, -3.839520974920600e+00, -3.115899690536586e+00, 1.748759858283695e+00, -4.406802416184405e-01, 1.080473926326409e+00, 8.816935249789500e-01, -2.999964392614293e-01, 5.480899347006580e+00, 3.663328566444778e+00, 3.036465826843261e+00, 2.094178283919161e+00, -7.877844626142618e+00, -1.996091440577450e+00, -1.037494301182363e+00, -7.565839245776940e-01, 8.459566147383248e-01, 8.814432612055272e+00, 1.919497122894810e+00, -2.999812563219102e+00, -6.412527395021369e-01, 1.834949028779692e+00, -7.020357264132152e-01, 2.672381338819805e+00, -2.023359842171370e+00, -8.255783915284375e+00, -5.355161071350121e+00, -1.125026596280278e-02, 2.550621142077906e+00, -1.488512792357742e+00, -1.230995739297783e-01, -1.661278049641978e-01, -3.768438610942184e+00, -3.533688677615859e+00, 3.275613612341914e+00, 4.549509981882144e+02, -1.228810988859430e+04, 6.699641556009678e+02, 4.292085655684868e+03, -7.031295245273952e+02, 1.956886865119340e+03, -3.778381793029297e+02, -1.488029590293503e+03, -1.979592793795968e+02, 1.006617095491011e+03, -3.588569677330071e+04, -5.652310691826215e+03, -1.902046778093199e+03, -2.816996119141642e+03, -1.264046867952598e+03, -2.642297483793679e+02, 5.006278056490542e+03, 4.138907525214466e+03, -6.610767265474899e+03, -5.041676225710033e+03, -7.293188271332254e+03, 8.036755552026351e+03, -3.467056126155844e+03, 6.052571880852523e+03, 1.091048236660414e+01, 1.207546685654241e+02, -4.941397808482427e+02, 9.542761993609474e+01, 6.325189665349627e+01, 9.329611802051042e+01, 1.539545764066272e+01, -1.893112123095267e+01, -3.614776496645418e+01, -7.830273090120869e+00, -5.562012548067764e+02, 2.017394137210925e+03, 3.214538199602842e+02, 3.304854056327859e+02, 1.667150856137645e+02, -5.713038366170566e+02, -3.889868283553345e+02, -4.391896088001953e+02, 1.029883728328103e+02, 2.711757359793365e+02, -1.144822315051432e+02, 8.189767019770137e+02, -5.722670688590479e+02, -5.600637143698879e+02, -6.734085275466124e+00, -1.018482131430755e+01, -4.267890761119008e+01, 1.715532668510339e+01, -2.044170782965058e+01, -9.440652003983919e+00, -8.704783516837090e+00, -7.658085017795570e+00, -7.526401878763073e+00, -3.151083598281770e+00, 3.035500972709447e+01, 1.068271575120270e+01, 9.222873169344656e+01, -1.795185899574607e+01, 3.211978958112153e+01, 3.619807365923851e+01, 8.828520341069540e+00, 5.177190341562078e+01, 1.747853026996464e+01, 2.045000442713023e+00, 2.508747273642258e+01, 3.147524976805195e+00, -8.917490945965517e+00, 8.703386372232522e+00, 1.398282531536413e+00, 4.163507602554121e-01, 2.875883218731538e+00, -1.577205042381038e+00, -2.011242445050859e-01, -8.929376580199022e-01, 7.706432601432016e-01, 5.977284170226186e-01, 1.193897248328564e+00, 3.484738023120384e-01, -4.197909375147402e-01, 1.725864251045617e+00, -3.900839089808929e+00, 2.725427093805513e+00, 4.426261013568942e-01, 4.388394335545696e-01, 6.283079125229375e+00, 1.995782694354012e+00, 4.363667971215321e-01, 2.609642152147596e+00, -2.299746913358583e+00, -2.513147128596235e-01, -1.270034638240658e+00, -4.400859094732635e-01, -1.236969073986130e+00, -5.821689411959532e-01, 2.168628717967404e+00, 3.546599431857357e-01, 1.973973156130746e+00, 2.624898875228463e+00, -6.408038425690266e-01, -4.930378586672915e-01, -5.378887523565854e-01, -3.681990593902428e-01, 1.472696302397493e-01, -2.247042139036792e-02, 3.101855498380770e-02, -8.539858695415177e-01, -1.924547182572532e+00, 1.345976305433018e+00, 1.717982641120978e-01, -3.735948290302051e+00, -5.975134590056700e-01, -6.291981580131263e-01, 1.109597408477295e+00, 4.600928155072382e-01, -7.537365839755028e-01, 2.392966469396593e-02, -1.351998456009394e-01, -5.119869142802606e-02, 3.917624215069915e+00, -2.229383849037589e+00, -4.202868410331029e+00, 3.852026568473538e-01, 2.585124796384015e-01, -2.695454640418284e-01, -1.583086377760278e-01, -1.016381034836162e-01, -3.289933928344171e-03, -1.475729710807302e+00, -1.404023050692427e+00, 2.039369688316203e+00, -5.655696679906168e-01, 3.643804228543467e-01, 9.612319993877817e-01, 1.415616057247004e+00, -6.461545160029610e-01, -5.670679738539458e-01, -1.990063352029433e+00, -1.542446815394526e-01, -8.088788472813092e-01, -2.060415270736481e-01, 7.598312458097911e-01, -5.445757063563608e-01, -4.535540698038908e+00, -1.797369454407590e+00, -3.263960463062280e+00, 2.103911468178861e+00, -4.898091691846618e-01, -2.753814144254513e-01, -6.552582033066073e-01, -2.939045888487206e-01, 4.173107910697244e-02, 2.320302694460480e+00, -5.215828003388668e-01, 2.777070729366384e+00, -1.298956843535810e+00, -2.188313122561014e+00, 4.262948272167565e+00, -1.948607176088657e+00, -3.286326996665223e+00, -1.466331126158534e+00, -1.358554039700596e+00, 6.695512421396640e-01, -4.200334734009092e+00, 2.777024965338051e-01, -9.523429675575475e-01, 3.946876160125458e-01, 5.807160150670119e+00, 1.106408157977684e+00, 7.794989550270285e-01, -3.929472791294842e+00, 7.607951546868179e-01, -1.123601181383922e+00, 7.470241100064942e-01, 1.766433014998442e-01, -9.855161465659941e-02, -2.696469896907350e+00, -1.661871995802756e+00, 1.772871053952130e+00, 1.998953015925194e+00, 8.634524123458272e+00, 2.990170013233811e+00, -4.689247872080369e+00, 8.759417486518660e-01, 1.090455867361329e+01, -7.948070711193273e+00, -2.312542748987167e+00, -2.280022528060480e+00, 1.965864685008150e+00, -4.138577377642497e-01, 1.095017756943260e-01, -4.709874650601804e+00, -7.990992030473162e+00, -5.355144746627981e+00, 6.582569383645837e+00, 4.377212172594521e-01, -3.002206010327613e-01, -1.612009079899615e+00, 6.549388875290709e-01, 3.960146232793456e-02, 4.507050293045212e+00, -7.506653057463952e+00, 5.432827901108767e+00, -3.481883669993213e+00, 1.377415205319289e+04, -3.799621938222025e+05, 3.117443002489126e+05, -1.552919163320281e+05, 5.990253437051208e+04, 3.980825502452385e+04, 6.607586886729789e+04, 1.065673751552176e+05, -1.445678845448513e+05, -5.156608604949476e+04, 1.031595209161507e+06, -2.015137388697788e+05, 1.183867791053909e+05, -5.867389707291970e+05, 6.416479009754255e+05, -3.781249031860204e+05, 4.236634795851212e+05, 2.159875858270591e+05, 1.480039758846544e+06, -4.063346864203176e+05, -6.597280767001283e+05, 1.203207679607061e+05, -3.095657138860583e+05, 1.964562905337244e+05, 4.423460064091346e+02, 1.553336505399649e+03, -1.629187560003349e+03, 4.156336378889456e+03, 1.112603936564332e+03, -2.132577092763446e+03, 1.263074303158244e+03, 1.508891730009626e+03, 2.881549461571808e+03, 1.499811511340074e+03, 5.914311531433369e+03, 1.838806967728036e+04, -4.720378996529297e+03, 1.464803442213743e+04, 1.182131031163520e+04, -6.143594527372162e+02, -6.281577340657402e+03, -2.441962128854307e+04, 2.097706347975130e+03, -6.538142971039695e+03, 3.911520247978407e+03, -1.313005793477385e+03, 4.160845612785349e+03, 7.256462653885315e+03, -1.787625302469796e+02, 1.000824955736920e+02, 7.728199691507739e+01, 4.554965873867564e+01, 7.115063733482197e+00, 6.807246640808094e+01, 7.191177943705401e+01, 9.858531992563352e+00, -4.187752146830939e+01, -2.822353360664185e+01, -8.258123643458175e+01, -9.962026214075374e+01, 2.580400643520078e+02, -2.035416704691908e+02, 9.121240949218734e+00, -2.899212965027082e+01, -1.883632189081557e+02, -5.475058272314238e+01, 7.274154361887489e+01, 2.323460369676593e+02, 8.579560542923045e+01, -7.284757798971539e+01, 7.921370978699065e+01, -6.167667695318014e+01, 2.220697179146618e+01, 5.156566152470762e-01, -5.371977666556939e+00, -5.600716658002915e+00, -1.167607618019028e+01, -3.123330703894816e+00, -5.041509526303956e+00, 2.621820590236551e+00, 5.390294287547076e+00, 2.611938185215292e+00, -1.109490572199779e+00, -1.792222594078231e+00, -5.428904079544246e+00, 1.251198340569791e+01, 1.490208550153130e-01, -5.266835384879764e+00, -2.885643984223233e+00, 8.128214545920152e+00, -1.089194021350120e+00, -9.687900010105908e+00, -8.301408645487911e+00, 1.380506086540089e+00, -7.595458918385039e+00, 2.283854245706887e+00, -1.141347541272613e+01, -5.905814285878976e+00, 2.342468826952817e+00, 3.352544874164784e+00, -1.234584336114502e+01, 3.177857497155677e+00, 1.672676694372619e+00, -3.296543712303167e-01, -1.518101548377077e+00, -8.915439426685816e-01, 6.195448975170859e-01, -1.950193635947574e+00, 2.864439943481171e+00, 6.196651194666379e+00, -1.166127026044568e+00, 4.946620295596693e+00, 3.833129761758520e+00, -2.651373386444899e+00, -1.944632077890877e+00, 4.835545375288973e+00, 9.755515273655647e-01, -2.246143252903389e+00, -2.824728226171232e+00, -9.908728973673857e-01, -2.779003116421427e+01, 6.637233871315765e+00, 8.849103505790774e+00, 3.993645860618250e+00, 1.544540004215477e+00, 2.952927488622219e+00, -2.195563292620478e+00, 2.810092653533671e-01, -3.752354565430754e-01, -5.274072768535131e-01, -1.247055602739572e+00, -3.884221264971207e+00, -9.967965805801638e-01, 2.494674061936833e-01, -2.004690541212863e+00, 5.845546008533050e-01, -1.178155612653351e+00, 6.825616815202324e+00, 9.770877541012424e-01, 4.087882009757696e+00, -4.477736691157720e-01, -1.134233686586481e+00, -1.044231689021261e+00, -5.539363911819770e-01, -1.678164359466901e+01, 1.012860467002595e+01, -1.047012671563243e+01, 1.098162415072977e+01, -9.144743277318549e+00, -3.118341769408073e+00, -6.436094496961616e-01, -9.810520175087043e-01, 4.897689693111179e-01, 2.369738515659133e-01, -2.927455422775528e+00, 4.384238657880966e+00, 6.877229809240473e+00, 4.154564270331405e+00, 2.956462767310515e+00, 8.113675842760319e+00, 1.650212348049978e+01, 6.127708306610401e+00, 3.673745815304542e+00, -1.198784349362177e+00, 1.862923285242073e+00, 5.547929093204909e+00, 2.335242324108517e+00, 1.531320616031000e+00, -2.079474199643030e+01, 3.412383007724095e-01, 1.654258395571506e+01, -9.086608801948460e+00, 2.151752909455577e+01, -3.129848016924809e+00, 2.987369762667210e+00, -1.698349651538660e+00, -4.650406898343835e-01, 5.626302815322803e-01, -9.392389033061160e-02, -7.207408444130554e+00, -4.112136107468801e+00, -7.973512652276942e+00, 2.407608981023540e+00, -1.491103074090132e+01, -4.436872400182557e+00, -1.946105775572691e+01, 9.112222436165563e+00, 1.979661732365555e+01, -2.886065069941491e-01, -8.847394044290464e+00, 1.196524791166021e+01, 5.475398723704354e+00, 3.417216360474264e+00, -3.280117034978564e+00, -3.753816521017521e+01, -2.110015484101499e+00, -7.943129283938777e+01, -2.754807354155242e+00, -6.041451918563368e+00, -7.157927964998385e+00, -2.346116494247152e+00, -1.102662743945468e+00, -1.649572039885474e+00, 3.628017615712763e+01, 6.753999519322316e-01, 5.762849376618485e+01, 2.551370191961931e+00, 3.207470763617014e+01, 5.259876716779721e+03, -7.102533744862862e+04, 7.513815805249976e+04, 8.713438643122918e+04, -5.328022906555734e+04, -6.398622199893900e+04, -7.989028944700360e+04, 2.693136407469644e+04, 5.149316563500274e+04, 3.832260115712847e+04, 4.230788843563086e+04, -1.407079661855761e+06, -1.083458238560882e+06, -4.579666114544722e+05, -6.785370835347571e+04, -2.357679606967341e+05, -6.888055180103447e+05, -7.995466800366085e+05, -2.045294737631044e+06, -8.669801371951505e+05, 6.475576538495405e+05, 3.148532891005021e+05, 5.629579462991180e+05, -1.980968367690368e+04, -2.281655514276221e+02, -2.145244806917303e+02, -1.997063098414314e+03, 1.601361666839239e+03, 1.502444610758279e+03, -1.276638542507531e+03, 8.203479493700954e+02, 9.454701859921494e+02, 2.280364120143055e+01, 1.835180641106293e+02, 6.551931932335973e+03, 1.258249405119447e+04, -6.221650505376506e+03, -1.021129375194374e+04, 5.380097089928380e+03, 1.436689623673393e+04, -3.787738577854820e+04, 1.305996343279324e+04, -2.725524183716238e+03, 1.121886103307626e+04, -1.199328642760945e+04, -1.281636342597735e+04, -8.906103592502648e+03, -9.401816760672655e+02, -1.101137414730233e+02, 2.345470758867348e+01, 2.839517666711664e+02, -1.733966088324300e+01, 8.178055052825532e+01, -2.496685315058289e+01, 3.030153571340994e+01, -2.283659476868373e-01, 2.499040365350898e+01, -1.316768723017171e+01, 3.754985436414642e+00, -1.399943424420121e+02, -1.133821412847669e+02, 5.636749693960840e+00, 7.044956497118910e+01, -2.125672025032051e+02, 1.014233622218748e+02, -3.888078740423407e+02, -5.031089915208051e+01, 8.754950284982743e+01, 2.449426841612550e+02, 1.187636266568247e+02, 9.217708624962819e+01, -1.206484130476012e+00, 3.772254476316104e+01, -1.038978359135218e+01, -1.347512385777145e+01, 9.105603401375360e-02, 1.635030713466048e+00, 6.454486638048296e+00, -7.534753911743550e+00, -1.985125444747380e+00, -3.644774678933429e+00, 4.269824504967163e+00, 2.049770861703724e+00, 1.020593926348328e+00, -9.265003426062300e+00, -6.573537325292037e-01, -1.026199012383876e+01, -4.103544409506218e-01, -4.413764115650575e+01, 1.290747797865211e+01, 7.451439927208555e-01, 1.367653101966783e+00, -1.243101189376955e+01, -3.741312741943731e+00, 1.316750177207524e+00, 3.424144117644854e-01, -5.091067312934810e+01, 1.318391685446865e+01, 9.816365333696297e+00, 2.403156200495583e+01, 1.226508168948823e+01, -1.514089329426849e+00, 1.907891723780256e+00, 7.162692101001803e-01, 5.192939418907493e-01, -1.120250911659452e+00, -1.671319528709408e+00, -5.238547967964154e+00, 1.407158340736121e+01, -6.068488835337284e+00, 1.281363866080583e+00, -2.231674853827494e+00, 1.288123879244447e+01, -1.812651138398449e+01, -1.733510285005218e+00, -3.059296179077178e+00, 7.767848145782356e+00, -1.892150105265422e-01, -1.306113144985410e+00, 9.625535241769170e-02, 2.196309168023367e+01, -1.288474565770892e+01, 1.126856083798417e+01, 1.812259270996083e+00, -1.388112026251500e+01, 5.814530204784529e+00, -1.497164026932733e+00, -1.019773777251151e+00, -8.147683559905785e-01, -5.839908292498988e-01, 1.882629282158818e+00, -3.467266112471973e+00, -9.072609180229301e-01, 7.601455273635223e+00, -4.911181805958805e+00, -9.197656837207193e-01, -1.387235235989528e+01, 1.204391529127236e+01, 2.520567980957822e+00, 5.484966591316999e+00, -3.215559416831611e+00, 2.598637489477457e+00, -1.206666670721372e+00, 1.700441418389960e+00, -1.073496103809036e+01, -7.507726311047692e+00, -1.606105050977024e+01, 2.373748732589953e+00, 4.545293045942052e+00, 6.508307094278716e-02, 1.205917581303331e+00, 2.036280570743072e+00, 7.031523745955925e-01, 2.320433714517137e+00, 2.479993560336112e+00, 7.398161315560550e+00, 5.011541957089669e+00, -8.311730256418931e-01, 5.962326404532419e-01, 1.138788294239778e+01, 2.519144727754502e+01, 5.928480799271636e+00, -3.271019881524597e-01, -1.878392878886994e+01, -6.276462686508834e-01, 1.968873951911168e+00, 8.902897307751179e+00, 2.168793512405284e+00, 2.014239564442116e+01, -1.180076721696902e+01, 4.051215381449884e+00, -3.212076807914459e+01, -4.056945561324941e-01, -5.898606409246901e+00, 1.300663766634394e+00, -1.382420125880178e+00, 8.886540323366100e-03, 9.511534846905287e-02, 1.812444567556410e+00, 6.113973885981026e-01, -2.209957867298546e+01, -4.459003991520553e+00, 7.541629220329304e+00, 6.839744168810595e+00, 3.921223323245744e+01, 5.371926523042322e+00, -2.633628630949791e+01, 3.134246680136567e+00, 3.075810999781502e+01, 8.607469850792450e+00, 3.083392608941968e+01, -1.095494082513581e+00, 4.207982078109857e+01, -6.232985821335284e+01, -4.500773587950782e+01, -3.990569409234840e+01, -4.209101005046099e+01, -4.115898885584627e+01, 6.264075298687226e+00, 5.414552766633891e+00, 5.526158164385411e+00, -4.507588712556130e+00, 1.933075596077882e+01, 1.688537562158200e+01, -3.653470248361337e+01, 2.929938641990026e+01, 3.441913463819706e+01, -4.196489054775648e+01, 5.097797621613422e+01, 1.002856771810169e+04, 4.554457280053123e+04, -1.374958829546966e+05, 1.681493288112507e+05, -4.014221755081462e+04, 8.567628839130609e+04, 1.167860200254883e+04, 4.309240492702946e+04, -8.019378868518997e+04, 6.466947940090761e+04, -7.032096483601683e+05, -1.806269070736776e+05, 3.409449021312466e+05, -2.177925826084494e+05, -7.529204236346380e+04, 1.714337554431471e+04, 1.523314151079050e+05, 2.768806561026914e+05, 3.701090960472174e+05, 4.113717277584301e+04, -2.482640620657096e+05, 1.002833293930086e+05, -1.714622822976190e+05, 4.981596668748040e+05, 5.431834257622633e+01, -1.359207546189231e+02, 6.211959958526758e+02, -9.740040749560991e+02, 4.494553026492222e+02, -1.765846586680377e+02, 1.305252771223991e+02, 1.410846072512447e+03, 1.950076490310847e+03, 4.479272335631525e+02, 4.758827757011031e+03, 6.476667296618259e+03, -7.073151356568956e+03, 1.659271075515385e+01, 8.370949169524989e+03, 3.248278115328348e+04, -8.545819467499885e+03, -3.016150152343789e+04, -5.158111271574930e+03, 1.684832098411895e+04, -1.201216402718132e+04, 9.022860638292568e+03, -1.461688840265249e+04, 1.403254848251063e+04, -1.047028425392440e+02, -6.816297973139986e+01, 1.955291933037068e+01, -1.526726667941809e+02, -8.187699899500313e+01, 2.578779850565583e+01, -6.646983489577080e+00, -6.409908294889233e+01, -5.363041204453540e+01, -1.072929773911441e+01, -6.180535807898872e+01, -9.157249472924536e+01, -2.028214997711044e+02, 1.002659013803318e+02, -9.304636986464681e+01, -2.475233289169264e+02, 2.785610330043401e+02, 1.620844254214462e+02, -3.425688157683597e+01, -7.900672478923154e+01, 4.737705890016415e+01, -6.442584655898106e+01, 1.161983194009746e+02, -6.606402991769177e+01, 2.654548234874019e+01, 1.192194951690830e+01, 6.862378669820831e+00, 8.789532570194057e+00, -2.115271378244312e+01, 3.046135202747192e+00, -1.182460317232434e+00, 4.191956328712664e+00, 2.766222998649585e+00, -1.929239291422863e+00, -1.558049987814293e+00, -1.029999636017175e+01, -8.265657630893429e+00, 1.735749956634590e+01, -1.757295578798571e+00, 1.464372633903132e+01, -2.186004367047709e+00, 2.446775549254104e+00, 3.560764959305478e+00, -2.153069095776891e+00, -2.320459611431378e+01, 6.361200241962342e+00, -1.797976734594809e+01, 3.099237246135036e+00, -1.363966678943531e+01, 1.295008674494591e+01, -7.755031840989248e+00, -4.654459170335182e-01, 1.132035098935704e+01, -3.314706567457884e+00, 3.729429415830845e+00, 1.492409708488552e+00, 9.395579456818403e-01, 1.622742323482886e+00, -3.025758634556722e+00, 3.001021549995528e+00, 3.524671500037849e+00, -6.250571074742617e+00, 3.501138784674153e+00, -6.618898957788770e-01, -2.340748705604814e-01, 1.554218581869245e+00, 2.141128693564044e-01, -3.125902413585524e+00, 1.030350326442385e+01, -3.308910628809850e+00, 3.166151726700695e+00, -1.681550881620676e-01, 7.806431661759117e+00, -7.664081493189517e+00, 4.542114812543574e+00, 6.379150978181409e+00, -1.596653672112029e+00, -6.124399280271738e+00, -2.047580003255955e+00, -1.039304899357605e+00, 9.436627457921644e-02, -1.766361895104204e+00, 1.456724141351284e+00, -1.209024271073217e+00, 2.159290669807404e+00, 1.922143152280097e+00, 3.398685297659055e+00, -9.010644196292354e+00, -3.434693575073460e+00, -4.382289966202755e+00, 2.123237455895383e+00, 4.282151989803297e-01, 2.830068724685052e+00, 2.251568608493098e+00, -4.827663932136235e-01, -1.868654339739421e+00, -7.633533548624514e+00, 1.414852675040119e+01, -1.170429049580796e+01, -4.363840438520110e+00, 8.531390335331013e+00, -3.402536453665278e+00, 3.948339338645010e+00, 2.033367256343184e-01, 7.732258074904799e-01, 3.035585621741195e+00, -2.549188783635073e+00, 5.718292358117875e+00, -4.314264547370270e+00, -6.037496494263704e+00, 1.996353975884540e+00, 9.053027630543289e+00, -2.652062201157834e+01, 3.175383783088743e+00, 7.588391835791937e+00, -5.970943722985985e+00, -1.260795632760522e+01, 2.371301421568968e+00, 2.801431261710206e+00, 3.582614413306153e+00, 2.345889785130249e+00, -8.492171188757222e+00, 2.488976919340614e+01, -3.131880808769965e+00, 7.486027924074840e-01, -1.181321096818405e+01, -2.119034101832836e+00, -4.907875980965321e-01, 1.407747693500240e+00, -5.995691052550246e+00, 1.797376943733598e+00, -1.248052653466023e+01, -5.004158707873820e+00, 9.103528674420950e-01, 8.510761450299773e+00, -2.005134603912972e+01, 9.927070529646503e+00, 1.944357116539606e+00, -1.012242411366263e+01, -9.271697565826200e+00, 1.159106877874330e+01, 1.072739654582568e+01, 2.013033743651521e-01, -1.110429212713328e+01, 2.173685664087795e+01, -7.706528487080099e+00, -5.221044221180082e+01, 1.400652361325185e+01, -2.368647212394825e+01, 7.981121953796006e+00, 1.133349703846688e+00, 2.491868179655037e-01, -3.832719087171541e+00, 5.014281289453268e+00, 2.704435204552056e+00, 3.591443270667621e+01, 7.673584854863468e-01, 2.124878391758720e+01, -5.427161291558159e+00, 3.102876575606834e+01, -5.541965492184885e+01, -5.979919197628971e-01, 2.163607134098142e+03, 2.289444157260695e+05, 1.741130883254442e+05, 3.821772275985685e+04, -4.842291107097491e+04, 9.739225695847200e+04, 7.808042572167315e+03, -9.086083680013138e+03, 1.593847957846446e+04, -3.302784148936634e+03, -1.655528367204703e+06, -9.241216929379965e+05, 6.016117448646114e+05, 5.569142468005746e+05, -1.642300514496636e+05, -4.708693807274381e+05, -7.838530047511017e+04, 2.632424210251213e+05, 7.192683078600959e+05, 3.217191749399747e+05, -6.372838856074099e+05, -9.473045082077695e+04, -8.732423576626516e+05, 1.875694212237656e+05, 4.309661720302380e+01, 9.174887297849465e+01, -5.500594997962089e+02, 6.660224391242150e+02, 1.638877976868783e+03, 3.312991946422903e+02, 5.273856064795307e+02, 3.877814806204000e+02, -1.284503264547459e+02, 3.563157016881986e+02, 3.545341696178301e+03, -1.672254395207269e+04, -1.667413805958055e+03, -3.515102800782803e+03, -8.752248989161010e+02, 1.089298278534422e+02, -4.563260188940513e+03, 1.357038753104347e+04, 2.749949572195490e+03, -2.659201949984235e+03, 3.682433286090068e+03, -6.425494219537152e+02, 7.325912183744043e+03, -1.632203429772901e+03, -3.024850051356776e+01, 2.170332677738160e+01, -2.908890237294749e+01, 1.425863425220548e+00, -3.301800144831685e+01, 1.206543373362041e+01, -1.593978709945319e+01, -9.857996565579223e+00, -1.979913078836987e+00, -1.435094447703554e+01, -5.059244932622210e+01, 9.935645794687827e+01, 1.033463547388394e+02, -5.352919736757077e+01, -1.307419575249332e+01, -1.093409235688039e+01, -1.307164667830701e+02, -4.082818388615956e+01, -2.139479705468013e+01, 3.160363063671435e+01, 2.923625336760770e+01, 3.200700825218109e+01, -2.053548850777091e+01, 1.159983566235759e+01, 6.017863111196530e+00, -3.100416296940093e+00, 9.144235676531684e+00, -1.053999107333347e+00, 4.962557115670880e-01, -3.977384081297165e+00, 2.499314356054020e+00, 5.481256020116502e-01, 6.070601586355174e-01, 1.319525227697635e+00, 1.724058346413868e+00, -7.722330361356087e+00, -3.466091754483072e+00, 3.718333076851102e+00, 8.794193507000784e-01, -3.004698247760061e+00, 1.474329844705961e+00, -6.554552974119178e+00, 8.233405034412966e-01, 3.895457645942311e+00, -3.084508644837953e+00, -3.844148355167488e+00, 5.898220350878213e-01, -1.810204689342985e+00, -5.296877505275851e+00, -3.994680356348086e+00, -4.613726874329185e+00, 1.886391916372249e-01, -6.748615974350200e+00, 1.860083933756433e+00, -1.583958669081336e+00, -1.050096638064567e+00, -6.068253040446847e-01, -5.117652299640021e-01, 7.774963681766722e-01, 3.877220244990528e+00, -5.239477208496871e-01, 3.286715725444444e+00, -7.449331466018273e-01, 2.146038496019208e+00, -1.661950780886721e+00, 2.711508877561395e+00, 1.874469309757056e+00, -3.585344835515840e-01, -2.357488779480361e+00, 9.477392304900620e-01, -5.192321899191753e+00, 1.507571198982214e+00, 7.895995733100344e-01, -8.516783408284373e-01, 6.359912221596554e+00, 1.747295534507005e+00, 5.249051745912606e+00, 2.722889721941200e+00, 3.627671703328597e-03, -9.251166720176383e-01, -6.967862218573010e-01, 1.876171513717282e-01, 1.940105246863474e-01, -3.461540349783891e+00, -5.016283615970517e-01, -2.462649777603802e+00, -1.459252770190701e+00, -3.265591564672265e-01, -2.894433111509130e+00, -2.228937065462662e+00, -1.853095821879517e+00, 3.560301590032659e-02, 2.261431916559391e+00, -2.990572040913352e-01, 2.915804241546764e+00, -1.193932423701153e-01, 7.141838574990582e-01, -2.107033627598893e+00, -7.760556258479694e+00, 1.750604463983989e+00, -1.028216990920419e+01, -8.510826285716081e-01, -1.393483047594879e+00, 7.803684039639275e-01, 5.960290283779266e-01, -2.502180945385144e-01, 2.706174153514497e-01, 4.390305670760966e+00, 1.931896042590018e+00, 4.837085977471563e+00, 1.217047973442100e+00, -4.832429282495864e+00, 9.156161714418937e+00, 2.897692569796459e-01, -1.820878503103472e+00, 1.357285350905184e-01, -2.211538073821613e+00, 2.734765516216152e+00, -2.786051697729925e+00, 1.005202013174689e+00, -2.422780238809008e+00, -6.985038471895355e-01, 1.396978808052214e+01, 4.659441842580940e+00, 2.019319227511271e+00, -2.098793130589688e+00, 1.613548118414848e-01, -3.623746375181011e-01, -1.739825905953731e-01, 1.571099516277364e+00, 9.348074784977572e-03, -8.321102647029935e+00, 1.899911825017702e+00, -1.539109292349901e+00, 7.363624622982782e-01, -3.275992852836460e+00, 7.818955675315503e-01, 1.904763593469356e+00, 1.127366355610850e+00, 2.326665141393701e+00, -8.550563772424130e+00, -1.606856976390817e+01, -1.128122782434952e+01, -4.019264293064372e+00, 5.779342257770194e+00, -4.363860285917320e+00, -2.821600708023679e+01, -3.148505553727827e+00, -1.987312472507969e+01, 1.355742819139160e+01, -3.174348151115901e+00, 1.201616498754062e-01, -6.718928954804742e-01, -2.488453930680163e+00, 6.439428757303558e-01, 2.335102116448284e+01, 6.970617387470124e-02, 1.980730048957140e+01, -3.218410111627929e+00, -4.328878126846250e+00, 6.924770509375841e+01, 9.495257628339526e+01, 1.668152197141125e-01, -1.701459800736051e+03, 1.073036676310178e+05, 1.888366235565807e+05, -5.487748238084542e+04, 2.342847007534235e+04, -7.117803970987021e+04, 2.965980898594345e+04, -3.785737197412052e+04, 9.451718751297667e+04, -5.691699799161168e+03, -2.745596750473004e+04, -2.542208167429518e+05, 3.782999928820603e+05, -9.125899641398143e+05, -8.767196974810323e+04, 2.601237510407914e+05, -5.093018286698266e+04, 1.020653148064223e+05, -1.385268985706984e+05, -1.551576825718546e+05, 6.134187918654381e+05, 4.699741106962441e+05, 4.372086027819140e+05, 4.804765114975982e+05, 1.046327156011567e+02, 1.004429623876148e+02, -2.597817911634786e+03, 1.729802312116771e+03, 1.903812491200621e+02, -3.334825164175786e+01, -1.393378323473081e+02, -4.930076555432918e+02, -1.579012711940755e+03, 7.481566031154451e+01, -4.677699331623062e+03, -1.167428606967139e+04, 1.087897193154225e+04, 9.030213971510599e+03, -4.188154936026299e+03, -5.627406671194512e+03, -1.029923481663145e+04, 1.824582528929596e+04, 1.598870267514048e+02, -3.487209560904356e+03, 4.502425449853245e+03, -2.260098800381793e+03, 1.396189223020417e+04, -9.475533913390036e+03, 9.563748691800870e+01, 3.178797634638033e+00, 1.761983935946578e+01, -1.694552977177631e+01, 1.114585537773590e+02, 5.715396078331598e+01, 1.674387555338181e+01, 2.744422924637527e+01, 4.206034534245223e+01, -4.113514436941762e+00, 2.579190773239891e+01, -1.415805099457519e+00, 7.358237449031961e+01, -2.792470920670111e+02, -2.182853718411683e+01, -1.850848396385381e+01, -1.400387898554228e+02, -6.946027455614724e+01, 4.429922979674553e+01, 5.184570040131197e+00, 2.001999604241431e+02, -5.563873591918687e+01, -1.467986819876240e+01, 2.696184582345267e+01, -2.154723970834430e+01, 1.257119082855230e+01, -1.431710333066496e+01, -5.328944763519537e+00, -1.016460792258118e+01, -1.967802862678133e+00, 9.181632828453155e+00, 4.019632715701112e+00, 4.214764272572019e-01, 3.019150047836721e+00, -5.435485353669173e+00, 6.907640167637526e+00, 4.888147670442175e+00, -4.670719475693747e+00, 3.795120659149588e+00, 4.158397336623688e+00, 2.137076427162305e+00, -7.647953757735259e+00, 3.681564153837260e+00, -1.797897261505556e+00, -3.015312180397562e+00, -1.896268864396542e+00, 4.060722373949099e+00, -2.067279328466170e+00, -5.627887327142084e+00, -3.587960348006674e+00, 1.098990936284822e+01, -9.193520953426061e+00, 2.345405246224576e-01, 3.153572981109196e+00, -2.721917152440291e+00, -6.070652288778542e-01, -2.479228281457925e-01, -7.694600298611265e-01, 9.702173901863893e-01, -2.133626495430499e+00, -6.279919180981429e+00, 3.885448171028493e-01, -2.157635091412420e+00, -4.694958372510210e+00, -1.463871197797931e+01, 7.063829594366922e+00, -5.811197441185759e-01, 2.723401261215806e+00, -3.351369587732238e+00, 5.044422130624326e-01, -5.871101549263057e+00, 6.230082108746196e-01, -1.143245650051898e+01, 2.998860463922987e+00, 8.738087544368209e+00, 1.000051271493748e+01, 2.033152098361895e+00, -6.232429832149867e-01, 6.196656740562415e-01, -1.310786291634479e-01, -6.653667843634983e-01, -1.673709983518236e-02, -1.884814159539918e-01, -5.703941793427932e+00, 4.599733777393111e+00, -1.095721482875303e+00, -7.362990299559067e-01, 2.497693489842828e+00, -2.030619420839696e+00, 6.560647476100684e-01, 6.807365979417165e-02, 5.125199693800696e-01, -5.314700627778592e+00, -4.004188623007441e-01, -2.452234416943683e+00, -7.166926137276831e-01, 1.122791923918822e+01, -8.519458144278271e+00, -6.894159134736503e+00, 3.141515053596944e+00, -6.764474294653059e+00, 2.368939894948792e+00, -1.918881190878247e+00, -1.257204883072291e-01, 1.181671865385650e+00, 8.248850697248590e-01, 1.530267504966961e+00, 3.581116555845492e+00, 1.696407314950900e+00, 2.863309407603742e+00, -5.000330435146221e-01, -1.010279137328197e+01, -1.867695505112011e+00, 1.128669252661173e+01, -1.741007951727760e+00, 6.959537119324201e+00, -4.315389576901812e+00, 4.485561123467918e+00, 1.348094629367447e+00, 1.676006275654031e+00, 1.446660952057532e+00, -5.461529954973326e+00, 2.200654248173655e+01, -3.827128173374546e+00, -2.067871922976105e+00, -2.700821288179120e+00, -2.374396619484134e+00, -4.440926389225484e+00, -1.896087629521226e+00, 1.109020556507089e+00, 1.202488662478952e+00, -1.466084883837090e+01, -8.474830848039259e-01, -2.564921748144015e+00, -1.225206080352737e+00, 7.251835757538994e+00, -9.532603588715318e+00, 1.428983891364385e+01, 9.578697645432555e+00, -1.147423478898947e+01, -3.802249926037382e+01, 1.605842661523957e+00, -1.618070839951351e+01, 3.608572316297768e-01, -3.138509579061911e+01, 2.756762641217316e+01, 1.975392009302583e+01, 3.790988916214597e+01, -2.336688349845280e+01, 1.999392421818344e+01, 1.248273270567457e+00, -3.086954327320703e+00, 3.164577885242012e+00, 1.104442385021850e+00, -7.829141959755325e+00, -2.350607360777369e+01, 3.440845857060776e+01, 2.445271336644147e+01, -8.866103017019668e+00, -7.789901294270101e+01, -5.495265887147527e+01, 8.278071825758214e+01, -2.837974280432782e+01, 2.970437087087196e+01, -1.116138340755854e+03, 7.901282332276607e+04, -9.821771679180412e+04, -7.486145085743156e+03, 7.734300741956801e+04, 5.352466900642956e+03, 6.292529168703447e+04, -1.233481116722393e+04, 1.384307811936285e+04, -2.513970576028498e+04, -2.082877073707781e+03, -3.517900111671585e+05, 9.209436972211002e+04, 4.767682663594186e+03, -2.940061834426188e+05, 1.093901629685959e+04, -2.491484618475099e+05, -8.463170344468905e+04, -1.770190947467036e+05, -7.145628037841567e+04, 2.701085992297147e+05, 1.084210755482187e+05, -1.286416597645301e+04, 2.104143666647821e+05, -2.687293236421693e+02, 2.435656246104497e+03, 4.265914555042476e+03, 3.178923465421029e+03, -2.338364439220271e+03, 2.814863685189679e+02, 4.797725183527717e+02, 9.971035926797601e+02, 9.078529187255592e+01, 4.517729507739232e+02, 4.954010217088842e+02, 9.246737912634158e+03, 2.141613839132844e+04, 8.752276901314428e+03, 6.026031757648452e+03, -1.641868604953115e+04, 1.504739526639533e+04, -8.433759948183553e+03, 1.481855915167127e+03, -1.688605847816312e+03, -9.116902063344576e+03, 1.356673689722271e+04, 8.616192423544855e+03, 2.225776664953599e+03, -2.126833721572265e+01, -5.899900911025015e+01, 6.987957106361421e+01, -4.648543653468125e+01, 5.780527209530452e+01, 2.587478680490946e+00, -3.777035278733835e+01, -4.131603419408827e+01, -1.248696426259147e+01, -1.746230417563605e+01, -1.172176998035271e+01, -3.046718266860802e+02, -1.421930505567738e+02, 2.454820604922344e+01, -7.552204847609136e+01, 5.120940131179100e-02, -1.932984822275506e+02, 2.102518689528530e+01, -3.896163356646533e-01, 1.105317127075582e+02, 2.776937132314170e+01, -7.256912051567869e+01, -1.127508397914720e+02, -1.113471510662986e+01, 1.580851645594208e+01, -7.288570814425976e+00, -1.465372904279694e+01, 1.411917392508732e+01, -1.286369366539639e+00, -9.151786639606213e+00, 4.064188693009143e-01, 1.408301257231060e+00, 1.004720228514856e+00, 1.954492937115059e+00, 5.863969225895072e+00, 1.670504068302697e+01, 1.155285584695557e+01, -3.036775422932661e-01, 6.385383899813778e+00, -6.274409175446531e+00, 1.635750014692033e+01, -3.321192548568155e+00, -1.272497422129955e+00, -1.549930147253826e+01, -2.565805761410735e+00, -3.865481641880064e-01, 8.031849870676568e+00, 9.193362839777749e-01, 7.278760291823731e+00, -7.362229740685414e+00, 2.119909003598996e+00, -1.066445129144697e+01, 5.000534684039208e+00, 9.596571506462515e+00, -1.021711791585254e+00, -3.070568339709365e-01, -9.270274737096931e-01, -8.635656775063795e-01, 8.589119341693502e-01, -6.752224160784832e-01, -6.977541004021584e+00, -1.400363923383382e+00, -4.820711244652992e+00, 2.131946714438689e+00, -3.510964906400114e+00, 6.295197024237875e+00, 8.481067831111938e-01, -3.282908200254684e+00, -4.589575479073554e-01, -7.836989285976023e-01, 1.129525344278379e+00, 1.532906267243178e-01, -1.620295326951792e+01, 8.191139934183695e+00, 2.101914409244257e+00, 3.471574804133418e+00, -3.792094904844321e+00, -4.009175367080683e+00, -5.684625957284378e-01, -8.459507030285932e-01, -6.187836202246170e-01, -3.580287973144508e-01, -1.348499161573048e+00, -1.874212492115297e+00, 1.055042492152176e+00, 2.083480915832335e+00, 6.267497509864057e-01, -1.529145191472499e+00, 4.216015242300337e+00, -4.323243078702196e+00, -1.453240392806360e+00, 4.824227072552969e+00, -1.325486707158540e+00, 8.664152633926449e-01, -3.962697555259904e+00, 1.503292464194026e+00, 5.222235534540490e+00, -4.042761186468140e+00, -6.021646611777370e+00, 8.961557846687489e+00, -7.964137054065690e+00, 5.602719108120033e+00, 1.037173283969017e-01, -7.351715083230749e-02, -1.694357373103201e+00, -4.609699522741413e-01, 5.829877880145334e-01, 2.935653402834590e+00, 5.348836792451592e+00, 4.235798264385608e+00, -4.577738952062277e+00, -2.186065862531101e+00, 9.628917574682013e+00, 1.226011872784543e+01, 6.856489591193005e+00, 1.363570574349170e+00, -2.645747029385718e-01, -9.053430990520406e+00, 1.005905822124684e+00, -4.145043741033193e-01, -4.221684005687105e+00, 6.677995185032182e+00, -2.552399406228219e+01, -2.296625002243861e+01, -1.693053652586602e+00, 9.060703903913112e+00, -2.245204921486692e+00, 3.568969156504790e+00, 3.182718880517905e+00, 1.846960130166583e+00, -1.817565950636645e+00, 1.326260535774377e+01, -1.150976254538065e+01, -1.217071354699774e+00, -3.759463743070584e+00, 2.007911026779102e+01, -8.192036026303530e+00, 2.018375528563386e+01, -7.261179411381304e+00, -1.092051123115175e+01, -1.850036325264260e+01, -1.316840396640460e+01, -1.550153543096377e+01, 1.404130421538629e+01, -5.458715815966967e+00, -5.363689967018422e+00, 2.539699931554092e+01, 1.454991237284756e+01, 5.345970812745751e+01, -2.044795037631713e+01, 1.190372408686718e+00, 3.644529545863520e-01, -3.596483179679594e+00, 4.799976280621527e+00, 2.868050724400394e+00, -2.293214665386438e+01, 5.916919181738089e+00, -4.346640061440488e+01, 1.221507639440016e+01, -1.085679345588448e+01, -5.594021798286872e+01, -4.627810990175264e+01, 8.070856375346954e+00, 2.192346966250687e+00, -1.820241051684066e+00, 6.228506702224183e+03, -3.779770901863850e+04, -2.638567335975931e+04, -2.089723127160038e+04, -2.317270283554288e+04, -4.938881271485688e+04, 1.291634032811468e+04, -7.037816386671111e+03, 1.593345375514227e+04, -5.240443869895696e+02, 8.528246218181989e+05, 2.990735418088551e+05, -3.124172905598314e+05, -4.785588084996354e+05, 2.974742502685411e+05, 6.522734876763460e+05, 1.363098757643485e+05, -1.979189772315504e+05, -7.259628263774082e+05, -3.139221637975911e+05, 5.597887853088153e+05, 2.063223552960652e+05, 4.914573062874192e+05, -2.548834995935640e+05, 5.361762611335913e+00, -2.072282385557276e+03, 2.180442082888548e+01, -5.769614472851702e+00, -1.916414318555041e+03, 1.742854016035579e+03, -3.511250837555656e+02, -5.463727451708049e+02, -6.944933569325202e+02, -3.374843064998996e+02, -7.011529434737605e+03, -4.491542344171646e+03, 2.702207229881940e+02, 5.586028868877235e+02, -1.248065961697099e+04, -7.976084710030768e+03, 1.247505533694107e+04, -2.135145600015664e+03, -6.543969320007218e+02, 6.462633105650237e+03, -3.303215363061121e+03, -1.555643632680508e+03, 1.640630129885149e+03, 4.355001391119753e+02, -6.049407715353596e+01, -3.408304675077978e+00, 1.009683309397314e+01, 1.198074105692925e+02, 8.434815360999155e+00, -1.107478698433672e+02, 4.244227506172945e+01, 4.171312946210006e+01, 2.570997899400456e+01, 1.080003182303233e+01, 1.289405973889443e+02, 6.065424516028170e+01, 6.540969429995802e+01, 8.548457847252486e+01, 1.382707745835261e+02, 3.068195569992696e-01, -2.486268782876275e+02, -2.229461395602864e+01, 4.701064571129429e+01, 9.491683830451034e+01, 5.490841302345260e+00, -4.258610896848203e+01, -2.912950635621725e+01, -1.585097127855598e+01, -2.571226649463224e+01, 3.169495917409648e+01, 9.541446812813586e+00, 9.530099218646393e+00, 1.086729361725213e+01, -3.501008195239283e+00, -4.136635275208422e+00, -3.092467791531943e+00, -2.013264706988195e+00, -1.286924696464818e+00, -9.733235246792775e+00, -4.818740761009430e+00, 1.065369460703184e+01, -9.228963583147355e+00, 4.684615492438478e+00, -2.595366805682945e+00, 5.838418703491765e+00, -1.000868852019537e+01, 6.085871384426880e-02, 8.077417895498918e+00, -2.976889880275249e-01, -7.054596771839757e+00, 1.376439954886485e+00, -9.987414860685043e-01, 2.775566289534500e+01, -9.716971860162070e+00, -2.501796054154398e+00, -6.419273210711791e+00, -3.985111153996837e+00, 3.098287721339473e+00, 1.742067208980542e+00, 1.048362223300076e+00, 3.758560845475470e-01, 9.829540908739507e-01, 1.519822743067712e+00, 1.504766889035527e+00, -2.618723391310374e+00, 1.566981891326449e+00, -8.255365943964944e-01, -4.251760767636489e+00, -3.196994965441459e-01, 5.025574730999002e+00, -3.082552914577965e-01, -3.435133506275915e+00, 2.789482080293891e+00, 8.700411165904356e-01, 3.349993201239744e+00, 3.286921749236486e-01, -3.857100037275615e+01, 1.367585582365104e+01, 3.851176666417895e-01, 1.330676445924500e+01, 8.447936171709427e-01, -3.173844915900375e+00, -5.180806296182405e-01, -9.497631053833780e-02, -8.696228740068868e-01, -9.618167736390947e-01, -2.199001182870417e+00, 4.603416489315578e-01, 6.293637819670334e+00, 1.399090812158540e-01, 7.401627389563197e-01, 2.466173844600962e+00, -6.398533192489296e-01, 3.972243568948528e+00, 3.329795253364784e+00, 4.850994164180239e-01, 3.162395091083638e+00, -1.454801462353799e-03, 1.727404521583997e+00, -1.061586171538457e+00, 3.122549737517025e+01, -1.287443144016555e+01, 5.191866305313816e+00, -4.525784808149715e+00, 9.223600303797697e-01, 9.296424409851236e+00, -1.114692206552574e+00, -1.512303906864197e-01, 1.897948776543984e-01, 7.315267759994987e-01, 2.592835420243879e+00, -3.233926951413442e+00, -2.319839161081644e+00, -9.278949084759136e-01, -4.402098126165347e+00, -3.854394874189416e+00, 3.033123151279343e+00, -4.114205765075310e+00, 4.175792492902286e+00, 1.713729936175598e+00, 1.248311171366422e+00, -5.621578798295018e+00, -7.650070011351031e-01, 2.861468278921158e+00, -3.082201126797961e+01, 1.067653375318759e+01, -7.274357910805406e+00, 1.510500664148280e+01, -1.391899828609865e+01, -8.585224233134484e+00, -2.466681342551710e+00, -1.541575967705605e+00, 9.115253130279814e-02, 9.078887155254987e-01, -1.979694841772496e+00, 6.131886265647346e+00, 6.317769394722303e+00, 1.238182325858823e+01, 3.319499885922085e+00, 2.745952239945569e+00, 8.116991249478495e-01, 5.503014616388365e+00, -8.651968195628914e+00, 6.577886252147768e+00, 1.468148770582060e+00, -3.128791561668601e+00, 5.056031567669259e+00, 5.013870704540044e+00, 4.592792209306756e+01, -3.942932611180517e+01, -1.270739313345748e+01, -2.328551158995786e+01, -6.534021283495060e+00, 3.178036386903685e+01, 7.839346147809130e-02, -3.462888322007205e-01, -2.511193799880995e+00, -2.658778339612995e+00, 1.314154228976416e+01, 1.296535526597155e+01, -1.880763681249282e+01, 8.630148581593682e+00, -2.349664376861771e+01, 1.148645612112859e+01, -1.119254104930721e+02, -4.840062780512597e+01, 4.417872258918788e+01, 1.508379833808596e+01, 5.945375271529584e+01, 3.966787835094703e+00, -1.787179263461792e+03, 1.082528167902001e+05, -1.186879158472959e+05, 7.280656900286676e+04, 6.545685110394575e+03, 1.029122082390021e+05, 9.846482359331208e+03, 4.231382121524711e+04, 1.800956915224040e+04, -5.240103815016698e+04, 1.351995743148306e+06, 9.199528537414246e+05, -4.254623293324445e+05, -1.637631432818328e+05, -1.301013471664984e+05, 4.526493253930134e+05, -4.078578555899748e+03, -8.246328683374013e+04, -7.327737639169373e+04, 3.323964974144531e+03, 3.794573693174463e+05, 1.164982144396328e+05, 4.142903776596826e+05, -1.653397844550315e+05, -1.149541940825926e+01, -4.963977383817638e+02, -3.699460763400157e+02, -1.510007849409995e+03, -1.057733761555511e+03, 3.762557051473841e+02, -2.691004227400879e+02, -8.351519055798888e+02, -5.987411937148157e+02, 3.702603213263109e+01, 4.042402906257732e+03, 1.049479686536938e+04, 2.077977397736902e+04, 6.610861859659548e+02, 7.301434288852499e+02, -1.292769235772042e+02, 9.216619848895408e+02, 1.784484666766745e+03, -7.004993863505979e+02, -9.766291700498079e+03, -9.989215643466456e+03, 1.129845080927921e+04, 3.724307968044192e+03, -2.888068911342020e+03, 1.939005844476531e+01, -1.907432087408093e+01, 6.540813364400186e+00, 1.262338626243352e+01, -4.145259099684620e+01, 1.054817903787051e+01, -2.823126217247236e+01, 9.294674396415108e+00, 1.285145552443922e+01, 4.767776777719552e+00, -1.424570373420171e+00, -1.000765263067826e+02, -2.248514825002737e+02, 8.231905636849505e+01, 2.489318182744923e+00, 1.536340296434423e+01, 1.019544008841141e+01, 1.691552901376978e+02, 1.752086788885759e+01, 2.547012678599820e+01, 4.388629837386684e+01, -2.022895287293654e+01, -1.020747846632903e+02, 4.056824821797214e+01, -2.520575311369148e+01, 2.557404722169403e+01, 3.033899208065721e+00, 8.987712175739549e+00, 1.243877763824995e+01, 4.222597169037783e+00, 5.981233022059915e+00, 3.616771160374647e-01, -1.255790902179299e+00, -5.367210276538615e-01, -7.212059311597192e+00, 1.883821792955494e+00, 1.663524305554348e+01, -8.067066533414062e+00, -2.832524938244469e+00, -3.328932017057963e+00, -5.404782764511325e+00, -3.591104081395025e+00, 6.046197153829362e+00, -7.503905819039073e+00, 3.796414849213815e+00, 8.941278296896877e-01, 9.673766896494051e+00, -9.574477394561766e-01, 8.824253934280639e+00, -6.831405553549927e+00, -4.579495613731866e+00, -3.731228768697554e+00, -3.411041099190348e+00, -8.725484077742750e-01, -7.688020629404584e-01, 9.185595797486866e-01, 6.525119914685262e-01, 5.452124201105933e-01, 1.160369793867270e+00, 9.622524259390627e-01, -2.892830042657051e+00, 7.424352268543207e-01, 9.103005569522928e-01, -3.997540161876858e+00, -7.545074031425492e+00, 4.491321009872780e+00, 5.750944862688249e-01, 5.753309791800258e-01, 6.671023852496988e+00, 5.317865689598448e-01, -1.701646326201594e+00, -6.512377999042548e-01, 5.484896776128923e+00, -3.347656708716722e+00, 1.061521478151891e+01, -1.310160791959774e+00, 3.292885415460971e+00, 4.016080543313020e+00, 3.668381992071819e-01, 1.201601963553664e-01, -4.019368900065965e-01, 1.835292470468926e-02, 7.932349014309472e-01, -4.239671725302227e+00, -6.427118491237830e-01, -1.716892113777716e+00, -1.663719450703145e+00, -5.598913207213061e+00, -7.625236708962200e+00, -2.316660664803196e+00, -2.424386831540344e+00, 8.436787955977633e-01, -1.504926397613921e+00, -1.803747465466503e+00, 1.201568097776650e+00, 6.939809734745263e-01, -2.165482553348883e+01, 9.265279451801659e+00, -1.627137832482813e+01, 2.597757597882933e-01, 1.599778616152244e+01, -1.489159019446944e+01, -1.268142295943299e+00, -1.108967614171996e+00, 3.723324975382997e-02, 3.651843357914120e-01, -1.201236557485121e+00, 1.053895322636355e+01, -1.271908134264954e+00, -8.746800505209077e+00, 7.367860912166901e+00, 5.989569093634749e-01, 4.748820275213861e+00, 5.250132413218663e+00, 1.495293042231501e+00, -9.965355974916030e-03, -3.583036009510613e+00, -8.838454746695854e+00, 6.776767439343600e+00, 6.987013357667776e-01, 7.046726364096788e+00, -6.629397440992933e+00, 7.413549615268524e+00, 1.566599340564886e+01, -9.270730177450115e+00, 1.002519200892032e+01, -2.619261900006667e+00, 7.412654368110666e-01, 8.256663625423839e-02, -1.792389184966475e+00, 1.455661078826432e+00, 1.367721251553167e+00, 8.768589838110831e+00, 7.229701375337505e+00, -5.241235607167262e+00, -5.056370399198664e+00, -2.578612430392016e+01, 9.536586712250623e+00, 2.089935331608530e+00, 9.893953643500760e+00, 1.693946881686366e-01, 7.855369699523220e+00, -4.699392971231634e+00, 4.451230349282553e+00, 1.489310481246673e+00, -3.801324509666552e+00, -3.869942860088101e+01, -6.923220951810194e+01, 3.387045828349024e+01, -5.374153511242926e+00, 9.321477355615732e+00, 5.367323596171647e+00, 2.422251201088476e+00, 4.810162233532283e+00, 2.539509685069471e+00, 3.491982300426691e+01, -5.618018299416324e+01, -3.076733259977514e+01, 4.344500197519019e+00, -4.677458647594609e+01, 4.768465463821673e+01, -4.783672770589619e+01, -2.895881285241086e+01, -8.358764347009618e+01, 3.877331732504836e+01, -5.380480106451496e+01, 3.302451797960562e+01, -1.997973710413258e+03, 2.788808136408277e+04, 3.576425252912497e+03, -1.203000895061935e+04, 9.757478048739414e+02, 1.222813973369368e+04, -1.645015961060219e+04, -2.907796633839819e+03, 2.388828430353765e+04, 9.642458551842556e+03, -5.682055599783607e+05, 9.499453103091850e+03, 5.065916066329953e+04, -1.172553431099131e+05, 1.246273694731031e+05, 2.430994852870739e+05, 1.223088976666903e+05, 4.747875475865493e+04, -1.746084042252718e+05, -8.720177390243098e+04, -6.375875079437010e+04, -2.381705468990393e+04, -1.668975489396355e+04, -2.270661040082198e+04, 1.433355987167719e+02, -1.146979817007151e+03, -3.088592391645627e+02, 6.019110619399903e+02, -7.543715042496115e+01, 3.420064292885250e+01, 2.162975967431176e+02, 9.877786414615360e+01, -6.338203618946966e+01, -8.917715724855786e-01, 6.992235787541189e+02, 5.231724484749580e+03, 6.716445945503888e+03, 5.539054659878769e+03, -2.875119328472083e+03, -4.079670156862773e+02, 2.022212881859896e+02, 7.851397771498143e+02, 1.785233873331847e+03, -7.768824819555237e+03, -1.591768871825104e+03, 1.530732966588625e+02, 3.870052424461267e+03, -1.343457696041907e+03, 9.569003320768033e+01, -5.126475167684567e+01, -9.202346094559917e+01, -8.023562481952767e+01, -5.648263178314104e+01, 5.091071029637642e+01, -1.755787071613177e+01, -6.782040560426403e+00, 1.136600590051880e+00, -1.522815156617583e+00, 1.508030246631487e+01, 4.817904312964739e+01, -7.490326216899332e+01, -6.125790522989162e+00, -5.079488580318193e+01, 3.884520496187295e+01, 1.290498150423780e+02, 1.142697192386668e+02, 7.289543115112946e+00, -1.466896152967534e+01, -1.319169487779596e+01, 5.337710082128374e+00, -6.800711592615257e+01, 4.846894127445281e+00, 5.800374908978558e+00, -7.926305948582955e+00, -1.374391243876512e+01, -1.433008819756324e+01, -1.309395512429592e+01, 4.010170717996986e+00, 6.996748770797455e+00, 3.674911351752786e+00, 1.901449398087705e+00, 1.074905071309944e+00, 6.718587900995117e-01, 1.023103647411480e+01, -6.042186879390860e+00, 6.744984122520736e+00, 3.801212761463545e-01, 4.029938420711829e+00, 9.378439036448844e+00, 1.299069153612753e+00, -2.663827080599133e+00, -3.112786771352096e+00, -5.035730457838858e+00, 2.557056504035473e+00, 7.178090610493543e-01, 1.012169680924218e-01, -8.492020832084622e+00, 1.765136636987386e+00, 5.860280841088809e-01, 3.267663783507146e+00, 1.745404705514025e+00, 2.035753282279769e+00, -5.981210044430089e-01, -5.704001428074875e-01, -2.585701950249080e-01, -4.032419034524683e-02, -2.114328589183733e-01, 6.781306040704109e-01, 1.318532307741957e+00, 3.336910048758338e-02, -1.563729559288159e+00, 1.455733703788027e+00, 1.430376788446821e+00, 1.815731588129308e+00, 1.135586640465720e+00, 8.219835018435457e-01, 3.335205900370317e-01, -1.002543740413213e+00, 3.743576240583834e-01, -1.606147118610683e-01, 4.784732592385568e+00, -1.293109584135939e+00, 1.100332874298672e+00, -5.089715182318540e+00, -3.747929677756396e+00, -1.246865066067765e+00, -9.589467670532646e-01, -5.985434550757560e-01, -6.140103381107227e-01, -2.628254944275752e-01, 4.723685650371954e-02, -1.682247237746211e-01, -2.822034470244560e+00, 2.130036976395004e+00, 2.045460241989425e-01, -1.310880053770527e-01, 6.628346410117413e-01, -2.436121198021223e-01, -4.177994930737125e-01, -9.495802742825022e-01, -2.578434499796423e-01, -8.723535343010237e-01, 7.419722995586643e-01, -6.583977825005054e-02, -1.765722412687212e-01, -3.205812750333578e-01, 6.938925177631907e+00, 3.192379567464773e+00, -3.986546537834258e+00, 7.485549533826941e-01, 5.776621185507984e-01, -7.505215118234339e-01, -1.007732971900519e-01, -2.474076160763213e-02, 1.165640693419056e-01, -5.107655855874610e+00, 1.513983175431017e+00, 2.586762112423016e+00, 1.564315870277616e-01, 3.287782260386737e+00, -7.819086005059815e-01, -2.284725773660413e+00, 3.873498794353787e+00, -1.177784321952619e+00, -2.055354181800831e+00, 1.005306448416345e+00, -1.348760340985410e+00, 4.936313627103055e-02, -3.338127191243859e+00, 3.722387222001394e+00, -1.079807076192413e+00, -7.103658254497108e+00, -2.480158214543998e-01, -3.269235589477000e-01, 8.114862863297921e-01, 7.091313339060737e-01, 3.074057650436395e-01, 1.474525104441693e-02, -9.516401312560954e-01, 3.718094630578235e-01, -3.978819259622635e+00, 5.336714356288962e-02, 7.663017046343946e-02, -1.451245799395423e+00, 1.451379149359222e+01, 8.610843095517666e-01, 6.311689170506291e+00, 1.838964298424575e+00, -6.859931696555189e+00, -2.203923549842412e+00, -3.786109046322206e+00, 7.843961756548968e-01, 4.337471596584609e+00, -6.689710041406485e+00, 1.707029266398995e+00, -1.877788215439097e+00, 3.875538524522969e+00, 4.377542161651636e+00, 1.264461547780377e+00, 6.140768014564361e-01, 1.108308841362710e-01, -9.122503153894513e-01, 2.494320893751516e+00, -1.058181637837200e+00, -3.543408050150806e+00, -2.060788619676685e+00, -1.745874713465250e+00, -1.572293060989165e+01, -1.621162971728717e-01, -8.660642920270181e+00, 6.624235224710713e+00, 1.460881004555116e+01, -8.089425367890342e+00, 4.702255365181499e+00, 5.575167972039830e+00, 2.681899298918399e+00, -1.908305441470778e+00, 3.404951843889839e+01, -2.283864954197222e+01, 1.119943037818047e+02, 3.873462429190614e+01, -9.033954756912506e+01, -4.600183698147112e+01, 8.878190045263028e+01, -1.578098407845153e+01, -1.116417805758464e+02, -1.873337450673862e+03, -3.869088706828834e+02, -6.370412269224117e+00, 3.851081362254256e+01, 1.660366645065156e+02, 5.947342852999957e+02, 1.423981864294458e+02, 1.896640022604211e+02, -4.744434831130158e+02, -2.271225104261523e+02, -1.459887254243490e+02, 2.015623547837782e+02, -2.571996523837198e+02, 9.765493309494191e+01, -1.829067242965407e+00, 2.610799673991963e+01, 1.599174988853473e+01, -1.986475234817305e+01, -6.128914802028911e+00, 1.094314544944345e+00, 2.110355381248626e+01, -5.952405076265523e-01, -1.805090681032312e+01, 3.743615663253947e+00, 3.995167522682542e+01, -2.517665643640827e+00, 2.222363558981584e+01, -1.689827244044645e+01, -3.949518928779029e+01, -1.045552977155473e+02, 2.255927922264806e+01, -8.655750659390899e+00, -8.358476655558657e+01, 1.597663917590434e+01, -8.236366399636584e+01, -1.612836745301551e+00, -1.194636779741489e+01, -9.966324645423796e+00, -2.558978053487337e-01, -2.458631600131569e+00, -1.026871143381169e+01, 1.070708163360502e+01, -1.818408284999651e+00, 2.167936441470649e+00, -1.571858082970057e+00, -6.814287477926946e-01, -5.398556927264691e-02, 9.990095947555198e-01, 2.073904628244926e+00, 1.963566834287295e+01, 4.946723526302626e+00, 1.782916625555559e-01, -9.430989682904668e-01, 2.675976090603828e+01, -9.208964823102250e-01, -2.510843040359871e+01, -6.138966246964889e+00, -4.355302498913791e+00, 4.963032534353125e+00, -7.734154891058887e+00, -4.892920407104403e+00, 4.029177615967041e+00, -3.279442800276904e-02, -3.344946790112075e-02, -1.717717885404468e+00, -2.580290224762344e+00, -2.126341405370720e-01, 4.491404526620627e-02, -5.998849968789098e-01, -2.802231658901748e-01, 1.005116347023494e-01, 1.046774000207364e-01, -1.263678496631668e-01, -3.851563316033604e-01, -1.144542408767609e+00, -1.030552232114536e+00, 2.525047288459388e-01, -5.421948284236566e+00, 2.579987831516348e+00, 5.795343633668754e+00, 4.353532425040308e+00, -1.199051969738020e+00, -4.873994105341358e+00, 1.884971645522842e+00, 4.611009033500355e-01, 4.480042605410672e-01, -2.485267343723283e-01, 5.724076860912205e-03, -3.788645828508742e-01, -1.778427392650936e+00, -8.032357825420178e-01, -7.354014712757365e-02, 7.664576781094772e-02, 9.257853771136940e-02, 4.329811634006150e-02, 4.754462925262182e-02, 1.148627319297513e-02, 7.007385497689642e-01, -1.079096315658100e+00, 1.188239325619390e-01, -4.477950200973652e-03, 1.311596276430645e+00, 1.083434521953499e+01, -2.956239525997761e+00, -5.611888567695232e-01, -2.206683722548319e+00, 3.685917936296700e+00, -1.695953501934091e+00, -1.748199769979152e+00, -3.870176326190817e-01, -2.835574686015086e-01, -1.209678815492000e-02, -1.436048574377000e+00, -1.083303654470285e-01, -1.648687960767489e+00, -2.723871091745581e-01, 1.176498330272985e-01, 9.437092223267000e-03, 1.459958685696570e-01, 2.959484188572886e-02, 5.081237792625838e-03, -5.032943154501094e-01, -1.278047698609482e+00, 8.576797609801566e-01, -2.028676100852831e-01, 1.513728331775344e+00, 5.755865071922874e-01, 8.156093698362352e-01, 5.999851358005558e-02, 4.626797929533545e+00, -2.292379440940727e+00, -7.256781245158648e-01, 8.352793844590651e-01, -6.730815077054464e-01, 3.935655450535009e-03, 3.096487010851548e-02, -2.379800422046007e+00, -3.182693602624134e-01, -3.109031729861370e+00, -4.334604687565023e-02, 6.318285529910056e-01, 7.634383379649222e-01, -1.414981070033325e-02, -9.749866881102001e-02, -6.726567031656101e-03, 2.445919223349438e+00, -8.868178052395745e-01, 4.967279885490776e-01, 3.477146251009440e-02, 2.079723191979510e-01, 1.390165400857329e+01, -5.388470051502223e+00, -3.496309530172271e+00, 4.506107135684794e+00, -4.905793464089477e+00, -2.791159425935380e+00, -1.216110815804522e+00, -2.003893574990538e+00, 2.131504593411473e-01, 6.005028423444608e-02, -4.188791640412441e+00, -2.908968165144228e+00, -3.247954752351021e+00, 3.429795011459371e+00, -4.187386169427348e-01, 4.477073585655001e-01, 1.213507536050981e+00, 6.108591439471246e-01, 7.282471450107114e-03, 3.657924899886993e+00, -8.413076093206058e-01, 3.409450298461464e+00, -2.994330861021592e+00, 7.731526113572957e+00, 1.403684858750346e+01, 1.177662474032653e+01, 1.473004161222137e+00, -8.754076877708972e+00, -1.415235183606032e+00, 1.461133459025732e+00, -5.004733118413565e+00, 8.221393579633267e+00, -5.058700107934201e-02, 3.064660174253254e-02, -8.976325348889231e+00, -3.982517267062545e+00, -7.247472105190809e+00, 2.196489355475707e+00, 6.047189634625827e+00, -1.022592933694336e+00, -3.094030660591841e+00, 6.296354217327478e-01, -3.268165891063403e-02, 1.237153622058761e+01, -3.094539030854618e+01, -6.177185813534943e+00, -3.470144552295606e+00, 7.338541326636541e+00, -1.957447773684831e+01, -1.284313264271367e+01, -2.382615816999933e+01, 6.069739816767646e+01, -5.207543635716776e+00, -5.040177079017125e+01, -1.666648116704365e+01, -8.933102939195779e-01, -1.130749107123180e+00, -4.177888495160772e+00, 1.297604161668254e+02, -1.705380280790875e+02, 2.995771331869066e+02, -1.372311021063233e+02, -1.341990916482287e+02, -3.858153070186638e+02, 3.532520139575838e+02, 2.496991625124805e+02, -2.707794388011351e+02, -7.172735900324278e+02, -8.257394092633377e+02, -5.674481391395665e+01, 4.477404894117162e+02, 2.465019580627797e+02, 8.975441100777919e+02, 3.958132374852557e+01, 1.366733562882723e+02, -7.779715324248923e+02, -2.241665470036872e+02, -1.229677610781405e+01, 4.157504402571713e+01, -4.454841552348794e+02, 9.730389617442924e+01, -6.678344732621626e-01, 4.036044043021681e+01, 4.749149875958625e+01, -1.992429759649547e+01, 2.282945305657598e+00, -1.378465597682443e+01, 1.648550038077123e+01, 4.448054810924667e+00, -1.982571406915153e+01, 3.542429368272512e+00, 5.621282910700931e+01, -7.660367762005353e+01, 2.616614911059758e+01, -9.223743288826782e+01, -7.969710636330311e+01, -5.694622879609783e+01, -9.297899300204898e+00, -2.079030426240415e+01, 1.023469706983237e+02, 9.300465402136774e+01, -2.301682529495223e+00, 1.419079922159217e+01, 1.042250506455191e+02, -5.759527208235829e+01, 6.241772693490500e-01, -2.128300438655782e+00, 1.040936075230714e+00, -1.589811262594786e+01, 1.587445536418464e+00, -2.407409907553584e-02, -2.985020905415808e+00, 1.030975187933257e+00, 1.022396576148016e+00, -2.252734488346487e+00, 7.752065760307322e-01, -1.930545144586334e+01, 2.186556261165731e+01, -5.544950420852749e+00, -9.506668232816938e-01, -3.085462185389412e+01, 2.342716788867672e+01, 2.660461816554085e+01, 1.247747656494986e+01, -4.474214458351772e+00, -3.405842425642532e+00, 1.392477844225388e+01, -4.984177983868226e+00, -4.337397751353903e+00, 3.299432753571202e-01, -1.877773490041071e-01, 3.357520756076736e-01, 1.698394462974864e+00, 5.940481186334305e-01, 2.041593681427844e-02, 6.231883951519385e-01, -1.837182936486324e-01, -5.411208217744604e-01, -1.434556439996743e-01, -6.059891291685728e-02, 3.286023245360142e+00, -3.954936874195231e-01, 1.111905897899981e+00, 8.603567225938809e-02, 1.413390399043586e+01, 3.948134047376800e+00, -4.948868547151650e+00, -6.618801851892110e+00, -3.518475427053336e-01, 5.449402654425937e+00, 9.959601906303281e-01, -1.070892154445942e+00, -2.649761218377555e-01, -4.160477728012520e-03, 9.968752135042504e-02, 2.997905530873937e+00, 3.865819605989206e+00, -6.485327941317914e-02, 5.333988855846051e-01, 1.358339738333218e-01, -6.804458281859248e-02, -1.721613581463420e-01, 4.345657965487706e-03, -1.501575941029611e-02, -2.194426528972985e+00, 1.966757544851365e+00, 5.493864000462878e-01, -3.380325312953099e-01, -2.476720672782635e+00, -1.759492727590582e+01, 2.626956918720830e+00, 2.806686163262347e+00, 5.840518355026279e+00, -4.974053899921045e+00, 8.517301713451266e-01, 3.226709017678790e+00, 3.471028083426993e-01, 1.598124977977629e-02, 7.128028162025364e-02, 2.108275272961153e+00, -1.269763558326656e+00, 1.291516634042958e+00, 1.921988614250290e+00, -2.582604731607634e-01, 7.208457670005101e-02, -8.281077913278442e-01, -1.922261281035869e-01, 8.197652501905876e-03, 5.523266340177207e-02, 1.707117725950850e+00, -7.081226410540764e-01, -3.706816240820774e-01, -4.588171542519636e+00, -6.384081100371031e-01, 2.529283458207839e+00, 1.804522413844868e+00, -4.924408620319342e+00, 5.936996250156500e+00, 1.155980052985372e+00, -8.856806218098433e-01, 7.046413744291329e-01, 2.015864862956877e-01, 6.900608305663969e-03, 7.939484849324856e+00, -2.527055720499622e+00, 3.880442116941319e+00, -1.089633626072205e+00, -7.361574366414427e-01, -1.267285063741617e+00, 3.880234371671699e-01, 1.079410896982851e-01, -2.355720034196015e-03, -5.588765543744792e+00, -1.301718825639263e-01, -9.601799699278306e-05, 1.074546141276788e-01, -8.714993838124691e+00, -2.532223773459689e+01, 3.553950441447748e+00, 4.447873517402074e+00, -3.517196562634913e+00, 4.103455771104572e+00, 3.891376643448067e+00, 1.093733480323379e+00, 3.283979291703178e+00, 3.442609276957073e-01, -8.207296599112712e-02, 7.399054647995154e+00, 1.327505883595259e+01, 6.184487436532528e+00, -2.107868829680054e-01, 3.464495653801193e-01, -6.320251032193004e-01, -2.502795626733464e+00, -7.957599931705134e-01, -4.983958082506456e-03, -7.284581390870235e+00, 4.599463568058657e+00, -5.449424330889713e+00, 2.755190980194018e+00, -1.213671856500859e+01, -3.397283097581440e+01, -6.043791412702901e+00, 2.986159539321295e+00, 1.456560400632176e+01, 3.026100754203073e-01, -6.486672153509889e+00, 3.403719546660212e+00, -1.873937150989650e+01, 1.245274825237410e-01, -4.962332027011190e-02, 9.929262518370788e+00, -1.743914589810532e+01, 2.692097493033051e+01, -1.590416507791953e+00, -1.124200467511551e+01, 3.511694916638330e+00, 6.736517933087515e+00, 4.373860244311608e-01, -6.608800815062078e-02, -1.326598208623607e+01, 2.754642810427572e+01, -1.112591346699344e+00, 4.958142090671546e+00, -4.982689318701701e+01, 1.500555645081744e+01, 5.068929188752775e+00, 2.395145579087552e+01, -1.081085806284782e+02, 2.472680579228363e-01, 7.693434108011012e+01, 2.705559346207099e+01, 5.055232543481360e+00, -4.195161320477824e-01, 4.471294022646852e-02, -1.987105426303538e+03, 1.343686155781394e+04, -1.059019214376572e+04, 7.007289930729846e+03, -2.912203403289093e+03, -2.986227913278071e+04, 1.974366932683938e+04, -7.200712318461978e+03, 1.361052601765192e+04, -2.184846462208585e+04, -2.074418282996229e+04, 6.720396057871392e+02, 7.184626640981683e+04, 1.563037859214908e+04, -4.906027259159377e+04, -1.937643817118915e+04, -5.130789903478826e+04, 1.067866601159535e+04, 7.241513859603629e+03, 3.464640147801424e+04, 6.933653641811965e+04, -9.871870761689834e+03, -1.887483768908435e+04, 3.069061177780326e+04, -1.581752480121808e+02, -2.824022961300022e+03, 2.034062221897878e+03, 1.568542307465918e+02, 5.340417120246935e+02, -1.610447775949501e+03, -1.605769698740247e+02, 6.026092827332463e+02, 2.234269708870962e+02, 5.788158849522509e+02, -2.761331305205751e+02, 9.481112114290576e+03, -4.340275045650860e+03, -5.148315925027093e+03, -2.591255548061482e+03, -1.296109975217560e+04, -4.277564795565197e+02, -4.314332429535444e+03, 6.232216425004330e+03, 4.089903607330816e+03, -1.685770354398840e+04, 3.380998174299506e+03, 4.214868197407231e+03, -1.826026471866862e+03, -6.112016188786527e+01, 1.054088583279137e+02, -8.721206374301833e+01, -5.354131505797410e+01, 4.756392556625399e+01, -5.732101481757046e+01, -3.805325396160442e+01, -7.921743890244731e+00, 2.159779856167942e+01, 1.787933136196153e+01, 1.146318018209900e+02, 4.384918778662337e+01, -2.202537067647876e+02, 7.127914751053095e+01, 1.103889270645446e+02, 2.564014043338784e+02, 1.770291440934584e+02, -6.956896635839706e+01, -1.865098413800497e+02, 2.017625989147789e+01, 1.646676969204852e+02, -5.088623535961697e+01, -7.054779249336718e+01, 2.159273879748813e+01, -3.396178749355944e+01, 1.759551660696758e+01, 2.119121443477554e+01, 3.456360932991540e+01, -2.004030891128383e+01, -9.391590187064345e+00, -4.794859412122418e+00, -8.429817688653745e+00, -6.511627577396449e+00, -5.066003806787386e+00, -9.480671302401245e+00, -1.310935557587167e+01, 2.419436547014704e+01, 1.075872622317700e+01, 5.765220882343220e+00, 9.875136225969637e+00, 6.161860131277360e+01, 3.046730773358973e+01, 2.239676278986655e+01, 9.898908039560061e+00, -3.550785106155213e+01, -2.902044952804234e-01, -1.964231802985904e+00, 2.167631570292570e+00, 1.956004016567683e+01, -3.020072248310269e+00, -9.215788017244396e+00, -3.366491833081655e+00, 1.429910990551533e+01, 1.072749501056207e+01, -4.454117642237672e+00, 2.310517308059103e+00, 3.722086276013803e-01, 2.987075267481712e+00, 2.725495301721495e+00, 4.577230174430314e+00, -2.677783925594614e+00, -5.354992354535092e+00, -5.664474454108450e+00, 5.926078549114589e+00, 1.291251898851777e+01, 1.645532080394799e+01, -4.764993835552227e+00, -9.595115691984322e+00, 2.152544773171935e+00, -2.185271210874703e+00, 2.704586063596540e+00, 1.860225736997292e+00, -8.716005065642825e+00, -9.253004147971700e+00, 5.852072765259562e-01, 1.782302156155017e+01, 8.242993011691221e+00, -1.680915227773461e+01, 2.220587123718237e+00, -1.175235112388842e+00, -2.078815183615601e+00, -1.727054623467695e+00, 2.826662613413319e+00, 3.078686925385814e+00, 6.967325498047468e+00, -6.224503503696804e+00, 6.269681393261632e+00, -6.738265504878965e+00, 2.631995322538013e+00, 7.036160751916249e+00, 3.538360818863992e+00, -5.603412525107361e-01, 1.366116891784067e+01, -1.948098168800231e+00, 1.253129832996480e+01, -7.770640212761155e+00, 2.024451041973644e+01, 3.768991134905781e+00, 6.502588378763257e+00, -2.800096839935361e+01, -3.811944162975714e-01, 1.441009186195471e+01, 1.583920006010572e+00, 4.092288471522079e+00, 3.189787703072472e+00, 2.531325126562257e+00, -9.669820592654804e-01, -3.312341129337649e+00, -1.215337738260240e+01, -1.499810668255972e+00, -1.638173215276169e+00, 2.134922708851116e+01, -3.079897486919344e-02, 1.136377877836409e+01, 1.321020593882526e+01, -1.014398630957879e+01, -2.615392097547301e+01, 2.125290751082395e+01, 1.043631234630176e+01, 1.259319829839732e+01, -2.044053602923759e+01, 3.089587791734562e+00, 1.723477583553621e+01, 4.807047843543035e+01, 1.695435171386571e+01, -1.829500148009274e+01, 1.184296143918293e+01, 1.265395941545083e-01, 6.135460891802656e+00, 1.300490020224568e+00, 1.195021816474560e+00, -9.164083611934055e+00, 2.927356620433314e+01, -1.586731925856167e+01, 1.168647616174694e+01, -4.793285562638794e+01, -3.486805219199442e+01, -4.129850651790794e+01, -3.387311054439676e+01, -1.431879127393409e+01, 2.638842824549471e+01, -6.080849119852574e+01, 3.243310216272925e+01, -2.171538873400641e+01, -7.318690029454837e+00, 1.820155652511169e+01, -3.901834033888215e+01, -2.192800377823794e+01, -5.142364855198097e+01, 1.327203407691202e+01, 1.133193105411639e+01, 4.473643076378662e+00, -1.234410978970093e+01, -1.165112514679596e+01, -9.220986079990311e+00, 2.568990004345245e+01, 5.064433934220465e+01, 3.941529341280733e+01, -2.166576194466101e+01, 4.477757812727484e+01, 1.794354127175907e+02, 8.552654469501559e+01, 5.748997267915441e+01, 2.158312643963933e+01, -7.651575347089589e+01, 3.102093330136439e+01, 7.119575828461450e+01, 5.745233248248404e+00, 1.802084378173644e+01, -8.412806368085202e+01, 1.427101510474452e+02, -7.087273059605623e+01, 1.729052097776079e+04, -1.778517959651499e+04, 1.511641461333250e+04, 1.244654863350783e+04, 1.157677644490906e+04, 1.724352868539657e+03, -8.079560868680545e+03, -9.829529829748290e+03, -3.914996446547023e+03, -1.730865285700403e+05, -7.201203470236184e+04, 2.638774848964459e+04, -4.859962194969953e+04, 9.044021815236252e+04, -4.216623739582709e+04, -1.371822861426526e+04, -2.523093819733839e+04, 7.479037507658277e+04, -1.838038211844605e+04, 2.952514529121733e+04, -2.938178517551957e+04, 6.857863818176967e+03, -2.433968065840301e+04, -4.332853547070177e+01, 1.456314201030954e+02, 2.566380931836060e+02, -1.957141229175912e+03, -2.116298946666808e+03, 1.249976410301201e+03, -8.640606010352376e+02, 6.852670925274323e+01, -4.921387937592925e+02, 9.856155200627492e+01, 4.756542800919939e+03, -5.557831825509648e+03, 2.979758887604356e+02, 2.922821438064751e+03, 2.452459858056778e+03, -3.531967458181119e+03, 4.654761847052650e+03, 2.010465890356020e+03, -5.937295920979230e+03, -6.448714672059407e+02, 1.612785777517420e+03, 1.386222424980239e+03, -3.351357160880050e+03, 5.697993926787925e+02, -7.516591491353598e+00, -6.606686901359947e+01, -1.182593259712662e+02, -1.293673412585110e+02, -6.510843138582869e+01, -3.866022284938761e+00, -1.287131108850165e+01, -4.886759342560227e+01, 1.740971820018488e+00, -7.066500818191765e+00, 3.214413531857910e+01, 1.272004393898809e+02, 4.539451447119421e+01, 4.120173697534531e+01, -9.600697520486443e+01, 4.915981474979930e+01, 5.139626339569832e+02, 1.677398629294512e+02, -6.671993286219306e+01, -2.448518701527248e+02, -2.994314665184812e+02, 1.191407401626663e+02, -9.532499104241488e+01, -2.532222683235775e+01, 1.340136016214703e+01, -3.717918848880181e+00, 1.177615826214766e+01, 1.665822692647891e+01, -7.764073942298142e+00, 2.280640989753681e+00, -3.597976646781256e+00, 5.565580317942336e+00, 7.926812153458517e-01, 2.495016646350682e+00, 1.080735461028246e+00, -9.221243430750133e-02, -2.898601762861805e+00, 1.658211303055795e+01, 7.677078501180427e+00, 1.503407762636437e+01, 1.857186097023273e+01, 2.153005507538924e+01, 7.267401445097552e-01, 2.595408651825726e+01, 4.178072605591830e+00, 8.723505803432690e+00, -3.481048462709663e+00, 8.227202556042050e+00, 4.894757630154947e+00, -3.458716450079712e+00, -7.754780358581283e+00, -7.485386583072206e+00, 5.028758890301060e-01, 4.185005489866472e+00, 1.885652101733148e+00, -1.834046725832214e+00, 1.237486604553238e+00, -1.214378554765932e+00, 1.139948837666129e+00, -7.449434591945986e+00, 4.119731461857533e+00, 1.024120594714291e+00, -4.315198443509674e+00, 2.965769857160362e+00, 2.118036407719122e+00, 7.021127210654153e-01, 2.040007930112664e+00, -9.210422864004423e+00, 9.004491619019598e+00, -6.681752159861653e+00, 8.407513304694538e+00, -8.411017026455003e-01, -4.041076552032611e-01, 2.952982601727808e+00, -3.799827439204791e+00, 1.496526591031032e+01, 1.078115830030440e+01, -1.525216836473387e+00, -2.161463966679662e+00, 1.395774801687436e+00, 1.583609637729844e+00, 7.758268471301822e-01, -9.402470662266708e-01, 6.143135651276336e+00, 8.055574250004202e+00, -5.854555629709099e+00, -6.726960006006680e-01, 6.920502755103005e-01, -1.739526504085416e+01, 1.528998459391320e+01, 1.286511629142134e+01, 1.924792430071538e+01, 9.042056930966270e+00, 5.358052874854402e+00, 1.250955888666573e+01, -6.778997803807332e-01, -6.521134991466617e+00, -1.061954602509295e+00, -1.151080079028558e+01, -4.783305827931512e+00, -4.608659112942766e+00, -2.172679044920973e+01, 6.079057522822615e-01, -4.705324187738814e+00, -2.051409579585472e+00, -9.640117170677920e-01, 1.628398021764840e+00, 3.731658080458367e+00, -7.633086336977718e+00, 6.236001300233405e+00, 1.181154904328668e+01, 1.225451836152160e+01, 2.973425864685806e+01, -7.121919305835815e+00, -1.011939465918587e+01, 9.653783232004917e+00, -5.510222688634181e+00, -1.585456602369220e+01, -8.150358440253881e-01, -1.815277119623877e+00, -7.030826009294087e+00, -5.258558516707029e-01, -1.227956070792840e+01, 1.350194255261288e+01, 4.041848992638805e+01, 7.091741776412495e+00, -1.757287446106338e+00, -1.352821308901069e+00, -3.355630197134395e+00, -9.882180680064691e-01, 2.672298324218097e-01, 2.224255139185255e+01, 6.908646738331566e+00, -1.813257895596522e+01, -2.141150513733563e+01, 1.204877571400414e+01, -4.890200552987137e+01, -3.938276333746598e+01, 2.173901141350176e-01, 8.124837242781308e-01, 5.518018092706569e+01, -2.629938643937973e+01, 4.504622503816569e+01, -1.779194254057141e+01, -1.033531320871621e+01, 1.903785945451083e+01, -1.314841385028739e+01, -2.516633944131725e+01, -3.271545596676518e+01, 5.407020387388266e+01, -1.195172021003755e+00, 7.331831051066946e+00, 1.199737763654909e+01, -4.815759987637349e+00, -6.556198863189908e+00, 6.484424233077966e+01, -5.096499652100901e+01, -1.848214097770416e+01, -5.384562256379090e+01, -7.365003014165460e+01, 1.291058480893520e+02, -7.039683159328291e+01, 2.317164130540631e+01, -6.325139301721444e+00, -4.655843141949590e+01, 1.691959014084200e+01, 5.414923134838183e+00, 2.967832520854661e+01, 7.204006132419810e+00, -1.876688502504763e+00, -5.763905329033789e+01, 7.538026018071530e+01, 4.244661195874100e+02, -4.044109900350288e+03, -1.188466320620932e+03, -5.057512525965115e+03, -3.968427327739993e+03, -1.358298050108032e+04, -2.357924863295612e+03, 1.367847975849481e+04, 4.360128121080467e+03, -5.819597539639485e+03, -2.444396930197385e+04, -4.611310544280630e+04, 1.961981142525980e+04, 9.641360132071161e+02, -4.312357219053755e+04, -2.068009643154441e+04, -1.270343506331471e+04, 1.857321191023411e+04, 3.357449628783085e+04, 7.855396911325695e+03, 3.452882866598263e+03, 2.660567955245230e+04, -2.780428648103407e+04, 4.183665753672658e+04, 6.096039771352228e+01, 2.392818499820112e+02, 1.988478983039600e+03, -3.501066022206012e+02, -1.226659590818277e+03, 2.186829983455786e+02, -2.137195694891006e+02, 1.386138884924132e+02, -6.338733484068796e+02, 1.561100236109447e+02, 2.402693939983641e+03, -5.979033219358641e+03, -5.577128887747621e+03, -3.822354571811534e+03, -3.486831372190524e+02, -6.610999331503314e+03, -2.428708086323844e+03, 6.368685795840586e+03, -6.055983878190072e+03, 4.386596044929588e+03, -4.129759408604121e+03, -4.399385071779124e+03, -2.569411064659197e+03, -1.602333664565015e+03, 1.431162719758241e+01, 2.101663818829186e+01, 1.499506790953551e+02, 1.624346423315644e+02, 3.671882716540508e+00, -2.529235509924259e+00, 4.787726145317887e+01, 1.113313308197295e+01, 4.345047064886029e+01, -1.517449707069529e-01, 2.941442266822464e+01, -1.161875610872322e+02, 1.978491157795300e+02, 1.572566031878009e+02, 9.178881544104514e+01, -3.844009068589507e+02, -3.205808337336630e+02, -1.137922824661299e+01, 5.186311683934377e+01, 5.240244009437244e+00, 8.576149976839307e+01, 9.323166432049116e+01, 6.713243375568523e+01, -4.541735385282675e+00, -7.055920681018070e+00, 1.785227426829097e+01, 3.635997636522679e+01, 8.312436083881225e+00, -6.007355912517776e+00, 2.681092250683280e+01, -2.799728387455530e-01, 2.586617335917555e+00, -4.907915837585286e+00, 5.484650103900674e-02, -7.948077015087958e+00, -4.479637987022059e+01, 2.210261212972875e+01, -7.966469160609148e+00, -1.463876489835043e+01, -2.743662061406617e+01, -1.639461701825114e+01, -9.154832108640134e+00, 1.706701804939058e+01, 9.262601838758707e+00, -6.971748052738661e-01, 5.127688585834782e+00, -7.850420751298328e+00, 3.094242257925913e+00, -6.038211321564119e+00, 2.537224705075982e+00, -6.719669753735181e+00, 1.382720894456050e+01, 5.893464098644982e-01, -1.071859420043337e+01, 1.026343195440608e+00, -3.761484695877896e-01, 3.632067355640073e+00, 9.928180534908556e-01, -6.156582149563586e-01, 4.278994533732603e+00, 6.496996450327086e+00, 1.560102171092164e+00, 2.975468296814195e+00, 7.826416885577313e+00, -9.884353053257673e+00, 1.626755411288100e+01, 1.251446795612809e+00, 1.770138642271704e-01, -4.883390028465935e+00, 9.932101557781972e-01, -4.480409297699650e-01, -1.006940701766323e+00, 1.478360622678899e+00, 7.135729656305959e-01, -2.461029714341020e+01, -6.567736994004959e+00, -6.192373085911179e+00, -6.005062611963152e-01, -1.531273807351328e+00, -7.862703500431449e-01, -1.098492762928734e+00, 5.992365201418335e-01, 1.128852390661672e-01, 9.843426522244460e+00, -8.622417297462585e-01, 2.776837406189146e+00, 2.181511012710649e+00, -1.725983661409010e+00, 8.041281250904325e+00, -8.023384436519079e+00, 7.045062447229308e+00, -7.776097409790317e+00, 5.860650008520512e+00, 2.025168274232081e+00, 5.659002675552149e+00, 8.929609733727265e-01, 2.014513834067661e+00, 1.478514117035563e+00, 4.821386226807932e+01, -9.041532727293941e-01, 4.241992323312767e+00, 1.892245115665978e+00, 2.625455664485798e+00, 2.681208482867318e+00, 3.804451690339902e+00, -1.315264570877665e-01, -1.054386583396554e+00, -2.655204459564145e+01, -1.487608102234514e+00, -2.669264511616926e+00, -2.117386388393206e+00, -1.504788701123796e+01, -3.475488950153598e+01, -3.550898107060630e+00, -4.025573117408215e+00, -1.242466186354512e+01, -3.794047320333648e+00, 1.485344994990131e+01, -1.599676465956740e+00, 8.940333816358933e-01, -1.242925786631798e+00, 6.893358419547048e-01, -5.546280716093451e+01, 1.301439683035624e+01, -1.282556124539897e+01, -9.782730402678839e+00, -7.352188544340991e-01, -2.641939063224952e+00, 3.703387726284190e-01, 5.698036798690977e+00, 3.738116554220507e-01, 3.874778918359736e+01, 1.645455532353596e+00, 9.037750116106162e+00, 4.978657490126094e+00, -8.490013798807739e+00, 2.596538604307948e+00, 2.706497808303147e+01, 1.184831898717614e+01, 5.362953555700865e+01, -4.069603400514170e+01, -4.467531479218656e+01, -3.311717993718703e+01, -1.578364269647826e+01, -3.532203827806311e+00, -1.916171405462513e+01, 1.194462045811101e+01, -6.335884445687027e+01, -2.194838219340867e+01, 1.187662336187977e+01, -1.155630358815209e+01, 9.821316928751708e+00, -1.756946825072570e+01, -8.086047783633420e+00, 7.928690094668292e+00, -4.760694720755657e+01, -8.749218343601615e+01, 4.223800732860105e+01, -1.348730146560830e+01, 6.156383384699112e+01, 1.228515759262531e+02, -2.088714181265372e+01, -6.898617286376235e+00, -2.293292543493857e+01, -3.571585879562819e+01, -4.337825754189124e+01, -2.598303524195232e+01, -7.297610912111696e+01, 3.840377688630234e+00, -3.353919632037640e+01, 3.377671482964676e+02, 2.329046200874263e+02, 1.287440980965399e+00, 4.744843056838624e+02, 1.203732692661027e+04, 1.118906670895111e+04, 1.136701846253675e+04, -8.523532238045527e+03, -3.335914241041057e+03, 7.800914768109222e+02, -1.202022008120061e+04, 1.022671410019333e+03, -3.774025340560439e+03, 7.297853638457600e+04, 7.659050393074463e+03, 3.574195295189608e+04, -5.667224382352537e+03, -5.039053753885141e+03, -3.587135705219548e+04, -2.080453162455960e+04, -9.635591189168039e+03, 3.631521315525985e+04, 2.272235355362771e+04, 3.064436533483386e+04, -1.119468294555337e+04, 1.852554671020603e+04, 4.808559012439706e+03, 1.865639354691305e+02, 9.683957132396873e+02, -1.519469299341170e+03, -4.000221489955342e+01, 3.742399803884159e+02, -7.975603427358317e+01, -2.691621673510222e+02, -9.450894814173871e+01, 3.189853541150822e+02, -3.503719243301267e+02, -1.436945979714281e+03, -6.348755346214329e+03, -1.747979248986306e+03, 7.949887497824254e+02, -1.663569749272558e+03, -1.619186198124913e+03, 8.048155505644650e+02, -9.373294807295478e+02, -2.753016322575923e+03, 9.265810830383264e+02, 3.734609281105661e+03, -1.917715768050542e+03, 2.463326608395830e+03, 1.201015786656079e+03, 3.378181576995640e+01, 7.240902385948331e+01, -1.503649492900973e+02, 2.375436876549784e+02, -8.314265751481271e+01, -6.567609188181331e+01, 6.682055113481572e+01, 2.947684016946003e+01, 3.074891960731365e+00, 2.141985688883780e+01, -4.878421244877256e+01, 1.822912820663826e+02, 4.505946713475313e+02, 5.851472550977504e+01, 1.583781586505054e+02, 1.243893083117574e+02, 1.513982734492410e+02, 1.151388308383246e+02, 1.369900005475383e+02, 1.296117315019249e+02, 7.793273909232479e+01, -4.772817329420426e+01, 4.442548252571192e+01, -2.149620165649040e+01, -1.839401059276612e+01, -4.391876117310701e+00, 2.581688642560063e-01, -2.826126033634323e+01, 2.064325869889565e+01, -8.059033510532743e+00, -9.753947421880341e-01, 5.282489904668775e+00, 4.329081805935695e+00, 5.452420005235673e-01, 4.358801502751147e+00, 2.145531401939379e+01, -2.459367714260288e+01, -2.714881964641440e+00, 1.030364739319219e+01, 2.045322344473669e+01, -7.503677177641348e+00, -1.393146370638061e+01, 2.469792329911674e+00, 7.135182933468838e+00, 1.583816085037438e+01, -1.669549101456158e+01, 4.228603810994585e+00, 2.609772932095714e-01, -7.971942002161830e-02, -4.813516956878974e+00, -1.415206396118529e+01, -1.246934168181033e+01, -1.348189496699821e+01, 1.400799673796735e+00, -1.370692169635306e+00, -2.227215786721378e+00, -5.796604896355710e-01, -8.085456700890261e-01, 9.084116903475943e-01, 9.377454474835464e+00, -5.550355033185352e+00, 7.532368749285435e+00, -7.585351812337120e-01, -8.555141501595804e+00, 1.406247705455609e+01, 8.376440142810374e+00, 4.962831929225787e+00, -4.753239298653532e+00, -8.854300421805863e+00, 4.424418913990390e+00, -3.776356090945062e+00, -9.157821810332402e-01, 1.244566383487519e+01, -5.455534423356647e+00, 5.069351777774140e+00, -8.514020823011050e+00, -3.516129296738713e+00, 6.776138441240602e+00, 2.496068606721927e+00, 2.589684813045344e+00, 2.174231465496865e+00, 1.215697467779794e+00, 9.795327488476977e-01, -2.691921728426721e+00, -5.538314161794586e-01, 2.728342585333563e+00, -2.909643588318415e+00, -2.781764011327419e+00, -3.338848643684297e+00, -7.963168666521806e+00, 2.625372838709117e-01, 2.897201001322138e+00, -1.089178899903503e+01, 9.491261049492111e-02, -3.595729428872027e+00, 1.790692378563161e+00, 7.847914493852477e+00, -9.308066112409104e+00, -3.308417603975366e+01, -2.755306257506211e+00, -2.319497076776460e+01, 4.598730560408471e+00, 1.160736098662287e+00, 2.985106967821987e-01, -2.560536218673767e+00, 9.657359137150615e-01, 1.608562386640336e+00, 1.674503132274894e+01, -1.727164727677730e+00, 1.005051671405552e+01, -1.248160188119796e+00, -4.692407575939109e+00, 2.757616045687697e+01, 7.068387199640288e+00, 5.772207326028438e-01, -2.099926664843206e+00, 4.350204615045596e+00, 9.506895565868128e+00, -4.218035216275625e+00, 5.764925564710381e-01, 7.221706071019423e+00, -4.131393057660157e+00, 9.234269071572038e+00, -2.759275706786635e+01, 1.589402892689021e+01, 1.439652994398354e+00, -4.915507362376203e-01, 2.347106407338035e+00, 3.788487433130761e+00, 8.845065312772384e-01, 4.262073498875507e-01, -1.872659220928150e+00, -1.644889586093972e+01, -2.377270003302591e+00, -1.640368934705301e+00, -2.815548767729753e+01, 7.329597178094981e+00, -4.336837823200263e+01, -6.736589429936744e+00, 4.689014730305876e+00, -4.389749516410265e+01, -6.027710630514773e+00, 2.110810663424721e+01, 3.240196914887002e+00, 5.222004343176660e+00, -4.035804645260126e+00, -4.672842126170940e+00, -2.031317544008511e+01, -4.118645439997447e+01, 2.381756299848447e+01, -3.850835850682760e+00, -1.019017953561421e+01, -4.496883573139216e+00, -5.958713296820413e+00, 1.763682689018641e-01, 3.894986611231674e+00, -2.917080608591450e+01, 7.481429105431208e-01, -1.762380234241872e+01, 1.364759959679539e+01, 1.262388111412376e+02, 1.275484155592224e+01, -5.169876999624041e+01, -2.563048766446917e+01, -7.267188532475717e+01, 6.121817050373136e+01, 4.109449070028566e+01, 9.607748567351843e+00, -4.197777023177469e-01, -1.112229584318167e+01, -1.641779845515262e+02, 2.871957445983530e+01, 1.966873699980880e+02, -3.179689240608351e+01, -1.125004867095517e+03, -4.559685939815109e+03, -4.680788837164424e+01, -1.344246854869995e+04, -3.769969141889475e+03, 1.144285355165184e+04, -5.676541637529516e+03, 6.674855749515706e+03, 4.744081057427162e+01, 1.364444551375618e+03, -9.914122780597540e+04, 2.230178955726497e+04, 2.018223910573872e+03, 3.451141297746172e+04, 8.858693766113103e+03, 1.101729995152475e+03, 1.861410040221457e+04, 2.346635255601239e+04, -2.475349823418863e+03, -6.288365752234147e+03, -3.647190172246366e+04, 1.195670987803809e+04, -3.250876091573434e+04, 4.642034426698227e+03, -1.788985754809463e+02, -1.245604281043781e+02, 1.285283151240977e+02, 2.616033563923631e+02, -9.677473564286362e+01, -6.898833546712903e+01, -1.041096149404650e+02, 5.530161036323527e+00, 1.525353252139414e+02, 1.771144033916229e+02, 1.153787253609987e+03, 2.112920201639185e+03, 2.353864631762500e+03, 9.804751185042786e+02, -4.983364334454975e+02, 3.904996844890183e+02, 4.868971751407193e+03, -2.562619745002734e+03, -1.555461373231828e+03, 5.708793768320057e+01, -1.009399930085637e+03, -8.180384601315453e+01, -5.578870910332504e+02, 2.105083335201827e+03, -2.713967120997392e+00, -2.053583535417116e+01, -7.307703490108995e+00, -6.908774414825058e+01, -4.594744767426772e+00, -1.710168245202899e+01, -2.250004696347162e+01, -1.579342987655131e+01, -1.386564995872397e+01, -1.060267999988202e+01, 4.188809400888255e+00, 7.500875788909817e-01, -1.571376145881189e+02, 1.938212128777302e+01, -1.304205678381157e+01, 3.359062295653959e+01, 7.798364068794937e+00, 7.815133468721427e+01, -2.763432679971895e+01, -4.212627441137709e+01, -3.559257945752088e+01, -4.568438083450218e+00, -2.019939383115067e+01, -1.755069899200937e+01, 1.092234351923683e+01, -3.535286742639240e+00, -6.394873120910633e+00, -3.337407038984105e+00, 5.738635261838178e-01, 1.190396324971157e-01, -6.827441500367674e-01, -1.882265323880116e-01, -2.887466226084336e-01, 1.505035163497130e-01, 2.054812163260739e+00, 6.428167920403340e+00, -4.291713689467958e+00, 1.641621135927887e+00, -1.248044039945104e-01, 6.417528857061738e+00, 1.508907378311814e+01, -6.777265647873165e-02, -8.869237375192054e-02, -4.893116936343150e+00, -4.216110349886423e+00, 9.113142387118000e-01, 5.541583272826596e-02, 6.599687588934411e-01, -3.894914094951356e-01, 8.243558219758069e-01, -5.063396304740175e-01, 8.507877193508842e-01, -3.836463122781497e+00, 2.343522556991406e+00, 1.115519856337867e-02, -1.804571190288405e-01, -5.657895375572893e-02, -9.303194867166222e-02, -2.752506614920384e-01, 4.347951334785937e-01, -5.851908364010258e-01, 1.527933444624891e+00, -1.355259444241615e+00, -5.577469537248407e+00, -1.402799906203700e-01, 1.221238303963224e+00, -1.822533803796741e+00, 1.098454916461254e-01, 1.593250862715363e+00, -1.543589285893177e-01, -1.696191423816081e+00, 1.229859262964366e-01, 3.696667276420375e+00, 1.208837759784617e+00, -2.959460279346191e+00, -3.804617496854584e+00, -2.442586563229950e+00, -7.051319537148906e-01, 2.018071917273705e-01, 6.083648450128677e-02, -1.940159707754557e-01, -8.469020793228901e-02, -1.526701352771127e-01, 6.319334480010440e-01, -1.628416803223276e+00, 1.572022454848551e+00, 6.137701356916641e-01, -7.088636448253826e-01, 5.356378175749143e+00, 2.791133678484465e+00, -4.282160080246367e-01, 1.476495429611581e+00, -8.320666475038866e-01, 1.735431022682807e-01, 1.030540793092130e+00, 7.193003744840637e-01, -1.005449680948711e+00, 1.788447872613601e+00, 3.646476705061747e+00, 1.162867015731594e+00, -1.257617494125356e+00, 2.182194429174380e+00, -1.111749121166109e+00, -6.031937186867280e-01, -5.505024456211997e-01, -2.251056221638311e-01, -4.528344048285849e-01, -1.539956066332509e+00, 5.575774918192563e-01, 8.150570396604920e-01, -1.618503093496763e+00, -9.534820523059889e-02, 6.540886545758724e+00, 4.287112900828160e+00, -1.147086199122454e-01, -3.149548865982362e-01, -5.983951224352375e+00, 1.099457927105345e+00, -9.319326172834036e-01, 8.801059446246630e-01, 1.500461627012180e-01, 4.117120335304112e+00, 8.636795448033961e-01, -9.495214574541189e+00, -7.106594600202428e+00, 8.371644899947535e+00, -4.080430822395438e-01, -7.331048674982635e-01, 3.480789379988016e-01, -5.472149407495742e-01, -7.393128313581973e-01, 1.955240862314752e+00, -5.844898060225204e+00, 5.490049589946246e+00, -4.855179906352356e+00, -4.648777630517993e+00, 6.044946508391419e+00, 2.577238293081989e+00, -1.989892332646984e+00, -7.759693631285255e+00, -9.985551869884329e+00, 1.280672754146953e+01, -4.679894805435712e+00, -2.409055033880262e+00, 4.687699614451462e+00, -3.519088743276841e+00, -1.163629363038685e+01, -7.080466594061298e+00, 5.092362207165293e+00, -1.721727311673370e+01, 1.160348828311145e+00, 1.184040882559231e+00, -6.099150798441570e-01, -8.231784127735043e-01, 7.718986469836583e-01, 6.680018394705073e+00, -9.676326569817194e+00, -2.791776139243130e+00, 1.279506327859956e+01, 1.605975408612870e+01, -2.164763105743936e+00, 4.592915928635740e+01, 2.287953436055025e+01, 3.209882893548239e+01, -1.191908758476406e+01, 1.120042571724925e+01, 6.264334311052504e+00, 5.304708810129089e+00, -4.046962033289547e+00, 2.573081587518597e+01, -9.758368304860909e+00, -2.815360624479230e+01, 7.430778920269566e+00, 1.838654170628231e+01, 5.260562777040820e+00, -2.093518690315444e+02, 1.800112661714366e+04, -5.589544511967285e+03, -6.707470814781085e+03, 2.290900533268516e+03, -6.607323149709433e+03, 1.531014997925517e+03, 1.694799016798619e+03, -9.185169426834849e+02, 4.888183254969078e+03, -4.342382179664137e+04, -1.851022522098781e+04, 3.740293372477088e+04, 7.669655933125471e+03, -3.682505715989614e+04, -1.914899969582722e+04, -1.911840090550788e+04, 1.025068550990397e+04, 3.107947443973516e+04, 1.689291502106696e+04, 9.970759575772803e+03, 2.007254495285711e+04, -1.531588331971845e+04, 2.895763583419311e+04, -6.421214739202360e+01, -3.104198930337820e+02, -5.233526232262202e+01, -7.407116314175785e+01, 1.497560394490323e+02, 1.723679966964077e+02, 1.410638822189401e+01, -6.489516498210074e+01, -2.395018686517632e+01, -8.264532808472258e+01, 4.278655554217956e+02, 2.914764626168369e+03, -2.426329405298708e+03, -1.345752182852559e+03, 1.073144783371849e+03, -4.796990686575273e+02, -2.366531786493284e+03, 4.066998050156695e+02, -3.483640544531839e+03, 3.453343179258658e+03, -9.042591109520373e+02, -1.518400564690990e+02, -3.758683720038728e+02, 1.648004588564504e+03, -4.179830238270013e+00, -4.577045385113621e+00, -1.729333976413865e+01, -2.136144745009128e+00, 7.218694856773803e+00, -1.072415921806920e+01, -1.125105992366822e+01, -1.132304566867169e+00, -5.261893875569309e-01, 3.331419015543447e+00, -5.289347067470901e-01, 4.034281476953608e+01, 1.187115379384373e+01, 8.379161784116397e+00, -6.974901287829275e+00, 3.763013012432759e+01, 2.257010860603824e+01, -2.016948151032134e+01, 1.067982392267272e+01, -3.762581431298933e+01, 1.154085483856924e+01, 8.165870152665965e+00, -1.459217203426492e+01, -1.568347369239120e+00, 3.451480214663925e+00, -9.940310188941821e+00, -4.335763268779578e+00, -1.242516997165032e+01, -1.971214824507593e+00, 2.284281458727493e+00, -1.286211524228058e+00, -1.250299786739146e+00, -8.783136192288723e-01, -4.189346150876673e-01, 2.595007136573455e+00, 3.178837646865273e+00, -1.127690109481387e+01, 1.494977983605661e+00, -2.378383139455690e+00, 5.922356394099522e+00, 1.232889402550412e+01, 5.483419269144546e+00, 4.296544691338947e-02, -1.801887979605533e+00, -2.119011024352133e+00, 6.259843163518387e-01, 1.965559937588665e+00, -4.400468706435446e-01, -1.669554649519061e-01, 3.518107240821048e-01, -4.865553032946608e+00, -1.790537737734455e+00, -1.785212946708220e+00, -2.402639926680072e-01, 9.127477481471055e-01, 5.766354908263169e-01, 4.591325246146399e-01, 1.775946568802554e-01, 8.488066297937011e-02, 2.569945938780256e+00, -4.430774769305235e-01, 5.384882802981309e-01, 4.608055445053094e-01, 8.050179439388541e-01, 5.510218852645728e+00, -2.184242329539716e-01, -2.790434336259170e-01, -5.280459610936298e-01, 1.787727241237238e+00, 9.591602428491161e-01, -5.442441420563360e-01, -1.075719034119057e-02, -4.349417099349466e+00, -2.082370203486179e+00, 8.008096010372424e-01, -3.966381658013046e+00, -5.906004328529402e-01, -1.666345808962880e+00, -2.179149208837680e-01, -6.600402699974904e-02, -3.818743623437961e-01, 2.011705029499349e-02, 4.168957384595771e-01, -1.499774643486672e-01, -2.654134346411967e+00, 3.881877692973786e-01, 6.046359938673692e-01, -2.309924693194203e+00, 5.878634051608819e-01, 2.833910982765941e+00, -6.775997508279306e-01, 1.134190536589123e-01, -5.487532371530107e-01, 1.569121416632302e+00, -8.719320320989710e-01, 7.768809713783114e-01, -9.950992283795478e-01, 4.732766119358540e-01, 8.923952540462331e-01, 2.620268950665347e+00, 4.863022893790184e-01, -2.724380410540687e+00, -7.496868581483193e-01, -1.958105744951604e-01, -1.369214162861755e-01, 3.726839440561677e-01, 5.870376816316757e-02, -4.102278432509700e-01, 2.279146293689093e+00, 5.951296416764962e-02, 1.511105389814975e+00, -1.735261820477512e-01, 8.590506717696162e-01, -2.965053579515152e+00, 1.798358988797178e-01, 4.062720875308320e+00, 1.392762544543841e+00, -1.788446897202502e+00, -1.132079320114578e-01, -4.301388990060148e-01, -1.281826884096561e+00, -2.827431370120486e+00, 5.702058091145755e+00, 5.593787040512324e+00, 4.305814764927884e+00, 1.491952969047381e+00, -8.159496154430708e-01, 6.725150462103878e-02, 9.155663387872762e-01, -3.629387388999578e-01, 6.048622310952347e-01, -2.658516215034350e+00, 2.350748307365248e+00, -2.632080996175902e+00, -1.137397963540474e+00, -1.620765956259315e+00, -1.626257201805958e+01, 4.704975247762670e+00, 2.317728397332516e+00, -4.335812491907079e+00, -3.546855710122391e+00, 1.385404888371812e+00, 1.073445199552319e+01, 1.383643774463482e+00, 8.368196540683095e-01, -1.367948675683430e+00, -1.726939957753244e+01, -3.650011784595160e+00, 8.769042727995309e+00, 5.518558776274085e+00, 1.099440951745400e+00, 2.668516802080758e-01, -7.477584177163857e-01, 8.643981897705980e-02, 3.686246735120861e-01, 1.339229075382004e+01, -1.425503974576445e+00, -4.890732787588477e+00, -6.719344442361443e-01, 3.885546059949349e+00, 2.886590290943697e+01, 1.179924135787212e+01, 7.232112363355518e+00, 2.453580107228688e+01, -1.634176093084037e+01, 1.275790032823956e+01, -2.659894722967622e+01, 1.187392421337394e+01, 2.346110434714573e+01, -5.669084168725490e+01, 8.433990001899576e+01, 8.728217926930846e+01, 7.507193889333152e+00, -4.947146307097267e+01, 7.911654668094095e+00, -2.282421832026200e+00, 8.090359331428360e+02, 6.371096697653785e+03, -1.455391358195182e+04, 5.006934389221072e+03, 7.690041063041189e+03, -1.300039785775045e+03, 6.310655750273354e+03, -3.541049532690589e+02, -6.232912857328763e+03, -8.710935906342308e+01, -6.080826559358902e+04, -4.917619379326247e+04, -1.232542032982243e+04, 2.630502979982314e+03, 2.365998042303481e+04, -2.886141399155150e+04, 6.540256153626891e+03, -1.289530915122916e+04, -3.103494629455807e+04, -3.455884025517753e+03, -3.183013464912987e+04, -1.402028350569146e+04, 5.026067763549793e+02, -2.375243583597734e+04, 1.373484333211039e+02, -9.936270768960877e+02, -3.556872712088793e+02, -1.508334214300993e+02, -3.947066589647536e+02, 2.665612418257773e+02, -1.943994872021800e+02, -1.349824855626296e+02, -8.532080123436151e+01, -9.527113032586455e+01, 6.163859005093241e+02, 1.053782991350617e+03, 1.341963302501589e+03, -2.855229892528625e+02, -1.894798684907870e+03, -1.030589515667668e+03, 5.641731670912545e+02, -1.815617880470879e+03, 9.447339332263788e+02, 2.099733537984843e+02, -1.058811889587519e+02, 1.260591207036554e+03, -6.830683115956498e+02, -3.067419591495849e+02, 4.411351781629779e+00, -2.720887008647425e+01, -2.457300084304596e+01, -4.355027403500308e+01, -1.163650944539119e+01, -5.796915893129244e-01, 5.948097597125950e+00, 5.378434622997960e+00, 3.741962511601620e+00, 4.440923388394978e+00, 2.380647928937400e+01, 2.515186921270816e+01, -5.495444799689284e+01, 2.015980612646427e+01, 1.515302741034985e+00, 3.885959794579619e+00, 5.222752891900466e+01, 2.711851092217803e+01, -1.648377113446879e+01, -7.049626646676408e+00, -4.247447590815103e+00, -1.498854861539999e+01, 2.530757757715213e+00, 3.663994720191292e+00, 5.219911867013749e+00, -1.085757608718561e+00, -9.198238206791940e+00, -7.142705809098535e+00, -3.303935717459892e+00, 1.316337925392240e+00, 9.160770485947202e-02, 1.037135840254312e-02, -2.822186822045707e-01, -8.238533101401764e-01, -1.909823644884395e-01, 5.208102720034935e+00, -5.494140339085818e+00, 1.097724860017429e+00, 2.077870901439002e-01, 1.201859625688381e+01, 7.925637348037674e+00, 2.070901891295239e+00, -3.322639733346087e+00, -1.197482155648383e+00, -4.854443261116458e+00, 6.881386399780048e-01, -7.183972820817324e-01, -3.191317366374060e-01, 3.825849731673643e+00, -2.077061387861807e+00, -8.274644537021715e+00, -1.216344511593880e+00, -2.213496891450738e+00, 1.123590756867130e+00, 7.174163661080813e-01, 4.094749670101526e-01, 2.976432741890945e-01, 4.226581086737782e-01, 5.064079372682808e-01, 4.582983700452075e+00, -9.849622027003555e-01, 1.121971259324064e+00, -3.227877129097254e-01, 1.477684007905901e+00, 4.219281829892446e+00, 4.554189071129779e+00, -1.577291702816215e-01, -4.213149763520486e-01, 3.367757505253653e-01, 1.686694586335771e+00, -9.102392112251514e-01, -4.421405104409006e-03, -1.005464038899704e+00, -6.980497540134394e-01, 6.981111797583427e+00, -3.350307435353637e+00, -1.222711986320208e+00, -1.355966311281912e-01, -6.797973382557388e-01, -3.098340108127938e-01, -4.756168714746024e-01, -2.204433313489625e-01, 2.093880489658939e-01, -3.331507175814994e+00, -1.884488954973204e+00, 7.810314432290836e-01, 5.687302803929555e-02, 3.391926241954091e+00, -1.589968343525969e+00, 4.178902613434258e-01, -6.802581896443782e-01, -2.156175051959570e-01, 5.160976356110065e-01, 1.450865881278260e-02, 1.795650082967823e+00, 1.949323374865262e-02, 2.845761250597273e-01, 1.053985199662342e+00, 4.798159240184900e-01, 3.354665321589802e+00, 1.708982032998171e+00, -8.842390502476735e-02, 4.888013366943154e-01, 4.742368841858397e-03, 3.396159747820835e-01, 4.965022358230408e-01, -3.426571342961083e-02, -2.637149398341055e-01, 2.402875566565333e+00, -9.377806730928063e-01, 1.480815286329625e-02, 1.287482500977544e+00, 3.207045025375058e+00, -3.518172711896512e-01, 4.935158817554552e-01, 2.842546756004944e+00, -1.213038070727165e+00, 3.507626086739446e+00, 2.471559348913581e-01, 1.742550913383508e-01, 3.029157421778327e+00, -1.888924554166590e+00, 1.658301348381786e-01, 4.291814620581570e+00, 1.462169588717224e+00, 4.185865760810245e+00, -2.402508900334369e-01, 4.965188572960462e-01, 5.809881054319386e-01, -3.666199867915895e-01, 3.112313078284150e-01, -4.223941253511185e-01, 2.874965146696955e+00, 1.718907651255175e-01, -2.421814534453919e+00, 8.593087474164400e-01, -5.109379246313306e+00, 1.679952716731281e+01, -4.754658332770579e+00, 3.503415689045493e+00, 6.741237669906414e+00, -2.707371131286555e+00, 5.289310411252690e+00, 1.036635482068967e+00, 4.148688079457326e+00, -4.069763087600722e+00, 4.115577650267392e+00, -9.961373090660340e+00, -4.210150226451039e+00, 5.652788326540646e+00, 6.089590883922739e-01, 6.544455237231441e-01, 7.609276102680283e-02, -9.817824900904315e-02, 1.662806609036838e+00, -1.039703789646158e+00, -9.602904071382774e+00, 4.446674766636266e+00, -3.247385033908722e+00, 1.916594291156961e+01, 7.271082088200258e+00, -1.624939134812548e+00, 1.380436616699541e+01, -2.582608748030505e+01, 5.817010745224451e+00, 1.986400449270925e+01, -7.410655287066930e+00, -1.331059950993547e+00, 8.621006588940013e+00, -2.236500050449294e+01, -2.463472926712467e+01, -5.517629038693624e+01, -8.848198312279951e+00, -1.120105195407912e+01, 1.472046324694601e+01, 1.510518958315724e+01, 2.075315168704492e+00, -2.401926635192166e+02, 1.692558688891403e+04, -4.176460885922920e+03, 9.184991296447553e+02, -9.879579560885156e+02, 2.608565323880667e+03, 1.028800689285442e+02, -7.067837837127136e+03, 3.813311238317673e+03, 1.484184260814651e+03, -1.557783299456077e+05, -2.813596543293666e+04, 1.809461980970735e+04, -2.678223640020278e+04, 3.604190181172331e+04, 3.178315631201151e+04, 2.036008904986436e+04, 5.564236667377951e+03, -2.585859250240389e+04, -1.250119399090775e+04, -1.237890571139858e+04, -7.128157630344549e+02, -3.457996683005219e+03, -1.236832463391363e+04, 1.427250947573978e+02, -5.202861899354529e+02, -1.824252687739520e+02, -4.717541885339579e+02, -2.313717178436568e+02, -1.185605588737520e+02, -2.134788577026849e+02, -7.441686008964816e+00, -5.268703236170585e+01, -1.674309759708773e+01, -1.105327545515722e+03, 2.547114180829928e+03, 1.956080118343346e+03, 3.688022201688941e+02, -1.263153337567519e+03, -3.956515009740387e+03, 1.638049579729437e+03, 5.253235457110831e+02, 7.713389304741685e+02, -2.888789176470343e+03, -7.423478128956407e+02, -2.293543520242996e+02, 1.245576924026984e+03, -6.491624257266695e+02, 3.499375180703670e+01, -2.100159056434273e+01, -6.056921626305883e+01, -5.509543833714533e+01, -2.762119117771346e+01, 1.019116715508399e+01, 6.697993639736974e+00, -7.653660108218636e-03, -5.913952477371451e-01, -5.147273089375304e-01, 1.270529748781332e+00, 3.529855164221510e+01, -5.863136655643984e+01, 2.342138934945011e+01, 1.051229844385549e+01, 8.019765932229893e+01, 4.802735055025822e+01, -2.106404900820642e+01, -2.896477698246539e+01, 1.377905035262044e+01, -2.187204190597559e+01, 9.871217914198482e+00, -1.753410990966535e+01, 3.122543817150006e+00, -1.597143750690494e+00, -2.029027338360295e+00, -7.060804787935754e+00, -3.070162931359180e+00, -1.131822636602650e+00, 1.585548050540527e-01, 1.589302535193362e+00, 1.716540987984362e+00, 1.211052095346783e+00, 4.655617973313179e-01, 3.277560888043168e-01, 4.998658014831907e+00, -1.470557586721233e+00, -1.771969727615015e+00, 1.935775568509389e+00, 8.059768198469703e+00, 3.814692070999530e+00, 3.285023407366073e+00, -6.593405280004260e-01, -1.187902746370571e+00, 3.590651962162456e-01, -2.433813901519644e-01, 9.354828033752449e-01, 6.646837872603541e-02, -7.914711365379171e-01, 2.426482984414141e-01, -4.173851573655937e-01, 3.364189078926503e-01, -1.824431924446012e+00, -1.481787907116890e+00, 1.328389517812088e-01, -3.225562644628167e-01, -1.164355062556243e-01, -9.425541053841714e-02, -1.473381151666225e-01, 5.311791786064233e-01, 1.232651726399710e-01, 9.912219527109123e-01, 6.679520591054887e-01, 3.782817642501808e+00, 2.589966609137067e+00, 3.231691232918972e+00, 1.389308579057145e-01, 1.036509539146588e-01, -1.549775443476647e-01, -1.243884279362611e-01, -2.165500806274755e-01, -2.669533137318184e-01, 1.770165817006770e-01, -1.000807542448406e+00, 3.183737578382497e+00, -2.621768343801937e+00, -1.366348976576807e-01, -8.772206613513807e-01, -5.268862424066549e-01, -7.280666459804815e-02, -1.882147446787976e-01, 8.130457844513513e-02, 2.293741426214607e-01, -1.169236589340289e+00, -1.775229143917912e+00, 1.796969214996308e-01, 3.560975213221134e-01, -2.821941236886444e+00, 8.648485758109001e-01, 1.125757027641679e+00, 1.925536704742420e-01, -7.788308623736454e-01, 2.981258533470796e-01, 1.393689313004283e+00, 1.066928301608886e-01, 2.255028879820941e-01, -7.598446312257007e-01, 2.376397628337980e-01, 5.526873035364833e-02, -1.136809946580528e-02, 1.098471699880018e+00, -1.434749706703625e+00, 1.156637627781439e-01, -3.333801978678901e-01, 3.533303726016861e-01, 7.413126314581656e-02, -5.344838320644729e-02, -2.562409494927209e-01, -2.514627031425650e-01, -2.711564107308994e-01, 6.567166011764647e-01, -2.735396888861679e+00, -7.125966490271245e+00, -2.224523494619218e+00, 3.698591129911688e+00, 1.827993466620017e+00, -1.293877936224818e+00, -5.816270165415481e-01, 3.592262961961984e+00, 4.927911203832117e-02, -2.501567674478217e+00, 1.489028342149702e+00, -4.217413155891054e-01, -5.289976159796466e+00, 2.985968299993620e-01, 4.353822619543970e+00, -6.064500513130132e-01, 2.837033845324954e-01, 2.295637972011552e-01, 7.102764211326228e-01, -3.986240287728401e-01, 9.227947872325855e-01, -2.661608584253107e+00, -7.475865617848457e-01, -2.178840020344500e+00, 3.407655761393629e+00, -3.483657149772161e-01, 1.439366369105945e+01, -1.316245957519729e+00, -4.264290929359844e+00, 1.296735269201824e+00, 7.875852752587719e+00, -3.008317732667684e-01, 2.579937608745804e-01, -2.251286365158541e+00, -7.387888234413428e-02, 2.131911574992225e+01, -2.594508939960263e-01, -1.197005949656418e+00, 1.079278331849580e-01, -9.438192982030736e-01, 1.035405719105686e+00, 2.826889131498903e-01, 1.314607713593057e+00, 5.104028298630491e-01, -1.828554847744453e+01, -2.021421987885664e+00, 3.594096388227866e+00, 1.286702909816324e+00, -5.088132068160697e+01, 1.430034310030102e+00, 2.093679537875736e+01, -3.350335452622289e+00, -9.819170228483626e-01, -1.306427574135138e+01, 1.263700668452533e+01, 5.960136350668198e+00, 5.048926802030178e+00, -1.641348812575467e+00, 6.180133513529045e-02, -5.406101518798886e+01, 3.371736352490394e+01, -2.089067872329795e+01, -1.265273728790654e+01, 5.490356034092173e+00, -8.266752443674868e+00, -1.825062421378386e-01, -4.073156153708144e+00, -3.815412356225902e+01, 1.954834086348438e+02, -3.804937368258359e+02, 9.451699158219194e+02, -2.524097875844232e+02, -2.849491368086920e+02, -1.220791226073202e+03, 7.025630695055637e+02, 8.145324577919969e+02, -7.223695579090546e+02, 3.579685938137199e+03, -2.642168230018986e+03, 1.072202358243212e+02, 1.858460765957617e+03, 5.883291747807532e+02, -5.432817065986338e+02, -8.026598583875392e+02, -6.319779510015784e+02, -6.038972098939158e+02, 5.840679724273742e+02, 2.192160909124585e+02, -1.246337714749668e+03, -7.556992548348875e+02, -6.469692332208077e+02, -9.927247260982672e-01, 9.112888419602557e+00, 8.314967541389652e+00, 6.352705593783664e+01, 2.619291426320527e+01, 4.909668792993362e+01, -1.548850733001547e+01, 1.014061224681818e+00, 1.737708838284459e+01, 2.525843750284515e+01, -1.816068269872710e+02, -2.142164257917451e+02, -9.320719982041709e+01, -3.643431121614290e+00, -5.449418589807485e+01, -1.350708718909401e+02, 5.333660248662386e+01, 8.946202031410651e+01, -1.249536488430681e+01, 9.410954251866593e+01, -1.229989600715311e+02, 7.447993412397194e+01, -5.183321218380597e+01, -3.251460476143613e+01, 1.407901341021541e+00, 6.273756957321207e-01, 2.796816943011074e+00, 4.184076907832303e+00, -9.345416200394182e-01, -7.901586235190428e-01, 2.812348636743690e+00, -8.517873793251798e-01, -1.779570668818806e+00, 1.289527127312569e-01, 1.737259276994207e+00, 1.936337538096147e+00, -2.449313815995791e+01, 2.889328193371741e+00, 3.728795729217626e+00, 1.638766903441357e+01, -1.874380472776007e+01, -7.999362277347195e+00, -6.454436547781887e+00, 4.050690828386935e+00, 6.034274518403435e+00, -9.670909214089578e+00, 6.102520418264741e+00, 4.151032870891790e+00, 7.463093492016891e-01, -3.736007107824822e-01, 7.652835053005546e-01, -3.827805590407219e-01, -1.181592370479011e+00, 3.022339719269523e-02, -2.519874385632386e-01, 3.313946910518363e-01, 6.859493373320165e-01, 1.236184276179889e-01, 8.615437541476814e-02, -2.881627564283500e+00, 1.131029294834928e+00, -6.758269450384792e-02, -2.107881900490325e-01, -1.045587594804843e+01, -2.509026346947583e+00, 1.778412186479978e+00, 3.408908592002888e+00, -2.426162980473463e-01, -3.419116541508652e+00, -1.084601112236985e+00, 1.027715123345107e+00, 2.912137406940692e-02, 3.502090965018380e-01, 1.966352228548325e-01, -2.449130320515771e+00, -2.864157093825896e+00, 1.892345681164602e-01, -6.242402631171872e-01, -2.096121820875554e-01, -2.850414864787120e-02, 6.918923342911665e-02, -1.557000740322198e-02, -6.464774162545775e-02, 1.380820762129974e+00, -1.563753598128324e+00, -4.290384146927146e-01, 3.935670501306764e-01, 2.940846124084892e+00, 1.042009530728983e+01, -6.114514412823999e-02, -2.111689768089138e+00, -3.521476744727907e+00, 2.960883388901979e+00, -7.749349887792484e-01, -1.851766868360452e+00, -2.436618321476505e-01, 2.240092926180809e-01, 9.426134763224789e-02, 9.591092616168742e-01, 2.366734411380433e+00, 2.817457415361895e-01, -1.998839423342501e+00, 1.985548336588976e-01, -5.429233677128834e-02, 7.742377472063118e-01, 1.279818735772880e-01, -2.919611589678995e-02, -7.157235066089059e-01, -2.764182750455329e-01, -1.895226452528706e-01, 6.358942772993624e-01, 3.419417328079876e+00, -3.949151770917566e-01, -3.059833068403374e+00, -1.121293745096591e+00, 3.484789485734205e+00, -4.151356230604257e+00, -5.376950353452877e-01, -5.327958432700980e-03, -3.060019501503430e-01, 1.119545692229637e-01, -1.161712169548288e-02, -4.919396505440606e+00, 2.692371149358217e+00, -1.311716542751044e+00, 9.942456340134120e-01, 3.321838333977928e-01, 7.029488424831293e-01, -3.770501748517351e-01, 1.372775465483439e-01, 1.741237680742812e-04, 3.439894287474737e+00, 5.549275631421461e-01, -4.448582595652166e-01, -8.589784508516944e-02, 5.969130793752461e+00, 1.408630064516986e+01, -1.629316119019979e-02, -2.177955992593803e+00, 2.010693922928276e+00, -1.743556834870319e-01, -2.192592436992156e+00, 7.460070979965397e-01, -1.425509891420235e+00, -7.609472870396375e-02, -2.658498164651283e-01, -6.077525977435479e+00, -8.039244994290035e+00, -5.233192357370335e+00, -2.423469486068233e+00, -3.064621743307450e-01, -5.533258782014724e-02, 1.413529921158904e+00, 1.380436305436505e-01, 9.468420698179462e-02, 5.658430947384019e+00, -2.720260655971150e+00, 4.057763910238254e+00, -9.029320911528650e-01, 1.057798843187800e+01, 2.138762591074006e+01, 3.318467162217679e+00, -3.447290656164163e+00, -7.512343313840447e+00, -2.725538199075654e-01, 3.075078930885533e+00, -8.989298043288140e-01, 1.125186840626846e+01, 4.463694755799026e-02, -8.615641904655762e-02, -2.633408014144385e+00, 1.731816084604464e+01, -2.254588360069006e+01, -2.680589064165492e+00, 6.188952950969255e+00, -2.483244616707821e+00, -4.826165246713479e+00, -9.534669954098088e-01, 1.823473901128465e-01, 4.575099294346952e+00, -6.812436500221167e+00, 7.179026312889256e+00, 5.212265005882765e-01, 2.470265841740564e+01, 6.434412455345146e+00, 1.636357554993731e+00, -1.169837932214950e+01, 5.422586511847842e+01, 9.675226468051681e+00, -4.759142265955955e+01, -2.016114493879726e+01, -2.283448920465817e+00, 4.471205130968356e-02, 8.612533876434485e-02, 1.017684962026156e+02, 4.884994993676024e+00, 4.550352769348621e+01, 1.318508999766070e+01, -1.543300361914828e+01, 3.842102294420730e+01, 1.597635778516148e+01, 3.615140031017652e-01, 2.851571789291400e-01, -4.986482977389899e+03, 3.589763009187365e+04, -6.468503156656156e+04, 6.764494173819627e+01, -1.253819725689274e+04, -5.624503676504629e+04, 3.604103262486750e+04, 2.590785814142895e+03, 2.973714924578035e+04, -3.351047017860513e+04, -2.694724856728702e+04, -1.310752593662333e+05, 2.584806817875733e+05, 1.269130548423107e+05, -1.133731721699545e+05, -1.563701582739727e+05, -1.180553547977177e+05, 3.623968797363475e+04, 9.279691686862688e+04, 6.493648310078007e+04, 1.137949408153499e+05, -4.099715037396949e+03, -1.511506706101650e+05, 1.630384680506947e+05, -5.939693738058183e+01, 4.839368602560981e+03, -3.303761919703313e+03, 2.461517402177478e+03, 6.333585701055961e+02, 1.566476982457851e+03, -4.902336957777612e+01, -3.320112132413137e+02, -7.930421219950050e+02, -1.290653215393076e+02, -3.938979359912982e+03, 1.019187716603886e+04, 1.472575303339033e+04, 1.391304254114480e+04, 1.032134686953955e+04, 1.892125980856055e+04, -3.330062509783558e+03, -4.862565374325728e+03, -5.367713185419404e+03, -1.616361561016059e+04, 2.389370737573458e+04, -2.722988774308728e+03, -1.446354170374020e+03, 2.840598599727411e+03, 1.264584314015919e+02, -1.217285633917108e+02, 2.474878864977359e+02, 1.505749677500805e+02, -1.043855576600012e+02, 5.885927151265767e+01, 4.414001554877887e+01, -2.292791441054429e+01, -3.018216382074460e+01, -5.529944475734251e+01, -1.472513172686114e+02, -2.367160926131024e+02, 4.474980125709475e+02, -8.792133838345255e+01, -1.575341424475444e+02, -4.409334047609225e+02, -2.787828817853261e+02, 1.043100032794624e+02, 2.802518060743267e+02, 1.450995331962216e+02, -2.532278635747117e+02, 3.123718295330244e+01, 6.999690040978285e+01, -2.201511465319285e+01, 5.683152636800730e+01, -2.049910668260482e+01, -3.983637342977454e+01, -7.155899098068824e+01, 3.113997362883688e+01, 1.857432867016707e+01, 1.113265883669084e+01, 1.670434780430100e+01, 1.010020959039405e+01, 1.125913234138208e+01, 9.274283904546465e+00, 1.565678581118876e+01, -4.324285862995664e+01, -1.686126901066703e+01, -6.910377033431679e+00, -1.188966314824832e+01, -9.445906093946409e+01, -5.206170316641914e+01, -3.622672201595767e+01, -2.703475389816015e+01, 5.312634109245485e+01, 4.740059320394800e+00, 7.463164111459888e+00, -4.368720664991093e+00, -1.469707190085849e+01, -5.820275905164719e+00, 1.479048345694214e+01, -1.405827031372882e+00, -1.982878396710905e+01, -1.562922154783809e+01, 7.331045170948286e+00, -3.290411214126399e+00, 8.059734815604975e-01, -5.752082061362880e+00, -2.327087635909320e+00, -7.910773664448844e+00, 7.689141171278195e-01, 7.005305846420918e+00, 8.473725502794659e+00, -1.093772129769442e+01, -1.528623412819016e+01, -3.027655923167128e+01, 7.458642348969290e+00, 2.491776208242170e+01, -8.336646336377768e+00, 7.262516326635864e+00, -7.647856699324953e+00, -2.449988481661756e+00, 1.598742040072562e+01, 8.277731591030351e+00, -7.960190080770687e+00, -3.951661020332365e+01, -1.096255110631246e+01, 2.476860408245719e+01, -5.392048644095990e+00, 1.276405427036334e+00, 2.830343849338792e+00, 3.282910975940373e+00, -3.242101573735944e+00, -6.714516859715906e-01, -1.654814875343867e+01, 1.061982136315900e+01, -1.008661805980671e+01, 1.640786819547138e+01, -1.071391602025118e+01, -1.235003046151295e+01, -2.318192224434740e+00, -8.743285598593500e+00, -1.936396135890221e+01, 4.598997059662086e+00, -2.170774259271190e+01, 1.283410695843817e+01, -1.918544126428695e+01, -1.221718269271820e+01, -8.675942856287429e+00, 5.178327259500612e+01, 6.841816254261267e+00, -2.492155843350514e+01, -9.416049435840598e-01, -5.938557411767486e+00, -4.568014863359753e+00, -5.185083905503723e+00, 2.643323116826919e+00, 4.835682250642116e+00, 2.070860551779256e+01, -9.010839426593436e-01, 2.454850697893495e+00, -3.401478240639322e+01, -1.564509447762447e+01, -2.373077801664985e+01, -1.352288037307171e+01, 1.713243481660596e+01, 5.051375117260172e+01, -3.728768791415653e+01, -1.894972610251033e+01, -2.210732770301232e+01, 3.225190298591909e+01, -8.866062156382409e+00, -5.073555449778544e+01, -1.027765916688438e+02, -2.359985952908909e+01, 2.530035901283111e+01, -2.092946369480268e+01, 1.029358093265346e+00, -1.018661886822187e+01, -1.751702527216813e+00, -1.007838477583091e+00, 2.612786627778299e+01, -6.129443181445588e+01, 2.167584563233583e+01, -1.458374437770086e+01, 1.225414722332007e+02, 8.066886497235740e+01, 8.995631136315671e+01, 4.441968295360569e+01, 2.928464347091935e+01, -3.838314756555610e+01, 1.079351646289648e+02, -6.203378800869502e+01, 4.582595977191540e+01, 1.554661676011831e+01, -2.462144648232166e+01, 1.241064638913792e+02, 2.068907437636972e+02, 7.809813073622009e+01, -2.945204048953399e+00, -1.990356876370604e+01, -8.265269838017886e+00, 2.033322498263210e+01, 1.844334159221831e+01, 1.215266081669149e+01, -9.075450694299343e+01, 4.847476639086224e+01, -5.973719998786902e+01, 1.831494539968241e+01, -9.913923567959775e+01, -3.129156445121563e+02, -1.346866276817370e+02, -3.205372246203945e+01, 5.654806118864762e+01, 1.107149586617070e+02, -3.154809246291002e+01, -1.929421964593261e+02, -3.124621607131126e+01, -8.412810652971173e+01, 1.017685501245432e+02, -5.687424323379904e+02, 8.382285971799126e+01, -6.607717966551342e+02, 3.367712741152229e+02, 8.353585418345704e+00, -1.563059881568720e+02, 3.891886279174108e+01, 9.882412190284839e+01, -1.153463805063177e+02, 5.421806048576564e+02, -9.504714470756292e+02, 1.039304759824930e+04, 5.232153063839585e+04, -2.959886899702401e+04, 4.962931111797637e+03, -2.341817437078698e+04, -3.473389593533941e+03, 5.652496695145196e+03, 4.985950050055642e+03, -3.996621599375985e+03, 5.997016091457340e+05, 2.814345120446220e+04, 1.417815737731659e+05, 1.339448705884864e+05, -3.078888120530560e+04, -1.893141737461807e+05, -6.610344011501098e+04, -3.813212026704643e+04, 1.119652851262491e+05, 1.458443821354683e+05, 7.575266426000184e+03, -1.331292340172369e+05, -1.843078037490201e+04, -5.636743622631573e+04, -3.840928221006587e+02, 3.878394487854767e+02, 2.837755034038129e+03, -2.673282324987912e+03, -2.002931416142479e+03, 1.911497713276785e+03, -3.518877240078285e+02, 2.345031894403930e+02, -4.294950924658390e+02, 2.030634356698760e+02, 8.036453061807024e+03, 2.005804846857482e+03, 7.678533462653617e+03, 4.488240941092442e+03, -5.724892150952555e+02, -3.975542897677063e+03, 8.991117830925168e+03, -2.233281873190082e+04, -6.077678368330110e+03, -1.318401376213538e+04, -8.246096439030223e+03, 3.728997497107108e+03, -1.844993552637992e+03, 4.118530621237460e+02, -8.709633729170149e+01, -3.800209440769271e+01, -2.586461325465822e+02, -6.435966608417580e+01, -8.901446976692095e+01, -7.359164229691810e+01, -6.875277308593877e+01, -9.079784317117461e+01, -1.315852584920752e+01, -1.177168121585976e+01, 6.337266332518291e+01, 1.619486271579228e+02, 1.264087981873742e+02, 5.369066528172121e+00, -8.094087975534202e+01, 1.577373150608287e+01, 7.514151362032195e+02, 4.300324884729122e+02, -9.192769849804608e+01, -2.297766181743424e+02, -3.716790594348723e+02, 1.467269943048066e+02, -2.099408250356727e+02, -3.930679162735700e+01, 3.977884293572039e+01, -1.463309165901565e+01, 3.335635220627367e+01, 3.506959961522992e+01, -5.687938301443428e-01, -4.181572221551678e+00, -8.361036141789853e+00, 5.397891825412153e+00, 8.417177784446178e-02, 2.997389311560032e+00, 3.184196808429564e+00, -8.674788881526471e-01, 8.101786264609252e+00, 2.446123712233687e+01, 1.406963294033504e+01, 4.488113770874726e+01, 4.161835152722918e+01, 2.927488926319325e+01, 2.097956175965745e+00, 3.961085105803789e+01, 5.727541158377735e+00, 9.131333581812589e+00, 9.417326393743178e-01, 1.194471711621511e+01, -3.744531796138248e+00, 2.160901402472833e+00, -2.828416448059460e+01, -1.507304377398533e+01, -1.276020570889591e+00, 1.173353989485314e+01, 3.860593186003207e+00, -2.023119188308305e+00, 1.876804818497762e+00, -2.159500024978304e+00, 4.996927895492799e-01, -5.592457791251705e+00, 5.266696533048306e+00, 5.046833095465386e-01, -8.571754622861430e+00, 1.116363254382221e+01, 9.295102966175168e+00, 5.524225930075239e+00, 7.359205231419200e+00, -1.512182073746440e+01, 1.609533169798434e+01, -1.091890733055965e+01, 9.719161854696713e+00, -2.123160244508242e-01, 1.700840959723788e+01, 1.291162405197087e+00, -8.894362299045785e+00, 1.592481523772620e+01, 9.227217333611865e+00, -1.629103185650608e+00, -2.075661720051368e+00, 3.133602004096688e+00, 3.630476872430313e+00, 1.680821970880064e+00, -1.836589061929141e+00, 1.088202046669300e+01, 1.014835141826518e+01, -5.826292242470283e+00, -1.496445288068291e+00, 8.593820954880478e+00, -1.718853818591266e+01, 2.708501277083509e+01, 1.750993453986861e+01, 3.293486795967352e+01, 1.075353688920391e+01, 1.290689567190851e+01, 1.780608343737750e+01, -2.293732517171207e+00, -3.774847791796896e+01, 1.070495019799928e+01, -3.832700964038421e+01, 1.502832800533725e+00, -2.777124020447785e+00, -4.511711440158920e+01, 1.052111472169992e+00, -9.110713020915998e+00, -3.484541352527510e+00, -1.814681103152188e+00, 7.824001137305441e-01, 1.803100966456888e+01, -7.107499470144515e+00, 8.529695105223169e+00, 2.388469530454023e+01, 6.659127197395628e+00, 6.573013943547734e+01, -1.895887858261085e+01, -3.252611327144149e+01, 1.798780055267817e+01, -1.549310702622031e+01, -2.922397473943456e+01, -4.703138970645067e+00, -3.099607467877942e+00, -6.470143136736166e+00, -1.178815974126684e+00, -2.047026977444076e+01, 3.905035584728880e+01, 6.353414079852750e+01, 1.337644138676097e+01, -7.778125666792976e+00, -1.881593587582562e+00, -5.904776757238377e+00, -3.120559205757243e+00, 7.884310238668642e-02, 3.927311630714811e+01, 1.658149942947564e+01, -2.607033413159228e+01, -3.719884719603657e+01, 2.364052928943790e+01, -1.157493161975766e+02, -5.349868845684041e+01, 1.440093780529126e+01, 1.834311352140337e+01, 8.171361875930197e+01, -5.548267390905781e+01, 8.289104336509635e+01, -2.712221666270053e+01, 2.858853569110859e+01, -1.016441524589862e+01, 2.491286980875678e+01, 7.126697625617886e+00, -8.552265781613580e+01, 9.894041315357659e+01, -2.086671650447480e+00, 1.751861771159373e+01, 2.159936392777054e+01, -3.528522405146193e+00, 1.759926927655803e+00, 7.069863196058589e+01, -4.811257200197331e+01, -1.555858588685282e+00, -9.489624404641648e+01, -1.132586130836475e+02, 2.600820314830895e+02, -4.448303768450043e+01, 4.407453922385248e+01, -1.968478823607727e+01, -3.518377155809622e+01, -1.429112114070940e+01, -4.287640104297203e+01, 6.913519159329519e+01, 1.876737289914425e+00, -4.885058951761543e+00, -8.382034867890464e+01, 2.604811106164506e+02, 3.357083727629044e+02, -2.864184902689480e+01, -3.520987232432055e+01, 1.594944230145525e+02, -9.726309187116445e+01, 7.377313897506802e+01, 1.485174711321704e+01, 1.721639638242640e+02, 2.189308275260623e+02, 2.003454459753099e+03, 4.792813782447638e+04, 1.702437636584801e+04, -2.314353126513482e+03, 8.204931272303977e+02, -2.983995747373254e+04, -2.541640942590604e+04, 9.440034940691292e+03, 9.635056432461890e+03, -7.640119982554006e+03, 3.656893225222477e+05, 1.421962391094493e+04, 8.380245428306848e+04, 4.981318710082096e+04, -5.594583127403780e+04, -7.156974284244553e+04, -7.282435939633322e+04, -8.528068680502593e+03, 2.156682112528079e+05, 9.190225975860801e+04, 8.946811803715158e+04, -4.085469886810751e+04, -4.460877731344575e+03, 1.148521160184209e+04, 3.803669726549954e+01, -9.821609706281397e+02, -2.896608405437510e+03, -1.100416402599474e+03, 2.221360807542271e+03, -9.809524183273354e+02, 7.449739171973185e+02, -9.068174524278530e+02, 4.935311987750468e+02, -1.359093405036383e+02, -2.923101500315451e+03, -3.572736892208854e+03, 1.338309662837876e+03, -1.558349742952077e+03, -1.984526301609850e+03, 1.379328412254995e+04, -3.991089437996699e+03, 1.525178305295530e+03, 7.400836462909148e+03, -2.988978462595206e+03, 8.176123485858653e+03, -2.662744027674753e+03, 3.607804612482477e+03, -2.451626531627180e+03, -2.133445762397934e+01, 7.681274158630417e+00, -1.713279766237285e+02, -2.550455474083238e+02, -8.789244155478071e+00, 3.029469423811311e+01, -5.195074566385593e+01, 1.709830124249999e+01, -4.709993576173392e+01, -9.672802664925216e+00, -4.561888150485616e+01, 8.163764022089086e+01, -3.375194058996824e+02, -2.730379184686876e+02, -9.291440602583474e+01, 4.815065016393991e+02, 4.632109477866651e+02, -1.452587814084115e+02, -1.004431235787463e+02, -2.286206818914325e+01, -1.213469725045242e+02, -1.126430498663533e+02, -5.790907161518389e+01, 1.453832838201627e+01, -1.305901380546734e+01, -2.280569836507677e+01, -5.240566865299703e+01, 4.486820364945566e+00, 2.061832161977523e+01, -4.616502628928082e+01, -3.011511357895019e-01, -5.591649344588329e+00, 7.086974929331712e+00, 2.170763724553601e+00, 1.105672690497647e+01, 6.594190398355923e+01, -2.195597580762266e+01, 6.539281139970168e+00, 2.269610157749699e+01, 3.897512653355880e+01, 9.832638979144862e+00, 2.083999771083464e+01, -2.481363107544394e+01, -1.261454566957185e+01, 1.023637075899099e+01, -1.097341464710474e+01, 1.168502100924514e+01, -4.503151074314493e+00, 8.296646374605750e+00, -3.391765313802628e+00, 3.032477844924235e+01, -2.452219815705860e+01, 1.679417324469633e-01, 1.616154537721979e+01, -3.493885546078080e+00, -3.618084750884158e-02, -6.027945637170760e+00, -2.423707929694121e+00, 9.822742184027781e-01, -1.762512918940035e+01, -1.130760556174523e+01, -3.183954169105764e+00, -4.336973983811221e+00, -1.430368769026138e+01, 1.627387083026616e+01, -3.468649521136629e+01, -1.000281101504751e+00, -3.887289931776373e+00, 9.112766471963386e+00, -2.201407035680138e+00, -9.504194031316163e-01, 1.734740175652356e+00, -7.255300083148475e+00, -2.085293367931565e+00, 6.037666261731312e+01, 1.982587476304201e+01, 2.152999722874734e+01, -5.180635042912128e+00, 5.286184149764027e+00, 1.746575580043619e+00, 2.446438473609042e+00, -3.828358115690189e-01, 2.748932715173064e-01, -2.460183668614803e+01, 7.065825575760325e+00, -1.030958907238516e+01, 2.290850316083672e-01, 6.271894091088813e+00, -1.572189249542684e+01, 8.354905928354489e+00, -6.503209074045013e+00, 1.490676212445451e+01, -7.773939952603533e+00, -6.426535804574460e+00, -7.420328088512568e+00, -3.102588686153985e+00, -1.878257107141993e+01, 2.124037448893470e+00, -8.915399295198826e+01, -7.183286958316177e+00, -1.136815518591235e+01, 4.824195170805330e+00, -4.348916149620059e+00, -3.069068924344217e+00, -5.660479182435271e+00, -4.994433827365739e-01, 1.064228649629068e+00, 4.784951620666548e+01, -2.661504709844378e+00, 7.026594721511662e+00, -1.684298805049909e-03, 2.395543845107504e+01, 5.381646486388615e+01, 1.102332827984971e+01, 8.676965601256743e+00, 1.262628697849017e+01, 1.750576748254572e+01, -2.168439684611000e+01, -2.539031734695079e+00, -2.361885530720868e+00, -7.673945182429936e+00, 1.249684552751246e+00, 8.080151737937740e+01, -4.246041919471102e+01, 2.126893339072952e+01, 1.262294919699558e+01, 3.025671529558792e+00, 5.045609185588373e-01, -3.691070776195660e+00, -1.010297857418710e+01, -9.558196751937564e-01, -5.632900128142850e+01, -1.377896340166569e+01, -1.783191093994105e+01, -9.013726809083410e+00, 3.492601490534785e+01, 5.758435547974172e+00, -6.180249731555698e+01, -2.355860211282676e+01, -6.906445021207561e+01, 8.362293403102260e+01, 7.133906015516973e+01, 6.179546002954280e+01, 3.784585343630178e+01, 5.275001466998345e+01, -1.493073139443565e+01, 6.543351145759651e+01, 1.084866622614794e+02, 1.533433249329143e+01, -2.893299610181372e+01, 1.594707224517531e+01, -1.316791551084080e+01, 2.842769604928385e+01, 7.829643538427383e+00, 5.078850765353984e-01, 2.018437241667230e+01, 1.502474245508763e+02, -5.283436265391588e+01, 3.277507530605743e+01, -8.993196896468636e+01, -1.817176081129310e+02, 4.170382697663873e+01, 3.646524893067993e+01, 3.459289133577822e+01, 1.054631673910274e+02, 5.504005521422427e+01, -1.613912971359174e+01, 1.187289848336900e+02, -3.353924522973659e+01, 4.550347518895173e+01, -6.607615785867922e+02, -3.357058368583776e+02, 1.676997152636696e+01, -3.108232254678868e+02, -1.343073730961117e+01, -3.958015978165545e+01, 7.175517754175911e+00, 2.777302472813474e+01, -5.447203089834948e+01, 1.282747768474712e+03, -4.649584113816313e+02, -7.011199187434112e+00, 9.088046413629868e+01, -1.939146942200137e+04, 1.956015035482652e+04, 5.742339353279609e+03, -2.337574669217213e+04, 2.330714687451677e+03, 1.347082097983777e+04, -1.243208317664418e+04, 5.144739844807254e+03, 8.368504161831150e+02, 3.336120133931599e+05, 1.472884039156633e+05, 4.364991735889715e+04, 3.873969822848721e+04, -6.637348287210504e+04, -2.717609996011669e+04, -1.695176206640380e+03, 3.706395409274061e+04, 8.907349418997471e+04, 3.235326665572467e+04, 2.464429986047820e+04, 4.179155941647282e+03, -1.135426271595749e+04, 5.555934717183296e+04, -8.234452438537070e+01, -1.723008757127054e+03, -1.111709088733227e+03, -1.690208951422593e+02, 7.739875878966326e+01, -1.649851228576511e+03, 3.056756901945197e+02, -6.462221918776233e+01, -7.226986987296273e+02, 6.962651028048755e+02, 3.865777958649438e+03, 4.231716327215316e+03, -2.113300623030749e+03, -6.730762229527330e+03, 7.510981087438172e+02, 7.319919804685805e+03, 4.110883967281908e+03, -4.016510390979204e+02, 5.635616179893958e+03, 4.474478558269793e+03, -4.642518122717594e+03, -1.014980215319621e+03, -1.681006366374378e+03, -2.193964983488747e+03, -8.636748583472032e+00, -5.597979280478808e+01, 1.637201299064742e+02, -3.641182644902413e+02, 1.062602694861550e+02, 1.654645133432963e+02, -8.489650582980273e+01, -2.288440801956798e+01, -2.581914209721095e+00, -4.396145338473290e+01, 3.778952109933391e+01, -1.842430812327657e+02, -5.382546923148236e+02, -1.258670186409524e+02, -1.773297116897765e+02, -6.915751547755315e+01, -2.017921442377676e+02, -1.679630160748673e+02, -1.969057143468110e+02, -1.829117532131899e+02, -3.666612138378775e+01, 4.954174976275834e+01, -2.735165024452995e+01, 3.452436550324937e+01, 2.282213775055284e+01, 1.482372821402139e-01, 4.190834880732024e+00, 4.240680723644229e+01, -3.112661591608790e+01, 1.447544029966040e+01, 5.316540444401403e+00, -6.841321981905698e+00, -4.552821266559080e+00, 5.842654962997921e-01, -5.907083180353437e+00, -3.717237789494224e+01, 3.896665666259690e+01, -2.107067530061540e+00, -1.656015977362964e+01, -2.162576635967526e+01, 9.359275277406056e+00, 2.580134108196140e+01, -2.555708226719493e+00, -8.329334834604428e+00, -2.833404496446957e+01, 2.996245195077448e+01, -6.767689513017032e+00, 5.536752879649828e-01, 6.471352641606202e+00, 4.559201838457003e+00, 1.230742976004300e+01, 2.424361756254550e+01, 1.089830015258883e+01, 9.287794908968513e-01, 1.853587546300616e+00, 3.740285881800606e+00, 7.032306336416542e-01, 1.317418692432679e+00, -1.078174614642479e+00, -8.020305487226050e+00, 9.926123843264971e+00, -6.469866069369629e+00, -9.507300955471196e-01, 1.496107579262250e+01, -3.413414655881983e+01, -1.267594868213564e+01, -1.129375864065140e+01, 5.596046296715416e+00, 1.849249518713231e+01, -8.864595932530960e+00, 3.258146235534456e+00, 1.017446424096958e+00, -1.791693055680748e+01, 4.297108873087732e+00, -4.597074865386646e+00, 1.354511439587902e+01, 1.299332875772591e+00, -1.176232059659114e+01, -3.799307407765830e+00, -4.899350429300850e+00, -3.954596472529479e+00, -1.942126981678575e+00, -6.793849634817076e-01, 2.750735733408173e+00, 8.495565756289053e-02, -2.064970351417909e+00, 4.764583758850390e+00, 4.546709040404427e+00, 9.987577970729955e+00, 1.566399999595050e+01, -3.372326960732948e+00, -4.091545988152710e+00, 1.856429006037362e+01, 1.148220384332328e+00, 3.572313185593240e+00, -4.297562280136474e+00, -1.519101772978392e+00, 9.613796073112791e+00, 4.467042440730227e+01, 3.316189803731957e+00, 3.427149117727806e+01, -1.514884109794997e+01, -2.730161263811272e+00, -5.365601855988862e-01, 3.901802835567125e+00, -1.386741775455846e+00, -1.978928819474834e+00, -2.172021808976019e+01, 2.365046929394988e+00, -1.550531443150015e+01, 6.277863985029144e+00, 1.517056647979915e-01, -3.912867487019834e+01, -7.314384939594991e+00, -1.059794493374468e+01, 6.230921493414847e+00, -8.942653507561696e+00, -1.762455297461673e+01, 6.327856631658612e-01, 1.683646263291155e+00, -1.692015896639166e+01, 8.711317807690888e+00, -1.910694938691615e+01, 4.259805467824745e+01, -3.461548774597136e+01, 3.984923050953091e-01, -1.426989357064741e+00, -5.121349488498018e+00, -5.541960016772856e+00, -1.733976038772343e+00, -1.195490222551161e+00, 6.005964709949071e+00, 2.263825736687689e+01, 8.545047306935521e+00, 2.877770460040687e+00, 7.554065195712231e+01, -2.168294952452815e+00, 1.141325391979743e+02, 1.988713770475395e+01, -1.518144544496668e+01, 6.677161188662970e+01, 2.323260219763388e+00, -3.734420966359367e+01, -5.292634403632887e+00, -2.927941321170751e+00, 5.199364909297641e+00, 9.613048183008180e+00, 5.299656464569377e+01, 1.259605322768453e+02, -4.697820040358569e+01, 1.121211953787275e+01, 1.525699289822096e+01, 5.542874662436239e+00, 8.810043952914880e+00, -1.440828024209535e+00, -1.048478722420721e+01, 6.188754893640376e+01, -4.491766620505258e+01, 2.899557878304857e+01, -8.785192291173223e+00, -2.000122116065479e+02, 1.334595764417893e+01, 3.747454948860897e+01, 5.619482560949403e+00, 4.965115084755779e+01, -1.166063570089893e+02, -4.952848885807293e+01, -2.893653581895255e+01, -1.112232469821857e+01, 1.318507574349468e+01, 3.367716809162109e+02, 2.863894072846682e+01, -3.108248117977522e+02, 3.062890975172533e+01, -2.230917345385003e+01, 7.805014712786922e+01, 1.742937641342152e+01, 2.405766936008389e+01, -3.839168529798947e+00, -6.263081112165072e+02, 2.110965991906589e+02, 4.474535237902041e+02, 3.100310751888338e+01, -5.768842472548702e+04, -3.003385103957101e+06, -5.296176681580704e+05, 4.698833278861995e+05, -1.622981162309553e+05, -5.101192979772616e+05, 9.486105395459720e+05, -9.225658278792824e+05, 1.323411727954086e+05, -8.026345598191738e+05, -2.129771348086259e+05, 1.156728060327011e+07, -1.816386737717617e+07, -1.502699752731140e+07, 1.907120948540402e+06, -1.336766511475171e+06, -1.453655551862158e+06, -1.758464111217684e+06, 4.091670368515782e+06, -7.045580341675800e+06, 5.691401507824099e+06, 6.379577500509638e+06, 6.402726100138870e+06, -2.750047167895748e+06, -5.870763923952833e+03, 9.868760988023152e+03, 1.566628630123275e+04, 1.621423593552316e+03, 7.623249720033746e+03, 1.231951511549921e+04, -1.497987186445819e+04, 2.520903797870889e+03, -5.947982826283263e+03, 3.085628097232603e+03, -1.423124971444595e+04, -9.268908192847249e+04, 6.178006207897685e+04, 1.936729158402771e+04, -1.576099860676750e+05, -7.610378223313631e+04, 9.260800316907905e+04, 5.804189990342766e+04, 5.936206624681596e+04, -4.505147561071502e+04, 1.477648883615148e+04, -6.859537141952086e+04, 6.171445717099364e+04, -4.803329513313663e+04, -5.782431369234083e+02, 9.622834842398839e+02, 2.271069085676387e+02, 1.878641290201596e+02, 1.198003342775893e+03, -7.267027614811966e+02, -1.793366442893484e+02, -3.655602472757005e+02, 4.918842303598522e+01, -9.185425427845173e+01, -3.884941034887645e+02, 9.448514955690027e+02, -8.718288414444905e+02, -1.136510479247570e+03, 4.753266617585513e+02, -2.634045645495585e+02, -1.539734909991921e+03, 4.899350472875222e+02, -1.294614833363361e+03, -3.240436161881017e+02, 1.727390236438213e+01, 1.094500980066153e+03, -5.737129070766265e+02, 1.455909287908648e+02, -1.855889504764689e+02, 1.283430311454709e+02, -1.181015673715852e+02, -6.643807201233932e+00, 9.730470663250060e+01, -7.509438871204638e+01, -6.241193786267190e+01, -2.392105974841272e+01, -2.864143784009616e+01, 5.769201631981750e+00, -3.421077544309721e+01, 1.643894101299615e+02, -1.031858179184040e+02, 9.881046340400628e+00, -1.981555342370891e+01, 1.752430464759136e+02, 1.950808011511653e+02, 2.095250360228615e+01, -6.018592799293161e+00, -1.048209609315310e+02, 3.668286912533964e+01, 4.914571633685528e+00, 1.107372483542276e+02, -5.071730220091119e+00, 1.576639513383768e+02, -8.770835104988964e+01, 5.671428531934134e+00, -7.770747561961025e+01, -3.293939498043554e+01, -3.163219241821893e+01, -6.312719392566427e+00, -1.181265131151156e+01, -3.180789522226718e+00, -4.433300250722885e+00, 1.903133291888564e+01, -8.997279240492944e+00, -5.139609378566003e+01, 1.208920497254443e+01, 2.323987275710546e+01, 1.831405890974093e+01, -4.711110147560785e+01, 2.266079573731072e+00, -4.884027839908077e+01, 2.595930341895480e+01, 1.495793045917506e+01, 2.376263539407611e+01, -2.916160363025616e+01, 2.054564579258518e+00, -1.640643207116818e+02, 5.824323033712449e+01, -3.137513053299244e+01, 6.276602276852656e+00, 2.875367644388709e+01, 8.273791760840107e+00, 1.703364506565150e+01, 5.318447974396389e+00, 5.037867108826095e+00, 3.321239248331632e+00, -8.366868578758856e+00, 7.644114499755881e+00, -1.014929361690267e+01, -1.031833209941481e+01, -1.556505773102344e+00, -2.226692533157687e+01, -2.263440332548475e+01, -5.659371507529816e+01, 1.579955061204579e+01, 7.505212063863233e+01, -2.616231226126353e+00, -5.697432570563009e+01, -3.122958435135411e+00, -8.236353402378635e+00, -3.083925625620595e+01, 6.385950378191050e+01, -1.909763087806553e+01, -8.719691036752337e+01, 5.199940220825887e+01, -9.747483947142143e+00, 5.936588011068662e+00, 8.866819728333173e-01, 6.599687575347772e+00, 9.055748600651068e+00, -1.450402804261533e+01, 3.595452404644495e+00, -4.187194359325114e+01, -3.931171894479462e+01, -4.269503515009634e+00, 4.431072346763618e+01, 1.349439093227668e+02, 1.163331681555350e+01, -1.399816035786948e+01, -1.140675314374428e+02, -9.653287319878240e+01, 1.119121195306332e+01, 8.851300967867163e+00, -1.027607187634348e+01, 1.538322931625266e+01, -7.073962813686855e+01, 9.850991667695796e+00, 8.687665217853343e+01, -8.482465114879371e+01, 4.708168827797190e+01, -3.791238442933409e+01, -9.614236853873097e+00, -1.792180015600026e+01, -7.054284909166796e+00, 1.728672127178263e+01, 1.675615573268735e+01, 2.642540653797522e+01, 8.255857057050622e+01, -3.742853560032455e+00, -1.079549517985163e+02, -1.692563849292675e+02, 1.163426955821926e+02, -1.196369877399109e+01, 4.654618876064759e+01, -1.630380811650502e+02, 1.711858368679032e+02, -7.807757735071293e+01, 9.930005755690853e+01, -3.303335829627327e+01, 1.273294338868154e+02, -1.067866748527396e+02, -1.350162567271798e+02, 4.702338646582539e+02, -6.040312402462222e+01, 6.194389375483090e+01, 9.954661607026683e+00, 3.522239057708681e+01, -3.922370942648246e+00, -4.469752056611044e+01, 2.827312537357041e+01, -5.748919542064067e+01, -5.103762670708024e+02, 3.576292638229311e+01, 1.773235047769599e+02, 7.251761176154286e+02, 3.977087544967930e+01, 1.877902673027208e+02, -2.269951409042185e+01, -9.605716317975795e+02, 1.501701655553825e+02, 7.104441363695500e+01, 7.184261428222570e+01, -3.614995239701645e+01, -1.238938024395891e+01, 4.387804713085707e+02, 6.680964691929755e+02, 2.125903745666926e+01, -1.027381083763759e+03, -7.521758782102454e+01, -1.514313861066765e+02, 9.669076707694522e+01, 6.999788266829914e+01, 2.608298384545780e+01, -7.958955754373669e+02, 1.104570266364733e+03, 4.841494954065340e+02, 2.337907226746295e+03, -1.096032732541463e+03, -2.393665093472911e+03, 2.536326007616258e+06, 1.436533861962064e+06, -1.620469711938030e+06, 5.866083824632312e+05, 1.176794965386193e+06, -3.068372096427637e+05, 1.827548119104877e+05, 7.543357577867651e+05, -6.327132460159960e+05, -5.155091205495800e+06, 1.411441167184670e+07, -1.444829806161276e+06, 3.055521903926273e+06, 1.013110342065300e+07, -9.378901848546768e+06, 4.581662806148424e+06, 1.023233311494707e+06, 1.410065056588483e+07, -7.216432325091583e+06, -2.563153396521512e+06, -4.016097173362663e+06, -5.125861007148289e+06, 5.920499642823127e+06, -5.366570419090010e+03, 2.842386528188893e+04, 3.638204966500557e+04, 3.252101929348800e+04, -8.999155142370104e+03, 5.024788108925395e+03, 1.683574917233504e+04, 5.665037640500514e+03, 2.803929855492767e+02, 3.448705920914287e+03, -6.226464228163730e+04, -2.373535854218630e+05, 2.475880015438224e+04, 2.436978207457555e+04, -6.586008453782211e+04, 6.004397657805934e+04, -5.892219924210176e+04, 5.043466715941691e+04, -3.774349453543659e+04, -4.783354757905623e+04, 4.490672686922877e+04, -1.660196878462966e+04, -2.134344794954780e+04, -1.806259598059965e+04, -7.869831670061486e+02, 7.278110332346272e+02, -2.188059855950469e+03, -3.276225776848422e+02, 9.835260197585103e+02, -4.524361368645453e+02, -9.548116080153794e+02, -4.519132485126982e+02, -1.499738732183370e+02, -1.024061359145245e+02, -9.478696223431209e+02, 2.075548255574198e+03, 4.392767916649428e+02, -1.644564364143703e+03, 8.148742058571762e+01, 8.159585861720227e+02, 2.854500235486570e-02, 1.108785337054462e+03, 1.809531167453900e+02, 7.116507562362410e+02, -8.523063189140637e+02, -2.468344711010051e+02, -5.862377711866671e+02, 1.077331999474356e+02, 6.609558911459953e+02, -2.371332786287828e+02, -1.793750847610204e+02, -7.649808278947989e+01, -2.246725342204813e+02, 1.176316025880088e+02, 5.225831454866596e+01, 1.361646540646159e+01, 3.006419807973332e+00, 1.580815450877886e-01, 4.367989535826994e+01, 1.964658003371950e+02, -3.008598283794105e+01, 1.308561338385787e+02, -5.143476469441016e+01, 2.177083117728830e+02, 2.981700678704423e+02, 1.392476668424826e+02, -1.110443625174579e+02, -1.164650723225277e+02, 6.679731711641224e+01, 8.040317288929873e+01, 2.610041819144322e+01, -3.476345859244607e+00, -1.089224261126124e+02, -7.825696300282262e+01, 5.478026214686754e+01, -1.220388026278867e+02, 7.172142571539148e+01, 2.318272682100930e+00, 1.334861818461371e+01, 7.452091265941843e+00, 1.273763516471592e+00, 6.915586903789679e-01, 1.681217796356080e+01, -4.699848037100192e+01, -5.655027945356407e+01, -5.098704424575283e+01, 1.020038318214230e+01, 2.217594256586515e+01, -6.717147463822633e+01, -3.046729184915091e+01, -5.083680600514374e+01, 7.097030542067378e+00, -8.052143544006084e+01, 3.481784726209127e+01, -2.021327069602255e+01, 4.839304948479580e+00, -1.862751495268606e+02, 8.559189455404449e+01, 5.242206376266803e+01, -2.998431287231484e+01, -1.353338466825707e+01, 3.036027130169559e+01, -2.803837158201794e+01, -1.827006282414844e+01, -6.401591312070703e+00, 3.278898670475948e+00, -1.751696538100884e+01, -2.502531942544969e+01, -3.200554520653827e+01, 1.513213232471310e+01, -2.234108495764498e+01, 2.645369059379007e+01, 8.045374896658905e+01, 5.582843425534561e+00, 3.118851992471401e+01, -6.529636869414485e+01, -3.021245221041748e+01, -2.057009102216899e+01, -3.899577419033593e+00, -9.978323435645432e+00, -1.328264087962714e+02, 6.216895324982686e+01, 3.631464989700853e+01, 3.196618192523124e+01, 8.181500639264614e+01, -9.747580597029661e+00, 1.158003001208787e+01, 1.312499094139971e+01, 1.489041025144565e+01, 5.974193203410088e+00, -1.051912401540990e+01, -2.950545846537067e+01, 4.024573153803112e+01, -5.328403352791342e+01, -4.500364729958898e+00, -6.050811464494107e+01, 7.455083296620261e+01, 5.746302698366321e+01, -1.102113617114693e+01, -4.426661530703379e+00, -3.057634183438715e+01, 3.994177934843502e+01, -2.204356770244120e+01, -2.477076577157987e+01, 1.117642874942182e+02, -9.823161308245565e+01, 2.277882977757594e+01, -1.177430806176206e+02, -8.922590004177336e+01, 1.191054187986366e+02, -1.575741754880775e+00, 2.060032830491138e+01, 1.396067022717418e+01, 2.245312165616809e+01, 1.006721613460923e+01, -1.760200866386188e+01, -9.583173362996614e+01, 7.843212299145679e+01, -3.137858217603380e+01, -7.947101232979574e+01, -1.717118127936058e+02, -2.288602149806983e+02, 1.539879196525506e+02, 4.655412441421836e+01, -2.251139580239266e+02, 2.134298670871977e+02, 2.203083692641292e+02, -6.821669946583573e+00, -1.843718601101382e+02, 3.075717573568796e+01, 1.867502084666212e+02, 1.397661149418679e+02, 2.000173689071067e+02, -3.117454467251402e+02, -4.349679478524042e+01, -9.971332069794936e+01, -9.687711641790995e+01, 5.166711691405027e+01, 2.785756118095115e+01, -1.206711244657096e+02, 7.020238438767410e+01, -1.968073787058513e+02, 3.216976052775648e+02, 6.005142432158500e+02, -1.416616585097882e+03, 3.718103626390931e+02, 1.199370850684178e+02, 2.107431008164296e+02, 7.825783336180338e+02, 2.324034029544005e+02, 7.808716644787231e+01, -8.672145756400234e+01, -1.401358071510555e+02, 3.328391415264632e+02, -1.056890118381851e+03, -5.717144647017903e+02, -9.095652547460086e+02, 1.184939110067769e+03, -2.810250152506510e+01, 1.480245440123503e+02, 4.680287369279369e+01, -2.353559271270711e+02, -4.385702533663661e+02, 1.939669308893360e+03, -7.876664364527247e+02, 1.487902979369649e+03, -2.822454788151554e+03, -3.788019927959201e+03, 4.382774364965982e+03, 1.657895365530485e+05, 3.130521566989843e+06, 2.629114330292281e+05, 2.041485094284395e+06, -9.211964045377824e+05, 2.293726399604244e+05, 7.775691134526683e+05, 9.761959294963967e+05, 1.396151945680058e+05, -6.628756809157501e+05, -5.902319778591341e+06, 2.099349058867864e+06, 1.123761281025920e+06, -9.261572486918395e+06, 2.563701596617748e+06, 7.622242015016910e+06, 3.365593984421384e+06, 2.757451877176990e+06, 3.752257333753578e+06, 4.132182053663137e+04, 6.537529558519700e+05, 4.009423732798069e+05, 9.390408172578153e+05, -8.209866650807173e+05, 1.051394281685964e+04, -4.563250845127482e+04, -3.321572233618592e+04, -8.008874685854599e+04, -1.212695012909275e+04, 1.012296748420291e+04, -1.190264662170776e+04, -1.700207350241621e+04, -9.592638966949649e+03, 6.693695036939551e+03, -1.280208261503993e+05, -1.040060970523489e+05, 2.184234186898623e+04, 6.973540882699925e+04, -1.188982503442341e+05, 2.856507803710584e+04, 6.515705022023754e+04, -1.595203442902885e+04, 5.168894399035566e+04, -1.270620155102551e+05, -2.052502272051040e+04, -1.112402843063513e+05, 7.448065572026004e+04, -3.409702212242705e+04, -3.077854355055973e+02, -8.891230981262561e+02, -1.206992816030548e+03, -1.287295901062263e+03, -7.210466177612068e+02, 1.126308194497187e+03, 1.164553178370320e+03, 8.847154440114413e+02, 3.866957178148335e+02, -3.091366874502859e+02, 1.146995728505915e+03, 1.211954986394373e+03, -2.419234843375085e+03, -9.653767422494279e+02, 4.122458279140992e+02, 7.247574771511453e+02, -1.681137033755500e+02, -2.786902423421306e+02, -1.849395729065608e+03, -7.955697800124791e+01, 2.287620996734939e+02, 1.756257662150094e+03, -4.054434099465365e+02, 2.229809144922179e+02, -3.550650792128211e+02, 1.966625630174205e+02, -7.626229766540096e+01, -7.963124395951652e-01, 9.786145935718785e+01, -6.098599101796844e+01, -7.723151108312591e+01, -4.749731905107878e+01, -9.118547817010146e+00, 4.812692833443135e+01, -5.985464987974586e+01, 6.780121025765287e+01, 2.152902116808560e+01, -2.767425064143471e+01, -2.139854012341569e+01, 1.319314356988131e+02, 9.032565182453379e+01, 1.408961143256582e+01, -5.436784983658962e+01, -1.085369107879442e+02, -2.077385150607116e+01, -6.698019615597177e+01, 4.538089739121138e+01, -4.866905959932692e+00, 2.859320879915124e+02, -2.313255372711394e+02, -1.358171271338080e+01, -5.012692259157230e+01, -9.315858345976065e+01, 8.210761266863278e+01, -6.314790675726951e+00, -1.365021635681234e+01, -2.473148509824418e+01, -2.823615833590019e+01, 4.152074503423211e+01, -1.084209044745577e+01, -3.694326941812540e+01, 5.050081487196296e+01, -3.586199384515562e+01, 7.937104260378165e+01, -3.267440787626556e+01, -5.466611643419320e+01, -5.066889568375733e+01, -4.914306337649537e+01, 3.403335309530928e+01, 5.953814198541254e+01, -1.421324437803887e+01, 1.658851241452165e+01, 4.191304436584996e+01, 2.286665227878625e+00, -1.401475417208776e+02, -5.164104812409009e+01, -3.887310648308723e+01, 7.758944554973134e+01, 2.568876437853947e+01, 2.060378927656044e+01, 1.433210687248732e+01, 1.054315018745318e+01, -4.658323708067729e-01, 5.927402190198227e+01, -1.260821836379621e+01, 1.463213785445632e+01, -3.085188920036320e+01, 5.615284213019005e+01, 9.457536498529477e+01, 5.709266311043861e+01, -1.926332110329712e+01, -1.429297930609985e+01, -2.535953324870970e+01, -2.652543316751488e+00, 1.937596684145349e+01, -4.193885322259097e+00, 1.260161002664829e+02, -1.764469357609670e+02, -2.074624198694965e+02, 5.462984549539252e+01, 1.828005321611423e+01, 3.342830873633675e+01, -3.251641185778699e+01, -1.123634964789960e+01, -2.185317451318556e+01, -4.095456907927991e+00, 3.569150934808172e+01, 1.226381320737879e+02, 3.274728472029139e+01, -8.803411546606455e+00, -2.285046028841726e+01, 4.293607763394890e+01, 1.635381087175201e+02, 2.266955132439869e+02, -2.209195288066797e+00, -7.044533514426603e+00, 7.799714768065790e+01, 2.007834229979038e+01, -2.813654643476472e+01, -2.005095253831230e+01, 2.601138106674657e+01, -1.345180347619492e+01, 1.310894916846800e+02, -8.536032546720411e+01, 6.749295547610662e+01, 5.201083289173798e+01, 1.975787523276283e+01, -4.005122225262334e+00, -4.135293742851883e-01, -2.891009566624374e+01, 3.057322516826775e+00, -8.723877052873497e+01, -7.084007396293927e+01, -3.196126268284375e+01, -1.999411817897500e+01, -2.959721718752339e+02, -5.682727117043465e+01, -1.966685846613823e+02, 4.995136341467391e+01, 1.141582489137971e+02, -4.920296767372840e+01, 1.113249676561915e+02, 4.655586681289415e+01, 1.306160288302823e+02, 3.894130058931981e+02, -3.726008115775372e+02, -2.738251343827428e+02, -5.934120962879829e+01, 3.293694399235854e+02, -3.635611505833587e+02, 1.333461402865243e+01, -3.079687576025720e+01, 1.172476774791542e+02, 1.495937994814923e+00, 1.073100903033107e+02, 2.373766337948441e+02, -4.073341212477339e+01, -2.658297380575225e+02, 2.780271831066209e+02, 6.032944770476059e+02, 1.956698774703145e+01, -3.468872061212774e+02, -2.985462574019083e+02, -4.633610955072688e+02, 4.906612726135547e+02, -6.264852586896942e+02, 5.622506769596608e+02, -2.975095267583130e+02, 2.584887288341384e+02, -8.404719253075272e+02, -1.757598043664165e+02, -7.115671313177538e+02, -5.875760152143811e+02, -3.135256328257822e+02, -3.900429397588594e+02, -3.983789895723083e+01, -5.479446692455452e+01, 1.167222318297299e+02, 5.882503056554434e+02, 6.417996564147998e+02, -1.469727275769692e+03, 1.128927809120366e+03, 5.022004811837997e+02, -3.808394244995407e+02, 7.913630897861461e+02, 5.447099223908976e+02, 2.110482402872142e+04, -2.143099584147418e+06, -9.994283005633255e+05, -5.302365921657138e+05, 4.017084270737059e+05, 1.604932615728379e+05, 1.677862273421950e+04, -6.072151745411650e+05, -1.349511902936192e+05, -3.712612007524959e+05, 8.660850614883663e+06, 5.262637017866064e+06, -4.096600843001792e+06, -1.779148357399885e+06, -1.829224012218080e+06, 2.201166807020307e+05, 1.148380860786862e+06, -3.290509882942490e+06, 1.830682731832075e+06, -9.139574813459630e+05, 2.303856005151397e+06, -2.421262020020119e+06, 4.007663291267399e+06, 3.026839857349674e+06, 1.511827600440032e+03, 7.409609686750565e+02, -2.973302281957859e+01, -2.380662850914413e+04, -8.396728552990242e+03, -4.094680863155217e+03, -7.423446208594352e+03, -1.398794531908807e+03, -2.190491728191837e+03, 2.191970055110969e+03, -2.304535585699495e+04, -3.754710846533354e+03, -3.943367427041379e+04, 2.948169573374140e+04, -1.509755485937042e+04, 1.380711193876327e+04, -9.501134964544368e+03, -3.028401272341228e+04, -5.183439158134849e+03, -1.114317169155637e+04, 6.753374308769720e+03, 9.796572944454565e+03, 1.755234499554099e+04, -5.002281586928590e+03, -2.231131047441493e+02, 2.345512070821738e+02, 5.827309451291778e+02, 3.223200859531222e+02, 1.689609414476419e+01, 2.736584487828549e+02, 4.093700966818344e+02, 1.533313896301585e+02, 7.721539568877526e+01, -3.475546688538854e+01, 1.500800259894934e+02, -9.664767276266804e+02, -2.760029974842039e+01, -2.482021207579356e+02, 2.418659869066377e+02, -7.388260242871106e+02, 5.848959740708564e+02, -1.868172000925737e+02, -2.722061737169490e+02, -5.443739002694628e+01, -3.025520519698020e+02, 4.644050285576353e+01, -3.182160011924925e+02, 4.174905086607917e+01, -1.042173079913969e+02, 4.799319042366528e+01, 9.098484066495978e+00, 1.856779360890415e+01, 1.096828982576961e+02, -4.285284001157346e+01, -4.084836374030920e+01, -1.699757789016943e+01, -9.056768608198539e+00, -5.482608487205619e-01, -2.264153185675027e+01, -1.221787871118783e+01, 2.169808249684634e+01, -6.284630262153281e+01, -6.011740088834297e+00, 4.392585541310308e+01, -4.195219632065805e+01, 1.400979145027131e+01, 8.850951161786128e-01, -7.979621113247482e+01, 4.555428337316022e+01, 7.427796330647309e+00, 3.340951538218790e+01, -5.001937732846336e+00, 3.556809368415386e+01, 3.137359351388788e+01, 1.339155480762428e+01, -1.414022308126114e+01, 1.295458719601275e+01, -1.468587136243005e+01, 3.914950638567210e+00, -1.137236216449218e+00, 7.596549610287609e-02, -1.669355128180457e+00, -6.090475591021329e+00, -7.330236115683286e+00, -1.706237701513141e+01, -9.688480099351269e+00, 1.107848782390090e+01, -9.044177178163672e+00, 1.961019840613556e+01, -9.131087336887047e+00, 8.414291520916883e+00, 1.596535236228303e+01, -1.958787610901644e+00, 1.338948723394037e+00, 6.778957380283721e+00, 4.009851851702433e+00, 3.212935494147452e+01, -2.723036333893942e+01, -4.303095024737813e+01, -2.465635680777770e+01, -1.831963800954928e+01, -3.534822566375466e+01, 3.241883499646123e+00, 2.163749137459889e+00, -1.216409838275740e+00, 2.833124657524013e-01, 4.207336753411429e+00, 1.649007521472275e+01, -9.262017509965775e+00, 7.934424743079104e+00, 1.577081966300910e+01, -1.065820518518271e+01, 1.426105899280864e+01, 1.353735919877939e+01, -2.172976275044877e+01, -1.214869812316039e+01, 2.536714443642825e+00, -1.872880195502673e+01, -2.381029140463426e+01, -1.939598695086446e+00, 9.632115899193455e+00, 1.449309013778955e+01, 4.930416119553061e+01, 4.368420834986375e+01, 6.281295609009415e+01, 2.898264114953140e+01, -4.788921668171730e+00, -4.363790285477346e+00, -2.727320344665279e+00, 5.316330459944102e-01, -2.750138620995414e+00, -2.146641345143627e+01, 1.696083112471037e+01, -2.974946134617716e+01, -1.941083444019094e+01, -1.030822815449628e+01, -2.545174596346424e+01, -7.052323620947728e+01, 3.135382368698238e+01, -7.880114912101266e+00, -1.989675898965206e+01, -1.336487457653875e+01, 9.758668921970200e+00, 4.915253283035765e+00, -1.033864366941617e+01, 8.944629017157155e+00, -4.880826435918138e+01, -5.903623599809332e+01, -1.996465206268195e+01, 3.685481199918681e+00, -1.061771835875351e+01, 8.738689253116609e+00, -2.202883339225113e+00, -2.950119314232312e+00, -2.758229245905377e+00, 2.707839559405139e+01, -1.878674408666064e+01, 1.332309026808704e+01, -3.261207279904410e+00, -3.670846908081385e+00, -1.166182650415793e+02, -3.449054812154530e+01, -1.054782093128013e+01, -4.097650633123370e+01, -7.954522697478048e+00, 1.968539650401480e+01, -1.318003189246982e+02, 4.077775075950438e+01, -7.057407933001137e+01, 5.942247685174701e+01, 1.265413574061535e+02, 2.919267458855354e+02, 1.764595747135574e+02, -5.283931884641677e+01, -8.246285790923231e+00, -6.273939594747678e+00, -7.191967723175241e+00, 7.978806790047756e+00, -1.020843519346466e+01, -8.777838263032847e+01, 2.118796077550397e+02, -1.717585583706770e+02, -1.548227564818860e+01, 2.491865275697022e+02, 1.753719198618960e+02, 6.062693976969708e+01, 3.499092702263690e+01, 2.044438318602997e+02, 2.088335585762684e+00, -2.077730078648211e+02, 7.192370326339932e+01, 5.804937930295659e+00, 1.298958214050760e+02, -3.954156756558007e+01, 4.025488661132453e+02, -4.308492336224197e+02, -6.644317906038013e+01, 1.683292165391610e+02, -6.950607286781162e+00, 7.806860330942860e+00, -6.541491594574697e+01, 9.189423505060051e+01, -3.906997079725580e+01, -9.684826377874739e+02, -8.199853069312838e+02, -5.858409867495767e+01, -9.526726691005035e+01, -1.595106941180184e+03, -3.053186973711933e+03, 3.797464572112810e+03, 9.056840857136810e+01, 2.367648636575499e+04, 1.876251217505656e+05, -1.443773923202636e+06, 7.829581660453625e+05, 1.102468912999149e+06, -1.378485321756226e+05, 4.035305144935466e+05, -9.313548509504616e+04, 4.411670853760112e+04, -1.539155821109292e+05, 1.745747659249761e+06, -9.807355043618567e+06, 4.758806402555541e+06, 6.255298250223974e+06, -4.398804941672744e+06, -1.204625012517856e+07, -4.251277674197408e+06, -2.655205201449458e+06, -3.793052462224041e+06, 2.950136083641486e+06, -2.306976241724498e+06, 2.854538039195649e+06, -4.918865343269653e+05, 2.070619820782262e+06, 1.244712184064688e+03, -2.976104853103196e+03, -9.749007175501314e+03, -4.391660061982874e+03, -1.170737483204033e+04, -4.557577810959991e+03, -2.433668693553051e+02, -2.819603372105656e+03, -4.332122130039463e+03, -2.774751083997534e+03, -1.944179346157548e+04, 1.187005534907060e+05, -4.709446759389937e+04, -1.006291470063833e+05, 2.829051596368540e+04, 6.219511217996269e+04, -6.567899568930223e+03, -7.343776101520169e+04, 7.216075606815771e+03, 7.585228165829268e+04, 5.304649716519063e+04, -3.153774332989354e+04, -8.293821911852848e+04, 2.802701980944899e+03, -1.405109067661897e+02, 5.632804713817566e+02, 7.451861849563435e+02, 6.001821972063015e+02, -6.534219211104837e+02, 1.636116953479703e+02, 2.285599010886917e+02, 2.106299922313495e+02, 2.207434810590827e+02, 1.456683092753350e+02, -1.744801771959938e+02, -1.156327206900694e+03, 1.559237263290832e+03, 1.416991281471995e+03, 2.023018086300331e+02, -8.462829947372178e+02, -2.478703014798382e+02, 4.555148909070717e+02, 9.430092181501391e+01, -9.240334681821480e+01, -1.280579417125932e+03, -2.785140253838295e+02, 4.098808661099083e+02, -9.887645568554987e+01, -1.268450343039809e+02, -6.441951471026744e+01, -8.537658347499507e+01, -1.106625865977506e+02, 1.545133142831646e+02, 2.248762685790710e+00, -1.652431415899167e+01, -1.567575712264027e+01, -1.846789321332545e+01, -1.415312900228035e+01, 1.682227550070400e+01, 3.096728430341224e+01, -1.190845472377022e+02, -1.007372302466406e+02, -1.857293514315620e+01, 4.799672742428594e+00, 1.527195838294224e+01, 5.915706243425552e+01, 4.154212788693972e+01, 4.684887779436290e+00, 5.810208613031300e+01, 2.643478671129915e+01, -4.238053963729388e+01, 4.779569993406347e+00, 4.886970056967091e+01, 2.116959397642413e+01, 4.459141152361744e+01, 6.003293475372260e+01, -9.161544083423443e+01, -2.038672660665846e+01, -4.505344367308555e-01, -6.407707877790253e-01, 2.543688450784396e+00, 1.513717686172452e+00, -4.813248450648461e+00, -3.362233325625344e+01, 3.586718430824319e+01, 4.157409629352631e+01, 1.277040130426696e+01, -1.883701091741546e+01, 3.650721713982209e+01, -2.397397917927609e+01, -1.589832835396781e+00, 1.556451067396966e+01, -5.297265179914595e+00, -2.451369892912927e+01, 1.050535615912489e+01, 1.049002085004837e+01, -1.247185851364872e+02, 1.410174322104891e+01, -1.278745677458850e+01, -4.827467178347765e+01, -3.849888389768181e+00, -2.674414894455990e+01, 7.468287276033172e+00, -1.294938769982476e+00, 1.755961703081324e+00, -1.339110098877791e+00, -2.644412017069486e+00, -5.513851624983670e+00, -2.908803104577955e+01, -3.762864152771944e-01, 1.198020962453075e+01, -2.350641509835356e+01, -1.299511280421361e+00, -4.997636967780941e+00, -2.697127321717633e+01, 1.407313813090308e+00, 1.590864064690767e+01, -1.293275330118194e+01, 4.016666160783229e+01, -2.635874304994284e+01, 9.019656520634065e+01, -5.113286621521366e+01, -1.806178756800979e+01, -6.664153704792153e+01, 4.270197219734689e+00, 4.063233488203001e+01, -5.947687161874811e+00, -3.250474389957005e+00, -7.724173341953273e+00, -4.612768009363049e+00, 8.632491843601617e+00, 1.911093088053671e+01, -5.514269617723620e+01, 3.616080971823584e+00, -1.675038581123244e+01, 5.722529354371960e+01, 2.852233667779947e+01, 1.271602215444370e+01, 2.699229104724765e+01, -2.690366526584737e+01, -6.251452730496951e+00, -2.647201790301473e+01, -4.474329601107490e+01, -3.227860576264843e+00, -2.195149186219800e+02, 8.109049654153009e+01, 3.563858998873646e+01, 1.122426874230762e+02, -3.296788158716532e+01, -5.230110663470995e+01, -5.362214310271184e+00, -9.106131219573713e+00, -1.207886748049475e+01, 2.480138985363621e-01, -1.429433287538642e+01, -3.404592047717117e+01, 5.626337150941675e+01, 5.190934317215987e+01, 7.394473887348507e+00, 4.114787944411039e+01, 2.963444896384216e+01, -1.443802321670873e+02, -6.663444547139109e+01, 4.058055591804684e+01, 1.031387267376137e+02, -1.031831871203871e+02, 1.149372831575190e+02, -9.440801537582477e+00, 2.221986183128138e+01, 2.714132870105194e+01, -9.958564321794569e+01, -4.633968072086278e+02, -2.268571446208792e+02, -1.009579594069083e+02, 5.946792644435697e+00, -1.615407714357923e+01, -5.388669038462967e+01, -1.835255066750724e+01, -1.915669969172084e+01, 1.567010032215027e+02, -3.413428245350892e+02, 1.402258430555287e+02, 1.272921139168725e+02, 2.012349255744843e+01, 7.685840801094983e+01, -6.507517744200551e+02, 1.006184132518632e+02, -5.652672747213600e+02, -5.706002575753620e+02, 1.248443947857022e+02, -2.112294851009177e+02, -9.620807454402637e+01, -5.788604868192395e+01, -1.559943823444812e+02, -2.354429135939438e+03, 2.370758124164351e+02, 6.641251186776070e+02, 4.038615864737673e+02, -2.149018537464605e+02, -1.276857706779113e+01, 6.587363646974732e+01, 9.105137143139460e+01, 1.506088190715293e+02, 5.087699321211539e+03, 2.267017358467726e+02, -1.582911985096389e+03, -5.927039802862269e+02, 3.788582035798714e+03, 3.438979174855529e+03, 4.540292743641824e+03, -8.809600074087047e+02, 8.797116551131487e+02, 5.735678405910712e+03, -1.329786658848275e+06, -3.191330913819670e+05, -2.854461183469806e+04, -4.719394939015232e+04, 1.793865946171322e+05, -3.087008950850896e+04, -2.064970738367369e+05, -2.626963278523433e+05, 1.022359542088052e+05, 2.966933674412164e+06, 1.101737976127425e+06, 2.022735900248182e+06, 5.630102001424704e+05, -1.699696091096493e+06, 1.594341146903856e+06, -1.025360723201525e+06, -3.165332995808971e+05, 2.454619404547332e+06, -3.719232257492766e+05, 2.018595914020878e+06, -1.694997645981338e+05, 1.020814493634251e+05, 3.460906020695309e+06, 1.118717012862148e+03, 1.133760000209811e+04, 2.254315357092422e+04, -2.095839901526946e+04, 1.825007257784884e+04, 9.250058750839802e+03, 5.545955164910265e+03, 6.527815903473253e+03, 5.764409045274313e+03, 2.588510192197708e+02, -6.528142241625758e+04, -5.080376668994827e+04, -1.347384137483552e+05, 1.551583652771271e+04, -5.164150290211663e+04, 9.222282791296559e+04, 3.946187840942195e+04, -9.180583737194158e+04, 1.376849669583066e+04, -2.377531215942211e+04, 8.698375930515920e+03, -3.538996011183232e+04, -2.187091904325936e+03, 2.474864331475382e+04, -1.297291892033862e+02, -8.010415267033882e+02, -1.356348153423176e+03, 3.077539959083022e+02, -3.628770178856637e+02, 4.213128551070972e+00, -3.275751264097312e+02, -2.170069054421368e+02, -2.084034563222822e+02, 1.616535363361087e+01, 3.789140207608766e+02, 7.758837187404450e+02, 9.380132845025344e+01, -4.276131858544258e+02, -2.009596000956502e+02, -3.954029098581859e+02, 3.149452525908576e+02, 1.285676056557874e+03, -3.230694343505625e+02, -1.181919998870303e+03, 6.111786379181902e+02, 2.708227599060729e+02, 8.641230224802963e+01, 1.501574143468673e+01, -3.494651905610072e+01, -3.248126835033347e+01, 1.177106481809543e+02, -1.106703768307598e+02, -2.228569997775624e+01, -7.533281462456090e+01, -2.059734013266277e+00, 2.349022314727303e+00, 5.386210833202315e+00, -7.723003088233418e+00, 2.773911590526982e+01, 6.775139784414419e+01, -1.227844950124283e+02, 1.010986168652390e+02, 3.202989318745910e+01, 6.737756039853801e+01, -2.777981064876845e+01, -1.003458898357086e+02, 8.928676150335583e+01, 1.179575620813661e+02, -3.208831441698372e+01, -2.100327643450054e+00, -3.357151011538226e+01, 1.321736313277066e+01, -1.094942613184229e+01, 5.691222442337310e+01, -2.771640246439318e+01, 7.269688967513494e+01, -9.210054741116570e+00, 8.298391659297142e+00, -7.462708852149848e+00, -6.745957060965666e+00, -7.612807760002761e+00, -4.045111840845718e+00, -1.182008308350921e+01, -4.893321859658185e+00, 3.138229475846282e+01, 1.426937252911956e-01, -8.757116340665961e+00, -5.555454042907886e+01, -3.058449497181915e+01, 4.360785344622762e+01, -7.553480083754708e-01, 1.156945295671436e+01, 1.175345464951493e+00, -9.647406255565514e+00, -1.153828877697670e+00, -7.183255010093538e+00, 1.674811876037160e+02, -1.147726467824269e+02, -1.839433223500672e+01, -4.365350260379703e+01, 1.212014737314848e+01, -3.758895894818242e+01, -5.419411315834000e+00, 2.525831107483066e+00, -5.605668726636476e+00, 3.519342503959268e-01, 2.055491890140796e+01, 1.647903394752273e+01, -1.472929081206098e+01, 5.214574503327475e+00, 8.404051972241843e+00, -1.814391113828619e+01, -5.319522667669172e+00, -2.582424075251445e+01, -3.859064986735298e+00, -2.327012980531429e+01, 3.318737341765691e-02, -8.034128911725817e+00, 1.774556448954385e+01, 6.051881528720402e-02, -6.373289613606526e+01, 9.323463355128926e+01, -9.081751118380458e+01, -1.028956597047514e+02, 5.691511348921596e+01, -5.247520919792671e+01, -1.499174845660115e+01, -4.535555329401781e+00, 2.460996388224339e+00, -2.074913776970610e+00, -1.749689457040848e+01, 4.495512160368714e+01, -4.394600410529550e+01, -4.069699417308033e+01, 4.076519508831392e+01, -1.798676338331737e+01, -3.981703283075849e+00, -9.003614196079235e+01, -1.905128269371115e+01, 1.016814895497511e+01, 5.825394295485624e+01, 7.067550155313462e+01, -2.703306419293523e+01, -4.697610799155558e+00, 1.020997122164332e+02, -8.132198459821807e+01, -1.023397744396710e+01, 1.066936537691708e+00, -1.046402315954457e+02, -4.127181122851549e+01, -1.044756519030141e+01, -1.532794912212224e+01, -5.875217620486150e+00, -1.059447708085909e+01, 1.400268262247206e+01, 5.477182427640899e+01, -1.879100111670951e+01, 7.226338129743758e+01, 1.299829156025680e+01, 5.348252108624661e+01, 7.541290487802526e+00, -9.283728563140313e+01, -3.614793085545790e+00, 9.005194448680906e+01, -2.907712100041153e+00, -1.764185765038107e+02, -6.223470873867452e+01, 1.498480884148305e+01, 9.630661263412870e+01, -8.899452931649964e+01, -8.227108965169671e+01, -2.812504220720465e+02, -1.835734937677161e+02, 1.204047820263939e+02, -5.675574832253141e-01, 9.698663811678493e+00, 2.836971463041966e+01, -2.089320120683875e+01, 4.380151928301728e+01, 1.126823857901556e+02, -2.233240838445624e+02, 2.076998911835842e+02, -1.028881703877823e+02, 2.887908199301070e+02, 1.282201353031108e+03, 1.023526274039766e+02, -2.991664459894899e+02, -8.123533368492126e+02, 1.492411563885286e+02, 2.954160820319260e+02, -8.947464409020239e+01, 3.863264489124202e+00, -7.866157852821965e+01, 3.786528606136081e+02, 1.110989677254934e+03, 1.386001713727644e+03, 3.009705726174668e+02, 1.508925976234074e+02, 1.431632089720909e+02, 3.238509970950083e+02, 5.340119386253509e+00, 6.177918715475931e+01, -3.162918508337655e+02, -2.572809640544338e+03, 2.354435853526867e+03, -1.136911647706835e+03, -3.353943848334998e+02, 1.405053842322453e+03, -2.995254719366475e+03, 2.286003411197776e+03, 1.525179314881434e+03, 2.569779431496392e+03, -4.839702563971890e+02, 3.550547070703751e+04, -3.914461418663245e+05, 4.301485903224663e+05, 5.595444986508876e+05, 6.000983553826498e+05, 3.956201426686753e+05, 2.021888735276819e+05, -3.993978628348277e+04, 5.217041736339794e+05, -4.966856599335193e+04, 6.252783822543902e+06, 6.777359882561135e+06, 1.488494051341787e+06, 1.987901852110624e+06, 1.167210230636143e+06, 1.070759097595041e+06, -2.203392523169880e+03, 1.144808763528333e+06, -4.990582437569840e+05, 1.409820565669764e+06, 1.367571876460377e+06, -1.792085841618725e+06, 8.315716164986620e+04, -2.463908764043356e+06, 1.844641279998584e+03, -1.464634974144349e+03, -4.217966904590310e+03, -7.265869866122688e+03, -8.994943857085816e+03, 7.702456784015501e+03, -5.457190794270750e+02, 6.596835603395062e+02, -6.246390538598102e+03, -4.983892620588232e+00, -7.828615459988201e+03, -5.933313705218163e+04, -4.294889947456317e+04, 9.109634102541975e+03, 2.906963330499947e+01, -1.168651753406176e+04, -3.943417788202927e+03, 7.576186835148300e+04, 1.658157966614197e+02, 3.118891923054863e+04, 8.398730467536059e+03, 2.992875267212800e+03, 2.655761739385610e+04, 1.966511718608147e+04, -1.022938185702021e+02, 6.721446546235754e+01, 3.813394095766163e+02, 4.872822886995534e+01, 1.139615253436065e+02, 1.105364263609411e+02, 2.630553336539561e+02, 2.084733465548500e+02, 3.878405089523919e+02, 1.111122688518665e+02, 9.692198969669994e+01, 1.073996261976731e+02, 6.219115837427312e+01, 1.480677140552605e+01, 9.731314695953863e+00, -3.270904541237456e+02, -4.463947107513300e+02, -3.095636119741300e+02, 5.093715038736627e+01, -8.176290645060495e+02, 1.819018234075223e+02, 7.573334407386051e+01, -3.597454917210471e+02, 9.453509578572792e+01, -2.358951013997033e+02, 1.100257446149143e+02, 9.970660249076417e+01, 1.557553107503259e+02, 3.367506758278441e+01, -6.354780119776377e+00, -2.434967855498479e+01, -1.845188692523793e+01, -3.735342024735971e+01, -1.973411791953549e+01, -3.026781564106553e+01, -1.393598589980846e+02, 1.038292687950660e+02, -3.529535892550729e+01, -8.426809309282435e+00, -5.190220065000648e+01, -1.396207141564677e+02, 1.898898641393304e+01, 2.847303961775712e+01, 6.165513052671680e+01, 9.582097940923941e+01, -1.231935595351826e+01, 1.345865596619278e+01, -7.477169044553674e+00, 7.547408000952456e+01, 7.934848421239201e+00, -1.432025184352384e+02, 3.128386653523635e+01, 1.709278483745078e+01, -6.983250860753175e+01, 3.228670037750912e+00, 3.215365865107747e+00, 6.524662640474653e+00, 2.117437717303178e+00, -2.558770330794109e+00, 6.942607540291402e+01, 2.251260263905300e+01, -4.241534208612215e+00, 3.242314160930254e+01, 4.741878986765143e+01, 2.054588697438003e+01, -4.878918755800854e+01, 1.563653462159299e+01, -1.527848677201068e+01, 5.058549979021676e+00, -2.097378092858053e+01, 2.647964497664959e+01, -4.024457010069368e+00, -2.895230226617010e+01, -1.845298082493139e+01, -1.097036275289906e+01, -6.754287860837255e+00, 6.560358827976789e+01, -3.588203660336542e+01, -5.640059366425382e+00, -4.346935971913348e+00, -3.285925761545063e+00, -5.599470696272343e+00, 4.419509925332766e+00, 9.053777828254571e+00, -1.048542640066117e+01, -3.025337542249618e+01, 1.906390214510115e+01, -1.274639054678572e+01, 1.954490664752955e+01, -3.939281131864986e+01, -2.127629375933389e+01, 2.365931415329787e+01, 3.234835624177089e+01, -1.507020265580182e+01, 1.176539660088050e+01, 1.643833692747339e+00, 5.180067476081139e+01, -2.162861916074426e+01, -2.304716156195948e+01, -6.074227815378708e+01, -1.784296208828129e+01, -3.604041192018175e+01, -1.670655987720181e+01, 2.530303144643145e+00, -4.037843837902259e+00, -1.367521962764135e+00, 4.709923697100934e+00, 1.813085706531448e-02, -4.779245205168756e+01, 1.929779766828937e+01, 1.989920776341183e+01, 6.984436302992019e+01, 2.767925021759217e+01, 5.794733689236208e+01, 4.371215172782730e-02, 8.701154818698845e+00, -7.752315596284463e+01, 1.067905569160473e+01, -3.560419957273045e-01, 1.137369687338132e+01, -1.124395385184425e+02, 3.978072428771165e+01, 9.079592584410129e+00, 1.499929487119341e+00, 1.297310429201821e+01, -2.551252767606033e+01, -1.076447848774713e+00, -1.365079143201137e+01, 8.050311047277530e+00, -9.015138650287508e+00, -6.404066797514762e+00, -7.531328737985780e+00, 2.411463507748723e+01, 3.743265449631118e+00, 1.812486211183224e+01, 1.346641962467564e+02, 2.796254763618790e+02, -7.385198404859177e+01, 3.198694920284717e+01, -1.449550096060687e+02, 3.894612985454165e+01, 1.878965450240742e+01, 1.064692371211134e+01, -2.878378128594318e+01, 7.017204256553619e+01, -1.729198395097711e+01, -2.286040019411724e+02, 1.741618528968199e+01, 1.352108494465266e+02, -1.993361568397275e+02, -3.765829052663290e+01, 2.855302230756537e+01, -6.143070006957108e+00, -4.616037930384169e+00, 5.632173473582410e-01, 2.449848864385984e+02, -2.585742805889377e+01, -1.192641979203523e+02, 1.449501071966685e+02, 4.035287311673950e+01, -2.036032285534717e+02, 3.437294906724408e+02, -2.187507100600772e+02, 2.564691170511852e+02, -2.060120049277730e+02, 9.140810480765701e+01, -1.077361034723747e+02, -1.330879657761460e+02, 1.192990782497899e+02, -3.923675378804452e+02, -8.678654659538646e+00, 7.374427470658529e+01, 6.003581800112653e+02, -2.458988030078242e+02, -5.374146828499101e+01, -4.909099949864365e+01, 7.214758678684106e+01, -9.563901453976437e+01, 2.817397792960912e+02, 2.215936647714187e+02, 2.347980863306535e+02, -9.206050319051393e+02, 5.555539164266592e+02, 3.222683936031886e+03, 3.911023553043131e+03, -1.231931095999730e+03, 3.007993082206492e+02, -1.777613261607971e+03, -1.396836603836551e+01, -6.546712637886262e+02, -3.259694473843346e+04, -8.571175939164675e+05, 1.243559263002935e+06, -8.144348810047858e+05, 1.917404292790921e+05, -7.536644715442185e+04, 1.309290180870210e+05, 5.278011326884913e+04, -2.546148842011590e+05, -1.885647434582183e+05, -1.103817104507288e+07, 1.008510770388642e+06, 1.107077067555086e+06, -2.457699941566311e+06, 6.623439786098721e+04, -4.211931066626897e+05, -1.516271112188731e+05, 1.349150247954179e+06, 1.453792013040710e+06, -4.655089497218076e+05, 3.583177414553853e+05, 2.178824006323686e+06, 2.540413360966652e+05, 1.796068757103510e+06, -4.508960285585424e+02, 1.690902951796724e+04, 1.246865832216006e+04, 2.627438476155927e+04, -3.321189901732761e+03, -9.861866042465219e+03, 2.318682857824721e+03, 4.238627596790725e+03, 5.781317290561552e+03, 4.516634843558265e+03, -1.082404500664519e+04, 7.029308984229947e+04, 2.185813674034283e+04, 3.013773220323424e+04, 3.507715510442332e+04, -3.236669761853659e+04, 7.583841626631399e+04, -1.627708234087071e+05, 2.594107437903675e+04, 2.435862283133459e+04, -2.183808776715867e+04, -3.052045680787010e+04, -2.990084864272853e+04, 3.315735075419785e+04, 7.745852202776242e+02, -3.525866764539804e+02, -1.232342072310974e+02, -8.191067895263632e+02, -9.876055429758858e+01, 5.947677529182034e+02, -5.215107690320220e+01, -1.225719134643702e+02, -2.060351287996920e+02, -1.663943624113687e+02, 6.478138589118016e+01, -1.353961280907093e+03, 1.553659922130896e+01, 3.305920559935737e+00, -3.889559059977591e+02, -3.931333648793287e+02, -2.499329067430770e+02, 1.340686414051021e+03, -9.782915893217977e+01, -1.177422749059081e+02, 1.075081739811600e+02, 2.814870979454948e+02, 2.317954287981065e+02, -2.831698516612125e+02, -2.668595146955180e+02, 2.709373209729467e+01, 3.630510560632666e+01, 7.445651212214028e+01, 7.741671585539719e+00, -6.888975658648271e+00, 3.925636342874191e+01, 1.918556634432037e+01, 1.920220300438811e+01, 1.240569803803302e+01, -5.051828128955433e+00, 2.315907425697544e-01, 3.926653168894821e+01, -2.517235348822145e+01, -9.152066228658938e-01, -6.242218223901213e+00, 1.336380026475154e+01, -8.434241502713029e+01, 1.043360286311949e+01, -4.864839825581281e+00, 2.365762571309270e+01, 9.767457241288986e+00, -1.610516899503065e+00, 1.466480954111067e+01, -9.269269682835031e+01, 1.192417309636389e+01, 4.366250401385959e+01, -3.688006556150841e+01, 1.456032950088342e+01, -6.189762880518580e+01, -2.198765414010376e+01, -9.174407882615920e+00, -7.124162044061584e+00, -4.327146128042009e+00, 1.030308164653242e+00, -1.024877420645042e+01, -2.787224878312337e+01, -2.898014553682557e+00, 2.718546230267694e+01, 2.144270063280451e+01, -4.928216194880920e+01, -3.969729260644804e+00, 1.221008038074019e+01, -9.347259892170369e+00, 1.290418926376693e+01, -1.147867149268645e+01, 2.394352058894157e+00, -9.641029537788469e+00, -2.484339522005454e+01, -2.885123259278508e+01, -3.681761401804680e+01, -4.849658124463799e+01, -2.464994008357444e+01, -1.640077939800382e+01, 1.928315371428474e+00, 2.482173392805333e+00, 2.749128785528493e+00, -3.641299973480278e-01, 7.106661125247961e+00, 1.381106498666757e+01, -2.005268440434757e+01, 6.478631666698896e+00, 8.633856323056666e+00, -1.340440235850345e+01, -3.281322389165830e+01, -2.475685182793530e+01, 1.003048825384309e+01, -1.989901394759594e+01, 1.894255291286679e+01, -2.529704369201298e+00, 9.737988090246800e+00, -3.118306560558751e+00, 2.528316632212666e+01, -3.106638291460018e+01, -4.489959071348004e+01, 7.988056944791494e+00, 1.614833618274938e+01, 5.175363481139061e+01, 9.784653511400544e+00, 4.416495749942851e+00, 1.685389665558033e+01, 1.434774672740383e+01, 5.078252223855729e+00, 2.495991521669298e+01, 1.219430854345969e+01, -2.100251309586095e+01, -2.387046015359080e+01, 4.719380194967715e+01, 2.143953559608025e+01, -2.386695081761444e+01, -4.653321374746095e-01, -3.432139783915908e+01, 4.409624716115467e+01, 3.841036813826142e+01, -3.276854933872310e+01, -8.236812175840662e+00, -1.782581256044221e+02, 2.907720217561538e+01, -8.214402056383382e+01, 1.741361529580380e+01, -5.111212482406633e+01, -8.909333072498535e+01, -1.000084882064662e+01, -1.496865420543773e+01, -5.439171234889774e+00, 6.429815614527149e+00, -1.054108055680675e-01, 5.519341083825839e+01, 1.393902926114239e+01, 3.497956333745688e+01, 5.912456564246997e+01, 6.700087657582172e+01, -9.703414831677279e+01, 2.044680561510665e+02, -1.052526600096209e+02, 2.091528988096489e+02, 4.936730880100955e+01, -9.593045853185846e+01, -1.340907612349650e+01, 7.365776044729856e-01, -7.585686866218836e+01, 4.990363376800445e+01, 2.234944844954636e+02, 1.558379350471884e+02, 1.703399663178739e+01, 2.103055007257393e+02, -3.540642223675044e+01, -9.246100207303048e+00, -5.691046812993174e+01, 8.313086334019884e+00, -1.805510631724952e+01, -9.591702824211350e+01, 1.289715329760554e+02, 5.465728860164403e+01, -1.777218341504299e+02, 2.412176968209374e+02, -1.390006458676283e+02, -2.167746290286992e+02, 2.795471773248989e+02, -4.228362600325367e+01, 1.479256445456665e+02, -2.757067608040538e+02, -1.250737473217465e+02, 1.742218460635675e+02, -6.632487191857956e+01, -1.684456709188263e+02, -5.365924180768828e+02, 5.852617477602904e+02, -4.227917120827331e+02, -7.379959289484599e+02, 3.743688567176680e+01, -4.247786884635981e+01, 5.304242899431165e+01, -5.317764681501320e+01, 1.947122963054854e+02, 1.086079290476855e+03, 5.204400341591231e+02, 6.576005992521077e+02, 1.375626135241303e+03, -2.630721028782111e+03, -1.973013406160815e+03, 6.683244288084754e+02, -4.253180838323605e+03, 1.396478621900605e+03, 9.489451047775020e+02, 8.977424267744985e+02, -8.057489895965706e+02, 5.607098965827809e+03, 1.552143186784499e+05, 4.056717672577447e+04, -2.520972483118141e+05, 1.730759379986378e+05, -1.529844361594172e+05, 9.824558426210583e+04, -2.983618788927149e+02, -6.437606546971580e+04, 9.688939354956032e+03, 2.637875444837831e+06, -5.119677141152672e+05, -1.502417115412264e+05, -1.060303311729894e+05, -7.400268818775242e+05, -6.171364667719312e+05, -6.634623034422549e+05, -1.964420839240423e+05, 7.579104502657037e+05, 1.667316660834567e+05, 5.730734189569098e+05, -1.937320892705792e+05, -5.743812745761689e+04, 4.217266079307798e+05, 1.822549172202958e+02, -9.434232513751531e+03, -7.623816730647736e+03, -4.596765928804176e+03, -1.216125898260616e+03, -6.712495492703845e+02, -3.006504745190673e+03, -3.315696069700703e+03, -9.742011870824498e+02, -1.224088148902229e+03, 6.550652847634801e+03, 3.461211024851695e+03, 3.409573827240605e+03, -2.101542251158385e+04, -1.300355584370775e+04, -1.873909298573065e+04, 3.738427494457574e+04, -2.066243566875198e+04, -1.175856867755935e+04, 9.040866668480656e+03, 9.686818318810170e+03, 3.415374804054540e+03, 1.060628008824824e+03, -1.573674816854689e+04, 1.669635480055572e+00, 3.033497360089817e+02, -4.653779689165579e+00, 2.358811759877358e+02, 2.616184981614116e+00, 5.439020388479337e+01, 1.274485830765811e+02, 1.367935373332272e+02, 2.976962382678903e+01, 4.365022333968912e+01, -2.110257752179299e+00, 2.093184558947717e+02, 2.598847991853871e+02, 6.107877843215005e+01, 1.489190840020987e+02, 1.285128130749993e+02, -7.614079163558252e+01, 2.117094521694967e+02, 2.372267899485078e+02, -1.651732498260010e+02, -6.611587055690549e+00, -1.483206371943992e+01, -3.052462122298791e+01, 1.424079908401887e+02, -1.360671351629710e+02, 2.796825527825380e+01, 5.276387642438450e+01, 3.325929839091930e+01, 4.232738021795187e+01, -5.675442144254080e+00, -2.789307349152843e+01, -2.036536259388449e+01, -5.336502522703945e+00, -7.724548588670689e+00, -1.204554173533407e+01, -2.953845826456949e+01, 2.924355102587855e+01, -2.602850594107663e+01, -8.556563554538798e+00, 4.938211759737288e+01, -2.727644942988317e+01, -3.918430576432667e+01, -1.418409405986059e+01, 3.596318927107730e+01, 1.589743130487223e+00, 9.291628651656232e+00, -9.239143508736358e+00, 1.264080136297489e+00, 5.163545814178085e+01, -3.435061328015994e+01, -2.012506421020673e+01, -3.265446256274285e+01, -3.675106712205508e+01, -3.363967209128098e+00, -8.046401336921107e+00, -3.865700220870210e+00, -4.702497854993144e+00, -1.132186596700158e+00, 7.715783307060569e+00, 1.301923574264784e+01, -2.007895930909319e+01, 2.169658503636572e+01, -3.751831745363974e+00, 1.327153566994344e+01, 3.647126189146408e+01, 2.929788766300259e+01, -1.336569622714335e-02, -1.540735711578660e+01, -1.956038772252936e+01, 7.560432830098663e+00, -2.253485431949282e+00, 3.682775500822161e+00, -2.849482012618570e+01, 1.881872996524951e+01, -2.128938332131019e+01, 9.832130003850125e+00, -8.225202558117415e+00, 1.731552106420291e+01, -1.139964711649152e+00, 2.370250104571531e+00, 3.085437591556578e+00, -1.490535789794387e+00, -4.540941743649027e+00, 1.512185747889068e+01, 5.672343535618671e-02, 5.334448211333345e+00, -5.700395617710668e+00, 2.119599888542168e+00, -3.947553860836082e+00, 1.137162707044316e+01, 7.990801737732911e+00, 3.147944782835420e+01, -1.231222298703841e+01, -8.900794524536281e+00, -9.255589010734187e+00, 1.755771459906777e+00, 1.271424361045080e+01, -2.317613392563333e+01, -5.065021609659303e+01, -4.736274191120546e+00, 7.424958431599948e+00, -5.783099507149477e+00, 8.031714652742297e-01, 1.653987977288043e+00, -3.682613544271029e-01, 8.913126330961228e-02, 5.077968502352201e+00, 3.227122227861022e+01, 2.748247263180189e+00, -1.993229191079639e+00, 3.016380461754489e-01, -1.589024388496941e+01, -6.614300390803713e+00, -2.367516590669554e+01, -2.555482897801311e+01, -1.413308396124421e+01, 2.012618941514271e+01, -2.082146398262778e+01, -1.237238403852569e+01, 6.421492321765373e+00, 2.255789968568638e+01, -7.929962237036825e+00, 2.525709978823160e+00, 3.367464633154166e+01, -3.364416771949944e+01, 3.593700903426593e+01, 6.184679844256382e-01, -2.687752622760875e+00, -4.469700918046303e+00, 5.824154150142087e+00, 6.964249424201062e-02, -5.697476664909449e+00, 3.044332941168221e+01, 1.675190922759357e+01, -1.690866906713760e+01, -2.647505966198753e+01, -4.852563768101164e+01, -3.740824332826017e+01, -2.827569608381196e+00, -4.441371730479831e+00, -7.511657735483174e-01, 1.787496362377898e+01, -1.997091091616887e+01, 2.545605837416691e+01, -9.860393318369317e+00, -9.365383975398585e+00, 9.104675157293914e+01, 6.357175457424739e+01, -9.299768566078961e+01, 4.669983920456509e+01, 1.903088960907297e+01, 8.604830873843179e+00, 4.349159523830915e+00, -3.279530797378531e+00, 4.728039860891495e+00, -8.435791367130908e+01, 5.480994400053844e+01, 6.427512278934316e+01, -4.026486206699935e+01, -2.874016226763374e+02, -3.563124713452259e+02, -6.451726058947416e+01, -1.099412425589094e+02, -9.966956305082317e+01, -2.467351506394914e+02, 6.627476680681799e+01, -2.030421841327050e+02, 4.240027623384258e+00, -1.099469884915516e+02, 1.469954393218231e+02, -2.725605274748138e+02, -1.513235230631808e+02, 4.363824287328630e+02, -1.216760767409740e+02, -2.451724126144049e+01, 2.504304760694834e+00, -4.066902731622481e+01, -9.179601108392066e+01, -8.665970003105392e+01, 5.178819669586545e+02, -4.943494531438161e+02, -5.738919149767767e+02, 2.476308376948073e+02, 8.143789517209126e+02, -4.693253923509653e+02, -5.806385648239254e+02, -6.749036384325625e+01, -1.535058167836499e+02, 1.506378124337038e+03, 7.338284907786590e+02, 8.992165320163496e+02, 2.995174993704603e+02, 6.277758639686680e-01, 1.976046211530964e+00, -2.784142739665642e+00, 4.899817740389743e+00, 3.708380029660402e+00, -1.364244936158236e+01, 7.525475904495263e-01, 9.787104763113339e+00, -2.203913676669937e+00, -1.029349812939117e+01, -8.063180211931612e+01, -1.914411180778174e+01, 7.784351464561752e+00, 2.077947016442895e+01, -7.272225811073161e+00, 4.406618744809462e+01, -3.455197993064786e+00, 1.787827306953598e+01, -1.583090180352572e+00, -2.297256611807269e+00, 6.547046897088706e+00, 1.335502592891900e+01, -2.938691568804528e+01, 1.969579687254392e+01, -2.845577230847914e-01, 5.697815802200261e-01, -1.165225038148026e-01, -2.071198671048763e+00, -6.552415692424363e-01, 2.352053134754970e-01, -3.835195858438393e-01, 8.350599315099124e-01, 1.461023877449954e-01, 1.125755208595059e-01, 2.705571633719445e+00, -1.784290419612313e+00, -2.789430351864689e+00, -5.957555102889992e-01, -4.484830290584650e+00, -1.086264211130448e+01, 3.875661510226597e+00, -2.512881379971592e+00, 6.333587244248834e-01, 1.436947613804709e+00, -1.278154663945861e+00, 9.392533145510519e+00, -2.445974758515879e+00, 6.478594444337678e-01, -8.964709185542226e-02, 2.220142531360865e-01, 8.665157858560868e-02, 6.823322730933465e-01, -4.385769549274800e-01, 7.612820522443466e-02, -1.934456312998569e-01, 1.793447856155520e-01, -1.279571225344151e-01, 1.098747232664640e-01, 8.520105409974117e-01, -5.232005703697045e-01, 2.308835012496781e+00, -1.817039055445547e-01, 1.398790807052454e-01, 1.244399762753582e+01, 2.166589685063747e+00, 4.963131535415345e-01, 1.116811253464888e+00, -1.660247705475218e+00, -6.997120215732025e-02, 1.851079222030841e+00, -1.265380267847549e-01, -5.479602081828337e-02, -2.917100123887576e-03, 2.256181778293596e-02, 5.512871385505597e-01, 1.996299500565800e-01, -1.003346903164049e-01, 1.314201736664531e-02, 3.517990302882812e-04, 1.736248102976812e-02, -4.273985178312532e-03, 1.748480043795941e-02, 2.150720497117393e-02, -2.757180060215418e-01, -1.102133617054161e-01, -6.781934728512756e-02, 9.892246056462203e-03, 5.933390355944323e+00, -2.823175885856977e-01, 5.451477668580548e-02, -7.145748161081469e-01, -5.827910060421823e-02, 2.458768896797510e-01, 4.627951199428879e-02, -3.440066299448258e-02, 1.449837223024780e-02, -1.256053184467404e-02, -3.082693139079605e-03, 3.774343645336546e-01, -3.989036695533175e-01, 6.033491138113691e-02, -1.067915295747212e-01, 6.845078509331347e-02, 4.652625032574952e-03, 2.918860189871684e-03, 2.945152336710742e-03, -4.655860026349351e-04, -3.835776638850926e-02, -1.339243297442026e-01, -8.941709880591609e-03, 2.976021331123753e-02, -1.239060482524489e+00, -7.726952164721250e-01, 3.849987392539954e+00, -7.365338478012409e-01, -8.283699770140633e-01, -9.054413594427219e-01, -4.401007962184756e-01, -4.797057449053822e-03, 1.056432179873337e-01, -1.363269534429028e-02, -3.584034161456996e-04, 1.689867092362258e-01, -9.285641790042845e-02, -1.383357490122612e-01, -4.530782798495812e-02, 9.112085584314744e-02, -2.980066762900804e-02, -1.392768078999960e-03, 2.156392282568752e-03, -1.047537978465149e-04, 1.604162831287792e-01, -1.817216888177506e-01, 3.057653993711492e-02, -1.955013711355028e-02, -2.599775479837345e-02, -2.514275259301874e+00, -1.405265069971848e+00, 4.199996672989678e-02, -9.071479491805072e-01, -7.059037728018672e-02, 2.959783760364781e-01, 4.296641611707115e-01, 3.849883718255209e-02, -8.579692628778108e-03, 1.914270498020398e-03, 1.317691767168151e-01, 2.023390157816468e-01, 6.916995179710038e-02, -8.345175687595317e-02, -5.791144964523340e-02, -5.052645156053312e-02, -6.921609875837996e-02, -3.759061645080800e-02, 9.402144083372794e-04, 2.087384745413922e-01, -2.096400625343295e-02, 1.438131126590853e-01, -6.334666881760072e-02, 2.270824477372885e+00, 1.626349617275856e+00, -6.271256851766734e-02, 6.780277568354849e-01, -1.640418594250669e+00, 2.246498785972790e+00, -1.356199498429056e-02, -5.708547556385788e-02, -1.261805008686866e-01, -1.932159604901579e-02, -3.531361731089293e-03, -4.527610964158472e-01, -6.116297039389782e-01, -3.046225034006623e-01, 4.793734494757204e-01, 1.258272655061733e-01, 2.667866270304298e-01, 2.413253485871998e-01, 3.765498031322574e-02, 2.971933562245520e-04, 1.082083612353779e-01, 1.695707724400284e-01, -2.646407224552420e-01, 1.004258571392034e-01, 1.328020712021877e-01, 1.227160928918227e+00, -3.008741396046603e+00, 9.033067642944886e-01, -2.515765923686079e+00, 2.675344964000995e+00, -1.026228042958192e+00, 1.299504028853447e+00, -5.566232610462628e-01, -1.804286991051895e-02, -6.010063530709952e-04, -5.088904837324556e-01, -9.619605561685374e-02, -4.915327187747809e-01, 3.633414017396733e-01, -2.200136944363832e-01, -3.701211348198381e-01, -3.935937848538385e-01, -5.708102249313316e-01, 2.095144446954079e-03, 2.170621086264413e-01, -5.036872738913630e-01, -2.990860557666553e-02, 1.174344919741770e-02, 2.845408955848127e+01, -4.388997110100840e+00, 9.652247521054383e+00, 6.196091807767114e+00, 5.423480651206508e+00, -1.768483723532039e-01, 2.017969597101564e+00, 1.505919942764498e+01, 7.706087699022841e-01, -5.412522071266392e-02, 1.583861668065639e-02, -1.776397649731743e+00, -3.873132539751200e+00, 1.207950629702177e+00, 1.476725084283964e+00, -2.755499319033874e+00, 4.121964325159281e+00, -7.542139181200145e-01, 1.005581576646124e+00, 2.696975784703536e-02, 4.912646041737103e+00, 3.156225363217558e+00, 3.202340000132240e+00, -3.376819631981329e+00, 9.983051402152292e+01, 1.067136641732147e+02, -1.362758204304566e+02, -2.154758969090343e+01, 9.439616397967534e+01, -6.467773044916183e+01, -1.689241291822845e+01, 1.099701898206064e+02, 1.461518659609624e+01, -6.452052635712227e-03, 2.367379571799888e-01, -5.648701561544603e+00, -5.037984147787201e+00, -1.066176546443028e+00, -2.669145184904682e+00, -4.369150625429444e-01, 8.390538666888581e-01, 5.139251516107589e+00, 2.451413563171871e+00, -3.536921227333638e-01, -9.488508126665259e+00, -1.611024482538610e+01, 9.475514848660964e+00, 6.148532712952163e+00, 2.825894665485447e+00, 3.266835705873740e+00, -8.991676048457851e+00, -1.182627007378106e+00, 7.744512347699860e+00, 6.896696141450100e+00, 8.737042041834123e+00, -5.558110095448748e+00, -4.696035719755217e+00, 5.976324153130546e-01, 2.145971372886953e-02, -5.530338749634642e-02, -7.477519827322862e-01, 1.309302696397182e-01, -3.235306644054348e-01, -6.618149757354522e-02, 3.228179770245953e-02, 1.888044798242796e-01, 2.061172592380678e-01, 3.877858192462282e-02, -2.941788304192935e+00, -2.069782110021416e+00, -2.671847268137179e-01, -1.627552210807522e+00, 1.379706516466236e+00, -1.160019673692591e+00, -1.655761690386599e+00, -1.702872149056518e+00, 5.140436839373307e-01, 8.780082315244738e-01, 2.163053235204029e+00, -1.517896096552171e-01, 2.183160825744242e+00, -1.806248170987253e+00, -1.977574538701463e-03, 7.845553081349196e-02, -5.738496101631584e-02, -5.621782939544084e-02, 8.202009241594467e-02, -3.982047430008480e-02, 7.137689982477247e-02, -8.605448462570309e-02, 2.182411556844948e-02, -3.679451497211732e-03, -2.660444762553565e-02, 3.725830852890130e-01, -6.183372976288523e-01, 2.122358077263110e-01, -1.098644809376022e-01, -2.457167976096285e+00, -1.505796333342235e+00, 1.288966054237696e-01, -1.418644097374567e+00, 1.365220629246300e-01, 4.203971353482058e-01, -3.798681009950737e-01, 1.401021243925383e-01, -1.060190962184621e-01, 1.529738494565026e-03, 6.805749084192294e-03, -1.260641958955929e-01, -2.029094428746305e-01, -1.629730848432303e-02, 2.511697926599063e-04, 4.346438451026243e-02, 3.587081547298366e-04, -1.338733800717818e-02, 2.886967056546960e-03, 2.986122590813901e-03, 5.347135475759334e-02, -1.772527834890948e-01, -5.394050124407968e-03, -5.086945029633848e-03, -8.383914712549723e-01, -5.919913284711500e-01, -1.558806950374898e-01, 3.903426568333306e-02, 6.620344261782782e-01, 4.171155232466357e-01, -4.050607092832956e-01, 2.523268208023760e-02, -8.555339192877532e-03, -9.954419176923745e-04, -1.502323392378064e-04, -2.819885166956675e-01, 6.038383552990797e-02, -2.474993797133866e-02, 1.122661073051534e-02, -1.136822302309361e-02, -1.486351976120065e-03, -1.036766906412870e-03, 9.514037240127322e-05, -5.676645702723329e-04, 6.680357538560236e-02, 3.404878217142832e-02, 1.528796198103223e-02, -9.273229490086434e-03, 1.521959999626347e-01, -2.679317317227549e-01, -6.245599807313754e-01, -4.022380900035118e-02, -3.037665814752120e-01, 1.638610611288824e-02, 3.783338745000516e-01, -8.317429806345894e-02, -1.314167339341565e-02, 7.067935059406910e-04, 4.573088739420917e-04, 2.521735354167469e-03, 8.564692818734247e-02, 2.980379053619242e-02, 1.386469305745457e-02, -5.432910457254791e-02, -1.739924679454206e-02, 1.321201192487137e-02, -2.264857593906583e-04, -2.228484297881741e-04, 4.882882348134925e-02, 1.046628308609945e-01, 6.320318362089833e-03, -1.973931745265251e-02, -7.133254650448612e-03, 3.179808993769225e-01, 6.244425988906791e-03, -7.735300043748704e-02, -5.038530294132312e-01, -1.546340810281695e-01, 8.149725340900681e-02, 1.135697836810374e-01, -6.215496308936676e-02, -2.719345722198227e-04, -4.561205852003939e-05, -1.978174324155124e-01, -1.051672599654508e-02, 6.886017983087936e-02, -3.011329821277952e-02, -7.201794739921044e-02, -3.723096331421324e-02, -3.963661538098907e-03, -1.813591620330857e-03, 1.577797196163023e-04, -7.834484051777850e-02, 3.032899696000438e-02, -2.396258723890168e-02, 1.453512455981017e-03, 3.791909693252896e-01, -2.628492187874227e-01, 4.827337665952039e-01, -2.151342451885943e-01, -3.536076334940028e-01, -1.185786147366906e-03, 3.286325627475538e-01, -2.482985624979162e-01, 3.451545276774729e-03, -1.889859530558992e-03, -5.466908927225357e-04, 6.639594471732653e-02, -5.695515097941206e-02, 7.712966060495470e-02, -6.469804925312647e-02, -2.766677416927790e-02, 1.593025480646727e-03, -1.383395313561031e-02, -1.937523865334042e-02, 2.443774934191897e-05, 2.539516193563184e-02, 3.092246560552425e-02, -9.240147920946487e-02, 1.977295092613207e-02, -1.628639296825023e-01, -2.387187282147914e-01, -1.281463892063764e+00, -1.753359880488186e-01, 3.849329766364240e-01, 6.388254026172423e-03, 9.750527637912476e-01, 1.816011454759646e-01, 3.873585190215105e-01, -1.215017019654722e-03, -4.825373915011959e-04, -7.608868610367685e-02, -1.212161687062156e-01, 4.133646622817650e-02, -6.111703855908510e-02, 3.452353104261847e-02, -7.726832513748300e-02, 1.755067416337728e-02, -1.352214952197933e-02, -1.931505402912741e-04, -1.425380436342583e-01, -2.484250396601876e-02, -2.529050334957686e-01, -4.195447201979153e-03, -7.004776271800777e-01, 7.124236831908640e+00, -3.785029255009355e+00, 5.085542201426978e-01, 1.473413744677928e+00, 7.908450267625975e-01, 1.035634501282848e+00, -2.692079800952771e+00, -3.517984751731653e-01, -4.181258274109967e-04, -5.369259644207667e-03, 1.539488542799409e-02, 1.167045049140728e+00, 6.418855945015698e-03, 3.864775322810651e-01, -1.575966907565415e+00, 7.395556516544176e-01, -1.656475127897045e-01, 1.306636842949067e-01, -1.173788434426618e-02, 5.949375199315873e-01, -1.248814951111758e+00, 1.528240072455994e+00, 8.960507638996044e-01, -2.100074658043826e+01, 9.341947057602821e+00, 5.618324095514858e+01, -5.954396718627733e+00, -4.092220169437375e+00, -7.461108900101265e-02, 1.157258160467976e+01, 1.424913849818006e+01, 1.223865026100981e+00, -3.745314089210374e-04, -3.147004964183460e-05, -2.082165350532946e+01, -1.769042670122150e+03, -2.009218393317330e+02, 2.706417208664378e+02, -4.623330003876563e+01, -1.123443592056752e+01, 4.508917416412013e+02, 1.978135278371628e+02, 1.737149339068219e+01, -2.617730297419124e+02, 1.293348121250077e+04, 5.686282931193058e+02, -1.914670281833802e+03, 3.578741528729730e+03, -1.895065384548654e+03, -1.867361111972026e+03, -1.058829410001596e+02, 1.739878273980933e+02, 2.216502873887071e+01, -1.054687579883930e+03, -6.810089101807472e+02, 2.544232179749887e+02, -2.258350463776996e+03, 1.325714840061059e+03, -3.801025654278961e+00, -2.184491826990920e+01, -1.315245064070948e+01, 4.607913273864076e+01, 6.974970719970617e+01, -1.198773281014346e+01, 3.403424307823668e+00, 5.103364531717077e+01, 1.942934109725483e+01, 1.359154427000557e+01, 1.472086479769603e+02, 2.311120391663111e+02, 1.170196431824940e+02, -8.917153674589802e+00, -3.426619928764133e+01, 6.142486371428900e+01, 2.565198201471437e+02, -1.944553912390259e+02, -7.647556792537297e+01, -1.561505803035582e+02, 3.587834433870144e+02, 1.312868679283238e+02, -1.222919739959063e+02, -4.408498149664713e+01, -1.109768925212104e+00, 5.177522536035352e+00, -2.313258895133235e+00, 2.883445784136560e+00, 2.143901413064123e+00, 6.606461982826095e-01, 1.046885379690852e+00, -1.279292300407275e+00, 8.826606318328530e-02, -2.355570027084983e-01, -2.268631513296412e+00, 9.939147239611868e+00, 1.591197733651106e+00, -5.417937380455344e+00, -9.692794376558908e-01, 4.075112069868124e+00, -6.525660773360027e+00, -3.670795512462626e+00, -3.117972821871204e+00, 6.285723248970177e+00, -3.937079212308305e+00, 1.828744061266975e+00, 3.686748713826548e+00, -3.584144894530722e-01, -9.287324070114888e-01, 1.254758470677579e+00, 1.210764766091154e+00, 3.448768717492265e-01, -1.700939685781570e+00, 1.322189273086749e+00, 4.823112772878917e-01, 4.644455565089951e-01, 2.240650982584825e-01, 1.907921497410088e-02, -2.392059330635074e-01, -1.256302965606788e+00, 7.689108814576240e-01, 4.710587764035642e-01, -4.971463609029668e-01, -1.391387084976671e+00, -1.789716032833367e+00, 1.179131969414019e+00, -3.261853870621529e-02, 9.580584403946741e-01, 4.661823971436004e-02, 5.664262644311339e-02, -9.895574570542417e-01, 3.864703581842609e-02, -1.438805814620173e-01, 1.299067368102810e-01, 1.035678275765765e+00, -1.962087089376323e-01, -1.756621557045848e-01, 6.448348472166274e-01, 1.947804936575422e-01, 1.635834307019385e-01, 1.574422086475938e-01, 1.167015022501725e-01, -4.399509088307416e-02, -6.701980970409218e-01, -2.042837153097412e-01, 8.621583823661763e-02, -2.446632272111428e-01, -5.787653319290885e-01, -1.804552992654747e+00, -1.181366305715878e-01, -1.511632291110123e-01, 4.204844160083465e-02, 2.600819435490704e-01, 3.483000351622761e-01, 1.724765808118915e-01, 2.177080774256278e-01, -7.201321653928362e-01, 1.588337800445456e-01, 2.887228427319432e-01, 8.415850523293033e-01, -5.484233544986036e-01, 3.058831737487567e-01, -6.068344358123028e-02, -7.580711897428043e-02, 1.184090296516438e-02, -5.303353544319495e-02, -8.783972319282275e-02, -4.088933179066712e-02, 1.114924823151127e-01, 3.395080544569392e-01, -1.674433854204935e-01, 9.657725560328591e-02, -4.675431462274178e-01, -8.680064689505327e-01, -2.775052835844302e-01, 9.226604506295216e-01, -3.426563433188321e-02, -5.179470855000181e-01, -5.946139931117738e-02, 2.311681011203833e-02, 2.261558378574946e-01, 1.599746801465041e-01, -1.246295410295788e+00, 1.912835668680668e-01, -1.724516618668571e-01, 1.902954486602682e-01, 6.077129639173234e-02, -2.197315663977225e-02, -4.722379206392870e-02, -2.418165656312952e-02, 1.648064423924342e-02, 2.266299877415474e-01, 7.324405491840992e-01, -2.467241183282808e-01, -1.301824437993251e-01, 8.710085087008462e-01, 3.290458830667497e-01, 3.781111068813185e-01, 1.253833067735279e-01, -1.222355573746528e+00, 6.058086254697664e-01, -3.265777955412318e-01, -4.408016201203442e-01, -8.979530924289998e-03, 2.196742288017502e-01, 2.948127792580369e-01, 6.089387805887084e-01, -1.040863262343459e+00, -1.244474191715133e+00, 5.869815768629010e-01, 4.768808429040439e-01, 2.846872030918647e-01, 7.407813522963022e-02, 3.492034004206518e-02, -1.501129816852138e-01, -8.618382174130997e-02, -2.080153739143726e-02, 8.399411749041134e-01, 6.640259162634843e-02, -2.879659992762197e-01, -3.257247928804141e-01, -4.998896944822147e-01, 4.534238814934598e-01, -1.133787702264526e-01, 1.682773334797527e+00, 9.933378800461486e-01, -2.927515226568051e-01, 5.794267077707131e-02, -2.452089730899689e-01, 6.459615763958105e-01, -1.689432261721668e-01, -1.206708227110919e+00, 1.937436509253101e-02, -9.586664409847502e-01, 5.150864279725279e-01, 3.515070570354915e-01, 3.861795783271483e-01, 5.486335750502399e-01, -2.384176607643696e-01, -1.802070075525505e-01, 3.329826027831620e-01, -1.075630476586344e+00, 1.192454573088132e+00, 3.543058883252051e+00, 3.193953601089487e+00, -2.656862880936237e+00, 4.446686592362995e-01, -3.135255706189336e+00, 1.496709621628730e+00, -1.749172940269884e+00, 1.185479451864417e+00, 1.532747902596479e+00, 1.559947549289741e-01, 1.034367455710191e+00, -5.260913336884149e+00, 1.154912240690750e+01, 1.222952077228502e+00, 1.272617720994393e+01, -1.761834927931786e+00, 9.600054934511588e-01, -1.431962782452425e+00, -1.170459516513804e+00, -1.989173592999458e+00, 1.090415105769089e+01, 1.519667556658776e+01, -4.199428006048175e+00, -1.574741191898154e+01, 2.972419499884906e-01, -3.377903522323832e+01, 3.493158177939604e+01, -5.981847088325711e+00, 3.950133848766773e+01, 3.598986264775287e+01, 1.334821479951399e+01, 1.053795107821029e+01, 1.238184756194584e+01, -1.181406276523952e-01, 1.601974499337300e-02, 2.923151614843932e-01, -3.107122828299613e+00, -1.042505579760344e+02, -2.255157048520523e+02, 5.546399246210817e+01, 3.537096156137433e+01, 7.930436837126020e+01, -8.792030628858602e+01, 4.264136498909426e+01, 2.051751798902199e+02, -1.668185703741802e+02, 6.124142638987261e+03, 1.514676945331496e+03, -1.355335073176458e+03, 2.177332604821951e+03, -1.387498633779115e+03, -1.147812776769113e+03, -6.048746721323449e+02, -2.694992277576812e+02, 8.548683988430578e+02, 2.491121063178619e+02, -1.154191569883300e+02, -1.457446643234374e+02, -5.126668172530797e+02, -1.363807822317240e+02, -2.170847999770535e+00, 1.117417574598132e+00, -2.239832226602692e+01, -6.281396890585871e+00, 1.880012588365902e+01, -3.929424549258222e+00, -9.409297718996154e+00, 6.692848845009485e-01, 1.229689874587630e+00, 1.305345215424635e+01, -1.292773291205351e+02, 2.414148974094679e+02, -2.037248358272750e+01, -2.555761641044706e+01, -1.116392563227939e+01, 1.431340574646663e+02, -3.953066528562170e+01, -1.271163079159647e+02, 1.061535176548532e+02, -7.084044784814502e+01, 2.273402917166718e+00, 1.429171169262242e+02, 8.251727225706179e+01, -3.062308489644314e+01, -7.698466708465629e-01, 1.210436263204626e+00, -2.896145075203162e+00, 3.280447173490376e+00, 4.491823464882085e-01, 1.116326536575519e+00, 9.690135468645842e-01, 1.261160489447142e+00, 7.857780963640506e-01, -1.408448510321288e-01, 5.789887119762527e-01, 5.100280491102801e+00, -8.114236073149893e+00, 1.520078249468930e+00, -1.180411591064930e+00, 3.192716505234615e+00, 1.107179109694632e+00, 1.858346993046907e+00, 1.718816645468406e+00, 2.537025844590747e+00, 3.638288809404388e+00, -3.048994277428959e+00, 6.301514836634385e-01, 1.283885053612882e+00, -2.304629746449960e-01, 2.534555433988008e-01, -3.459122629515367e-01, -1.857434515273297e+00, -6.491522378659863e-01, 5.469759499689342e-01, 8.020313257021279e-02, 1.472886873991726e-01, 9.305263069899747e-02, 5.311423517930534e-02, 4.355888379102800e-02, 6.778265192006289e-02, -2.615923876442429e-02, 3.264738106679141e-01, -8.950762067387585e-02, 5.517152152945477e-01, -9.579229394806125e-01, 5.445581182435546e-01, -2.657646999926672e-01, 1.397456009104195e-01, -2.819618197701230e-01, 3.885854707965891e-01, -8.617314405552316e-02, 7.805858147619316e-02, -2.008209719148042e-01, 1.334212522997296e-01, 4.260950885481950e-01, 4.142420682163788e-01, -5.533822025461095e-01, 3.233327588304737e-01, 2.975436263051010e-01, 1.126605767282020e-01, 1.972673861854584e-02, 1.106680046149529e-01, -5.137283296158464e-02, -4.492640446741514e-01, -1.753925520181323e-01, 1.391832156966303e-01, -6.275507798241539e-02, -2.157154417018071e-01, 6.101048713293901e-01, 1.479011316351330e-01, 1.761645689522286e-01, -3.259943991559783e-01, 5.094005437481366e-01, 1.437530536173861e-01, -6.064408101821743e-01, 6.573060667592852e-02, -6.434665261009942e-01, -1.662343887491500e-02, -8.691866419791029e-01, 2.469533838291586e-01, 1.987959369348356e-01, 8.638497353704224e-01, -8.455304334941890e-02, -8.813483788149938e-02, -3.434006884021215e-03, -4.966318186777187e-02, -9.823573977610245e-03, 6.359790970827398e-01, 1.670989248675100e-01, -3.275869214027483e-01, -4.929092324271899e-01, -1.032622962761094e-02, -3.556267529769012e-01, -3.413152931586267e-01, 1.068402055650482e-01, -5.055348552122908e-02, 6.397462391262379e-02, -6.362443508326787e-02, 8.510160451096151e-02, -6.677006849437551e-02, 3.145447559991634e-01, -1.809575562770491e-01, 1.507279553449837e-01, -2.257348539890232e-01, 9.477954124820283e-02, -3.647162698609906e-01, -7.446602994354461e-03, 8.354140770344988e-02, 2.857758891274106e-02, 1.221750346415694e-01, 4.854435056433101e-02, -1.823761589357017e-01, 1.920791912910064e-02, -3.056972865064356e-01, 1.356133916325648e-01, 7.764357862529948e-01, -8.952969374339854e-02, -2.367618513807107e-01, -1.713722754174973e-01, -2.450070364120223e-01, 2.719690742423250e-01, 5.284669633142323e-01, 6.397446622550963e-01, -3.521160831044444e-02, -2.377275258607899e-01, 7.842891942104707e-02, -1.149584973647659e+00, 7.106848022761891e-01, -6.984449300068097e-01, 1.833729200138601e-01, -8.134333049210553e-02, 2.798746669250492e-01, 6.179897343388578e-03, -4.279187143211701e-02, -1.456189204745556e-02, 7.654576655953228e-01, 3.870491607152329e-01, 5.988823225460119e-01, 2.895967041601173e-01, -1.725466624911811e-01, 6.507285615090415e-01, -2.136871006175425e-02, 4.289258664217406e-01, 8.342321435120816e-01, -1.757192964764081e+00, 1.293120959883657e+00, -1.384392673464433e+00, 3.259880923408700e-01, -8.596236718582416e-01, 1.053051578592163e+00, 2.241177666584563e+00, -1.044517441163842e+00, -9.789431680413947e-01, 3.545962133537570e-01, 2.478800852179226e-01, -3.494199395263049e-02, 3.899536486995644e-01, 1.301147230534303e-01, -4.185840304086864e-01, -2.272364191815861e+00, 3.962999702072970e-01, 1.676714656310487e-01, 4.817302163471023e-01, -3.012512293755193e+00, -5.900440710213821e-01, -3.889509977634825e+00, -1.385295406435347e+00, -5.725185168531254e-01, 7.082163482669785e-01, -2.387797918883760e+00, 3.193871769771152e+00, 2.866412058992727e-01, -4.630312077299251e-01, 4.211142843751296e-01, -1.240335749062091e+01, -1.498812911352611e+00, -4.360147836252504e-01, 7.898483209489063e+00, 3.047067791482086e+00, 1.996439717981692e-01, -2.329743639696757e-01, 1.068983859883957e-01, -2.260475412992786e-01, 2.858829575525977e+01, -6.319829995692864e+00, -1.020070939636692e+00, -1.698462695933287e+01, 8.220046975257080e+00, 4.765198540494609e+01, -6.562839767453459e-01, -1.438582661821462e+01, 2.033590959073718e+01, 3.618267026582535e+01, 3.040296274781425e+01, -2.428432819790492e+01, -6.962372019194757e+00, -1.444181494875438e-01, 3.679688368223073e-02, 5.187864919643072e-01, 2.200347820878964e-01, -1.694416312117963e+00, -8.676005475321126e+01, -2.441669854571089e+02, 1.393416619608112e+02, 7.161834596543339e+01, 8.096449561624473e+01, 9.435297037992147e+00, -9.436912590939411e+01, 5.053589625730461e+01, -6.780734530195123e+00, 8.770402262607142e+02, -6.313898969660694e+02, -4.762453412606346e+02, 6.312410977310644e+02, 1.296626680947905e+02, -6.748612799893478e+02, -7.556652639808884e+01, -2.639505543176781e+02, -3.036126169451252e+02, 9.444934158747748e+01, -5.328152612740939e+02, -3.036932492626718e+02, -1.446302335474656e+02, -5.098289220102111e+02, -2.009093401339160e+00, -1.485388735088535e+01, -6.771567995682572e+01, -8.706675816371600e+00, 1.732344286858602e+01, -1.920966720001454e+01, 1.095894777498518e+01, 4.218825469992698e+00, -1.045662244764322e+01, 3.300502817554190e+00, -1.563533756880668e+02, 2.109148722689997e+02, -2.435075536459638e+01, -3.363415022189850e+01, 4.197841205075550e+01, -5.849004746232271e+01, 4.041257531075964e+01, -4.343001708582080e+00, -9.903951724712930e+01, -2.181913580295096e+01, -7.208620362413137e+00, -3.142315638044538e-01, -3.801435843536071e+01, 3.276797608402650e+01, -8.604438273786399e-01, 3.079153835931341e+00, -3.864249849484860e+00, -2.816004415645802e+00, -8.911677592276394e-01, 1.328255845016067e-01, -1.179278513679164e+00, -5.771373802694818e-01, 3.123254791997592e-01, -5.216553037583147e-01, -5.425234380329722e+00, 6.236667440441217e+00, -1.627694385657147e+01, 1.608742446844263e+00, -1.466396596877319e+00, 1.126531441063567e+01, -4.152301174213826e+00, -3.148846531878925e+00, 2.382781747907575e+00, 3.430594028731079e+00, 3.358471154617215e+00, -3.282517726347009e+00, -6.018515122501443e-01, 8.638202729135750e-01, -2.728733404340222e-01, 8.440014504200531e-01, 1.974885962690424e-01, -2.416937330499070e+00, -4.987208859598752e-01, 5.554186648365176e-01, 3.617293447676385e-01, 6.944001249912097e-03, -3.424357563701741e-02, 6.474878977761526e-02, -2.749605807509991e-01, -6.244041559970813e-01, -8.893089957237712e-01, -2.784092391993329e-01, -2.043944939509819e-02, -1.013069962056872e+00, 1.165928228241429e+00, 8.094484174850536e-01, -3.412520560082887e-01, 7.047238165546071e-01, -1.815401147900563e-01, 4.210643564811289e-03, 3.131797137407247e-02, 6.305529110593204e-02, 6.572431424937805e-02, 1.276760925280369e-01, 5.606890644148945e-01, 5.212660809592772e-01, -1.563818933071870e-01, 7.338140838577091e-02, 1.657302750210881e-01, 1.742448138342690e-01, 8.810549913863235e-02, 5.668420951464102e-02, -6.640048271582295e-02, -4.831080227907159e-01, 2.798915512372743e-01, -3.864192182315156e-02, 1.900546699460046e-01, -4.561847843269586e-01, -5.115382773017099e-01, -5.937284441910290e-01, 1.873663082347505e-01, -2.760649978434797e-01, 2.615748599601340e-02, -2.719323692693594e-01, -1.660837492893841e-01, -2.564417876077043e-02, 2.994361814736149e-01, -1.280464246599867e-01, 3.669692962819425e-01, 2.222226507363455e-01, 6.990782470839590e-03, -1.959957968242777e-01, 7.358819441476773e-02, 3.324620946021760e-02, 6.586176895880344e-02, 1.309754201670629e-02, 1.514315389788682e-02, -2.771560262755569e-01, 1.905876270821292e-01, -4.780219649770930e-02, 1.284772040049360e-01, -2.875317724952793e-01, -4.093039536534735e-01, -6.730282148474766e-02, -1.091502011203906e-01, 2.409437651669785e-01, 1.984480285731729e-01, -1.483033105315669e-01, 1.280050880261445e-01, -6.720066198908678e-02, 2.686008618994290e-02, 5.188105893598852e-02, -1.225185763892751e+00, 1.165029836108906e-02, -1.868443009339396e-01, 4.753016595022279e-02, -1.373603676653557e-01, 5.404392067213017e-02, -1.303529735644445e-02, 5.527397174122711e-02, 1.145739878580439e-02, 4.987040236077941e-01, -1.583112939595364e-01, 3.941838096829381e-02, 3.597134680267500e-02, 1.007704690013365e+00, 1.068940420225178e+00, 5.103766575588928e-01, 1.597236474596276e-01, 4.616822279440042e-02, -1.971222486822688e-01, 5.521782324313224e-01, -3.539609494518492e-01, 2.227132075629363e-01, -4.029479499754289e-02, 5.086813549272759e-02, -7.975875137312500e-03, -5.042011174631184e-02, -7.439598153222885e-01, 2.812338373896252e-01, 3.356417412648361e-02, 1.454174138005243e-01, 2.408791536914003e-02, 2.622482515607990e-02, 3.386217275905008e-02, 1.744111488865491e-01, -3.680755170683788e-02, 5.657757341303551e-01, -1.822577189794367e-02, -3.222206170010914e-01, 1.607826209787422e+00, 6.844273037402046e-01, 1.602415470860439e-01, -1.530866659752708e-01, 5.222860662076962e-01, -4.176521594262716e-01, 2.853986513692152e-01, 3.805111140004432e-01, 4.898738580716813e-03, -1.127035866699256e-02, -1.219360296656683e+00, -1.476222741112093e+00, 3.007517530361233e-01, -7.043342332211530e-01, 2.067258023250491e-01, 1.413328957353172e-01, 4.747584940884658e-01, -3.335846731054432e-03, -2.254849613743610e-02, 8.535796945598602e-01, 2.489886736998038e-01, -1.659573263312959e+00, 7.668850872387574e-01, 3.904635806004757e+00, 2.080727469817248e+00, -3.340343141126766e+00, 1.678482378694912e+00, -1.073759598539381e+00, -3.359884070127488e-01, 2.146614004778415e+00, -1.764240836290721e+00, 1.131143738108477e+00, 2.292604672236845e-01, 1.986252220698873e-01, -2.718681416841626e+00, -3.563804875010777e+00, 1.104410696527196e+00, 7.239553972015615e+00, 1.491471572668122e+00, -4.914107434086050e-01, -1.127935272635554e-01, 3.921056141669879e-01, -2.826109109040112e-02, -1.445839517319147e+00, -6.497918909854850e+00, -3.697995188957089e+00, -5.653199207574083e+00, -1.002934515723929e+01, -1.517879969873470e+01, 5.335382377790343e+00, -1.995434784389306e+01, 2.506646980043612e+01, 1.339165357943567e+01, -9.733794332459022e+00, 1.816184049717558e+01, 6.732236354082011e+00, -1.154948837511887e-02, -1.249734186423941e-02, 4.121861792493984e-01, 2.251853579708292e-01, -6.390917217937798e-03, -6.528843543468574e+00, 2.233271764772595e+02, -7.767951050267503e+01, -4.009217661908653e+01, -1.408155499263744e+01, -3.785347274770493e+00, 1.957403857429279e+01, -2.063485104890133e+01, 5.977476557913263e+01, -4.382025442913060e+01, -7.790182263625342e+02, 3.478900492447530e+02, 2.777853304194448e+02, -6.948539296036616e+01, -1.595237071757101e+02, 1.103475618524580e+02, 1.345953776420061e+01, 1.801333893606603e+02, 2.693423973483920e+02, 1.495922008570378e+02, 7.622656245830595e+01, 6.887896347067709e+01, -1.189146935912325e+01, 2.299222292496383e+02, -4.867380783086510e-01, 1.493979918738503e+01, 4.287589438561515e+01, -1.867269462957293e+01, -7.949180407465351e+00, -9.473897808526392e+00, 2.400864162187838e+00, -2.887299171423139e+00, 1.603661841081274e+01, 6.404145904209370e-01, 4.783648052347591e+01, 6.322992020969894e+00, -5.050409163633491e+01, -3.707699207334253e+01, -1.175202172093212e+00, -3.831752782944843e+01, 1.305497129434833e+01, -2.494368279308413e+01, -4.951252288461317e+01, 2.397351657842231e+01, 2.881963896417575e+01, 2.286422958356712e+01, -4.764855673938388e+00, 3.601719888388211e+01, 5.069285703346722e-01, -8.072319041386461e-01, 2.791585530859622e+00, 2.076346763547404e+00, -4.273685241938840e-01, 1.047450339696391e+00, -7.288278753530254e-01, 4.142525858491407e-01, -3.799138652921415e-01, 4.219331732559539e-01, 2.396196806906019e+00, -1.033661133283680e+01, 6.813946633067975e+00, -1.354894968384970e+00, -6.841779970303085e-01, -8.893492565117617e-01, 4.223512596216602e+00, 1.062638589935634e+00, 2.146098950440562e-01, -3.364544829990990e+00, -3.594156597881235e+00, 7.162804769236630e-01, -2.548688285285939e+00, -9.291137008744773e-01, 5.277968528737695e-01, -6.693631443241431e-01, -1.071828298714623e+00, 1.219453609904933e+00, 4.815863359773969e-01, -8.700065301529557e-02, -8.192582047398657e-02, -2.429887304679013e-01, -3.526756217771076e-02, -1.030222084977648e-01, 7.964567330117414e-02, 7.790249949143248e-01, 9.663744520913492e-01, -4.621534666071829e-02, -1.146571014608517e-01, -1.398651837768338e-02, 4.496275793666862e-01, 5.917544271759209e-01, 1.110741838910817e-01, -3.156223607358949e-01, 5.003374260978598e-01, 4.528370866367063e-01, 3.732874130630231e-01, -2.840691625468659e-02, -9.930468890165198e-03, -2.283287371831969e-02, -8.041287893769521e-01, 6.929456521790156e-02, -4.020503470705434e-03, 1.728179123556363e-02, -2.022221219974456e-02, -4.143611075675635e-03, 3.153933220201564e-02, -1.889095351785993e-02, 1.615391479788465e-02, 5.528959541846076e-01, 7.298507458767275e-02, -1.001569401909930e-02, -9.409297078760412e-02, 3.134634073743250e-01, 7.379308296426294e-02, -1.832801611705415e-02, -1.165730702842141e-02, -9.685496472637355e-02, 4.532028823769804e-04, -6.884161515468570e-02, 2.510697797400352e-01, 3.563390902235284e-02, -5.800849081486226e-02, -7.366611348836381e-02, -2.932356277350593e-01, -4.467235742277841e-01, -2.636430441648927e-01, 1.649784904089852e-01, 3.162650096103412e-02, -8.035847511640107e-02, -3.706844478343525e-02, -3.818619733351472e-02, -6.463146751819687e-03, 1.022051092054969e-01, -2.152623519304432e-01, 1.390436243555651e-01, -5.394081329604367e-02, 2.648569264312730e-01, 3.781479435916157e-01, 1.664405076534828e-01, -6.761596965609758e-02, -2.277024870735096e-01, -6.716178959342634e-02, 1.847583529030179e-01, -2.571475275026763e-01, 2.063731494400206e-02, -1.516401600281094e-01, -5.372387446092960e-02, 1.906408735009929e-01, -6.826901139310692e-04, -2.931093487917664e-01, 3.698915239239275e-01, -7.914635997166690e-02, 1.787772567473062e-02, -1.526436206217913e-02, -3.065720784571591e-02, 2.712007757827041e-02, -4.911865224428769e-02, 2.893328332100945e-02, 2.881504223751972e-01, -2.570346495463923e-01, -9.597938358676504e-01, 2.879686385504069e-01, 2.162237572435159e-01, 4.894708223316675e-02, 6.390735023852458e-02, -1.822089731865911e-01, -4.460024473105134e-01, 4.687883103835729e-01, 1.368385591536499e-01, 7.762801102882765e-03, -9.962304603182359e-02, -3.087033616464154e-01, -9.511421361504410e-01, 4.802164254121852e-01, 9.528413479597717e-02, 1.131738774890188e-02, -9.375164124722800e-02, 9.545557407615214e-02, -5.801824806867500e-02, 1.459910651522617e-02, 2.809684638279117e-01, -5.375464952874708e-01, -1.652017897976197e-01, -2.493046583877871e-01, -1.504297584334170e+00, 4.085350388682320e-01, -5.022154663927707e-01, 3.780481619082017e-01, 3.031556693138521e-01, -7.597589561910183e-02, 3.774380871355312e-01, -7.497239671153546e-01, 1.440733643663578e-01, 1.048943185014370e-02, -8.671355862381565e-02, -1.234270364826983e-01, 1.880682020748830e+00, -1.398639367698674e+00, 8.400635698450214e-01, 2.093340704077222e-02, 9.876906652693127e-02, -4.802017566383589e-02, 1.343105585005685e-01, 6.909119064165273e-02, -2.499419111700209e-01, 1.699482125921586e+00, 1.166336022907219e+00, -7.037103887552009e-01, 3.307422426590292e+00, -2.379510444660440e+00, 1.828315454171048e+00, -1.939036273336236e+00, -2.579413717163162e+00, -1.330258757055181e-01, 5.048527061717032e-01, 1.833784824180036e+00, -1.050715852725376e+00, -2.029363724482378e-02, -3.642691184736789e-01, -1.121355858877008e+00, 6.282845289428716e+00, 1.537658766352078e+00, -1.252056162639066e+00, -6.958304929420093e-01, 1.249466721286529e+00, -1.885239843600352e-01, 6.001247944553337e-02, 1.913434882823872e-01, 2.649090522640671e+00, 1.358215581178492e+01, -4.018407905490394e+00, -5.616039341294499e-01, 8.775716122805996e+00, -2.244841276012749e+00, -3.000942425296379e+00, 4.867322559860922e+00, 1.107358007974986e+01, 1.924495938909828e+01, 3.003520011161775e+01, 6.172033954516500e+00, 4.295298333385603e+00, -1.026285381857094e-02, 4.786069819748134e-03, -1.193561827269830e-01, -2.295542742997417e-01, 2.224686308307092e-02, -4.436614056789033e-02, 1.028076756643193e+01, 6.201281615639646e+01, 3.079761372872516e+02, -1.097273768448263e+02, 5.405860571265576e+00, -6.696704318993588e+01, -5.624056121682367e+01, 9.126212050058245e+01, -7.510509560053391e+01, -2.882191070508594e+01, -2.164042450177403e+02, -4.929366694805756e+01, 3.799724068676695e+02, -1.596708270039585e+02, 4.051379193619132e+02, -1.866228432839086e+02, -2.103916828667210e+01, -7.660919424120796e+01, 3.224760731386307e+02, 1.461899493239312e+02, 4.395673161298569e+01, -3.649452976620851e+02, 6.144624599447975e+01, -1.928567874909940e+02, 3.878567499297633e-01, 3.781802784019963e+01, 1.978457016345169e+01, 1.278498570574439e+01, -6.039924129109363e+00, 1.120945611187297e+01, 5.145825992687638e+00, -6.514122886502113e-01, 1.002713011019842e+00, -6.770348973251195e-01, 2.250606751062717e+01, -1.114242169495748e+02, -6.184922100164098e+01, -6.051253356654613e+01, 4.453089572466966e+01, -5.270932945996955e+01, -7.731060111740075e+01, 3.101285551365707e+01, -4.498996336539727e+01, 1.010968839971815e+02, -4.049222692360667e+01, 5.609797503485999e+01, -1.775997685906919e+01, 7.147851266897235e+00, 5.154872632456581e-02, -1.534322497821073e+00, 9.478956529630475e-01, 3.112037765436201e+00, 5.191693499810612e-01, 1.774243931295439e-02, 2.935885256281959e-01, 3.188177434675086e-01, 1.913160857884475e-02, -2.510100544132202e-02, 1.578805116608349e+00, -1.862595292984864e+00, 6.949901263118127e+00, -6.344102850556291e-01, 4.142239295676370e-01, -2.348470723192827e+00, -8.681149222410175e-01, 4.535702342180327e-01, 1.667124456510318e+00, -1.686968357117294e+00, 1.742893225003931e+00, -4.696078316856344e-01, -7.383688853037658e-02, 5.004029828329935e-02, 6.161145375948780e-01, -2.905329812064330e-01, -1.688003456437890e-01, 1.720801193283805e-01, 9.836469880080920e-02, -4.438572447431220e-02, -2.653685985193787e-02, -2.294159528246707e-02, 5.852939972702862e-03, -7.112307992377686e-03, 3.168431776645809e-02, 2.180277334351019e-01, 1.866199224092065e-01, -4.477776263047589e-02, 6.528198292462221e-03, 1.300775194176517e-01, -2.143898749165816e-01, -1.334272714837051e-01, 7.403395708432775e-02, 4.277115524400728e-02, 1.511094242660922e-02, 1.784898297083119e-02, -1.415777427650591e-02, 1.736790671294030e-03, -3.656520904435125e-02, -7.877113448879429e-02, -1.113227755899965e-01, -3.222435226590838e-01, -2.332925847841532e-02, -4.308291067634874e-02, -7.427062405871481e-03, -1.818365603675607e-02, -1.055807583341995e-02, -5.917549727698548e-03, 2.178493834788694e-02, 6.429174431233249e-02, -1.511153647520853e-01, 5.747678810951902e-03, 1.796312341233776e-02, 7.752021255751539e-02, 1.082475276635320e-01, 1.550155203926771e-02, -1.708644237535330e-02, -6.260708246817991e-02, -8.059827075303319e-02, 3.196758272534737e-02, 1.789707514741234e-02, 6.431287953117109e-04, -2.207767613217428e-02, 2.543516010913989e-02, 2.804993755907314e-02, -3.028352152104169e-02, 3.556510148755033e-03, -2.402436773071822e-02, 2.797360943851135e-02, -1.087704764590701e-02, -3.699995104237298e-03, -1.010568343999794e-02, -3.283271041469960e-03, -2.481831812053666e-02, -2.512070430561299e-02, -2.580294646542818e-03, 2.761960885737423e-02, -5.241081882381228e-02, 1.846275600786418e-02, 1.373425160104957e-02, 5.860927057917061e-03, -3.925520343713836e-02, 1.475336423370561e-02, 2.304566001743594e-02, 1.399101600644104e-02, 4.131578457213638e-03, 2.701935212132064e-02, -6.152111119332596e-02, 5.778446235587452e-02, -2.274553421848492e-02, -2.566663479606031e-02, 5.902398952106339e-02, 5.693156077310762e-05, 1.669954636367630e-02, 8.454698859634439e-04, 9.188687613943439e-03, 1.487686693591759e-02, -3.687643056037463e-02, -2.477930282796299e-03, 1.687401048373140e-02, -3.779430164979782e-02, 4.495443349803357e-02, -4.193687252891645e-02, 1.234625586222348e-01, 9.259022683393532e-02, 1.656281420191826e-02, -6.561881813684674e-02, 8.533512856453773e-02, -1.937071513871913e-02, 1.341212965934344e-02, -3.627321456340294e-02, 2.212780182328463e-02, -1.932288947799650e-01, 4.125469171113914e-02, -1.338743313562170e-01, -6.231129463035097e-02, 1.084645700065398e-02, -1.427248484125772e-02, -1.219453245961037e-03, 2.656938586577305e-03, -5.078049089198315e-04, 9.377661800311253e-02, 4.720121364528692e-02, 6.986270107986922e-02, 2.361467852126926e-02, 4.449002389689465e-01, 2.154154076354558e-01, 1.029638882938607e-01, 6.666809718615435e-02, -2.650409359432848e-01, 8.105928970836790e-02, 9.967264992821277e-02, -9.955460087705069e-02, 6.662355542799889e-03, -4.199277284935842e-03, -1.034040663362201e-01, 7.001420620676051e-01, 1.015259359591115e-02, 2.714508188594518e-01, -4.642933687047943e-02, -6.951101517215345e-02, -4.535582468855886e-02, -1.721370647947331e-02, -2.328608914639268e-02, 4.929544104907640e-02, -4.613198890982566e-01, -9.498588732842365e-02, -2.379466283023726e-01, 4.406597749545337e-02, -6.834486871349482e-01, -4.540131342461791e-01, -5.433356954698049e-01, -1.374558307722761e-01, -2.511310507670020e-01, -2.590972081365984e-01, 2.116729493537264e-01, -1.764968562837118e-01, 1.191267398224797e-01, 2.500954366092376e-01, -3.345991951322417e-01, -5.606404778799943e-01, 1.132174976235185e+00, 1.506025983325210e-01, 2.077656195769811e-01, 1.225113755394606e-01, -3.837259380522444e-02, -3.771184981925052e-02, -1.938050212542549e-02, 2.401882452959400e-01, 1.297981415744400e+00, 1.873275632862055e+00, -6.627715502699297e-01, 2.857873397031502e-01, 7.047332053848381e-01, 2.159439409985234e+00, 2.559053838569544e+00, -1.480066573735167e+00, -1.734369757329974e+00, 1.443178903056877e+00, 1.408719186097854e+00, -7.155303392539774e-01, 3.901009254168772e+00, 8.002285717525431e-03, -1.131447253431113e-02, -1.295739091129246e-01, -6.923213402515885e-02, -4.901156690000705e-02, 4.517764199397247e-02, -4.099265327453718e-03, 5.790415122489748e-01, 4.582297553134355e+02, -8.205355491507606e+01, -2.717154539281525e+01, -3.426646217969940e+01, -5.099042393521389e+00, 3.896448263834651e-01, 2.112624715696657e+01, -7.373822337996211e+01, 2.536950624528476e+01, 2.436216939024048e+02, -1.256946007682788e+02, 1.075497160787871e+02, 2.608548058672393e+02, -5.934738761784218e+01, -8.658694716645097e+01, 6.658690500374199e+01, 4.455041419949973e+01, -2.125111748481284e+02, 9.880235501368162e+01, -1.969100872161788e+02, -5.236664926819004e+01, -1.644857587170571e+02, -6.219351180957058e+01, 2.155754618816627e+00, 1.482977290423685e+01, -5.264829750613685e+00, 7.563496594230982e+00, -7.476139933605433e+00, 4.645109365159747e+00, 1.952785447080161e-01, -3.295877197048047e+00, -9.133423713258089e-02, -1.199259359744718e+00, -1.785749603597653e+01, -5.831711792952084e+01, 9.764884945759196e+00, 1.223750052989997e+01, 3.562946390060337e+01, -1.592968960766985e+01, 3.657644008322124e+01, 2.600932349238985e+01, 2.142969896928911e+01, 3.567371798756652e+01, 1.531479809314550e+00, 2.022641910753814e+01, -1.872251203404232e-01, 9.246572783464138e+00, 7.361131875496226e-01, -2.493239794865385e+00, -3.720374968527241e-01, 1.071525012244664e+00, 4.610945712266877e-01, 1.282988243709978e-01, 1.348705280484812e-01, 1.585258817547935e-01, 2.741680456944635e-02, -2.129050643039648e-02, 1.808976498639638e+00, 3.239688901909955e-01, 3.057085741816300e+00, -6.603895797829362e-01, -1.613049519295260e-01, -3.450484058949554e-01, -5.527278856145420e-01, 5.012727916761563e-01, 5.992006630668765e-01, -1.683422699765495e-01, 8.296481825308948e-01, 2.738265697885532e-01, 2.099984385124724e-01, 9.166830152622754e-02, 1.133429392945267e-01, -1.427542721896883e-01, -6.561545338042021e-02, 1.114332865629366e-01, 8.668522133435642e-02, -1.364896226022146e-01, -1.595785545324276e-02, -2.258780874332738e-02, -3.798332237365293e-03, 5.222651386483502e-03, 4.494946574415707e-02, 1.594466431684585e-01, 6.444292270886122e-02, -5.465066770643962e-02, 5.948366374204092e-02, 6.893625596735042e-02, -1.906829598282780e-01, -2.365278064230940e-01, 9.225703575912880e-02, 3.937839085246381e-02, 3.782487908536772e-02, -7.279655583737185e-03, -7.085725114303802e-03, -9.280014921325059e-03, -7.021219821947594e-02, 7.203914720146505e-03, -1.619968132092534e-02, -5.151518157942292e-02, 2.298265128315065e-02, -2.366793711692254e-02, -2.274674755960823e-02, -8.662121354408010e-03, -1.118996099450009e-02, -5.163971009483239e-03, 5.098583914554149e-03, 7.452179621059214e-03, -9.851954652118531e-03, -1.226892733935159e-02, 1.642951866545649e-02, -6.241410795391242e-02, 4.175461373449948e-03, 3.440674969733872e-02, -2.338255055962108e-02, 1.939435301598403e-02, 1.026767338353799e-02, 2.422269752886175e-02, 1.548715103945788e-02, 1.973331081731355e-03, 3.878393819507987e-02, -3.251944864397070e-02, 9.798983950452574e-02, 8.592018122066547e-02, -3.425769194172242e-02, 1.173767094014924e-02, 6.010211863711323e-03, -6.492263284027813e-03, 1.229554430761780e-02, -6.475878748502158e-03, 1.170440637792347e-02, -4.757881948762021e-02, 2.206075265163143e-02, 1.765923699468307e-02, 1.315964630937833e-02, -4.082084053091235e-02, -8.061127262284336e-02, -2.260101448320550e-02, 3.536136707193515e-02, -3.232419110393110e-02, 4.997217491696763e-02, -7.996000320268679e-03, 3.678191289497678e-03, 2.314947503687516e-02, -1.222344450827630e-02, -4.271029613962196e-02, -1.440856711122492e-01, -8.983681456470206e-02, 2.195171086144539e-02, 2.342130595335316e-02, -1.029189494466671e-02, -1.349322245814553e-02, -8.392036968105132e-04, 4.414104548956726e-03, 1.277346256003089e-02, 6.332375593214253e-02, -6.178553513153617e-02, -6.453884027453768e-04, -3.452045288398697e-02, -1.830161419913256e-02, 1.037320150644269e-02, 2.070541784224239e-02, -1.090987066167978e-02, 1.699934912858297e-02, -1.457411691381153e-02, -1.032406403099550e-02, -6.531844664947564e-02, 3.048735819812938e-02, -1.254747075527786e-03, 7.859525368557731e-04, -8.330378150659119e-02, 1.638399715547954e-01, -1.273315455803411e-01, -7.145580362504057e-02, -3.125048464685064e-02, 8.819587840281690e-03, -7.920474711106358e-03, 1.101856659524062e-02, 5.797054306477411e-03, 3.926119307336551e-02, 7.804475667398474e-02, 7.643874966619463e-02, 3.520820739925954e-02, -9.960871106474434e-02, 2.438217654378770e-01, 3.693603812962342e-01, -5.341091960278078e-02, 1.723016640203990e-01, -5.418229022270744e-02, 4.854528179548374e-02, -1.949235311265487e-03, -5.764887174019654e-02, 2.262095749842701e-04, -1.014693486809973e-01, 5.034355319282817e-01, -4.551392866802006e-01, 2.273488359842470e-02, -7.571649073634509e-02, -1.613249842652173e-02, -5.317672899576659e-02, 2.770831312162949e-02, -1.687017930796125e-02, 5.250945147014030e-02, -3.694958910345607e-01, -3.212530808953548e-01, 8.031741367265309e-02, 8.089241745671498e-02, -6.823456090764592e-01, -1.280096688873639e-01, -1.282058142235310e-01, 3.879359186711313e-01, -4.795077345935912e-01, 3.840129147649838e-01, 1.625840362863207e-01, -3.687899412929985e-01, 2.898671818603386e-01, 1.419491311760364e-03, 1.147357649514952e-01, -8.181458552430919e-01, -1.285455613780276e-01, 3.954002636628939e-02, -1.232651756835144e-01, 1.606344086144872e-01, -3.898704197674772e-02, -8.057800313103372e-02, 4.200991052251904e-02, -3.999377494014225e-02, 1.533099415619388e+00, 1.285331774433290e-01, -3.981201668725657e-01, 4.817528835636698e-01, 9.027795008752470e+00, 4.814101490167806e+00, 7.012951028379196e+00, 6.386004602619803e-01, 3.979425656411296e+00, -2.450636911786715e+00, 2.896760778782074e-01, -3.102668127245686e+00, -5.795211759978383e-01, 1.441468178934822e-02, -7.512332404965748e-03, -5.439098264512484e-02, -3.564278854255456e-02, -3.426845539351916e-02, 7.765344852289241e-02, 1.073106956930294e-02, 2.353301509009283e-03, -1.402177073722116e-01, -1.009018953525288e+02, -7.805690244911939e+01, -1.098609475318297e+01, -4.145216808366411e+01, 6.153250256304891e+00, 8.951178232655515e+01, -3.940208606028302e+01, 2.102145491044294e+01, 1.299976914268189e+01, -4.071619605447340e+02, -2.852585121291127e+02, 1.664987089888102e+02, 8.673150572737346e+01, -1.374904457063226e+01, -2.504123229121448e+02, 2.864702513500088e+01, 5.669170224114750e+01, -1.030779434194160e+02, -6.745656846921943e+01, -1.701595369812931e+02, 5.636575910980095e+01, -1.877827939448825e+02, 1.595081380699060e+02, 6.584017116038973e-01, -1.071626909604791e+01, 7.742115360994097e-01, -5.378996332379955e+00, 5.619203546024208e+00, 7.140089190725629e+00, -2.053304238531438e+00, 6.862423881315871e-01, -7.075129787168460e-01, 7.148531760720808e-01, 7.639634745162981e+00, 5.166398701271001e+01, 2.653806053695450e+00, 5.556109523102404e+01, 4.684403863414057e+01, -4.037390342562575e+01, -1.231556361018004e+01, 2.231418550326446e+01, -2.658309046483337e+01, -2.475969391363122e+00, 1.351564622531624e+01, 4.914860706126669e+01, 2.649276907758000e+01, 2.397312074089377e+01, 2.659258304306728e-01, -1.612288254217716e+00, 3.948394481162717e-02, 7.000360395287883e-01, 1.845060871869973e-02, 2.079053504032419e-01, -9.719978607370730e-02, -4.945743533170432e-02, 1.537358167081319e-02, 3.748770625124939e-02, 1.206443809124376e+00, -1.280418492034021e-01, 4.534804213840293e-01, -2.416026729501916e-01, -1.044919857801516e+00, 1.340480842325437e-02, -6.725933504646664e-04, 4.520630430187237e-01, 4.491718314564927e-01, -8.305274660143457e-01, 3.107321265171576e-01, 1.231775547640739e-01, -2.961003711810667e-01, -2.230899440767706e-02, 1.237758376653564e-01, -1.356541787942250e-01, -2.027748355025203e-01, 3.572786688744609e-02, -7.756534091658165e-03, -8.101799056752389e-02, -2.315483351428188e-02, -2.005187263061519e-02, -2.215569443221292e-02, -1.832415471603912e-02, 4.132666050324454e-02, 2.041112029456226e-01, 4.220571358890541e-02, 5.351995621029492e-02, 1.028344147692476e-02, 6.893712148238493e-02, 3.132802440349786e-02, -5.837497795539364e-03, 9.299564444402995e-04, 3.514806840980353e-02, 3.276388478953120e-02, -1.685697203208450e-02, 3.506110792251044e-02, -8.312609969661692e-03, 4.746041322664109e-02, -6.649863584257694e-02, -3.109581788031615e-02, -9.864555790343515e-02, 3.030284253316644e-02, 1.940292833275137e-02, -5.742443235149690e-03, -2.760571009994729e-03, -6.845513917136715e-03, -1.176169226626324e-03, 1.810483476864594e-02, 2.047505020314344e-02, -3.693816319554419e-02, -1.872361541193318e-02, -6.074002264237931e-03, -3.620294827381875e-02, -4.910509538792476e-02, -5.078767063111223e-05, 2.105778647373888e-02, 2.843253947800990e-02, 2.649706292292223e-02, -1.158533428372787e-02, 8.580161742580658e-03, -1.440937396908603e-02, -1.892875291802344e-02, -2.432838973212598e-02, -5.651102197205640e-02, 6.477238978853688e-03, -3.584306404797280e-02, 7.714428468991648e-02, 2.831648300129859e-03, -4.324649739952248e-03, 2.610285877105099e-03, 1.670055670986548e-04, 7.843003301717543e-03, 4.948538434701334e-02, -1.668572864072222e-02, 1.965229832387501e-02, -3.724599830160411e-02, -1.158077893482954e-01, -3.694207187638750e-02, -1.445063084424691e-02, -2.829560091994755e-03, -4.090183855152756e-02, 8.182062367322379e-04, 7.187663603498468e-04, 9.899096401680208e-03, -5.526771122708459e-03, -4.960576031482398e-02, 7.688087832289824e-03, -3.754519362606332e-02, -1.902856207845741e-02, 5.873709426106740e-02, 1.518553956521534e-02, -1.884157321518900e-02, -1.037018538747896e-02, -8.617378584291192e-03, 2.720371322395109e-03, 2.435641912952761e-03, 1.438789232972976e-02, -2.569328631644541e-02, -1.813317794863070e-02, -1.934825903227162e-02, 1.077058293579762e-01, -8.406243371422022e-03, -6.568577827116751e-03, 3.489418587122393e-02, 6.403552770235145e-02, -1.293212441930286e-03, -3.570370105847440e-02, -5.285002626346778e-02, 2.783118763154941e-02, 5.041353309632901e-03, -1.859699367759073e-02, 3.933865919620586e-02, 2.907887762646691e-01, -5.659266172957311e-02, -3.078987614971969e-02, -4.017765995095073e-03, -1.730721719672045e-03, -1.261145279534940e-03, -2.825077764833594e-03, 6.802916138603383e-03, 9.674651565685449e-03, 1.499851403846291e-01, 2.630645070031768e-02, 3.786053709853075e-03, -5.205118960085377e-03, -1.823630219804604e-01, 2.269883152093585e-01, -2.370037981617713e-02, 1.859421615128833e-01, -7.741597923045332e-02, -8.089671958804513e-02, -2.545227261428208e-02, -3.865700920364577e-02, 3.215928174869647e-02, -3.559939261785368e-02, 2.513267191284729e-01, -1.219172610077030e-01, 3.803664216984157e-01, -2.753548678231353e-03, -5.560231324260746e-02, -3.513879691451068e-02, -3.381093537747012e-02, 9.012878259667605e-03, 1.704037794780159e-02, -1.954182800585026e-01, -6.216557468476688e-02, -2.505916584445377e-01, 8.458438258643812e-02, -1.371630537949748e-02, 6.014812802476858e-01, 9.333122593738481e-02, 1.372670327491487e-01, -8.404963871823265e-02, 4.407903799294914e-01, 7.296058941284425e-01, 2.363723008657035e-02, 2.287491341933787e-01, -1.729612989130122e-01, 5.119827175990382e-01, -3.317051733389947e-01, -1.242791342059941e+00, -1.549130353442745e+00, -7.511756924003443e-01, 1.677324677331060e-01, -2.313749212195184e-02, 1.481305058365194e-01, -3.645653020695325e-02, -3.931803769896818e-01, 2.557165219977033e-01, -2.000713837858620e+00, 2.043702865273762e+00, 1.437892318047290e+00, 2.287568287627946e+00, 2.021041394582579e+00, 1.131753453680699e+01, 1.617021475115282e+00, 7.349117603021524e-02, 3.560461818222221e+00, 6.945223797526846e-01, -2.368597125983502e+00, -3.697568806319224e-02, 1.357907235381784e-02, -4.365146648524950e-03, -5.474257317727841e-02, 1.734918953693963e-02, -3.462499857465257e-02, 4.555423083445631e-03, 5.647927510833369e-03, 8.687930056790864e-04, 2.000709487063114e-03, -7.959591269227278e+00, 2.134724386586833e+02, -2.423647946150036e+00, -1.058348647915376e+02, -4.238690112691120e+00, 2.608919278410867e+01, 4.649235425218031e+01, -1.585587929535402e+01, 1.838017903215139e+01, -1.445784337084815e+01, 1.694290576665289e+02, 1.642723951307772e+02, -1.792988508445545e+02, 3.922942835812343e+01, 2.899246364232568e+01, 9.815333209117407e+00, 1.805795311026615e+02, 7.845318248116061e+01, 2.230879342863522e+02, -1.951216162384361e+01, -2.623133389714299e+02, 7.510362569973134e+01, -2.526134233673070e+01, -5.188220548262476e+01, -8.571104872271168e-01, 1.472525826637922e+00, 1.100306442717302e+01, -2.743919137415585e+00, 6.206574117080031e+00, 1.381840432272911e+01, -2.134645972733415e+00, -2.538991865226420e+00, -1.150864131677927e+00, 1.065592503833178e-01, 2.536613299342235e+01, -2.783636791367156e+01, 2.485321020716063e+01, -8.926926684141232e+00, 3.365072942200043e+00, -6.799481663230436e+00, -4.255454072523870e+01, 1.570943202016011e+01, -2.338022367485432e+01, -1.065858911947636e+01, -1.882056753939077e+01, 3.448003217466334e+01, 2.194991760868659e+01, 1.443408087363497e+01, -2.349003430687629e-02, -2.817535432545302e-01, 8.658388819167563e-02, 7.728284621433512e-01, 2.808651781920226e-01, 6.810987393958118e-02, -1.244622548778811e-01, 3.535666323354120e-02, -5.738872137192104e-02, -2.348119825504858e-02, 1.372970786060920e-02, -4.808498890302517e-01, 7.261005833867827e-01, -3.802507330935420e-01, -5.638623186100459e-01, -3.604742587700095e-01, -4.888153761777944e-01, 5.184000131394836e-01, 5.166006882674575e-01, -3.699009999267239e-01, 5.345127205298360e-01, 4.820810766029798e-01, -1.250299009510098e-01, 9.930069247093543e-02, 1.217939206792768e-02, -2.876035105949343e-02, -2.801132941817149e-02, 1.220355855251729e-01, 2.406266146421609e-02, -6.645895531312462e-02, -2.305518198737789e-02, -3.603981471055237e-02, -8.254614892124191e-03, -3.206162188951421e-03, 1.302553823741743e-02, 3.806429131080723e-02, 6.890341381520307e-02, 4.034847228777740e-03, 8.909988346642576e-03, -8.818307772119109e-03, -5.585452804049342e-02, -3.521013286862233e-02, -9.701892283759051e-03, 4.703574741717011e-02, -7.119506902048075e-03, 1.704599212063808e-03, 1.860671776959220e-03, -2.411081955956300e-03, 5.916431193214823e-03, -1.028488502479129e-02, 3.337136591083748e-02, -6.720824690341998e-02, 2.109967986349132e-02, -3.615109667890727e-02, -9.625125946994330e-03, 3.829040846810662e-03, -5.585381339350079e-03, -2.346046377755762e-03, 3.456553069532857e-03, -9.009280744622953e-03, -2.819976810950824e-02, -8.903620309321554e-03, 2.570977121444401e-02, 5.850970652740060e-03, 1.318848744974910e-02, -4.708967999261057e-03, -8.704770765521938e-03, -2.351572451076573e-02, 1.817661178990637e-02, 3.725964458217457e-03, -9.365846748220953e-03, 2.261693947628880e-03, -2.111587187641451e-02, 4.442986292509843e-03, 4.316057944410092e-02, 1.874717061067008e-02, 6.312882830975112e-03, 4.390792407516134e-03, 5.804686495621314e-03, -4.331755498140794e-03, 7.561394003755290e-03, -1.173756787101726e-03, 2.727445997408553e-03, -1.835922670009197e-02, -6.791575587481138e-04, -6.224131557946395e-03, 9.463633468306068e-05, -5.393307655340339e-02, -8.120914720679148e-02, -3.400163935884164e-02, 2.294092372663511e-02, -6.299296505977510e-03, 2.110003429993089e-02, 4.211071384264732e-03, 1.194090055198178e-02, 1.650379239271331e-03, -3.535713494775204e-02, 4.972624821413426e-03, 2.984378113701512e-02, -1.309551827162257e-03, 5.608340948242262e-02, -3.129526964707335e-02, -7.318190513862236e-03, 2.883433639379004e-03, -2.834162575806880e-04, 4.045764334288137e-03, 9.340061841772815e-04, -1.727533817827354e-02, -7.556925158410124e-03, -1.951324299789584e-02, 6.635037366940242e-03, 5.805739568729915e-02, -6.380407639941112e-02, 6.815957890552894e-02, -3.667402269088154e-02, 7.529154233206320e-02, 3.171063307527152e-02, -4.659494821316161e-02, -6.058729468928172e-03, 1.270486649514575e-02, 3.640312144691710e-04, 7.638926064205609e-03, -1.036735233340779e-02, 1.315514754063253e-01, 7.203948613307874e-02, -1.455258847891366e-02, -1.288397697490451e-03, -1.986913733664192e-03, 2.616216595817620e-04, -5.774393128379439e-03, -1.310606671799535e-03, 6.592020990119732e-03, 6.570791977423117e-02, -5.552985643801224e-02, 2.034297853579494e-02, -6.068561947236303e-02, 8.068185490104134e-02, 1.078053211555291e-01, 3.072020918356728e-02, 5.283148566146226e-02, -3.637422057854894e-02, -5.562560818825256e-02, 1.978293762355727e-02, -1.491913550139158e-02, 2.146966602206845e-02, 6.598687856335827e-03, 3.658384952929928e-01, -7.938985738872151e-02, 6.489457047209631e-02, -1.401403676697315e-01, -3.092867623256193e-04, 3.130133417799599e-02, 2.093494797972828e-02, 1.448479743570246e-02, -5.243178901774674e-03, -2.957022006988255e-01, -5.786735777113489e-02, -3.375796968212708e-02, 1.400689875424479e-01, 1.032927872117859e-01, -2.451458681343231e-02, 4.929155366514781e-01, 2.811367577344783e-02, -3.018843339051068e-01, 2.773337785297407e-01, 4.133362966912539e-02, -3.269688650579888e-01, 1.391410230345795e-02, -2.364996770786850e-02, -3.494537875855379e-02, -1.261409215445547e+00, -1.079880296734821e-01, -4.636294249487335e-01, -2.682424643122380e-01, 1.484552793551671e-01, -1.254627299946468e-01, -2.696093426117723e-02, -5.125654340765954e-02, 6.045970048007773e-02, 2.172162478303020e+00, 1.334861206640357e-01, 5.512889267374191e-01, 3.969104727355052e-01, -5.130639350878968e-01, -4.081949317787413e-01, 5.856232979980351e+00, 1.589935508483686e-01, 3.140420459297510e-01, 1.112204452481486e+00, 2.729041398765760e+00, -8.499604543238374e-01, 1.139376787647762e+00, -7.096646278692520e-03, 3.806265348766294e-04, -1.541927900170390e-02, -2.189564025455622e-02, -3.274294411410853e-02, 4.739002260111724e-02, 8.732374048597303e-03, 3.122838163843427e-03, 1.679979282492199e-03, 3.401750970295561e-04, 4.949336436552853e-02, -2.617270370668165e-02, -9.850294230280949e-01, -4.111504001670604e-02, -8.299681204145931e-02, -4.455508788094257e-01, -1.931085960692857e-02, 1.055851902312178e+00, 3.998546427291478e-01, -3.070681892937289e-01, 5.434711333736055e+00, -5.773215675597968e+00, 2.845411272935198e+00, 3.806317158785687e+00, 6.772076992924814e-01, -1.942474737044581e+00, -3.315510879751334e+00, -1.130383511637541e+00, 3.058395749749100e+00, 2.966320374984766e+00, 2.046538019044240e+00, -3.222093116717803e+00, -1.827682455757617e+00, -3.920550658457431e-01, -4.754098011958009e-04, -5.641881151889966e-03, -2.210337386663407e-01, 2.102837875870137e-01, -4.553230259085918e-02, -9.710293581140142e-02, -1.072433070433584e-02, 3.667442940037672e-02, 2.986279126497892e-03, -8.669249319009571e-02, -1.980725083847625e-01, -1.543422126252354e-01, 1.763096895458491e-01, 6.561173072597767e-02, 2.506854788070595e-02, -5.771613323490442e-02, -5.074090270072361e-01, 8.716178083534727e-02, -9.514230189623651e-01, -2.374848924667098e-01, 1.553808098852547e-01, -2.477540259029131e-01, -7.316606697671328e-02, 6.978857113596011e-01, 9.439197594265355e-04, 5.850524234360727e-03, -4.934106528172685e-02, -1.130101072016932e-02, 1.198501993521607e-02, -2.292587919003322e-03, -8.767292579257282e-04, 4.427458148753224e-03, 1.510749928606746e-02, 3.964735893708877e-03, -6.331194058667994e-03, 5.857729577252089e-02, 5.394682362477504e-02, -1.013847802599246e-02, -1.594820043607395e-02, 1.888305677583817e-01, 1.673716807295972e-01, 2.264270386375372e-02, 1.381009622123192e-01, -2.480115806347725e-02, -7.853378132847411e-02, 3.388323989234087e-02, 1.706902654377912e-02, -1.382943344695518e-02, 7.831391790878687e-04, 8.589507171434818e-04, 1.534360780886755e-02, 1.683499935575754e-02, 7.550003218727266e-03, -3.712765160001898e-04, -4.065183785597232e-03, 7.711560848236935e-04, -1.035488530040559e-03, 1.475043910125065e-04, 2.618768482825006e-04, -7.970432893987311e-03, 1.147638717157741e-02, -4.681067771805575e-03, -7.327811297885378e-04, 5.344230551987404e-02, 4.134128545223648e-02, 5.119572471101073e-03, -7.760203608721342e-04, -5.122533059151935e-02, -2.553721713229818e-02, 3.153944741652275e-02, -5.944348752425334e-03, -1.865758203722190e-04, -8.305817929685400e-06, -1.452226815928283e-04, 1.879834666054671e-02, -1.213300897165661e-02, 1.716127797342490e-03, -7.599080983506333e-06, 3.409960581828565e-04, -2.375507598021819e-04, 8.100909491458697e-04, -2.797955402787308e-04, -1.921398325284778e-04, -4.143707861399807e-04, -4.126641370421263e-03, 1.747300953336844e-04, -8.688018391758772e-05, -3.163637516038368e-02, 1.621386186287681e-02, 4.582222389754535e-02, 5.292600618825184e-03, 2.190218478856324e-02, -5.345217454880305e-03, -2.623192684160432e-02, 6.186796304521027e-03, 2.439860392526204e-03, 2.458214824591069e-04, -3.763491227678835e-06, -4.256063028951049e-03, -8.260536833140601e-03, -1.916181769356050e-03, -1.010903920855278e-03, 3.091489618442860e-03, 1.159416689188422e-03, -1.774072902215068e-03, 3.867683703292423e-04, -6.609265192509749e-05, -2.325293752747250e-03, -1.202453685817615e-02, 1.912471446923256e-03, 3.346377384901454e-04, -6.685808369101843e-03, -1.549941422399167e-02, 8.929665971444480e-03, 3.497713003311742e-03, 3.541762507133811e-02, 1.707825532770654e-02, -1.166624141807805e-02, -8.067038216106237e-03, 5.567187195195756e-03, -1.744027588444609e-04, -1.452167899371566e-06, 2.714008364296295e-03, 9.824293431083516e-03, -1.792595559092623e-03, 7.596611417545662e-04, 5.613214575765412e-03, 2.530663612789948e-03, 1.175371658329379e-03, -1.435286726182548e-03, 1.798623737326040e-05, 9.638855416543007e-03, 2.176378618127243e-03, -2.065017744819926e-03, 7.060395752154635e-04, -2.206008664737107e-02, 1.048660335365411e-02, -5.553693067526371e-02, 1.209232212014500e-02, 2.651858945605198e-02, -1.566492335992738e-02, -2.504445708069432e-02, 2.954175659977927e-02, -2.634309785226076e-03, -3.771028825452287e-04, -8.889942530909185e-05, 1.393899156818199e-02, 2.877542018979141e-03, 1.122566338294617e-02, 2.538843433778700e-03, 1.086324714713318e-03, -1.549833983172617e-03, -7.968643461501139e-04, 2.810584089252573e-03, 4.511531135923691e-05, -9.533565267267565e-03, -2.236098260403577e-03, -3.275636766125173e-03, -5.640907993036019e-04, -3.101194282180439e-02, 2.954511284975074e-02, 6.268760573645159e-02, 1.494847677862994e-02, -3.831792728914703e-02, 1.571317642760706e-02, -8.820029817627294e-02, -2.906129270517908e-02, -2.556692782692669e-02, -4.528177757352351e-04, -4.214126753765040e-04, -1.952561214737092e-03, -1.131558321767935e-02, -1.526442811167392e-02, -1.771630739068617e-02, -6.970774725612289e-03, 9.979815525645115e-03, -2.000172177032722e-03, 3.154809567237491e-03, -8.827588401508710e-05, 1.436536855982726e-02, -1.197498373780555e-02, 3.167402486060485e-02, 1.004060605021245e-02, 1.849062669919590e-01, -6.069377317502078e-01, 2.547014093708845e-01, -3.404712001364225e-02, -1.419475786556708e-01, -5.720298850819706e-02, -1.681780062480770e-01, 1.851558584435212e-01, 3.448178047787811e-02, -1.238527060561692e-03, -3.383484113495423e-03, -2.268192201419684e-01, -1.997290480966481e-01, 1.640445637865292e-02, 5.774695543347518e-02, 1.203255511653857e-01, -7.080315454559058e-02, -6.675564650518712e-03, -3.412690214791152e-03, -3.624229121465403e-03, 3.364348035072918e-01, -5.195289953661292e-02, -1.647775887959131e-01, -1.682523358458733e-01, 1.482835797023663e+00, -6.567220510921691e-01, -4.301053889800780e+00, 6.976255654152329e-01, 3.667204767757434e-01, 1.405083603089788e-01, -1.081448598932321e+00, -1.711377487228130e+00, -4.470614133927935e-02, -3.146998328183046e-05, -9.131434306306070e-06, -1.451098871664718e-03, -6.583327122978626e-03, -3.340145012272901e-03, 1.705264728474465e-04, 1.730321391589954e-03, 2.743452422107354e-04, 3.340633537801521e-04, -1.016547890171554e-04, -4.858816154797062e-07, -1.075565494246354e+00, -3.082341177293678e+02, -7.487091519401775e+00, 2.295026372353170e+01, 2.185997334059773e+01, -2.940100945760250e+00, 5.252451636616302e+01, 3.188401225476306e+01, -4.209179897505825e+01, -3.368106291050231e+01, -1.484338138253175e+03, -1.293670311859750e+03, 1.789697614208222e+02, 4.671595261743399e+02, 2.967630100119515e+02, -7.194242050452183e+02, -2.826270952933461e+02, -2.220226860989671e+02, -2.780019292829200e+02, -3.925163671222014e+01, -2.223589494405540e+02, -3.036944986547900e+02, -4.391191587683589e+02, -1.777537541821558e+02, -3.035558356837826e-01, 8.142592467821077e+00, -6.321537001734141e+00, -2.047191699290433e+01, -1.688090940640586e+00, -1.927788308061091e+00, -4.872559542122296e+00, -1.154183114755240e+01, -4.046092570397832e+00, 1.155556419490743e+00, -4.795538563174693e+01, 2.472340172050672e+01, -6.001401170534638e+01, -3.617492557792509e+01, -4.857992485244702e-01, -2.948592530013277e+01, -7.190530890281763e+00, 3.550660993827471e+01, -1.803812728214388e+01, 7.777121198089948e+01, -8.301102385442381e+01, -2.281605810554972e+01, 3.424949513035030e+01, 5.878977931306202e+00, -5.251823969685220e-02, 4.678736864801151e-01, 1.701337518654568e+00, -5.969048137040911e-01, -5.253181741800653e-01, -6.141979813173049e-02, 1.105539924795682e-01, 3.931929803586701e-01, 7.300260108162014e-02, -6.216164301188948e-02, -4.631866348935291e-01, -2.741287340285262e+00, -9.334190352478006e-01, 1.175619673587349e+00, 1.615931353098047e-01, -7.838881354680117e-01, 1.101674598172798e+00, 2.960126938861068e-01, 3.484226266177216e-01, -2.177438631521893e+00, 1.499360135281366e+00, -3.009531317096346e-01, -8.075492528884524e-01, -1.252923809321941e-01, 2.612202339174239e-02, -9.618313472891576e-02, -1.898918150404576e-01, -2.157542305443387e-02, 5.829307553357653e-01, -3.431841874974254e-01, -1.598517829294794e-01, -1.172922546682718e-01, -6.251232244171419e-02, 2.933489021399564e-03, -9.957380928594141e-03, 1.341523544566753e-01, -1.309462575644167e-01, -2.061711417129323e-01, 1.290553917383927e-01, 2.510782389453657e-01, 2.990255966151183e-01, -3.734203107941563e-01, -3.875922471764385e-02, -2.989856511662367e-01, 5.657851571537569e-03, -3.037825726420399e-03, 2.539014050507210e-01, 1.715410406185466e-02, 1.188210467515904e-01, -1.739101194347015e-02, -2.026748703062339e-01, 7.598016248430675e-02, 9.281504699904031e-02, -2.306920467192624e-01, -5.765401021982954e-02, -5.135320593100446e-02, -4.245512512382160e-02, -3.151318231911407e-02, -6.568577021569296e-04, 1.432152727516351e-01, 4.661853079784400e-02, -4.391162137788697e-02, 8.007231250816774e-02, 9.651732986193955e-02, 3.946278237634651e-01, 8.434498956358076e-03, 5.209081059441627e-02, -8.233261674111658e-03, -3.104559879621378e-02, -1.012984812408289e-01, -4.895008705344214e-02, -6.305920622570310e-02, 6.728479713391809e-02, 1.862237691572886e-02, -7.342249699085718e-02, -2.032098538871042e-01, 2.510147887003220e-01, -2.177960936858571e-01, 1.285268080792373e-03, 2.766007981623255e-02, -4.350214461718177e-03, 1.143808170391127e-02, 1.118649174213790e-02, 2.897706077937679e-02, -6.244507015097270e-02, -1.286168721417425e-01, 1.028689439219618e-01, -2.506824129200644e-02, 1.202761502718530e-01, 2.055087173060963e-01, 8.196686663358950e-02, -2.058891072835046e-01, -3.266549730609511e-03, 1.465095283853730e-01, 4.628396141061736e-02, -2.840549695170497e-02, -3.413282317478813e-02, -8.441808487905636e-03, 3.037295074837919e-01, 2.537041925423750e-02, 8.421712517499169e-02, 4.920539936804483e-03, -4.447258338828054e-03, 8.275216358278374e-03, 1.547921248129726e-02, 1.154077076426572e-02, -4.295547127988731e-03, -6.215134669868496e-02, -1.155773957111701e-01, 2.834460585767387e-02, 1.069804702000394e-02, -2.406741604950207e-01, -1.410775530841460e-01, -1.020935255027334e-01, -5.448070672898276e-02, 3.247602975593993e-01, -1.485150295460802e-01, 6.864317882138220e-02, 1.200637657802167e-01, -4.114183138314983e-04, -1.363832912835135e-01, -8.151291569560855e-02, -3.679878732587037e-01, 4.159045103959947e-01, 1.216602590678174e-01, -1.645017868470746e-01, -1.188555508104708e-01, -5.327440629872208e-02, 5.565406252833484e-03, -8.225892874442675e-03, 4.353026194552372e-02, 1.481827926608688e-01, 1.106977574363191e-01, -5.945383283118791e-02, 1.843387460688545e-03, 1.815169082628273e-01, 6.286638147606310e-02, 1.369136225288130e-01, -1.597614320799291e-01, 1.756170282692638e-02, -3.905059672085500e-01, -2.443630744745898e-01, 7.696369505549779e-02, -5.959343257221607e-03, -6.248524580039566e-02, 3.415372249831260e-02, -2.940452338167484e-02, 5.801638107551146e-01, 8.487931503802086e-04, 5.132185757937451e-01, -1.173935938903544e-01, -1.277093294775677e-01, -1.022764398426048e-01, -9.272139389403056e-02, 4.689074328007331e-03, 1.450991197484550e-01, 2.045193051506024e-01, 2.441331002587576e-01, -5.252996274837292e-01, -1.112096803927868e+00, -9.996086940489611e-01, 9.353615749077652e-01, -1.334721673042280e-01, 8.053246567569552e-01, -8.209139774062560e-02, 3.347547524298762e-01, -5.278738387940951e-01, -5.491345687490097e-01, 6.991316027364687e-02, -5.485138712259237e-01, 9.389781108377668e-01, -4.613154472504431e+00, -1.347011514987231e-01, -4.158595088262140e+00, 4.906000412411002e-01, -3.098468840749236e-01, 3.281261242785587e-01, 2.605380174541343e-01, 6.703001161579556e-01, -1.771438173717393e+00, -6.392557065047503e+00, 4.436167951636090e-01, 5.330070319779355e+00, 1.926449434145994e+00, 9.463962592776339e+00, -7.689941769136987e+00, 3.396969302080801e+00, -1.157781540350466e+01, -9.410103012211868e+00, -6.082808388114908e-01, -1.967541395728544e+00, -2.928136832608462e+00, 1.601974335270159e-02, -1.451097290058741e-03, -9.761057604863752e-02, -7.369693663186767e-02, -5.455663743918485e-02, 9.936432066602012e-03, 3.798061088301290e-02, 1.444515525776564e-02, 1.538360018407579e-02, 4.806736260797769e-03, -1.596802639626477e-03, 5.762829068901305e-03, 3.132293095527530e+00, 6.922932123134736e+00, 7.007865609621393e+01, -1.290715178365206e+01, -9.565061741383856e+00, -6.250957448320698e+00, -5.098796809400087e+01, 3.212542805284842e+01, -3.793100927941101e+01, 5.006260343560395e+01, -1.834179624984225e+02, 1.870540090913634e+02, 1.760255622317499e+02, -1.928703167310027e+02, 1.287467705731348e+02, 2.657833582448576e+02, 1.920960667978081e+02, 1.457705502770765e+02, -1.319434192018032e+02, -2.057527561363156e+01, -1.424207528912761e+01, 3.741688808208314e+01, 5.616827024046851e+01, 4.938707655648779e+01, 1.193673405155832e-01, -4.060473283955850e-01, 9.180219286724753e+00, 6.462125132532853e-02, -2.975143412666788e+00, -5.391820763728755e-01, -2.385247009624988e+00, -6.538613577339174e-01, 1.223651844599244e+00, 3.556815447938510e+00, -1.721502689740754e+01, 1.159766858324236e+01, -3.083209819826241e+01, 2.248899742465819e+01, 6.536157840595171e+00, -1.378807353681298e+01, -3.039723189872452e+01, 4.160221447773626e+00, -2.940152321301716e+01, 1.280691101675785e+01, 3.697964605596097e+01, 2.919482146889609e+01, 1.944031510232995e+01, -2.852962673209626e+00, -7.859959774237103e-02, 1.751758965967648e-01, -4.164623547444122e-01, 1.743840641508309e+00, -9.449745953807727e-02, 2.169243597787001e-01, 3.146924658899450e-01, 2.853323018261237e-01, 9.929133396661816e-02, -7.393248019019533e-02, 1.038863443331389e-01, 7.630089512881331e-02, -2.461909764820623e-01, 5.676802344804904e-01, -1.202155609175790e-01, -5.621172970776432e-01, -5.536741784805689e-01, 5.463801016235784e-01, 1.117381458440902e+00, 1.072448833374857e+00, 4.079088302867275e-01, -7.495136982055448e-01, 1.345754820231544e-01, 2.755846692400306e-01, -7.255078711404991e-02, 3.207012339520429e-02, -7.321782205698385e-02, -4.920018710860616e-01, -1.559491822838047e-01, 7.078988581590130e-02, -3.084565136035189e-03, 4.158875409142207e-02, 2.976469337689912e-02, 1.419541582385427e-02, 1.477685393672599e-02, 7.171791399251289e-02, -3.345226415512900e-02, 1.304851909148586e-01, -6.908398289453159e-03, -2.927635460683177e-02, -4.003908003563117e-01, 3.484003545017723e-02, -6.772947903730070e-02, 3.937940207830854e-02, -1.879391287374865e-02, 5.760280285650351e-02, -7.124399320558388e-03, 1.163173240804090e-02, -8.903109385475533e-02, 2.738377731999282e-02, -3.780016692333708e-02, 1.491602077323052e-01, -9.319655332019462e-02, 3.695054705943075e-02, 4.520879763973609e-02, 5.418564561870122e-03, -3.326513344174676e-03, 1.559173532788806e-02, -4.201310524304191e-03, -4.047933347427493e-02, -1.086953871426434e-02, 1.609713760783631e-02, -4.994597827267650e-04, -1.632264229222851e-02, 1.881567231213058e-01, -3.405165422379549e-02, 3.917306161853083e-02, -6.495070452206037e-02, 6.737698467686885e-02, 1.930267114808637e-02, -1.297252901068292e-01, 1.146288105421032e-02, -1.480475122566706e-01, 2.957547886051044e-02, -2.255514291456560e-01, -1.044749784033495e-02, -6.156078488176797e-02, 2.551712604909556e-01, -1.746414996959315e-02, -1.448815298349267e-02, -5.138444371892625e-04, -1.576888815199301e-02, -1.004687165425899e-02, 1.572469036240877e-01, 3.329641839857666e-03, -1.578312737785594e-02, -1.349324122898671e-01, 7.044621031868034e-02, -1.279420726344582e-02, -5.118469679687135e-02, 3.024487182196234e-03, -5.647701129371470e-02, -8.756796449689450e-03, -2.312746818447427e-02, -1.645903480879364e-02, -9.065721741556806e-03, -8.715523402601856e-02, 3.602843703585311e-02, 7.912282523595511e-02, -4.414740199800367e-02, -1.331727503910039e-01, -1.609766354218004e-01, -9.776958933503364e-03, 5.035631638482492e-03, 4.280786102864891e-03, 3.142018397139464e-02, -3.617297054167967e-04, -5.939912263340898e-02, 7.519743766347662e-03, 9.489380683845602e-03, 6.307527053531377e-02, 2.371950788881267e-01, 7.407399134654108e-02, 8.781643125332680e-02, -9.450262770842158e-03, -5.662411211879787e-02, 1.774100893869542e-02, 1.686274660142795e-01, 7.429324862250174e-02, -2.753227413303316e-02, -9.158963442818600e-02, 3.823696548197478e-02, -6.815130775476007e-02, 1.828824180321446e-01, 7.124618609770654e-02, 9.837887930537438e-02, -3.096378920372870e-02, 4.250229677973007e-02, -2.681485622970932e-02, -1.634338994396248e-02, -6.503306567110945e-03, 5.732439165443230e-02, 8.195778479446666e-02, 2.899732559579283e-02, 3.023762124631826e-02, -4.090385775531696e-02, 2.455642321862821e-01, 6.953894427460780e-02, 5.954967667814817e-02, 2.301567947699305e-01, -4.450159839787295e-01, 3.174316697849391e-01, -1.966719731542831e-01, 5.494403745324859e-02, -7.400271721970142e-02, 1.579572075255538e-01, 3.300771683761304e-01, -3.970729136317859e-01, -5.405173526664200e-01, 7.322897706987215e-02, 7.709038750651359e-02, 6.414210736182356e-03, 1.198804438384554e-01, 2.304040819687296e-02, -6.691699448430014e-02, -3.625169944272801e-01, -2.619172090386838e-02, 2.828746676631532e-01, 1.211697061357515e-01, -8.478886195327222e-01, -5.887373641715854e-01, -6.293700573982045e-01, 8.449649501540776e-02, 1.063695626194483e-01, 4.265474227754172e-01, -1.742744319907560e-01, 6.270933249170610e-01, 1.085485926496303e-01, -4.082875673202662e-01, 6.335404611258834e-01, -4.057832354521515e+00, -4.965031599566879e-01, 1.839118950491776e-01, 1.267409802371010e+00, 6.870548310624068e-01, 8.915501753337766e-03, 9.050879697048488e-02, 1.251013431553444e-01, -3.715469511565776e-01, 8.391190718777317e+00, -1.619030547971986e+00, -8.076194022001093e-01, -2.739286303725299e+00, 7.119086941273164e+00, 1.578505323195738e+01, -2.987159412373871e+00, -5.774534166918056e+00, 6.450506746573257e+00, 8.239933113749467e+00, 6.024375862533190e+00, -6.075749986666724e+00, -2.235498799535329e+00, -3.679689281069350e-02, 6.583328891792597e-03, 7.369693656768389e-02, 7.979831190851083e-02, 1.657786028192931e-02, -3.592248473144088e-02, -1.583846607800809e-02, -3.511574256694187e-03, 5.917757327265581e-03, -8.775274265189310e-06, 2.329610174600839e-04, 4.445684958366134e-04, 5.102915272466014e-03, 1.748801010130906e+00, -2.465014725715144e+01, -5.713445739417077e+01, 4.098033926145843e+01, 1.073123318125436e+00, 3.497482318976061e+01, -2.554262738540400e+00, -1.529114427785104e+01, 1.950754789921523e+01, -3.108439611303009e-01, 2.630922877137290e+02, -9.123938583177134e+01, -1.542854202453276e+02, 1.534202712924341e+02, 1.364995670531332e+01, -5.691474908236613e+01, 2.770284481724848e+01, -3.156766422945525e+01, -1.630903331138042e+02, -3.409005745651308e+01, -1.478477996380763e+02, -3.837437820670863e+01, -5.516957629957673e+01, -7.840463022415591e+01, 2.885855590100494e-01, 2.838305995108372e+00, -1.267268093424827e-01, -3.517149785989974e+00, 4.198790906084576e+00, -1.984870772633947e+00, -6.088027422208890e-01, 1.212940016424820e+00, 1.963531590548443e+00, -6.624669919650186e-01, 2.104909658614260e+01, 4.168548196658328e+01, 6.625667593280952e+00, -1.134504238732668e+01, 1.166093106546915e+01, 2.848280654079852e+01, 5.425775333495322e+00, -1.042796024168683e+01, 4.237787336943564e+00, 3.097048304284322e+00, 1.560764921583349e+01, -1.192415099204542e+01, -4.231434336960030e+00, -2.189172980201772e+00, -6.070887937192581e-02, 4.804758178543639e-01, 1.364758045350242e+00, -3.262916050211419e-01, 1.558337321361240e-01, 1.051138493629002e-01, 2.231522984770325e-01, 5.192573313035576e-02, 7.633161116080107e-02, 1.321563207829322e-01, 2.674737595501983e-01, -1.858152350641661e+00, 1.669657561938624e+00, -5.176567497361504e-01, 1.541310063813429e-01, -1.215278503103641e+00, 1.269401365353439e+00, 3.681840983313043e-01, -8.875749815313174e-01, -8.902695164374215e-01, -8.473079470076437e-01, 7.467832117082056e-01, 3.014643895462710e-01, -1.880683037820188e-01, -1.248144640008995e-01, -7.274593503972741e-02, 6.976850011478834e-04, 5.414230015914239e-01, 1.654654232049864e-01, -1.235626518342564e-01, -9.357435965985723e-02, -1.825122648169421e-02, -2.965996329641950e-02, -1.647800833077553e-02, 2.297130620937548e-02, 2.515339345809636e-02, 2.062842676156896e-01, 2.156694487135845e-03, 9.781160404814727e-03, 1.816194282734284e-01, -2.382240906075120e-01, -1.605583116589140e-01, 3.330804828007029e-02, -1.668948165560436e-01, 2.480893171900525e-02, 9.130460820896776e-03, -2.246515225924109e-02, -1.133674641578788e-02, -1.078593393635462e-02, 2.130070987839795e-02, -7.555621323964330e-02, -5.135866194788848e-02, 1.759748606644946e-02, -5.634948797524365e-02, -3.701324486222926e-02, -3.746010618788150e-02, -1.169125859845295e-02, -1.559755573624722e-02, 1.533232238243121e-03, 9.157732949318030e-02, -3.182131790563763e-02, 2.727886885769986e-02, -2.415506337687575e-02, 1.056075919018466e-01, 5.831767091666252e-02, 1.181605233167119e-01, -2.558477879029382e-02, 9.922672923827311e-02, 1.362042809487117e-02, 5.208959691558449e-02, 2.930100581292670e-02, 7.257103970600968e-03, -1.903333346602927e-02, 1.622568861874739e-02, 8.721427862993408e-03, 3.544358446337499e-02, 4.402547173076875e-02, 1.376610840126801e-02, -2.319245145514500e-02, -7.125708767965395e-03, -1.447527296989188e-02, 4.327498123733133e-03, -2.400292731728280e-03, 6.136150413823981e-03, 1.795725600917262e-03, -1.325451622121367e-02, -1.616477204245902e-02, 4.996013794356388e-02, 7.848735801756658e-02, 5.260127188493176e-02, 2.467713760506016e-02, -2.848445755384002e-02, -5.648047800898159e-02, 3.302154154872904e-02, -3.754252021063171e-02, 1.189618195077865e-02, -1.915592936602450e-03, -1.133582145866087e-02, 3.338028861353158e-01, -2.665333438909704e-02, 3.255600231281080e-02, -2.133290910860243e-02, 3.567636916734174e-02, -1.265098557840715e-02, 4.017083652654270e-03, -1.476991934929548e-02, -3.386812356943524e-04, -1.379327930755647e-01, 1.994070376517132e-02, -2.441980330273560e-03, -1.088194178375012e-03, -2.862560219297512e-01, -2.909260628725675e-01, -1.438367363825716e-01, -4.254495651630660e-02, -1.135737792728604e-02, 2.314201429218543e-02, -1.281509839616764e-01, 7.605867383265673e-02, -5.149237679051428e-02, -4.494978733173388e-03, -2.007028088261047e-02, -4.951323683130334e-03, 1.050315078676842e-01, 2.160375693150178e-01, -3.059255436834136e-02, -4.751414026832170e-04, -3.288769810286093e-02, -4.639117124483547e-03, -1.059359176064481e-02, -1.857203663078654e-03, -2.497366407620724e-02, 5.512888799949824e-02, -1.573851593045784e-01, -1.801004910271913e-02, 6.125723405615825e-02, -3.394003638321610e-01, -1.828029967988238e-01, -2.634544501429404e-02, 2.643240703377846e-02, -9.320726862124014e-02, 1.185433871167202e-01, -5.992264163248462e-02, -6.311637984635245e-02, 7.024451944856008e-02, 2.015827843166325e-02, 3.649329126010781e-01, 5.045067160576122e-01, 1.312632812594140e-01, 1.644856228157395e-01, -4.489880050228479e-02, -1.122226304055335e-02, -1.079758998925812e-01, -4.220456236113361e-03, -1.379830566963052e-02, -2.686220666110144e-01, 8.550194390498249e-02, 2.072103333688274e-01, -1.803776582837137e-01, -8.056154021991848e-01, -8.910687072689041e-01, 5.982108820480614e-01, -4.725098426860573e-01, 4.663262923990358e-01, 4.590911321977397e-02, -5.231603923995261e-01, 5.381873329856987e-01, -3.379713138131152e-01, 1.376512240149352e-01, -3.646077117698489e-01, 2.366578671626910e+00, 8.228525552690094e-01, -2.444289618403035e-01, -2.520360007867010e+00, -2.550851373337027e-01, 1.618291937633903e-01, -2.238972735163412e-02, -5.970939506353248e-02, 2.055926856789727e-01, -3.102344140466591e+00, 1.425440375513606e+00, 8.353100202809342e-01, 2.882868715756282e+00, 1.679478673519626e+00, 3.494780214993312e+00, -1.513434634761907e+00, 4.203150648813832e+00, -6.753380882162035e+00, -4.097784165411612e+00, 1.889765612678109e+00, -2.256760064410785e+00, -7.995070228435739e-01, -1.249734651615436e-02, -3.340141848415492e-03, -5.455665476278468e-02, -1.657790519901308e-02, 3.505368946684059e-02, -2.521171835014164e-02, 1.473590184461044e-02, 8.085923136654216e-03, 6.568931868254848e-03, 5.415690857769440e-03, 7.765856386163992e-04, -3.777282877904280e-03, 3.998794142737609e-03, -7.312631866391441e-03, -5.327926376764456e-01, 3.819139166798904e+01, -2.915850636345125e+01, -7.859733416286527e+00, 1.080463237130811e+01, 1.147532887177951e+01, 1.110166237213466e+01, 5.099094550512201e+00, -1.531796043220987e+00, -1.426085426729278e+01, 1.309936616352389e+02, 1.671362946667032e+02, 4.281567132814160e+01, 3.819125573896253e+00, -7.593141196065520e+01, -7.286425764251558e+00, -8.188751971671046e+00, 4.340357665989956e+01, 1.399243724443576e+02, 4.825323812126423e+01, 4.792636006580565e+01, 1.487871760137472e+01, 7.000649641148038e+00, 6.845699531021380e+01, -2.768386440339539e-02, 8.298746150151576e-02, -1.132470728339982e+00, 3.947606181826304e+00, 2.509012084457809e+00, 2.993312930874755e+00, 2.522735404900317e+00, -3.761221892757031e-01, -1.770989226340863e+00, -7.649851363826718e-01, -7.159700884595894e-01, -1.874261369913462e+01, -1.119382733645340e+01, -8.879493768799231e-01, 4.300893071577137e+00, -2.253433790486636e+00, 2.554744364416166e+01, -1.273012258524467e+01, 1.129926709005171e+01, 9.183669341177543e+00, 1.095212625294661e+00, 6.212290796313217e+00, -3.983448172679474e-01, -3.424315027914780e+00, 6.857249013296203e-02, -1.940317204820150e-01, -9.380157201002375e-01, 4.683775050559594e-02, 2.335111071854558e-01, -7.440181774874918e-02, -1.380268748885595e-02, -2.113812188188617e-02, -8.507704492999825e-04, -6.139406746446571e-02, -3.605326309497902e-01, 2.107643455110993e+00, -3.051971621438083e-01, 1.201116009264403e-01, -2.700040767340502e-02, -1.480080923361917e-01, -1.247732628220273e+00, 7.285067663664833e-02, 1.273304618833117e-01, 2.032729594597920e-01, 9.758502900199781e-01, -8.164488308165074e-02, 5.894582029493618e-01, 1.792686637183018e-01, 9.467903345068088e-02, -2.745006025347720e-02, 1.180606929196817e-01, -3.050582809471629e-01, -1.298850582634843e-01, 8.619582814305218e-03, 3.691686192349360e-02, 4.059021516537992e-02, 1.672108782028965e-02, 1.774387444749605e-02, 2.003329153910021e-02, -6.566625131426493e-02, -2.029489345088623e-01, 1.584736423532693e-02, 2.323633117070090e-02, 8.398207638541319e-02, -6.436920196060159e-02, -9.545618162350607e-02, -5.946889619462987e-03, 9.791325519327221e-02, -1.150156415768589e-01, -8.847522655622998e-02, -6.712655277499954e-02, 2.847316362403806e-03, 1.664358047596414e-02, -1.864924157763482e-02, 1.038791086704705e-01, -1.108889351560250e-01, -1.482470398807420e-02, 2.779378638500966e-02, 2.469553971265770e-03, 6.032914911717526e-03, -7.398153947655512e-03, 5.054291498044552e-03, 9.430928892794777e-04, -8.617331494769316e-02, -6.041891816391124e-02, 6.892258920319640e-03, 7.755239613024791e-03, -3.741911705067832e-02, 3.116094705639268e-02, 2.312329869198406e-02, 3.391263478405801e-03, 7.526444620967219e-04, -2.036437924382734e-02, 2.077966235734997e-02, -5.944466755974944e-02, -3.268740075973870e-03, 2.042412598744539e-02, 2.161585219273620e-03, 5.851579137973349e-02, 1.248956063180788e-02, 4.070672083112743e-02, -1.379925471775839e-02, -1.581786198335075e-03, 1.472923403214977e-02, 6.860912474913385e-03, 7.286629300558066e-03, 3.130448438651140e-03, -1.924308558922343e-02, 4.926776294741473e-03, -2.378863122275796e-02, 5.401114109400880e-03, -4.741652953437424e-02, -5.731616281090146e-02, -2.690524979679159e-02, 4.507733197258987e-03, 4.528339016163539e-02, -4.723030808424252e-04, -4.182316782352886e-02, 6.583068715156130e-02, -4.011539352909661e-03, -7.781449428599805e-03, 1.037815713797682e-02, -6.764820440400068e-02, 2.778381249952906e-02, 3.409865889822091e-02, -8.747402145999238e-02, 1.023210154211297e-02, -4.065217305982460e-03, 3.276820877996425e-03, 6.907171532847489e-03, -4.410223126129355e-03, 2.147800573762678e-02, 1.032337076255956e-02, -4.241246295022293e-02, 5.423007069398975e-02, 2.147251999563059e-01, -6.627825379929266e-02, -2.881855671912658e-02, -2.481595753413630e-02, -2.664173255653247e-02, 6.435789490759630e-02, 8.685862163486262e-02, -1.329352529691243e-01, -3.355903159694654e-02, -1.005824101050076e-02, 2.229756612217495e-02, 8.169906773287926e-02, 1.436452070072300e-01, -1.364890592054092e-01, 3.797035441743845e-02, 4.015441794790400e-03, 1.100534185415678e-02, -1.523223978078860e-02, 1.765659566925198e-02, -3.314385987068910e-03, -7.234963798624207e-02, 9.186727096000777e-02, 5.338486889117967e-02, 2.240936219394095e-02, 3.813054602376777e-01, -2.189094649150552e-01, 4.149428566565901e-02, -8.733454637681701e-02, -7.725789423650065e-02, 2.335084572117114e-02, 1.129635116242748e-02, 2.124648872627953e-01, -4.263666351125165e-02, 9.738380090221417e-03, -2.822242574786860e-02, 1.445205018268196e-01, -3.762811480197524e-01, 4.034852698212249e-01, -3.072398880059378e-01, -8.981716081852800e-03, -3.733638881351789e-02, -4.903698419883114e-03, -3.792071698509353e-02, 1.920264274283267e-03, -5.195319222668327e-02, -3.405941074827751e-01, -3.525051241270383e-01, 2.460626356487309e-01, -6.618563039743535e-01, 5.436770598535214e-01, -2.940400858229031e-01, 4.789083504123612e-01, 6.981961662082838e-01, -4.548245617099765e-02, -7.477164221559486e-02, -4.109228765494569e-01, 2.835217365635568e-01, 8.506312905602058e-02, 4.297115622428361e-02, -6.722357155107747e-01, -1.332160540696249e+00, -1.927402861435705e-01, 2.837594442669013e-01, 1.525952216922933e-01, -2.231851312497530e-01, -1.403446538121238e-03, -5.092661635895313e-02, -5.381750027947155e-02, 9.196187682327550e-01, -2.880072371512894e+00, 6.277555327075562e-01, 3.700462695335456e-01, -2.307865138183768e+00, -1.776281525146364e+00, 7.241423308077301e-01, -3.692936847126804e-01, -2.825311394422301e+00, -2.498310901135879e+00, -5.438979998443303e+00, -2.570679279201100e+00, -1.153464217274475e+00, 4.786059050656654e-03, 1.705283836619643e-04, 9.936454229357589e-03, 3.592250584889310e-02, -2.521169357335293e-02, 3.142527297733926e-02, -1.007052738887069e-02, -1.374699779773686e-02, 1.503471263554404e-03, -8.514289537087723e-03, -2.017192874407501e-06, 4.463509291639185e-03, 3.333205707373508e-03, 9.824829334777015e-03, -4.505278869400870e-03, 2.056616442997260e+01, -4.968553277037563e+03, 3.803850049496277e+02, 4.476994562873095e+03, 1.424857483415438e+03, 8.828944513313174e+02, 6.131637750736106e+02, 3.889722208732173e+02, -5.330464703670731e+02, 1.022086532550672e+03, 4.601996923316701e+04, 1.499458548098572e+04, 2.592212571799290e+03, -4.966818568643138e+03, 5.464896197956040e+03, -7.605284591686063e+03, 1.718977891084063e+04, 8.154947019976901e+03, 3.142901458729105e+04, 1.531849346003843e+04, -1.155131072737104e+04, 8.917224911809568e+03, 4.086272083138850e+03, -1.192397021470748e+04, 1.474943501497604e+00, -2.407693967137410e+01, 4.144887362492288e+01, -3.189886346328310e+01, -2.355323576163025e+01, -2.589857402090029e+01, -3.549008976923074e+00, 1.171735978913877e+01, 1.381859846079931e+01, 8.098205071077208e+00, 6.624303851903115e+01, -1.317984944486479e+02, -4.893515103864040e+02, -2.112237571846237e+01, -1.135516392421519e+01, -3.767775823167751e+02, -2.025751260057942e+02, 4.985087460509230e+02, -1.462828531501993e+02, 1.598775414851200e+02, -3.616975066151837e+01, 1.484712127956941e+00, 1.633845881915394e+02, -1.870508638198148e+01, 5.027050540212309e-01, -4.164716896000066e-01, 3.758714359361824e-01, -6.813331473875457e-01, -3.153153165533219e+00, 2.278212737520901e-01, -1.733924126835234e-02, -4.327922577427216e-01, 7.239596474198851e-02, -1.069479041723615e-01, 1.143378709409314e+00, -4.341113846887975e+00, -3.387008879385773e-01, 5.851796598320125e+00, 2.958256795587555e-01, 1.800452773470293e+00, 8.796360877887222e+00, -2.726962372400160e-01, -1.437945634406118e-01, -9.485923136798168e-01, -3.617472274782629e-01, -3.064098548772034e-01, -3.926732731097540e+00, -6.082055540289857e-01, 3.543488539000584e-01, 8.979879856031712e-03, -2.704648461606976e-01, 1.722689396246848e-01, -4.006424672307177e-01, 1.729749183413000e-01, -1.315530446737828e-02, 1.975468591868974e-03, -9.339165772410371e-02, -2.160369454201847e-02, -1.784639476572636e-01, 9.889568430094296e-02, 3.423693736266255e-01, 3.355394008600260e-01, -7.239524286443333e-02, -2.925554746805100e-01, -1.765721735699610e-01, 7.923444599955103e-02, 1.848948566818688e-01, -3.575718899000612e-01, -3.348731020377126e-01, 1.322062092132553e-01, 5.228231009822015e-02, 4.218756414649185e-02, -4.760924859357558e-02, 1.979867156132407e-01, 2.483155519046072e-01, 4.308830991399090e-01, 1.520935973001407e-01, 6.171054956700248e-02, 4.058794750004877e-02, 3.647503993795771e-02, 5.453233750868874e-02, -1.342890099862541e-02, -1.823760554305122e-02, -1.511567117859089e-01, 1.882023786651349e-01, -5.300483319197004e-02, -1.823339296708690e-02, -1.156857524338094e-01, 2.692553057409647e-01, 2.290606915930181e-01, 7.204813051312198e-03, -6.405728196574777e-02, 6.177018958614113e-02, -7.776818488088917e-02, 3.808946625727785e-02, 1.764427775824992e-02, -7.896245778235420e-01, 2.136881450770619e-01, 3.005717173421681e-01, 2.700528922613297e-01, 3.779410474110988e-01, -1.329938238254533e-01, -3.259689289912706e-02, -4.055917959056188e-02, -4.905150119021350e-02, -7.775442290418415e-03, -4.084632918792160e-02, -4.292244717540180e-02, -2.852094817239142e-02, -1.199042357615071e-01, -9.377692232901316e-03, -8.323257652892541e-02, -1.110215132035292e-01, -1.433458550171595e-01, 5.636590534398413e-02, -3.515995400792723e-03, -1.820348234385728e-02, 2.111460865826060e-01, 2.993915826245451e-01, 1.114362082549477e-02, -1.416519898947811e-01, 4.967380959654747e-01, 1.986786395531754e-01, -1.022385796253539e-01, -6.531753236837157e-02, -1.586325403864787e-01, 2.738309692824365e-02, 1.036557379158823e-01, 5.127779423897109e-02, -2.877572871907883e-02, -7.190724012144062e-02, -1.909220871535390e-01, 5.770512896858997e-02, 6.377457431891423e-02, 1.930991717238908e-01, -5.585457355123834e-02, 4.294997629269818e-01, 4.901186658574509e-02, 8.262476701924823e-02, 1.759826130633516e-01, -1.273389685064088e-01, -2.733821919189857e-01, 4.295332975635554e-01, -2.663656865477593e-02, -3.865442896780412e-01, -3.383862941514364e-02, -6.022923768255908e-01, 1.886424492194960e-01, -9.167106253455980e-01, 3.149013365943844e-01, 3.717829747401458e-02, -1.528920011407324e-02, 1.757699855915388e-01, 5.062615897667249e-02, 3.773499871559217e-02, 5.124715944322965e-01, 1.591841081064686e-02, 5.548606094954001e-01, -2.166375348192066e-01, 4.672980540769832e-01, -1.783771234342650e-01, -7.329822593646637e-02, -2.058581359638228e-01, -2.300512943892244e-02, 6.645322251882080e-01, -3.844491565639144e-01, -5.719714933145357e-02, 4.156191533372208e-02, -1.731785833752159e-02, 2.617369862563591e-01, 9.650353506919992e-01, 7.879087772776174e-01, 1.711727389205522e-01, 2.742324296228763e-01, -1.761040885762396e-01, 2.085483956894870e-01, -2.371521817530315e-01, 2.425719093137884e-01, -4.692121892785125e-02, -1.021173098149959e+00, 8.620254506253019e-01, 1.877443120002586e-01, -6.331959973058175e-01, -6.371645658515792e-01, -3.502180143171783e-01, 2.533207443405666e+00, 3.523187305566522e-01, 6.694829504797410e-01, 4.380957099514129e-01, 7.908677396225986e-01, 1.925908456398504e+00, -9.783294841858410e-01, -3.653498626990050e-01, 7.988201052592373e-01, 8.457848331218961e-01, -3.900818040468099e+00, -2.026896005103556e+00, 4.633501677191466e-01, 8.439140159916209e-01, 2.684761793936776e-01, 1.784391530687203e-01, 8.087033459601312e-01, -3.114110469687223e-01, -1.857099808870941e+00, -6.203005425941629e+00, 1.121003384517778e+00, -1.452916672249110e+00, -1.501328081235708e-01, -6.030840823669823e+00, 3.676959750132162e+00, 5.463244664103272e+00, -1.052913310149095e+01, 1.175583778223733e+01, -5.006413190881848e+00, -1.063149345938864e+01, 6.701197107014295e+00, -1.384874634961576e-01, 3.993898550395752e-02, -8.382151373225943e-02, 1.557941386326455e-02, 1.186767032079926e-01, 4.935670885196566e-02, 8.728046612652517e-03, 8.630982386849353e-03, 8.956293554753879e-03, 1.046562054258046e-02, -1.035866139213607e-02, 9.479060229201763e-04, 1.799420693856152e-02, -3.299116829251102e-02, -1.293550752149339e-02, -6.706926664564240e-02, 3.187792807700100e+01, -3.542902070082020e+03, 3.691761723623682e+03, 2.935432581692951e+03, 2.473933540300369e+03, 1.688913697983772e+03, -1.142548473476189e+03, -3.160179717410376e+02, 9.825759267560821e+02, -2.442308057336913e+02, -1.424235305292075e+03, -1.967415861745329e+03, 4.281876300656190e+03, -6.493862785170761e+03, 4.380028587016714e+03, 1.212772271255504e+04, -5.309979517199370e+03, -4.292778974057861e+03, -3.352172034465175e+03, -4.352931399250853e+03, 4.885844173694486e+03, -1.086374887287947e+04, 4.480618237083667e+03, -1.528397789353943e+03, 3.981728929655244e+00, -1.248561219041056e+01, 1.133256801574048e+02, 1.416598278112019e+02, -1.411991047481668e+01, 1.037983145157286e+01, 5.028065423586544e+01, 1.376771773954630e+01, 1.783184711236072e+01, 1.224117777132672e+01, 1.363484491295585e+02, -3.751947567095654e+02, -3.868078298906460e+02, -1.735477577568056e+01, 1.390872207041771e+01, -5.367979119565583e+02, -2.497195471984830e+02, 5.064887998787663e+02, -2.045078634544074e+02, 7.984631637083578e+02, 3.031741678933174e+02, 1.863183536837795e+02, 1.010638666484887e+02, 5.644467536119789e+01, 1.001504292380088e+00, 4.660042346478003e-01, 2.310231874680786e+00, -9.372109175289906e-02, -7.250707161133745e-01, 3.613654950529618e-01, 6.946543251773686e-01, 1.255272404520607e+00, 1.845310517188601e-01, -1.504529221489182e-01, 1.441423304662570e+00, -5.236194073743657e+00, 8.134600965701674e+00, 4.269631762101755e+00, -6.145563833590372e-01, -1.167027448299842e+00, -2.427582661913913e+00, -5.340231853347396e+00, 1.784952748173083e+00, -4.497408508446068e-01, -1.402435524394360e+00, -3.250995006852991e-01, -2.098553389843632e+00, -9.863226245390713e-01, 2.621377030831377e-01, -1.703666201781402e-01, -3.276931416162702e-01, 3.835636107819536e-01, -2.921806976952386e-01, -1.305441990304291e-01, -1.480649375179246e-01, -2.240579765124154e-01, -5.412729469386595e-02, -3.044021039585151e-02, -1.784490601245944e-01, 2.422314304699386e-01, 3.128593782465111e-01, 1.517012721198372e-01, 8.361007297939638e-03, 1.783664683278629e-01, 1.638283232497500e-01, -4.279741980792593e-01, -1.216085368107827e-01, -6.649702104842714e-01, 2.035567790845785e-03, -1.522650824864261e-01, 2.209046407063754e-01, -3.022924790049864e-03, -3.399658572484971e-01, 2.067850696880496e-01, 6.157371256047522e-01, 4.060704714068687e-01, 3.213283844093661e-01, -1.197263279786275e-01, 2.110201523481293e-02, 1.253383859758210e-02, -8.688016185441936e-03, -5.250112782739939e-02, -8.227776427498218e-03, -3.505148408556419e-01, 7.455200553732304e-02, -2.049310968212585e-01, 2.067022338776069e-02, -1.043740544971046e-01, 5.535509083142408e-01, 3.099479607516879e-01, 4.607926551635101e-02, 1.812394389094440e-01, -2.943244778347610e-01, 1.978899814370295e-02, 6.750344448436660e-02, -2.609465546494532e-02, -3.477446019722106e-01, 4.215609956927185e-01, -2.913433833414289e-01, 2.879147571424714e-02, 2.255592598778296e-01, -1.641010966317388e-02, -3.065641966990910e-02, -3.255470762017939e-04, 4.516209160237064e-02, 2.042208120636439e-02, -9.794853071932133e-02, 1.388915517935997e-01, -2.590361088150685e-02, -1.014548938856850e-01, 1.407255681939117e-02, 1.479891143770724e-01, -2.535176912238370e-01, -1.999727927797118e-02, -5.161487609806834e-02, -3.328498417604516e-01, 1.085854192265543e-01, 1.584724301724867e-01, 2.414609740128724e-01, 1.304820660002778e-02, -9.671335062841005e-02, 2.596947504894632e-01, 7.404433854525246e-02, -5.295055411884080e-02, -7.755111621625617e-02, -8.274093540200884e-02, -3.701604269982057e-02, 1.021195700866745e-01, -6.905542012537266e-02, -3.639907221614266e-02, -4.728313245531387e-02, -3.882624824471795e-02, 2.535871339054280e-02, -8.456722025751508e-03, 9.988545483085329e-02, 2.380763050301343e-01, 6.472632509602482e-01, 3.731996635229074e-01, 1.117758762015681e-01, 3.802992105654745e-01, -3.146540311085420e-01, -3.383682483063682e-01, 4.102929229116512e-01, 2.200440891812966e-01, -2.488237534660793e-01, 4.587370247301940e-03, -3.705999562605644e-01, -2.411421088349480e-02, 3.298916650609048e-01, -6.385166275294367e-02, -9.528866553044887e-02, -1.559604846348514e-01, 1.200063585473664e-01, 3.087920319564042e-02, 4.684855369149868e-02, 2.767403420102580e-01, -2.061309846645526e-01, -2.006929254575447e-01, -4.828261707968652e-02, 5.020284799575406e-01, 5.509353406200163e-01, -3.232784172370145e-01, -4.215862405002561e-02, -4.385227216648194e-01, 2.076823962288267e-01, -1.920097299096874e-01, 3.277350185358877e-01, 2.212808494810010e-02, 5.828663049507629e-01, 2.215425101594791e-02, 2.798385970977418e-01, -1.562841935082781e+00, 4.088218408023667e-02, 3.787637605204122e-01, -3.236811241473201e-01, 1.860215490419334e-01, -1.656799780344919e-01, -8.159689839693052e-02, -7.247254654341641e-02, -4.617772630197514e-01, -1.441089760247307e+00, -2.508719744438428e-03, -5.587829905858930e-01, -3.534388789886584e-01, 2.226436351769665e+00, 6.546658164102421e+00, 2.865286849263067e-01, 3.681220767400110e-01, -3.670751368022520e+00, 6.637256433123006e-01, 1.324684620638700e+00, -8.049790019655847e-01, -1.608437703789974e+00, 3.388480442333534e+00, 5.166152495349815e-01, 1.019559969853392e+00, 2.277408656190104e+00, -7.309198662315188e+00, 6.339617902518129e-01, -2.784165039298122e-01, 1.246371759984841e+00, 9.014623947363291e-01, -1.657778264068762e+00, -2.437057584091557e+00, 2.250467640811008e+00, -7.133256994188748e+00, 1.561809596277325e+01, -1.036274445833499e+00, -3.418918925894621e+00, 1.399805469780710e+01, -7.418113641894798e-01, -1.838735268405703e+01, 9.279455261769455e+00, 7.621645433726367e+00, -3.156995082542435e+00, 8.708430862965306e+00, -4.464482002413094e-02, -1.200427723695593e-02, -3.310196126888147e-03, -1.440822760116868e-01, -2.758713957704995e-01, 4.498021103644352e-03, 4.465784128678351e-03, 4.646796696503133e-03, -1.641164851275290e-02, 7.810269703167739e-03, -8.191013646411702e-03, -1.816307104929295e-02, -1.276545900008852e-02, 8.489046880586001e-02, 1.898595160242313e-03, -1.630774305760441e-01, -1.109606542737987e-01, 1.166460715929234e+01, -3.588176020291155e+03, -8.555859576516609e+02, 1.336443957882067e+03, -1.844449447047128e+03, -3.314148822815738e+03, 1.776284313649481e+03, 3.755444378047112e+02, -8.669725947311063e+02, -1.108264237015147e+03, 7.486926228003617e+03, -1.827569930146554e+03, -6.035476894694562e+03, 5.086613554645307e+03, -3.450030000162663e+02, -1.037574057041136e+04, -5.831299190239131e+02, -2.057973181452980e+03, 3.194614711150945e+03, 1.621937058188448e+03, -5.066191864913469e+02, 1.285667911821635e+03, -1.392836285055456e+03, -3.608973697326321e+03, -3.780853465174671e-01, -2.030536746290639e+01, 1.323375817295188e+02, 6.796763118840032e+01, 2.167107485493875e+01, 1.300539067020612e+01, 1.544763119678061e+01, 8.210257583564836e+00, 3.191568203277900e+01, 5.636048307559576e+00, -2.469594406583842e+02, 1.655939390096945e+01, 1.577301065562374e+02, 4.838515468258195e+02, -2.181740040767291e+02, -4.083399482916732e+02, -3.145376229541819e+02, 5.417425684620885e+02, -2.700896933525914e+02, 3.923990365771694e+01, -4.146200230000380e-01, -2.997870975672547e+02, 6.578515668337560e+02, -5.767643531864919e+01, -6.985802281224156e-01, -1.114836936162147e+00, 2.832698658731150e+00, -2.925844328346644e+00, -2.977378378250408e+00, -2.002823597129023e+00, 3.402625965082828e-01, -1.694642237307232e-01, -1.059878484176174e+00, -1.069044515995318e-01, 2.397825770612232e+00, -6.481005833947308e+00, -5.420749185901748e+00, 4.435539647761559e+00, 2.309132936691267e+00, -5.330115420665160e+00, -2.426563254238361e+00, -1.017911116614819e+01, 2.481908489026154e+00, 3.839023266581313e+00, 9.944348137250664e-02, 2.102398892784857e+00, -3.234386351409387e+00, 5.399778777822701e-01, -8.882144972270083e-01, 4.842933151027271e-01, -8.034224365600519e-01, 4.776031894922653e-01, -6.496301986154529e-02, -2.401381158132845e-01, -2.573653748566718e-01, -7.816515517219061e-02, 8.916009604832098e-02, -5.972928682402638e-03, -1.317029720431978e-01, 8.212079153949732e-01, 2.140930228603668e-01, 3.414576541505114e-01, -2.354646123122022e-02, 4.118918020516763e-02, 2.305643134189633e-01, -3.039551790081302e-01, -3.655020829947561e-01, -5.791373407471803e-01, -2.306637130531433e-01, -5.306090478736544e-01, 1.709877095086959e-01, -1.434898597415622e-01, -9.559256357006568e-01, 3.124345182535027e-01, 4.221346052660612e-01, 4.837278386247301e-02, 6.513609201979649e-02, 5.593103123315009e-03, -5.094742439075966e-02, -6.746665571683520e-02, -5.317629957013006e-02, -2.505190000422567e-02, -3.025644480159864e-02, -2.188420419325889e-01, -4.433170010334601e-02, -1.111962311668477e-02, -6.336747358744134e-03, 7.411287150183243e-02, 7.672348803892660e-02, -1.336306458243179e-01, 6.813678767111988e-04, -2.685720670694161e-01, 5.279828270717670e-02, 9.440561980972369e-02, -5.765062198503466e-02, 2.890794021051303e-02, 2.298062208261705e-01, 1.349746955282927e-01, -3.543241248914282e-01, -3.734509120835435e-01, 4.009765770584016e-02, 1.145644481198167e-01, -6.440819580482433e-02, 6.537391490843728e-02, 5.537960833887669e-02, 1.140445498361855e-02, -6.055949182952655e-02, 2.063670059036476e-01, -2.809701102045787e-01, 1.800701960265770e-02, -5.632595886766392e-02, -1.045002706082875e-03, 9.940232295417448e-02, -2.328474721220538e-01, 1.505073445074315e-01, -4.315762364988950e-02, 1.049698674489260e-01, 2.765417523920139e-02, 2.604285862327840e-01, 7.301243971137564e-02, -7.068201931954977e-01, 2.051792162254551e-01, 7.250387007001810e-02, -4.565134545839251e-02, -5.284565213308927e-02, 1.311462714159878e-01, 2.399277074026927e-02, 9.841555307838219e-03, 3.028287457511455e-02, -5.108249547833932e-02, -1.282360208246197e-02, 1.989769357382448e-03, -1.781593518016322e-02, 2.048262935127833e-03, -3.365738035865467e-02, -1.516387629248613e-01, 2.897031944795525e-01, 2.730888862115830e-01, 3.320171349270428e-02, 1.300320458354617e-01, -4.669632244461526e-02, -2.232957655775131e-01, -1.636392714349019e-01, -7.032406747151047e-02, 7.584455987790979e-01, -3.953192240598976e-01, 4.015104851910863e-01, -4.981009460883953e-01, 5.621071884873746e-02, 2.408336544143409e-02, 6.124933402461065e-02, 3.738005603769580e-02, -1.094864008183744e-03, 8.271225059970719e-02, 5.676552119713650e-02, -3.168028025937683e-01, -3.488642432807023e-01, 8.308249660521720e-02, -1.603116344938009e-01, 7.133201166666128e-02, -1.085248065203958e+00, -5.086584868056782e-01, -3.348968557161730e-01, -2.401584227942417e-01, -3.880448514887138e-01, -2.975736946826979e-01, -1.836337876474614e-01, 1.142175512051347e-01, 9.118984545649171e-02, -1.279978832632379e-01, -1.519821760427695e+00, 7.686576246135544e-01, -1.659360205780098e+00, 9.472107671184858e-01, 1.423232575220827e-01, -2.617263415797748e-01, 5.285473041063636e-02, -2.851408763462040e-01, 1.453289748360649e-02, 1.031478155296784e+00, 7.232762876915454e-01, 1.453254644392441e+00, -4.035015690969785e-01, -2.697225889087378e-01, 4.148507943356157e+00, 4.068422811620581e+00, -1.108891122727548e+00, -3.012429172733844e+00, -1.229738811155894e+00, 8.660859228701745e-03, -3.803507271204076e+00, 2.518260508812750e-01, -2.117766066074426e-02, -4.240917050390976e-01, -4.769843096019287e+00, -3.379441566337445e+00, 4.541465978918625e+00, -3.505514121298768e+00, -4.953362868174177e-01, -6.520270365611963e-01, -7.053597403735282e-02, -9.844240405799434e-01, 4.219898121680000e-01, 1.376561876387438e+01, -6.107250066944287e+00, -8.455396076398175e+00, 4.754757686334105e+00, -8.490637166080276e+00, -1.960504746467619e+00, -3.725080845774715e+00, 8.761909413265156e+00, -8.985865997367178e+00, -1.575058954079273e+01, 9.103782487254662e+00, 3.771517405100354e+00, 6.143399711888039e+00, -1.775073762626805e-01, 9.581932485784926e-02, 2.600887108474248e-02, 7.864606502273984e-02, 2.999111095440126e-02, 3.985284928735702e-02, 1.105195476845400e-02, 1.712169906334131e-02, -1.803870523748672e-02, 4.924749779431295e-03, -9.950583727919154e-03, -1.268791992590940e-02, 3.534865359589068e-02, -1.266507738238148e-02, -9.199110472268051e-03, -1.376230311319478e-02, -3.370897522695290e-02, 4.039517697868834e-02, -1.595227696079745e+00, -1.597164513001401e+03, 1.625247642981887e+03, -1.628881630398066e+02, 4.094300698919954e+02, 6.034890987363493e+02, -3.706515844663784e+02, -2.416027170805792e+02, 2.070124537393793e+02, 1.469583536167734e+01, 5.329326460796849e+03, 5.100107321179082e+03, -8.857134254035831e+03, -6.442030290329933e+03, 4.712717781703361e+02, 3.323221520272666e+03, -1.517713240491929e+03, -2.435867535894120e+03, 4.486299338049143e+03, -5.005940584163157e+03, 5.201667126846927e+03, -1.486058116829930e+03, 1.269711978871586e+03, 1.328081746391917e+03, -7.479869139689418e-01, -6.009438628883344e+00, 2.413732246887808e+01, 2.614817394046668e+01, 9.255737748645122e-01, -1.553530513386515e+01, 1.184589709027300e+01, 9.975718962578043e+00, 2.288312613864404e-01, -3.702287746637117e+00, 1.538823118384006e+01, -2.962551753934604e+01, -3.975314337761139e+00, 2.405861645722158e+01, -2.027506749823796e+01, -1.794462298851296e+01, -5.001682740766891e+01, -9.485953818874241e+01, -4.224267509199100e+01, 5.710228269487232e+01, 6.938434836014916e+01, -3.683155931435309e+01, -7.053911074488684e+01, -1.526684814668327e+01, -4.605647900001552e-03, 5.289707874751851e-01, 9.831240631962544e-01, 1.098864655779210e+00, 2.315068798076320e-01, 4.327249223861396e-02, -2.221748144007918e-01, -2.805273044818886e-01, 2.110029650687712e-01, 1.537480581063578e-01, -6.718620830391321e-02, -7.967723630458954e-01, 1.182877921002844e+00, -6.085646377110322e-02, 7.928728417931044e-01, -4.188168422242978e+00, -2.973886919729905e+00, -1.928255099845279e-01, -4.430572010179606e-01, 2.866540257463624e+00, -2.656504474299518e-01, 1.984342238345867e-01, 1.345024043048292e+00, -3.592148742647461e-02, 3.894905909289914e-01, -2.428994240871093e-01, 4.426562398728876e-01, -3.055953185296927e-01, -1.580779549917292e-01, 1.465609548736753e-01, 7.897497587825564e-02, 4.969740527854092e-02, -8.475589850986190e-03, -2.616703642128165e-02, 1.364272474870516e-02, -3.256703936174375e-01, -2.082995686409861e-01, 8.598943509166250e-02, -1.428329130045635e-01, -8.639874234954581e-02, -3.813509124279861e-01, -8.509850938220775e-03, 1.074540158316075e-01, -1.076881508037046e-01, 3.302701097835585e-02, -6.381385227752467e-02, -1.596456254030994e-01, 1.457215033406823e-02, 2.652752775070353e-01, -1.672709820980484e-01, 1.571593099889351e-02, 2.789308046912333e-01, 1.519649352564076e-01, -1.053668662264913e-01, -3.060061701596602e-02, 1.380031882054315e-02, 2.529182867355378e-02, -2.546619155383340e-03, 3.784441206777163e-02, -2.788343286648130e-02, 1.719976561583275e-01, -8.206090468817999e-02, 5.691248179586354e-02, -1.539563245576843e-01, -1.854815067074805e-01, -1.977125944556085e-01, 1.635624831614203e-02, 9.953398291661443e-02, -2.363388395995014e-02, -1.495481761998875e-02, 7.362387061254631e-02, -8.885326776687337e-03, 4.402589838341796e-02, 1.528956570107544e-03, 4.058314167515285e-02, -1.500343600782113e-02, 3.338056782558312e-02, -1.165658817670126e-01, 3.104633335485304e-02, 1.671665293008370e-02, 1.287042022698702e-02, -2.384914456929585e-03, -4.037876191253894e-04, -4.426552719753292e-02, -3.137879126863296e-03, 3.231453379911898e-03, 6.887880838417197e-02, 2.405748530071817e-02, -2.079611543162027e-01, 1.218966058599306e-01, -6.896536721382568e-02, 2.521034583760169e-02, -8.561843066040395e-03, -1.095225848500519e-01, -1.296945367349874e-01, 1.200839719546454e-02, 1.561094070899799e-02, -5.415371660771052e-02, -1.523064511370463e-01, -9.677070047840482e-02, -7.837389115591127e-02, 7.277102584564818e-03, -5.155381419629387e-02, -1.076838288752435e-02, -1.028461827530367e-02, -1.125962578203131e-02, 1.711685536655501e-02, 1.056121550075947e-01, -1.068087654113041e-01, 4.242553234213040e-02, -7.633332442528103e-02, 7.804388640149222e-03, 9.827287078886622e-02, 1.153020340650510e-01, 3.682983464494541e-02, 7.333966577348232e-02, -1.524035283002113e-01, -3.408891430655044e-02, -6.336611013024990e-02, -6.952352873384283e-02, 3.390169706910946e-02, -1.933065093024263e-01, 3.242538003195143e-01, 7.093234943718064e-02, 3.999072736344012e-01, 2.486930628360713e-01, 3.709162365273426e-02, -2.303531277390513e-01, -1.171655772973223e-01, -2.647298926975396e-02, 4.709317287503962e-02, -1.033457279045623e-01, -3.244086683639249e-02, -2.013354398536352e-01, -2.059961251569900e-01, 8.023905930887577e-02, -1.400400343514172e-01, 2.453372409534755e-01, -9.588789342621316e-02, 2.650812950917812e-03, 1.174547289200940e-01, 3.394514733095565e-02, 3.418107506476528e-01, 3.651204846722189e-02, 1.250407530482200e-02, 4.762160399294290e-01, -6.351966378533777e-01, 3.776457109723912e-02, -2.279120717885548e-01, -5.786157277564352e-01, -1.520204529669459e-01, 2.464780123797819e-01, 8.108324556850864e-02, -5.965723911103288e-02, -2.053287387995952e-01, 2.992587849026594e-01, 2.755583241211540e-01, 2.714615289488037e-01, 5.821272792008209e-01, -8.031792413634256e-01, -1.311957448176518e+00, 2.745251626976785e-02, 9.706070263093343e-01, 1.286257875477443e+00, 1.117290899749226e+00, 6.797604227039580e-01, -5.849733539454720e-01, -6.815278826179778e-02, -1.740814268555352e-01, 1.096423519360798e-01, -3.054449696005259e+00, -1.427193203259273e+00, -2.268123795416071e+00, -1.758584558918309e+00, 3.643678094264728e-01, -2.807483019618927e-01, 1.644112947645072e-01, 4.391222427108911e-01, -2.331544448448964e-01, 2.451333273313606e+00, -2.350784575598580e+00, 3.932739533527124e+00, 5.464412649106817e+00, 2.048348485152990e+01, 1.132899419731780e+01, -9.991492196498903e-01, -6.845872110713709e+00, -3.657085478081486e+00, 1.631632426508855e+00, -4.295172079146417e+00, 1.138041095272724e+00, -5.790789575762481e-01, 5.352389354072619e-02, -2.967295257107010e-02, -9.362373379487412e-03, 3.310271831373908e-02, -1.980371626201754e-02, -8.271011444506341e-03, 4.077802338550098e-03, 4.329150577315106e-03, -4.518613562301509e-03, 1.062933481319849e-02, 3.771125294992495e-03, 6.377079065595975e-03, 5.543726192915060e-03, 9.262477443326532e-04, 1.281768983182225e-02, 1.367329313639764e-02, 5.282226247173454e-02, 3.206631218021121e-02, -3.592689823625783e-03, -6.269327377639940e+00, -5.451274908109893e+02, 1.341677456316325e+02, -6.859684414512000e+02, -2.797745175303984e+02, 1.655874687032901e+01, 4.439589596661868e+02, 1.127672311770439e+02, -3.534971666938221e+02, 2.658320469977043e+02, -3.640842905077161e+02, 3.723301768996153e+03, 2.769683100310287e+03, 3.733572597116141e+03, 2.566729082812952e+03, 1.841170951245460e+03, 3.778214390786662e+03, 3.490039219717195e+03, 2.782657622907858e+02, 2.442673475817198e+03, -4.205523862946029e+03, -2.878106074364945e+03, -2.568011885399159e+03, -2.109913379203406e+03, -3.625765384593573e+00, -1.575301058441745e+01, -6.960315483054343e+01, -6.560504648952397e+01, 3.160159228235165e+01, -3.224902750864813e+01, -7.590315461479586e+00, 1.164076191239040e+01, 1.141392680370856e+01, -8.386000712091493e+00, 6.929884321875531e+01, -5.278528978502990e+01, -1.048481285097851e+02, 4.622660444654209e+01, -1.645830366705731e+01, 3.895353650419080e+02, -9.734634411788130e+01, -4.958020150278895e+00, 5.061913063244895e+00, -1.606866092680874e+02, -7.831640717075506e+01, -1.287540508006339e+01, 1.766587899417220e+01, -8.108084815080676e+01, -1.150232680099470e+00, -1.133849129373627e+00, -2.609475709250690e+00, -3.301484229368927e+00, -7.762325776779591e-01, -6.047857630368327e-01, -1.529446691137217e+00, -1.595041326262640e+00, -9.786965405352471e-01, 2.278787349715032e-01, -7.285238541391316e-01, 5.734987176562373e+00, -7.917636086510692e+00, -2.009637998137507e+00, 1.045007684573562e-01, 2.744584524205040e+00, 8.046897428853592e+00, 2.051563508898245e+00, -2.514105464942253e+00, 1.213024402020483e+00, -2.660127035884772e-01, -2.054390845812624e-01, 3.528205113674031e-01, -2.392390339758661e-02, 1.153777251059227e-01, 2.518278484478406e-01, 1.955182631397761e-01, -4.804874060107563e-01, -4.122032687989237e-01, 3.246694721954835e-01, 1.163802113160694e-01, 1.371021943410567e-01, 1.079324455461587e-01, -5.908036889243645e-02, -4.873027617769932e-02, -1.160706526635509e-01, -4.277041927115009e-01, 4.339040541471295e-01, -1.373053870596967e-01, 3.029717375901587e-01, -6.553295904696968e-02, 1.966677134172408e-01, -1.096978912499144e-01, -2.326193431161934e-01, -3.596762825227788e-01, 1.479282778718078e-01, -2.676475401973782e-01, 1.046751268893470e-01, 9.704188896643851e-02, -1.296057994783733e-01, 3.664792377091194e-01, 6.743026723272291e-01, 1.961683875841310e-01, -1.216369316992978e-01, 2.165430088017432e-02, 3.289969481223008e-02, 1.531262664508284e-02, 5.141353249206945e-02, 2.979442453572961e-02, -2.380491384067850e-01, 3.672983072368202e-01, -1.540854306793934e-01, 7.401298947934995e-02, -2.093864662289088e-01, -2.099049156694206e-01, -2.837751379408702e-02, 9.188288548906370e-02, 2.103905353635776e-01, 1.791457058914620e-01, -3.059086339007412e-02, 1.087837200414003e-01, -1.354458943382655e-02, 1.834631863774683e-01, 4.854358647382339e-02, -2.123165822107490e-01, -9.988314593467017e-03, 1.608293881930749e-01, -4.306961808730652e-02, 2.430960145580834e-02, 2.884822547579595e-02, 1.467350509820664e-02, -2.167649427799953e-02, -2.836751864681258e-02, 6.154431340517411e-02, 7.308272136162328e-02, -1.106232370149604e-01, 1.974167629101203e-02, 1.667938721499126e-01, -9.132705226790434e-02, 9.011119820467947e-02, -6.842887457618019e-02, 6.112090397813455e-02, 3.753939678303776e-02, -4.016687755373965e-02, -2.073801136531714e-01, 1.282278459097259e-02, -4.806065483476615e-01, 2.375918078825571e-01, 1.072318316804080e-02, 4.253442705664725e-03, -3.357050377757228e-01, -1.416845836643884e-01, -1.268329921532110e-02, -3.329653898541324e-03, 3.892662425341282e-02, 2.297132617875820e-02, -5.067587451776496e-02, -4.051429007899792e-03, -1.127243831889008e-02, 2.159201147560923e-01, 9.182356523623601e-02, -1.909389268106303e-01, 2.319782739929348e-01, -3.596469208320194e-01, 7.270794070807665e-02, 2.137696888737461e-02, -1.060636315705677e-01, 1.831062186229307e-02, -2.006951117703336e-01, -6.190321210759134e-02, 2.666477877152226e-01, -2.720580468088853e-01, 4.536617711808787e-02, -2.989660449071668e-01, -2.640419786877594e-02, 3.464001621939745e-01, 1.681210801877109e-01, -4.579552857918294e-02, -8.616677634950540e-02, 4.391902046130785e-02, 6.035238656706623e-02, -1.189373985311299e-01, -1.965318331501473e-01, 1.921320035633320e-02, -2.154636576691833e-01, 1.044079893088956e+00, -3.471625344379396e-01, -8.740251058239422e-01, -2.862651720569447e-01, -1.427986700336111e-01, 1.925647979535716e-01, 1.060486383714137e-01, 8.220086308710775e-02, 9.569701444796734e-03, -4.852143400957887e-01, 2.839900945532229e-01, -7.059464472651393e-01, -1.154293360953128e-01, -1.512159039556047e-01, 5.907170603603827e-01, -1.835144660516641e-01, 2.378677223738157e-01, -5.892996226898951e-02, 2.767184590190653e-02, -1.017062645295787e-01, 9.036699978444277e-01, -3.513798130923608e-01, 5.266901590610736e-02, -5.277710951056331e-01, -2.555185248260926e+00, 1.261609174334948e+00, 1.630866842752399e-01, 3.349961346587410e-01, -5.549683026865402e-02, -2.191420809101839e-01, -6.924979873884542e-02, 1.086164078566862e+00, 2.806944103968297e-01, 1.417842774047314e-01, -6.687657954204871e-01, -2.565779149523819e-01, -3.299854793368387e+00, -3.501080581658028e+00, -2.351430421947118e+00, 8.163887162892945e-01, -8.130595093618985e-01, -3.694093115511580e-01, -7.113569206542639e-02, 4.323661345578946e-01, -3.811366565141663e-01, -6.340943484245259e+00, 7.874165307170650e+00, 3.434029245927473e+00, 6.816156965159406e+00, 6.870253846126519e+00, -1.416165516738399e+01, -1.713759795929922e+00, -5.236933686594389e+00, 1.143776961224845e+01, 5.299065298892541e+00, 2.859889877712860e+00, -6.050273629422833e+00, -1.042667765813212e-01, 4.413927070787090e-02, 1.501647321471221e-01, 1.657858400742828e-02, -1.048956143747580e-02, 3.132840794502233e-02, -1.986292564671849e-03, -1.776641842551921e-02, -8.082748790729540e-03, 4.221523509842442e-04, -8.394791560361022e-04, -3.347178141684460e-02, 4.157006866688998e-03, 2.763658000467776e-03, -3.176801519452486e-03, 4.279926151267015e-02, 3.933703998967612e-02, 3.856411566517996e-02, -1.789489764407574e-02, -3.289502665176438e-02, -4.193785878488291e+01, 2.830983296705754e+03, -2.806464523778393e+03, 1.387827823646114e+03, -9.331073771073578e+01, 1.228746895760583e+03, 2.145659461053525e+02, 6.127680973127618e+01, 6.723915882709269e+02, -1.047975846162799e+03, -6.472335771956915e+03, -2.635438512528066e+03, 3.112728449255465e+03, -1.877961010885701e+03, 3.371787329265836e+02, 5.209526862968205e+03, 1.731077006093821e+02, 5.819878991059614e+02, -6.486963466111528e+03, -1.970303880281858e+03, -7.957595980706584e+02, -6.972884162469560e+02, 7.340058134010252e+02, 2.119684827621173e+03, 2.491703827952324e+00, -3.279326015070816e-01, 5.489239693720050e+01, -7.861622702197120e+01, -1.499612843881439e+01, 2.145743772298178e+01, -2.602534496359957e+01, -1.097667850671185e+01, -1.223839896679696e+01, 3.204083634572915e+00, 1.306264394905837e+02, -1.413588319940602e+02, 2.363371904407875e+02, -1.719044725139581e+02, -4.962142791674594e+01, 1.150268676035001e+02, -2.693031459242172e+02, 9.943555636850172e+01, 9.747188984093025e+01, -3.567760633023816e+02, -2.241974264116346e+02, -1.853066846508579e+01, -1.247813684970173e+02, -8.434889286033028e+01, 1.748820938174528e+00, -3.670364592465193e-01, 2.917007512119267e+00, -1.486827592494381e+00, -1.074440246338941e+00, 1.762779109430918e+00, 2.830598533856411e-01, -2.283911480423957e-01, 1.656149186129113e-01, -1.341391329774066e-01, -9.724645359573361e-01, -8.329010542932442e+00, -3.511486471026608e+00, 2.462898536998747e+00, -7.139064628817612e-01, -7.766396167128015e+00, 1.725013229036706e+00, 3.020895241451689e+00, -4.076342802425753e+00, -6.306611081621091e-01, -4.634359077489623e-01, 4.117091184237827e+00, 1.217517875146275e+00, 1.026509319261040e+00, -8.913200378965923e-01, 5.306990061143754e-02, 3.008952775425162e-01, 4.975685590079310e-01, 5.997779263643954e-01, -3.394437647540197e-01, 8.616928358093016e-02, 1.129343959543218e-01, 5.259703392373829e-02, 3.751108725597811e-02, 9.451777218850509e-02, -1.165636291485181e-01, 2.088300240740337e-01, -2.703816156037173e-01, 1.163640811167233e-01, -2.757521202740243e-01, -1.105515161283979e+00, -4.910806266216331e-01, 1.584307151169559e-02, -6.331520332970368e-02, 3.075186205393461e-01, -1.985432108444607e-01, 5.988858614080810e-02, -4.338511647188512e-02, 4.675569899040575e-01, -8.731843421887099e-02, 2.758524239697098e-01, -7.478208758384894e-02, -8.052947735232868e-02, 2.735752131976350e-02, -7.073417370124675e-02, -7.599114734949476e-02, -4.648075129325187e-02, -2.461656160158241e-02, -3.228950171221688e-03, -2.146492746340721e-01, -4.081835366648839e-03, 8.261332912945108e-04, -3.610371460960515e-02, -2.006860984124826e-01, -1.116969923850201e-01, -2.172584701442292e-01, -3.336177554355972e-02, 1.386654656994582e-01, 1.215346247389582e-01, -7.159210125395141e-02, -4.817515304582558e-03, -1.134640092238719e-02, 4.877630454696428e-01, -2.671136443861844e-01, -9.188678867582345e-04, -4.245891963129291e-01, -3.801556512232263e-01, 1.567862158197600e-01, 3.697135074659858e-02, 3.580359660583678e-02, 2.917167870973822e-03, -2.775616572452762e-02, 3.263886937771058e-02, -5.652656802846912e-02, -2.519852972052607e-01, 2.214430000190577e-01, -8.508939849167634e-02, 4.637829577932663e-01, 3.172162245227413e-01, 5.792036073985975e-02, -2.601108792706826e-02, -6.522963217246738e-02, 4.464287402262803e-02, 2.165739224675527e-03, -1.412153945547702e-01, -1.820206467827146e-02, -5.459254410199262e-01, 3.640981838296052e-01, -5.659423414205733e-02, 3.626332776108180e-01, 3.606466157529313e-01, -4.801913994740099e-02, 1.349504754457591e-02, -3.105631226470200e-02, 6.184449435900231e-02, 1.664006462249312e-02, -6.498179120362628e-02, 5.780419820406027e-02, 1.061334224851314e-01, -1.667792534900505e-01, -2.989235207023665e-03, 4.274532124687398e-02, -1.955213775951743e-02, 3.599578615902268e-02, -1.456763147237331e-01, -1.001597321166231e-01, 8.947266075369663e-02, 1.629154646039297e-01, -1.160787729346036e-01, 3.329154755367260e-03, 2.645158076443261e-01, -1.217631349776926e-01, 2.717431524442580e-01, 9.783331078157056e-03, -1.735692095154852e-02, -2.747860561154764e-01, -2.681918890468296e-03, -5.861076144457340e-02, -1.162952639314307e-01, -3.264371122803720e-02, -9.637178764559681e-04, -7.779644285109760e-02, -1.680523378718909e-03, 6.589056627340745e-02, 2.102474432894908e-01, -1.936730166678584e-01, -3.879919091464685e-01, -4.232248587885971e-01, -1.758512557721180e-01, 1.671325357773001e-02, 8.708038458153436e-02, 6.483273155339121e-01, -1.939643214319430e-01, -7.381918921308301e-05, -1.659033599107572e-01, 5.159268072368527e-01, 1.638508817798352e-01, 1.300771985935812e+00, 2.681584065039344e-01, -4.513555963552524e-01, 8.049327956297161e-02, 1.491403227542973e-01, -4.951356072670704e-03, 4.206087702050305e-02, -2.128539347750643e-01, -2.818757261853369e-01, 1.108307472303905e+00, -5.283244888604607e-01, 2.511190945017867e-01, 1.249223866106516e+00, 2.444351365533559e+00, 1.525575149714659e-01, 1.988920256170693e-01, 2.212431033629927e+00, 1.873659073082000e+00, -1.144726055186340e+00, -1.886106234748749e-01, 3.300809519502336e-01, 4.991405079653987e-01, -1.072971133720146e+00, -2.173832912249567e+00, -4.009568651530230e+00, 1.899211961685153e+00, 6.491431290333121e+00, -6.334486545898959e-01, 2.112676065314988e-01, 2.477888889014960e-02, -4.676560746595675e-02, 5.366691387615320e-01, 4.859606908618565e+00, -9.613611868512743e+00, -5.258219767655986e+00, -1.126119955710696e+01, 3.730968529761729e+00, 7.964027351684215e+00, -1.707183187844134e+01, -3.755274615224189e+00, 1.900580467414440e-01, -6.023407005895936e+00, -9.340847770867207e+00, -1.465215722052578e+01, -2.070111522740476e+00, -8.875309597190821e-02, -2.389918400077168e-02, -4.361476744169339e-02, 2.537544201462765e-02, 2.074246954147587e-01, -8.580187841478006e-02, 2.809939382277333e-02, 2.588236810730459e-02, 1.463150778321965e-02, 1.248910696790287e-02, 5.818532099673502e-03, 1.143943945390186e-02, 1.164587973398570e-02, -5.712600460847801e-02, 2.262626984638308e-02, -5.018089884408306e-02, 3.195628192535182e-02, -6.785324708714568e-03, 9.081210113058617e-03, -2.918050335843641e-02, -4.992999367113610e-02, -1.041182748688732e+01, 2.247253001688473e+03, -9.559765361698902e+02, -3.983716844663402e+02, 5.469632410504424e+02, 2.678006947533373e+01, -6.994220431961908e+01, 8.518696792793754e+01, 3.692968807164252e+02, -6.062831434511683e+02, -7.376208227797987e+03, -6.946128978795836e+03, -8.906388153659888e+02, 4.776584970739719e+03, -2.907559430120090e+03, -7.523645263474258e+03, -2.725401187367991e+03, -1.776919416657720e+03, -5.954047820034121e+03, 7.924374695685570e+02, -1.305613051744965e+03, 1.937697945090189e+03, -4.449749836935180e+02, 1.295849691865110e+02, -1.897812956235052e+00, 3.173365039091098e+01, 4.654117713653874e+01, 1.898715638416342e+01, -2.442217695067648e+01, -3.729998510194987e+00, 6.725311034998780e+00, -2.047260536201912e+01, -1.274533359523307e+01, 3.848837916089765e+00, -1.560817403726720e+02, -8.406057317406038e+01, 3.154336856165153e+01, -3.754144031881079e+01, -7.161971099059562e+01, -1.391211997670177e+02, 1.164427980765591e+02, -1.050691304191698e+02, -7.886362508411570e+01, 1.017792538895399e+02, 1.426550055928870e+02, -8.545012016514651e+00, -3.573079405866007e+01, -4.182829499448359e+01, 5.048508649879943e-01, 3.640777204327976e+00, 2.481702551751223e+00, 4.823909496177287e+00, 1.444899195548031e+00, -6.354813378920936e-01, 1.307246472051826e+00, 1.788170305934756e+00, 8.609408138804480e-01, 1.004213221349701e-02, -1.003367301953229e+00, -3.588727922913062e+00, 7.085527389547946e+00, -1.313905748509332e+00, 1.991730498759511e+00, -2.804735954117734e+00, -6.002022575441921e+00, -3.072310278231054e+00, 2.140368610532361e+00, 2.391085756402446e+00, -1.055281690878606e+00, -1.083778395006321e+00, 3.891398663429669e-01, 1.570420379519082e-01, 3.538263461453919e-01, -7.915997799341237e-02, -4.238054858405852e-01, -3.384005219585723e-01, -1.698230088899976e-01, 1.321386023823367e-01, 2.691778417950027e-02, -4.903718999438359e-02, -8.603983897525892e-04, 8.579320238645376e-02, -1.018619432516489e-01, 1.293555893641500e-01, 5.372118371542198e-02, -7.136349296015557e-02, -9.416504259433169e-03, -3.793854909222837e-01, -1.815518764028116e-01, -1.097868943344044e-01, -4.430546502787584e-02, 4.315920849789932e-02, 1.312693724541219e-01, -1.285143591197259e-01, 2.456997566516990e-02, -7.182326430006758e-02, 3.412628188052628e-02, -8.391309549094178e-02, -2.672850259833134e-01, -2.698646867754267e-01, 9.021500641838698e-02, 1.985781434682757e-01, 5.501872986366648e-02, 4.357070377467260e-02, 2.928921223574229e-03, -1.388377553472287e-02, 2.452764826573301e-02, 1.455294451612790e-01, -1.339539006729158e-01, -8.536713834633684e-02, -6.763621388801232e-02, 1.165851428472189e-01, 1.423362915281747e-01, 1.447125365661619e-01, -2.438832786614963e-02, -1.338535115058245e-01, -1.237315528505600e-01, 3.979778446213928e-02, -1.480006589617650e-01, -4.880413017725095e-03, -2.357591565182541e-01, 1.051468554747198e-01, 2.878228234409437e-01, 2.477510380157256e-01, -1.078639738687907e-01, 1.799081985906462e-01, -2.928130295021130e-03, -6.902844270273227e-03, 7.357885231047086e-03, 5.691659234641863e-03, -2.207332505875895e-02, -1.046205561401705e-01, 1.358549510345055e-01, 7.430603875972923e-02, -1.286032045745031e-01, -4.132763354120779e-01, -3.960646984386985e-01, -1.944933939812705e-01, 3.380338343440342e-03, -2.678387343675769e-03, 2.019984190428633e-02, -6.708453883578053e-02, 3.441004166577932e-02, -1.051785524420910e-03, -5.059745660239701e-02, -6.419045285586868e-02, 4.567351186430464e-02, -1.505562923354921e-01, 4.596301252036354e-01, 1.030176227648797e-01, 1.575991696105951e-02, -1.180158065472381e-03, -8.221430323857452e-02, 7.208721279977478e-03, 2.415016028052663e-02, -2.822597955171364e-02, -1.085264736803293e-01, -2.735185515886636e-01, -6.512972046821630e-02, 2.261844766666615e-01, -3.160863849812223e-01, -1.801091160611157e-01, -8.860004343926260e-02, 5.819555897280675e-02, 1.932092625502514e-01, -6.877341241862442e-02, 3.110899895240066e-02, -5.623587097021821e-03, 6.896341821321920e-02, 9.819978593428802e-02, -5.240722880796742e-01, -5.414815406600053e-03, -5.695773204905237e-01, -2.829396592015403e-01, -3.068886494442492e-03, 3.061543681365664e-02, 9.754739417277047e-02, -3.160114580862197e-02, -2.867387058871693e-02, 2.699933545396778e-01, -3.246795956215656e-02, 2.208201408042951e-01, 1.988303795312060e-01, 1.705030622901955e-01, 8.011065879055329e-01, 4.567030652265398e-01, -2.926413045834831e-02, 3.201350797915564e-01, -4.567451965022511e-01, -2.227206243700416e-01, -3.527422864643086e-01, 4.927508916780871e-02, -4.021487028974925e-01, -6.349815451655856e-03, -3.459431283210246e-01, -2.751062748174480e-01, 3.016822585750966e-02, -1.993227686279528e-01, -4.966352758614005e-02, -2.927789945957799e-01, -1.391589518146687e-01, 1.829085704372993e-02, 4.135669216866062e-02, 3.368686646222390e-01, -7.079552655082345e-02, 2.831333596772483e-01, 1.050775463086851e-01, -9.199966476351774e-02, 1.323908929537253e+00, 2.988535767237984e+00, -6.729741015249050e-01, -1.921160890890825e+00, 7.367882424477339e-01, 1.507640039064877e+00, -8.876027854764610e-01, 8.991857632097689e-03, -7.798419626630296e-02, 1.762979064619093e-02, 1.894420907667009e+00, 2.167008356500904e+00, 2.498013567341328e+00, -1.789487583849631e+00, -3.868666567975866e-01, -4.878042237874759e-01, -5.592231242999146e-01, -6.206647681484490e-01, 3.601479856056355e-01, -3.002255305495141e+00, 4.367720705860513e+00, -4.384533741647453e+00, 3.805668787356516e+00, -1.793146668902556e+01, -2.720043911534384e+01, -1.468080484091779e+00, 3.379444703340271e+00, 5.515285209447315e+00, -7.755804790637373e+00, -1.233744201660616e+00, -3.236883493675034e+00, 1.501775381937626e+00, -1.062695836944234e-01, 4.787862058546447e-02, -5.482321364598940e-02, -9.239373184800700e-02, -5.782899075713766e-02, -1.239823006324454e-02, -1.099962230424190e-02, -2.882461792133889e-03, 4.256610000512118e-03, -1.237437532100201e-02, -5.035341413131657e-03, 2.080163136186187e-02, -2.218964164157826e-02, 1.799721583186934e-02, -1.434070811819744e-03, 1.609191458169456e-02, 6.517569277529335e-03, 4.086284653623461e-02, 3.568715262394859e-02, 2.197448851569441e-02, -1.879824540157971e-02, 2.988416371120709e-02, -1.580741021301704e+01, 9.079982225863486e+02, 6.140768199979042e+02, -3.556356611990851e+02, -1.089326757580704e+03, -7.920964763594138e+02, 7.778338567104983e+02, -8.810169286850362e+02, 4.155917487716772e+02, -6.959191718625443e+02, -2.270439103923408e+04, 4.682789148187707e+03, -4.944569562539778e+02, -6.029037393233759e+03, 2.182542991556725e+03, 3.823250672144512e+03, 2.618244795294435e+03, 6.076966118732540e+02, -6.658253324090003e+03, -1.016005078125408e+03, 2.476010322529205e+03, -8.140954457756319e+02, 2.689717858593875e+03, 1.044309400835253e+03, -8.741290792592389e+00, 3.694247274693180e+01, 1.494794481426839e+02, 7.968123071204040e+01, 7.391709139350244e+00, 4.476821969608967e+01, 2.158517543992834e+01, 2.440055322209484e+01, -2.494157494852530e+00, 6.479643711615991e+00, -8.591433770933700e+01, -6.628514442182168e+02, -1.623169821786925e+02, 8.226535663241467e+01, -2.091319210995476e+02, 1.934352972468209e+01, -1.498070598758297e+02, 2.486428617759172e+02, 1.039304816591126e+02, 8.588831679260252e+01, 1.167946717270040e+02, -4.933350536226178e+00, 5.039480087116987e+01, -1.342906325412802e+02, -1.901019822676834e+00, -1.330026066658733e+00, 3.186100831681943e+00, 2.301326105749812e+00, 2.420160788810506e+00, -1.816919819146770e+00, -1.048613982240682e+00, -8.573539882604325e-01, 2.187697170066987e-01, -2.103611131304768e-01, 3.230155883425448e-01, -1.320516132302948e+00, 5.586820514262055e+00, 1.892718535814058e-01, -2.460997477737590e-01, -1.234706250755636e+01, -5.273731630408552e+00, -6.487624245383365e+00, 1.348016534670091e-01, 7.243697788241678e-01, 7.217095868023992e-01, 6.616605904974114e-01, 7.158396100139747e-01, 1.084262687692579e+00, 1.025662345534544e+00, -6.226897340588409e-01, -4.858554515419648e-02, -6.890710894633072e-01, -1.347054620070569e-01, -4.906199618503661e-02, -4.142582357012106e-02, -1.834955116832689e-02, -1.370376604649688e-01, 6.692310971201469e-03, 2.251492796293998e-01, -1.414350677302502e-01, -8.376172524196613e-01, 5.921994554487901e-02, -1.001326031733985e-02, 3.746303399418754e-01, -1.057744416425924e-01, -1.741338945021955e-01, -9.151399517306032e-02, 3.198939139783940e-02, -3.708539158486750e-02, -2.328894880321678e-01, 3.198041366736512e-02, -8.267615719163007e-02, 7.983080088629914e-02, -1.303241358511296e-01, -2.443345782099554e-01, -5.856821734940404e-02, -1.976352630843727e-01, 1.012344596221527e-01, 4.655701189323842e-02, 6.933687193078603e-03, 4.685890872876163e-02, -1.662581947330635e-03, 1.616552001965187e-02, 1.385968624898892e-01, 1.231406082055302e-02, 9.226335071400099e-02, 6.899610226340140e-03, 1.053718230428318e-02, 4.711929941311114e-01, 8.191685717548916e-02, 1.877720479702229e-02, 2.574077132316104e-02, -1.983272575626138e-02, -7.052303560441507e-02, 1.013158797873766e-02, 4.573576392967516e-03, -2.489784811424814e-01, 2.198377378602859e-02, 2.353634646199984e-01, -4.652856070153078e-02, -3.955327014458643e-02, 3.332842999010785e-02, -2.867389640556905e-02, -1.331811562633582e-02, -3.649298113764241e-02, 7.636086629153914e-03, -2.913887751034315e-03, -1.535592549738704e-01, -3.231806601258733e-02, 1.291465420346689e-02, -2.319722590156225e-02, 1.128799465747876e-01, -7.341973785745110e-03, 1.455074453619350e-01, 1.109417211403376e-02, -8.695710820003152e-02, 6.980583131862148e-02, 8.208015158920030e-02, -1.784240887339891e-02, -3.015454034455646e-02, -7.383256291958937e-02, 6.938862862481242e-02, -1.190617929891239e-01, 1.024791738119562e-01, -6.785477655458534e-02, 2.904059215095666e-02, 2.197966763292952e-02, 1.758613711591286e-02, 1.562861748654280e-02, -3.104912795055703e-02, -1.649947057929073e-02, 4.907190381998917e-02, 6.203597327380340e-02, 9.019296274901155e-02, -1.448820994327900e-02, -4.826505734777967e-02, -1.574411604248321e-01, -2.098884510732647e-01, 3.134075289549326e-02, 1.980947757741465e-02, 2.488179093730626e-02, 2.251031139885346e-01, 5.475595807476291e-02, -5.270803990664995e-02, 2.191593841224239e-01, -1.834023181836278e-01, 1.345267967550612e-01, -3.054221680424891e-01, -1.186989600688763e-01, 2.731069990768885e-01, -4.204665925567454e-02, 1.434949697621298e-02, -3.027625242083045e-02, 1.142319615060811e-02, 1.945509318043479e-02, -8.139112525535910e-02, -2.080382599390374e-01, 2.104744252409025e-02, -1.682145161504457e-01, -5.591261922340128e-01, 6.284626458554292e-01, -4.113092973144877e-01, 2.897795800601195e-01, 4.857123552664100e-02, -3.424909223996680e-01, 6.194639545916075e-02, -4.435191755067353e-01, 2.378652180031470e-02, -3.664265773523285e-02, 8.891553156599724e-02, -4.478389347270879e-01, 7.096772277836825e-01, -1.917532912127797e-01, -5.199208760189632e-01, -2.461049663019550e-02, 1.746740269315442e-01, -1.614559447659360e-02, -4.920513475258578e-02, -2.503266833076831e-02, 3.348051222302362e-01, 5.409442480367030e-01, -2.257737979537377e-02, 3.853632185102023e-01, 1.384913690611776e+00, -5.028178658865065e-01, 1.107486091566903e+00, 8.369991561306661e-01, 1.149965629838894e+00, -1.028712958611767e+00, -8.328173093928076e-01, -8.656223452896400e-01, -4.354951665980124e-01, 4.435282639334067e-01, -1.081408378181036e+00, 1.362318234335075e+00, -2.959262677626781e+00, 1.429581315705048e+00, 1.178121922239055e-01, 2.198172161400043e-01, 5.044674431529099e-01, 4.607847105504745e-01, 9.975665888186386e-02, 5.504253364468171e-01, -1.931914747847580e+00, -4.307721426340841e+00, -1.314005187834835e+00, 2.942648925539464e-01, -5.761176324879577e+00, -7.556481965495792e+00, -4.785306100829812e+00, 1.478725175147690e+00, -6.119301950352220e+00, 4.405134761515411e+00, -9.155245984226225e+00, 5.189672900391872e+00, -8.962868664036659e-01, 1.926007309902068e-01, -2.957956963252270e-02, -6.587901006386891e-02, 1.100664016467496e-01, 3.727327135717721e-02, -6.362121956452994e-02, 9.812123304894851e-03, 1.346701698400171e-02, 8.063079942277507e-03, 4.528681071335828e-03, 4.679454106548972e-03, 1.439399558890351e-02, 1.828805863521061e-02, -6.939015214788890e-03, 7.647094530991718e-03, -4.529576511683417e-02, -4.021421372618257e-02, 1.159320306623423e-02, -1.571291286818205e-02, 1.734779868929700e-03, -4.964580136573400e-03, 2.232182296741721e-02, 1.058306882189378e-02, -1.422036034718955e+02, 1.655972378411772e+02, -3.219105636549634e+02, -4.533725707844365e+02, 9.828342567196640e+02, 1.616083834063713e+02, -5.967718814519851e+02, 3.175730575529341e+02, 8.033487141035083e+01, 1.014420399028667e+02, 2.245984696713666e+03, -9.105709613408173e+03, -4.180046798437516e+03, 1.207667522189786e+03, 2.075238419529423e+03, -5.121045426040318e+03, -4.934159312518141e+02, -2.598619450032400e+03, -5.195888465259609e+03, -2.439080893744864e+03, -2.812882950365681e+03, 2.063520990166216e+02, -1.109137769022859e+03, -2.213793477338989e+03, -9.243784207480678e+00, 3.646829956375020e+01, 6.791297610676614e+00, 3.581585281490866e+01, 1.048503517899008e+01, 5.463893435771633e+00, 3.250309315676274e+00, -1.106188839964270e+01, -1.145207866919718e+00, -5.831990063274652e+00, -6.466797915361138e+01, 1.119575465749912e+02, 1.488004890086055e+02, -8.984251996687692e+01, -1.444447574811044e+02, -4.733337166073606e+01, 2.911577100644506e+01, 1.697087508400231e+01, -1.284764933977167e+01, -3.749311938356657e-01, 4.439125469104189e+00, 3.329256108907332e+01, 4.026266276825030e+01, -7.038397071925303e+01, 4.833321768517119e-01, 2.738199282865397e+00, 1.394031261729896e+00, 1.410170877836657e+00, 3.493121731761213e-01, -1.458078182783087e+00, -5.954238035862415e-01, 8.411325492253093e-02, -9.911843730724343e-02, 2.883417053531720e-01, -1.630695670933735e+00, -2.266643052014324e+00, 1.762265735492040e+00, 5.572617587436682e-01, 1.479932835296699e+00, 6.597265060263766e-01, -2.117016417862482e-01, 6.286511693422134e-01, 4.935776396904721e-01, 3.688021236329292e-01, -1.084278305241708e-01, -2.446638770551502e-01, -3.798558058366493e-01, 5.823356479980978e-01, -3.076494276645799e-02, 6.019269235847745e-02, -1.079054532339086e-02, 3.822736570869961e-01, 1.678521296256752e-01, 2.555132920030766e-03, 5.664582550183513e-02, 4.274818460199370e-03, 9.623284173061427e-03, -2.814362397170262e-02, -3.958586872242913e-02, 4.408608639562484e-02, 3.122989753904313e-01, -1.240744938818074e-01, 4.188326627071302e-02, -2.337162847794119e-01, -1.281170814901267e-01, -1.078857330873393e-01, 1.055287355522802e-02, 1.517288401119733e-01, 6.771195977319233e-02, -5.991123923806712e-02, 6.561180526841306e-02, -3.334915568750782e-02, -9.441245615919958e-02, 9.092050305513591e-02, 1.149326704466102e-01, -2.709847127240590e-04, -7.228773124834859e-02, -2.592062157129432e-02, -4.637133964260792e-02, -1.788750707866220e-02, -7.694832648490949e-03, -8.694730153668767e-05, -1.697052881931501e-02, -6.428632946547831e-02, 3.514480256326633e-03, 4.614481568459882e-02, 2.710271291321998e-03, -3.971645942359933e-02, -1.906637907529331e-01, 2.278607594143024e-02, 2.745197857171003e-02, -2.352727190870908e-02, -4.727727317923797e-02, -7.471415291361499e-03, -1.075466636192721e-01, 2.117388302518951e-02, 2.582237706396379e-01, -8.148855377307027e-02, -6.683638722271208e-03, -8.243887280915692e-02, -3.023866596842119e-02, 3.941930077425536e-02, 1.782264858206461e-02, -2.048088563731864e-03, -5.451191547460839e-03, -2.735623497646151e-03, 1.292636653269538e-02, 1.462765789566941e-02, -4.561405391042567e-02, 1.976727253492102e-02, -1.385798423794390e-02, 3.285831175354834e-02, -6.682407264464869e-02, -2.802176538014518e-02, -4.204032105910508e-02, 2.843181424831627e-02, 6.190004185257544e-03, -1.825573095385334e-02, -5.533218012919718e-02, 3.595109274912098e-02, -8.150125863736833e-02, 9.343515299955927e-03, -1.158018204689704e-01, -5.230843455550836e-02, -6.483920706840766e-02, 8.393940250611447e-02, -1.674886945815235e-03, -2.244291443127222e-02, -6.791513760674934e-03, -8.992129472597689e-04, 7.787158914650876e-04, 6.594559786499615e-02, -6.826948266383737e-02, 4.215419970840288e-02, -4.289009463518798e-02, -3.789779639510229e-02, 2.177972325664357e-02, 3.268473225297355e-02, -3.786663165860279e-02, 3.243425820530221e-02, 7.899495799302292e-02, -6.751975780270118e-02, -2.521385679059390e-02, -1.910404670248107e-02, 3.004182122760260e-02, 1.322445070051400e-01, -1.649058678657749e-01, -2.032036905533564e-01, 9.243626874561919e-02, -4.387545759840049e-02, 2.643597241149445e-02, 4.732390843994325e-02, 3.429987335806908e-02, 2.358539359139079e-02, -3.211051045227559e-02, 5.718585602058678e-02, -9.175189471052303e-02, -9.610813019518448e-02, 5.267432967079167e-02, 1.760745973221110e-02, 1.923872395968943e-01, 8.740522872065040e-02, -1.683608455796352e-01, 1.191255674807603e-01, -4.172357513946879e-02, 1.939862760338377e-02, 1.641461696933771e-01, -1.076862401736303e-02, -1.281179825493085e-01, 1.517208419569174e-02, 4.403715956193405e-03, 2.236761256808143e-01, 1.346986512622492e-03, -1.346227344914749e-01, 1.674729018330110e-02, -1.231387451069269e-01, -1.808293128477611e-02, 4.861201863356977e-02, 6.164744615349084e-04, 8.601344598982959e-02, 1.844025376687171e-01, 7.871708852850212e-03, 1.743997836161105e-01, -2.733047700835983e-01, -2.767720904718205e-02, 2.033751973144656e-01, 7.429352258789951e-02, -1.674290924409198e-01, 1.638614040806185e-01, 5.137977347842873e-01, -1.625516592193268e-01, 7.499214998051182e-02, -2.541392123374099e-02, 2.770374195906234e-01, -5.616383296457287e-01, 9.920337294607973e-01, -1.085196559155617e+00, -7.011644622875765e-01, -3.802486737281762e-01, -1.750571658436584e-01, -3.591623839553219e-01, -1.014279415741972e-01, -6.243780326458970e-02, 1.454938552498174e+00, 1.876911690242998e+00, 1.881129067994283e+00, 8.787097635346820e-01, -4.150553731828292e+00, -1.719013719812734e+00, 2.798790645333805e+00, -3.133049997143968e+00, -3.583632199808111e-01, 1.071282278027962e+00, 2.687687189537850e-01, -3.833029372268603e+00, -9.644457288366940e-01, -1.254712200670293e-01, -1.128032482247604e-02, 1.603710046029109e-02, -5.917425231678142e-02, 1.542606039139664e-02, 1.569911768898696e-02, 6.210222349622215e-03, 6.036735780156682e-03, 4.627643958279660e-03, 2.950685357985603e-04, 1.088374384827017e-03, -3.049439238142384e-03, -1.071778865038105e-02, -2.393088843178679e-03, -4.540880618863315e-03, -4.060102415369713e-03, -8.108545006638311e-03, 1.249624582914641e-04, 1.740506653276589e-02, -1.548954772681990e-02, -1.589955544181112e-02, 1.218299302938118e-02, 2.261825303461515e-02, -3.058068577240097e-03]
