elements:      [Ag]
cutoff:        8.0
pair_type:     gaussian
feature_type:  gtinv
model_type:    2
max_p:         2
max_l:         4

gtinv_order:   3
gtinv_maxl:    [4, 4]
gtinv_sym:     [0, 0]
gtinv_version: 1

electrostatic: 0
mass:          [107.9]

n_pair_params: 11
pair_params:
- [1.0, 0.0]
- [1.0, 0.777777777777778]
- [1.0, 1.555555555555556]
- [1.0, 2.333333333333333]
- [1.0, 3.111111111111111]
- [1.0, 3.888888888888889]
- [1.0, 4.666666666666667]
- [1.0, 5.444444444444445]
- [1.0, 6.222222222222222]
- [1.0, 7.0]
- [0.0, 0.0]

n_type_pairs: 1
type_pairs:
- atom_type_pair:      [0, 0]
  pair_params_indices: [0, 1, 2, 3, 4, 5, 6, 7, 8, 9, 10]

type_full:    1
type_indices: [0]

n_coeffs: 24530
coeffs: [1.321696120129678e+01, -1.290388281128408e+00, 1.829182493057753e+01, 1.317537075897425e+01, 1.127429323279795e+01, -1.059237231796643e+01, 5.599362136749932e+01, 3.458994884286551e+00, 1.073626780490274e+01, -5.483703624689762e+00, 2.835721082203454e+00, -3.821425429810547e+01, -3.034906550779361e+01, -2.380385663507748e+01, 2.803578424892936e+01, 1.909510228374219e+01, 3.045014375895133e+01, -2.008167187456045e+01, 2.664582064273805e+01, -2.026606262128555e+01, 1.210608310089686e+00, 2.234821803516221e+00, 9.651619216920757e+00, 1.230855732914219e+01, 7.789919817746421e+00, -5.414304442341824e+00, 1.030854236322867e+00, 2.547998505714398e-01, -3.772228724984982e+00, 3.914142492554207e-01, 4.645143720457399e-02, 4.169614179454805e+01, 2.841794574180054e+01, 2.593655014641134e+01, -1.644188750153113e+01, -1.367511524146719e+01, -1.342117631630248e+01, 9.763214793375186e+00, -1.127165598583261e+01, 1.281843635823229e+01, -4.321053740654683e-01, 2.714121199717988e-02, 3.307277727312745e-01, 8.631474434520341e-02, 6.321765334287590e-01, -6.865133232540082e-01, 1.342610559187295e-01, 1.871397106144624e-01, -8.216707005860855e-01, 5.658781268635069e-01, 2.509141218791912e-01, -6.604528303427624e-01, -5.129268369074509e-01, -1.105163718109800e+00, 6.946561991564857e-01, 8.731174008369528e-01, 5.814941509258770e-01, 1.182006221977739e+00, 6.587234625655094e-01, -4.336906502505264e-01, -3.849412580121419e-01, -5.211243718972696e-02, -2.646161778623649e+00, -5.620202172715518e-01, -7.280284104408587e-02, 1.328108135481690e-01, -3.525905894527389e-03, 1.587366631171692e+00, -4.136942373607084e-01, 1.237823556195509e-01, -5.076429441002648e-02, -5.141572191301196e-01, -9.412879316896473e-01, 5.765330113283766e-01, -1.611014229529186e-01, 2.971091105713188e-02, 3.996346782087492e-01, -2.364701858537223e-01, 1.214429446804625e-01, 1.143527891060395e-02, -2.261570436299850e-01, -1.824672419022719e-02, -1.106052314302053e+00, -3.172175163913573e-01, 3.387490755751179e-02, 7.571989309168861e-03, 7.335807262648449e-04, 6.681945801587182e-01, -8.966383082569325e-02, 4.156457158964764e-02, -3.458135917959640e-02, 9.066272023598027e-01, -1.399056505459137e+00, -8.527562584355024e-01, 1.319235923557213e-01, 4.470994748915167e-01, 1.437175723980350e-01, -2.245666531832436e-02, 7.966661232497939e-02, -2.765563636992069e-03, -1.324263366480652e-01, -1.895322129369919e-03, -3.348067781799305e-01, -3.760334021433474e-01, -8.158732656197308e-02, -6.374985778171860e-03, 3.689026296453565e-03, 7.533820129093075e-02, -1.303685679490685e-01, -5.312527287256090e-02, 4.985995914071675e-02, 6.160188514578524e-01, -4.097861682797684e-01, -3.463086372141168e-01, 1.417296008980837e-01, -1.018232267763643e-02, 1.484660090014161e-02, -4.389073068428997e-02, 6.301137327958135e-02, -3.187050469508718e-02, -1.004866122628298e-01, 1.254816629924310e-02, -8.766514934183914e-01, -4.065928404618616e-02, -2.383445483111422e-01, 9.476761966497833e-02, 1.543661786813762e-03, 3.326900695257821e-01, -1.231630358204190e-01, 1.484297293125707e-01, -7.097146900914441e-03, 1.416942557268810e+00, -6.042366063742060e-01, -7.711182268715152e-03, 4.097140867665210e-01, 1.272250751730279e-01, -2.655909719053162e-01, -1.005909376964868e-01, 1.426836695247149e-02, -3.062200466333826e-02, -3.749662909271282e-02, 5.976280744556133e-03, -1.305087667909020e+00, -5.804777149620702e-01, -3.570755671749414e-01, 4.593533472210470e-01, -2.604075678514691e-03, 7.448470210531958e-01, -3.112266391143555e-01, 2.620811640647533e-01, -2.710623623480826e-01, 2.377333022754182e+00, 1.495071657803806e+00, 2.249621296856952e-01, 3.236058562903243e-01, -5.485784165587995e-01, -3.196994948938012e-01, -2.262224898683117e-02, -2.665831545761060e-01, 1.162788766724252e-01, -1.016163129255763e-02, 4.481064600970560e-03, 6.054183535885884e-02, -1.884343087368513e+00, -2.165045730590626e+00, 3.373997106978120e-01, -8.555643126786949e-03, 4.909540221037290e-01, -1.506918409873737e+00, 2.139137597378810e+00, 2.680419904696632e-02, -3.021338831974967e-01, 7.915302217925373e+00, 5.633596608854305e+00, -1.884161395870102e+00, -6.467371968202688e-01, -2.970894561808880e+00, 1.977239361137052e+00, -1.826079464415217e+00, 9.170634666358234e-01, -1.940588653021840e-01, 1.798460303690635e-01, 1.040131813208609e-01, 8.177963773960648e-01, -4.980926952416495e+00, 2.039916051609543e+00, -1.369599793577770e-01, 1.399520567407903e+00, -2.835053027568366e+00, 7.742958344816929e+00, -4.354187519600297e+00, -3.082170208393028e+00, 1.423669388764432e+01, 3.170682474861542e+01, 1.044261776108110e+00, 6.289155456550541e+00, -2.921493453564883e+00, 3.159539890011112e+00, -1.501908850819876e+01, 3.162400955098866e+00, -6.403434466546712e-02, -1.791456380979352e-03, 4.632865057291774e-01, 9.464937886862401e-02, -2.022563275303469e-03, -1.654126151018330e-02, 5.291064481075957e-05, -9.614523782672893e-02, 2.069078563069875e-02, -9.011130501826262e-03, 6.904451103509211e-03, 2.240125549441633e-01, -6.025132847135426e-02, -1.952238106708698e-01, -1.059396731680124e-01, -4.400004283569485e-02, 9.765722493336042e-02, 2.024447405641107e-02, 1.246321188867803e-01, 1.272015554901846e-02, -1.290388151327153e+00, 5.599362596393728e+01, -3.293052612876154e+02, 3.458996822092636e+00, 2.712570731547336e+02, 2.733959583445949e+02, -1.073627096611580e+01, 2.745289914367549e+02, 2.986997413597024e+02, 2.334951412472942e+02, -5.483704737368373e+00, 2.017625664384746e+02, 2.140704096932372e+02, 1.791141990164938e+02, 1.222845569708586e+02, 2.835720706683424e+00, -1.342333712784329e+02, -1.750367980858370e+02, -1.569138359782203e+02, -1.151083259319859e+02, 8.871836005995870e+01, -3.293052674802251e+02, -1.022061637456120e+04, -9.656466417275776e+02, -3.616257054054437e+02, -3.106340114857615e+01, 6.840440886778476e+02, -1.020552407454213e+05, 2.712570722321679e+02, -9.656467463118439e+02, 1.542002764087863e+03, 1.774593789952113e+03, 1.483656940595900e+03, -8.801608600172381e+02, -3.850292401427506e+04, -9.202587897409394e+03, -2.745289861443200e+02, 3.616256497853105e+02, -1.774593825083519e+03, -1.232583155258659e+03, -1.034682587412581e+03, 7.686691366268266e+02, 3.322061501972822e+04, 6.068997572861104e+03, -7.367727748333496e+03, 2.017625765377006e+02, -3.106348986827630e+01, 1.483656947247485e+03, 1.034682507123841e+03, 7.865048797471768e+02, -6.906313388474260e+02, -1.766636833935396e+04, -2.196493749828183e+03, 4.482885165061485e+03, -2.044131258543165e+03, -1.342333684455538e+02, 6.840441619062556e+02, -8.801608158819246e+02, -7.686691797095253e+02, -6.906312966234083e+02, 3.591738455974436e+02, 2.066168867572191e+04, 5.437501154217035e+03, -5.386867935849270e+03, 2.171036195007242e+03, -3.844306268373920e+03, 3.320037263230660e+02, 1.546210679969034e+03, 2.201429171792303e+03, 1.931132603420900e+03, 1.546664768834458e+03, -1.152309072958226e+03, -1.807488754730879e+04, -4.913898598561040e+02, 4.148738513257961e+02, 4.859999093175830e+02, 1.592489894985276e+03, 3.467845326385899e+03, 3.120931072354206e+02, 1.686638213287969e+03, 2.008831080054918e+03, 1.529816374470551e+03, 1.215999451336635e+03, -1.009179088957306e+03, -1.052584755728738e+04, 1.378678008777488e+03, 4.904251762979070e+02, 3.059835368134947e+02, 5.647754625821909e+02, 3.180075074871592e+03, 2.337026215186429e+03, 2.407326044686310e+02, 1.187924856368766e+03, 1.546733412805171e+03, 1.253644505367979e+03, 1.004659105317913e+03, -7.712483847734167e+02, -8.328978102590501e+03, 6.890210443930470e+02, 4.310458165044998e+02, 6.255702594171465e+02, 5.423574398015937e+02, 2.223106762031764e+03, 1.922998325652010e+03, 1.545340174452446e+03, -4.173726268713701e+02, -2.271433469058320e+03, -2.566524131431215e+03, -1.680856105896248e+03, -1.406160565196456e+03, 1.189130145791451e+03, 1.484820124330409e+04, -1.084448525209178e+03, -2.423754708374741e+03, 1.199038597320317e+03, -1.875632608834360e+03, -3.162637479959749e+03, -1.693525468959669e+03, -1.372623400945309e+03, 2.491483350184590e+02, -2.529685015403735e+02, -1.196712220933434e+03, -1.677153764751494e+03, -1.172090487029543e+03, -9.698571909418606e+02, 7.559222073970133e+02, 1.215093337021763e+04, -1.063945514910823e+01, -1.869313515621305e+03, 8.099647952447941e+02, -1.690949879915492e+03, -1.809776503062508e+03, -1.120860129492168e+03, -8.341648729838644e+02, 7.501772577911224e+01, -6.470500080528201e+01, -3.080777386381278e+02, -1.685732865169382e+03, -2.102291762558108e+03, -1.417433511151812e+03, -1.068520570279120e+03, 9.895726113775387e+02, 8.903234818841252e+03, -2.529239322739114e+03, -8.934322557110389e+02, 3.060611780459445e+02, -3.157275370502733e+02, -3.368321926499325e+03, -1.922811118489936e+03, -1.795902772600816e+03, 7.354613820125328e+02, 6.800578291739546e+02, 9.209713318798678e+02, 2.435077185641823e+02, 1.019631218049921e+03, 1.588624651414505e+03, 1.170236814977359e+03, 9.838743309726021e+02, -7.124782906736961e+02, -1.200085160746697e+04, -3.905242953612262e+02, 1.890496709069896e+03, -4.386121753742071e+02, 1.733073090490460e+03, 1.417892530631019e+03, 1.115369009227359e+03, 8.272715758185979e+02, 2.129255997737664e+01, 1.498518657785938e+02, -9.283322664071956e+02, -2.092204315364013e+02, -2.326547251167914e+02, -1.280234344092772e+03, -1.720094640616271e+03, -1.209829065376842e+03, -9.234566091225031e+02, 8.046773364489113e+02, 6.658088236066089e+03, -1.910168383648131e+03, -7.925751647821189e+02, -1.769873499063083e+02, -2.091777756637284e+02, -2.480740831612445e+03, -1.635391194587864e+03, -1.549974422789968e+03, 5.495968216244917e+02, 4.753064615658862e+02, 9.994217033116016e+02, -7.053676376283175e+02, 1.054990563247089e+03, 1.944508328699238e+02, 7.292439027845808e+02, 1.253318701515364e+03, 9.954258564154193e+02, 8.726440774338416e+02, -5.471352829916088e+02, -9.776643831874417e+03, -1.064816696916210e+03, 2.000222874850892e+03, -3.317843183916033e+01, 1.739903154845090e+03, 6.058239970895565e+02, 8.232760040108989e+02, 5.454836098213153e+02, 1.864709456474069e+02, 4.182296050824244e+02, -8.506548596296874e+02, -5.038547571144018e+02, -7.090342792378026e+02, -7.524315572190990e+02, 4.816920550865420e+00, -2.378229464991541e+00, -2.538338986288343e+01, -3.475459343902621e+01, -1.837292116903737e+01, 1.802546705654076e+01, -1.017403607056799e+01, 9.116053040813269e+01, -5.934507744674772e+01, 5.404089522087860e+01, -3.360352268045806e+01, 2.535278734184116e+00, 2.662851337057678e+01, 2.475788094580964e+01, -3.586555869355728e+01, -9.012523351851215e+00, -3.611628412105456e+01, 1.354534609767808e+01, -1.127989313829896e+01, 1.381958104382539e+01, 2.234821243160847e+00, -2.772043429143807e+00, 6.570657106727884e+01, 3.168682348097222e+01, -3.373434237096536e+01, 7.242662734216486e-02, 1.079552102817692e+00, -2.091015077512489e+03, -3.833536631366109e+02, 1.594039498589373e+02, -1.750740815655566e+02, 2.992899609744154e+02, 7.829304809023127e+01, 2.180518115936604e+02, 8.529570489637926e+01, -4.557000689173568e+02, -1.018186639470505e+02, -2.244756647331315e+02, 2.321083395767528e+01, -3.448053777422258e+01, -3.444210299174535e+01, 1.030855212042214e+00, 5.866535274644641e+00, -4.713851548420460e+00, 3.915621317318114e+01, -4.788863772833427e+01, -5.051838519507143e+01, -4.356933585671423e+01, 2.785476452540078e+01, -7.846368185700838e+02, -2.568272959785883e+02, -8.552991859943428e+01, 6.804192428668070e+01, 3.365334537310553e+01, 1.111839866904004e+01, 1.147770842338158e+02, 6.947765061892891e+01, -2.858126916537094e+02, -1.417831257904151e+02, -1.898481456123486e+02, 1.312839255212412e+02, -1.374520755705472e+02, 6.222400136340857e+01, 2.547998502673690e-01, -1.745818165060174e-01, -2.007126104976560e+00, -6.993578403691464e+00, 2.277882536850150e+01, -1.643576515091916e+01, -2.330616934110812e+01, -2.392414222877053e+01, 1.237584648777898e+01, -2.925009381276680e+02, 1.905444273748352e+02, -9.204414800890353e+01, 6.117494861779283e+01, -7.830382377633507e+01, 1.923551673829750e+02, 1.448466218919448e+02, 1.278666030759767e+02, -1.810653413137515e+02, -1.159506730207714e+02, -1.136294413313618e+02, 1.213625736724270e+02, -9.687439758630246e+01, 1.035947349478413e+02, 3.772229031503871e+00, -9.038378512137839e+00, -9.916791556616667e+00, -1.265102392011978e+01, -1.014503344839714e+01, 4.797055822319940e+01, -1.615491395176883e+01, -1.801033065743669e+01, -9.178479906793061e+00, 1.206363113236636e+01, -2.780091138566204e+02, 1.132610174588443e+02, -7.685085588855908e+01, -1.878919197377028e+01, -4.762721353356389e+01, 7.968414750963606e+01, 7.648544204416038e+01, 6.119265080478387e+01, -1.328629181591723e+02, -7.608872083377939e+01, -3.517969671793476e+01, 8.382296913825931e+01, -7.419640467634859e+00, 8.340298077916839e+01, 3.914138604367769e-01, -5.859459237658633e+00, -1.329223591121553e+01, -1.574886883139251e+01, -1.010293486729505e+01, 9.402807779680666e+00, -4.255837160488068e+01, 1.228762921257787e+01, 1.987728281434603e+01, 1.697668393848599e+01, -1.146235311871191e+01, 4.183411946276095e+02, 6.906294380693913e+01, 3.387501118362275e+01, -1.263463662475376e+01, -6.151857805547613e+01, -1.957451225732562e+01, -6.187611493669064e+01, -1.696661125401534e+01, 1.269663592105592e+02, 3.564737437204612e+01, 7.397039440655297e+01, -1.580794697858491e+01, 2.149029099706065e+01, 2.942108311540191e+01, 4.645101586576149e-02, 5.273505163744306e+00, 1.315089410855145e+01, 1.231086690701019e+01, 1.319524054258881e+01, -1.094971030161225e+01, 2.343117643242823e+01, -3.043688834579863e+02, 1.431339592825213e+02, 1.824658774744771e+01, 2.670484196735628e+01, -4.882025471051060e+00, -1.147753127773117e+04, -5.387388117535542e+03, 3.653942451379272e+03, -2.861497887315265e+03, 3.179212984266575e+03, -1.819204818504235e+03, -6.627166227663312e+02, -1.201263710523788e+03, -7.264612417150322e+02, 9.018430102327139e+02, 7.195677627994542e+02, -1.546063378640931e+03, 1.323450781192599e+03, -1.602734060438987e+03, 5.866535809446766e+00, 2.426751640140377e+01, 4.265789392773113e+01, -1.111890826458287e+01, 1.163866149214034e+00, -1.060714665801267e+01, -3.919895380578781e+01, -1.567843526629588e+00, -7.970600870345694e+01, -1.503783668175188e+02, -5.264594065859514e+01, -3.488424069374756e+01, 4.082688587579266e+01, -7.581706694064224e+03, -3.211608318658116e+03, 6.442618464413349e+02, -5.892009908420576e+02, 1.310220945824759e+03, -6.105240068867781e+02, 2.905941271623053e+02, -1.600737485583183e+02, -1.586017402185237e+03, -5.128616050054467e+02, -8.455641153457295e+02, 1.730703571203702e+02, -3.749706157163078e+02, -3.174551782694251e+02, -1.745810532447198e-01, 4.265789433455722e+01, -7.324017364687989e+00, -3.465931705069482e+01, -9.228578707603083e+00, 2.932474148591712e+00, 1.007756844834530e+02, 2.663131801003251e+01, 2.700739921446926e+01, -2.718869845760982e+01, -8.337124393151072e+01, -6.059852486526387e-01, -2.088230069782485e+01, 2.570023970138298e+01, 5.079331247844024e+03, 3.238915548661334e+02, -5.575749634329662e+02, 4.942561523230603e+02, -4.677059614254841e+02, -6.527172689123030e+02, -4.842481423217100e+02, -3.825197160051906e+02, 5.217535971130981e+02, 2.598794647045331e+02, 3.092018298250133e+02, -2.367762441977193e+02, 2.183456774658075e+02, -1.416230647670876e+02, 9.038378295015836e+00, 1.111890759231570e+01, 3.465931635409241e+01, 3.974637895965121e+01, 1.868499490583532e+01, -1.655262495051161e+01, 1.932479578790639e+01, -7.852049165947987e+01, -6.046045508352651e+00, -9.903135584004170e+00, 8.081338183651812e+01, 9.812204980910612e+01, 5.969490060659308e+01, 3.242942383465752e+01, -3.629858250292448e+01, -3.770349276607424e+03, -6.248451486305145e+02, 5.651499129548979e+02, -8.425769533115483e+02, 4.879912939624481e+02, 9.000063293846451e+01, 8.646412243059275e+01, -2.218135239536712e+01, -4.850102521437038e+02, -1.017686698465423e+02, 2.103665450478794e+02, 2.611767883981652e+01, 3.274121168114953e+02, 6.103238689865894e+01, -5.859459866810947e+00, 1.163866094172843e+00, -9.228578608419641e+00, -1.868499535961609e+01, -4.363684995038553e+00, 1.370403928957781e+01, -3.165879217600984e+00, 1.401455535433953e+02, -7.419677864210261e+01, 4.719624711271155e+01, 7.271425613617651e+00, -3.470713718246094e+01, -4.493582932495611e+01, -3.490270168314031e+01, -2.206455743680329e+01, 4.684581419309871e+00, 4.176310324305085e+03, 1.695455044480357e+03, -7.827247457002456e+02, 6.463511092846123e+02, -1.043231776344124e+03, 4.792982596036185e+02, 6.696151551685998e+01, 3.482998368837760e+02, 4.053278511469122e+02, -1.610979112620354e+02, 1.529736616943605e+01, 4.021870912047340e+02, -2.623421316607105e+02, 6.159277994885015e+02, 5.273504303339452e+00, -1.060714642616313e+01, 2.932473972164535e+00, 1.655262486754745e+01, 1.370403904465458e+01, -6.651555314711397e+00, -3.229576645453301e+01, -9.247417379189288e+01, 6.826830831413021e+01, -4.620217282019993e+01, 3.465754219327800e+01, -5.785686978520667e+01, -2.417453101682303e+02, -2.128913394529590e+02, -1.292126674333155e+02, -1.607617370638607e+02, 9.296388687095865e+01, -1.953580407974425e+03, -2.939146617344732e+02, -9.443167072851472e+02, 6.593522126906240e+02, -2.606142266080403e+02, 6.641127927325009e+02, 8.935996771125408e+02, 6.239143132247525e+02, -1.611533358658739e+03, -9.956080216229815e+02, -1.228063087244253e+03, 8.973859732107991e+02, -9.555683769379318e+02, 5.812518705773064e+02, -1.497390951751194e+01, -8.050482068670971e+01, -3.436508645062413e+01, -4.396136869326264e+01, -5.559943925745627e+01, 3.984635422003937e+01, 2.808989896529214e+01, -1.023736892872167e+02, 6.621577938359285e+01, -1.875968286915436e+01, -2.231648043054777e+01, -4.157429832206913e+01, -3.308131202589296e+01, 7.565708994034671e+01, -7.281383852509043e+01, -4.183782099214685e+01, -3.808468299076404e+01, 1.521812888185734e+01, 3.637050206136967e+02, 7.697710429745279e+02, -7.945091198087350e+02, 5.733341166828361e+02, -6.257304447361831e+02, 8.439554310920040e+02, 7.163104401049009e+02, 6.423799416774274e+02, -1.008625783132171e+03, -7.239982125481246e+02, -7.066549443016825e+02, 7.774953984859756e+02, -6.506412465220437e+02, 7.214410120448615e+02, -4.137311732279794e+00, -3.620862150727347e+01, -4.078732580984557e+01, -3.448540042207539e+01, -2.682011608052938e+01, 3.644432645063132e+01, 1.253210449286086e+02, -1.427804825275068e+01, 7.649289233856281e+00, 8.769917546263463e+01, -4.664362978751016e+01, -6.660562302626123e+01, -3.820367271156145e+01, -4.964581881290651e+01, 6.638773779714911e+01, -4.698560720234505e+01, -2.811568693462174e+01, -4.135556761806973e+01, 1.966551536620972e+01, -1.033810455175329e+03, -1.075557373974974e+02, -3.720800853834678e+02, 1.400112741838307e+02, -6.512143619200688e+00, 3.244960971534908e+02, 3.889601717004617e+02, 2.144298220124920e+02, -7.711748762682689e+02, -3.992889743312846e+02, -3.866397703539710e+02, 3.430708715229884e+02, -2.664672142689026e+02, 1.657262044802681e+02, -2.019218653185563e+01, -2.654691968552760e+01, -4.125030503984532e+01, -5.006509130323644e+01, -3.797457165332435e+01, 3.471432779044332e+01, 1.375875151652487e+02, 4.434161349027479e+01, -3.221669387834265e+01, 5.329466540211682e+01, -4.127959568648041e+01, -2.710279148905644e+01, -4.327334079119655e+00, 3.987986712448876e+00, 1.767585568618106e+01, -2.719823446784200e+02, -1.484549271394212e+02, -7.576217572984028e+01, -3.974722130716089e+01, 6.793252160124169e+01, -3.884743460338064e+03, -3.429177358845458e+03, 1.625457863708871e+03, -1.626214128258305e+03, 1.632669586020343e+03, -2.460576638917272e+03, -1.699037967063581e+03, -1.609703608510469e+03, 1.355164164766506e+03, 1.202501862733343e+03, 1.391401315019697e+03, -1.373612243016487e+03, 1.391699523128216e+03, -1.460066884998666e+03, -3.667479119298807e+00, 8.397262499790618e+01, 5.188783092086177e+01, -8.929099237685438e+00, 3.401411380139292e+01, -3.354071373415353e+01, -7.225457811291510e+01, 2.986515500971847e+01, 2.022115689098270e+01, -1.204103737402468e+01, 2.664209675250324e+01, -4.546990674345350e+01, -4.608784126031949e+00, 3.518256851704378e+01, 6.919689997543642e+01, 1.785246264863620e+01, -2.769391809494682e+01, -1.983533484331010e+01, -1.953100473477614e+01, 1.537057748053862e+00, 1.508255224327057e+00, 7.659626917171829e+01, -1.074308057847203e+03, 6.855446092910087e+02, -5.906724498202276e+02, 3.866446177318619e+02, -1.046947897591405e+03, -8.112273157503629e+02, -6.435047178921195e+02, 8.630080847362740e+02, 5.785720454597911e+02, 7.428216002302316e+02, -5.665229315204377e+02, 6.221323312570980e+02, -4.238605395324061e+02, -2.238373661466295e+00, 5.568106331901969e+01, 4.441271555358832e+01, 8.013798758772497e+00, 2.345386195436689e+01, -2.930703148968059e+01, 7.815247377136245e+01, 8.263266333001201e+01, -1.138470473604662e+01, -1.970625109160929e+01, -1.469698583457094e+01, 1.916207144163919e+01, 6.981467544827891e+00, 2.730490958080487e+01, 8.754442691043519e+01, 3.514402081307474e+01, 1.968690434078158e+01, -1.443219792854215e+02, -2.802905915058397e+01, -3.712221505646787e+01, -9.694497016281503e+00, 2.287764249294265e+01, 3.693258044211209e+02, -1.408634857149424e+03, 7.045827023036678e+02, -5.488419030301453e+01, 5.925972887434449e+02, -1.252720700116053e+03, -7.244467664549095e+02, -6.350439605577217e+02, 9.405604263191705e+02, 7.101542948796454e+02, 2.985268075931706e+02, -7.945758807592949e+02, 3.275451381801372e+02, -7.377473865235677e+02, 3.740909400809076e+00, 2.143016510877609e+01, 5.631494915260659e+01, 2.577369323259488e+01, 1.635168264443713e-01, -3.460298991524699e+01, -8.945469940602760e+01, -1.832215143423696e+01, 3.070982288325630e+01, -9.666532302532703e+01, 4.950477635426785e+01, 9.463393766076244e+01, -3.881407640785190e+01, 4.260902851220959e+00, 6.424851248941300e+01, 3.978748700219107e+01, 6.829428302433497e+01, -2.737194997065558e+01, 9.236928742343666e+01, 3.424522959612853e+01, 5.500427430085884e+00, 6.308536148373713e+00, -1.488094378026036e+01, -1.071708494723998e+03, 3.508782489681702e+02, -2.875929276700358e+02, 3.374719700894308e+02, -3.594461204547810e+01, 5.232183505359807e+02, 5.144507603571614e+02, 3.718462239513381e+02, -5.491523595591309e+02, -3.093948938729084e+02, -5.488192385262898e+02, 2.837840043533677e+02, -4.051554441152526e+02, 1.359131072406502e+02, -5.999629168290648e+00, -2.746836176448670e+01, -4.273208728477073e+01, -2.849549084941955e+01, -2.951389056783238e+01, 2.442985034908370e+01, 4.737558518338337e+01, 3.464347763282675e+01, -7.064516892756401e+00, 5.738772629833243e+01, -4.093477987260521e+01, -6.731343946493557e+00, 4.755120489556866e+00, 3.172026502737270e+01, -3.177390067365820e+01, -1.728339560310660e+01, -3.824298705276364e+01, 4.819984986628577e+01, 3.317100750793326e+01, -5.692968747797717e+01, -2.083772957800571e+01, -2.863113097318472e+01, -2.684160441882912e+00, 7.474978320452671e+00, 1.320992793978655e+03, -4.063464428933281e+02, 2.168763035717630e+02, 1.921204868771400e+02, 7.670320358435478e+01, -4.670802392475225e+02, -3.212601225537779e+02, -2.385216635495544e+02, 5.322884357530836e+02, 3.125312666470840e+02, 1.219151465825298e+02, -2.980923968000964e+02, -5.540387538318630e+00, -2.976382359328213e+02, 1.107523061046585e+01, 3.939614979209657e+01, 4.183653160106589e+01, 3.160712264220000e+01, 2.007630211083924e+01, -3.393220353623173e+01, 1.810424270683297e+01, -6.159294897238936e+01, 4.238940138769419e+01, -3.658252644851453e+01, 1.451174426861542e+01, 5.453718128472991e+01, -5.252393670211769e+01, -2.157434567042926e+01, 8.202664021628729e+00, 2.615108127783033e+01, 1.041800613525648e+02, -4.085311390511602e+01, 4.227094963063352e+01, -3.209210096412695e+01, -3.993802128612676e+01, -3.822250439713175e+01, -2.665824887669295e+01, -4.503778184332911e+01, 4.163841488645153e+01, -3.098379005373165e+03, -1.330507792246060e+03, 5.311737674233871e+02, -3.641408237596697e+02, 9.199906523400571e+02, -3.399772870624039e+02, -4.458740010657061e+01, -3.374816395714756e+02, -3.056593889251692e+02, 1.745602113221182e+02, -1.513787704665790e+00, -3.973086605067120e+02, 1.854054096151917e+02, -6.897240437913130e+02, -1.473428112403368e+01, 5.960424907876299e-01, -2.116441613878721e+01, -3.027009241523030e+01, -4.246437398519565e+01, 1.921969297404800e+01, 1.242626235105606e+02, 7.046278689015665e+01, -2.078976335331505e+01, 2.845858174119925e+01, -2.500612864383248e+01, 3.217904311998491e+01, 2.095878339497396e+01, 1.108957256071164e+01, -4.338325345275937e+01, 5.871699002343814e+00, 1.393562921878149e+01, 3.350925393070394e+01, -2.533255820390195e+00, 6.086150617616438e+00, 4.913435512422607e+00, -3.808375788360161e+01, -4.340337187121101e+01, -4.032769470350283e+01, -2.401906875810354e+01, 2.701281444785957e+01, 1.731164628988070e+02, 8.452303698275247e+01, 7.977589719662642e+00, 4.203501542568732e+01, -1.662830421544533e+01, -9.900513648536875e+01, -6.709607464437023e+01, -4.226783540878491e+01, 1.070972087135406e+02, 7.394618771300519e+01, 5.538868426141904e+01, -6.621898463168513e+01, 4.586800120062124e+01, -4.604630591778593e+01, 8.946604553154118e-01, 5.015060087399312e-01, -4.104083695714653e+00, 5.615052299331432e+00, 1.856124311114649e+00, -4.944555551670735e-01, 8.709319378826731e-01, -7.333700944789526e+00, 2.795194386239268e+00, -3.912523994969278e+00, 4.712382437149180e+00, -9.395129863176246e+00, 4.313154662658492e+00, -7.380136466288651e+00, -1.096142038789162e+01, -4.930402203571198e+00, 2.599708564461713e+00, -4.374790645699431e+00, 5.585826991530603e+00, -1.312208097826775e+01, 2.714085836073937e-02, 9.483927075966571e-01, -3.436884672741907e+01, -4.843640848380838e+01, -7.598903113368026e+01, -3.336225748675062e+01, 4.738297364215595e+01, 1.562576405188427e+02, 3.739778103512070e+02, -6.946338441497701e+01, 1.881408167705795e+02, -1.031629947755645e+02, 6.912776467867893e+01, 7.491439542832444e+01, 1.043554478544345e+02, 3.766903498235929e+01, 5.128345746800853e+01, -8.681336335948086e+01, -1.923050427953815e+01, -7.708194770561481e+01, 6.361263178870375e+01, 5.029752751462311e-01, -4.217404884121903e-01, -4.911123502115444e+00, 6.232059870448138e+00, -1.952287109570953e-02, 1.078542493655474e+00, 6.023652427901933e+00, -5.298421094002973e-01, -4.209236445556550e-01, 2.042281566385044e+00, 4.252632175267349e+00, -1.901160695960915e+01, 7.083422425055996e+00, -2.103354931530789e+01, -2.085915966738983e+01, -1.994049686702120e+01, -7.715768814212277e+00, 5.941535686812025e+00, -3.418368564529197e+00, -1.130883714624858e+01, 1.342614781595504e-01, 5.908716511085826e-02, -7.097283216978828e+00, -2.415632897288505e+02, -1.432212346353286e+02, -1.645287109871397e+02, -9.440493231698412e+01, 1.195469829840459e+02, 1.003685780223723e+02, 4.356327303381281e+02, 1.879972811097023e+02, 1.314526591887849e+02, -5.481376610372484e+01, -2.709698484637462e+02, -3.097159550807543e+02, -5.582958624209061e+01, 8.660593865187770e+02, 5.335797512593681e+02, 3.126048494390306e+02, -3.222593881614335e+02, 2.452286237351678e+02, -1.161415626410639e+02, -8.564440690853483e-01, 2.553270594388199e+00, 1.861541077033360e+01, 3.250393684628111e+00, -3.478702795411115e+00, 3.306735036945582e+00, 8.974859119843094e+00, 8.708757057577881e+00, -6.835687224983580e+00, -1.072788068142842e+01, 2.779849757405528e+01, 1.684632560810267e+01, 3.840668798128350e+01, -2.573603701964895e+01, -1.260553940284324e+02, -8.323401442630704e+01, -9.670826280801761e+01, -7.399701187855591e+00, -4.283509176725852e+01, -4.600941924552188e+01, 1.871400480331788e-01, 9.320380716934651e-01, 3.220475772533218e+00, 4.090112544363394e+00, -4.355443428610906e+01, -1.999060467721802e+01, -8.249065328350534e+01, -4.743635576972829e+01, 1.579526245848842e+01, -5.030744859916227e+02, 1.573826629410301e+01, 2.621150092007565e+02, -4.863270155859688e+02, 2.066507767232114e+02, -2.934143835417851e+02, -3.947394915357216e+02, -3.699528887106371e+02, 1.751414305189768e+02, 2.780606854038635e+02, 5.550634649353930e+02, -3.513348758243625e+02, 5.934414976429019e+02, -3.749277096235522e+02, 1.851918685641341e+00, 5.060367109112518e+00, 3.905179319533599e+00, 1.055630190366224e+00, 1.819036008577178e+00, -4.580191699401142e+00, 9.491263269175517e+00, 1.750676350569194e+01, 2.626838180150653e+01, 5.107749127311319e+00, -5.581559378818772e+00, -1.366435884058894e+01, 5.262700402530169e+01, -1.616014827633961e+01, -6.433234516860578e+01, -3.436860566070986e+01, -6.606044335429585e+00, 3.109806383835870e+01, -2.634645946978562e+01, 1.560810245584635e+01, 8.216708569827262e-01, 7.360151149656655e-01, -1.926038657742302e-01, 4.348673872254254e-01, 4.362385968682308e+00, 1.832017759826498e+01, -1.836830884200488e+01, -7.760831151370981e+01, -9.241961004716330e+00, 4.725039663745584e+00, 2.907669214948168e+02, 6.581678206248370e+02, -2.295932348736299e+02, 6.458796585781403e+01, -2.371018133221314e+02, -1.466107569113545e+02, -7.843410821374293e+01, 2.108542823602746e+01, 3.277100206202700e+02, 1.240403619955298e+02, 1.027555453272926e+02, 1.976343232352865e+01, 1.580129767644529e+02, 9.159102095737425e+01, 2.492044315863980e+00, 3.057147155932182e+00, -1.962963131468018e+00, -3.379482778677005e+00, -2.490899672437552e+00, -9.546342375546426e-01, 3.374185189948903e+00, 3.881668121193990e+00, 6.659078930009463e+00, -6.487856069757074e+00, 1.226240611069547e-01, 2.154368921502332e+01, -2.300660493275074e+00, -1.760567157644630e+01, -4.509024824437179e+01, -3.105081058062771e+01, -3.088562467673048e+01, 2.633407465863691e+01, 1.827391117146752e+01, 8.842852226886260e+00, 5.658780532401855e-01, 3.566664149622981e-01, -1.024577952792888e+00, 2.112988810682861e+00, 7.161695702081096e-01, 1.071648979393040e+00, -2.899158114977933e+01, 4.728391627422891e+01, 6.296339487263710e+01, -7.195549434030596e+00, -1.376385528685930e+01, -7.657047340307071e+02, -3.869039053077728e+02, 3.235133508182360e+02, -2.621718701891256e+02, 1.255483166154672e+02, 1.985348801149552e+02, 1.187766727128386e+02, 6.918198208826266e+01, -2.578165097523086e+02, -1.667226053848893e+02, -3.582201892107056e+01, 9.061284454736068e+01, -1.071978784345346e+02, 9.625926499563488e+01, 5.922930730431218e-01, 1.693969859207936e+00, 1.022576591129018e+00, -2.089936427722132e-01, -2.478229839653157e+00, 1.012276079841158e+00, 3.964945971038647e+00, 1.185248360200042e+00, 1.176471921203832e+01, -7.022590039136315e+00, -6.312102007758400e+00, -6.881847049575194e+00, 3.887869464833637e+00, 1.445646159939962e+01, 3.312764714567978e+01, 1.101919816970899e+01, 8.126648580636532e+00, -2.173486031115549e+01, 2.259961668594729e+01, 9.571412069604557e+00, 2.509137098305131e-01, -2.592069806059417e-02, 2.547786816184767e-01, -1.310077038448122e+00, -8.715504764185227e-01, 4.658537286952344e-01, -1.821101796057404e+00, -5.274917895762377e+01, -5.466508169040247e+01, -1.490615509623622e+02, -5.345394715094933e+01, 7.308434946274248e+01, -4.583689442543321e+02, 4.859117707969723e+02, 1.399565049659338e+02, 1.010702894850859e+02, -3.589655907788242e+01, 4.397625460039703e+02, 3.017262165247223e+02, 3.270760540530086e+02, -1.913297381012922e+02, 3.820559369271455e+01, -2.304369751324036e+02, 2.172300285075876e+01, -1.882365168192974e+02, 2.411840108482308e+02, -3.453088614981432e-01, -2.077254939146313e-01, -3.208464937571613e-01, 1.295541415396710e+01, 2.855174862870716e+00, 1.437219462148658e+00, 2.344365742421783e+01, -8.638686917015800e+00, 2.080855841068052e+01, 1.043918855265437e+00, 1.035708656961413e+01, -2.897520884086654e+01, 5.932977963150792e+00, -1.625271120264243e+01, -5.267145836850209e+00, -2.322624709629854e+01, -1.339235359355190e+01, 1.252918407662094e+01, -1.610398833394303e+01, 1.373952824924336e+01, 5.908744392115278e-02, -9.491773245133880e-02, 3.954273164383864e-01, -7.039767871906822e-01, -5.563498755893251e-01, -4.592800702387481e-01, -1.475299834284467e-01, -1.171101527381851e+01, -3.935925259474675e+02, -3.366514313789098e+02, -4.378252710012336e+02, -2.841705608734381e+02, 1.904035280754849e+02, -6.865519459141440e+01, 1.885130176184460e+03, -1.097816631822675e+03, 1.243270044182222e+03, -9.726498761914905e+02, 1.366273185911519e+03, 1.102683769576258e+03, 1.269377267794593e+03, -6.904103581242672e+02, -4.677274660749920e+02, -1.145125942884941e+03, 8.410906950599002e+02, -9.983672574352260e+02, 1.277864446790561e+03, -1.287003288482516e+00, 7.390673887129633e+00, 2.291433512352454e+01, 3.880136785029222e+01, -1.023021643445637e+01, -1.101269126580711e+01, 1.915370108855840e+01, 7.493337797382760e+00, -1.306597721152129e+01, -1.296163670924604e+00, -1.163340631273657e+01, -1.278380142799532e+02, -8.876190489316458e+01, -4.076711808083012e+01, 1.964536461305178e+02, -4.179736307681698e+01, 1.799667133173627e+02, -8.759323025868996e+00, -3.205152736470852e+01, 6.317588406993737e+01, 9.320378037452495e-01, 3.954270024918304e-01, -5.830099033247173e+00, -1.746500919034414e+00, -3.802886991966380e-01, 1.722212303241641e-02, -8.507491840979756e-01, 1.631389294620248e+00, 1.502829212503318e+00, 8.867458318913772e+01, -9.487762145423324e+01, 1.845934705922778e+02, 7.319443842186752e+01, -2.704287834682813e+01, 1.391019088701052e+03, -2.115651048659347e+03, 2.034930008979338e+02, 1.245474303197816e+02, 2.336373923226478e+02, -1.747024699849688e+03, -7.823989250502946e+02, -7.028236048091178e+02, 8.840068099277082e+02, 2.446985358805481e+02, 9.709242898513092e+01, -2.096136554533874e+02, -7.202142248190978e+01, -1.906789879663719e+02, -4.499313841533267e-01, -3.061018558583608e+00, -1.987135153093256e+01, 2.441053747364843e+00, -2.231575338026687e+00, 2.540439805773913e+00, 1.076758667154840e+01, -3.879622408521546e+01, -3.811651330683802e+01, -8.236157338353597e-02, 1.483977194960640e+01, 1.586971854693905e+02, -2.490773467119020e+01, 6.948069227745684e+01, 6.610159485162251e+01, -6.787590346183071e+00, -2.592048010851138e+01, -5.485968853874031e+00, 8.062251151784860e+00, -1.311916741074936e+01, -7.360146776844241e-01, 7.039771444957846e-01, 1.746501939668920e+00, 1.969555106451481e+00, 3.513893222138945e-01, 6.528778706333772e-02, 3.634194723400612e-01, 5.632039889436266e-01, 2.219643965678575e-01, 6.802525578241176e+00, 7.022813687530146e+00, -4.395729752884205e+01, -2.169518698799527e+02, -4.789371616938477e+01, 6.133357577562299e+01, -1.998885994664537e+02, 1.665666740985969e+03, -3.572507056764604e+02, 1.153264264807759e+02, -4.294059028738248e+02, -8.916610111932464e+01, 1.859727383296513e+01, 2.379704770713150e+02, 8.268791943720815e+02, 3.766914511575377e+02, 1.469432708788882e+02, 1.961744004835941e+01, 2.861143561608985e+02, 3.089611598694329e+02, 1.833443809779725e+00, 9.323966943019180e+00, 4.069590712150202e+00, 2.823386260282058e+00, 7.117990624096322e+00, -1.497782121983757e+00, -1.507828919076376e+01, 4.293481132718268e+01, -3.944272044558524e-01, -1.057600853891437e+01, 1.614978986344677e+01, 1.309082650626924e+01, -2.317860750788227e+01, -5.627317443144119e+01, 2.425359759078282e+01, -2.317530193186951e+01, -5.743386129501604e+01, 2.370880826809848e+01, 5.204455871755842e+01, -1.136894972385062e+01, 3.566659919054337e-01, -5.563490377461860e-01, -3.802882642836162e-01, -3.513895988315791e-01, -2.393712577676333e+00, 8.376314730409731e-01, -2.838262412777309e-01, 8.125351971361313e-01, 1.696434789568800e+00, 5.148719671935054e-01, -1.516226078079938e-02, -1.006170777762329e+01, 6.209228455775226e+01, 1.648199857406998e+02, 3.055020009068387e+01, -3.972707977555302e+01, -1.053519798688526e+03, -1.338263761822301e+03, 1.002628345295895e+03, -7.798659196611868e+02, 4.200685083486802e+02, -5.192054610065718e+02, -4.345837701839461e+02, -3.768022555788147e+02, 1.404085202179708e+02, 8.731061759775944e+00, 5.289730826984974e+02, -1.639293116816306e+02, 2.212333368337912e+02, -1.899502081317264e+02, 6.305177904861498e-03, 1.479296606855926e+00, -5.504395945219704e+00, -1.105192716766060e+01, -1.923919928478181e+00, 6.041061837727169e+00, 1.413098276570539e+01, -8.526665586790791e+00, 2.349623141973104e+01, 6.123990200004268e-01, -1.077844882537087e+01, -2.137318107837871e+01, 3.326062546691889e+01, 3.760322355033292e+01, -5.889125055895139e+01, -2.843810993063279e+01, -5.087328050641249e+01, -5.550084391773633e+01, 1.010321498281993e+01, -3.590319615514654e+00, -2.592066412212936e-02, -4.592801587793910e-01, 1.722279689954898e-02, -6.528756507766517e-02, 8.376316660954445e-01, -8.081342420777065e-01, 1.357957621075933e-01, 5.314600448219189e-01, -1.461112150797136e+00, -1.018994598481923e+00, 3.836601717311134e-01, -4.232430652606565e+01, 8.751388733611556e+02, -7.377149196267220e+01, -5.961474065475505e+02, -5.226819534961147e+02, 4.708150959799449e+02, 1.428412896468026e+04, 7.933074678729667e+03, 4.421591469713850e+02, -2.927979633473777e+02, -2.281253807289455e+03, 3.872345278823910e+03, -3.508336845627061e+02, 3.540967844852961e+02, 3.797765781164728e+03, 1.959723641034276e+03, 5.714342010686336e+03, -9.785949623536164e+02, 2.677363607777212e+03, -1.213178481234042e+03, -3.575742668467362e+00, 7.246980491712598e+01, 9.786588501527744e+01, -4.214215941073158e+01, 5.126117696131472e+01, 1.684033128633603e+01, 1.064009921129525e+02, 8.441455479715583e+01, 2.500851832650443e+02, -8.308565489272591e+01, 1.202883123945783e+02, -7.312982216010448e+01, 2.924385685429075e+02, -2.234924469494831e+02, 1.492087675702358e+02, -6.493923390403242e+01, 1.181027887835051e+02, 1.371998830347612e+02, -2.520870342270757e+02, -1.321488690966893e+02, 5.126487983177844e+00, -7.088004467170105e+00, -3.857273091473165e+00, 5.324549772896731e-01, 1.334733912359639e+00, 5.878211531790150e-01, 1.729435188621636e+00, -5.263995396069285e+00, -1.145049666339596e+00, -4.387310612878978e+00, 7.563439029528695e-01, -2.551659306560574e+00, 2.423804597059000e+01, 1.117860627251191e+03, 2.807100112757577e+02, -2.180166743691226e+02, 1.768503116963468e+02, -2.914481126367831e+02, 7.315706854754912e+03, 3.425660453854908e+03, 4.555292461842191e+02, 1.369996121877421e+03, -2.244514031482884e+03, -1.043647996680640e+03, -1.581106761490045e+03, 2.794199229990866e+02, 3.880513710424936e+03, 1.701236225793019e+03, 1.438562011479941e+03, -1.417238672628331e+02, 5.962944014479497e+02, 8.486438381025647e+02, 1.605771842123958e+00, 1.162980956069488e+01, 3.113634343251889e+01, 7.333805034344580e+00, 1.607777373506477e+01, -5.440350692875963e+01, 5.152629280706962e+01, -1.092902386180806e+02, 2.052874032919556e+02, 4.908423701437832e+01, 5.899263551735770e+00, -2.853969006708388e+01, -2.865705353768565e+02, -1.951812257747042e+02, 3.941374036478443e+01, 2.615453526286267e+01, -1.090535758537768e+02, -8.321148940754362e+01, 1.774370069153105e+02, -5.890195365943219e+01, 1.578586528363830e-01, 3.070488192353364e+00, -1.023351040008826e+00, -3.760039350311775e+00, -4.004475326672309e+00, 2.076784663696662e+00, -4.691508723578286e+00, -5.628556050965090e+00, -3.224393357159297e+00, 3.265499600935698e+00, 3.053175897602351e+00, -4.961490540072986e+00, -1.844483993099164e+00, 8.393886820490591e+00, 5.085449591936127e+02, 6.787800239167942e+01, -2.282860054524453e+02, 7.809800919542231e+01, 1.510234091264108e+00, 2.386329245863819e+03, 5.721973727685160e+03, -2.121057586512627e+03, 6.222025455423930e+02, -1.800003180352905e+03, 3.261949994477343e+03, 1.376403428625100e+03, 1.735182636395548e+03, 1.646798006169471e+03, -2.067143782702485e+02, 3.034048612715486e+02, 1.782672519024435e+03, 1.975275916834370e+01, 1.702986436305983e+03, 4.917301956278604e+00, 2.000025806335892e+01, 2.792253584066028e+01, -1.884543205237486e+01, 3.885512173854183e+01, -1.606554258348922e+01, 8.683223146479905e+01, -4.908047232635969e+01, 6.069850290479137e+01, -3.500839438585988e+01, -2.295394056439615e+01, -1.258757255137971e+02, -1.570266633059599e+02, -1.518089921826289e+02, -2.758841374892084e+01, 9.474074642302713e+01, -1.030495481360633e+02, 7.524327697139492e+01, 6.718755798942613e+00, -3.556858046914093e+01, 1.554703030185295e+00, -1.744104792899135e+00, -4.201608143481796e+00, -3.378723856796447e+00, -2.307396840099865e+00, 8.187556418673929e-01, -8.653599712892407e-01, 3.402372850613009e+00, 6.464436018958770e-01, 2.659586591459810e+00, 1.244553005608859e+00, 3.626400578437359e+00, 5.166179970276876e+00, -3.561105415515686e+00, 5.841227433786091e+00, -1.462641745991281e+03, -2.716542453314785e+02, -2.163564519717020e+02, -1.259067006767260e+02, 5.831154728464803e+02, -8.591642330177498e+03, -2.701625897952042e+03, 5.472114014461334e+02, 5.900820967155430e+02, 7.745225607592188e+02, 1.030652078158479e+02, 1.439244892123369e+03, 1.411823902382757e+03, -1.531366348892329e+03, -9.146081906496572e+02, -2.308320493546365e+03, 1.329582496528790e+03, -2.423081228211566e+03, 1.168363927272485e+03, 9.612769161806434e-01, 1.242915293938092e+01, 2.074508365131830e+01, 1.875713890537891e+00, -8.065064551439916e+01, 2.090769886998868e+01, -5.754016986945524e+01, 2.215418465922423e+01, -1.391531862755063e+02, 1.420396782753583e+02, -2.542187398694064e+01, 4.716848767045618e+01, -6.521937364683530e+00, -5.887223854048166e+01, -2.573974612637343e+01, -1.902418571233738e+01, -8.816707222803480e+01, 1.604282915232807e+02, -1.518737386143313e+02, -5.723389098975575e+01, 7.629030907479847e-01, -5.042500024823267e+00, 1.200006898877567e+00, 2.218488041367643e+00, -1.576579716215612e+00, 1.796254125248906e-01, 3.296550731483029e+00, -2.707683793584817e+00, 7.957966412610054e-01, 5.540557136985210e+00, -1.902350550196845e+00, -6.496800074349681e+00, 4.069630230109446e+00, 2.937556138455453e+00, 1.549476610149060e+00, -8.667558064635468e+00, -7.533121571875170e+02, -1.537612917996715e+02, -1.549546197549377e+02, -5.901558669437695e+01, 1.941851961233307e+02, -2.910654058052497e+03, -1.645430673761491e+01, 2.383669975054419e+03, -3.584605123701923e+02, -1.088249666526814e+01, -1.521213299609420e+02, -4.714863579963321e+01, 1.014818488336746e+03, 3.106157024655187e+03, 1.046335499491877e+03, 9.679572521546179e+01, -1.510525819509256e+02, -9.665203943156145e+02, 1.097461585789518e+03, -1.264059487920112e+00, -6.012753813269076e+00, 5.959189755156750e+00, -6.337750526638104e+00, -7.510891413279552e+00, 3.134809463015051e+01, 7.542427352835922e+00, 3.109036730490321e+02, -1.001425411808900e+02, -7.975742512872417e+01, 2.239125503895988e+00, -4.183709149477719e+01, 2.743145273354255e+01, 1.200890211492653e+02, -5.910355435433314e+00, 3.476068313041719e+01, -1.874360218921215e+02, -4.342485139921996e+01, -1.121507678543095e+01, -6.264698784950512e+00, -1.544917378852758e+00, -1.880867555815144e+00, -9.823916383546316e-02, 4.008751518857898e+00, 8.108126234500878e-01, -3.243480429992465e+00, 3.722305175886973e+00, -2.383331737834224e-01, 3.192692904123906e+00, 9.746770217018450e-01, 5.116299898169789e-01, -2.066991200099069e+00, 5.740503047796350e-01, -2.525663765498103e+00, 1.353696598135919e+00, -4.776533885715569e-01, -2.231038721616829e+01, -3.496503001200303e+01, -1.059739553564972e+02, -1.990083034483507e+02, -3.494849753185109e+02, 1.341155698183829e+02, 6.911839359243006e+03, -1.710972960627687e+03, 5.528963768495253e+02, 2.037687074995421e+03, 7.214699554947275e+01, -1.282972527987600e+03, -6.412108749488497e+02, -1.475182208206827e+02, 2.377468248600801e+03, 1.204438595872932e+03, -9.611416791278748e+02, -1.184727766205481e+03, -9.019764347657986e+02, -9.707791332135204e+02, -3.317983624439075e+00, 1.040401982840351e+01, -4.826969424637826e+01, -4.203432470686959e+01, -8.766055383517621e+00, 6.766740817331097e+00, 1.289275979326875e+01, 1.473112283291691e+02, -4.934326269673330e+00, -5.733895588580894e+01, 2.514293096812844e+01, 7.991811444436895e+01, 1.082220335460663e+02, 1.835464871879702e+02, -1.707722190431209e+02, -6.577557822773419e+01, -3.640681158176229e+01, 1.787207449665013e+02, 6.097840568491053e+01, -1.632583422669415e+01, -5.757454283131044e-01, 3.181514340211256e-01, 3.616058429148561e+00, 5.993222623952350e+00, -1.525515751282666e+00, -1.167170078477452e-01, -3.408324227597177e-01, -1.457201137825442e+00, 4.209911111532775e+00, 2.937163604136739e+00, -1.955175202394349e+00, -1.405522327560388e+00, 4.033209113269820e+00, 2.996821538386050e+00, 2.837828199829961e-01, 6.514063444447694e-01, -1.954385269978784e+00, 2.443715117109888e+01, 8.881541870084279e+02, 3.756110156013770e+02, -3.834644836604322e+01, 2.062038510577941e+02, -2.176625427201029e+02, 1.277099273956518e+03, -1.242733024297382e+02, 9.720533941859946e+01, -1.807796324540370e+02, -3.959540459718386e+02, -2.317796254527087e+03, -1.819656944307143e+03, -8.350276518225598e+02, 1.500731998904141e+03, 8.143661808715786e+02, 1.376008855139759e+03, -4.092111669736971e+02, 1.230097656765578e+03, -2.410205804552754e+02, 6.483984073997456e+00, 6.152260509517136e+00, 1.643533723719791e+01, 1.085083249229555e+01, 1.012359801087181e+00, 3.482792509221085e+01, -8.762104739966958e+00, 4.914258372447021e+01, 8.247656646390602e+01, 4.766006976901362e+01, 2.605108761232926e+01, -1.239602048084487e+01, -1.954189032424929e+02, 9.643678976233595e+00, -4.877108803241100e+01, -2.268863389478521e+01, 6.850704108967864e+01, -1.118124183903890e+00, -5.484062421928486e+01, -5.883985125882636e+00, 1.805254573111973e-01, -9.250253358956004e-01, -1.151421324377799e+00, -4.102840738514811e+00, -6.279350212393181e-02, 2.184872299077747e-01, -1.594446325000357e-01, -5.220727455470013e-01, -2.088035403066347e+00, -2.115210355004266e+00, 1.750114063167778e-01, 4.724357485189027e-01, 1.601027856058876e+00, 4.508175056909143e-01, -9.825536064343169e-01, -2.542521224993070e+00, -3.885399261442044e+00, 1.365484375911675e+00, 2.679439104971432e+01, -5.961907085127547e+02, 9.665250165912025e+01, -2.655299975030666e+01, -3.954861524625949e+02, 1.090246546884919e+01, 8.477819785954277e+01, -2.924596779597241e+03, 1.634651278006675e+03, -1.453063260239900e+03, 1.110014729818983e+03, 2.384803203521376e+03, -3.167572064201154e+02, -6.500450964099603e+02, -2.174767545445721e+03, -5.929870752267052e+02, 1.547531356403893e+03, 3.411382905971218e+01, 1.771021604414154e+02, -8.577944912387229e+02, 7.782349456565318e-01, -8.988211883538842e+00, -5.306114507027159e+01, 2.090044590121131e+01, -4.408657116947686e-01, 9.363644899576521e+00, 4.885646656067079e+01, 2.953774690787945e+01, -9.277992256153354e+01, -4.298353284829719e+01, 2.897725093123884e+01, 6.151981961722665e+01, 1.830340184471113e+01, 1.264850928411515e+02, 7.883747938745289e+01, -1.365669367354818e+01, -7.413717707840390e+00, 2.068786875325516e+01, 7.565652877122061e+00, -2.977034803391639e+00, -1.945714384096687e+00, 2.024148156069844e+00, -2.275704429956892e-01, 3.541459141765250e+00, 4.622842911258493e-01, 1.754457096500545e+00, -1.178226680502530e+00, 2.867455722932917e+00, 4.895453390921610e+00, -1.831280739472719e+00, -3.277997513043008e+00, 1.233523307897222e+00, -2.350221177458425e+00, 3.146970976231932e+00, 1.744936149801323e-01, 7.682940400989294e-01, -1.700477258210236e+00, 3.907430742979517e-01, -7.946730359564000e-02, -1.007768841971837e+01, 2.350765787583054e+02, 1.402242312364906e+02, 6.849440586243976e+01, 3.233217346057657e+01, -6.589049990320370e+01, -2.652799129014454e+03, 3.330963756749004e+02, -8.211019094246813e+02, -1.377269052350273e+03, 9.119589745059102e+02, 2.707555972853646e+03, 1.000760844287209e+03, -2.750070677857079e+01, -1.814288308213551e+03, -6.078074614227125e+02, 4.581865562590023e+02, 2.979782513533298e+02, 1.509063601979280e+03, -5.731461891819697e+02, 2.894624914941908e+00, 2.032140286030738e+00, -9.369190131785730e-01, -9.325536144872876e+00, -2.888635021046661e-01, -1.700895899843830e+01, 9.848174492762867e+00, -1.732337497145740e+01, 5.746663041198846e+00, 1.668289056793097e+01, 2.860448652926319e+01, -4.472843834297637e+01, 6.557731146682767e+01, 1.418276269094299e+01, 4.775001034243567e+01, 2.853143428654430e+01, -4.229522427949618e+01, -4.052944589117156e+01, 5.011108441507735e+01, -1.068165915546470e+01, 4.267547693890394e-01, -6.611546613240227e-01, 5.573718765183736e-01, -9.500677684237055e-01, -1.150864614566387e+00, 6.644335248953146e-01, 1.820005674229851e-01, -5.612110068020379e-01, -4.472955713908734e-01, 9.871109551334699e-01, 1.913604608648126e-01, 1.442060304179593e+00, -1.396258862268596e+00, -1.359713588536594e+00, 2.456568359165102e-01, -9.881932913748482e-01, 1.352915608212818e-01, 8.210281718782078e-01, 8.108122240817210e-02, -5.318811555196620e-02, 3.310236263118739e+00, -2.927819020984672e+01, -1.822287798154972e+01, -1.343280529274590e+01, -1.043564472867870e+01, 9.496033698571654e+00, 1.974244297490427e+02, 7.781712537578272e+01, -6.665923807626006e+00, 5.816061575742624e+01, -3.176497279121634e+01, -2.463414439512530e+01, -1.568271100308746e+01, -4.906443478778808e+00, 3.912352842581777e+01, 1.524950328935477e+01, 1.853483144655521e+01, -1.270905213317275e+01, -7.345037748968978e+00, -5.033588129375648e+00, 3.469586304707954e-01, -1.180207742504711e+00, -5.226595736652143e+00, 4.958486637699375e+00, 2.124303235679434e+00, -6.864528959803935e-01, -9.325172946162767e-01, -1.403656056965743e+01, 4.574435343537105e+00, -2.850041573750158e+00, 3.574020452776930e+00, -7.907798935220759e+00, 1.771744505656817e+00, 3.373107706918681e+00, -1.076793309745950e+00, 1.258486039670884e+00, 7.492133254104943e+00, -6.204638430584960e+00, 2.812247284676661e+00, -3.514635751853937e+00, -6.332335401246596e-02, 5.704719164809176e-03, 3.743189976908992e-01, -1.858357535966617e-01, -2.333183084773500e-02, -2.542569631693242e-02, 3.502144499897671e-02, 3.546973490023362e-01, -1.381543990100795e-01, -6.680456684166987e-02, 1.020389926873098e-01, 2.245468525855411e+00, 1.151762036654552e+00, 2.189829688406955e-01, 1.332609208403907e-01, 4.146321716459238e-01, -5.356829718298574e-01, 8.350459862756279e-02, 4.411555093002219e-01, -7.531705599456139e-02, -5.211241775422221e-02, 1.080827753575129e+00, -3.151222507670484e-01, 7.095051860041623e+00, -3.747037478508120e+00, -7.908251345831287e+00, 8.585303410207940e+00, 2.664506597144081e+02, 2.007830909647764e+02, -4.671490864203801e+01, 1.364291389324602e+02, -8.710210918535988e+01, 6.858443936730065e+01, 5.386774421619032e+01, 6.489765056690516e+01, 1.264268098325305e+01, -3.458702196876870e+01, -3.774422848398772e+01, 4.540320622064570e+01, -9.081113964411099e+01, 6.573666534909265e+01, 4.451973982636647e-02, -1.429509331806201e-01, -4.934574068063649e+00, 1.248619277746054e+00, 4.608904906738624e-01, 1.048891168562487e-02, 2.193452271672359e+00, 7.920225820634708e-01, -4.938337711249170e+00, 5.107035356460456e+00, -2.088012469280753e+00, -4.797094697815707e+00, 3.420504423239274e+00, 1.369708779894946e+00, -6.515545054640123e+00, -3.101712372593221e+00, -9.724153388550423e-01, -9.563609065301234e-03, -2.708843562271068e+00, -1.262960711063693e+00, -1.545547918620709e-02, -1.638700603450121e-04, 8.094043716044125e-02, -2.008704969548230e-01, -9.506277466670954e-02, -9.608755913416046e-02, 2.607508885874018e-02, -8.272835992412368e-02, 8.347113052503760e-02, 1.239591948776478e-01, -6.574060366141424e-02, -1.917433667522359e+00, -1.254474977352859e+00, -5.902890144586895e-01, 3.408785020452569e-01, 3.550248898036420e-01, 4.008874534863480e-02, -1.938785477255014e-01, -4.386856993421642e-01, 3.597249172953154e-03, -3.525864398690236e-03, 1.330548535619132e-02, 4.023889816898627e+01, -2.355945346427702e+02, -2.017789297723162e+02, 1.096614821692742e+02, 1.828728641618717e+02, -1.161643290938226e+02, 7.450238574016541e+02, 1.138887203616993e+03, -5.275192409739424e+02, 2.979088019328804e+02, -2.881682179362563e+02, 6.228029183402496e+02, 2.287150433823435e+02, 1.955867053324605e+02, -4.858760573263774e+02, -1.036032753074461e+02, -2.172941899063356e+01, 1.202452372283031e+02, 1.047467375094691e+02, 7.420889522690038e+01, 2.212728121997220e+00, -6.788781584136630e+00, 1.358714809959146e+01, -1.285118498092089e+01, 2.500241145513032e+01, -5.444035014419675e+00, -2.263431988256873e+01, -6.997719242913230e+01, 6.049045095123123e+01, -5.141041437002016e+00, 5.670501085480185e+00, 5.321388329027717e+01, 4.386884257712453e+01, -3.196063490781588e+01, 2.501500539717363e+01, 5.562836169962815e+01, 3.043055005019951e+01, 5.394351697422435e+00, 3.786498145463568e+01, -3.724756723903481e+01, 6.015400565370818e-01, -4.284526901531670e-01, 1.040904668389442e+00, -1.494750576757755e+00, -2.162643779922253e-01, 1.522828354826771e+00, 8.137260052959648e-01, -4.085326413683390e-01, -4.757876331444081e-01, -2.027860150681219e+00, 1.653908072568453e-02, -4.674237719717460e+00, -4.596826351640297e+00, -1.084087297571551e+00, -2.251576781648991e+00, -2.389864650539605e+00, 1.903921690160796e+00, 1.925607946690590e-01, 8.681839983997507e-01, 3.244962069469730e-01, 1.587366857501359e+00, -6.191187971840442e-01, 5.209266225187311e-01, 1.146427383769828e+01, -1.163663833147604e+02, -3.121660926313582e+01, -9.965799384886533e+01, -3.064416339013886e+01, 9.375499643126109e+01, -2.839132615038640e+02, 1.251065714634589e+02, 1.253545691540633e+02, -1.904738466987218e+02, 2.107798751028860e+02, 8.840848841265441e+01, -3.215456302656776e+01, -1.198992463072843e+02, -2.056050076250760e+02, 8.932248509561107e+01, 1.270539496893890e+02, -2.428680544854734e+02, 2.146693762616857e+02, -2.410522274186322e+02, 1.991567070732044e+00, 1.474973682801631e+00, -4.830353535015744e+00, 5.394620541851877e-01, 7.061084446408849e+00, -3.552316725648788e+00, -2.956762530805307e+01, -6.323427539087593e+01, 1.511488180642586e+01, 5.100295861595513e+00, 1.607765274623396e+01, 1.447436559578214e+01, -1.194430107789134e+01, 1.589052125316869e+00, -3.472498787098177e+01, 4.735952642253686e-01, -1.809362366710123e+01, -3.218977661131986e+00, -1.150155301287209e+01, 4.269933525328049e+00, 8.610399594972431e-01, 4.344002843561272e-01, -5.010907574456513e-01, -3.101562852741540e-01, -2.474564711504165e+00, 4.746991250396079e-01, 5.512076723702531e-01, 7.215316988058199e-01, 9.196282045442636e-01, 8.849795561997289e-01, -1.765400830658992e-02, -6.116681002358693e-01, -2.845154167412379e-01, 2.336572839309598e+00, 4.636767398791451e-02, 5.203533880306527e-01, 7.180261000644919e-03, -1.605180240669682e-02, -3.383145146174504e-01, -4.514059604341262e-02, 4.136941942199804e-01, 2.598282072830512e-02, 8.204814588365157e-01, 3.779927881821830e-01, 6.800476263751418e+00, -4.253551185198636e+00, -1.385437977895636e+01, -2.849357091394463e+01, -7.510626629646565e+01, -5.218146310586259e+00, 4.778588167265527e+02, 6.569911708581941e+02, -3.273176939182930e+02, 9.042248152447891e+01, -2.732399357991590e+02, 4.712493488746616e+02, 2.255025709469382e+02, 1.910357025731172e+02, -2.811493398041861e+02, -2.114052282973446e+02, -1.663022192960484e+01, 2.403568849942819e+02, -4.026619692326306e+01, 2.032136163569257e+02, 1.217048860194617e+00, -8.609027003567039e+00, -1.262017664551108e+00, 3.903152354967570e+00, -2.431045564970876e+00, -1.229232805377254e+00, 1.884264017988677e+01, -4.343993343090729e+01, -2.358007897092408e+01, -9.544730457430449e+00, 5.477468344137771e+00, -1.912902297167235e+01, 8.060557292366914e+00, 2.608083931191164e+01, 5.536504882704086e+00, 1.033533424311470e+01, 1.173492694443118e+01, 1.594362606401323e+00, 1.558095073716582e+00, -1.833037549275489e+01, 1.928281357148489e-01, -1.791712502881309e-01, -5.564774222322276e-01, 3.244069351297831e-01, -2.715226346620844e-02, 6.654892164947293e-01, 2.356414186507997e-01, 8.639648099063853e-02, 6.391702474096234e-01, -9.308511352842927e-02, -7.595414446190912e-01, -8.868628175990090e-01, 3.118813789059776e-02, -4.011731159812145e-02, 4.694732488925524e-01, 9.187471832509583e-01, 5.976460957758416e-01, -1.343879991905269e-01, 4.754065887805990e-02, 3.118943249713378e-01, 1.237824519789020e-01, -2.385431609899024e-02, 1.810309317746291e-01, 3.373081172276247e-02, 7.565411492856401e-02, -8.718072112023911e+00, -6.512032149497406e+01, -9.064593099114061e+00, 3.530859179277934e+00, -3.222636665894462e+01, 3.023704907549189e+01, -6.933241338854510e+02, -3.863933141475641e+02, 2.831511907769580e+02, -2.334226501975232e+02, 1.589052009489874e+02, -1.095364432393048e+02, -3.072364649205618e+01, -3.879063315411861e+01, 3.246027707402460e+01, 6.436214974738664e+01, 8.029709187696026e+00, -1.481352256759667e+02, 6.181448417616787e+01, -2.673933790630363e+01, -5.235368025430258e-01, -1.776454030173401e+00, 4.381876377385730e+00, -1.586655651432800e+00, -1.853133747478692e+00, 1.238886190016928e+00, -6.863727375019947e+00, 1.917287564502806e+01, 8.685665328905874e-01, 1.474350938393352e+01, 3.058660706185440e+00, -1.662024533359483e+01, 8.847738291964516e+00, -4.409189349805832e+00, -1.047195337238834e+01, 5.281965568916180e+00, 5.654932823990475e+00, 2.483117729256463e+01, -2.249567564619401e+01, 1.355030114162098e+00, -1.399802040164738e-01, -9.929185248898632e-02, 6.411666883237539e-01, 1.435168312055789e-02, -1.365861853057790e-01, 1.000060716706336e-01, 5.638358955128159e-01, -1.752824118974255e+00, -6.572697407235076e-02, 1.195036374337239e-01, -3.593662579061784e-01, -4.045603583575577e-01, 4.909218718971727e-01, 4.563109058468508e-01, -3.540793600504783e-01, -5.362596194342649e-01, -3.762658092809681e-01, -7.800796905212738e-02, -1.630138352656002e-01, -4.026409638994984e-02, -5.076435343749296e-02, 1.302899312510116e-02, 9.654032785189702e-02, 1.926438512154201e-01, -4.105076066632595e-02, 1.565326735536859e-02, 1.985660414979436e+00, -8.755492274753109e+00, 1.224232950077066e+01, -1.686983266693585e+01, -2.725382807136204e+01, 2.268526521552309e+01, -4.344853853554102e+01, 6.668018026204493e+01, 1.034883912328150e+02, 2.823536897106277e+01, -1.519572530826902e+00, 1.148581417385506e+01, -7.992159219208565e+00, 2.231484625883273e+01, 1.305497097013267e+02, 1.364293230181332e+01, 4.058921209130496e+01, 2.903105995792065e+00, -4.947826515564097e+01, 4.344480694230276e+01, 5.281670479326069e-02, 4.482960912799764e-01, 6.316280765144945e-01, -1.491184840558999e+00, -2.094926315585041e-01, -2.774612669033100e-01, -4.148201431542068e-01, 3.243351744941469e-01, 9.178485684396409e-01, 1.284514938582996e+00, -3.513372984855651e-01, 9.976745122679310e+00, 2.441170252187760e+00, -4.203322671924052e+00, 3.223427654132762e+00, -7.122592815498283e-01, -2.571084880584074e+00, 6.448809681975657e-01, 1.195337104920870e-01, -4.583486603803805e-01, 5.391718916020129e-03, -3.042157881661171e-02, 7.820197038318472e-02, 1.745680641176967e-01, 3.146959482251276e-02, 2.543312989490446e-02, 3.741437494085034e-02, -4.579339644413159e-02, 3.069128634340586e-02, -3.169284787434000e-02, 3.913012818512361e-02, 2.548161305108583e-01, 1.575965048877428e-01, 1.844910347072659e-01, -1.981885075376547e-02, -1.035049267713994e-01, 8.674685928048764e-02, 6.528664181422776e-02, 1.040701352817699e-01, 6.424640622464020e-03, 1.330548108634437e-02, 7.067016039527174e-03, 3.103637645498913e-01, 4.222556693663373e-03, 9.517722098557535e-03, 2.719478756178573e-03, -1.026106885625652e-03, 8.078564457180459e+00, -5.213833544944399e+02, -3.329534537046661e+02, 3.094026446592198e+02, 2.190683196719090e+02, -8.213048386796895e+01, -1.354103322221347e+03, 4.207065974971658e+02, -8.401356518157954e+01, -1.753006407050527e+02, 1.726972281721341e+02, 2.534900691021466e+02, -1.691315550885986e+02, -1.604167046875674e+02, -2.643646655919921e+02, 1.819036120944274e+02, 3.695892433782388e+02, -2.546690323184488e+02, 4.793561109484542e+02, -2.296882565530074e+02, -1.865181805088572e-01, 4.191293568797161e+00, -5.594230154343858e+00, -1.005634431049621e+01, -1.460830173407135e+01, 9.593172450379749e+00, 1.647446175449750e+01, 3.155083874398235e+01, -6.242973776101896e+01, 1.632892093965082e+01, -3.560601135754696e+01, -5.747229398599731e+01, -2.367614783805130e+01, -3.929404508810691e+01, -1.261531149126541e+01, -1.351504635658984e+01, -3.491660874629829e+01, 2.353582146144230e+01, -4.720642243477633e+00, 2.265204949329996e+01, -3.875270104364055e-01, 4.483981091981957e-02, -1.851523468071330e+00, 1.163895962036531e+00, -2.682126037346271e-01, -7.691381212570935e-01, -1.333479579423836e-01, 1.367976329288322e+00, 3.190432647272950e-01, 1.053695332509509e+00, 7.228030377765242e-02, 3.680192033323352e+00, 2.647234977863378e+00, 1.073023151006551e+00, 1.465159889439311e+00, 1.291221520425351e+00, -1.015445800702895e+00, -1.075572730419958e-01, -7.645879960858222e-01, -2.185117839494344e-01, -6.191183937829725e-01, 3.103635875740201e-01, -8.423385583847688e-01, -5.068172164088975e-01, -1.169345545443096e-01, -1.232583894702332e-01, -8.515804064992236e-02, 3.864614479933334e-01, -9.146888685121645e+00, -6.336533070601719e+00, -2.073385550173020e+02, -4.178129080546879e+01, -1.778941494310837e+01, -4.092464832599671e+01, -1.734753345241088e+02, -9.020437368938802e+02, 2.498463456186360e+02, -7.994839469427735e+01, 5.389535956203537e+01, -6.871262483978363e+02, -3.561039778254935e+02, -1.793029815910613e+02, 6.905779142529516e+02, 1.746373421499678e+02, 1.402621393094801e+02, 2.463403224935128e+01, 7.976887725076480e+00, -5.779552315364578e+00, -5.268518592180692e-01, 4.494125130295367e+00, 1.933246192539375e+00, 3.938228310119316e+00, 8.011743008213470e+00, -1.544850809321150e+00, 1.465117030447177e+01, -5.979902860208458e+01, 3.668557947669060e+01, -4.899591411543708e+00, 3.931003885811299e+00, 2.275834536427487e+01, 1.269631218764790e+01, -5.929645971557184e+00, -2.437088069315947e+01, -2.389976633492360e+00, -1.725216316088130e+01, -3.005627745103357e+01, -1.431709132785980e+01, 2.656604819863220e+00, -2.418815422772659e-01, 1.227061826665498e+00, 3.181245343112303e-01, -6.083194759819286e-02, -9.867368579138682e-01, -7.732473862741283e-02, -2.935231260340890e-01, -1.129676468000746e-01, 4.266979882182345e-01, 4.444692840708141e-01, 2.019027673005580e-01, -3.925841248635405e-01, -6.131219550265196e-01, 8.986169167053113e-01, 1.833405919106073e-01, 5.296986929826270e-01, 3.780878372373709e-01, -8.398729233885684e-02, -5.234779923398153e-02, -1.029957334383132e-01, -2.598275197717395e-02, -4.222625301245398e-03, 5.068183674278263e-01, 4.485751733225313e-01, -8.068755116357210e-02, 1.260376760521227e-01, -7.967234876599085e-03, -3.239183778643672e-01, 1.335151683403027e-01, 6.063880693094724e+00, 1.149778705865686e+01, -2.865542799825769e+00, -1.323468114492232e+02, -1.007325576357404e+02, 4.780389355280880e+00, -3.250868695585108e+02, 2.998977784767578e+02, 9.157327759003105e+01, -1.947056747354133e+02, 9.427099504275755e+00, 2.048553896857085e+02, -7.941658277007198e+01, -7.859320608549540e+01, 1.233955416949564e+02, 7.238184387952886e+01, 3.648122453470994e+02, -4.663202642846649e+01, 2.429412565918724e+02, -6.130988487372854e+01, 7.158177482551814e-01, -3.770624444730922e+00, 1.666037169888632e+00, -1.405121359268303e+01, -6.995756575763047e-01, 4.934151915426596e-01, -1.846352529383308e-01, 1.005192042521664e+01, -3.147019076497994e+01, 8.310002282417006e+00, 1.198760150281841e+00, -6.849534847504017e+00, -5.071660096093413e+00, 9.860654906832695e-01, -9.332919468434573e+00, -8.520534339384128e+00, -1.856946184658620e+01, 2.016267103795553e+01, -1.253186210554585e+00, 7.945168225221185e+00, -2.789304587791717e-02, -2.619851675894164e-01, -3.345962603510382e-01, -2.797398107308494e-01, -3.708305128823114e-01, -2.804158013252470e-01, 9.698198147556268e-02, 2.829816595521683e-01, -8.328570372009314e-01, 4.740791343499601e-01, 4.681315215141247e-01, 9.149738731529211e-01, 5.246145888846127e-01, -5.424356863293770e-03, -3.720435256786451e-01, -6.972317132220738e-01, -3.702821834553439e-01, 3.204120296397676e-02, -1.301937744551300e-03, -1.662229421639585e-01, -2.385458575491112e-02, 9.517745799123255e-03, -1.169347855977566e-01, 8.068754119289971e-02, -8.142891697824856e-02, 2.622194648977526e-02, 1.315376867702579e-03, 1.156308990708162e-01, 8.686483253739918e-02, 3.905694186186996e-02, -3.971335437914468e+00, 5.734635755670183e+01, -6.573990342415477e+00, 3.643477712174995e+01, -3.011934170912537e+01, -8.314986162375014e+00, -8.539666275251383e+01, -4.465540397574751e+01, -1.791028175409605e+02, -1.490009923378987e+01, -1.569815836752698e+02, 2.902266453264996e+02, 3.322752390243290e+02, 2.572804786134491e+02, -6.100749452628226e+02, -3.422652642061057e+02, -4.159567941647539e+02, 1.949701975188495e+02, -2.104044053394882e+02, 3.100719182362281e+02, 1.563400245754079e-01, 1.802376396374829e+00, 2.100818776283641e-01, 5.995359584358037e+00, 2.280186296691500e+00, -6.806909831172000e-01, -4.502771136644867e+00, -1.147566298122509e+01, -1.915078257813053e+00, -7.480317263441657e+00, -3.153604395891737e-01, 6.882159291409350e+00, -1.000716095742318e+01, 2.197350658715831e+00, 1.337188036644123e+01, -1.794144880292662e+00, 1.155412681145876e+01, -1.217215540606063e+01, -1.849026853925416e+00, -3.043595140059564e+00, -5.809926859935059e-03, -1.371547575259758e-01, -1.387261739314898e-01, 1.946975938410973e-01, 2.148497314589821e-01, -1.550868626293204e-01, -6.822153186190637e-02, 5.187952747417780e-01, 2.928232369215629e-01, -1.985402182870681e-01, 1.977206219300563e-01, -1.532364952553677e-01, -7.902048582748883e-01, -4.922888386020950e-01, 2.723992727269382e-01, 5.899293656763012e-01, 2.258511774845104e-01, -2.134856690213219e-03, 1.533324320986278e-01, -4.011545038043727e-03, 1.302898739184934e-02, 2.719524029342945e-03, -1.232586184871281e-01, -1.260368303896941e-01, 2.622201518778859e-02, -1.632560971594680e-02, -2.011713220858388e-03, 9.254656368489340e-02, -7.729918746551485e-02, -2.253792168379794e-02, 6.622688182659585e-03, 4.712620077935201e+01, 1.658959952386237e+03, -1.210694593905021e+03, 6.750246852794070e+02, -6.744157128244639e+01, -4.569769895630505e+02, -1.286675196248123e+04, 4.852669328787915e+03, 3.504226656281121e+03, -8.372108587006454e+03, 3.490635091701254e+03, 7.898007689199919e+03, 1.447585238084418e+03, 3.211486150641541e+02, -2.526075078983999e+03, -5.208931963479297e+02, 3.489365819806077e+03, -3.206262535626913e+02, 5.141945788323572e+03, -1.883306042022707e+03, 1.054347958278954e+01, -9.168433412850652e+01, 6.799344174048390e+01, -4.601944655654455e+01, -3.330628849312539e+01, 3.234848125355176e+01, 4.485616022965353e+00, -1.253646176695221e+02, -3.928715517289318e+02, -1.989519707936587e+01, -1.263494203822762e+02, 2.849979376158621e+01, -1.718410397302306e+02, -5.936167773695741e+01, 6.028627226992843e+01, 4.161556800139347e+01, -9.872405299035869e+01, -8.242286147869496e-01, -1.037813787081718e+02, 1.818158807403725e+01, -1.896736051526561e+00, 7.908040872063484e-01, -2.455784409165363e+00, -1.127822574318968e+00, -1.403218315902550e+00, 5.574242534434952e-01, 7.625501236138457e-01, 1.080211662935553e+00, -1.625008675375186e+00, 3.436964442630333e+00, -1.265500316199572e+00, -2.117238394843910e+00, 3.321370675166921e+00, 2.729171263035357e+00, -1.502585314518458e+00, -1.148602763401980e+00, -1.002200248355477e+00, 1.729849144871852e+00, -8.651985160971087e-01, -1.560384088794098e-01, 4.222629915400966e-01, 1.335654297692168e-01, 4.331027036449852e-01, 2.194594525363552e-01, 3.827314620191424e-01, -1.559535854686542e-01, -6.078009497459017e-02, -1.120798102902160e-01, 8.405543078447479e-02, -2.547929525447346e-01, 9.076732172017017e-02, 2.202595382506002e-01, 1.295662756808728e+01, 5.195721599635151e+02, 6.274623999316598e+02, -5.480445820387731e+02, -5.938536560455843e+02, -8.776082873916471e+01, 1.077067425095825e+02, -1.310290008065223e+03, -8.177861313013244e+02, 6.343846343144114e+01, 1.497976127914712e+02, -6.277285052808479e+02, -4.420812315800003e+02, -6.419054796435321e+02, 4.489193742042538e+01, -3.551644738095731e+01, 6.959421596779900e+02, 3.337126175821464e+02, 5.180413742269899e+02, -5.027553210413201e+02, 1.152550888378393e+00, -1.188670707914025e+01, 6.291847448937307e+01, -3.408408924336992e+01, -4.490024155202146e+01, 8.199413368547162e+00, -6.125912773859321e+01, -1.526552342976362e+02, 6.646054352607487e+01, 2.433424905143044e+02, -5.439684574555444e+01, 5.476968815125318e+01, 2.536625246505469e+02, -2.470361826446197e+02, 2.061560352368882e+01, -4.732843633652234e+01, -1.002189041404693e+02, -2.221687626439942e+01, -5.951509904074413e+01, 5.696240456024478e+00, -1.050556622747510e+00, -3.748555231619449e-02, 1.412107411227360e+00, -5.689078522001060e-01, 9.137438168057539e-01, -4.466322172925454e-02, 9.411885763009769e-01, -3.062917856718673e+00, -3.354002090690283e+00, -3.426767891904881e-02, 3.051077200499537e-01, -3.576175207803342e+00, -4.255893824712830e-01, 1.177117970692853e+00, -1.973845295372012e+00, -1.366637844970961e+00, -2.140302114199814e+00, 1.677189390063424e+00, -6.028777912332639e-01, -1.260147949732580e-01, 4.159245778505608e-01, 7.455599534541471e-02, -7.672117052368650e-02, 4.702523451217661e-01, -1.327952144791253e-01, -1.213293305649543e-01, -4.131717998486863e-02, 1.319499184102755e-01, 3.039112641621998e-01, 6.967730298897787e-02, 4.646651988359791e-02, -3.892489343011864e-01, -8.561181787638553e-02, 4.846707782383312e+01, 8.614031189653376e+02, -7.734786338170816e+02, -6.266197165384758e+02, -2.788042109672235e+02, 2.540591983154158e+01, -5.615193084525156e+03, 1.941576353710262e+03, 1.855180251754145e+02, -8.262850394001742e+02, -5.062042603789781e+00, 1.112590671980825e+03, 4.790468713895324e+02, 9.583777656893535e+02, -2.627888692387862e+02, -2.107861259709146e+02, 6.772073619522314e+01, 1.162874875287476e+03, 2.264718709907435e+02, 6.066238423626878e+02, 1.380193918089342e+00, 7.031108955129537e-01, -6.120491517349327e+00, -2.054113392233898e+01, -1.714614059909916e+01, 8.752146059295013e+00, -1.221565597532677e+02, 5.344141144889154e+01, 7.050450772293134e+01, 1.140352232043062e+02, -2.734500818483023e+01, 9.548783918884546e+01, 1.729700467835358e+02, -1.385912769680070e+02, -9.305605930947813e+00, -6.321936106120289e+01, -4.115060740624094e+01, -3.319154803555521e+01, 2.436380765834023e+01, 6.142487432927320e+01, -1.783988970026051e-02, -1.290299807773834e+00, -9.223629070249387e-02, -1.074756825655627e+00, -3.466167593364726e-01, 2.030847217513992e-01, 1.117982491941654e+00, -7.027807609693382e-01, -2.134905230526357e+00, 1.652444375112488e-01, -2.745678418637463e-01, -2.222811229804468e-01, 8.732199588065224e-01, 2.101040069600927e+00, -7.339665272805010e-01, -6.929582111782275e-01, -9.077977428653362e-01, 8.354871696149304e-01, -6.814729987448725e-01, -2.562645856010510e-01, -2.236132445375979e-01, 1.537243367321441e-01, 3.852861390348012e-02, 1.662745469049376e-01, 4.032414200003326e-02, -6.498971000389249e-02, -3.897015459591980e-02, 3.584626297423592e-02, 9.830397189821494e-02, 1.908334745090093e-02, 3.144603467465715e-02, -3.519549659517331e-02, -9.825162254161291e-03, -9.716239686647078e-02, 8.191183533049444e+01, 5.980631049894270e+02, -1.252165600784371e+03, 3.354480991344105e+02, -1.455208291901955e+02, 1.507947972131126e+02, -1.894834764349183e+04, -1.355120287314743e+03, 1.048318138264776e+03, -2.886718964972352e+03, 1.277767993446806e+03, 3.589531090362650e+03, 1.740899649665168e+03, 1.112521821419261e+03, -2.829731921260881e+03, -2.554615570446300e+03, -4.151050239107533e+02, 2.542319291150275e+03, -4.392878095857146e+02, 2.030820691143855e+03, -4.157854451437927e+00, -2.026735369230352e+01, -2.604565661557520e+01, -1.352306493450328e+01, 4.296963139123848e+00, 1.270293354576704e+00, 3.195110171679168e+01, 8.593561252940557e+01, -4.972774971461720e+01, -3.540873503422995e+00, 5.392985280975995e+01, 2.332429941754002e+01, 4.609848001799593e+01, 4.874188795828697e+01, -1.915995542901655e+01, -5.047439769322094e+00, 3.691928934186097e+01, -3.742442363176137e+01, 2.104948686523711e+01, 4.096408806950435e+01, 3.143415738661051e-01, 7.238370229527662e-01, -6.136691712697797e-01, -4.484013283387988e-01, -5.714736974831991e-01, 1.559395228134360e-01, -4.539278014572920e-01, 1.659230946953799e+00, -4.116283213479429e-01, 4.861694260124229e-01, -4.246479613308909e-01, 1.526731387945946e+00, 2.361031357713269e-01, 1.678466655113064e-01, -1.560881490068637e-01, -2.740701325511709e-01, -2.402811900026944e-01, 2.686209768815999e-01, 1.649992436937889e-02, -1.454803305648881e-01, 1.025622202014842e-01, -1.465684033728856e-01, 4.850740487781038e-02, -4.146018248555380e-03, -2.255174462620899e-02, 4.074277907537156e-02, 4.032079015971527e-02, -6.732427363492585e-02, -1.584292329210695e-02, 3.137612183880761e-02, -2.055448863988778e-02, 9.373499814117035e-02, 1.600191409578905e-01, 6.299532124590888e-02, 5.630922083557997e-03, 4.295063779648880e+00, 1.123463557279814e+02, 2.706018366200424e+02, 4.013401397169170e+01, 1.289826892980402e+02, -4.468796650440666e+02, -4.171524717336408e+03, -1.855382495854883e+03, 1.705865993227062e+03, -5.484853106223812e+02, -4.132825299700813e+02, -1.203014199509561e+03, -8.680583310491679e+02, 7.610498662768636e+01, 1.648235714405435e+03, 3.639923808741400e+02, 7.407987471629759e+02, 3.886920632537753e+02, -2.970354785971231e+02, 1.129808319953084e+03, -5.167305120844393e+00, 2.233851279400625e+01, 3.376880693206689e-01, 1.405410300727781e+01, 9.946488397129349e+00, 1.620128089458632e+00, -2.708510772210393e+01, -7.858346129671990e+01, -4.516924285069532e+00, -6.579579418566455e+01, -2.058695529907358e+01, -1.300595093772114e+01, -3.899922368830263e+01, -5.676765606271109e+01, 5.112738181073138e+00, 2.842968193663652e+01, -2.373641051353572e+01, -1.505458206700997e+01, 1.036476555525159e+01, 1.871138946757695e+01, 9.344456325790675e-01, 7.261266585083040e-03, -5.453544315413613e-01, 7.108561717268023e-01, -1.571238434564930e-01, -2.877037132800749e-01, -2.040200240760836e-01, 6.338817267051196e-01, 1.679750892764332e+00, -2.387663220873764e-01, 4.290545993804550e-01, 2.522680761069747e-01, -5.802951929492105e-01, 4.828906300782767e-01, 5.412057331906122e-01, 8.718981904760819e-01, 7.948257152150422e-01, -2.384406557826416e-01, 1.868257434392022e-01, -3.067657613395658e-02, -2.613613207627893e-01, -7.004286670587960e-02, -2.380890775525380e-02, -1.841707921378475e-01, 9.374488969232613e-03, 2.428597037815902e-02, 2.373961632433607e-02, 4.538706412126278e-02, -9.164308182706490e-02, 9.512052509715808e-03, -1.251798591552204e-02, 1.305849734659518e-01, 8.491623343076185e-02, -2.764433093218444e-02, 1.479599893299645e-02, -1.821167302713121e-02, -2.471250409226117e+01, -1.598840036154695e+03, 8.857237340100828e+01, 1.166326408579739e+02, 2.710512242173259e+02, -1.452340788996419e+01, -2.069002126921281e+03, -2.213164911528859e+03, -2.051606953348827e+03, 6.124756217609571e+02, 1.690179964809003e+03, 4.913062648291252e+01, 6.162583083698357e+02, -6.437820311051439e+02, -2.006372655122199e+03, -6.711041796591444e+02, -1.722885191861398e+03, -4.003829324862000e+02, -6.064765720720258e+01, -1.724394597996738e+03, 3.173920564080003e+00, -1.217438986489426e+00, -4.796047325614265e+00, 1.213126212952817e+01, 1.995375803038415e+00, 5.202838559737609e+00, 8.102523447888382e+00, 1.084080755025788e+02, -8.027217535473034e+01, -2.032796416933922e+01, 1.850425441760922e+01, -6.527624796826267e+01, -6.668144348252095e+01, 4.202833552143861e+01, -9.929060704513537e+00, 9.804982446033044e+00, 1.842461363756130e+01, -9.344644023540759e+00, -6.880895756439331e+00, 1.922864081068574e+01, 4.066727108067594e-01, -9.894995880111999e-01, -2.765761092431457e-01, -4.017777530467672e-01, -4.249787003834595e-01, 1.511456109102852e-01, 4.936372316171910e-01, -1.123992281593952e-02, 5.755781538821579e-01, 6.884620720564462e-01, -4.786499884762930e-01, 3.658440492346521e-01, -1.359160234710016e-01, 4.931176720490606e-02, 2.809917856447829e-01, 4.144792438022254e-01, 2.763833676172435e-01, 4.537049802440266e-01, -4.602028055126129e-02, -2.412375458045733e-02, 8.026757459510664e-02, -7.700234453661398e-02, -1.204911053846404e-01, -1.636856592885800e-01, 8.801645957595340e-02, -8.644806419182806e-03, 2.327854536105419e-02, 5.623096724463557e-02, -1.240985937902916e-01, -5.442971836381967e-02, 2.310460353149699e-02, 7.330768743525462e-02, 8.948554943381289e-02, -4.347197434543096e-02, -2.208799342547781e-02, -5.169786641207486e-02, -6.001572356522855e-03, -2.237575575930662e+01, -1.112583700253934e+03, -6.961414128674506e+02, 2.449160697979061e+02, 1.774579924475794e+02, -4.312701733126656e+02, -6.404826627651997e+03, -1.386981370863504e+03, 7.104426986128947e+02, -7.236025489861867e+02, -9.806953082724064e+02, -9.502534508753547e+01, -1.429553017494530e+02, 6.239604291169207e+02, -5.072118145153027e+02, -9.926438037613821e+02, 6.061583704621630e+02, 1.346553881756354e+03, -3.741649280204839e+02, 2.106590346037524e+03, -3.189376617530588e-01, 9.983184048053249e-01, 5.771053866630682e+00, 2.054816084309267e+00, 6.265604046074413e+00, -1.505269862128094e+00, -8.908905899589953e+00, -2.960680230281673e+01, 1.988618075895242e+01, 2.493070125717098e+01, -5.490722905964601e+01, 5.325295986774947e+01, 4.112998412445430e+01, -1.309244443022355e+01, 3.416205129275144e+01, -4.308586269469134e+00, 3.740253187405596e+01, -2.737542127475369e+01, 2.697520768197025e+01, -2.265097640511653e+01, -2.572449450932911e-01, 3.066281747798967e-01, 5.758084760374821e-01, 4.858237302610789e-01, 4.661845680252333e-01, 2.295748127383434e-02, 8.339299048589188e-02, -1.647434119074493e-01, 1.909834528518326e-01, -5.726260496542597e-01, 5.992272360628307e-02, -8.259293836545443e-01, -8.218288400623974e-01, -6.215556465941711e-01, -1.518737223077777e-01, -7.952578542106747e-02, 3.324674016364728e-01, -1.254795848164072e-01, 9.224365154832484e-02, 4.497079749112226e-02, -1.317855754008656e-01, 1.673595044458447e-01, 2.116053788233231e-01, 8.621575562604676e-02, -1.265814317434033e-02, 6.362542448579265e-03, -4.615745624097939e-02, -1.603919912347182e-01, 6.109361361034099e-02, -5.730174969081787e-03, -7.541405202298485e-03, -5.789023829439557e-02, -7.748565835599169e-02, -3.278483892608829e-02, 3.046497990896847e-02, 1.565443193692860e-02, 4.323506584156023e-03, 4.580953396796743e-03, 1.069140107508012e+01, -1.375816058482931e+03, 3.274952862027678e+02, -5.379950493846872e+01, -4.963747576023218e+02, -2.132231749342867e+02, 1.055712278088237e+04, -2.879517384475028e+03, -1.010744657777247e+03, 3.808855142252673e+03, -1.630525030989696e+03, -3.388672939430626e+03, -8.885048336097121e+02, 2.260580687392260e+01, 1.758721731779073e+03, 4.571355577440960e+02, -1.294017397920291e+03, 3.157022066815771e+02, -2.073449972789369e+03, 5.846846789850388e+02, 7.303130737426978e-01, -2.640206812995681e+00, -1.286997787468635e+01, -4.956873077463526e+00, 9.069821496583147e+00, 2.586639727239790e+00, 1.955912513071966e+01, 7.124776288358304e+01, -8.528873046440829e+01, -5.351631015462214e+01, -6.058449130663385e-01, 7.961615548295298e+00, -2.061479438808011e+01, 5.374553168372200e+00, -1.828173466305857e+01, 1.833516825465426e+01, 2.147271415323684e+00, -6.876151887613555e+00, -2.666713596211756e+01, 4.772682956033804e+00, 2.450310604472773e-02, -2.525678328543259e-01, -3.247724331565831e-01, 5.899952978431085e-02, -2.866272833053731e-01, -2.196990878432988e-01, 1.748825293461652e-01, 4.047388540362675e-01, 6.868104588593156e-01, 2.609608682718019e-01, 2.173744170854082e-01, 4.694925064283008e-01, 3.744517576490760e-01, 5.689228511281694e-02, 2.157518990998124e-02, -1.818385633284033e-01, 3.619738898961542e-01, -2.284928090734262e-02, 6.874798096384879e-02, -8.012853070079663e-02, -1.334444826375885e-01, 1.034913270575058e-01, -6.076265924358143e-02, -1.085948139067762e-01, 6.302961532879994e-02, 1.341262623732125e-03, -2.079098252965585e-02, 6.348682535578461e-02, -7.839615927198737e-02, -3.231171258240207e-02, 4.752068298209328e-03, 7.112382908260050e-02, 3.681136236643635e-02, -1.252754502581452e-03, -2.920336990915651e-02, -2.162218554417018e-02, -1.864357006177784e-02, 6.134945483588088e-03, 6.762701931307031e-03, 2.895407956610576e+00, -5.343559918836364e+01, 1.918913269736586e+02, 2.045070872592017e+02, -8.383876988997922e+01, 2.137879715368038e+02, -4.197696741132630e+02, 3.596363792938525e+02, -1.293175731689522e+03, 5.423055818719840e+02, 2.461082811785675e+02, -2.972224361324539e+02, 5.351009349405251e+01, -1.329919199536945e+02, 1.498813525346409e+03, -9.897223261838111e+01, 4.051990722112392e+02, 1.386102467559375e+03, 2.457188336972959e+02, -8.956455916007818e+02, 3.255507476266492e-01, -3.006604349318264e-01, -3.900453157587922e+00, -1.649189856896370e+00, -1.186124927418327e+00, -7.991849007741555e-02, -1.444139767578172e+01, 4.585731281632641e-02, -2.584246816105134e+00, -2.830533619080839e+00, -1.493284907585459e+01, -4.536610851651496e+00, -6.670064495890361e+00, 1.576387159933491e+01, -1.152388360485214e+01, -2.926848452519046e+00, 6.855700696521494e+00, -1.294072159417846e+00, -1.043356161255395e+01, -4.619405263265454e+00, 1.181731925594167e-01, -2.417069220702869e-01, -1.473663196807529e-01, -1.114205018601067e-01, -1.677811537039393e-01, 2.232896057422160e-02, 1.291163457873298e-01, 1.977670169469612e-01, -1.299177185610734e-01, 2.439932544142179e-01, -2.858697098624129e-02, 1.921028249297921e-01, 5.961626141954783e-01, 9.925565420036879e-02, -9.825846180341453e-03, 4.804927372823964e-02, -1.269568237450879e-01, -5.739812462908474e-02, 2.055617004077641e-02, 3.514073840675402e-02, 9.805745583929009e-03, -1.604832121419512e-02, 7.327083228271763e-03, 1.304852056585108e-02, -8.516798804015386e-05, 1.312862912585400e-02, 5.262633181136331e-03, 2.308670774135602e-03, 6.082615768191914e-03, 1.640044976549560e-04, -5.762770184375520e-03, 1.160146761135455e-02, 3.756798341549358e-03, 2.140061593730987e-02, 4.463458219560188e-03, -1.306693562501155e-03, 7.066043493193401e-03, -2.523831783366780e-04, 5.874589680830664e-04, -1.250241446123881e-03, 1.773874886752679e+00, -9.238318269891694e+00, -7.762863429747612e+00, -5.643626285066617e+00, 6.745875130192584e-02, -1.596074186437738e+00, 1.557294077223380e+02, 5.049142268089832e+01, -2.194625274053463e+01, 5.029746248313181e+01, -3.170409324173448e+01, -6.309949135162544e+00, 2.841945773830042e+00, 6.444167917101576e+00, 8.421201214468853e+00, -3.846562505731117e+00, -5.416378897132944e+00, 7.634696390902627e+00, -1.900013076721067e+01, 7.282797130879527e+00, 2.123499928562377e-01, -2.085464662950385e+00, -3.553284318682939e+00, 2.228510621116870e+00, 1.675700219619550e+00, -7.315616107298121e-01, 8.343607407933433e-01, -1.461877905396845e+01, 6.974647739682007e+00, -1.872219342559568e-01, 2.036794092808189e+00, -2.385237416557108e+00, -1.786433569219773e-01, 3.168994149992812e+00, 3.526987699327838e+00, 1.131664323759946e+00, 4.208150582725875e+00, -1.554556138034678e+00, -3.232729642733276e+00, -2.632592951611583e-01, -2.102267270711818e-02, -8.792082547551421e-02, -1.770866405598415e-03, -4.023757983911874e-01, 1.512946424399371e-02, 1.645065993831073e-02, -1.741858777399425e-01, -2.291371038116961e-01, 1.085352175840405e+00, -2.650741531518980e-01, 1.220605495023097e-01, 4.143122144602038e+00, 3.088407777288050e+00, 1.870365000400949e+00, -2.777457572201576e+00, -1.530925613153737e+00, -6.304057260016304e-01, 6.810954904810875e-01, -1.817496217546657e-01, 3.334123263055163e-01, -2.830190795561262e-02, -6.223421355854982e-03, 1.351415047532322e+00, 3.761459113536113e-01, 1.338496795065260e-01, -3.836787093076704e-02, 4.780272898140847e-03, -1.202252217910971e+00, 3.486307296250792e-01, -7.875269715255080e-02, 2.267214940320623e-02, 1.282318037641263e+00, 1.344625204279142e+00, 2.754755181804763e-01, -3.523728235062944e-01, -3.670427204202887e-01, -8.386448243349329e-01, 5.424842671020790e-01, -1.047894920250421e-01, -6.840876682883732e-03, -1.824677022585282e-02, 5.823648747952597e-01, -1.016502510413930e+01, 3.030580058350542e+00, -1.252703838870671e+00, -5.861953753106448e-01, -3.291473577980007e+00, 7.411570272440645e+01, 4.323214732024078e+01, -1.000269641738006e+01, 4.337305004432454e+01, -2.496937172940164e+01, 4.237559724343237e+00, 1.149416264668341e+01, 1.492641433629328e+01, 1.069833899469465e+01, -7.652915196240515e+00, -1.156932907883358e+01, 1.379545611158870e+01, -2.813240104548171e+01, 1.548477536342116e+01, 1.581767176928746e-01, -1.178685281330393e+00, -2.075737817097326e+00, 8.901789229242527e-01, -1.588649044870289e-01, 1.427568301225288e-01, -4.159862990733768e-01, -2.535363125804747e+00, -4.075224534440628e-01, 1.299573693760766e+00, 4.396986100612546e-01, -2.066117696292840e+00, 6.346107366914927e-02, 1.426556049302334e+00, -1.995496772365414e+00, -7.929853178873546e-01, 2.280365176410137e-01, 1.338853888299232e+00, -8.686207025643459e-01, 7.889934306646929e-01, 1.581037510029565e-02, 2.240132745726420e-02, 2.259205757075967e-01, 1.572535658210838e-01, -1.589323466913078e-02, -6.458998364340426e-03, -1.270792132463777e-01, 6.985619860618384e-01, -7.799263920972740e-01, 2.221550787041634e-01, -1.349305072105486e-01, -2.277248091576564e+00, -1.508132791192600e+00, -1.074370412252810e+00, 1.563359267179723e+00, 5.303132991323612e-01, 3.350791048484354e-01, -4.341071983260967e-01, 6.966438178270630e-02, -1.294703705039996e-01, 1.452482870763189e-03, 4.304165344027442e-03, -5.101598985700685e-01, -2.051777563980638e-01, -4.079413583055372e-02, 6.735784144122273e-04, -4.155099048528256e-05, 4.848603692798720e-01, -1.978784700472927e-01, 4.756168836965247e-02, -8.919466271270665e-03, -6.938135941686464e-01, -8.211952930532948e-01, -1.896180868469459e-01, 2.170353984892345e-01, 2.312386062959475e-01, 4.449690753091053e-01, -2.681500633971319e-01, 7.409873526434169e-02, -2.700475442116656e-03, 7.335787397987255e-04, 1.620100377026832e-03, -1.878015899503215e+00, -1.233909437452530e+02, 3.566982675226497e+00, -7.875012487577226e+00, 8.156863536750683e+01, 1.523052818892554e+00, 1.437369903379489e+03, 5.760901485605050e+02, -4.264788040246873e+01, 7.576605772582916e+01, -2.187631801228988e+02, 2.497895044006899e+02, 7.582642545521908e+01, 4.099978416859449e+01, -4.673165013528262e+01, -3.460865995493936e+01, 2.390143184070165e+02, 8.696981269907830e+00, 8.416744759471904e+01, 1.321401345364352e+02, 3.353892855055469e-01, -1.425919466891814e+01, -1.197315367020003e+01, -6.383235165788907e+00, 9.326888423030608e+00, 8.458362384100244e+00, 6.591383944983433e-01, -3.460839350749032e+00, 6.037862818438423e+00, 6.572156493932989e+01, -2.188815253846134e+01, 1.413349434678060e+02, 1.688056183448284e+01, 2.040487630495573e+01, 1.094389222888748e+01, 5.069560058557582e+01, 2.164378164689312e+01, -4.903439014274056e+01, 6.142366922545504e+00, -1.697208191896375e+01, 4.248309167369279e-01, -1.914918732203727e-01, 5.079099736044083e-02, -1.343955536472318e+00, 1.993683786527305e-02, 2.020685088584493e-01, 7.606803842037233e-01, 3.340415380382355e+00, -1.694546428322227e+00, -1.609810552822717e+00, -1.997371497899197e-01, -3.810562252817647e+00, 1.391723239612900e+00, 6.832957478025077e-01, -3.785211481177407e-01, -2.714363777733199e+00, -7.430404060092380e-01, 1.367060786174809e+00, -8.268269224440672e-01, 4.536189533552230e-02, 2.834644324026798e-01, 3.261503517603894e-02, 1.671378672026903e+00, 8.093914837802961e-01, 8.055917400700673e-02, -1.124245065729482e-01, -6.346511453304703e-02, -1.357624728778467e+00, 3.341995350426111e-01, 1.757476610914958e-01, 3.952924925349926e-02, 3.379071739311594e-01, -6.421339715092854e-01, -2.038018353122404e-01, 9.519880274153740e-02, 2.759568595735295e-01, 2.851189265387681e-01, -3.842634446792355e-02, 2.103427894757227e-01, 4.910726775190099e-03, 6.681944763787666e-01, -4.138719371643410e-01, 2.893896970075271e-01, 3.067241152929525e-01, 1.245118053876698e+02, -3.029134373383301e+01, -1.143652047747588e+01, 2.377714423301602e+01, -2.047326437934060e+01, 5.877573411258400e+02, 3.151895990072861e+02, -1.646452067478569e+02, 1.626751253886655e+02, -1.928688459171870e+02, 6.781629819768519e+01, -1.496977113785108e+01, 6.387772263163913e+01, 1.520832956121372e+02, 2.770637573107950e+01, 8.434843222789178e+01, 8.706217164130629e+01, 8.300668953764783e+00, 9.057846430456755e+01, -4.405369910998871e-03, 9.865488550363415e-01, -2.880098773178280e+00, -6.468932350451236e-01, -3.639557225790480e-01, 4.542135565482186e+00, 4.921711993439986e+00, -4.104300238146619e+01, -1.715998855137639e+01, 2.562915960456226e+01, -2.149558661929406e+01, 4.395554378257935e+01, -2.678634745839130e+01, -1.740452145100788e+01, 1.169638852642806e+01, -8.652554445855559e+00, 2.526237471749246e+01, -5.567408310263655e+00, 1.168591036175193e-02, 6.672909094618158e+00, 2.274362241537596e-01, 2.392691416983659e-01, 2.095755176599556e-01, 3.626379950941289e-01, 4.201229437834946e-01, 1.364523727216062e-01, 6.344202256835146e-01, -4.942584639048308e-01, 2.230050775719072e+00, -1.648670039405753e+00, 1.148974789415522e-01, -4.589649931014728e-01, 5.317865418703525e-01, -9.078958389448513e-02, -2.866305431033240e-02, -1.101590048536521e+00, -9.602270035136262e-01, 3.855736678731704e-01, 5.174731102258936e-02, -4.050136984712522e-02, 1.826691422005277e-01, 1.378317769056933e-01, 1.414637074903222e+00, 3.972677237851717e-01, -1.033104623103217e-01, 8.833482845730319e-02, -1.113483231872478e-01, -1.166648316301520e+00, 2.838725951580209e-01, 1.067571335819278e-01, -7.918593988601566e-02, -1.985587025423927e-01, -1.015867629787109e-01, -1.406695776022202e-01, 1.695583028030106e-02, 6.931135106937024e-02, 9.560864691498784e-02, -4.596077376152268e-02, -1.343840344891665e-02, 8.968731376908798e-03, 8.966390185260752e-02, -3.528781467738480e-02, 5.306530673666066e-01, 3.762731646556372e-01, 8.792462678300965e-01, 8.200163229401869e+01, 1.026983409125087e+01, 4.968860479489185e+01, -2.912411994196340e+01, -7.449372845718600e+00, 3.958107071770745e+02, 9.563209423181731e+01, -1.846035841391824e+02, 9.145262686284399e+01, -2.246233055743283e+01, 3.044263143667266e+01, 1.569948785308222e+01, -3.684801146123634e+01, -9.395936079126308e+01, -2.803443616518350e+01, 6.949157747355295e+00, 5.481170766282935e+00, 3.846507358713895e+01, -6.966803892912922e+01, 9.460254511944695e-01, 6.911423110455938e+00, -1.168057506831862e+01, -1.609485034325334e+00, -1.390119479082774e+00, 1.721649679768466e+00, -1.926819736668810e+01, 9.643847742659231e+00, 5.954995239012197e+00, 1.641076256447928e+01, -1.118973165157355e+01, -2.234363256717009e+01, 9.103979275607003e+00, 2.547587203447603e+01, 9.364472869880025e+00, 9.628853936142798e+00, -1.829851991387016e+00, -8.533807151939984e+00, -5.433137921386293e-02, 1.200077576595181e+01, 1.652404529110763e-01, 7.666630598036902e-01, 9.758205371681814e-01, -3.368227864075907e-01, -2.698123273446081e-01, 2.818149025978515e-01, 1.120593330976171e-01, -8.481381334098055e-01, 1.391062240296444e+00, -1.159254784772054e+00, 5.525722833898726e-01, -7.114548669272166e-01, 3.749181501206534e-01, 5.607817465240883e-01, 2.896018837550018e-01, -1.316376456673128e+00, -1.221861246312404e+00, 5.166577866646189e-01, -6.992939190509504e-01, -9.339863969673967e-02, 2.210499790626855e-02, -6.629503238831146e-02, 9.254686380009736e-01, 5.706864840679881e-01, 9.261421085876874e-02, 1.950262191871338e-02, -2.717433639757333e-02, -8.816151018510635e-01, 3.926653674917203e-01, -4.850211991810151e-02, -3.583264025213363e-02, -1.689632597907161e-01, -2.856231954374075e-01, -1.419724022314332e-01, 1.259475652584905e-01, 7.325343763053582e-02, 3.324803917677000e-02, -2.126665713071641e-02, -4.755798377613089e-02, -1.837162380497084e-03, 4.156463640727232e-02, -5.910724674306149e-02, 5.632040264884355e-01, 1.887355119424207e-01, 5.546746952184976e-02, -2.783624960905351e+00, -6.354409180015308e+01, -5.071584619048799e+01, -3.059224710411331e+01, -5.516415812547259e+00, 2.478047136758743e+01, -4.461895994467729e+02, -6.107122121465533e+01, -4.277314871635906e+00, 6.417924994364026e+01, 3.245679044012945e+01, 9.776788681583692e+01, 1.553807763833329e+02, 1.103110769668025e+02, -8.336842593622882e+01, -7.546154622088208e+01, -2.059311830662349e+02, 3.918961326492185e+01, -1.426871642473979e+02, 5.935042078479126e+01, -1.485730327146286e-01, -2.610436980741566e+00, 9.558280950113911e+00, -2.177502697974858e+00, -3.466869635622423e+00, 1.420445099216279e+00, -3.768511562372058e+00, 3.846298218160350e+01, -1.595540212235441e+00, 4.312700602461950e+00, -7.646173749157019e+00, -2.480390775575336e+01, -4.259159939094858e+00, 6.206361457045090e+00, -6.397516804689189e+00, 6.254776401890304e-01, -8.768265991688487e+00, -8.216139624675394e+00, 5.271032607276467e+00, 1.398651796177939e+01, -3.390979473963394e-02, -7.591672833646083e-02, 1.013928974534058e-01, -4.369820930987929e-01, 2.102613167050519e-01, 4.031170859832950e-02, -8.543978849046698e-02, -8.642019551618435e-01, -7.666704533090577e-01, 2.206104727908561e-01, -1.717082854193026e-01, 4.761023051834036e-01, 4.623276502212623e-01, -2.741222712750127e-02, -4.980812724341462e-01, -2.456476213559389e-01, -2.710450321023336e-01, 3.340347573384279e-01, 7.569882536414788e-02, -2.673179757891102e-01, -8.116936723169836e-03, -1.141500219979715e-02, -4.483952086452187e-01, -1.880951395874333e-01, -1.110394679074424e-01, 5.184125296867876e-02, 5.122395443713073e-03, 3.364870385556459e-01, -1.368901841363495e-01, 5.824190063060676e-02, -3.327097114415658e-02, 4.095587884728973e-01, 2.463911444484650e-01, 1.593106944389176e-01, -3.932013429503423e-02, -9.967437449050046e-02, -3.954041613736277e-02, 4.269799478587395e-02, -4.162571417350674e-02, 1.936473917929323e-02, -3.458131984749573e-02, 2.956290216934121e-02, -1.828688935958361e-01, 2.241961275230408e-02, -1.146991230167163e-01, 1.823244870476555e-02, 8.499190934103040e-01, -1.092000413689215e+01, 4.353654371849023e+00, -2.981676222159025e+00, -3.534693543982179e+00, -1.248549692373047e+00, -8.918415587340121e+00, 1.923446432858047e+01, 8.865567358593891e+00, 1.959339627304450e+01, -9.335764413656719e+00, 2.353179635376605e+00, 7.432493250129629e+00, 1.157005142248998e+01, 1.734865649562062e+01, -3.711317349661140e+00, -5.151428557079827e+00, 1.034469156903651e+01, -2.023154870644197e+01, 1.342718533413253e+01, 6.742827567333558e-02, 1.376262532897465e-01, -3.016942638222138e-01, 1.328500950506165e-01, -5.560007530363582e-02, 1.034510146050288e-01, 4.676298538827527e-01, 1.078213550680303e+00, -6.920426917888441e-01, 2.486810111647914e-01, 7.237373154650153e-01, 2.122867392295107e-01, -4.358879997789993e-02, 2.697125715424313e-01, -2.901959974929821e-01, 5.482882463817569e-01, 2.029685573620463e-01, 1.066014782724924e+00, 2.281415633702316e+00, 3.294356620811558e-01, 6.975479292809047e-03, -9.984311551909960e-03, -5.876986933448951e-02, -2.645731844215626e-02, -1.310058240968733e-02, 1.229037188163865e-02, 3.992237256717406e-02, -1.332063220719469e-01, 2.071722761343533e-01, -5.389656288315269e-02, 1.318525649487980e-02, 4.264394625531553e-01, 2.764267594574265e-01, 2.116633272281690e-01, -2.657113811315632e-01, -6.241234501970292e-02, -7.750973597488145e-02, 7.746416175220666e-02, -3.524661355486192e-02, 2.352470410890460e-02, 3.883288555764250e-03, 1.836520555994993e-04, 8.390577940022559e-02, 4.992714382064881e-02, 9.115598113967747e-03, -1.281811041387514e-03, -9.619942019738285e-04, -7.121401981920578e-02, 4.182468768678606e-02, -9.324126857598935e-03, 1.899729602398595e-03, 1.181932532141262e-01, 1.462111170480415e-01, 3.264267833426047e-02, -3.716596351921152e-02, -3.897486750743363e-02, -7.232489152130019e-02, 4.082130586105039e-02, -1.230027668576977e-02, 1.436910957850923e-03, 1.620098910009508e-03, -1.428581843056524e-04, 1.208426089621943e-01, 4.521105740127039e-03, 1.391359956764050e-02, -9.111639840756622e-03, -9.403878360645769e-05, 8.361170593813664e+00, -1.426756588207134e+02, -3.158864263134705e+01, -4.628293580451507e+01, 5.339321504299030e+00, 1.000719725078729e+01, 2.552990044322596e+02, 8.175691104336268e+01, 3.237145894549564e+02, -2.591107887383569e+02, -2.654387039462902e+01, -3.664805910627402e+01, -1.663085196377455e+02, -1.134029453013077e+02, 2.581207436115950e+02, 8.689457137709141e+01, 4.717747468784381e+02, -7.722173642960632e+01, 2.236233912638937e+02, 8.462442831475603e+01, 6.837097116776217e-01, 9.654401482831792e+00, 5.157639781825279e+00, -1.172402280914270e+00, -9.424603255919687e+00, -2.367069024985425e+00, -3.040963917290780e+01, 4.765452041885207e+00, -1.079516002425428e+01, 4.955761441423409e-01, -3.893560331405073e+00, -5.241148443832473e+01, -1.518695583915585e+01, -1.910849587720512e+00, -1.589290762086259e+01, -2.607919793302959e+01, -2.362468410135542e+01, 1.725269879649170e+01, 6.463191191974309e+00, 2.934355469918125e+00, -3.399859165929348e-01, -9.950357971676882e-02, 2.551315952319224e-01, 6.134441523727638e-01, 2.351413960470916e-01, 4.109873706912296e-02, -2.774137376091804e-01, -1.753743988381219e+00, 6.478009051757204e-01, 5.659230537545192e-01, 4.434346785256512e-02, 1.428807621602861e+00, -5.247800350596018e-01, -3.262428393815661e-01, 3.283644280760611e-01, 1.063806267613564e+00, 3.993439582567487e-01, -5.363812297424527e-01, 1.941520404000984e-01, 1.042949213194219e-03, -2.916182482561891e-01, 1.728775732029508e-01, -7.667583252425633e-01, -3.505799050327560e-01, -5.489414036824731e-02, 3.794646752722379e-02, -7.009091049304406e-03, 6.169963159485230e-01, -1.562755335377063e-01, -6.354770011144628e-02, -2.293869165813073e-02, -2.128432567298652e-01, 2.198343235199539e-01, 7.994555159804856e-02, -5.197801256935661e-02, -1.170703555845739e-01, -1.111124150571739e-01, 2.096390862171964e-02, -8.263369884298523e-02, 9.304597792507603e-04, -4.138720234571672e-01, 1.208428178834114e-01, -4.055501218458147e-01, -2.851921846538820e-01, -3.283803391122071e-01, 9.011705570316068e-02, -2.715086957113461e-02, 1.218648097099121e-01, -4.581501084054286e+00, -1.876956180211822e+01, 3.764686889338303e+01, 1.771178008384899e+01, -7.527972214129334e+00, -2.136630298053011e+00, -2.609570869881010e+02, -1.777385455918350e+02, -7.402335858387897e+01, -1.053765041534004e+01, 6.276984001311976e+01, 5.757280552812699e+01, 1.241000338451246e+02, 2.620614906257009e+01, -3.483119822779053e+02, -1.597565004057572e+02, -2.148182838603649e+02, 4.506082096690356e+01, -1.017496550507733e+02, 1.583108849873217e+01, -4.232726527370393e-01, 4.592040155355148e-02, -6.879744345087632e+00, 2.850316800961371e+00, 2.478450716783974e+00, 1.776430793222376e+00, -8.980573388923176e-01, 2.516252013417830e+00, -2.143473581612372e+01, 7.125720961257525e+00, -4.140611245067509e+00, 2.073495844011438e+01, -4.923026931667764e+00, 2.138575371067376e+00, 1.039788878246571e+01, 6.356269916811731e+00, 2.978317531513452e+01, 3.071176597614385e+00, 2.059704287355248e+00, 5.231202846597361e+00, 2.049455219330520e-02, 2.514697303416280e-01, 9.844283975066736e-03, 8.939648999506984e-02, 2.897652488411849e-01, -3.796190801998590e-02, 3.054792302310901e-01, 1.556988407776786e-01, 1.247279354490306e+00, -7.635467764412577e-01, 5.010216578434178e-03, 9.020201402333146e-02, 4.775784372251826e-01, -1.991410789011652e-02, -7.660105228145951e-02, -5.461637052342411e-01, -4.824195895011537e-01, 1.291534853422558e-01, 9.684463717993551e-02, -1.685486037457702e-02, 8.153259556668258e-02, 3.341567505082432e-02, 7.516857264079891e-01, 1.633493219072831e-01, -6.997991344838472e-02, 3.308341576784581e-02, -3.615797783669558e-02, -5.695757927992487e-01, 1.019222963082627e-01, 5.727000295860785e-02, -2.362989129845199e-02, -7.868701105110208e-02, -2.986235619020938e-02, -6.090022005623238e-02, 6.199843877532221e-03, 1.613977608144806e-02, 3.898841168579292e-02, -2.162127032675898e-02, -5.383110734818261e-03, 3.320432302667551e-03, 3.528788567730407e-02, -4.521126551039193e-03, 2.851921852331381e-01, 4.177665548970902e-01, 9.959394815684662e-02, 2.090658921033227e-02, 1.521635934784271e-04, -1.512069176391487e-01, 1.023264101265480e-01, 6.357507833574685e-01, -1.668832112677422e+01, 9.210826977399423e+00, 2.156069514636804e+01, -3.566144648599728e+01, 2.839251679276215e+00, 1.554269998038541e+02, 2.069180112085841e+01, -4.121696550503076e+01, 2.147472880198552e+00, 5.928577120364410e+01, -2.955895025507111e+01, -5.256160922438691e+01, -8.544079295235431e+01, 5.015824364788776e+01, 5.990590585528744e+01, 9.276766325862243e+01, -6.868958480124543e+01, 9.453138490852206e+01, -1.275786679009881e+02, -1.057132045393198e-01, -2.806566629443826e+00, 3.431279863282971e+00, 1.892703730017548e+00, -2.256913249642169e-01, -1.305061098258208e+00, 5.424904035383058e+00, 1.126588808096542e+01, 1.079738590900582e+01, -5.585349375603539e+00, 5.822926547304928e+00, -3.967250838116092e+00, 7.887899751020679e+00, 6.366699013384125e+00, -7.862962225044076e+00, 6.832824763163710e+00, 1.515878903462886e+00, 4.397501391941971e+00, 5.747875531558599e+00, -7.434559938428704e+00, -1.010857977486076e-01, -1.727234927682526e-01, -2.195262876865120e-01, 8.785800665310692e-02, 1.320250376566811e-01, 1.949754620582463e-02, -1.071101889283801e-01, 1.395604451434544e-01, -5.108207196957061e-01, 4.325150908205404e-01, -2.892396547448923e-01, 1.769460438064129e-01, -4.778759098772079e-01, -3.748208851859830e-01, -4.370301405612055e-02, 5.102169575661589e-01, 4.730205731791477e-01, -1.740315706481378e-01, 2.374485113711884e-01, 5.104660339285107e-02, -9.736565267857900e-02, 9.069882698122832e-02, -3.996234210678656e-01, -2.156889648960316e-01, -3.821552500623194e-02, -2.585136102524038e-02, -7.411282545641955e-03, 3.678301712495155e-01, -1.593690769702657e-01, 1.324254892947690e-02, 2.019118088986219e-02, 6.821376011685697e-02, 1.070549016506614e-01, 6.228563871338852e-02, -6.017890494837955e-02, -2.935832019952012e-02, -1.571680996051174e-04, 1.117221022661898e-02, 1.957459733303819e-02, 1.411628908180694e-03, -5.910727437105493e-02, 1.391358421488886e-02, -3.283806136835012e-01, -9.959394884249224e-02, -3.138742508193314e-02, 4.764259619310413e-02, -4.007503323172251e-03, 1.728839441638014e-01, -5.230323257791973e-02, 6.310149909244691e-03, 5.966287693959309e-01, -2.796808105812199e+01, -5.352914753301403e+01, -1.714516707499136e+01, -2.659855971391478e+00, 1.315540251804668e+01, -2.976723251544209e+02, -9.247649490401092e+01, 3.327805788439775e+01, -2.939015060025080e-01, 2.878796517596126e+01, 3.448580700912769e+01, 7.226351490728320e+01, 5.558287556505470e+01, -2.329282912838107e+01, -3.379216972960928e+01, -1.086895383332090e+02, 1.279728103579074e+01, -6.560282030308763e+01, 4.134326682466325e+01, -1.023580095067534e-02, 9.242893317801435e-01, -2.938173284376861e+00, 2.518956646439932e-01, 1.748810235610064e+00, 9.095962043161018e-01, -3.727119284338749e+00, -8.372633711010620e+00, 1.146656687436482e+00, 1.248886507343674e+00, -4.233359526159901e+00, 1.199372480877657e+01, 1.526977820377226e+00, -3.770114371386613e+00, -3.657293740817647e+00, -5.106150434816561e+00, 5.450199370044027e-01, 4.324028388503651e+00, -1.534026370497866e+00, -6.734929690569491e+00, -1.233675809150192e-02, -5.850993884370777e-03, -1.148246929611645e-01, 1.246143121497468e-01, -7.304226031837387e-02, -5.132184082786326e-02, 6.620040786462489e-02, 5.405018952216770e-01, 1.643708448713275e-01, -4.737467242486695e-02, 9.957031211133185e-02, -1.000492460399749e-01, -5.994821320282198e-02, 6.745243681649132e-02, 2.347821684658619e-01, 5.789584815285429e-02, 1.124184171237373e-01, -9.144394952230227e-02, -2.448748767012717e-02, 1.342377838528314e-01, 5.287521468560052e-02, -3.837328642469706e-02, 1.776144116906212e-01, 5.713271794802603e-02, 3.860988898288236e-02, -1.603394802656709e-02, 7.795468255866968e-03, -1.252740440187899e-01, 4.061417442497470e-02, -1.965898576856680e-02, 1.022506068235531e-02, -1.842044552322111e-01, -9.672273324818459e-02, -6.926526245359452e-02, 7.094771304665773e-03, 4.312242666582074e-02, 9.885524944246469e-03, -1.976577292825998e-02, 1.813339708196013e-02, -1.001658398065206e-02, 2.956286976380347e-02, -9.111647172270577e-03, 9.011663486476337e-02, -2.090661886863135e-02, 4.764248186377766e-02, -1.854160561898568e-02, 2.383322426507500e-03, -3.954218336064245e-02, -1.535418709078473e-02, -2.034358211638202e-02, 4.623213481846839e-03, 7.476572555150580e+01, -1.172016845855870e+03, -2.774480836422659e+03, 9.458747567129407e+01, -9.647548589947630e+02, -5.894961715379502e+02, -8.333312611335678e+03, 9.802840189186203e+03, 3.783675902862477e+03, 2.353452321017549e+03, 3.343265341131389e+03, 8.125803316445514e+03, 6.055746048197973e+03, 4.301441762235308e+03, -6.311488966100609e+02, 1.192711850072186e+03, -5.785939372323874e+03, -4.137965055820851e+03, -3.765430523206624e+03, -2.255539211326540e+03, 1.495723177371338e+01, -5.313769108528398e+01, -3.060528099653157e+00, -5.919048790524526e+01, -1.973491285460716e+01, 1.160759427585653e+01, -2.857498918470529e+01, -2.599249621710909e+01, -4.193608449076930e+02, 2.983257177587191e+01, -5.240507702474132e+01, 9.866204457284732e+01, 2.304410742418825e+01, 1.095148671105337e+02, -3.091613156519752e+01, 5.228520613930718e+01, -4.078258382611391e+01, -4.238984041312517e+01, -5.323563383358383e+00, 4.125758524027218e+01, -5.987265550883963e-01, -3.447689623039710e+00, -3.282187605385072e+00, -2.396725493340877e+00, -1.158640168288060e+00, 6.458750612171689e-01, 2.113350712517241e+00, 2.704143901047152e+00, -2.354744488579884e+00, 1.507286469647485e+00, -7.064945771629131e-01, 2.615428920569966e+00, 2.262500991997148e+00, 9.337256991793229e-02, -8.663749696054720e-01, -1.377209188125987e+00, -1.366860662836128e+00, 6.604884937426350e-02, -4.399430556459757e-01, -2.634854253442598e-01, -7.474631080119915e-01, 2.348941488599960e-01, -3.169201457384340e-01, -5.125472209988834e-01, 1.558685552806724e-02, 4.619572067949196e-02, -6.928216369944099e-03, 3.236889021694325e-01, -3.838153447067691e-01, -1.904378701645240e-02, -4.866123912648922e-02, 2.613482743898363e-01, 5.169722210903572e-01, 1.741089267819938e-01, -7.303119610890202e-02, -1.382134794688046e-01, -8.114870528193732e-03, 1.045147390252005e-01, 4.805308799250448e-02, 1.505517329722716e-02, -7.197243703479651e-01, 2.330827170010023e-01, 3.801396588130580e-01, -5.447705458845285e-02, 2.663483737788321e-01, -4.581940329231893e-03, -3.501886588267523e-02, -1.666747445198543e-01, -4.541697923506889e-02, -1.291195215854933e-01, 2.131445031269291e-03, 1.693567107834490e-01, 6.630322788382789e+01, 1.260897841760643e+03, -4.248709279714162e+02, -1.552513067836780e+03, -8.625778415256563e+02, 2.965186408212257e+02, 5.965874880384683e+03, 4.583023852089720e+03, 8.728055788506961e+02, -3.467761009281886e+01, -2.028101746947842e+03, 1.990054897927773e+03, 3.717029643210701e+02, 1.471183554802723e+03, -9.698838286068208e+01, -2.196953420243072e+02, 1.161743723817571e+03, 4.342433125455278e+02, 8.354568637415475e+02, 1.924130623881174e+03, 1.114269203224450e+01, -7.272380388540520e+01, -1.812122349411662e+00, -3.330482040133336e+01, -6.278519326573342e+00, 2.412146301120846e+01, -2.199111989840369e+01, -2.071686053746389e+02, -2.194052693787950e+02, 1.334202554876258e+02, -1.548893387441136e+02, 1.771235160695136e+02, 1.413024723699949e+01, 8.894486031227781e+01, 7.098827335953780e+01, -1.089223717987019e+02, -2.100176239105186e+02, -5.426358861327288e+01, 1.996220112604018e+02, 3.808243979588471e+01, -4.600455467246497e-01, -2.002353692126988e+00, -2.623740419451299e+00, -1.973239412497978e+00, -7.148045289161862e-01, -2.243143867594455e-01, 1.772984744461872e+00, 5.007840275084046e+00, -2.795166953948633e+00, 9.576066202657521e-01, 3.937402113396047e-02, 7.432213601254267e-02, 9.939710732835438e-01, -3.034693274587965e-03, -1.162232275342931e+00, -5.473717324154111e-01, 6.477894468906159e-01, 4.469674802634358e-01, -1.413341410680706e+00, -1.151592537337347e-01, 4.251683127295642e-01, -5.241497650853058e-02, 4.352814482988632e-02, -6.858556370394014e-01, -2.864758980177394e-01, 1.291054463117509e-01, 3.382205965346310e-02, 1.659241261532130e-02, -5.185314087229018e-01, 2.245982357727827e-01, -9.312133098196673e-02, 6.114994809020511e-02, 2.923939277010559e-01, -1.094131926654017e-01, -9.480623336766168e-02, -1.090864886050892e-01, -1.151755753604401e-01, 2.877365955707959e-02, 7.212810643301365e-02, -8.887240119352276e-03, 1.109245730715322e+00, -5.941514583331130e-01, 3.776086508659351e-01, 1.146485408861152e-01, 9.414290430494679e-02, -5.112117548793439e-02, 1.226136116699954e-01, -1.989885003641386e-01, 7.035157921489943e-02, -4.908984422209085e-02, 3.354019677253115e-02, 1.135886913071272e-01, 6.610977560933373e-02, -6.479969227027390e+00, -1.035747417007271e+03, 2.160647836355038e+02, 4.766677281675869e+02, -1.021451688508190e+03, 7.745961216827565e+01, 1.055431612375114e+04, 6.741551490479811e+02, -2.291277988486587e+03, 4.632487341500261e+02, 6.914159484643185e+02, 7.828001754877350e+00, 1.937073174243082e+02, -8.905445017472102e+02, -2.267097393286060e+03, -2.666812550492115e+02, -5.244274951185141e+02, -5.954502738811466e+02, 8.444327721944283e+02, -1.893774018042060e+03, 8.792978051582192e+00, -1.049839269765673e+01, 3.413413996545328e+00, -1.823384492260029e+01, 1.156892464690472e+01, 2.791277232005468e+01, -5.236038933183010e+01, -2.557287656985997e+01, -5.872598566250247e+01, 4.807179701994789e+01, -1.239796350720943e+02, 1.110320510195629e+02, 8.400523259077092e+01, -1.300662719330794e+02, 7.134531256581228e+01, -3.424266216971406e+01, -1.932997320076258e+01, 5.744720108036769e+01, 2.382360253499030e+00, 2.546687854687652e+01, -1.001651596582016e+00, -8.424420124289280e-01, -3.698512668342061e-01, -1.140772938397304e+00, -5.733759748866359e-01, -2.074284955404998e-01, 5.505567889521138e-01, 2.846855518691612e-01, -1.470870923525115e+00, 1.741169305168853e-01, 1.115055362845959e-01, -1.285278420308751e-01, -6.465417628555823e-01, 1.020051222553080e+00, -1.090965790697250e+00, -7.501815539038582e-01, 3.732454002658153e-01, 4.568067632122856e-01, -2.212032791606633e-02, 8.992089940731637e-02, 1.165488488059553e-01, 2.831419839318444e-02, -1.548367505438892e-01, -1.707072526076239e-01, -1.626474361634286e-01, 3.831174486264780e-03, -1.335588124239955e-03, 6.131311410833414e-02, -1.531761074711228e-01, 1.234004073506524e-01, -3.327309647175297e-03, 6.186184874065860e-02, 3.175416465897226e-01, -4.113324950884163e-02, 2.606294307757286e-02, 2.059421412011012e-02, -1.003921210910516e-01, -1.605486108376803e-02, -4.390614423541103e-03, 5.423062718868625e-04, 8.590247498960399e-01, -5.421368250823910e-01, 4.215666557965239e-02, 4.271495847925249e-02, 1.871335528279593e-02, -3.159738331787486e-03, 9.608548654868455e-02, -4.076858490764041e-02, 2.505652077754391e-02, -1.915676152328812e-02, 4.176432771045047e-03, -1.093580182412812e-01, 1.286981238857764e-01, 1.389856826336831e-02, -1.437725104342386e+01, 4.588429628489026e+02, 1.015146389756384e+03, 4.808208028572336e+01, -2.923162292414507e+02, 2.080629597260173e+01, -5.131235566756900e+03, 7.159415335184735e+02, 1.236640919006678e+03, -1.966717450323217e+03, 1.791433481549927e+03, 2.027690541903602e+03, 1.019732636508305e+03, -4.479527360969769e+02, -3.571029958239552e+03, -1.206727015490251e+02, 1.121408301234494e+03, -1.193773513218500e+03, 6.683432087526041e+02, -1.210682454678792e+03, -1.047481455514656e+00, 4.248393449597029e+00, 7.944867519431043e+00, 9.087497366538120e+00, -3.287455903132460e+00, -6.562764685130759e-01, 2.058644728383496e+01, -9.204987289505614e+01, 9.441980375997161e+01, 1.472351329001516e+01, -5.261633382587086e+01, -6.974634613116341e+01, 7.280564825018945e+01, -2.385258284843865e+00, 7.704593121635077e+01, -7.172174395844344e+01, -3.546463812433124e+01, -4.552581995650984e+01, 2.200165059794567e+01, -3.882917140536546e+01, -6.813612613984595e-02, 8.103733041745607e-01, 1.298170062372916e-01, -2.808433942249796e-01, 5.141588264014587e-01, -6.354056811597303e-02, -5.968391627672395e-01, -4.696360224592777e-01, -4.072754453234754e-01, -6.357817229133618e-01, 2.998957546000393e-01, 7.493608002268984e-01, -8.154945560432043e-01, -5.291045458943162e-01, -4.421616770079867e-01, 1.317534062992695e-01, 2.923572929217430e-01, 2.861419710701115e-01, -3.643053013273049e-01, 1.876919649414291e-01, 6.893738241308091e-02, -1.256196066863307e-01, 7.287643053271201e-02, 9.892404955285093e-02, 1.143210814095125e-03, -3.498339152258515e-02, 2.198947047492000e-02, -2.120185794980817e-02, 5.430715794638695e-02, -6.384818333716803e-03, 1.183037951015226e-02, -1.046806783554441e-01, -1.896698735113461e-03, -1.411587524202040e-02, 2.029791564049710e-02, 8.826124252681266e-03, 1.391469708961064e-02, -3.593238211250584e-02, 6.151644018908778e-02, -1.313775806431255e-02, -1.009502338604837e-01, 4.045319816668860e-02, -2.312100791598316e-01, -1.210871883941007e-01, 3.187886736505609e-03, -5.164012162092083e-02, -6.032581364323994e-03, 1.096789772743398e-01, -4.607488440175696e-02, -9.739962372742543e-04, 2.769334994081521e-02, -2.699920296879826e-02, -4.167928993603368e-02, 2.912885610116600e-02, 1.033323181426102e-02, 3.598943425571020e+01, 6.763781829920849e+02, -3.007085035384530e+02, -2.158984907085204e+02, -2.598174374092555e+02, 1.409035496699404e+02, 6.706319463466720e+03, 2.385424153765338e+02, -6.596877620025316e+02, 1.074329122890844e+03, -7.612164883763188e+02, -6.995956503920326e+02, -1.382360046725352e+02, -7.306301698355780e+01, 5.188108258954454e+02, 5.088233572340577e+01, 4.844077294068990e+01, 3.160966470268339e+01, -2.450632194499100e+02, 1.829081392855840e+02, -1.499086229467560e+00, -1.500221482785738e+01, -2.705812035521547e+01, 9.947798209522130e-01, -6.506825282052004e+00, -1.650402805264157e+01, 7.710001655117507e+01, 5.845912847049585e+01, -1.262063415403028e+01, -3.364388471431613e+01, 7.759097269934288e+01, 5.359444117788577e+01, -8.513839398067904e+01, 1.001290984033160e+02, -3.328701999708650e+01, 3.372614748577075e+01, -3.518096731799059e+01, 1.656209142480618e+01, -1.834036973688957e+01, -2.824266257090947e+01, -1.154542962021251e+00, 1.840421779040847e+00, 1.193511294798055e+00, 7.024501123277026e-01, 3.388584646453939e-01, 2.643765948706907e-01, -1.158412732592933e+00, -5.625388836555612e-01, 8.448998460904406e-01, 1.795999093564289e-01, -1.229487801566552e-01, -3.897052448140861e-01, 5.696420359020170e-01, -9.359287981476897e-01, 3.958106798312299e-01, 2.572209251194806e-01, 7.672380524546760e-01, -3.350860709102328e-01, 1.239400607956619e-01, -1.013998508217319e-02, 4.308621326658276e-01, -1.462679668237550e-01, 1.205808221099429e-01, 7.322131874701243e-02, 1.048524567841435e-01, -1.698516229706248e-02, 2.367646989488445e-02, -1.326533338186797e-01, 5.380798182378514e-02, -8.772819053651103e-02, 6.283851348144819e-03, -3.911512475721444e-02, -3.017121760507320e-01, 1.017389093676218e-02, 1.188881724312761e-03, 2.640699245878593e-02, 7.364677660648414e-03, 6.888722363036096e-03, 1.130842785014898e-02, 6.668010915268514e-03, -1.574940807290329e-01, 4.176151171994823e-02, 1.888557139025619e-02, -9.494771131666456e-02, 2.616324697495102e-03, -4.986393740399179e-02, -1.046617658085083e-02, -3.490456610163098e-03, -3.400369397264361e-02, -1.503779322072717e-03, 2.091194875323948e-02, -1.351791537912381e-02, -7.490130243308191e-02, -3.874528392929683e-02, -2.220578041523882e-02, 3.237809053382601e-02, -2.785884235408018e+01, -3.296546082961678e+02, 2.123713674233082e+02, -2.866544104245096e+01, 5.244282216855922e+02, 2.430354585546238e+02, 7.227561018187258e+03, 8.869318598500547e+02, 6.174521980727276e+02, 2.375651847471981e+03, -1.186231401907390e+03, -2.293503659095529e+03, -8.203797920157364e+02, -1.635470588911932e+01, 2.008014317649836e+03, 1.354771554013598e+03, -1.983224051326364e+02, -1.367546212170327e+03, -4.985974726541842e+02, -1.207711072887122e+02, -3.454445746419811e-01, -2.852050794803105e+00, 8.330240544510101e+00, 1.096021363407186e+01, -4.878606496840289e+00, -2.155722438318990e+00, 5.042584873978879e+01, -8.847365406473736e+01, 8.608469108370651e+00, -1.138888739428982e+00, 9.944422347010703e-01, 1.024970155636295e+01, -7.426098130939182e+01, 8.474594708206371e+01, 4.265120192684226e+01, -9.483953673839471e+01, 9.179182636337441e+01, -6.411185142015452e-01, -5.745048324215041e+01, -5.091050741498797e+01, 7.131317265012392e-02, 1.149003509304692e-01, 1.626392230841886e-01, 4.917536567979345e-01, 1.479979911992161e-01, 2.375295527383130e-01, -3.031035347537043e-01, 4.437374183059202e-01, 1.814928640038013e-01, 1.946953201478624e-01, -4.088688744673569e-01, -1.422118977316214e+00, -3.674534096148936e-01, 2.765164635425503e-01, 2.117979144909903e-01, 1.053750291994554e+00, -5.934163423689210e-01, -2.998714188141882e-02, 3.870298568229213e-01, 2.518859667519438e-01, 1.177463644087618e-01, -1.842013087425732e-01, -1.748085593985083e-02, 6.410961219590593e-04, -2.212518429830797e-02, 9.564121618893834e-03, 4.304370737447617e-02, 1.243736070560859e-03, 1.731955490641923e-02, 9.124030778985519e-04, -4.184972018608527e-03, 8.083813483147390e-02, -2.117700891745470e-01, -5.758691025186895e-02, 5.365112029379148e-02, 4.823860435470156e-02, 8.089024204979132e-02, -7.008284275368481e-04, -2.073299566696156e-02, -6.372949814295635e-03, -2.973367360128037e-01, 1.146511536788539e-01, -6.053746954531769e-02, -1.476408756797384e-01, 5.301012109261817e-02, -4.144041509506321e-03, -2.141842861451185e-02, 2.649064336706406e-02, -6.749207818663883e-02, -1.768879844483455e-02, 5.323483777315355e-04, 4.282775610503130e-02, -7.881442300934381e-02, -4.018038104970907e-02, -2.973089167961151e-03, 1.000719722317876e-02, 1.888385162619937e-02, 1.414525793942774e+01, -1.293036809419301e+03, -1.377054061845612e+03, 9.109308889441903e+02, 1.130910101109944e+02, 1.713703871163670e+02, -3.033354427347121e+03, -2.601916654409879e+02, -1.196002700404990e+03, -1.820452796441783e+03, -3.498219575691650e+02, 8.882326319522333e+02, 1.409223267789276e+02, -2.025670816160425e+02, -2.208939407218337e+03, -1.466051232912450e+03, 5.105991128767915e+02, 1.276589160827515e+03, 1.015496722953110e+03, 5.776611677752126e+02, 1.283902233164578e+00, 5.189049262836003e+00, -7.890462408271958e+00, -1.467121078171653e+01, 1.131950260035888e+00, 7.529118734883919e+00, -2.091002490104286e+01, 9.972440609226506e+01, -3.212098759897335e+01, -1.236312140443591e+01, -2.611008517301272e+01, 1.649626762575866e+01, 4.593819450926563e+01, 3.197297434319063e+01, 2.167400507283089e+01, -2.545282029103799e+01, 5.697066400392207e+01, 4.852186522144930e+01, -1.859675592240960e+01, -2.113255507947051e+01, 1.149381148221794e-01, -5.292809515445271e-01, -2.959618678371004e-01, -4.117530142268824e-01, -5.380531598643599e-01, -2.022275443629465e-01, 1.973344792204278e-01, -6.755134690895587e-02, -3.415337784447199e-01, 3.241746054292201e-01, 5.592577581726025e-02, 5.465236900725983e-01, 1.175919592120927e+00, 2.675657762046129e-01, -5.999463731053404e-01, -1.955394693987602e-01, -9.282134072509415e-01, -1.677004010634078e-01, 1.378301689206413e-02, 1.521011974693944e-01, -1.316801539966638e-01, 9.951696027812980e-02, -1.568548897740862e-01, 8.656733738201332e-02, -7.048943987445323e-02, 5.244485084137868e-03, -2.207071693156873e-02, 1.088595029590660e-01, 4.812149482128954e-02, 6.260563975351992e-02, 5.800282924587312e-03, 1.361506950325088e-01, 9.729350088197250e-02, 7.031187467100089e-02, 2.025258172507878e-02, 1.218388440287599e-02, -1.931632680134006e-02, -1.734556510441106e-02, -1.275221892424489e-02, -1.315209761901728e-02, 6.365571216801122e-02, -4.480844770844267e-02, -4.122964057150268e-02, 1.098083808024142e-02, 2.776889730708922e-02, 2.983112273784151e-02, 9.825849185371379e-03, 1.605813259700744e-02, 8.537232299946032e-03, -1.334656082171244e-02, -1.451289652617151e-02, -3.196230662103626e-03, 3.052870030787600e-02, -1.236476224090276e-02, 1.448730382757384e-03, -2.796015119381372e-02, -7.542287872079508e-03, 1.535045165116077e-02, -1.600339360561365e+01, -1.069491481383724e+03, 1.765384628537582e+02, -2.112993298796122e+02, 6.828666003869721e+02, -3.494538440731279e+01, -1.355785658732004e+03, -2.516467602849607e+03, 6.422155104294235e+02, 1.023969813804572e+03, -7.218480551507781e+02, -2.279844626112737e+03, -6.759073434017421e+02, 8.692696503503852e+00, 1.918840853141565e+03, 3.916692434160729e+02, -2.623649835855909e+02, 3.958424439349933e+02, -1.159793493773916e+03, 1.192042407660025e+03, -9.651790403982312e-02, 1.077632201712551e+01, -1.014307529434708e+00, -4.138645403683375e+00, 3.646680642974147e+00, -2.571868275969785e-01, -5.021875855941891e+01, 5.081607927845737e+01, -2.174412091523975e+01, -2.092683138703276e+01, -6.042761519568118e+01, 5.565517344305772e+01, -7.316060540745717e+01, -6.526245028547248e+01, -1.712728203253784e+01, 4.123276388361175e-01, -1.214329207073262e+01, -8.137207727306339e-01, -4.176748940834057e+00, -1.975300655688855e+01, 2.763898758309385e-01, -5.662683900708434e-01, 5.760235916841855e-01, 1.897957285503481e-01, -1.279839709067883e-01, -4.075199549740530e-02, 5.426396109956160e-01, -1.042048926789902e+00, 1.558820509825530e-01, 1.145219236041692e-02, 2.920736474698900e-01, -7.560805454347816e-02, 6.341338488549646e-01, 9.656946507463220e-02, 1.674555318175384e-01, 9.903441781254849e-02, -1.430122869464203e-01, 4.749697615579174e-02, 5.802068139640047e-02, 9.007978449761858e-02, -1.191417182522501e-01, 4.833472784067428e-02, 1.508078822663313e-02, 6.773365791613509e-02, 1.330570194369547e-02, -1.357856499963175e-02, -1.563408352668655e-02, -2.105775176743600e-02, 4.089595424303473e-02, 9.216476816481262e-03, 7.103926031258918e-03, -7.590616252880109e-02, -8.478147249806275e-02, -3.240727104730522e-02, 1.618657466027682e-02, -1.077921442460809e-02, 2.179643402706816e-02, -7.141810940591646e-03, -1.069017658976767e-02, -1.536548897598395e-03, 1.484658395184585e-02, -4.224925409468002e-03, 8.985732520981357e-02, 2.879140236805039e-02, 3.341455990784521e-02, -1.056228073876034e-02, 1.496786337627979e-03, -3.866377676006161e-02, 1.769282301393291e-02, -1.828707709398616e-02, 5.744508375591244e-03, 8.291718670625954e-03, -1.625511964770039e-03, 5.105250614543380e-03, -2.653894288824529e-02, 8.880793480403101e-03, 2.370164207521610e-02, 1.113414141630792e-02, 1.123773053581044e-02, -2.842783171466121e+01, 6.624761751410950e+02, 1.787922905956486e+02, 1.754932169006000e+02, -1.538932768589007e+02, -4.997846640693342e+01, 2.077090863947456e+03, -9.943322943817409e+02, 4.310032196718750e+02, -3.583344152954579e+02, 8.157261194560460e+02, -1.303704611974236e+02, -6.553804002107555e+01, -3.277693590594170e+02, -1.310435705213517e+03, -2.110226426956706e+02, 8.516255979721868e+01, -1.158066390638397e+02, 3.050068123086272e+02, -9.674760809583715e+02, 3.256024826632922e-02, 2.498198900106416e+00, 7.393752933008210e+00, 6.706105904838370e+00, 5.192490399986909e+00, 1.088869163797189e-01, 1.777744625130852e+00, -3.231832399386145e+01, 6.461462661379304e+00, -1.745697144135428e+01, 7.379484242685517e+00, -1.944599776141084e+01, -2.470262989618840e+01, 2.573881382824946e+01, 1.569635132668045e+01, -1.011329534122929e+01, 6.301921494361907e+00, -1.532928833644650e+01, 1.976294849643361e+00, -2.923111026276783e+00, -2.723709148615214e-02, 1.517943822427825e-01, 2.199683124357724e-01, 1.385312751589424e-01, 1.086353152181401e-01, -6.738977003753432e-03, -7.004324398569663e-02, -2.505754824000714e-01, 1.081772906303231e-01, -8.459308350940174e-02, -1.215993534259848e-01, -1.984489645665868e-01, -4.262370028005704e-01, -1.113539130632168e-01, 1.677212136944192e-02, 7.900854974378455e-02, 1.335669225421609e-01, 8.564676638970102e-02, 3.708737086363736e-02, -8.863902567641937e-03, -3.850405333012154e-02, 2.198759094122198e-02, 1.040614908799807e-02, 4.114999042937706e-02, 3.701368532829851e-03, -2.060705344141290e-03, -5.105655245961952e-03, -1.667118806840016e-02, 3.470530068278528e-02, -6.666830355254491e-03, 3.450344662656658e-03, -4.147061484937386e-02, -2.363351769519168e-02, -1.250527155471213e-02, -2.473287215647977e-03, 1.600761949137089e-02, 8.886880447890622e-04, -4.929368072304709e-03, -4.081433919409259e-05, 3.753731088659635e-03, 1.515122920439870e-02, -7.630801837621370e-03, -7.820097403603318e-02, -5.288022755304343e-03, 7.262672919357885e-03, -3.226934699973098e-03, 2.536397137890122e-04, 3.542426796591500e-02, -1.661254137190437e-03, -3.684740991568114e-03, 1.409885325800657e-03, -2.317759557604008e-02, -6.958284939211064e-03, -2.852488899219319e-03, 1.158477437750319e-02, -9.368340556632519e-03, -5.939252091888944e-03, 5.709139188543820e-03, 9.168186326144277e-04, -1.172833134530689e-04, 1.059059087980307e+00, 6.834217272030655e+00, -7.233869859939616e+00, -4.857312556694690e+00, 2.225399283872013e+00, -2.252461436686621e+00, 1.296446835391288e+02, 3.844765838110666e+01, -2.678581602480051e+01, 3.655288836307162e+01, -2.836431110374106e+01, -2.915891904104132e+00, 4.778219446487045e+00, 5.504308312656930e+00, -6.014082926909910e+00, -8.838373622834357e+00, -1.026914551354498e+01, 1.033271076757596e+01, -1.441062478374011e+01, 9.492753516130195e+00, 7.637281415922791e-02, -3.768544503243046e-01, -2.406344225288230e+00, 7.754116094963508e-01, 1.305658628404262e+00, -5.164298372310137e-01, 3.957632460597758e+00, -8.266167178418170e+00, 4.240088467439647e+00, 2.631882362127471e-01, 4.369600653951630e-01, 4.031177871718225e+00, 9.400893909300529e-01, 2.416307270110349e+00, 5.490408899791961e+00, 1.087002752995239e+00, 2.213583589506233e+00, -9.576697182607837e-01, -2.877908150620727e+00, -1.055300975071106e+00, -3.314750489561057e-02, 5.717390436402094e-02, -7.372315699051234e-01, -3.797334484506826e-01, -3.309368546618941e-02, 8.349822848437380e-02, 3.036968884169948e-01, -5.818219986778214e-01, 5.666242506560367e-01, 1.954814124824397e-01, -9.057778827276489e-02, 1.102874044667900e+00, 4.592261544210732e-01, 2.209092908925037e-01, -1.312252176732858e+00, -1.188029825764390e+00, -7.322155037694188e-01, -3.308061177558207e-01, -8.331825705716206e-01, -1.899297162754269e-01, -2.362428190605708e-02, -1.747460626235506e-04, 5.517397481459564e-01, 6.203015056530767e-03, -9.060107993988846e-03, 5.847767112241991e-03, 1.449362221783949e-02, -1.021086174012992e+00, 4.581197181423216e-01, -6.854139180847273e-02, 1.487083730232973e-02, 4.917341914458056e+00, 3.219391099150779e+00, 1.328454704979999e+00, -4.543402806317472e-01, -5.344629397048336e-01, -4.192286073161525e-01, 2.942566917521092e-01, -2.681486835349030e-02, -2.078952564023893e-03, -1.391561872002891e-04, 4.444702360044290e-03, 7.172274445953630e-01, 1.541948304056985e-01, -1.410030230601215e-02, -3.330532706312535e-02, 1.664558676031198e-03, -6.781616553029541e-01, 9.757358496910153e-02, -5.800002571686833e-02, 1.386335143798120e-02, 6.349187090401880e-01, 1.954463560054589e+00, 2.587416431266761e-01, -2.457595247204998e-01, -2.175542955368689e-01, -1.113289947655852e-01, 4.713989810295142e-02, -2.080121405746365e-01, 4.013237317735571e-03, -1.895297608531805e-03, -2.629271125729713e-02, 3.662084007803109e+00, -3.430110523423083e+00, -2.937228762632786e+00, 1.893487365786612e+00, -1.840724081473805e+00, 3.656754557327333e+01, 8.368764849608754e+00, -7.265484653187562e+00, 1.662466824714505e+01, -1.042918159258677e+01, -6.193623904671604e+00, 1.640639889271930e+00, 1.263176091167873e+00, -1.697080926518173e+00, -4.181486442281853e+00, -6.751067458709719e+00, 4.713434884335813e+00, -9.989438178754957e+00, 4.841577307134909e+00, 3.159599558028547e-02, -1.116382675823483e+00, -7.669649651111756e-01, 1.007544120627800e-01, -1.325630388569213e-01, 1.233367463661100e-01, 6.359600081242643e-01, -1.430434243089572e+00, -7.697088434405258e-01, 8.521614344391519e-01, -4.160291928743177e-01, 1.235126112530515e+00, -1.071267443553938e-02, -6.802408442891943e-01, 1.448729717124560e+00, 5.051874398174910e-02, -1.653505744166039e-01, -5.245197156577065e-04, -1.065031534214002e+00, -4.853143536947637e-01, -1.570266043025117e-03, -4.532831491506881e-02, 3.541845823249540e-01, 2.446717359820884e-01, -2.277282328547263e-02, -3.895688781549530e-02, -1.229163452734209e-01, 3.430446121256256e-01, -4.488848275500549e-01, -2.528996344403225e-02, -5.060432027086092e-02, -8.846093672249900e-01, -2.921559484503465e-01, -1.291790401610803e-01, 7.234354382258604e-01, 4.159886312107822e-01, -5.286670360510452e-02, 2.039477949218389e-01, 2.457380423481471e-01, 8.085794119853741e-02, -4.304707999159419e-03, -1.900370441795234e-03, -3.051255037003483e-01, -8.718239794705285e-02, 1.907818929826438e-02, 5.452663737769908e-03, -2.785083703053645e-03, 5.162990769314343e-01, -2.363359171857956e-01, 3.947228328144656e-02, -3.382841381218769e-03, -2.400084919402710e+00, -1.638292887371162e+00, -6.834138802120281e-01, 2.463722748090365e-01, 2.481170259284631e-01, 2.247823108877451e-01, -1.403046354970863e-01, 1.196931967393836e-02, 3.018815353024512e-03, 3.901878141053724e-03, 1.084236643366462e-03, -3.162319687090335e-01, -4.400905284661754e-02, 8.157026722818058e-03, 1.934091846285080e-02, -6.572267170820599e-04, 3.117304567763885e-01, -3.637859807776681e-02, 1.545966825867974e-02, -9.101004846647196e-03, -5.387934106951747e-01, -9.317881639664907e-01, -1.887381961897318e-01, 7.050262470326794e-02, 1.310197097642584e-01, 2.562871087186646e-02, -2.657146435823565e-02, 8.923073131467904e-02, -6.225684595294350e-03, 3.689024446165916e-03, -4.495236581525950e-04, 1.301781149743455e+01, 6.649126909629069e+02, 7.087918573466294e+01, -5.118534592141923e+01, 6.339504008767136e+01, -1.411628521529572e+02, 1.081878333791279e+03, 1.649606507118522e+02, 6.420982099198534e+01, -1.957996899894591e+02, 2.305437326172510e+02, -1.564197704011531e+02, -1.523898441974426e+02, -3.342331562196411e+02, 3.084423979988189e+01, 2.265071252296990e+02, 3.546499173576082e+02, -3.614887860669847e+02, 5.062488253455583e+02, -5.981328175354163e+02, -7.499788710839147e-01, -3.977591273273719e+00, 3.642790842981118e+00, 1.099355510564502e+01, -4.070234992424900e+00, 4.622189988820017e+00, -1.845933381517073e+01, -3.847717449544309e+01, -6.407647830535312e+01, -5.622775277943205e+00, 1.966449835394754e+01, -9.859789687879632e+01, -3.821106056441911e+00, 8.381326124922028e+00, 1.396254106720133e+01, 4.540923393963563e+00, 3.580046937747792e+01, -1.126016116128392e+01, -1.253198016134977e+01, 3.972878869601779e+01, -6.794265505648001e-01, 6.889107007880672e-01, 4.480673908835765e-01, 2.978457230645702e-01, 9.261254406071978e-01, 1.868718963497439e-01, -1.278016321746915e-01, 5.239790317523767e-01, 3.653602290673123e-02, -3.416312176357845e-01, -5.990507541955658e-02, -3.825069052976370e-01, -3.523089846168474e+00, -1.056683110726862e-01, 1.115840308750391e-01, -3.022660693928299e-01, 1.356206937766447e+00, 8.196336193726810e-01, 4.085420409473561e-02, -1.585763564347603e-01, -3.421211345452446e-01, 6.007797897954096e-01, -1.865322311810766e-01, -5.857544341464692e-01, -1.231256171074178e-01, -1.443093914571740e-02, -1.988017015506696e-01, 1.339759309507754e-01, -4.809364974856565e-01, 7.945913858989181e-02, -4.925917965912985e-02, 3.902659445268875e-02, 6.353239278368875e-02, -2.323868226895852e-01, -8.228907016247647e-02, 4.095731844167041e-02, -1.421370179619242e-01, -1.088987905458087e-01, 4.945993740062533e-02, -1.091239982874697e-02, 2.262082376235662e-02, -7.757380356409714e-02, -1.710646478877892e-01, 5.201252555466617e-02, -3.022015808526000e-01, -2.263524489538295e-02, 1.653752169114905e-02, 1.306616777231877e-02, -2.950885352159864e-02, 1.794708053474191e-01, 9.151711090328312e-03, 1.432172997936705e-01, -5.587139792979555e-02, -4.932628240882519e-02, 9.194406041640258e-03, -2.487505347240750e-02, 3.223569357731432e-02, -1.612668987592704e-02, -6.220132480142410e-02, 9.568327435999550e-03, 7.533805973560681e-02, -9.290658894322104e-03, -9.775839322906361e-02, -2.224236081218664e+00, -9.832185210370039e+01, -1.223775438326476e+01, 1.825907612423813e+01, 3.688756244090355e+01, -3.483265254335496e+01, -3.899584506942378e+02, -1.296186002448984e+02, 1.287752724011382e+02, 2.398339130380573e+02, -8.654479450675525e+01, -3.154343294963836e+02, -7.025712713994984e+01, 6.599149699342739e+01, 4.143182770531309e+02, 1.627289614375049e+02, -6.371881359574521e+01, 2.847445437712866e+00, -1.794021003860798e+02, 1.063292017472940e+02, -1.658649454481867e-01, -7.343078070159642e+00, -4.339074518517004e+00, -6.272006217917642e-01, 9.119654124756608e-01, -3.485674295109151e+00, -1.219098812730498e+01, -1.485360676008383e+01, 1.702318315316986e+01, 1.608238039199181e+01, 1.191704144544312e+01, 5.145412206684869e+01, -1.540166324828293e+01, -8.379794978902416e+00, 5.594622241225662e+00, -1.298598396045046e+01, 2.885770321124509e+01, 7.104406794773598e+00, -8.253629058471590e+00, 1.848837838780458e+01, -1.674464783246638e-01, 6.980320739556334e-01, -5.556828391405697e-01, 5.631710482853165e-01, 1.405760405727151e-01, 4.362559468772574e-01, -4.362905089363497e-01, 1.849988788448602e+00, 6.027486063310682e-02, -3.550497188272153e-01, -1.093372910032072e+00, -8.044335716908895e-01, 3.586938943036259e-01, -3.358194356385121e-01, -2.575200332232738e-02, 6.542838562436475e-02, -4.045479075374838e-01, -3.426084037084579e-01, 8.207403943202203e-01, -1.542625080726980e-01, -7.496505523206905e-02, 5.512583204349626e-02, 2.977145629770741e-01, -9.756528212388907e-02, -4.287690231298197e-02, -8.655484414592574e-02, -1.488507451730175e-02, -2.287228265209402e-01, -1.308198398884993e-01, 7.869853258150271e-02, 5.940680901999017e-02, 1.975032007682495e-01, -2.909636049352756e-01, -4.204328544360025e-01, 5.191007359308281e-02, 1.856029700009007e-01, 3.295209971393491e-02, -9.712013900777110e-02, -7.302136947712826e-02, -1.839076709937842e-02, -2.060273971974024e-01, 7.708297171461381e-02, 7.358245760667798e-02, -2.505180047006837e-01, -4.050012752573841e-01, 4.070951698742516e-02, -1.228384374811371e-02, -8.475680763391813e-02, -1.187247886635451e-01, 2.009326752591074e-01, -6.959165340770536e-03, 1.799281673642052e-01, 3.545730397880564e-01, -1.673045621453110e-02, -2.895565983871611e-02, -2.549275117618264e-02, -4.935890985847207e-02, -4.405206252530482e-02, -9.544551768729073e-02, 4.370661039853282e-03, 1.303685125501972e-01, 6.093220151975386e-02, 1.552034739882692e-01, -6.691061220802916e-02, 3.204364674360414e-01, 2.156299305276307e+01, -9.858390315253546e-01, -3.532563288465334e+01, -1.201036936389636e+00, -1.205092751274365e+01, 1.085709921380806e+03, 1.470515704412257e+02, -1.335087367584779e+02, 1.995889768563459e+02, -1.832845365941817e+02, -2.006030031162115e+02, -9.825934488135364e+01, -3.054502397090391e+01, 1.676944909579531e+02, 6.039613685403514e+01, 2.258899461129489e+01, -8.408880977070169e+00, -1.675926378813316e+01, 1.272378596155684e+01, -1.013195072496448e-01, 2.338847239159753e+00, 6.938940173911822e-01, -4.796328666973258e+00, 5.043633886665142e+00, 1.151782968337575e-01, -3.096397574733521e+01, 6.252951670950930e+00, 1.116600539679030e+00, -1.805150072128262e+00, 1.991593840943930e+00, -5.826293151024080e+00, 6.019610352723373e+00, 1.985938899963020e+01, 1.627644717620308e+01, 2.346095235375927e+00, 1.873611539767142e+01, -7.389074891366419e+00, -9.905696968748236e+00, 1.037250977095228e+01, -4.376281661571652e-02, -1.153350559797887e-02, 4.133814194241228e-02, -1.682725424506748e-01, 5.234241085125821e-01, -5.940780159730472e-02, -8.301635976343315e-03, 7.177607620335922e-01, -6.212911409683850e-01, -4.639726627592807e-01, -3.857788654788438e-02, 7.766613553571503e-01, -1.205928584954090e+00, -1.579515620268007e+00, -3.733046926860928e-01, -6.552756174295080e-01, 6.358696014863378e-01, -1.143354605554164e-01, 5.699419512638045e-01, -1.487206419073721e-02, -7.847095638277055e-02, 1.061460566324270e-01, -9.816045998979907e-04, -3.190540225071085e-02, 7.246819064147106e-02, -8.598930853194506e-04, -2.051004566453958e-02, -4.290423211555249e-02, -4.171333185065336e-02, -4.664543540591664e-02, -1.287046534613219e-02, 9.218141019975858e-02, 1.856230707906938e-01, -9.714988771727547e-02, 4.029470465722692e-02, 9.321074930244591e-02, 4.515760865308931e-02, -5.051740961583686e-02, 3.535467504113006e-02, 3.399945444589454e-05, -2.415469951964780e-01, 1.469915553857069e-01, 3.287760157810267e-01, 7.452734108083725e-02, -1.924477028869897e-01, -6.141252685919724e-02, -2.477046564906907e-02, -1.904756138744537e-01, 3.123750250424201e-02, 8.237442331415022e-02, 3.487340250875565e-02, 2.037097100983923e-01, 2.288971296495347e-01, -8.440339420211315e-03, 5.531506329641592e-02, 2.422272046768021e-02, -4.479611778306042e-02, -3.304364455627606e-02, -1.924900341466676e-02, -2.140540821503245e-03, -5.312521800187129e-02, 7.845422805325376e-02, -3.010387700751375e-02, -3.549884213678515e-01, -4.498284085321851e-02, -1.208891594942453e+00, -8.338862889275164e+00, 5.506819790011885e+01, 1.867152099833987e+00, -7.697199340550516e+00, 4.239606433964180e+00, -1.784500262796458e+02, 9.467372293889319e+01, -5.965018274426793e+00, -6.073820154035219e+01, 2.414094088668563e+01, 1.448156316301855e+02, 8.371099192751760e+01, 4.631533536570983e+01, -8.278715337188046e+01, -4.493492516437495e+01, -8.216114544690269e+01, 9.632560918151508e+00, -4.821564597785274e+00, -1.492627448496491e+00, 3.520955818041528e-01, -7.618804716385132e+00, 7.732469390260592e+00, 6.892334804645667e-01, -1.538874634555225e+00, -2.244671889048361e+00, 1.647015253785380e+01, -1.330134691684586e+01, -1.487804154371710e+00, -4.163273197853312e-01, -1.384371076383439e+01, -1.850999182228098e+01, -9.673606177370752e+00, -1.604154913910781e+01, -1.664565884566886e+01, -3.614196657715526e+00, -2.342620620623939e+00, -1.596831443032725e+01, -2.243705477168905e+00, -4.900613817014403e+00, 1.628482335225342e-01, 8.632166438685385e-03, -3.433216636382920e-01, -2.052842919865704e-01, 2.354190247908640e-01, 1.244144474347009e-01, -2.147391950591949e-01, -1.963150960105510e-01, -7.047988606322942e-01, 1.225543004317987e-01, -5.417832885855524e-03, -4.668549249153841e-01, -1.217612944054814e+00, 4.172799204796971e-01, -4.045899682643242e-01, 6.024547829318303e-01, 2.717200485363597e-02, 2.710700722204060e-02, 3.229330308835616e-01, 4.533907657571239e-02, -3.935846881367031e-02, -1.330084759239159e-02, -3.150765093881217e-01, -2.030757630775999e-01, -2.506409388660515e-02, 1.389901678509280e-03, 5.345512294327118e-03, 3.317005871956198e-01, -1.631977687619192e-01, -4.295751922699694e-02, -7.484008876276281e-03, -3.236099713653872e-02, -4.114484605856684e-02, -5.849406018511830e-02, -7.843211434152120e-02, -1.133647764671823e-01, 7.302365412032172e-02, -9.079007019137900e-05, -1.992903941294215e-03, 9.243563091016741e-03, 2.871148850756607e-02, -8.626490510024117e-03, -2.987324624711427e-01, -3.324339814536581e-01, -6.242461922665823e-02, 7.997498829807845e-02, 1.618936492650780e-03, 2.302902192789008e-01, -1.948880592388147e-01, 3.530868890830626e-02, -3.665483688992371e-02, -8.195792119052944e-02, -8.675161210864445e-02, -7.324008580426201e-02, -7.907864596792494e-02, -9.349661899890361e-04, -6.672007778471203e-02, 2.190398948365124e-02, -4.057482980614739e-02, 3.088650320212098e-03, 4.985994088826984e-02, -4.161532982220786e-02, 6.894157481451164e-02, 2.481228391417868e-01, 1.581762124014489e-01, -1.128395083971418e-02, 2.174304522401702e-01, 1.808118681070602e-01, -2.563950010863024e+00, -2.681037255329433e+00, 3.811345223558260e-01, -3.742461635375662e-01, -2.277916524201159e+01, -1.527250393224464e+01, 1.086459175864632e+01, -3.009434630409694e+00, 5.621045590208646e+00, -1.365750701445560e+01, -6.794982501184964e+00, -6.479333621577153e+00, 7.865803149007448e+00, 4.395296980597173e+00, 3.520678024845705e+00, -4.655012708205980e+00, 8.854464562464397e-01, -3.774758646263717e+00, 3.286853549541930e-02, -1.949429092088324e-01, 5.794169316223811e-02, 1.195132399858753e-01, -5.529485299362670e-02, 4.799958682963637e-02, 4.774510387699990e-01, 4.309061714623964e-01, -1.189658082776957e+00, 5.242987530943325e-01, -3.517990390130183e-01, 6.884985162078666e-01, -1.013178852937059e-01, -1.023426025860491e+00, 7.269549075446541e-01, -4.948753492615574e-02, -3.771646858137361e-01, 3.821534685104701e-02, 1.690130157584873e-03, 1.831793898797855e-01, 4.344262427578874e-03, -7.269065593246971e-03, -7.339474923314579e-02, -3.236251123435423e-02, 1.026037085817320e-02, 1.181792110355842e-03, 5.156823497347951e-02, -7.637292785468104e-02, 1.388732454166282e-01, -9.009635387435374e-03, 2.625999402050561e-02, 1.471698612950048e-01, 5.583334042074634e-02, 4.225741504226792e-02, -1.128834338166966e-01, -6.749318050363740e-02, 4.161572720526178e-02, -2.736056224099288e-02, -3.960775378100008e-02, -8.484235085454730e-03, -9.029980678781016e-04, -1.269098555968746e-03, 5.637276419092407e-02, 1.989415200609960e-02, -1.032421345971282e-03, -2.152097648274830e-03, 8.958753171538244e-04, -8.174019058760074e-02, 4.195258844849232e-02, -1.046292315249904e-02, 1.287661827094512e-03, 3.905689667265699e-01, 2.752506421116960e-01, 1.056929831831997e-01, -4.207336070123302e-02, -3.983699200385388e-02, -3.601665267296698e-02, 2.206825332507511e-02, 1.773513771913131e-04, -3.962818517388661e-04, -2.499375084300253e-04, -1.774469979812313e-04, 4.563625119163928e-02, 3.872670217607484e-03, -6.219240232251288e-03, -2.948041102492044e-03, 1.314669399807059e-05, -4.626988058291979e-02, 4.506802985493933e-03, -3.544365174348968e-04, 1.553828000801394e-03, 9.901627811644231e-02, 1.699667535143933e-01, 3.706652202146588e-02, -1.101953760978619e-02, -2.449294410445958e-02, -6.362999924748703e-03, 5.449484667980134e-03, -1.555136938576026e-02, 9.020432064669989e-04, -4.495245494247157e-04, -4.247229136566777e-05, -1.720352653344075e-02, -3.698358693691099e-02, -3.848709173348028e-02, 1.790268204023463e-02, -8.208827837646061e-06, -3.322558230621911e+00, 1.246526611580030e+02, -7.122941840913440e+01, -1.415537475020271e+02, -6.890277607549240e+01, -7.154229849949991e-01, 9.630984874719214e+02, 5.891474873320022e+02, -1.214078093042181e+02, -8.159930347116429e+01, -8.232768191350702e+01, 3.509420543710481e+02, 1.050705684414899e+02, -1.446626273919733e+01, -2.045888017231284e+02, -4.775604349072817e+01, 1.684803789921129e+02, -2.185007545312008e+01, 2.369170721831312e+02, -1.572325346824313e+02, -3.428688767927253e-01, 6.126381453196049e+00, 4.966215144006435e-01, -4.994173202960700e+00, 5.902182735914648e-01, -7.107666013001991e-01, 5.147315025331967e+00, -2.912609075343416e+00, 1.337258370223737e+01, -2.216902399858913e+01, 6.600613384552644e+00, 3.535467935972434e+01, 3.357111806848527e-01, 1.520474824376568e+01, -3.535117823476627e+00, -1.136623276012588e+01, -1.464034257243458e+01, 3.305021868517604e+00, 3.301298352655906e-02, -1.378778981022887e+01, 3.081279694493205e-01, -1.517213036245698e-01, 3.118027547126749e-03, -2.685759617211921e-02, -3.397655795869505e-01, -8.961631920902824e-02, -1.503517465840458e-01, -4.814434144065436e-01, 1.695256036770198e-01, 1.829904221911631e-01, 2.263421815182785e-02, 1.730654106347876e-01, 1.594790552215137e+00, -7.658305678036543e-03, -1.377966588359676e-01, 1.769722341339097e-01, -6.914296119996473e-01, -3.004997462967013e-01, -1.378909299339694e-02, 4.583274630678306e-02, 1.989424385480541e-01, -2.871877300747252e-01, 1.427135845142678e-01, 3.543123806757194e-01, 7.537850051902374e-02, -6.805053930036257e-03, 9.079135799243736e-02, -1.106677143279771e-01, 2.572602418077436e-01, -5.709467863345638e-02, 2.907297663245193e-02, -5.962630588563302e-02, -5.342445375337460e-02, 9.814113884085156e-02, 4.866977231361803e-02, -2.310310304228297e-02, 6.422100255012538e-02, 3.647414293789961e-02, -1.999222402391172e-02, 4.766488939264828e-03, 3.789658973603909e-02, 3.486369878664914e-02, 4.147952137419401e-02, -9.550216788653062e-03, 1.610705455246025e-01, 7.968818004966021e-03, -1.100870757708867e-02, 5.619353876156970e-03, 2.252594088101215e-02, -8.565741600604615e-02, -1.509646244706255e-03, -9.495827328386261e-02, 2.430040057647863e-02, 3.190006396562003e-02, -2.714430792042898e-03, 1.388318303103592e-02, -2.244374518842294e-02, 6.549721876690026e-03, 2.673303395552436e-02, -1.844201521767841e-03, -9.290611180279929e-03, -1.720350714865770e-02, 1.019282951129613e-01, -6.839191264691125e-02, 2.733193823741728e-02, -4.931047879753560e-02, 6.600477002928038e-03, -2.741089413655081e-02, 1.466735497825767e+00, 4.757527274464900e+01, 2.976370313926042e+01, -5.629981075718876e+00, -1.172917466893596e+01, -1.087490764164817e+00, 3.119287857621095e+02, 3.690017396071190e+01, -5.562708596096387e+01, -1.388531415665773e+02, 6.010065625440466e+01, 1.676397015532586e+02, 1.095080426013573e+01, -5.514377570069056e+01, -2.148618067442061e+02, -7.514746874673986e+01, 6.851789877112483e+01, -2.215381126680503e+01, 1.250100865360689e+02, -7.626237487523733e+01, -4.128134541362063e-01, -3.575803659942975e+00, 9.214198132987529e-01, 6.785911021036617e-01, 2.554868025216160e-01, 5.181851684084270e-02, -1.150944887103688e+01, -2.508368564763788e+01, 9.472007233215072e-01, -1.811511574635057e+00, -8.605086571090599e+00, 9.444797879428199e+00, 2.075427784636564e+00, 1.428065408052145e+01, 6.240634132497585e+00, 8.363684939952554e+00, 2.001373395740077e+01, 6.922622011020689e+00, -8.996823528022309e+00, 1.624738785523506e+00, -8.684704914298384e-02, 2.722463729523371e-01, -4.209428039859498e-01, 2.039669244984403e-01, 8.657505846823198e-02, 5.957404672218135e-02, -1.458667578521107e-01, 1.044778121557707e+00, 1.026757137511677e-01, -9.647906832737288e-02, -3.617571844220330e-01, -2.042877409976030e-01, 1.925089951437427e-01, -2.691526238301941e-01, -3.085490013309443e-02, -4.102434969238975e-03, -2.938542152897589e-01, -2.288402863746458e-01, 4.004427200931181e-01, -3.267672005411282e-02, -1.488624790965566e-02, 3.469621682318810e-02, 1.192231218031833e-01, -6.653423581439925e-02, -2.994851505499456e-02, -2.600881679760509e-02, -1.397272813560713e-02, -9.918405690139444e-02, -6.314809786796029e-02, 3.108852394133557e-02, 2.585512694832827e-02, 9.918294942797315e-02, -1.088853767259096e-01, -1.664758293505140e-01, 1.991830307313031e-02, 8.641726730985833e-02, 1.037210697444016e-02, -4.098654812616929e-02, -4.444768582349639e-02, -7.801196539442157e-03, -1.050541597026560e-01, 2.631628666242041e-02, 1.135251700556691e-01, -1.090025597639615e-01, -1.758663457448225e-01, 1.778284484623385e-02, -4.320361664933766e-03, -6.916684393263844e-02, -5.326188615977185e-02, 8.695686184290302e-02, -5.127212868917341e-03, 8.735943222836710e-02, 1.469215790667326e-01, -1.635125122221173e-02, -1.240587958382950e-02, -1.308050128743582e-02, -2.149531296772567e-02, -1.711240245828377e-02, -4.865682049015053e-02, 3.203749448904809e-03, -6.093224529839387e-02, 3.698358293661760e-02, 6.839210411531930e-02, -4.510957325070771e-02, -1.645333221021257e-01, 1.225858833643679e-01, -1.166722298318781e-02, -2.740403547401460e-02, -5.556331889883492e-03, 4.432819656622453e-01, 6.785036604014709e+01, -3.276663294343697e+00, -2.154664267881530e+01, -5.163359062026465e+00, -1.531645318736798e+01, 6.672762106574626e+02, 1.920220497424334e+01, -2.691980361528041e+01, 8.354662031000102e+01, -8.803507449196867e+01, -2.008617709881474e+02, -1.231484028767220e+02, -6.876989885038147e+01, 1.903092518586836e+02, 8.728307927491349e+01, 6.955698270374923e+01, -4.854552948896936e+01, 3.414067372511273e+01, -2.573543020002904e+01, 1.964385029959482e-02, 2.110352873485779e+00, -1.495499042577077e+00, -4.830132962511605e-01, 1.427100629566604e-01, -1.373797758923916e-01, 3.389286205792689e+00, -9.830126354189574e+00, -1.122164031672641e+01, -1.397026785106573e+00, 4.189483357139387e+00, 1.121223710376394e+01, 2.084967801251374e+00, -7.683666654562845e+00, -1.076092836303587e+01, -7.773801977159850e+00, 1.373635374682146e+00, -4.657909702441535e+00, 5.183527958361601e+00, -4.465417302701089e+00, 7.606278773898774e-02, -5.352388629783369e-02, 1.047129597433382e-01, 1.281087512185580e-01, -2.594049123034709e-01, 5.064039807201064e-02, -3.493160280305769e-02, -4.134521892218882e-01, 2.829758290682058e-01, 9.939379868973709e-02, -4.582092254158101e-03, -3.435227625525110e-01, 4.925602448647499e-01, 6.877042110929373e-01, 1.467252353026658e-01, 2.671499204483025e-01, -3.164437528643748e-01, 9.905070315989001e-02, -1.965753569176581e-01, 2.286010869309153e-03, 4.268255937493107e-02, -4.395605038925288e-02, -2.479869897538475e-02, 1.595094315348217e-02, -3.099853233401453e-02, -3.227652305013677e-03, 7.686235365991961e-03, 3.231910193006834e-02, 2.044517714638853e-02, 2.335795657940190e-02, 3.634311352013761e-03, -3.624038254278845e-02, -7.991996712882952e-02, 3.730693771257152e-02, -1.792668085407240e-02, -3.945652000667027e-02, -1.331512169648149e-02, 1.719074817492384e-02, -1.592274002046584e-02, 3.968591705856609e-05, 9.106357874125869e-02, -4.619537102693537e-02, -2.006588449067099e-01, -6.594562843011781e-02, 9.272150279854557e-02, 2.581316158088061e-02, 6.570034082724951e-03, 1.014097500925848e-01, -2.499790754269205e-02, -3.857412669397021e-02, -1.282345743869900e-02, -8.530225488451899e-02, -9.239362685977268e-02, 6.135443574825555e-03, -2.284729583927271e-02, -1.159807611112509e-02, 1.281987973338728e-02, 1.535849419378992e-02, 8.426658623178150e-03, 1.317017598357694e-04, 7.845415334917245e-02, -3.848710189603939e-02, 2.733198795168957e-02, 1.645333200239058e-01, 5.252623343710092e-02, -8.547552666244181e-02, 1.204421973514860e-02, -1.960908481114304e-02, 7.452549427923216e-02, -1.573766704534488e-02, -1.303314228936104e+00, 5.055205807273394e+00, 4.918563824006268e+01, 9.717983114900989e+00, -2.432652554695298e+00, 1.743965570601869e-01, -1.338538400047778e+02, 8.745031223632207e+00, 4.122536169158223e+01, -8.596121362505627e+01, 3.944409975637350e+01, 3.240961884387456e+01, -8.057122840398991e+00, -1.245081338369599e+01, 1.509983244332179e+01, 1.594369825816092e+01, 1.819352601040505e+01, -2.857849437110862e+01, 5.618207783845397e+01, -3.175252631872728e+01, -2.341620636481485e-01, 5.337892235308017e-01, -7.619747829628457e-01, 5.065408476305788e-01, 4.294572103457887e-01, 8.625114991170486e-01, -5.593237380822278e+00, -1.353352175255497e+01, 1.403831136564661e+00, 4.371787986994217e+00, -4.921353249467805e+00, 1.185852684510355e+01, 1.526345550215296e+00, 5.529522676141199e+00, 1.256231655535948e+01, 5.958093947959869e-01, 1.107404538597480e+00, -1.782227555397938e-01, 2.139292202071995e-01, -7.915662241895762e-01, 4.334569004642248e-02, -8.433240966556409e-02, -1.312138485763760e-01, -1.296817047972433e-02, -1.073883982121033e-01, -9.217254782720949e-02, 1.825760848610332e-01, 4.854847328343329e-01, 1.340682776840080e-01, 3.623454345063392e-02, 7.838859310963474e-02, 2.137593437360420e-01, 6.533399439479379e-01, -1.745688812743106e-01, 9.432612790064487e-02, -2.250781902892363e-01, -5.031365160400779e-03, -1.116797835495601e-02, -1.244779875555311e-01, -1.466185081867767e-02, 6.173811586394731e-02, -4.196291004701373e-02, 1.795862387280961e-01, 1.226582214846691e-01, -3.610771225685218e-03, 6.545758962994235e-03, 7.644475296437179e-03, -1.643231763016120e-01, 9.222730791604024e-02, 2.077218657318344e-02, -3.454680290449382e-04, 3.304385106686903e-02, 1.723314894508942e-02, 2.984005272627540e-02, 4.989480553964080e-02, 4.757728851949796e-02, -2.884223218338150e-02, -3.019434998714017e-03, 3.415656545575362e-03, -4.275577416903984e-03, 6.039920799070527e-03, 2.175713514661021e-03, 1.931195370109035e-01, 1.751845630917426e-01, 4.388785043328304e-02, -4.228832658788202e-02, 3.359623229297307e-04, -1.204526103642805e-01, 9.571476038841098e-02, -2.288035309322871e-02, 1.912196322583032e-02, 4.088528271045385e-02, 4.097080923228235e-02, 3.703751104199416e-02, 3.101659459286208e-02, 9.401732753976800e-04, 2.755192293398636e-02, -6.391421240492955e-03, 1.815631386271734e-02, -5.830718846968577e-04, -4.161529421660623e-02, 1.790268507313616e-02, -4.931027706464810e-02, -1.225857650719136e-01, -8.547559306591157e-02, 7.490420475820056e-03, -5.368901635260491e-03, 2.743586261039561e-02, -5.694532639465715e-02, 4.560913381037134e-02, -1.892209510943062e-03, -1.296854555233395e+01, 1.104196154120663e+03, -2.003297262361036e+03, -1.397435932162620e+03, -2.810812954683212e+02, -1.126028972588354e+03, 1.158292666018550e+03, 3.385193820213950e+03, -1.440255795105635e+03, 1.193122427070571e+03, 3.453967171687249e+03, 3.198765211215918e+03, 2.895917411362710e+03, 8.500285011016508e+02, -9.865178352939840e+02, -4.368462592025542e+01, -3.329908795297906e+03, -1.936023686494574e+03, 2.364398102475396e+02, -3.380866584014258e+03, 3.575821961737506e-01, 9.813494445872985e+00, 1.683218759241030e+01, -2.362147254920898e+00, -7.299661758956528e+00, 1.266946327893364e+01, -1.431511993127000e+02, 1.935191459673673e+02, 6.606332973815823e+01, 1.180165036856595e+02, 5.722602845701066e+01, 1.475431383594793e+01, -9.310391853361357e+01, -8.906740383929417e+01, -1.074262994285927e+01, -9.188138246603204e+01, -7.495975471723155e+01, 1.431704505674739e+02, -2.078417209872262e+01, -9.975022644869393e+00, 2.412595105155136e-01, -1.161439281893950e+00, 6.515351218790574e-02, -9.075840980659099e-02, -5.439703502735725e-03, -1.891818293332790e-01, 9.954476629320822e-01, -6.536943561828726e-01, -5.659963378919391e-01, 6.993752563470448e-02, -6.909715646383837e-01, -7.311317152646951e-01, 1.764284390079728e+00, -5.718148575846203e-02, -6.836065739298258e-01, 4.396358675744072e-01, 1.539796345412224e-02, -7.875167370378540e-01, -8.900074338212748e-02, 2.612954645390009e-01, 1.164517285343889e-01, -5.419514120578222e-02, 5.811129439432697e-02, 1.219905509608231e-02, 1.149154783515070e-02, -5.207232014610081e-02, 1.893978614979779e-02, -4.437925329615740e-02, 3.737449514589567e-02, -3.691525235262167e-02, 5.834631955453460e-02, -5.558099481513924e-02, 6.857088591436314e-02, 2.167675854218440e-02, 7.919183210364364e-02, -3.539118529659557e-02, 2.871331010342433e-03, 4.369403831530567e-02, 5.001345792443895e-03, -2.327786868887859e-02, -8.573400033845476e-01, 4.083960141672854e-01, 2.154012903192101e-01, 3.929394728836741e-02, -4.455463455517606e-02, 1.318470173043921e-01, -6.664110589532544e-02, -6.860629384314094e-02, -1.250730347184714e-03, 1.603830239204360e-02, -6.663204529766066e-02, -1.543779961319880e-01, -3.595455317948693e-02, -1.586701329714989e-02, -5.506568832382316e-02, 1.613010892141427e-01, 1.159030071710319e-02, -1.259110774867923e-02, -1.199309636862162e-04, 1.071743562877875e-02, 2.755439987768291e-01, -1.609007043940761e-01, 2.116633590495299e-01, -6.584579372265231e-02, -6.452885641957412e-02, 2.054354807397537e-01, 2.713298152665820e-02, -1.044876307853554e-01, -2.388131025126601e-02, 3.245232346267252e-02, -9.062431026219051e-02, 7.284149811634329e-02, -3.594468954329954e+01, 5.537299674224648e+02, 8.999693178828843e+02, -3.507697251931660e+03, -1.156551086151252e+03, -8.394471570883447e+02, -1.602488859838258e+04, 9.508959994262090e+03, 5.498632872110874e+03, -1.652100147834621e+03, 1.158421622591625e+02, 7.895300355813423e+03, 2.577382862495010e+03, 4.068200704501441e+03, 1.807966745059235e+03, -1.078158025423723e+03, 3.660060505780540e+02, 1.642590273630445e+03, -1.741150661562842e+03, 8.847649485105056e+02, 5.556408822787107e+00, -1.596721824478244e+01, 2.402232499443728e+01, 3.345284250555129e+00, -2.429453992232789e+01, 6.961679562971964e+00, 1.912578599881596e+01, -2.222983753010953e+02, -1.700422160610751e+02, 2.111245928665113e+02, 3.310269372972459e+01, 5.960086036597958e+01, 5.091130566485639e+01, 2.770054767280711e+01, -1.324806229781437e+02, 9.871982402452225e+01, -4.863284566312635e+01, 1.187691895160819e+02, 5.010702368855830e+01, 5.612519873385581e+01, -4.083230780642336e-01, 3.952325393786694e-01, -1.829546404520083e+00, 1.650847501978664e-01, -2.429604148162042e-01, 1.109790662943024e-03, -3.294920253780371e-01, 2.518083923105827e+00, 1.832517708229004e+00, 8.868031175411734e-01, -3.943694581002054e-01, -1.060822397204964e+00, 8.706618413753979e-01, 2.554570718247445e-01, 6.414098278059696e-01, -1.493139114477894e+00, -1.010186951745353e+00, -3.664753485494154e-01, -4.607539635561462e-01, -5.135627683904417e-01, 1.738503976290324e-01, -3.886676318539995e-02, -3.585978274861372e-02, -4.278984089408105e-01, 4.059732346565086e-02, -2.878464305531647e-02, -4.611082322170260e-03, 5.625337227555922e-02, -2.776059283630914e-01, -6.644192745622648e-02, 3.811708943137580e-02, 3.924066151224567e-01, 3.900141381822532e-01, 7.119698137723045e-02, -1.109359012571216e-01, 3.050327873915229e-02, -6.124017554995107e-03, 7.782726013680834e-03, -1.059924219130432e-02, 2.768814727321906e-02, -3.964028969707418e-01, 3.256081601096226e-01, 1.141695582741630e+00, 3.162712286115638e-02, 2.031127430086428e-01, -1.717518572102468e-02, -6.153357590012581e-02, -5.713474409971963e-01, -2.646263291349785e-03, -8.969569172965536e-02, 9.187090840087299e-03, 3.367313072384884e-01, -1.163328580396891e-01, -3.522558461784749e-02, -3.805063761148063e-03, -1.250246985910423e-01, 4.598003974072883e-02, 4.960582941189631e-02, -1.149900876434495e-02, -1.141661046565149e-02, 8.451425687139351e-01, -4.251423741112114e-01, 2.145704309375685e-01, 7.416791501089980e-01, 7.124973031513550e-02, 7.212160719908700e-02, 7.640415211318098e-02, -1.035643311435598e-01, 3.377595675368368e-01, -2.920492102470310e-02, -3.560115348831204e-02, 9.230396026352054e-02, 1.438723402913737e-01, -4.372618856060851e+01, 8.051473190436520e+02, -1.104877673872780e+02, 1.670028703959186e+02, 1.431396193744922e+03, 9.877025816280665e+02, -1.442815582147041e+04, -9.078921684960753e+03, 1.474209582903392e+02, 4.768645144301940e+03, 3.053210300836488e+03, -3.578330227001845e+03, 1.419818530381224e+03, -7.048957652982774e+01, -1.262942084260406e+03, 1.349164411443202e+02, -5.443054682346190e+03, -5.940926184620029e+01, -4.667010172730445e+03, -2.533820252370994e+03, 1.665999371014181e+00, 1.008375589363462e+01, -1.297567118707818e+01, 3.151675945231330e+01, -1.144842869590938e+01, -1.168825497250152e+01, -1.063356390534066e+02, 1.277310841256679e+02, 8.340041822326579e+01, -1.731364024630215e+01, -4.861838397546818e+01, -1.166222808250194e+02, 1.908240091407312e+02, 1.858896378888384e+01, 5.648468984533199e+00, 7.099972823247204e+01, 5.971921443071828e+01, -8.347370786220804e+01, 4.212929747463884e+01, 1.900689219151203e+01, -1.021417496491007e-01, -1.935544572664018e-01, 2.318342068581679e-01, 2.747228852157592e-01, -2.135753918861688e-01, -1.387468059017816e-01, 2.798384155021071e-01, 8.892755867987716e-02, 9.358845192375070e-01, 7.259825712111430e-01, 3.600316393897810e-01, 1.681714690907735e-01, -1.720905277224717e+00, -5.101191647830123e-01, 7.021671394968212e-01, 6.484800317906414e-01, -9.901113331668516e-01, -6.233644467596571e-02, -4.397543018156614e-01, -3.491287605004387e-01, 6.394017917462379e-01, -2.992581702897836e-01, -1.474824255201375e-01, -1.494799920298789e-01, -8.193922796056993e-02, 2.413642383338727e-02, 5.557998501685341e-02, 4.635145412876734e-02, -4.792989324555544e-02, 2.926025703816943e-02, 3.214815276190459e-03, 2.117277285681546e-02, 2.156014319139009e-01, 1.317354017081917e-01, -4.289266415173815e-02, -2.101873634987859e-02, -2.976557742643282e-02, -1.406765496694040e-02, -1.788434103131400e-02, 9.799462632695311e-03, 1.331069505253876e-01, -8.050910773576916e-02, -4.973691249921430e-02, -2.705747700479008e-01, 1.506761633819349e-02, -6.090664188491789e-02, 1.434051644916557e-02, 4.431019282473518e-02, -1.240120341223865e-01, -9.258623839752778e-03, 3.143745076631553e-02, 4.983683581024902e-02, 2.663452460803541e-01, -5.550621971410168e-02, -1.387583535780663e-02, -1.318408350204357e-02, -6.997075929059801e-02, 1.578422068874138e-02, 1.382190853602920e-02, -4.305944347386525e-03, 6.371367755437809e-01, -2.936106720487232e-01, 1.493851650528402e-01, 5.520895606453641e-02, -1.519210331707523e-01, -3.101223372043344e-02, 5.133638490202018e-02, -6.742561788567319e-02, 2.442368315198850e-02, 6.725373666886907e-02, 1.504771591119326e-02, 8.424271988634298e-02, -1.056055991591634e-01, 1.403850121730686e-02, -3.089518212951900e+01, -8.350054221952931e+02, 4.444696363073610e+02, 9.990951015285125e+02, -2.170495664864233e+02, 4.898240388170883e+02, 6.400365130342896e+03, -4.367766226892291e+03, 1.933148396093280e+02, 3.412389213172127e+03, 2.593463688022543e+01, -3.207932952987757e+03, -4.821536975751931e+02, -4.080664184521696e+02, 7.965242068674740e+02, 7.071524779223932e+02, -2.850878706786618e+03, -4.044913656107018e+02, -3.022491407484780e+03, -1.126166228086085e+03, 2.463140670529999e+00, 5.956153029598499e+00, -6.425582932336853e+00, 1.099040397530885e+01, -1.321547360757010e+00, -4.791233170621196e+00, 1.122862270108137e+01, 9.913296251289198e+01, -1.210916228531797e+01, -5.557410934425790e+01, 1.166951971899501e+01, -7.229493641490618e+01, 8.605886946807435e+01, -1.234429009919512e+01, 4.792085130604429e+01, -9.186352317509110e+00, 6.616788341696085e+01, -3.547620843069935e+01, -8.177137003235630e+01, -1.027223894297886e+01, -5.019927614337892e-01, 4.395310599863668e-01, 7.925359010587243e-01, 7.941686771748849e-02, -1.100257837922717e-01, 2.338104047305073e-01, -3.466678204992081e-01, -1.098366889144758e+00, 8.915768861009264e-01, 4.643003419688687e-01, -6.792915745697271e-02, -1.264566462914644e-01, -1.446416869650748e+00, 3.016732718755384e-01, -1.711984464735815e-01, 2.978977965064958e-02, -5.763608348578383e-01, 5.060610118955910e-02, 2.013750647331342e-01, 5.035712196107317e-02, 3.555002825977643e-01, -1.806279230514916e-01, -6.233278304483551e-02, -3.863477059008930e-02, 3.221164022974352e-02, -7.572107681304489e-03, 3.885589304495460e-02, 1.841265318594034e-02, -4.954897443540565e-02, -3.023091612501834e-02, -8.642884224433064e-04, -7.955915080158101e-02, 6.878796884548695e-02, 3.695114404167849e-03, 2.503156341003935e-02, 1.276601327488714e-02, 4.400397136697183e-02, 9.007175269353071e-04, -1.301226942363325e-02, 2.144969219238119e-03, -2.670041398741734e-01, 7.127083142830459e-02, -1.394369289004314e-01, -2.129054304889611e-02, 4.064109418096915e-02, 1.832912968714543e-02, -4.389188356610910e-03, 6.948085368626415e-02, -7.255877111252482e-03, -1.743500791001803e-02, -8.362735692375785e-03, 2.005445124482592e-02, -4.406730233756460e-02, -1.702807316757213e-02, 3.689927274547038e-02, 4.528047903316901e-02, -4.386585475164487e-02, 5.028595430328803e-03, 4.809790316742792e-02, -8.412735829674950e-03, -1.072203359386992e-01, 5.892308776968451e-02, -1.770110623668255e-01, -2.785921628946875e-01, -2.391326752546385e-02, 4.828747194941709e-02, -1.082193715511175e-02, 8.120397402630829e-02, -1.259619953740875e-01, 8.509527436882115e-03, -1.785343153302539e-02, 9.291062367557475e-02, -8.254558319253853e-02, 2.732866024655791e-02, 1.110472685035320e-02, -4.635544738404710e+01, 8.051678153529359e+02, 9.232177540072828e+02, 2.556026195035637e+02, -4.511921633608434e+02, -1.592874935380338e+02, -5.802282802855377e+03, 2.485057205817309e+03, 2.183505237673575e+03, -3.678185572057414e+03, 7.961651274175275e+02, 3.190554680138028e+03, 4.760433500046060e+02, 4.058776761529224e+02, 1.002270329896054e+03, 5.004790391049082e+01, 1.642219403178092e+03, -3.965075034395193e+02, 1.257724724055978e+03, 3.660440691752589e+02, -3.142213671323546e+00, 4.437336578969683e+00, 3.498361856059059e+01, 4.331901310147547e+00, 1.064315604282851e+01, -6.209102404554615e-01, 4.414709918726319e+01, -1.048322277895288e+02, -7.765225554457021e+01, -1.446777793249552e+02, -4.371876413591152e+01, -1.115603077972867e+02, 1.172187791630439e+01, -7.394469867422445e+01, 4.829767658007341e+00, 4.856818229943359e+01, -5.790153687658785e+01, -2.000518236655756e+01, -7.483896930265115e+01, -1.871184644805050e+01, 2.795457777199558e-01, 7.758033083173483e-01, 3.867978533816782e-01, 7.405615213944129e-01, 3.510919982488839e-01, -2.187774843069255e-01, -4.021302786465675e-01, -1.162205706215902e+00, 9.343664750616462e-01, 2.769125461097631e-01, 2.224175069550051e-01, -3.469581978857860e-01, -1.396066875150776e+00, 7.404510821338506e-02, 2.767781400638945e-01, -3.240312958627358e-01, 8.824535563166745e-01, -5.325804549964312e-02, 4.319073470012291e-01, -6.155861063130337e-02, -1.615659783977789e-01, 1.346799319835838e-01, -2.911639690448792e-02, -1.264085785362402e-01, 3.103074825737482e-02, 2.938055421558341e-02, -4.034627541348715e-02, 1.052672180781157e-03, -7.285708820717395e-02, -6.194429546799076e-02, 9.417509577710126e-04, 7.615872865345275e-02, 8.053165946636422e-02, -1.405172352761758e-02, -1.752554317579766e-02, 2.487906848273165e-02, -3.650752735846761e-02, 3.775052912183972e-02, 1.051340347261687e-02, 6.130556989511851e-03, -6.284282988835307e-02, -1.034534720816405e-02, 5.855805994162257e-02, 6.285236565440742e-02, -8.481679561755598e-02, -9.015446832519373e-02, 7.480200326948074e-03, -1.493037248587267e-02, 1.582968902149970e-02, 4.701761063564616e-02, 3.675511360618604e-02, -1.812506541504439e-02, 5.115020400234430e-02, 1.558261111690788e-02, 7.105573927202677e-02, 6.712090151491325e-02, 1.536267750946610e-02, -1.830255559351779e-02, 1.208554225998012e-03, 6.186680040149542e-04, 3.784047795875824e-01, -1.361688442042295e-01, 1.173672487914430e-01, -1.158913895486343e-01, -1.487216693637963e-01, 8.304710546531648e-02, 1.699044564751483e-02, -6.002021240843750e-02, -5.434947545404042e-02, 6.617145735019275e-02, -3.668767052710178e-02, -6.904230928618862e-02, -2.238427766684884e-02, -9.853911223008893e-02, -3.759265628629677e-02, 3.327499761342776e-02, -3.239657123009729e+01, 2.585197942398449e+03, -7.906568984582027e+02, -1.485469807149192e+03, -9.559504327371351e+01, -4.837563882484400e+02, -1.618123580300045e+04, 1.896238798368511e+03, 1.699193489176803e+03, -3.450149190589174e+03, 9.558033215166029e+02, 3.135379169513689e+03, 1.024757166513006e+03, 1.166319951221260e+03, -2.068995053402730e+03, -2.027999010476349e+03, -2.229578344717111e+02, 2.187193004065487e+03, -4.125171674422246e+01, 1.293497389124443e+03, 2.376495082442464e+00, 1.372166564639312e+01, -1.206144616306779e+01, 8.318279238822177e+00, 1.507816482282161e+01, 2.781939928077699e+00, -9.312275667260877e+01, 1.871067844935259e+01, 7.940199224309789e+01, -8.944801144905215e+00, 1.395635042683128e+01, 2.426740283706596e+01, 1.224396680072796e+02, 2.359998575842740e+01, 4.321866544158692e+01, -7.467612509291213e+01, 2.249140644223640e+01, -3.247863359921933e+01, 7.627596935298273e+01, 2.640836838007125e+01, 3.954387606164801e-01, -1.165660348973516e+00, 4.760369224201787e-02, -6.679184990370698e-01, -1.702356619657142e-01, -3.950682545820774e-02, 8.060558115942522e-01, 4.018714207506833e-01, -4.665205414075256e-01, -4.373077084427778e-01, 2.573606241664890e-01, 8.577062232197570e-01, -1.083271976430973e+00, -4.861400709351386e-01, -3.108804731183142e-01, 7.969413009378387e-02, 4.585400727142617e-01, 4.413788363902810e-01, -3.302034448997744e-01, -8.377483797162316e-02, -4.043979378679014e-01, 1.886382224990795e-01, 1.369757942250151e-01, 5.079950134842682e-02, 5.547198950007065e-02, 4.345203703687469e-02, -3.994728808160743e-02, -1.133737992793707e-01, -1.822091126205461e-02, -1.284060076437445e-02, -3.287671138004845e-02, -3.890571371203200e-02, 8.254145690563192e-02, 1.048750281889856e-02, -3.829911948618037e-02, -6.175074133363648e-02, -2.251148297824034e-03, -2.664512406099650e-03, 1.983029179319758e-02, 1.104923198992696e-02, 2.816779592459613e-02, 2.316784749609536e-02, -1.353046157980237e-02, -1.330492277254621e-02, 4.813891947950937e-02, -1.165655240476548e-02, -4.728451435533790e-03, -1.068230222533781e-02, -5.401319384722012e-03, -2.271130287333772e-02, -1.444115344189591e-03, -3.388345294626130e-02, -2.538217435695566e-02, -3.514864992044699e-02, 8.388869390082626e-02, 8.372100094742403e-02, 4.345644329891010e-02, -1.600089136193757e-02, 1.828005396062189e-02, -7.826634862514283e-03, -7.475647070371938e-02, -1.485051750677554e-02, -2.441813445890716e-02, -2.058670290720707e-01, 4.374526188493658e-02, -3.336872032416436e-02, 3.684257384954393e-03, 2.027617729742189e-02, -1.099412178178379e-01, -1.519456362312026e-02, 1.345741473760503e-02, -4.021761366871265e-02, -8.171209557661357e-02, -9.257185673707523e-02, 3.305487478394604e-02, 5.473047936931411e-02, 2.326518844115803e-02, -3.581696872718991e+01, 1.179056881151386e+02, -1.145073769589829e+03, -2.165333532488652e+02, 1.510674955535823e+02, 2.948242896110282e+01, -7.228063897482334e+03, 3.914313698276956e+03, 5.574680109119040e+02, -4.781648165078935e+02, -1.395411777543055e+03, 2.145908886448773e+03, 7.384587956725413e+02, 1.645731908989788e+03, 2.207225068972240e+03, -2.235678840971435e+02, 4.406056152721977e+02, 9.096382912884309e+02, -5.718302545719635e+02, 2.414723315777659e+03, 3.916706731233674e+00, 6.350283044519841e+00, 4.917082425550560e+00, 8.003599323681987e+00, -1.053881367201007e+01, -1.827040218274746e+00, -2.973266480240056e+01, -3.124747598621702e+01, -1.613111660838894e+01, 8.496954283454960e+01, 1.372171790453536e+01, 8.842343991596867e+01, 2.580595961988414e+01, 3.970169269006828e+01, 2.926306273204542e+01, 4.549010030145356e+00, -2.835433626373669e+01, -2.180708991737425e+01, 5.809497905807255e+01, 1.262971639695763e+01, -2.764618597748671e-01, -1.154954508862319e-01, -3.586279517420746e-01, -2.039992963264230e-01, 7.256940155556493e-02, 9.341949374425348e-02, -1.032143040422288e-01, 1.575247489239085e-01, 2.818343483149356e-02, -2.297602361351226e-01, -2.196392914641464e-01, -8.684830847568445e-01, -2.389386804251055e-01, 4.384828303477002e-01, -1.640713489611123e-01, 3.410266060518491e-01, -1.969448526403427e-01, -1.712088268741961e-01, -3.601385968470631e-01, -1.256832816465098e-01, -1.528055325146041e-01, 1.439705101697804e-01, -1.383261311307232e-02, 6.720178569047247e-03, 2.848029058856410e-02, -2.238189276244019e-02, -2.829298781756550e-02, 4.076539466908671e-02, 1.767174481260654e-02, -2.325103391536977e-02, 2.415006829608340e-02, 1.370042902314650e-01, 2.714926658795064e-02, -7.334309722180953e-02, 2.767233529487232e-02, -6.996817302936319e-02, 3.094457759960744e-02, -6.993557566069402e-04, 5.842904726390694e-03, 8.024403141732275e-03, 1.251984623739711e-02, 1.343582701555502e-02, -9.102633564479248e-02, -2.924058362362040e-03, -2.018771141717142e-02, -3.877559299180780e-02, -2.232996660690756e-03, 4.730202285390332e-02, -4.103667848081314e-03, 7.243482669676497e-03, 1.752192651409579e-02, 6.314615266208655e-02, 4.062394824839651e-02, -1.632062158811650e-02, -4.138009216586780e-03, -3.350973453074193e-03, -4.449681410567122e-03, -1.593966736385452e-02, -1.192830061649850e-02, 3.634039627979567e-04, -1.978740642196429e-01, 8.934782015045309e-02, -1.942848520885335e-01, 4.754135494799514e-03, 1.207115583761331e-01, -7.025668953008251e-03, -1.276134599239057e-02, 8.304029514920563e-02, 1.032781590527518e-02, -5.537779101860320e-02, 3.655568583555850e-04, 1.193325203590133e-02, 8.416519050650412e-02, -2.406377660971939e-02, 3.235100720974545e-02, -2.968871240022247e-02, -7.358353438673841e-02, -2.427967288432705e-03, -3.061166078094809e+01, -1.563488883078832e+02, 4.850476812881108e+02, 6.145867825815478e+01, 2.535807931620069e+02, 4.639807590024595e+01, 9.218317677903995e+03, -1.748067348192007e+03, -9.068813446750061e+02, 1.647698330990565e+03, -4.926967097058210e+02, -3.384576689133344e+03, -1.216854404806048e+03, -1.336848195090199e+03, -4.887330172246956e+02, 4.176413376304682e+02, -2.226603304169668e+02, -1.101957193461580e+03, -2.262882710571406e+02, -5.587783610726300e+02, -1.074256684057072e+00, 2.113955629420820e+01, 8.574715296593691e+00, 1.438459431749471e-01, 6.447217234213868e+00, 1.818160964278930e+00, -4.766523190631236e+01, -9.027049954055767e+01, 1.754946795221609e+01, -3.292513399566847e+01, -5.777473461406644e+01, 6.491588245934385e+01, -3.505433208234221e+01, -9.880443755722728e+00, 2.705449697349806e+00, 3.872923444970340e+01, -5.864858429407161e+01, 6.885636120742232e+00, 4.602886756777616e+01, -6.574737899839037e+00, 2.077825233625792e-01, -1.411759199971069e-01, 3.266491607430293e-01, 8.349203450579186e-02, 1.346397946587201e-01, -1.703839000421167e-01, 2.093463105488963e-01, -3.782759571490713e-01, -2.979934953828759e-01, -4.166041800777452e-01, 5.972912641790460e-01, -8.083356780595108e-01, 5.509629676562947e-02, 2.850374514898689e-01, 1.846883246763685e-01, -4.011340863353817e-01, 4.183019379046871e-01, -3.140571292252577e-02, -3.806074202302649e-01, 1.054023368288215e-01, -2.252616077362831e-01, 1.292095413242730e-01, 1.795993594382157e-01, 2.072511887027478e-01, 5.018088449401023e-02, 5.515870101626168e-03, -3.748954070697558e-02, -1.366915228390097e-01, 1.556260885000216e-01, -2.250156404173049e-02, -1.573468416111487e-02, 5.062352425027567e-02, -4.755352751040193e-02, -2.919999168912562e-02, 1.719955178130050e-02, 1.836705788908904e-02, -7.450261907320424e-04, 5.553507477711815e-03, 3.086711761642450e-02, 1.363006863678376e-03, 6.063737649308844e-02, -4.290711569614327e-03, -3.218117567417403e-02, -7.903351482902299e-02, 6.299269664162238e-02, -4.045176111164413e-02, -1.055817869598385e-03, -3.151790036089704e-03, -3.468160870177792e-02, -3.165227309423732e-02, 1.973246783193380e-02, 8.526662983379757e-02, -1.303854180508592e-01, -2.627951653461521e-02, 5.471863074037128e-02, -3.745883178273662e-02, 2.333100911154925e-02, -2.177015666834030e-02, 2.032991279135115e-02, -3.518408400594022e-03, -1.025538155580523e-01, 1.116560515197536e-02, -7.637152046647673e-02, 1.479008857744358e-03, -1.310422910477665e-01, 2.061515965328993e-02, -1.773294215494153e-03, 4.138240950633792e-02, 1.081932097548810e-04, 5.942436382796050e-02, -8.140565817643010e-03, 4.899369093569748e-02, -3.323100379721081e-02, -4.463887012649716e-02, 9.209442248005079e-04, 1.931795554349827e-02, 4.217935328635392e-02, -1.916191758399153e-02, 1.272145013065610e-02, -2.294176880613624e+01, -1.377834505758163e+03, 8.494338800680770e+02, 2.332165405216802e+02, -3.190115789593416e+02, -2.728560366047258e+02, 7.705456077067087e+03, 3.255860157316314e+03, -1.875830802270001e+03, 1.635563739968916e+03, -9.040860058659452e+01, -1.495970843130646e+02, -5.177069205358139e+02, -3.182094063628884e+02, 1.077443564728853e+03, 9.708784883634110e+02, 6.732772595355464e+02, -1.177529214767901e+03, 1.355818776140859e+03, -1.836293777433308e+03, 1.260823925275128e+00, 8.603827462387764e+00, -1.792214431477007e+00, 2.520208027617879e+00, 2.680854160283642e+00, -1.381026550263522e+00, -1.414254129507582e+01, -6.532903493181825e+00, 5.833976246732760e-02, 1.938657060646571e+01, -2.414478601228814e+01, -2.834965473284034e+01, 2.167042238877953e+01, -2.464111885094449e+01, 2.713049392537059e+01, -2.411173610600462e+01, -1.191288088107319e+01, -3.334809557000801e+01, 1.489214245820541e+01, -3.171688982003209e+00, -1.387719466456732e-01, 8.992938215173831e-03, 8.966062862610848e-02, -4.977650517699055e-03, 1.026507764641227e-01, -6.864313727985613e-02, -1.437986832394610e-02, -1.039935854574364e-01, 7.131266263885039e-02, -3.073169967274013e-01, 2.376376158253070e-01, 1.241169975443531e-01, -2.124817134658493e-01, -2.513232281973964e-03, -1.089736687830132e-01, 2.072809829496940e-01, 3.100454637632822e-01, 8.928655689659153e-03, -3.955142245097085e-02, 4.417071486809736e-03, 1.057918544582655e-02, 1.490986390241121e-02, 1.808962798058471e-02, 6.917171901197115e-04, -2.138774985706817e-02, 1.042069336904254e-02, -6.196087447590971e-03, -1.485617214316215e-02, -2.901643679739876e-04, 1.292559108293160e-02, -4.995085636748321e-03, -8.912181161125635e-03, -3.451337665285149e-03, -2.231325806770024e-02, 1.448204168212873e-03, -1.824754154664299e-02, -1.269263832213078e-02, -3.049414649465864e-03, -1.216204580844195e-03, 9.084943757201889e-04, -3.307311313525944e-02, 7.650067756801092e-03, -3.492686473619797e-02, 4.092225472951220e-02, -4.166602844638926e-03, 5.152793910105116e-03, -5.730475325363134e-04, 1.840638848559245e-02, 2.028674720008415e-02, 3.448701333945152e-03, -3.511568906590714e-03, -5.747480103634326e-03, 1.315869288926202e-02, 2.726295102237352e-02, 5.834818279629996e-03, 3.362203361500349e-03, -3.248249392962117e-03, 4.320818111331476e-03, -5.728893474272852e-04, -1.037301276470918e-04, 4.077907738658799e-02, -2.556858454115662e-02, 1.265638873290804e-02, 6.725152098236450e-02, 3.150133489321838e-02, -2.685755928427290e-03, 4.955126996206310e-03, -6.029030348753918e-03, 3.237031887644442e-02, -1.293794919803340e-02, 1.265394541257399e-03, -2.839001270275045e-02, 4.064973758020903e-02, 1.714120804120503e-02, -8.676711360484709e-04, -1.489503889494824e-02, 1.463729125983730e-03, 8.398590858654608e-04, 5.448167838560320e-03, -3.015497895429509e-03, 1.907971669471449e+00, -7.822158301084926e+00, -4.969437104865587e+00, -2.721956748459684e+00, -3.878439709180434e-02, 1.181960448803060e-01, 9.803325452634290e+01, 4.922218728163266e+01, -3.299061656707772e+01, 3.787963647397331e+01, -3.011862328381657e+01, 1.091925775342253e+01, 1.601234093629252e+01, 1.470348770288759e+01, -2.174148254566589e+01, -1.824536575287524e+01, -2.037003154865913e+01, 1.695679508057939e+01, -2.042086976929897e+01, 1.864019009848887e+01, 4.360377456264336e-01, -3.665162157336534e-01, -1.446472272740695e+00, 5.473269110780465e-01, 1.127560692646609e+00, -6.020160046206170e-01, -1.654836351525132e+00, -3.351423814706105e+00, 4.662080430562720e+00, -2.499557958660331e+00, 1.974092712654506e+00, 5.723538377250855e-01, 2.646428596237941e+00, 5.391920538401153e+00, 4.712820088298632e+00, 9.682041901177887e-01, 1.222125682656650e+00, -2.202837590780121e+00, -4.186629712948390e-01, 7.440805773279978e-01, 1.168521979445189e-02, 1.513126910616311e-01, -2.192350615898525e-01, -2.190700487808703e-01, 7.389490224696153e-02, 4.548141694661151e-02, 4.879544164703578e-03, 3.416362426839070e-01, 7.209301953665558e-02, 1.261426067832851e-01, -3.643509623220772e-02, 1.038460127402878e-01, -5.537734245701169e-01, -1.221157036323956e-01, -5.349110836590245e-01, -7.922884781600235e-01, 3.222941606072390e-01, -3.119546409124784e-01, -2.463017899512446e-01, 7.084285582284178e-03, -3.588667809228527e-02, 1.215310468894759e-02, -8.202852645739969e-02, -9.818641844759282e-02, -9.380644647237783e-02, -8.610778269522596e-04, 8.703643611638306e-03, 1.415156347746308e-01, 4.463659089141597e-02, 2.483847856954202e-02, -1.341259574445928e-02, -1.102209071736663e+00, -9.755382272368192e-01, -6.463523430514557e-01, 5.178063381995712e-01, 2.357899438474391e-02, 5.004930043334356e-01, 7.469866464699008e-02, 9.680648167674688e-02, 1.106006932652623e-02, -5.852405672788462e-03, 3.834085534341080e-03, 4.447637715654930e-01, 2.947186611840482e-02, -1.528340609271744e-01, 1.088909546350519e-02, 5.375839878311226e-04, -2.915770831442469e-01, -4.852856776145269e-04, 6.272430943790820e-02, -1.423727209192222e-02, 1.059818483040690e+00, 1.224633857138720e-01, -1.585872719613906e-02, 3.206917094726290e-01, 5.613890040603926e-01, 6.206290338707749e-01, -1.490874253791330e-01, 1.416476645869207e-01, -5.997598794718510e-03, 9.902761499647184e-03, 5.700064072150600e-03, -1.993420873844238e-01, 1.259224723401438e-02, -4.237115089288043e-02, 5.792899907390614e-02, -1.144802366039270e-03, 7.943835552784831e-02, 8.300474295454607e-02, 2.650947646734845e-02, -2.751423780342821e-02, -7.125180555975482e-01, 4.974060034377354e-01, 5.494919935712961e-01, -1.468530762890609e-01, -1.677431890118335e-01, 1.641572180415639e-02, 3.464230466335669e-02, -2.004266307321420e-02, -4.000433003537841e-02, 1.254816565600423e-02, 6.126129686445996e-01, -3.357720281838584e+00, -1.231121231410918e+00, -2.200919386821662e-01, 5.925846981922618e-01, -5.458272500788530e-02, 1.061770385942847e+01, 1.183599979476056e+01, -9.146282132599145e+00, 1.425729399401007e+01, -9.455821427985446e+00, 1.287100569527960e+00, 7.293582974840022e+00, 5.348924016861896e+00, -1.244806943862238e+01, -9.765670055893741e+00, -1.130352310383142e+01, 7.011509437611471e+00, -1.140000684788611e+01, 9.880380635098675e+00, 1.272946479480225e-01, -4.533335875674805e-01, -3.424081107724127e-01, -6.866760213096187e-02, 1.807880448078474e-01, -1.689024862108173e-01, -6.323298987706177e-01, 1.092732943622087e+00, 1.052346866081967e-01, -3.555524582109832e-01, 3.244523252986423e-02, 1.093861032207162e-01, 1.112364044789616e+00, 1.603408716235982e+00, 4.612178104525944e-02, -1.869896394727347e-01, -2.460515812438010e-02, -7.794098916838385e-01, 1.717029130252011e-01, -3.448354435917503e-02, 1.468848467232947e-02, -1.691585563772514e-02, -1.533119741739025e-02, -5.148182499448890e-02, -2.089234665129270e-02, -3.584146766198827e-03, -9.359756166499685e-02, -3.113586702813960e-02, -1.102515697448183e-01, -4.612862074529846e-02, -2.363019095735625e-02, 2.830183172732648e-01, 1.058608581706222e-01, -2.388845323089532e-01, 2.150590325684680e-01, 2.918795926107323e-01, -1.870070111494268e-01, 1.494944397112280e-01, 6.754966188002716e-02, -6.212666461232016e-03, -1.429025377179170e-03, 2.702647557066925e-03, -7.690235655391962e-02, 8.357700312997275e-02, 3.773903952484952e-02, -5.210474372666517e-03, -1.172364802498898e-03, -5.593446718611461e-03, 3.376640242857262e-02, -1.923292572046252e-02, 7.781811184943610e-03, 6.274397945806043e-01, 6.233445796003810e-01, 2.921996761836317e-01, -2.385380401098058e-01, -3.584460230193216e-02, -2.429647268334323e-01, -3.746648385774434e-02, -3.554527076556077e-02, -4.839508363391236e-03, 3.237521510768168e-03, 5.955871725896303e-05, -2.550491753889353e-01, 6.164384859981629e-02, 3.249978297516293e-02, 1.569701927097275e-02, -3.276336343099721e-04, 1.386482033164339e-01, 3.145494037818230e-02, -2.324598413955511e-02, 5.761865752713834e-04, -6.384913514389835e-01, 1.000015831079328e-01, -8.785523922195610e-03, -1.627005847591258e-01, -2.826478955259897e-01, -3.665513610487132e-01, 7.156665081844570e-02, -6.506238924571395e-02, -6.404162143195726e-03, 5.785986017897579e-03, -4.437256913079078e-04, 9.390393429594428e-02, -1.097921187076136e-02, 2.357516793138711e-02, -3.429437627525014e-02, -6.104650522333768e-04, -3.917714545593137e-02, -4.627911316919818e-02, -1.341723655910851e-02, 2.250972484586727e-02, 3.172772394298154e-01, -1.645663321467263e-01, -2.257160875175857e-01, 4.772126403276521e-02, 5.881571299893571e-02, 2.825904493081710e-02, 2.706823989854467e-03, 2.505726438656447e-02, 1.396253060240566e-02, 1.543668183065552e-03, 2.007055159352495e-06, 3.551879808850904e+01, 9.942812337465486e+01, -1.163831465284779e+00, 2.422718580815374e+02, 6.367174081032795e+01, -1.109541387998063e+02, 1.265086016475798e+03, 3.381554703264036e+02, -5.712659893855563e+02, 4.376187942763958e+02, -7.314119824865448e+02, 3.408434223124745e+01, 1.342495196065466e+02, 2.990797604671588e+02, -2.336838319567960e+02, -4.042085358348755e+02, -2.223605199705675e+02, 5.462273091281926e+02, -3.170739872740815e+02, 7.111156685489019e+02, 2.114447861933792e+00, 6.239607050571012e+00, -6.742099307928888e-01, -6.333419027629078e+00, -2.849030607164641e+00, 4.058784189289794e+00, 4.281293115133943e+01, -4.066837700260763e+01, -7.069967313870731e+00, -3.363828810833657e+01, -2.654645217237839e+01, 8.378159243005806e+00, -2.662194437137183e-01, 1.093615954648089e+01, 5.962929117629643e+01, 3.966244572609829e+01, -3.338787027042202e-01, 4.949917701855399e+00, 4.033495701942385e+01, -3.646435071754105e+01, 3.474797586496509e-01, 1.208399056020339e+00, 6.371147644434568e-03, 6.220326991040290e-01, -1.921158320777374e+00, 1.482282045326841e+00, -1.556152538827300e+00, -1.872031588291432e+00, 3.478013291179496e+00, 1.689418195171812e+00, -4.992445699576453e-01, 5.862849691095477e-01, 1.727925019711661e+00, 1.731721715877343e+00, -3.065051781211034e-01, -6.807755710010381e-01, -2.802764690348249e-01, 1.485883806131713e+00, -1.249236153406890e-01, 4.901384227388209e-01, 2.917579028610080e-02, -6.016967312114100e-01, 1.272149343724778e-01, -4.033463765513438e-01, 3.850263587371961e-01, 1.760045468511924e-01, 1.811441441785306e-01, -1.531314034011595e-01, -2.876906016382031e-01, -1.858411154823947e-01, -1.917595647716110e-01, 4.209558122826653e-01, 3.146253989944514e-01, 3.929235339343418e-01, 1.935060336109259e-01, -9.050674324458148e-02, -1.853581681478824e-01, 3.876434720490591e-03, -6.926618959488860e-02, 5.116049881564660e-02, 3.064776869808090e-01, -1.680998987180538e-01, -1.321888338084825e+00, -6.253210989459773e-01, -5.080342254564572e-01, -3.433437886872110e-02, 3.943250262141873e-02, 5.431679560340805e-01, -2.774021828776995e-01, 2.037248827471405e-01, 5.651278027946054e-03, 2.608483103465296e-01, 2.675244699952267e-01, 2.249607053437990e-01, -1.841975235623487e-01, 4.497428686107096e-03, -8.155369482968401e-02, -1.039933353543725e-01, 3.338554945466506e-02, 1.697793069391976e-03, 1.967518163774123e-01, -4.498893613535878e-02, -3.293706917226344e-01, -2.929552595019510e-01, -4.328989094953714e-01, 3.215662118628335e-01, -5.838243915627582e-03, 2.027127189301936e-01, -7.404133940178348e-02, 2.081509760230434e-01, -1.301968903322032e-01, 3.398989688353679e-01, 5.817028988345429e-02, 1.882736783810143e-01, 1.368728859894691e-01, -1.482309380175047e-01, 1.195059603615290e-01, -1.087054270760730e-01, 4.778448556321804e-02, -2.939755947490876e-02, 3.326903104556111e-01, -3.477322829993534e-02, 1.807289151805983e-02, 2.079123793559720e+00, 1.638289037272900e+02, 5.660362293242803e+01, 1.346097934465529e+02, 6.445642140825709e+01, -3.576758748773079e+01, 2.197339961337255e+02, -2.264576290983451e+02, 2.232860544033317e+02, 6.645762455436483e+01, 2.487779269986864e+00, -4.414890918242779e+02, -2.794498455623680e+02, -1.353894104433817e+02, 2.245532410796555e+02, 2.441502743551063e+02, 1.249810595350943e+02, -1.926465124807864e+02, 5.156180683382799e+01, -3.247332244137701e+01, 2.624129057008396e-01, 1.179771115683554e+00, -8.280644507463778e+00, 2.840112294524853e+00, -8.135409408936606e+00, 2.274959002913276e+00, 1.148130931977923e+01, -4.364381095455992e+01, -2.051450180744738e+01, 1.405369829567109e+00, -9.343652942863905e+00, -5.420538342282775e+00, 9.090397574086982e+00, -5.551036153555941e+00, -3.819770186106491e+01, 2.366074005253565e+01, 3.035867970996199e+01, 1.681576964215080e+01, -1.293450352334945e+01, -1.090954451454566e+01, 1.154791738394035e-01, 7.796005829258320e-01, -1.604959252354335e+00, -4.113836888665590e-01, 9.615929027159910e-01, 5.271585080221509e-02, -6.799280686613520e-01, 3.129373995358226e+00, 2.640213390354456e-01, -1.240682116067651e+00, 3.338671803583233e-01, 3.866154522682315e-01, 2.298113592146504e+00, 2.439620647862214e-01, 5.228017637116604e-01, 4.633949223259193e-01, 1.219613243534358e+00, 9.988204787337661e-01, -6.261894584429335e-01, -1.599374343531224e-01, -2.394088729512532e-01, -4.795894029446777e-02, 4.039811913441960e-01, 3.267118827375528e-01, -1.814705603955548e-02, 1.250762209964278e-01, 2.061191799131121e-02, -2.561169016794344e-01, 2.033938267010121e-01, -7.679789984849134e-03, -1.188539363360263e-01, -1.111523502426405e-02, -3.810399593219898e-02, 5.115467357390605e-02, 1.977357136184250e-02, 1.204142958798687e-01, 1.220235245270504e-02, -4.795140645971507e-02, 1.973289664947858e-01, 1.156886738817097e-02, -1.098429421980852e-01, 9.582915552694916e-02, -5.174267996697282e-01, -6.509783565507325e-02, -4.418046565846083e-02, -6.494552489063767e-02, -8.612708123123047e-03, 2.323008581754385e-01, -1.049688623485526e-01, 9.176776867679627e-03, 1.619750277962057e-02, -4.934406830759398e-01, -6.721623457753310e-01, -3.795976622749516e-01, -1.057995401065702e-02, 1.216110637141380e-01, -1.761019955408211e-01, -4.336719090148900e-02, -9.651421997492889e-02, -5.755179294256615e-02, -4.074424399974844e-01, 2.616936421477574e-01, -2.749539489052379e-01, -5.352847032786064e-02, -3.096254854258977e-01, 1.339117191199514e-01, -5.458750763038062e-02, 2.147847836600573e-01, -7.482150920907513e-02, 1.696940495403598e-01, -5.627622859154476e-02, -1.456623469208554e-01, -1.205641559471223e-01, -7.792587862295756e-02, -1.285498189827059e-01, 1.980005661014119e-01, 3.232697541606839e-01, 2.497935988475573e-02, 4.615671372418353e-02, 2.525312895751599e-02, 1.231630788594839e-01, -3.087161769079268e-02, 5.403000583207412e-01, -1.071474056760913e-01, -3.958422703120618e+00, -1.774433530686344e+02, -3.495275908005157e+00, 2.616264183622406e+01, 2.681237963862008e+01, 2.663323224321264e+01, 1.287731597388428e+03, 3.402906224790648e+02, -2.322795120888318e+02, 2.775622367435757e+02, -8.113451093152977e+01, -1.205275417977146e+02, -4.839801347707865e+01, -6.389305299447335e+01, 4.274040075700634e+01, 1.024688989208587e+02, 4.502598957871386e+01, -1.283330824497720e+02, 8.495936700879270e+01, -1.834846913822638e+02, -8.134564414188766e-01, -2.138733586878862e+00, -8.443235376239325e-01, 7.919933711248256e+00, -3.026899494914582e+00, -1.908235751422672e+00, 7.932582919503386e-01, -1.748899767687150e+01, -1.102897935265256e+01, -7.709362964339714e+00, 1.212435212784967e+00, -1.957106148701662e+01, 4.118043675111604e+00, 1.975325625711109e+01, -8.743621559607005e+00, 4.017985629147844e-01, -5.557839181531051e+00, -1.322753379943374e+01, 1.063516507824168e+01, 1.142936830185918e+01, -2.758538947441387e-01, -5.417972595874672e-02, -1.175784011294723e+00, 3.734374349858268e-01, 3.635712624760121e-01, -6.435048382029044e-01, -2.519343552203207e-01, 2.800669313910759e+00, -1.637315536109660e+00, -3.832965465087841e-01, -2.022526568787225e-01, -8.609823247997315e-01, -1.639836641036100e+00, 1.879747140464714e-01, 1.482250141661891e+00, 1.792680430125756e+00, 4.493092062592447e-01, -1.306983463575832e+00, -2.045739173273710e-01, -3.663188822012441e-01, -6.008600349015464e-02, 9.520917755478146e-03, -8.059419902293494e-01, -1.815725761463801e-01, -3.180315777941968e-01, 6.185570332605109e-02, 2.390540620948552e-02, 6.150581443599222e-01, -1.643217771713944e-03, 2.213716229027756e-01, 1.866711574060017e-02, 9.621398603295044e-02, -3.114037720044116e-01, -1.555250492524757e-01, 7.351018855061303e-02, 2.847502649358493e-01, 2.056442531270260e-01, -8.284846570952245e-02, 9.718557213655561e-02, -8.574761159390092e-03, -2.873835830329618e-01, 1.092588477005498e-01, -9.575356598172322e-01, -7.543711391153857e-01, -2.686907587654367e-01, -4.191739387122820e-02, -1.815591517765882e-02, 4.903727488495514e-01, -3.736316770063618e-01, 9.125034779943447e-02, 2.624676026827990e-02, -3.100311139747565e-01, 1.584258783192571e-01, 1.177754022518368e-02, -1.106768492868343e-02, 3.315023401986301e-02, -1.630777263895971e-03, -3.762870469347528e-02, 3.187311263265055e-02, -6.961199427170243e-03, -1.566827249568121e-01, 1.120998908469203e-01, -1.396632784293520e-01, 2.214045592765314e-02, -2.559488554357581e-01, 3.363824739082192e-01, -2.176595721768915e-02, 1.019716755686198e-01, 3.895370802896306e-03, 1.608846698341183e-01, -1.829926578528644e-01, -2.992094125540522e-01, -9.964691049762602e-02, -1.499055246324146e-02, -4.240182854972477e-02, -5.828294816315640e-02, -1.174627240383083e-01, 2.746663796187325e-02, 6.883614243056113e-02, -1.702100362054863e-02, 1.484297095798278e-01, -9.281666878823892e-02, 5.438347166420379e-01, -6.447810138125383e-01, 6.484508644266869e-02, -4.137865626622822e+00, 2.348802070442514e+01, 1.994526033469839e+00, -7.232100304164361e+00, 5.901614856897612e+01, -3.573157256327169e+01, -1.911440218692566e+02, 1.715947651327120e+01, 2.744505807435744e+02, 9.970947251848153e+01, -6.291451258560640e+01, -1.222992484119511e+02, -4.349142515250255e+01, 1.039128180613275e+02, 4.155516171327869e+02, 1.564668883617622e+02, -5.704580583143841e+01, -4.783983596250140e+01, -1.287322265907833e+02, 1.350235283553135e+02, -1.057763896440394e-01, 2.952232709094971e+00, 2.560279929814592e+00, -5.784941267674623e+00, -2.762525609194515e+00, 1.876632716380009e+00, 1.001806878262942e+01, 5.870634603201492e+01, 1.336013576831214e+01, 7.751425304037770e+00, -4.491609567115885e+00, -1.981218694156269e+01, -3.666317241433235e+00, -9.314195060936344e+00, 1.299407718758079e+01, 1.873351329391086e-01, -3.132272727749639e+01, 1.986989749614252e+00, -5.060041766099702e+00, -9.103186396123322e+00, 1.116446862506293e-01, 4.994321583762759e-02, 1.683098546634302e-01, -3.570021144671280e-01, -5.843853631741862e-01, -3.908418330304925e-01, 5.010097541904720e-01, -2.517015652277035e+00, 5.618297124140216e-01, 1.129091541353875e-01, 4.506098130022701e-01, 7.487810800946942e-01, 4.382908239209502e+00, 9.678791719301413e-01, -1.169026271074962e+00, -4.949365975585923e-01, -7.143838315029002e-01, -1.737740527859020e-01, -9.645732290078637e-02, -2.596667465966068e-01, 9.540583110767177e-02, -1.776814800841048e-02, 3.352346061198810e-01, 5.570062280515173e-01, 1.511473834565474e-01, 2.454217402948545e-02, -2.554799347870189e-02, -2.283356684137480e-01, 3.806821211420760e-01, -9.500501345906646e-02, 5.187245139286903e-03, -3.262403770024117e-02, 9.728397005196589e-02, 9.033063091829995e-02, 4.882210894392672e-03, -1.099702392022386e-01, -1.209945624847902e-01, 3.802876145687333e-02, -7.074543902335489e-02, 1.665353073302021e-02, 1.117544024067123e-01, -7.601243440224914e-02, 1.915433992953748e-01, 3.089515882606417e-02, 2.033966947172566e-01, -5.972885823703368e-02, 1.580125817863107e-02, -9.507138961051333e-02, 5.793531478447318e-02, -1.071674226706450e-01, 2.009190098217751e-02, -8.712363876072871e-02, 8.724492399939314e-02, 1.293662514401807e-01, 5.697429124925986e-02, -1.216224881677928e-02, 1.098928701961110e-01, 4.899103683854435e-02, 1.085674318326253e-02, -7.008356550920877e-03, 9.590537334764822e-02, -4.476268943797283e-02, 3.258366539270471e-02, -1.542804152958986e-01, -2.285247427329330e-02, -5.081666188424393e-02, 7.620455078242412e-03, -4.108039144127933e-02, -5.463503973798347e-02, 9.335794239181470e-04, 3.821464088231460e-02, -1.812729618677333e-01, 1.132595835622306e-01, -3.519015979520007e-02, -5.167672202900770e-02, -1.504631871487168e-01, -8.505800125678821e-02, 3.883524756163254e-04, 8.865521411200736e-02, -1.846129577143606e-02, -7.097117317073977e-03, -1.722921589061024e-02, 4.706779228373608e-02, 2.087345882125138e-01, -1.851758607924207e-01, -6.092035636138706e-02, 2.020072112270124e-01, -2.790922945400740e+00, -6.260466277918780e-01, -1.577533632988287e-02, 2.605310705718918e-01, 3.006955537796452e-01, -2.796696301390107e+01, -9.755504283027479e+00, 6.175831152960791e+00, -1.797132331376715e+00, 3.662535946514427e+00, -6.569730206202720e+00, -1.343619474936322e+00, -2.534306743538127e+00, -1.925388606077577e+00, -1.167402911980918e+00, -1.323492624091223e+00, -1.442871912477446e+00, -1.814085235108000e+00, 1.162841074414860e+00, 6.787015881809805e-03, -1.463617419291461e-01, -1.390342381559886e-01, -1.989536404831474e-01, -4.366632899537878e-02, 2.722402203111313e-02, -2.750626953486571e-01, 7.757837970224675e-01, -5.290673801000892e-01, 9.706169292442744e-02, -2.548699013225306e-01, 2.173695227817312e-01, 1.780953786860418e-01, 1.293815719642312e-02, -5.782225870982896e-01, -1.778358227176427e-01, 6.764204499612669e-02, -2.937889759053219e-01, 2.586422627788578e-01, -2.124291001722793e-01, -8.651642941065348e-03, -2.385993527791177e-03, 5.108602229426504e-03, 1.151495834062321e-02, -4.102789114342280e-04, 2.262715188128882e-03, 1.683950346295796e-02, 1.542770324476699e-02, -4.413505073539751e-04, 8.244535337128902e-03, -2.976031680215227e-06, -6.504124298876801e-02, 1.173177203450135e-02, 5.192189283036126e-02, -2.896326708603690e-02, -2.990786384270085e-02, 2.601834499733308e-02, -1.706720418404233e-02, -1.091842806097706e-02, 4.810841075063576e-03, -3.544420519159370e-03, 9.785615685472323e-04, 9.935437527657657e-03, -2.701793902633804e-02, -1.317912951966286e-02, 2.824625716842905e-03, -3.675975124412300e-05, 2.772809436402807e-03, -1.424600315976783e-02, 8.488989198567356e-03, -2.500107743457086e-03, -1.046317334019978e-01, -1.089106717440802e-01, -4.481361520786172e-02, 3.470372393816203e-02, 7.457171075740771e-03, 3.938187904714792e-02, 5.252688753326850e-03, 5.806491095266690e-03, 8.496790747543065e-04, -8.785540387771073e-04, -2.412421245643610e-04, 2.425911560231853e-02, -2.547926992470503e-02, -4.329649979634241e-03, -5.963900393599087e-03, 4.087754302978069e-05, -1.402996290950935e-02, -1.109647802054448e-02, 2.836272945195760e-03, 1.234286270703367e-03, 1.004636189228944e-01, -1.857557460412623e-02, -2.228472183779818e-03, 2.498629939481155e-02, 4.289465025313335e-02, 6.062487140824483e-02, -1.152013167082734e-02, 1.033965525275822e-02, 1.434541983890425e-03, 2.534646908168831e-04, -3.140704027290242e-04, -1.492348186692563e-02, 3.715599850724754e-04, 1.218086734741755e-04, 9.024551053888236e-03, 1.139044879341408e-04, 6.737902236253682e-03, 5.997082820372676e-03, 1.049633076021428e-03, -5.154796709445584e-03, -4.711379910490305e-02, 1.676513768233682e-02, 3.159455251131138e-02, -3.693512461163653e-03, -5.309863067591306e-03, -7.511200676009988e-03, -1.629604351687842e-04, -6.030275613195826e-03, -1.514311471251894e-03, 2.004103346451102e-06, 1.840545848404466e-04, 2.712323205189034e-02, 1.968363284459780e-02, 1.262181911078561e-02, 1.433640376005177e-02, -5.530187455777440e-05, 2.508399197760901e+00, -5.213579541003458e+01, -2.186137023654765e+02, 2.883963034367002e+01, -6.925524022746836e+01, 3.132456339308922e+01, 1.635882062806128e+02, -5.173391634559881e+02, 1.818643092621436e+02, 2.809965195552786e+01, -1.545369572607623e+02, -6.404486201284255e+02, -3.502285304556945e+02, -1.456519107684160e+02, 4.063854385301637e+02, 1.170354414354978e+02, 1.719063569428711e+02, -2.364661457311615e+01, 4.679642308260867e+00, 1.855815882328078e+02, -2.297404285854886e+00, -2.860899669614205e+00, 8.880150243589059e-01, 6.220701674481997e-02, 6.177352512341420e-01, 9.654705139053031e-01, -8.993305785868522e-01, -1.315574837925012e+01, -6.664342664211500e+00, -3.667102257874935e+00, 5.268527602836739e-01, 1.770387927391111e+01, -1.067591344357300e+01, 1.533424886736813e+01, -3.892381314482297e+01, 6.605573064601263e+00, -7.603765068126211e+00, -4.591939734414395e+00, -2.304702514471436e+01, 1.091477346725461e+01, -1.071392755889870e-01, -3.097991417491615e-01, 8.433892876429823e-02, -1.600614138696187e-01, 7.233895439387135e-01, -6.380985720731160e-01, 4.942094212849185e-01, 6.556301119281353e-01, -1.243949446662424e+00, -5.537989826910514e-01, 2.145537688532089e-01, -3.822758421912796e-01, -4.472546802581346e-01, -6.546094476813387e-01, 2.358081327037002e-01, 1.259024632170708e-01, 4.763172490206540e-02, -4.922323596675534e-01, 7.010571323253907e-02, -1.562729643534393e-01, 1.603520055078342e-01, 1.176922028323947e-01, -6.213191375098398e-02, 2.108760510700868e-01, -1.542643084213250e-01, -7.474325967057667e-02, -4.622664082152683e-02, 6.293195493927417e-02, 1.508446381726539e-01, 7.580412944001511e-02, 8.098523057684584e-02, -1.735535151199504e-01, -1.602667421353642e-01, -1.630209093973280e-01, -8.852911688472223e-02, 5.837270318653795e-02, 8.398614978195051e-02, -8.929830455916282e-03, 2.843198146549724e-02, -2.314996133666385e-02, -1.384485258218788e-01, 7.166443533184098e-02, 5.918915512747638e-01, 2.441606114964004e-01, 2.261548242934863e-01, 1.990455607293289e-02, -1.681320970142809e-02, -2.460771458802930e-01, 1.087496098650360e-01, -9.238151621711643e-02, -5.540641737600706e-03, -1.255045675234963e-01, -1.278962559583128e-01, -1.137337461041873e-01, 7.725294740329344e-02, -1.497849936419732e-03, 2.620449305816682e-02, 4.190254697274955e-02, -1.771975484126301e-02, 1.679171773906328e-03, -4.139866496202482e-01, 1.579677564434860e-01, 1.331284962459511e-01, 1.213646700440885e-01, 1.866618046000863e-01, -1.360117778606680e-01, -1.761291542548808e-02, -8.084715844924921e-02, 2.984071865885000e-02, -8.743909610811981e-02, 5.482075342631450e-02, -1.490602751836873e-01, 9.555430050522279e-03, -7.527679952314217e-02, -4.928902592031153e-02, 6.806856293438995e-02, -3.736073780838807e-02, 4.012315158983463e-02, -2.205420431440941e-02, 1.452666696146557e-02, -3.477306121271626e-02, 2.712326144471862e-02, 1.812143688951500e-02, -1.947863926061752e-01, -2.390166319007304e-01, -2.327222397859591e-02, -9.006288949714392e-03, -1.172005012101716e-02, -9.310223025127510e-01, -3.952764940723092e+01, -3.543549588618991e+00, -1.754808777817087e+01, 1.401120908869298e+00, -5.983705100901083e+00, -4.809148288068199e+02, -1.589214904643340e+02, -1.330495882400217e+02, -9.357007105873103e+01, 1.462173904092166e+02, 1.977839244927901e+02, 1.618108960436407e+02, 9.015011020954335e+00, -2.575010276495988e+02, -1.713781819585996e+02, -1.171863632851384e+02, 8.360367546836169e+01, 8.490441867935692e-01, -1.108051124309744e+02, 2.893849830771728e-01, 1.616341991902973e+00, -8.063156857322559e+00, 2.773064155710463e-02, -1.809161101846523e+00, 2.905009681392495e-02, 6.477222207995403e+00, -1.399864626053590e+01, 2.065292403146985e+00, 1.009272464488290e+01, -9.162646968335837e-01, 1.854573280121451e+01, 4.372303162463791e+00, 3.022643880599331e+00, -2.313605829615969e+00, -1.004773400169963e+01, 8.885598235621179e+00, 8.498913588556643e+00, 5.448505961094763e+00, -4.165216550873648e+00, 3.027714434004669e-03, 2.577431806631096e-01, -5.525616815571436e-01, -2.463444484876691e-01, 4.242427993970601e-01, -3.484547408397344e-02, -2.745171841163521e-01, 1.341938077056946e+00, -1.477477523990956e-01, -6.360047670102037e-01, 2.117594426390168e-01, 2.232709489481712e-01, 9.570651393028735e-01, -7.043278013681541e-02, 3.829601732916475e-02, 2.867881568035863e-01, 6.484875295386697e-01, 3.388408453375764e-01, -3.007722394605755e-01, -9.263792792460476e-02, -5.949249770757424e-02, -5.094948415729889e-02, 1.440361333707720e-01, 1.474775044184091e-01, -2.790215477000800e-02, 6.219739453132392e-02, 1.644512633505877e-02, -1.025373143897016e-01, 9.540682951736705e-02, 1.044168035049802e-02, -5.464988092755192e-02, -9.696700500632725e-03, 1.809667299574040e-02, 2.164221055638383e-02, 1.746585926609894e-02, 3.795813967373211e-02, 2.247996210872097e-03, -2.330652755243994e-02, 9.033961264867746e-02, 5.188238485021440e-03, -1.056261538203832e-01, 4.421553861258497e-02, -2.115524514653586e-01, 1.763930354641621e-02, -1.311956527456106e-02, -2.460701453113542e-02, -3.283930306682653e-03, 9.763074923038741e-02, -2.573654684624374e-02, 3.462987536173922e-03, 4.377326203546328e-03, -2.159637966258958e-01, -2.944128407349427e-01, -1.740721717857871e-01, -3.893913995733348e-03, 5.199169957412715e-02, -7.373639825585374e-02, -2.777849025185289e-02, -3.891644489013625e-02, -2.481527654077090e-02, 6.214725781307573e-02, -8.036543024306082e-04, -8.511797917635155e-02, 3.836154336780683e-03, -1.571958913654659e-01, 6.424980469140400e-02, -6.239932693539922e-03, 7.416626947266029e-02, -2.233384357908270e-02, 8.170726608711898e-02, -2.702418134079496e-02, -4.934085029531451e-02, -5.558461959162654e-02, -2.611505287258680e-02, -4.704553741377461e-02, 1.014283571516813e-01, 1.379692225087016e-01, -1.569330459546697e-03, 2.824649547354734e-02, 1.256756515642187e-02, 3.087166951364964e-02, -1.968359838131556e-02, 1.947864612741974e-01, -1.073767029492791e-01, -2.795959232278494e-01, 9.252757579834686e-02, 5.644599413191350e-03, -6.624602753686706e-02, -2.637807852637166e-02, 6.747336257063449e-01, -6.725662478489463e+01, -1.399811545798942e+00, 1.207546398760313e+01, 1.855796988555619e+01, 9.668344011786010e+00, 6.200024435011886e+02, 2.011675564782103e+02, -7.558398405759418e+01, 1.393178430675449e+02, -3.906311858108263e+01, -7.886278459982346e+01, -5.055040130490780e+01, -4.353578738505160e+01, 9.430945959745635e+01, 9.209427084135389e+01, 6.604355867977692e+01, -9.390728035546432e+01, 6.351768568639093e+01, -1.129342354841901e+02, 4.472343231598070e-01, 3.091024891020517e+00, -8.812467273531047e-01, -1.043588971432396e+00, -1.587144726514350e+00, -2.355154804158762e-01, -4.031175725309788e+00, 5.619500841680635e+00, -6.161194987010600e+00, -1.026281296406303e+00, 3.045221599383255e+00, -2.831824518488989e+00, 3.414062434478254e+00, 7.344606137046411e+00, 1.199954567270730e+01, -2.427264955004430e+00, -7.041288569247264e+00, -6.477084071773217e+00, -3.911424391276388e+00, -3.316707949000559e+00, 1.428658583295638e-01, -1.163734504017156e-01, 4.743877190141143e-01, 1.037652334947006e-02, -1.245405854146600e-01, 3.046507406698184e-01, 1.807925465452684e-01, -1.079818385954343e+00, 1.089146510261804e+00, 2.355696163818524e-01, 8.805883979907636e-02, 3.860350295299899e-01, 6.032862753325196e-01, -1.027588179247038e-01, -6.021375909691080e-01, -5.917606113066632e-01, -1.419145118821064e-01, 6.177310454348024e-01, 6.196707123532038e-03, 1.417824670964765e-01, 2.078243344761770e-01, -1.211963467090698e-01, 3.702702627926463e-01, 4.661229382465945e-02, 1.360479600563329e-01, -2.403030708069191e-02, 1.523418721967341e-02, -2.761325300373789e-01, -1.007899047876365e-02, -9.588223900220033e-02, -1.009544189819441e-02, -4.338833168567491e-02, 1.320756096983432e-01, 6.763125570865954e-02, -2.702903856907158e-02, -1.288269199368223e-01, -9.795776167265345e-02, 3.418679110080868e-02, -3.707517178528890e-02, 3.639421100273846e-03, 1.711619723117048e-01, -7.719091652134526e-02, 4.580123652341886e-01, 3.533497765394998e-01, 1.611492187849121e-01, 2.267266651448157e-02, 1.321535823046739e-02, -2.286155429097001e-01, 1.720779024811067e-01, -6.067400774724453e-02, -1.324846688216738e-02, 1.399290492008156e-01, -6.410490550678097e-02, 1.388793652579777e-02, 2.548352569074691e-03, -1.945233740586985e-02, -3.785609380538017e-03, 1.800226180549308e-02, -1.925489026950492e-02, 3.204071303832229e-03, 4.014023547908339e-03, -2.434913961154455e-02, 5.179733266552651e-02, -5.219522548691922e-03, 1.312625769711254e-01, -1.785223444713685e-01, 6.489236981026605e-03, -4.160078876736664e-02, 1.311171072983846e-03, -7.687071264791748e-02, 9.219480197474886e-02, 1.347392195667794e-01, 3.176883213236677e-02, -1.435309690944906e-03, 1.463722148767510e-02, 2.577503411642149e-02, 4.577741314666842e-02, -7.689800384488621e-03, -2.852571494025020e-02, 9.632388946201267e-03, -9.281663207951386e-02, 1.262182491284630e-02, -2.390170901162325e-01, 2.795964399760354e-01, -7.720919035921027e-02, 8.664393678334913e-02, -8.036507322703830e-04, 1.024382095286810e-01, 1.222918719784361e-01, 1.885353419225816e-02, 2.261659583302081e-02, -6.303546917258821e+01, -2.199222904418244e+01, -1.362727627128346e+01, 2.205219762931852e+01, -1.536992529152791e+01, -4.512516977665127e+01, -1.834017285220540e+01, 2.195014245572412e+02, 1.152419501258182e+01, -5.380643035194978e+01, -1.163391738325690e+02, -8.260202511824838e+01, 4.108272491150187e+01, 3.431127671532012e+02, 1.380964663823414e+02, 4.380690169047116e+01, -4.154075454460646e+01, -3.203627717658788e+01, 9.500386290567944e+01, 5.883766811145985e-02, 7.228171654721979e-01, -7.454229240790579e-01, 3.101430892314510e+00, 4.840800085694076e-01, -3.004094126688678e-02, -5.174072415926807e+00, -6.653112693963566e+00, 1.253369508671684e+01, -6.967664809613915e+00, -3.398799650788853e+00, 5.656390146087132e+00, 6.847865427420046e+00, -7.639714592510554e+00, -4.950883613448981e+00, -5.955537534371481e+00, 2.869610794857771e+00, 4.966127415616398e+00, 6.158981230860618e+00, 3.861057567908269e-01, -1.172314569724801e-01, 7.984929748162546e-02, 7.340773174237393e-02, 1.715607428752615e-01, 2.640818856108630e-01, 1.612022802041956e-01, -3.056735919250101e-01, 7.911796149185482e-01, -3.008266969403605e-01, -7.105655016403869e-03, -1.656880618247326e-01, -4.298601044642089e-01, -1.979992966849665e+00, -3.393356845578440e-01, 5.333946289697810e-01, 2.422906266285191e-01, 3.746578758181244e-01, 1.146651755047122e-01, -1.206413141463920e-02, 1.355047369573977e-01, -7.930490403484752e-02, 4.026762518276689e-02, -1.665692019800478e-01, -2.653235202341452e-01, -5.492436251819752e-02, -1.341252142484743e-02, 3.210150253025310e-03, 1.123394951880170e-01, -1.784780512131994e-01, 3.439425017421354e-02, -2.953304938264671e-03, 2.463205813739068e-03, -6.111853242183871e-02, -6.278057918610105e-02, -5.567116548648094e-04, 4.595122422405902e-02, 5.052849659844331e-02, -1.782476899055691e-02, 3.473666928073273e-02, -9.058990320885616e-03, -3.689485294208501e-02, 2.557865320578431e-02, -1.184147946258205e-01, -4.484681895832584e-03, -8.993004691209834e-02, 2.278342427897695e-02, -5.310549907593214e-03, 5.605036546671020e-02, -2.156993829439857e-02, 4.671959764564848e-02, -6.765588952557757e-03, 4.462470896733566e-02, -4.376231028106849e-02, -6.573788381247744e-02, -2.417740982509390e-02, 7.757862841698880e-03, -4.965407430214176e-02, -2.495767453054546e-02, -1.363784078077346e-03, 3.354261835383166e-03, -6.968182260183823e-03, 5.086155492830671e-03, -2.547741623069714e-02, 6.432752693238503e-02, 1.478991382260857e-02, 3.480181025139228e-02, -1.379999018251870e-03, 2.334355800982978e-02, 2.038100029455263e-02, -6.447993275754067e-04, -2.274646949908927e-02, 8.233296185303675e-02, -6.571229691673335e-02, 2.842902341254887e-02, 2.525120233717917e-02, 6.407659877192963e-02, 4.042266007597530e-02, -1.082088622374130e-03, -3.863392639046635e-02, 8.845359669387660e-03, -1.722922303975009e-02, 1.433642355624854e-02, -2.327090318765629e-02, -9.252832209120465e-02, 8.664408634599595e-02, 4.916433317725927e-02, -4.507271331288052e-03, 1.023572013893869e-02, -4.049359368594355e-02, -3.893039668386312e-02, -9.536208718441594e-03, 1.683124329136192e+02, -4.882256691501806e+03, 4.143800857397270e+03, -3.807534658602085e+03, 1.491622184441166e+03, 3.351725948282984e+02, 1.821017399193646e+04, -2.083421160237962e+04, 2.130297405584613e+03, 6.572336437227242e+03, -2.941105796194552e+03, -1.951860691408910e+04, -4.768562469049662e+03, -3.385673713368943e+03, -8.921050654258617e+03, -9.688846881847004e+02, -7.832710899995397e+03, -1.793055571704274e+03, -6.189682617737144e+03, 5.347805796605059e+03, -1.481432566793846e+01, 4.278596390627256e+01, -3.827924118548498e+01, -4.376982039479230e+01, -3.140913383929842e+00, 1.234987740349934e+01, -9.939135908603332e+01, -4.583096655058600e+01, -2.779357222057570e+02, -3.832779709897166e+01, -1.084160838534198e+02, 5.374666466458853e+01, -2.749047498563105e+02, 1.492634778656505e+02, -1.285261956919562e+02, -2.843142095861112e+02, -8.122387304200016e+00, -2.290385756939688e+02, 8.635047422524596e+01, -1.254980937059140e+00, 2.353080596027804e+00, -2.117203726850803e+00, 7.758429059718978e-01, 4.604375178175963e-01, -1.191343514782162e-01, -5.129321447240258e-01, 9.028632296558545e-01, -2.970799582147696e-01, 2.521462202401200e-01, 2.402651847819111e-01, 7.749829877910902e-01, 2.848952210335353e+00, 2.962108433453242e+00, -6.899617362535309e-01, 5.204569832710718e-01, -3.402641484256497e-02, -1.134068817252814e+00, 8.988285891667733e-01, -9.021727341266995e-01, -4.019853682694433e-03, -2.797030944197526e-01, 7.959979217533618e-02, -1.064567811583397e+00, -4.148778824416609e-01, 1.215143403476716e-02, 1.743177239988949e-01, 9.145496636149861e-04, 5.883266424492923e-01, -1.845345318984606e-01, -9.143302655494019e-03, -8.948961928849795e-02, -1.034464676682273e-01, 1.116709932062302e-01, 1.580521628764299e-01, -3.073886331202234e-02, -1.588545195246683e-01, 1.133551314770625e-01, 1.004305239525434e-01, 1.060631101686557e-01, 3.203746653917833e-02, 7.267683875147434e-01, -3.665927646650797e-01, 1.566391618946741e+00, 6.680994912518053e-01, 2.944845412002305e-01, -1.459773746977021e-01, 6.361147366516430e-02, -6.437596728955384e-01, 2.543627930298402e-01, -1.288727800856323e-01, 5.282175052806676e-02, 1.910906121505218e-01, 3.595354258373428e-01, -2.584626121976886e-01, 9.085774594452892e-02, 1.282139275787897e-01, 2.210098959072479e-02, -3.762869920893546e-02, 9.538432293815106e-02, -1.018294649804913e-02, -8.487806382298895e-01, 4.047683446995932e-01, -3.513400811699408e-01, -1.183447023019541e-01, 3.243854036232214e-01, -2.424524936721439e-01, -5.023041902068157e-02, 1.470442329897122e-01, -5.139659049979522e-02, -1.383910664498248e-01, 1.118494536393979e-01, 2.910242685311671e-01, -1.819989385094259e-01, -1.310934417215415e-01, 1.019838436701723e-01, 9.781818477988191e-02, 8.818631621891439e-02, 2.076199547169691e-02, -8.970345036090415e-03, 1.950613401069228e-02, -1.212922965097748e+00, 5.604353213135056e-01, -3.911402275856830e-01, -2.113827684232400e-01, -5.007848763744431e-03, 2.773451360060457e-01, -8.664145180991868e-02, 1.644447116083279e-01, -8.507189972546404e-02, 6.522516183254915e-03, -1.068008286846155e-01, 1.081345250581772e-02, -1.977083135140640e+01, -2.295691472690577e+03, 1.961512781460127e+03, 1.131835595118298e+03, -3.465404247051169e+02, 2.170483052189722e+03, 5.016181723728731e+03, 1.682907065862869e+04, 6.296281745908111e+03, -6.242011364144935e+03, -2.233873235288950e+03, 7.632241536651451e+03, -1.436130290606774e+03, 3.716031753423142e+03, 5.272880898528084e+03, 2.449386981893247e+03, 7.563485699088626e+03, 2.982262949590734e+03, 1.580651006714755e+03, 4.226013867870085e+03, 3.255992389450692e+00, -2.611352231385652e+01, -6.144251088465207e+01, -2.190017625021514e+01, 1.310444535987162e+01, -3.607093495069844e+01, 2.006026831946682e+02, -1.590974142191665e+02, -1.876694839373895e+01, 2.991311070210864e+02, 1.632938171939747e+02, 2.157832661257895e+02, -3.005330659543260e+02, 4.181627653007589e+02, -1.125149725413397e+02, -8.355874039077284e+01, 2.325729795483338e+01, 4.992325326159963e+01, 3.383545047805692e+02, -7.972735585027153e+00, 5.233094886947497e-01, -5.570936302877941e-01, -5.974140532667058e-01, -2.075134173116091e+00, 3.705477971678625e-01, 1.562241185145525e-01, -2.330049865982941e-01, 4.130954822177968e+00, -3.177180584041707e+00, -2.605174961368681e+00, -5.063151873495793e-01, 2.479359534177595e+00, 3.035389296036530e+00, -3.121301435680574e+00, -8.201989870703741e-01, -1.103086847261933e+00, -1.963736485594478e-01, -1.814230151443711e+00, -1.713589721679906e+00, -1.387090727109536e-01, 3.375740960192799e-01, -2.651495568913813e-01, 3.090002880461875e-01, -9.010549503458115e-02, -2.015618560461508e-01, 1.227146605707487e-01, 6.344220342757474e-02, -2.731084189914090e-01, -1.380517345850248e-01, 1.641528818450313e-01, -3.605164175186384e-02, -2.511184962349263e-01, 5.804331261798398e-03, 1.658964595824903e-02, -1.198231756618886e-01, -2.205157788468530e-01, 3.508771489049063e-02, 1.276327089234714e-01, 1.215148548540715e-01, 2.185652096950451e-02, 8.545961334167742e-01, -3.446199023437440e-01, 1.854988587880501e+00, 4.065795133155795e-01, 1.494109554664627e-01, 1.671125921784294e-01, 5.049816225729874e-02, -7.850817133176422e-01, 1.693385827968868e-01, -6.478669442122388e-02, -1.013526506474739e-01, -4.241101557942219e-02, -1.085414051785879e-01, -2.165810381495292e-01, 4.330763382959691e-02, 2.240628507437570e-02, 3.286618042108386e-02, -1.125061609617849e-01, 1.996513411436696e-02, -6.822780205084926e-03, 5.638882678560215e-01, -3.545554383114129e-01, 1.660041404642115e-01, 1.788940133661177e-01, 3.540236739155688e-01, -1.508331013955715e-01, 7.383632817240809e-02, -7.179458425700844e-02, 3.534930234089040e-02, -1.709764588650468e-01, 9.545753201682387e-02, 2.396145629967872e-01, 4.173886100962609e-04, 2.023743131057996e-01, -3.495103058964556e-03, 2.061996660385516e-01, -1.949039008740825e-02, -6.371357295529136e-03, -3.468192626667758e-02, 8.831964402468710e-02, 6.124412588639706e-02, 9.219127076201303e-02, -1.574124433944184e-01, 1.406067111450591e-01, -3.664682648145323e-01, 2.368060904094261e-01, -2.926625372564588e-02, 4.939860588136447e-02, 4.093993431382389e-02, 1.698875377263495e-01, -1.097425566614562e-01, -1.132963851999186e-01, 1.911940756220931e-01, -1.714689498343319e+02, -1.420025115529441e+02, 1.652371525109130e+03, -5.170723951300222e+02, -6.559682254387455e+01, -1.093446816936961e+03, 2.457257323434021e+03, -1.335253338824410e+03, 1.342149335058503e+02, 2.477628987464352e+03, 2.582478193187375e+03, -1.548929755077062e+03, 1.383249221957298e+01, -1.199798677490971e+03, 5.198626256976648e+02, 1.441282464892974e+03, -4.095767257397727e+02, -2.423187050280393e+03, 4.737680952154405e+02, -4.317304847629114e+03, 1.733403089750023e+01, -2.608712619902825e+01, 3.097960854190163e+01, 2.423723364001401e+01, -1.224470346258233e+00, -6.210729248240786e+00, 5.879017609168964e+01, -1.886541122830060e+02, -2.399563436068059e+01, 7.160820880536725e+01, 3.691053157824309e+01, 1.251510088241279e+02, -2.449076748416817e+01, -1.591560727973069e+02, 6.484283745320288e-01, 2.570002994531540e+02, -1.698262913358071e+02, 4.676301302202722e+01, 3.725324981992266e+01, 6.685634981672656e+01, -1.491711147235365e+00, -1.936565835667509e-01, -1.938075650813008e+00, -7.265832202486950e-01, 1.094239742610105e-01, 4.681470401872199e-01, -2.003037695671607e-02, 3.144206438195268e+00, -5.232288301965897e-01, 2.871175614088130e-01, -8.204496619771725e-01, -1.325826168868086e+00, -1.348484114790088e+00, 3.883927757588410e-02, -1.694471824577205e-01, -9.915924155603707e-01, 1.243303412027041e+00, 6.737704919399305e-02, -2.006088438714898e-02, -3.650258745562226e-01, 1.267966726130402e+00, -6.578321049381788e-01, 1.800676529544429e-01, 2.799771676341267e-03, -3.217250909216572e-02, 7.052627801605717e-02, 1.476485048661080e-01, -8.666712509089519e-02, -3.136827036800151e-02, -1.633508081014508e-02, -4.940013425950491e-02, 1.456608734222107e-01, -1.442340496202225e-01, -1.237432924440047e-03, 6.101419335697782e-02, 4.831917825610648e-02, -2.900264481006145e-02, -1.296175763892850e-02, 2.253899039253951e-02, 1.064038113831779e-02, 7.936262119052606e-01, -3.802366413543277e-01, 3.006159780601109e-01, 1.117818053548450e-01, 2.301157665335226e-01, 3.082577865729927e-02, 6.356206895630689e-02, -1.274938734200024e-01, 3.862677282905577e-02, -1.090787613523589e-01, -2.443196655809651e-02, 2.723485648956502e-02, 1.655145074347933e-01, -7.515665355068715e-02, -6.431948500017104e-02, 3.345431352991027e-02, -3.501294682003419e-04, -7.878737068476530e-03, 7.448990170688814e-02, 1.218105022565598e-02, 9.464984790665487e-01, -4.666429078786983e-01, -2.040786980446830e-02, 2.524736913808185e-01, 7.633427155224111e-02, -2.745611650429453e-01, 8.532204906906471e-02, -4.270259509180687e-03, 1.021747738418540e-01, -4.316694762066428e-02, 1.144078644781609e-01, -1.064652218865718e-01, -1.138743668152876e-01, -2.108292760019891e-01, 5.286594896685535e-02, 1.308266171281183e-02, -2.195717556390800e-02, 1.649990495852451e-01, 1.525450163709280e-01, -5.609102666592144e-02, 6.366648910206903e-01, -2.573872385595640e-01, -5.702105311751874e-01, 1.883994942506402e-01, 1.600866646044841e-01, 3.812644298223794e-02, 3.482421054540826e-02, 2.296616323004314e-01, 8.022895667542487e-02, -8.074620612829116e-02, -2.718942695727937e-02, -1.249737350749841e-01, 4.957845767196941e-03, -1.259367194101204e-02, 1.143262313864209e+02, 2.574522625639826e+03, -4.549470399804345e+02, -1.766054956986593e+03, -6.650636764411696e+02, 7.670540189757371e+01, 1.553705996817591e+04, 5.289734327605021e+03, -4.484925942690435e+02, -8.952009846840526e+02, -3.878979348743665e+01, 3.040037730070223e+03, 5.009100248680828e+02, -3.706032690558435e+02, -6.691167090538617e+02, -1.371212334149292e+02, 9.977779423569243e+02, -1.082417112547406e+03, 1.689982423328364e+03, -2.068369399182887e+03, -1.477193444747627e+00, -2.196241124031048e+01, -2.634432095415844e+01, -1.677964640042834e+01, -2.831929443639440e+00, 1.103868062097298e+01, -3.588641174007911e+01, 2.177753114230731e+01, 9.254939052538803e+01, -2.849032398644887e+01, -2.712427041161888e+01, -6.636907797403645e+00, 3.400402706673157e+02, 5.100206949629978e+00, -5.764147243414711e+01, 5.126058902924828e+01, -5.811399492421940e+01, 2.473429911850943e+01, 8.016075739920403e+01, 3.846966639426244e+01, 8.196369892067407e-01, -1.369586725457333e+00, -8.133956209698373e-01, -1.000286624093459e+00, -8.809484733970391e-01, 2.832562726398506e-01, 6.876637972167891e-01, 1.676908368318067e+00, -2.328906173470832e+00, 9.778483373003499e-01, -4.592300455718459e-01, 5.529678281071325e-01, -7.448233451293915e-01, 9.236101604242666e-01, 3.993134799720816e-01, -1.193714775300552e+00, 9.666044841276641e-02, -1.114831182907682e-01, -7.933982474676580e-01, -1.840640125102274e-01, -3.013684130060056e-01, 2.232951513119382e-01, -2.646880237172618e-02, 7.023616668502555e-02, 8.841176697324069e-02, 4.147247445917624e-02, -2.297609366656399e-02, 1.935616245380908e-02, 5.309949906895566e-02, -2.680761872036029e-02, -2.992839003641512e-02, 1.167875884800707e-01, 6.772000036980751e-02, -3.778027467348372e-02, -4.366669492444020e-02, 4.599345961357270e-02, 2.328128101010848e-02, -1.851716673011364e-02, 2.824827167965993e-02, 2.226640380032568e-02, 2.056287483645053e-01, -2.891663222984766e-03, -2.947240642276917e-01, -1.340586450811787e-01, -1.047063404304280e-01, -5.412594271424352e-02, -1.735659882294645e-03, 1.248010217360638e-01, -6.317633978441942e-02, 4.435407876594014e-02, 2.390642694082898e-02, 2.375389081917001e-01, 9.765027015182523e-02, 1.076844014556445e-01, -4.639011757885167e-03, -5.876195266214961e-02, 1.875810893172043e-02, -2.189049641532409e-02, -9.441027661670535e-03, -2.517831536649982e-02, -6.824545620649364e-01, 4.372617209980667e-01, -1.484246907276897e-01, -5.917893993597777e-02, -1.271051247331552e-01, -8.220850704120758e-02, -7.092215122168823e-02, 6.628493526332324e-02, -1.528053512161191e-02, 5.471148897888435e-02, 3.797857142739465e-02, 6.359024313679004e-02, -9.097672400730324e-02, -1.147697248598003e-01, -3.066689489670220e-02, -1.558038980819082e-02, 4.536293539488147e-02, -4.068247678768669e-02, -3.301174479981688e-02, 6.363132459929840e-03, 1.837658661155820e-02, 4.243235269254413e-02, -2.820420184009771e-01, 1.096442661902085e-02, -2.558465890974806e-01, 1.316052715718240e-02, -3.596342595205495e-03, 1.199261786958886e-01, 1.157134581098618e-03, 1.049664664765707e-01, -9.802473949401719e-03, -2.383226821654236e-02, -2.927218542033051e-02, 1.041884010382067e-02, -2.491782312485073e-02, -1.375091162768055e+02, 1.131589558523747e+03, -6.845281837344736e+02, -4.644812782531017e+02, -4.217907637443178e+02, 3.001330386744882e+02, 2.482458291105050e+04, 7.262721681264617e+03, 2.626389412894359e+03, 1.063763729828783e+03, -6.731706771478217e+03, 4.684809755027021e+01, -2.630492805945757e+03, 1.461305368034411e+03, 7.530404062601648e+03, 1.804646717258499e+03, 7.081166191820366e+03, 1.829037248778444e+03, 8.625262142314372e+02, 5.340745189959524e+03, 1.342642601486692e+01, 3.872685539720284e+00, -8.983224271370382e+00, 2.845878740359924e+01, 8.008696347792954e+00, 3.404780012982755e+00, -1.883838903292647e+02, 2.556228205344951e+02, 1.340505505551055e+02, -9.764951168204099e+00, -1.238480190888579e+02, 8.190880413315250e+01, 1.354661642942195e+02, -2.749069005362059e+02, 3.855836041165212e+01, 1.002710666912581e+01, -1.700603808548287e+02, 1.331592783045324e+02, 2.925801654872548e+01, -4.995732766202160e+00, -1.425692048006335e+00, -1.104832424139134e+00, 9.693616219373348e-01, 8.675698102800834e-01, -4.712006966121232e-01, 6.493025182159552e-01, 1.125682944172299e+00, -8.857992524356318e-01, 7.997047249771577e-01, 8.327178546280185e-01, -8.547771820048700e-01, -2.270167262925293e+00, -1.419253782952917e+00, 2.030080641117521e+00, 3.788335119745611e-01, 8.293198399566496e-01, 1.956469905961476e+00, -1.157855824137168e+00, -5.066078223580893e-01, 1.034005476697587e-01, -3.065556386795171e-01, 3.567533038048087e-01, 2.544750689728486e-01, -5.533054142743485e-02, 2.664291340507570e-01, -1.168843170903755e-01, -6.917260631555344e-02, -1.762177875573050e-01, 2.852741265471125e-02, -1.362973581242877e-01, 3.868497080878349e-02, -3.165982632855856e-01, -5.096861979632840e-01, -2.112170400382976e-01, 9.019957880806778e-02, 6.768474124112708e-02, -1.832481890649207e-02, 1.523412993059737e-02, 6.142840012093627e-02, -8.445048103854160e-03, -3.568760417068813e-01, 1.753598874470578e-01, -2.105012400172098e-02, -1.386574942351243e-01, -1.590977456532543e-01, 2.659676302042746e-02, -3.288794025804422e-02, -3.719046329136172e-03, -5.402809347238793e-02, 5.149807924658558e-02, -1.224405376375728e-02, -2.174385476797082e-01, -3.293816986155219e-01, 5.610643978176864e-02, 1.880586463179633e-02, 7.483071114326449e-02, 1.805080255238949e-01, -4.684866800909374e-02, -6.539688210680315e-02, 5.199908575454365e-04, -1.692161562036874e-01, 4.401954445594210e-02, 3.254017007761664e-01, -3.989150696544363e-02, 1.382866099358448e-01, -5.967421786599517e-03, -4.294628510967229e-03, -1.677186637362121e-01, -1.022229883455635e-03, -4.261150133883572e-02, -2.158592848125708e-03, -8.477675796807452e-03, 1.593110912176303e-01, -9.121559897520623e-02, -1.642066556705662e-01, 3.249901538373757e-02, 4.031850441442163e-02, -1.143858884333364e-02, 2.510834306141257e-02, -4.061082413131736e-02, -1.342758892317544e-01, -1.369870823562285e-02, -4.342405679470518e-02, 9.275688241184649e-02, -3.085280589970921e-01, -1.770556962317341e-02, 9.945624294210038e-03, 3.310891507552324e-02, 2.953283583958344e-02, 1.314253969101708e-01, 1.166103776801375e-02, -1.168370502659906e-01, -6.637499550448686e-01, -1.324892428038825e-01, 1.233585221448983e-01, 1.913620835818022e-01, -9.955840331513336e+01, -1.913572695149356e+03, 1.968556872079449e+02, 6.426793908565581e+02, 2.031673416552894e+03, 3.508253136494222e+02, 4.971744249706627e+03, 5.207560251635925e+03, 7.100470985366695e+03, -3.245278403053258e+03, -1.257130687117471e+03, 2.203493465767492e+03, -8.951854525685642e+02, 8.636258140605011e+02, 6.928951191640022e+03, 3.362455046440574e+03, 3.167595634887148e+03, -2.058857853727070e+02, 1.023086732035141e+02, 1.904247372235947e+03, 8.534733413831281e+00, 3.619280341051177e+01, 4.020421389412073e-01, 3.364553885336169e+00, -3.558009554533101e+00, -1.539395125181439e+00, -3.852126575229383e+01, 1.068161055181159e+02, -5.360670384488304e+01, -1.413306791257696e+02, -2.532660077582415e+01, -2.795565508404562e+01, -6.151268466731660e+01, -8.436932546758067e+00, -2.104788412213709e+01, 3.969715305765376e+01, 4.620917523020577e+01, 1.052862785083527e+01, -8.398599277993597e+01, -4.124885636038483e+01, -1.804853146250049e+00, 5.954342080464757e-01, 7.502383787635890e-01, 7.519430929937109e-01, 6.793630657155467e-02, 3.594508613260292e-01, -5.366524111394285e-01, -2.268319004632632e+00, 2.336121649538240e+00, 2.134875123323755e-01, -1.098072150074038e-01, -6.871062092784755e-01, 1.212651244636038e+00, 8.132765419255280e-01, 2.145163188011774e-01, -7.274110308789302e-01, 1.658653916036162e-01, 5.384323034280946e-01, 3.243147194198081e-01, 2.135170481205282e-01, 4.619095651454393e-02, 1.006021574053890e-01, -9.780356221070495e-02, -2.961950480594153e-02, -1.430161940654885e-02, -1.093589779393713e-01, -3.023085487145092e-02, 1.029749808176823e-01, -2.167034410934520e-02, 7.426309324414156e-03, 5.804449185409132e-02, 5.976928915509135e-02, -1.797531597564542e-01, -5.568801613859197e-02, 4.593447397844699e-02, 1.396371634822423e-01, -1.764092818361471e-02, 5.277034225206674e-03, -1.961932657039482e-02, -5.209015312630958e-03, -1.540566306051043e-01, -4.880656973758535e-02, -4.050411059903525e-01, -4.150871184715237e-01, -8.906155410826999e-02, 1.921485172091928e-02, 7.343907874508762e-03, 1.791408794163408e-01, -1.758582930899963e-01, 2.960427325715597e-02, -3.590069790914631e-03, 1.404655108608676e-01, 4.624661163509074e-02, 1.855277460400062e-01, 3.266926028240865e-03, -4.970745956629063e-02, 3.991283508739461e-02, -2.991888605445128e-02, 2.329002218655385e-02, -4.555136571468268e-05, 6.599790541912296e-01, -4.265294460623967e-01, -1.639258464088691e-01, -3.106498389084031e-01, -2.814078917809832e-02, -6.749522314032738e-02, 7.137247270639169e-02, 5.367603695643295e-02, -1.357416334189789e-01, 1.997162421742025e-02, 2.668522510389500e-02, -2.495924572671840e-01, -1.597847881597451e-02, -1.185444133374555e-01, 2.035884365867979e-02, 1.761763878173756e-02, -3.051381220681406e-02, 3.883998147186221e-02, -1.783915884234451e-02, -5.844157653875263e-02, 2.303799862419963e-01, -1.939350059198463e-01, -4.812773107286272e-01, -2.489160440332678e-01, -2.286314116407374e-01, 4.162983484566010e-02, 3.118548083838390e-02, 1.939965590391340e-01, -1.041516151970811e-01, 9.819143320919539e-02, -7.118446448668023e-03, 1.118310293977558e-01, -2.412213760559545e-01, 2.825502520520302e-02, -9.557969897492816e-02, 4.946477333875869e-02, 2.469492361459668e-02, 1.542804140631238e+00, 2.564408205353910e+01, -1.439442346661114e+03, 8.193717353441416e+02, 3.223337500455260e+02, -1.227023918545297e+03, 9.202640580965315e+03, 5.906262859850398e+03, 2.621082443782380e+03, -2.593936177048520e+03, -1.492059584415266e+03, 2.493297814800670e+02, -1.477317547247535e+03, -6.748510339686030e+02, 6.071750707181908e+02, 1.244948964694515e+03, 4.155707579306081e+03, -2.696770781413919e+03, 3.401944163086915e+03, -5.706354613724883e+02, -1.556731946330454e+00, 1.577252498577137e+01, -5.830530208044066e+00, 3.433329397823764e+00, 3.097975278387648e+00, -3.446092080588910e+00, -1.102635328163259e+01, -1.110455086637644e+02, -7.692822206328417e+01, -1.273966499403656e+02, -1.888431525660468e+01, -3.881676108995826e+01, -2.187685973739455e+02, 3.412160622558814e+02, -5.011830116515288e+00, 8.524537418759385e+01, -5.077796747522171e+01, -1.027767502228313e+02, 3.404635950526156e+01, -7.419226713948144e+01, 3.224984236470051e-01, -3.186408544633729e-01, -5.282074135283764e-01, -2.279805808366059e-01, 1.619651634130140e-01, -4.243796416712709e-01, 6.000638150350689e-02, 7.448721439756997e-01, 3.759538108110750e-01, 2.213620778027988e-01, 7.372062391595705e-01, 2.271488710295142e+00, 2.123957336313177e+00, -2.536576020434408e+00, -1.537228589689561e-01, -1.489649498640954e-01, 7.610902338176946e-01, 4.600264351183043e-02, 2.862507105986603e-01, 3.311263679024810e-01, 4.757009732184873e-01, -3.415750407180791e-01, -4.367923434376854e-01, -5.384479789703026e-02, -1.297296227096518e-01, 4.318749558698426e-02, 8.220317552841393e-02, 3.229635492144986e-01, -3.734081907942143e-02, 7.876579180158048e-02, -2.606640244101357e-02, 8.787773033289929e-03, 1.409493942480935e-01, 2.088373939894721e-01, 1.748501554173965e-02, 8.685735020173271e-03, -4.704443082904819e-02, -2.404850403422094e-02, -2.248148730463398e-04, -2.605235249543876e-02, 5.062623871092741e-01, -2.501785516153623e-01, -9.938165742144524e-02, -2.761037379996253e-01, -4.253383109268262e-03, 7.740748967483302e-02, 4.194666777612823e-02, 7.030994285095002e-02, -1.217492621031980e-01, 3.422928468042430e-03, -4.107291123419105e-02, -1.620704235787885e-01, 3.270115231937328e-02, -1.523653663339103e-01, 1.452956056718389e-02, 8.460235901277960e-04, -1.434200030723504e-01, 5.871125079762661e-02, 1.448049899413254e-02, 2.619677929480841e-02, 1.623305218478740e-01, -6.554710899465672e-02, -9.288834933826985e-02, -1.924106201487590e-02, 7.671340847691448e-02, 2.559385811069751e-02, 1.091370587542193e-02, 5.120532674742773e-02, -1.915523139632280e-02, -3.495250974761250e-02, -7.536395111959612e-03, 1.766082414282391e-01, -1.989037819823311e-03, 8.683610105255997e-02, -5.977928852118014e-02, -2.436110354286973e-02, -2.789274676153188e-02, 3.660331888218414e-02, -2.492125653422015e-02, 6.032716620236596e-03, 5.618915053787170e-01, -2.297726259835592e-01, -1.038068802300518e-01, -5.658025318908541e-02, 1.876928079233471e-01, -5.794557696368626e-02, 3.596635494873719e-02, 4.730890379007383e-03, -1.965615798585732e-02, -8.001749724928095e-02, 2.470670172966770e-02, -1.168905516984432e-01, 1.794363045023870e-01, -1.582682693955605e-01, -3.699817171593801e-02, -8.520347401010668e-02, 8.222117584282701e-02, -1.070875848307797e-02, -6.429696955441200e+01, 3.147099273904083e+02, -4.820540877980009e+02, 3.324255219148872e+02, 1.225635064199220e+03, 1.642303340146751e+02, 8.453971192192883e+03, -1.890048369348539e+03, 2.522214024564874e+02, 1.102307007362899e+03, -1.168929110552914e+02, -3.908174939721847e+03, -2.240601994572841e+03, -1.669722241734281e+03, 1.867310631661638e+03, 1.329561436793631e+03, 6.526958975113540e+02, -1.694540994825945e+03, 1.240651583376621e+02, -1.422379853360348e+03, 4.501067874015813e+00, 3.101298082519244e+01, -4.655930688625788e+00, 1.384660142688459e+01, -3.975760192526022e+00, -2.763550394490898e+00, -1.475510917397926e+02, 7.577811144084227e+01, 4.912616371304357e+01, 7.909017452644150e+01, 5.300432356011527e+01, 4.849095958234518e+01, 2.878580079168641e+01, -8.118212392391925e+01, 1.812698836746792e+01, 9.199418484359718e+01, 1.309478661606786e+01, 9.309733718132954e+01, 5.121421635465435e+01, -1.018432586731340e-02, 2.880685587991256e-01, -1.560808543691935e+00, -6.313429163035048e-02, -4.137235508186961e-02, 1.308232253883952e-01, 3.270878792430314e-01, 1.110789393410557e+00, -1.964764463685319e-01, 1.180785069185861e+00, -3.187371425845714e-01, -6.601200193591869e-02, -3.574195774182314e-02, -1.318589288720810e+00, 1.167830810733897e+00, 2.739227257166090e-01, -1.261918452700080e+00, 7.868512565286955e-01, 1.169122006183523e-01, -1.807854803968256e-01, 5.555859088545161e-02, -4.491605905801778e-01, 2.275626344842674e-01, 1.884071109475495e-01, 5.374060827742590e-02, 4.054590934368363e-02, -3.704132566446808e-02, -4.699627942759468e-02, -1.162920533988066e-01, 1.099301149098385e-02, -2.069707349132413e-02, -3.937848281609130e-03, -9.503809661103316e-02, -9.130088383207553e-02, -1.979084298308360e-01, -1.188234725200613e-03, 1.190647781221026e-01, 4.480017805897572e-03, -3.464419626387111e-02, 2.701806595096015e-02, -1.010073986091501e-02, 1.065579943302936e-01, -8.533879632804135e-03, 1.530798479245800e-01, 1.811781603041521e-01, 5.463402857148395e-02, 2.886127426368778e-02, -1.290972395624948e-03, -9.787336777342928e-02, 1.111516955882007e-01, -3.750572071577882e-02, -1.134691261668363e-02, 1.555330356162582e-01, -1.199866832078292e-01, 1.732172109269919e-02, -1.089361773416576e-03, 5.141053009175092e-02, 1.373617034260770e-03, -2.470028126932612e-02, -1.402820474813727e-02, 1.034475518208308e-02, 5.473538893770540e-02, -7.870310013412964e-02, -3.948515951345716e-01, -2.539394953664313e-01, 1.279315086627901e-01, 7.142540917413108e-02, 1.376256467696140e-02, 1.782397746803588e-01, -1.103568700572800e-01, -5.436203046338946e-02, -3.053704970278797e-02, 1.236118988266711e-01, 1.037307364859904e-01, 6.406951936153320e-02, -7.305768931488282e-02, -1.019161668647472e-01, 3.848024394581485e-02, -4.817083438561528e-02, 5.827764470547935e-02, -1.311225603623422e-03, -3.779287401982084e-02, 2.025269376839947e-02, -2.202714539612059e-01, -6.225882344653515e-03, -1.206300199516777e-01, -6.898017020724026e-03, -5.394717104690983e-03, 1.031826144693088e-01, -1.754603538084928e-02, 4.183462116501616e-02, -7.326648611048810e-03, -1.146689375609779e-01, -3.689326732125873e-01, -2.441486552530298e-01, 9.651343017123233e-03, 1.713425320686435e-01, -6.757450691652100e-03, -1.117598920331330e-01, -1.119394881316944e-02, 3.089384159074126e+01, 3.540862962793885e+02, -5.510303956775069e+02, 6.753715809197323e+02, 1.754550919803254e+02, 1.040470056969682e+03, -2.825454468954219e+03, 3.445891899728216e+03, -6.194770028411257e+02, -1.620643528238469e+03, -8.755158742033104e+02, 3.045324109573120e+03, 1.840129854077716e+02, 8.363477077690693e+02, 6.869794873716164e+02, -1.473663194346910e+02, 1.983431412711822e+03, 1.493196135565918e+03, 8.351044817675163e+02, 1.153999696897462e+03, 8.830345297095885e-01, -1.622029892938356e+01, -1.108658477731094e+01, -2.866704653542590e+00, -8.302462190960256e+00, -4.820520503138498e+00, -6.952576089878260e+00, 8.107942852676811e+01, 2.430166846976977e+01, 1.264988753556918e+01, -1.340842695915111e+01, -1.117800682909709e+01, 3.203680796588444e+01, 2.203072818665459e+01, -1.656622987156959e+01, 4.260306650764044e+01, -1.631458565026275e+01, 5.363853064536974e+01, 3.122795352725244e+00, -1.863861346232914e+01, -1.776703293965496e-01, -1.880620195018917e-01, -3.844844338637857e-01, 2.185074591183001e-01, -1.401699493087967e-01, 2.089101856010297e-01, 2.418645945740302e-01, 6.451754490248743e-01, 1.520621008271472e-02, 3.781491254957279e-01, -1.539593151962079e-01, 1.301215817725445e-01, 1.680842203891326e-01, 2.226847413507596e-01, 3.875836652385197e-01, 8.308851309309319e-02, 3.861131423659391e-02, -5.360583878208622e-01, -9.172073714082409e-02, 1.118215997389991e-01, 9.659694999619366e-02, -1.592597536971021e-03, -8.691141963728892e-02, -2.576580545831681e-02, 7.911396055862789e-03, -1.577649184696642e-02, 5.350355631270577e-04, 8.253429159223091e-02, -2.422041892247464e-03, -1.732348079207243e-04, -1.083980265814161e-03, -1.156337716893350e-02, 7.733478895291421e-02, 3.283763260411842e-02, 6.780108864744832e-03, 2.326339685307363e-02, 6.472285161895983e-03, 1.612580317163569e-02, 1.509047104705975e-03, -7.115280493067872e-03, -5.635393433734850e-02, 2.564437231483830e-02, -1.132673017583941e-01, 9.002730070764693e-03, -4.285709545715313e-02, -1.166288119864248e-02, -3.554368675749309e-03, 5.778003058806815e-02, -8.089723396263557e-03, 2.271325689768088e-02, 8.780693592626511e-03, -5.216205336713908e-02, -5.551092079400692e-03, 1.733774021192881e-02, 2.300754234611746e-03, -4.507515166639454e-03, 3.895224003655412e-02, -1.685460916480529e-02, 1.712577490954314e-03, 8.024401861167119e-04, 1.453835286898763e-01, -4.598961074567742e-02, 1.798081956332180e-01, -2.446626361682468e-02, 7.583774562348379e-02, -1.093349910577725e-02, 7.563997959465372e-03, -7.343881914870552e-02, -6.872560084847067e-03, -3.053843500795264e-02, 3.372683159199117e-03, -1.187061336381656e-02, 6.494057273555567e-02, -4.988072664058064e-02, -1.084768765975355e-02, 6.020705813159573e-02, -3.179935394529679e-02, -7.666284636912052e-03, -2.414278099188018e-02, 7.807415773184750e-04, -2.665809471807804e-02, 1.779769170464717e-02, -2.869687231174397e-02, -1.722205914596362e-02, 1.344420989512649e-02, -6.144101368856448e-02, -2.275208668788994e-03, 5.555744834119947e-03, -1.206302883269029e-02, -7.315367157707537e-03, 2.454721515937210e-02, 2.981943323752128e-02, 4.274322309297068e-02, 5.868165783909621e-02, -3.992182930961845e-02, -3.379668021915618e-02, 2.066670161368768e-02, 3.840423814117590e-02, -1.419538532233249e-02, 1.506521698209583e-04, 1.899873980003198e+00, -1.131257169117877e+01, -8.897579285213748e+00, -7.765730489859665e+00, -4.993166291992306e+00, 3.925654731788297e+00, 7.313282433282244e+01, 1.993331168528404e+01, -1.261274364542648e+00, 2.152757242864936e+01, -9.280032967425152e+00, -2.945281279651876e+01, -1.427610797237634e+01, -9.974839249843399e+00, 2.107366167205145e+01, 1.123716539845681e+01, 7.683831061107074e+00, -1.327413918850889e+01, 2.604080917873882e+00, -8.519819622630308e+00, 3.581359950939513e-01, -1.626304486745231e-01, -1.109534819244985e+00, 1.327636326118796e+00, 9.651228786151683e-01, -5.230133407276492e-01, -9.229516882005541e-02, -9.573441178200618e-01, 2.347849594418137e+00, -1.969507519980037e+00, 1.893493193888435e+00, -5.726523389849634e+00, 1.830289557904876e+00, 4.408277638337190e+00, 5.295362690164544e+00, 2.322395047330176e+00, -3.867498018744050e-01, -5.240657727294050e+00, 4.743028995404944e-01, 2.649186526368274e-01, -1.350012219724705e-02, 6.983456858840710e-02, 2.270036387382711e-01, -2.901657940677870e-02, 1.543196210849841e-01, 6.803205473926809e-03, -6.476835843256719e-02, -8.898311386929623e-03, 1.900522103270141e-01, -2.215972815761361e-01, 1.257536399410652e-01, -1.369069487229145e+00, -5.984930852452031e-01, 3.956962418425664e-02, 5.019274824893787e-01, -6.601923419747368e-01, -1.300683025833682e-01, -5.150305196389395e-01, 3.525399467153022e-02, -5.059498739091608e-02, -4.427852753798039e-02, 4.271112549490495e-03, -1.804385186120893e-01, -2.135946298449924e-01, -1.737772067513054e-01, 3.472569321233280e-03, 1.544403983390317e-03, 5.844489615026034e-01, -1.231383515617811e-01, 1.035585849670724e-01, -3.688966917875980e-02, 6.937342603750083e-01, -4.592582024645394e-01, -1.362138397399914e-01, 6.955388578564686e-02, -1.242340754760931e-01, 6.572975697547759e-02, -4.254958578527467e-02, -1.357744675995809e-02, -6.113204481408950e-03, -1.605663549380566e-02, 2.294960974408978e-03, -2.483398979426793e-01, -1.656284554904832e-01, -2.092840450167361e-01, 6.870159056496088e-02, 2.616439484267323e-04, 2.561180406250603e-01, -1.117520868446043e-01, 1.501177133087490e-01, -4.762735246905661e-02, -3.751549824271962e-01, -9.748766189946507e-01, -3.941184019991820e-01, 2.522046090253107e-01, 7.929766569169112e-02, 4.154370135364989e-01, -2.195503719214277e-01, 1.208014629298816e-01, -1.693631574659474e-02, 1.943696155960176e-02, 3.454752716561911e-03, 2.306212858761858e-01, 3.467310131202089e-01, 1.482087095488984e-01, -8.304102976089039e-02, 1.569536084933263e-03, -1.820722468715120e-02, 1.510655623892884e-01, -2.158080475633201e-02, 4.619300340689098e-04, 3.181606483478287e-01, -5.310230889207546e-02, 7.769341114029908e-02, 1.405659262494049e-01, 2.778063792694631e-01, 2.168586269329405e-01, -3.176726575702219e-01, 1.518137256727536e-01, -8.774240070134626e-02, 1.768860188483241e-02, -3.023011456920770e-03, 7.126654205773644e-02, 2.044295338519324e-01, 3.779248868245933e-01, -1.616797116333862e-01, -1.023925778256073e-03, -1.351816224842126e-01, 1.014045035131385e-01, -2.339847351850284e-01, 9.706519711711638e-03, -8.323975668409295e-01, -8.104139351934111e-01, 4.426045019941185e-01, 1.998131008844737e-01, 3.138357625752682e-01, 4.725977250375264e-01, 4.653422599452257e-01, -1.648264974434334e-01, 5.711724478889201e-02, 5.976265147407287e-03, 6.497113151237076e-01, -4.967249648872693e+00, 2.262758058127678e-01, -3.233327253118959e+00, -3.573477238680115e+00, 2.063591374699842e+00, 7.721399561239541e+00, 1.468242494535715e+01, -1.173780370273168e+00, 1.663167774329196e+01, -4.722969441834993e+00, -8.727806259960408e+00, 3.830667692836872e-01, -4.433464345110135e-01, 5.218321245725035e+00, 5.794087877804187e-01, -4.013607681844270e+00, -4.388904238451375e+00, -7.171978816993728e+00, -3.058855633558832e-01, 3.096812800164692e-02, 5.150447768274374e-01, 1.662033676371070e-01, 2.042068187538340e-01, 1.202200141081857e-01, -2.422144767590693e-01, 2.486487543719705e-01, 2.913472569312878e+00, -7.966127664812658e-01, -5.132112677698809e-01, 7.559290743859256e-03, -1.993861939332386e+00, 4.435412170486051e-01, 8.686468824096861e-01, 1.424976265705132e+00, 8.672062378427633e-01, 1.586198291908603e-01, -1.668923234098051e+00, 4.434522772401017e-01, -3.629575605565094e-01, 1.572860866675075e-02, -8.311021587173395e-03, -2.016855392188998e-01, -6.820966231098763e-02, -2.549473023907606e-02, 1.565620802403076e-02, -1.613976808491412e-02, -1.167369326064537e-01, -1.046148644856507e-01, -2.908018016572962e-02, 4.998547389125264e-03, 6.442016227966546e-01, 8.304808178214987e-02, 7.996887170932625e-02, -8.933955186421742e-02, 1.844374374535961e-01, -5.846412720874543e-03, 4.917900226987824e-01, -8.235021566571239e-02, 6.730821055881155e-02, 3.415346765056027e-03, 2.106760326203671e-03, 5.495046497003972e-03, 9.434552695176189e-02, 2.705886676306934e-02, -4.657989718051062e-03, -1.341378167967184e-03, -1.841316722449536e-01, 8.237993026294002e-02, -1.197188686604562e-02, 1.691064896395246e-02, -1.326446385538095e-01, 3.627453350244965e-01, 7.145350017085352e-02, -3.725266214627066e-02, 2.473633817458042e-02, -2.415229540405122e-02, 2.242521767487177e-02, 1.381861529398216e-02, 8.737916680639651e-03, -6.949437608654051e-04, 2.638773482440493e-04, 4.699539691952711e-02, 1.029370855921380e-01, 1.068589776941763e-01, -1.103606446023422e-02, -9.563847121298861e-05, -8.443758660563026e-02, 4.979506009860338e-02, -8.299301163718847e-02, 8.935653461544025e-03, 3.751380084691514e-02, 6.351235545647730e-01, 1.850019830210040e-01, -1.599697699851566e-01, -8.194031573241513e-02, -3.009330741445804e-01, 1.209779375505227e-01, -9.125783644205684e-02, 2.336515336557465e-04, -1.579649188050341e-03, -6.470705185257738e-04, -2.841392005628456e-02, -2.564800380661020e-02, 1.766447158855997e-02, 4.604638935420675e-02, 6.954656740851931e-05, -3.018942439236413e-02, -9.084832304216984e-03, -2.416931314936389e-02, -1.138439302023776e-03, -2.207019928898715e-01, 1.662304461317467e-02, -8.108243309393984e-03, -5.578197040164837e-02, -1.215859666861446e-01, -1.402301469033779e-01, 1.639374880312095e-01, -1.142351689064758e-01, 4.100800507723140e-02, -2.995900826442665e-03, -5.235366064729879e-04, 1.144607642082136e-01, -5.248629055010200e-02, -1.895240119320824e-01, 1.176305852728158e-01, 6.000832429809713e-05, 5.920880339497391e-03, -4.086737574701151e-02, 1.148973330657756e-01, -1.859068056760617e-02, 5.073221253395033e-01, 4.527742532793866e-01, -1.727016093740529e-01, -3.724665994325060e-02, -1.732327159792702e-01, -3.360435640967593e-01, -2.183359822401666e-01, 6.252320892208961e-02, -3.533408789557037e-03, -2.604078779150995e-03, 1.057246737019493e-04, 9.165835867516000e+00, 8.532937659495254e+02, -2.210222676004024e+02, 1.230464716532310e+02, 2.559428103811800e+02, 1.369594258429704e+02, -5.858342893294379e+02, 5.670263148057386e+02, -1.045975778027920e+03, 8.039583207500539e+01, -1.707294268326876e+02, -2.651826823327316e+02, -2.997841463594813e+02, -2.970682695848910e+02, 1.200880631013620e+02, 5.945924983338726e+00, 1.326000611913544e+02, 5.792101140249740e+01, 5.298269994983879e+02, -1.453801835590843e+02, 3.668829914746992e+00, -5.935455989836662e+01, -4.764506879786639e+00, 1.347316721765810e+01, 3.229137425086916e+01, 4.975726603868497e+00, 5.844082196146393e+01, -1.016769725906147e+02, -8.943802981567048e+01, 2.614885119111345e+01, -2.370100855721019e+01, 1.409307574459928e+02, -7.824826810162413e+01, -9.307530967513844e+01, -3.901884859501808e+01, 1.728312363317948e+01, 1.335234677852743e+02, -4.760072339320423e+00, 3.823592090052253e+01, -3.104567013496477e+01, 7.033369165786593e-01, 9.956283310065467e-01, 1.559254835767106e+00, -1.714328668326579e+00, -3.064438553365127e+00, 1.717847254621122e+00, -8.631326071071689e-01, -8.617877043532288e-01, 1.308578878701999e-01, 1.870952382447811e+00, -2.277089933471716e+00, -1.135707676663952e+00, -1.041685224414401e+00, 1.675544611399808e+00, -1.207282694008517e-01, -3.947422385298560e-01, -6.762763515383853e-01, -5.952468793795488e-02, -5.032708173292504e-01, 4.700953600100616e-01, -5.226775613746895e-01, 4.077351249310071e-01, 1.238724890474780e+00, -6.798528803078724e-02, -1.995340677811187e-02, -1.266907247566689e-01, -1.300883277462410e-01, -1.368600269252456e+00, 1.517778034185721e-02, 7.657981117422392e-02, 1.374816209101463e-01, 6.367899469053906e-01, 1.427227734242725e+00, -1.388807752559089e-02, -1.780184857443265e-01, -2.971764629207996e-01, -5.446528289609481e-01, 2.035730513368535e-01, -9.104302336191644e-02, 4.413926862987456e-02, 1.119673278229613e+00, -9.776226797333516e-01, 9.592894759224947e-01, 5.611663008175050e-01, 3.012821903839069e-01, 1.581580742419779e-01, 2.169115608087753e-01, -5.683115614822544e-01, 2.300309513691481e-01, -1.106614995832418e-01, -1.151016677411356e-01, -2.079337707333218e-01, -4.799596351440358e-01, -6.498448127313999e-02, 3.474010696923266e-03, -5.847648778719218e-02, 2.382113558867663e-01, 7.774998975887340e-02, 1.186356462168376e-02, -8.055618799192244e-03, 1.459428877960596e-01, 4.389966033888690e-02, -4.545435131053641e-01, -4.470304222453394e-02, -4.644230540237030e-01, -2.460745702058423e-01, -1.478776929579871e-02, 2.407869946609625e-01, -2.737095354257299e-02, 2.728550047170837e-01, 1.469499254886135e-01, -2.664000390259713e-01, 3.156317913359810e-02, -2.176914349673675e-02, -1.653991204759417e-01, 2.655354816555489e-01, 3.689409368209026e-02, 1.280487407776445e-01, 2.461766440487673e-01, 6.484640721550090e-02, 3.633062466806732e-01, -1.218821655147890e-01, 1.400781358162210e+00, -8.958696292034349e-02, -3.891540117907804e-01, 6.578897508952024e-01, 4.125308015208865e-03, -5.149336769187973e-01, -5.206857673253210e-02, 1.476164388429255e-01, -3.702935849242282e-01, -4.224965183343461e-01, 1.445969696744886e+00, 6.752937528874111e-01, 2.788557313056200e-01, 4.494736578944594e-02, -3.858575244442851e-01, -4.387959103271776e-01, -8.736678881507093e-02, 1.043200376101189e-01, 7.448468473328902e-01, -6.694874652217221e-02, -1.686764406774019e-01, -1.078328133659210e+01, 3.184748747108582e+02, 3.528227652597728e+01, 7.335803600765227e+01, 1.538724671272098e+02, -1.620944559255872e+02, 1.217351837483064e+03, -4.273611815256971e+02, 6.766177028882895e+02, -2.425126740679318e+02, -2.384144958782047e+02, -1.353654857005596e+03, -9.166983475927069e+02, -3.966645394177459e+02, 1.085391271778955e+03, 5.744917017139670e+02, 7.164153075408700e+02, -3.480055994883210e+02, 4.306376900583598e+02, 1.060310697982333e+02, -1.506504150682934e+00, -1.073053300334457e+01, -1.180020501316946e+01, 2.278134010150719e+01, 8.486864509396817e+00, 4.444731839823674e-01, 2.213022045457906e+01, -1.054384023270541e+02, 1.340490097145420e+01, -2.174594882187303e+01, 1.217282981220285e+01, 8.209225124488656e+00, 7.188935286958439e+01, 1.015549335830478e+02, 1.585943495598677e+02, 2.123385175583800e+01, 2.722484075399930e+01, -3.506053793933263e+00, 7.204822703384423e+00, -9.214186061470780e+00, -3.059065198684363e-01, 1.761239644296379e+00, 3.566915067881845e+00, -6.535859030514682e-01, -8.140473455409499e-01, 9.550328340491693e-01, -6.499243168290091e-01, -4.177045960761747e+00, 8.195065502912502e-01, 1.680088667659294e+00, -3.641419608833149e-01, 5.748761273518197e-01, -2.603163005659787e+00, -1.642269224838252e+00, -2.060277280414071e+00, -7.242513204686577e-01, 2.989730005124763e-01, 7.578693586735951e-01, -7.050193446790635e-01, 7.778969779594361e-01, 2.131179170870449e-02, -3.471169959869507e-01, -4.083681049445911e-01, -8.268456934662125e-02, 6.047581862959276e-01, -2.002900861456296e-01, 1.141087103587356e-01, -1.902487184343118e-02, -6.134191464236189e-02, -3.539360380365408e-01, 1.035348112938130e-01, 1.261739146399004e+00, 1.310429514668939e+00, 8.463036335823140e-02, -9.894940670638755e-02, -3.747778393960507e-02, -2.674633355005060e-01, 1.794721383322530e-01, 2.103831515968332e-01, 6.606788619177230e-02, 9.375692949524563e-02, 1.860347300648121e-01, -1.160420671361469e-01, -4.927352262039579e-01, 1.325541370839332e-01, -3.005279355024365e-01, -5.563697069595476e-02, -1.194842763337263e-02, -1.673910739865271e-01, -8.424867557522094e-02, 1.102132836127326e-01, 2.985849389105489e-01, 1.261058816201119e+00, 3.345751822490997e-01, -1.670948938094535e-01, -1.772331696465934e-01, -3.601799954038508e-01, -7.394576589464813e-02, 8.997255453780823e-03, -1.874919233406922e-02, 1.471093494779237e-02, -4.355492412295591e-02, -9.786857819161843e-01, 1.796339094385116e-01, -4.844750265476390e-01, 4.651339164987788e-02, -3.391979272588349e-03, 4.441482224912227e-01, 5.133167696613179e-02, 2.198830506648053e-01, -7.314498429124672e-03, -3.594118124899442e-02, -5.176563282035467e-02, -3.489080265906137e-02, -1.405624821360496e-01, -1.386358919853474e-01, -1.867753966075197e-01, 1.145587101373169e-02, -2.620084378294044e-01, 5.401828022955364e-02, -1.438307599771009e-01, 8.438535502683900e-02, -2.958725428190509e-01, -2.924446411864229e-01, -2.448698566305320e-01, -1.809517761260963e-02, -1.823639454795493e-02, 3.287887422216310e-01, -1.122977770411477e-01, 1.574529076883882e-01, 9.568566695662287e-03, 3.536112297875652e-01, 4.685117450222238e-01, 2.198192224894341e-01, -5.378707736702294e-01, -2.256930508733099e-01, 2.361092854445981e-01, 2.899085859052146e-01, 2.000904847848587e-01, 5.008895157896150e-02, 3.112269740794996e-01, -3.207965424504934e-03, 4.165806151302595e-01, 5.753551309608284e-01, -1.430669997227943e+01, 2.870297677663901e+01, 2.616227717812347e+01, -8.960165184669042e+01, 1.856313482758859e+01, -4.048158488874050e+01, 4.285805644541090e+02, -6.523277336491313e+02, 5.484153344526652e+02, 7.803283195089593e-01, 1.979907103502622e+02, -1.147543575814665e+03, -6.726204993915694e+02, -4.720751182932693e+02, 6.973502240085240e+02, 5.930068914744310e+02, 5.523388928076986e+02, -5.524945675715973e+02, 3.927683653859085e+02, -4.482660974013885e+02, -1.520782186386974e+00, 1.252885572287104e+00, 7.505007949167741e+00, 1.519616861384619e+01, -1.696084066368957e+01, 2.589046856167570e+00, -5.482343863876648e-01, -1.220816994404083e+01, -1.746900673991768e+01, -1.635652337167502e+01, -2.156102300899909e+01, -6.361611653508464e+01, -3.381293874367713e+01, 7.388031121952807e+01, -3.547629886445475e+01, 8.367775584430426e+00, 1.733655624005368e+00, 1.485695622961005e+01, -1.011048562633594e+01, 2.958677582160490e-01, 3.265205276232939e-02, -1.316030626938695e-01, 9.448059910123255e-01, -9.015392420321120e-01, -2.700367399599147e-01, -3.915318242781651e-01, 3.629048073545462e-01, -1.769099654245646e+00, -1.064386932287681e+00, 1.067179190912986e+00, 3.254773428550775e-01, -1.069143601104155e+00, 2.999246739150352e+00, 3.210073283916406e-01, 9.139103517755039e-01, 1.047783018655708e+00, -1.664586497107463e+00, -5.008228053400018e-01, -3.570576406553660e-01, 1.768154977150641e-01, -1.314793421562800e-01, 1.028619050192363e-01, -2.480999900814666e-01, 1.010545640535582e-01, 2.069715670035791e-01, -4.771553133791933e-02, -2.976865674512201e-02, 1.774304468584792e-01, -9.677333051042458e-02, -1.333727992156992e-01, 1.630322374878583e-02, -2.687676692909232e-01, -6.810962833328126e-02, 1.471895821835061e-01, -9.776775127267333e-02, 1.474750782903655e-01, -1.551063353879670e-02, 1.988302691148169e-03, 9.185773198678839e-02, -5.136505499676779e-02, -1.797556218966935e-01, 3.762168282941097e-02, -6.344043917679270e-01, -3.019514263824202e-01, -3.024539607520561e-02, 1.700365372512438e-01, -8.474139157133123e-03, 2.618787944986645e-01, -1.865518268142904e-01, -2.396081165769270e-04, -1.120157852298876e-01, 2.239786465991053e-01, 9.873525147629490e-02, 1.824960196234353e-01, -1.168424383700864e-01, -1.830317615061400e-01, -1.970417495767112e-01, 1.872497877739211e-01, 3.369636789956269e-02, -4.649579478678069e-02, 2.028110303882765e-01, -1.778983641160572e-01, -4.471015768658911e-01, -1.273252984705011e-01, -2.100993192187992e-01, -8.532540157238733e-02, 3.576620088991596e-02, 2.271513465167030e-01, -4.974764174832482e-03, 1.072960911668091e-01, 4.583567468284647e-02, -3.354378502431983e-01, -2.028124046479452e-01, -3.049117278495134e-01, 3.062751312955993e-02, 8.955061072948579e-02, 2.085059743386918e-01, 1.708370643286302e-01, 4.154327718032109e-02, 2.694333709585088e-02, 1.307887899572973e-01, -3.313361788424417e-02, -4.358267003059744e-02, 3.347899666789185e-01, 2.787940586064341e-02, 2.896049526004790e-01, 7.625230211840615e-03, 6.320660459123666e-02, 1.522129785396348e-01, -1.035777947202102e-01, -1.150289176827190e-01, 4.628043478358865e-01, 1.599000046340923e-01, 4.086941732842923e-01, 9.296794994792182e-02, -1.083920803610621e-01, -2.331859682438273e-01, -6.770946646959507e-02, 3.369509542607775e-01, -5.771079830823052e-02, 2.620812261215393e-01, -8.717572559244700e-02, 1.249539395096531e+00, -7.836281279821576e-03, 3.158260853696782e-01, -1.387563193058586e+01, -1.905324113676194e+02, 1.106014438706039e+02, 4.244504139596837e+01, -1.638104468240352e+01, -4.113209286992715e+01, -9.574573195215994e+02, -6.999760528681934e+02, 6.939481949579460e+02, -4.737962645895828e+02, 5.320515682015476e+02, -4.667980167124991e+02, -3.953948162900044e+02, -3.679814175745090e+02, 7.552458236777638e+02, 4.750997493774191e+02, 3.979294289548860e+02, -5.162636883911102e+02, 3.936019338478995e+02, -4.798148138717692e+02, -8.445057888805243e-01, 4.913179829771148e+00, -3.745456817411250e+00, 4.553777990663471e+00, -6.874872388344984e+00, -5.508216612033918e-01, -3.351761179822250e+01, 4.617376440429035e+01, -1.461866673042331e+01, 1.504633239021347e+01, 1.678503474200662e+01, -6.183645298525919e+01, 4.067712176872949e+00, 3.198317839931710e+01, -6.275950025604029e+00, -8.659099422091954e+00, -2.232960050568071e+01, -1.717407693242568e+01, -1.289700273964675e+01, 2.883109790891988e+01, 4.162462300559830e-01, -6.713238126743393e-01, 8.058098207293303e-01, 9.541729769524177e-01, 2.386632639896402e-01, 2.519869416804824e-01, 2.448001897383848e-01, -1.162515628759178e+00, 9.872396984246106e-01, 1.621751438920663e+00, -5.338948781912625e-01, 1.946905570881091e+00, -1.241833838756560e+00, -3.896061745977001e-01, 1.308553528652395e+00, -1.319582716426585e+00, 1.526770584103565e+00, -4.878942741806772e-02, 1.847062767293856e-01, -2.626454516554809e-01, 9.264973957288855e-02, 2.277093478677836e-02, 1.328354465202513e-01, 4.562284944284993e-01, -5.251052215378248e-02, -9.288382751562937e-02, -1.459718030364411e-02, -5.148506331870278e-02, 2.384527665679295e-01, -5.280640137637029e-02, 3.758582558821929e-02, -7.062001097314975e-01, -4.921941018325507e-01, 5.665606841395290e-02, 1.494766959164845e-01, 3.085162258512396e-01, 7.192636933703973e-03, -1.549973218434527e-01, -2.124567723782141e-02, 3.593572625657510e-02, 6.505172079655039e-02, -3.865684669145374e-02, 3.306972794038692e-01, 2.192238314266274e-01, 9.027229585140416e-02, -4.534745795413793e-02, 9.381724563534663e-03, -1.538182426778742e-01, 1.388484270737210e-01, 7.717661109941926e-03, 3.555932167025447e-02, -2.560695996661653e-01, -6.217204556019768e-01, -4.040270831108282e-01, 9.531817717226707e-04, 1.223210397617815e-01, 3.243827830345706e-01, -3.457040309445055e-02, 3.690667103449288e-02, 1.832852863768463e-02, -9.808422552961465e-02, 1.063247391097063e-02, -3.358061628240811e-02, -1.616521286023639e-01, -5.662762627543558e-02, -2.461973631482015e-02, 2.192308383624616e-03, 1.779919373651267e-02, -9.017297032945322e-02, 4.440569631740390e-02, -1.763886701956844e-02, -6.114747279526533e-02, -3.332026335921142e-02, -1.928527359848904e-01, 1.693907409016180e-03, 2.234703576510547e-01, 1.837385939629818e-01, 1.124048478628572e-02, 2.492733633835315e-03, -1.257655569254010e-02, -3.205630307987961e-01, 9.831935110328001e-02, -8.815769879153282e-01, -6.945642609356420e-02, -2.510167937881801e-01, -2.935423322948934e-02, -5.976171241139698e-03, 3.872850765596335e-01, -5.529808485925034e-02, 1.204533720532768e-01, 5.849746534045775e-02, 5.244176222066932e-01, -2.164815878116298e-01, 6.060518262289618e-01, 4.313710892845142e-02, -2.893177721737106e-01, 3.132610418237833e-01, -5.614572198081063e-02, 2.410784379207411e-01, 3.670253585555956e-02, -2.710622143785311e-01, 7.088260885839427e-02, -3.965570163564967e-01, -5.876515038099693e-01, 1.043256210727687e-01, 1.549300095616321e-01, -3.092269552815580e-02, -4.747684618047004e+00, 2.410808147643894e+00, -3.068382835946496e-01, -2.248456690774045e+00, 9.363070155156528e-01, -3.671929963354330e+01, -1.040953848513267e+00, 4.253103067122949e+00, 4.136388713239430e+00, 2.969495924545325e+00, -1.104493786394288e+00, 3.423069715670272e+00, 2.697499538397496e-01, -1.402551370341914e+00, -2.838410792042461e+00, -4.279694744169011e+00, -1.313643191126349e+00, -6.039582084540883e+00, 1.121465531452526e+00, -6.954755724076224e-02, 3.698084506885670e-01, -1.652789569220829e-01, -3.082736703654473e-01, -1.532932063991709e-01, 1.003193139640000e-01, -6.245017464737448e-01, 7.815636005148181e-02, -9.741873109874758e-01, -1.193873223216583e-01, -2.280353839145155e-01, 9.805030023774173e-01, 1.202102818870794e-01, -8.876499489565732e-01, -1.037300325554879e+00, -7.340419147420227e-01, 5.321782082603496e-01, 1.154612799642175e+00, -3.853710747084937e-01, -2.449573712293974e-02, -8.868875076947691e-04, -9.042720263237391e-03, 6.606198494129543e-02, 4.445363392657665e-02, -1.530705842736202e-02, -1.500092749762414e-02, 1.370468945851297e-02, -1.329108286309433e-02, 6.637536577749090e-02, 2.057055816577349e-02, 9.574488338001192e-03, -1.104337920143457e-01, 4.564098459483996e-02, 6.588887962578637e-03, 1.282452095141619e-02, -1.612593704566672e-02, -3.198446030495068e-02, -1.009557954543435e-01, -7.042675690646242e-03, -1.174157630134496e-02, 2.371206319219556e-03, 1.167369618890057e-03, 9.938156728486918e-03, -2.108106499336923e-02, 4.983837605664310e-03, 3.082155267736863e-04, -7.861653192425637e-04, 2.062128317132375e-02, -1.607837711945661e-02, -2.576529668426364e-03, -1.781088965880495e-03, -7.023701541669621e-04, -7.091621146330197e-02, -1.837996688775062e-02, 5.863103952135702e-03, -1.642367714833941e-03, 5.672577628836238e-03, -3.001078161124815e-03, -3.937719314514172e-04, -1.591875751730966e-03, -2.733177580396481e-04, 3.257403090938001e-05, -1.419260231565921e-03, -2.223167728730877e-02, -2.297626125241248e-02, 1.114495232804147e-03, 5.026208640323471e-05, 9.601031708454182e-03, -9.891746871888868e-03, 1.528997963529298e-02, -1.022146131724234e-03, -7.447281397850270e-03, -9.815330667555300e-02, -3.073321863359857e-02, 2.484151075041693e-02, 1.629926642444997e-02, 5.277717749317506e-02, -1.968496262060006e-02, 1.640425410706728e-02, 1.533847081216276e-04, -1.555591153146225e-05, -4.123146989561468e-04, -2.969486457084279e-03, -8.755116705055990e-03, -1.101486087199319e-02, -6.633283800749799e-03, -1.766065054452760e-04, 8.346353782210653e-03, -4.080617609971931e-03, 7.707362976680464e-03, -1.951056697879753e-04, 4.190893062051183e-02, 3.821160720416343e-03, 2.298890721637994e-03, 8.598031751306330e-03, 1.952177710638551e-02, 2.319245816424216e-02, -2.657604070857711e-02, 1.884160087946042e-02, -6.138538790000453e-03, 1.721605003268028e-04, 3.337191961832475e-04, -2.960933157220386e-02, -1.904875178272347e-03, 3.332110252347398e-02, -2.326966525019741e-02, 4.450431204044971e-05, 2.842231350612723e-03, 2.738297526899375e-03, -1.951732297852518e-02, 4.235247793597335e-03, -8.098118026474035e-02, -7.629905799627282e-02, 3.416990055704463e-02, 1.054033465352313e-02, 2.652366153470414e-02, 5.285480415029081e-02, 3.516133226530359e-02, -1.215747471670478e-02, 1.360876888642817e-04, 1.057215738660303e-04, 1.822751161910682e-04, -8.240663374317007e-03, -2.760002611122182e-03, 4.067955611489668e-02, -2.145591422599311e-02, -1.196776763208101e-04, 5.288583898289742e+00, 3.518013142403109e+02, -2.566771716398137e+01, 9.515385618379044e+00, 1.190790068733968e+02, 4.544370608287767e+01, -1.248472034419516e+03, -5.049951575760049e+00, -1.606452079515434e+02, -2.548696030117900e+01, -4.817528473670490e+01, -6.639842432590908e+02, -4.559217629194134e+02, -2.427517459498168e+02, 8.102285983297926e+02, 3.124593028406914e+02, 2.668874073138999e+02, -1.115803276991924e+02, 3.203163924442401e+02, -5.815409287269320e+01, -1.129381744107261e+00, 1.541311070281048e+01, 2.003534285110816e+00, -3.640233167789474e+00, -1.927754627684743e+01, -1.383503193788411e+00, -1.504157373631946e+01, 8.610865433103852e+00, 1.170676030708112e+01, -3.560220577402924e+01, 4.772005782637491e+00, -7.466318185302227e+01, 3.185658217941932e+01, 7.741167682719359e+01, 8.776668477898344e+00, 8.723741375787407e+00, -5.246882897676411e+01, -2.792035124971857e+01, -2.437682405544287e+01, 2.074263271243251e+01, -3.269481058237231e-01, -2.983214562772287e-01, -1.270657416413077e+00, 5.082748803857152e-01, 1.352039803200840e+00, -6.170443743773892e-01, 2.905253855030457e-01, 1.317252899823350e+00, -2.445405443320002e-01, -4.606379094585213e-01, 8.212254289508101e-01, 9.001116115175586e-01, 8.579460498785781e-01, -7.053117709791593e-01, 1.476943537647813e-01, 2.704029010921105e-01, 1.496982990226334e-01, 2.041836575590678e-01, 2.623708031488872e-01, -2.051878178366041e-01, 2.235598220149646e-02, -7.611740571455052e-02, -4.597338210554889e-01, 8.036599514811225e-02, -1.330813000706629e-02, 5.313690273980685e-02, 4.199465740176300e-02, 5.678025192898002e-01, 1.677552177133150e-02, -3.241269402212962e-02, -6.356022587060874e-02, -2.822463381083338e-01, -6.959084374048407e-01, -2.493241279630265e-03, 6.542550328193998e-02, 1.417590458842505e-01, 2.625642064644990e-01, -1.006841423618835e-01, 2.589795114280762e-02, -1.819503093901528e-02, -6.459128591599118e-02, 2.602493026675398e-01, -4.562061139443965e-01, -3.577467746334574e-01, -1.631684366989260e-01, -8.603083758805569e-02, -6.983671938710323e-02, 2.652020246402254e-01, -1.493518601333811e-01, 6.538296399680603e-02, 6.080413823520445e-02, 7.682182747310254e-02, 1.824827939605645e-01, -6.367114712740134e-03, 8.633214369652181e-03, 3.325835043077781e-02, -9.608492826055801e-02, -5.017040905269589e-02, 4.218578202451542e-03, -1.521962640723715e-03, -9.306207655923175e-01, 3.753483146845924e-01, 8.225719457814486e-02, -9.725876166906706e-02, 2.388183081738908e-01, 1.328916520263579e-01, -5.178735269550495e-02, -4.794259221954183e-02, -3.596932277069911e-02, -1.347138626493569e-01, -7.819989739635891e-02, 1.325704894060996e-01, -3.648594829558011e-02, 3.801719258739913e-02, 9.078645909085273e-02, -1.194412493826098e-01, -2.136986903952424e-02, -4.831235285970015e-02, -1.463946267914960e-01, -3.276144398182464e-02, -4.796481020900581e-01, 2.034312801896455e-01, -7.739160070539944e-01, -6.652262011222575e-02, 2.538572871911495e-01, -2.767157351601310e-01, -2.257053355833105e-02, 2.840734296949455e-01, -2.284434078256055e-02, -9.694266511960586e-02, 1.599934034545623e-01, 2.126393142049312e-01, -5.948903974145546e-01, -2.576322870375919e-01, -7.848445394312398e-02, 1.159138818790139e-02, 1.480574634865279e-01, 2.339425211340554e-01, 3.710925852233826e-02, -6.045132786662551e-02, -6.694842650305506e-02, -8.240929299149654e-03, 1.176406202523311e-01, -1.694783456684665e-01, -7.513203657739900e-01, 2.167683444525104e-01, 7.477528142468326e-03, -1.751241651530427e-02, 6.860493703873632e+00, -1.608025562314554e+02, 1.026968432552952e+02, 2.160080342050187e+01, -3.831530037423668e+01, 5.479278092801604e+01, -1.114011298075517e+03, -3.029356552286756e+02, -1.046104575192971e+02, -1.503402905878907e+02, 5.439954280534093e+02, 4.235431857956129e+02, 2.908227656565041e+02, -8.297681242717626e+01, -2.825299381892964e+02, -5.442727878295018e+01, -1.583916040877572e+02, -1.503828556944110e+02, 6.574528223685201e+01, -5.273052885077208e+02, 5.099233130484185e-01, -1.135533992124942e+01, -7.360078459334582e+00, 2.872239623851657e+00, 4.013009800437801e+00, 2.581233835515599e+00, 1.074233233884311e+01, 7.230013897096110e+00, 1.603372647045598e+01, 5.282309736899355e+00, -9.905216519440376e+00, 7.095852617086862e+00, 5.975600397453768e+01, -1.591419079108713e+01, 8.250706050947717e+01, -2.118755878476255e+01, 1.052831450513659e+01, 7.225990348865151e+00, -1.667753910673810e+01, -2.359512292491342e+00, -2.726851799276425e-01, 5.836244527843057e-01, 1.322550825588124e+00, -6.121120381278932e-01, -3.900752002656442e-01, 4.057865943128552e-01, -9.010470928886151e-02, -1.892589427978188e+00, -2.390104457401057e-01, 6.413140095309426e-01, -1.363981809523644e-01, 6.062949753084717e-01, -9.833726863965860e-01, -3.303997096895919e-01, -1.157662581786682e+00, -3.313662397590379e-01, 1.643880484893792e-01, 4.889637947898990e-01, -1.571160734702884e-01, 3.304217125571516e-01, -1.823743183241805e-01, -1.006423275279025e-02, -2.264385933740387e-01, -2.162647555506830e-02, 2.752587642516334e-01, -1.109821707808186e-01, 2.143925034057711e-02, 5.030898738024035e-02, -3.791974095960129e-02, -1.570245949130275e-01, 5.954137352011208e-02, 6.177444725818273e-01, 6.646360443923826e-01, 2.766113000597933e-02, -4.458482458263945e-02, -2.852521305382127e-02, -1.492814037845487e-01, 6.414333294963032e-02, 8.644562154411478e-02, 3.464504558465671e-02, 3.384231534100526e-01, -4.616355638049745e-02, -1.038167786176512e-01, -2.832493047652662e-01, 1.128728819665312e-01, -1.737948717306038e-01, -7.238750203627394e-03, 1.801245255887983e-02, -1.020998492881445e-01, -5.866553747373755e-02, 6.693386239080212e-02, 1.403132358275347e-01, 6.329644729036636e-01, 1.518948952814272e-01, -7.319082936021534e-02, -8.179125361753953e-02, -1.954249066686829e-01, -3.587087180783245e-02, -4.935645879067453e-03, -1.269317221159096e-02, 6.638282767511869e-02, -6.270234643202850e-02, -4.984226902548132e-01, 1.479129470436585e-01, -2.077809453593169e-01, 2.885204841315859e-02, 7.082536289512196e-03, 2.254625632246375e-01, 5.413838606942651e-02, 9.461556440713871e-02, -9.574696258620386e-03, -7.967401486396415e-02, -7.508485452693946e-03, -2.861020920958546e-02, -6.495659024683802e-02, -6.811210876852065e-02, -1.094685318584053e-01, -8.659387951830999e-03, -1.147624969142760e-01, 2.909823419149736e-02, -6.717479631059519e-03, 2.503244195860176e-03, 8.060774949735929e-02, 3.999289297406033e-03, -1.750346384326442e-01, -8.199488449546247e-02, -1.855898427396798e-03, 5.883195704256008e-02, 9.482922539371046e-03, 9.744138822443925e-02, 3.699507860029923e-02, 1.917553825221791e-01, 1.978492007854946e-01, 1.661945898431303e-01, -2.665078262305060e-01, -9.208264683273590e-02, 1.558164661079471e-01, 1.913710364080120e-01, 8.969883398588316e-02, 6.760227499168050e-03, 3.207960464819792e-03, 2.760041564970606e-03, 1.694769732022389e-01, 5.073463756051293e-01, -5.584795763134450e-02, -2.937175687170078e-01, -2.506937934827029e-03, -5.634761453734511e-02, 1.122614593328569e-01, 4.246890499068876e-01, 2.476015460697395e+01, 1.041256309734538e+02, 1.469690145957489e+01, 8.135888269873666e+01, -4.604464693517403e+01, 8.077634490143660e+02, 3.667469843313141e+02, -1.861575172632710e+02, 4.897124245850694e+02, -2.086442510883629e+02, -4.561335930483300e+01, 1.235128216843065e+02, 1.333333107616000e+02, -9.874927686941551e+01, -8.038106483595277e+00, -1.323954457928978e+02, 1.489897405187514e+01, -1.871757383875488e+02, 4.690714796665078e+01, 2.099846298783403e-01, 4.312854058661710e+00, -7.434689041020951e+00, -2.355225769327005e+00, 1.019665265668318e+01, -2.053180416464676e+00, -6.695811711724645e+00, 8.618100028632028e-02, -1.658326384329835e+01, -2.784415161202598e+01, 1.011510553373702e+01, 1.480355152106139e+01, -1.349791459575182e+01, 2.010554513821358e+01, 1.452710177160073e+01, 1.519493832126786e+01, 1.572561768599951e+01, -1.924552401776442e+01, -9.090827670088755e+00, -1.408028299777783e+01, 2.008887514629650e-01, -1.108099054669826e-01, -2.184501398947581e-01, 3.587539226768975e-01, 8.518775555738975e-02, 1.660996710137753e-01, -8.194696921466485e-02, 6.654618181026709e-01, 8.163312167698263e-01, -3.338981594151086e-01, -1.263373772157160e-01, 6.005031315895882e-01, -1.214672723777083e+00, -5.489582612219450e-01, -4.732089566260331e-01, -6.329511858772364e-01, 8.083268403438117e-01, 2.150309903113984e-01, 3.132363085966982e-01, -1.824891120785894e-02, 6.627296328101503e-02, -8.691484825597841e-02, 1.189181057233719e-01, -8.997620626445527e-02, -9.570331474780176e-02, 4.122592868913508e-02, 2.470874427580622e-02, -9.275523301793277e-02, -1.167051088188642e-03, 5.555077844848643e-02, -1.785159226908514e-02, 1.013191439694949e-01, 3.859702479842676e-02, -4.822204064060685e-02, 4.227073370200874e-02, -7.359044739666409e-02, -1.733214992303033e-02, 5.414069099007600e-03, -5.054722926882394e-02, 2.104979029843983e-02, 1.208318956054401e-01, -2.199409483003089e-02, 4.512044756117397e-01, 1.491779649939916e-01, 3.976401016034203e-02, -9.583161977583282e-02, 4.625058342487893e-03, -1.878101111664943e-01, 8.466110485030884e-02, -1.012064981480442e-02, 5.896130292560297e-02, -9.284621606943172e-02, -1.434105773658305e-04, -9.090647188337724e-02, 5.304131397121585e-02, 8.435474610526468e-02, 9.672703565795894e-02, -8.856196603640040e-02, -3.192519924776351e-02, 2.555040670930278e-02, -1.134212824726385e-01, 1.077537634673995e-01, 2.591545726552538e-01, 1.275592083649884e-01, 1.255814073842490e-01, 5.291063353434085e-02, -2.214185745938169e-02, -1.277599868791176e-01, 3.107084422760727e-02, -6.555508063076891e-02, -2.723407773083980e-02, 1.939782501703593e-01, 1.223488090010958e-01, 1.842108404230283e-01, -1.922753709940391e-02, -3.615599939720195e-02, -1.105259261102757e-01, -7.586386666592818e-02, -3.296716981152518e-02, -1.289015339372521e-02, -1.401358918258771e-01, 3.974085533238280e-02, -6.799811242154262e-02, -1.733081441238617e-01, 3.723936331611563e-03, -1.373178366319328e-01, -5.111146473917940e-03, 8.790159093744672e-03, -7.791877161929323e-02, 3.815071533836745e-02, 5.670221939089282e-02, -2.104226149513467e-01, -1.461379574137777e-01, -2.374518352802657e-01, -1.035468949418554e-02, 5.618765424338779e-02, 9.896173764499801e-02, 4.409757676472004e-02, -1.804755661639180e-01, 2.691543054494810e-02, -8.717560583807415e-02, 4.067956440046978e-02, -7.513129537001090e-01, 5.584587751582828e-02, -3.062626950235029e-01, 5.820909151850629e-03, -9.749231757392833e-03, 4.160936089369135e-01, 5.266781325051947e-02, 7.361839245360129e-02, -3.539082518396230e-01, -2.640254446908311e+01, 1.052864480387809e+02, 4.916645125245615e+01, 3.430373646219383e+01, -5.401550060380996e+01, 7.845552350603097e+02, 2.290109650306928e+02, -1.620764095228344e+02, 1.971727691470282e+02, -5.735100534119956e+01, 2.069439054368572e+02, 1.891555579111935e+02, 1.210118939308678e+02, 4.781247191703024e+00, -4.925747741888269e+01, -2.012708598437442e+02, 4.287186746017651e+01, -1.301713014348955e+02, -1.787573460226360e+01, 3.346584805693942e-01, 9.359467205380434e-01, 4.036095284822399e+00, 2.896163358652328e+00, -3.866970861381531e-01, -8.725227809834958e-02, 1.558307716210567e+01, -1.591097071702398e+01, 6.935062001630573e+00, -1.523493565049123e+00, 1.393607187917845e+01, -2.486231322266942e+01, -5.266217249229745e+00, 1.057141869336574e+01, 6.425063951704231e+00, -9.135845495663519e+00, 3.634319995499297e+01, -4.000576061120756e+00, -1.641164722950305e+00, -3.718535033192288e+00, -1.977309548946144e-01, 2.589147657481699e-01, -3.027217147975683e-01, -3.906723501569604e-01, -1.017699771639693e-01, -9.798988388400373e-02, -1.590637039090216e-01, 4.310143119624218e-01, -3.501158895636829e-01, -5.035445634869642e-01, 1.429894820430658e-01, -8.266647035998401e-01, 5.264633812851819e-01, 2.139813600534538e-01, -4.969040074406855e-01, 7.549006485016594e-01, -9.618503571011590e-01, 5.550809750834765e-02, -6.476972349516185e-03, 6.279772133381355e-02, -2.056075599710212e-01, 1.119531526590810e-01, -1.031647818973183e-01, -2.785491284650882e-01, -4.658431922694429e-03, 4.902988507644265e-02, -1.607053409027575e-02, 5.208033932460439e-02, -1.569303819975430e-01, 3.567484359864227e-02, -2.264886434271696e-02, 2.925149084711651e-01, 2.310817935264502e-01, -1.486991467237103e-02, -6.208124097396647e-02, -1.519755666268942e-01, 8.067703928671987e-03, 7.031069073291897e-02, -2.254503222201796e-03, -1.425420839973282e-02, -2.992724888669242e-03, -5.721900755250050e-03, -1.910938594759491e-01, -8.174671940502218e-02, -5.009994605304720e-02, 2.884522018059806e-02, -4.498955612948601e-04, 9.071728128909101e-02, -5.464205878868832e-02, 2.503547812477044e-03, -1.995183897802512e-02, 1.147172924019538e-01, 2.605954371111738e-01, 1.840780085330919e-01, -9.102705897085547e-03, -4.661407807467435e-02, -1.558488269266188e-01, 1.008755602934605e-02, -1.482124295994203e-02, -1.265107328789751e-02, 2.938642590414353e-01, -1.029320605643407e-01, 5.157765313406694e-02, 1.086854694130289e-01, 7.376253245724863e-02, 7.668426799751001e-03, 1.380440879226900e-02, -2.362757113020892e-02, 5.476357342282970e-02, -4.210528713013128e-02, 8.589032310499853e-03, 1.470926138865203e-02, 3.413310334505298e-02, 8.572526515912313e-02, -1.376600690778668e-02, -1.168480886091924e-01, -8.403220054699277e-02, -1.460677158112533e-02, -8.735814273808510e-03, 6.953707166853542e-03, 1.817598313393352e-01, -5.049358444770003e-02, 4.102596285570954e-01, 9.658587213901582e-02, 1.785441521564209e-01, -3.160855837781820e-02, 2.066857542000567e-03, -1.787654849160937e-01, 5.284680384470603e-02, -8.093717555241549e-02, -1.028434606413262e-02, -2.640109338707236e-01, 9.459167334737643e-02, -2.909895906964542e-01, -3.145858730583822e-02, 1.307981696867266e-01, -1.558635519387587e-01, 1.430778020830464e-02, -1.055946363733478e-01, -1.839972348788160e-02, 7.088257130575117e-02, -2.145587602925149e-02, 2.167674445185290e-01, 2.937178166744461e-01, 5.821146817544354e-03, -1.396774613994340e-01, 5.252812176471390e-03, -1.149985440609895e-01, 1.437664450340100e-01, -2.052890571340626e-02, 3.155572536034860e-02, -1.993829510521649e+01, -5.556803178970084e+03, -1.309445605196677e+04, 7.022440318361666e+03, 4.304165101505337e+03, -8.468824761257150e+03, -2.857720809861979e+04, -3.178122663780628e+04, 5.990522932079592e+03, -7.107865878346970e+03, -2.654048034081797e+04, -4.031208657791067e+04, -2.744469239853810e+04, -7.492715625023827e+03, 3.363568207287836e+04, 2.021043155472194e+03, 5.877913566721760e+03, 1.157141498869109e+04, -3.806637630640962e+03, 3.075698623301798e+04, -6.381153864842913e+01, 2.511273962548844e+02, 2.506659854628754e+02, 4.173622344094525e+01, 3.130341978151152e+01, 8.611799087149642e+01, -5.229936012196771e+02, -1.363109076208169e+02, 3.391549436051914e+01, -4.025126319460894e+02, -2.346165614236369e+02, -8.280595009826326e+02, 7.485910947330971e+02, -7.478456350991969e+02, -9.137029339692967e+00, 6.117439814207593e+02, 8.639145342886863e+01, 1.196281283982367e+02, 1.760556005751139e+02, 1.711839096067787e+02, 7.709773457601696e+00, 1.678883004725495e-01, 6.821641912185326e+00, 8.370373451607005e+00, 2.208979026175804e+00, -3.994822015449566e+00, 8.265116251394238e-01, -1.311060618745720e+01, 1.177252438460888e+01, 1.636521878006427e+00, 2.455658933072963e+00, -1.145595234198916e+00, -1.189270859803248e+01, -2.760932685727222e+00, 1.615891375931679e+00, -5.192342555525563e-01, -2.668637951503236e+00, 2.455112084583988e+00, 1.392969244857015e-01, -4.806076206291554e-01, -8.212330888637417e-01, 9.926429814395135e-02, 4.223414331763436e-01, -2.916462559395286e-01, 6.845038373120097e-01, -2.395289389757251e-02, -5.573213028999004e-02, -3.462354905069726e-01, 7.313378053040369e-02, -6.017364070117165e-01, 1.314795433578076e-01, -1.495756571210080e+00, -3.369139752732632e-01, -4.643636937279252e-01, -1.808685260945705e-01, 9.908203280658213e-02, 2.833160373171117e-01, -3.150303139103556e-01, 7.716417327231059e-02, -5.693253101802881e-02, -1.318260204831765e+00, 8.170407458229788e-01, -2.549499354682342e+00, 7.264395620955171e-01, 7.560862304118854e-01, -5.869015502994172e-01, -1.254398645986094e-01, 1.235788863076752e+00, 2.265626599090368e-01, -2.825380075001739e-01, 2.559982400126030e-01, 3.919741372566094e-01, -5.790434877626314e-01, 3.847910432683981e-02, 3.842904794877564e-01, 4.221168622263215e-01, 2.991675108689252e-01, 5.385942661538169e-02, 1.319347458415415e-01, -3.688597185534761e-02, 8.313418442890201e-01, -1.344674204199136e-01, 6.522220894325115e-01, 1.083662872541532e+00, 3.969251077114314e-01, -5.388746102669009e-01, 7.653795365171458e-03, -4.308349318775240e-01, 4.671603947015823e-01, -2.185800730435711e-01, 2.457503274867161e-01, 4.254053407182954e-01, 1.445644305215807e-01, -2.304245896950423e-01, -1.330701403998407e-01, -2.672094699151750e-01, -2.477438113083799e-01, -1.079098742562487e-01, -2.844395352482232e-01, 7.228886751020544e-02, -1.180889513161597e+00, 4.565129710982647e-01, 5.579326670952277e-01, -1.072702601689066e+00, 1.097057650764683e+00, 2.261035117015311e-02, -5.334860097367415e-02, -2.022318620347463e-01, -5.732975009972344e-01, -4.265496275422617e-01, 6.028182211881267e-02, -6.590534213930457e-01, -8.719664813275897e-01, -2.433251385822898e-01, 1.009144830378157e+00, 1.846453796194140e-01, 1.486627231052077e-01, 1.456838653356821e-01, 5.560175046779463e-01, 1.044149656894008e-01, 1.749207054588511e+00, -9.686421531917494e-01, -2.675038273134922e+00, 7.679095879570872e-01, 9.016313924474992e-01, 1.376539102975754e+00, 1.774210799798313e-01, 1.380466941726556e+00, 2.712674815964726e-01, -4.314012404557709e-01, -5.916817749815552e-01, -1.784530540644894e-01, -1.082218250247087e+03, 3.152524424270872e+04, -2.792225908743249e+03, -6.186997105975498e+03, 7.169331179546199e+03, 5.069357729953133e+03, -9.925300432953845e+04, 1.085040415758938e+04, 2.144880025563595e+04, -3.040954148905766e+04, 1.383182480914175e+04, 2.988158635305863e+04, 7.951249641887002e+03, 8.690859553816446e+03, -1.432456668728572e+03, -4.524134853514507e+03, 4.675107661916389e+03, 8.112056528912021e+03, 4.130912239637292e+03, 5.571422964155207e+03, 1.226461535385789e+02, -1.119964511643597e+02, 2.770979615661935e+02, 7.007296017248859e+01, -2.486071177468713e+01, -3.750750990939802e+01, 3.847193886306077e+02, -1.301418300595952e+03, -9.429521339703903e+00, -1.815683292990837e+02, 3.814742812166591e+02, -3.748418235699909e+01, -1.893833578360791e+02, 3.955419940079971e+02, -5.062939826966508e+02, 8.229617715485499e+02, -2.282545114622349e+02, 3.694282267321195e+02, -8.223736948722842e+01, 1.118728184633649e+02, -1.631965191494015e+01, 5.540032969544078e+00, -7.923357562876314e+00, -5.101959367792811e+00, 5.113774550263660e-01, 4.068417299313103e+00, -5.412668619208994e+00, 3.319864851412893e+00, -2.447132293270350e+00, -4.549735929237802e-01, -3.457255638339959e+00, -2.209612598246862e+00, -4.651432685274997e+00, -4.690651622489916e+00, 4.084597357713143e+00, -5.766392138551252e+00, 1.295809432325300e+00, 1.477289561832644e-01, 5.316865953840190e-01, 6.099789997513706e-02, 4.353930893238469e+00, -1.800503889669247e+00, -3.830593138042412e-01, 1.104600213883472e-01, -1.269312186985233e-01, -2.234213405602593e-01, 4.356239328281778e-01, 5.250978477854519e-01, -6.326953636829598e-02, 6.664821230494486e-02, -4.202769841046303e-02, -6.550373609989800e-02, 4.513937670072450e-01, 1.525033068633720e-01, -6.049622665800364e-01, -1.149333780854684e-01, -4.204504297434522e-02, 4.757075822486840e-02, -1.390873764676245e-01, -1.143239270457482e-02, -2.135093325704262e+00, 4.922476847091909e-01, 9.023797962721315e-01, 1.126863198678616e+00, 2.406942420944393e-01, -2.220174921653932e-01, -4.597276299376984e-02, -5.107649373699712e-01, 5.301032784919878e-01, -1.121418314782942e-01, 1.302162252729344e-01, -2.960996538065867e-02, 4.194692711237655e-01, -3.216889658115336e-01, 3.747850034766879e-01, 1.708574152078366e-01, 6.200226646948681e-01, -3.208377552634267e-01, 4.020603719503580e-01, -5.474778967056974e-03, 1.636244842130341e+00, -8.441479326946195e-01, 7.396527265158685e-02, -1.038156261479597e+00, 5.072839280577269e-01, 3.403307210163692e-01, 1.246210941761879e-01, 6.369565361872714e-02, -4.991662642463524e-01, -1.840050689257304e-01, -1.680520514636470e-01, -4.908169234158447e-01, 9.820500912776924e-02, 6.797016285473258e-02, 1.300071860596743e-01, -1.312760990678858e-01, -2.886081488764805e-01, 1.499174745523454e-01, -5.591660300195221e-02, 6.985035719671324e-02, 1.276479002379402e+00, -6.972658432358841e-01, -9.540014302114119e-01, 6.076489968059086e-01, 9.186393753006737e-02, -5.670147310602256e-02, 1.030038440185144e-01, 3.874015375233277e-01, 3.061643257055556e-01, -8.217502488683037e-02, 5.118163031600444e-02, 1.899603189494975e+00, -6.842872826782924e-01, 7.193516578758099e-01, -6.069226227974228e-01, -8.194141773427790e-02, -6.230734371636220e-01, 5.202266286628673e-02, -3.386194685226922e-01, 6.067239988192435e-02, -4.962614929986066e+00, 2.480822864415853e+00, -1.437825171346264e+00, 1.660747728816601e+00, -6.639539867158611e-01, -1.836101249727901e-01, -4.275718366244487e-01, 5.237892194634911e-01, 7.908635657908643e-01, 3.875568227445743e-01, 7.174740650499771e-02, -5.156357927659299e-01, 1.703321496164094e-01, -2.772385794592998e+02, 9.237089779608550e+03, 1.446813696798051e+03, 6.208364365877179e+02, 7.679280172854358e+02, 4.837648640520616e+02, -2.477001162405093e+04, -2.690325838599086e+04, -8.460155512045932e+03, 8.684524970301569e+03, 1.057343494576387e+04, -1.764095158818377e+04, -3.598068605105186e+02, -7.794226152906781e+03, -1.753990666537716e+04, -1.654706035957997e+03, -1.480193235068233e+04, -6.198947968508450e+03, -4.106598699287677e+03, -1.162192519950939e+04, -7.873391775010519e+00, 8.998244996756402e+01, 1.192652399497772e+02, 1.176424877388999e+01, 4.486331515291054e+01, -4.106007492511056e+01, -3.172067207047772e+01, -3.454995104682560e+02, 1.688905552377846e+02, 2.554512856963607e+02, 5.240566507466658e+02, -2.186411926602714e+02, -4.454349141732992e+02, -3.007995006794194e+02, 2.393813705056181e+02, -3.604656697473014e+02, 2.740654089624333e+02, 2.071933579277325e+02, 1.408576124637634e+02, 2.750071579687631e+02, -1.234517801239540e+00, 3.618391433307226e+00, 5.290085730300716e+00, 5.487323018802975e+00, 2.287500955585864e+00, -1.140607184334757e+00, -7.040542260811179e-01, -1.093974292278494e+01, 6.111987110427699e+00, -4.785620671088448e+00, 5.610698518882955e-01, -4.169615437813994e-01, -1.177402326914813e+00, -3.163463910218355e+00, -1.212625184970716e+00, 3.848907270354771e+00, -7.941547697867497e-01, -2.764846100031463e+00, 7.604642322349124e-01, -8.210658283910929e-01, 2.987524734900902e+00, -1.483446376977560e+00, -2.928372739825271e-01, 6.154277748534438e-01, -3.858683432089114e-01, -4.827222865849560e-01, 2.354644257289637e-01, 2.399938110460862e-01, 5.538014502459252e-01, 2.768715266717990e-01, 3.067517565094856e-01, -3.132698474692462e-01, 2.484646530880586e-01, -2.225425070800839e-01, 7.820891420281879e-02, 8.601348765723617e-02, 6.225731019895833e-02, -8.890503779110416e-02, -1.273387324495673e-01, -8.147874135371309e-02, -2.661631873141895e-01, 5.401402459148077e-02, 1.178319391031875e+00, 5.925513138764678e-01, 4.687111581754242e-01, 3.099031796011356e-01, 7.796149024335074e-03, -4.626819741812592e-01, 2.416272316004169e-01, -1.876104274020573e-01, -1.097220867691956e-01, 5.930030348292992e-01, -9.555656327933537e-02, -2.128622909030458e-01, -5.174893370120557e-02, -3.044975408297013e-02, 3.863207149856089e-01, -6.793534764497193e-02, 1.521886476352898e-01, -1.452830909579590e-02, 2.703205261720683e+00, -1.174310225253830e+00, -2.976939258998496e-01, -1.098377370864897e+00, -1.243944489400184e-01, -2.022661784123058e-01, 1.719324177508853e-01, 6.359315778606657e-02, -5.334026457295120e-01, 2.482482298426970e-02, 9.381882640803306e-02, 3.232241329056272e-01, 4.281260426058506e-01, -1.393550861242530e-02, -5.116783406589344e-02, -4.463061179256689e-02, -4.661083572977047e-01, -1.350544925464171e-01, -1.545263837567769e-01, 1.821497403580193e-02, -4.542104729670346e-01, 3.574850858144857e-01, -1.272395431652515e+00, 3.326720813540499e-01, -7.605653040560197e-02, 1.376292023413635e-01, -6.604807819373311e-02, 5.108032038266409e-01, 1.661188111391373e-01, 4.248418741288288e-02, -3.426295604073464e-02, -1.133030195744766e+00, -7.068023250918449e-01, -6.103327496752585e-01, 1.014341166602583e-01, 3.693221501708341e-01, 3.335371986231765e-01, 6.906580734427781e-02, -2.005126195421234e-01, -9.983304789804189e-02, 1.532481491351681e-02, -6.668748754800395e-02, 5.900950090108854e-01, 2.122426246487337e-01, -3.302993399355235e-01, -5.312536482388630e-01, 2.637411447129338e-02, -2.300944714738140e-01, 1.913056221496004e-01, 2.766760862644768e-01, 2.004465989310064e-01, -1.033509258311366e+00, -2.505421013056559e-01, -3.607296924806734e-01, 1.585397065931848e+02, -3.880353865309764e+03, 2.073625312911473e+03, -3.613634003741936e+02, 9.852420613801420e+02, 1.182504408697417e+03, 1.055247501096961e+04, 1.652713431542015e+04, -5.250229723360634e+03, -8.096336880369871e+03, -2.511205108608975e+03, 9.445776886896119e+03, -5.856153342659844e+02, -7.622709669000784e+02, -2.551910254086331e+03, -1.871176262912077e+03, 8.564991286504830e+03, 2.173900963805976e+03, 8.871765102472446e+03, 1.758606902945429e+03, 2.399427884404973e+00, -3.724122340566216e+01, -9.014336504917370e+00, -3.964935825080860e+01, -3.938736429159864e+01, 3.171084061470723e+00, -1.189373134770625e+02, -1.975399454230867e+01, -8.863697591406942e+01, -3.041022336207934e+01, -3.103893040257921e+02, -4.726005042710603e+00, 7.130395178165389e+01, -2.099975503381166e+02, 1.631144455461082e+02, -2.059187985083965e+02, -4.504070155400125e+01, -6.270717779915118e+01, -2.180263814924881e+02, -1.234809201143111e+02, -1.166842840180740e+00, -3.311831692504458e-01, -1.140686241183367e+00, -8.571479020155265e-01, 1.315943489450223e-02, 2.039880877791756e-01, 5.724326861855549e-01, 3.290481792973946e+00, -1.925402380124427e+00, 1.794451985210754e+00, 1.204728066435282e+00, -1.957659957832642e+00, -4.716548994403436e-01, 3.111751272296180e-01, -2.698836301868802e+00, 1.249289006988089e+00, -8.390395988622528e-01, 4.564612720645177e-01, 1.363708683655149e+00, 6.590104838447186e-01, 1.023724580480739e+00, -4.135686713152952e-01, 4.691890477725851e-01, -2.095317893149168e-01, 2.926760525156838e-01, 1.463606462115901e-01, 9.972742300315045e-02, -3.444529234028681e-01, -2.559080459363161e-01, -2.416753916199710e-01, -1.354187108590781e-01, 3.972999837331193e-01, 1.043462886075188e-01, 5.345994115906693e-02, 2.509351985535726e-01, -4.402589751212593e-02, -7.824665141192923e-02, 3.071344493266399e-02, -7.201471949603759e-02, -6.735506568886660e-03, -2.133258389853991e-01, 6.647541302981153e-02, 5.914329058487692e-01, -1.890891900738603e-01, 1.913135709877365e-01, -1.752540722862637e-01, -4.752753857717361e-03, -2.757600677976393e-01, -9.494407764112955e-02, -9.008282601345992e-02, 8.591502550215892e-02, -5.523692095595808e-02, -3.941177930036262e-02, -1.799378295907757e-02, 5.133755858207297e-02, -9.569645738469988e-02, -2.787394640332918e-02, -3.748977337453091e-02, -1.026292608252932e-02, -7.233583779965101e-03, 2.600147158251062e-01, -9.236451854088843e-03, -6.381711134094545e-01, 9.232238183447088e-02, -3.687635547515272e-01, 1.975870951494782e-02, -4.551570453427645e-03, 2.744168102173757e-01, 1.804823188675026e-02, 1.744925347135759e-01, -6.339671558641999e-03, 5.374667598560394e-01, -4.768140327527030e-01, 2.778260261390899e-01, -1.288191522768564e-01, 3.651494545899913e-02, -1.877529294651299e-02, -3.670082165354378e-02, -6.168496504750147e-02, 1.878246605589749e-02, -3.410919727467940e-01, 1.452185271392423e-01, -9.840289200530867e-03, -4.986460969665280e-01, 4.161583111393330e-01, -1.410585350298708e-01, -1.254811093743503e-02, -8.078661917263582e-03, -1.829901401898316e-01, -1.889111780804774e-01, 7.091210231712845e-02, 1.786701118451468e-01, -1.160959022254067e-02, -8.714956434715669e-02, -1.500396936415549e-01, 1.522455224108138e-01, -1.777172901810957e-01, -7.424505860259453e-02, 4.985798461768528e-02, -6.619357869383583e-02, 2.241554711961698e-02, -2.838761859795268e-02, 1.867433887112237e-01, -4.118698616890018e-01, -8.519623245860510e-01, -1.196559036660642e-01, 1.463872126119714e-02, -1.991690735752686e-01, -2.255119480225279e-01, 3.532470134814046e-01, 2.204896307184448e-02, 1.411874035106148e-01, -1.590525102271254e-01, -5.346735563395535e-01, -1.784083550615887e-01, 1.660235415882453e+02, 4.727546809285258e+03, -9.063466473014051e+02, 2.322843004466305e+03, 6.034080529438453e+02, 5.281438993414800e+03, -3.867591498596869e+04, 7.813179529518726e+03, 6.911157777179165e+03, -1.410601453956732e+04, 5.269994901683675e+03, 1.947341284213677e+04, 5.695868325102302e+03, 5.039109355401971e+03, -1.616748853622251e+02, -4.845255019086791e+03, 1.743163657855704e+03, 5.069689841530007e+03, 2.752119273108111e+03, 3.453822883683316e+03, -1.131511385409275e+01, -9.049183716073690e+00, -1.712388924165497e+01, 5.366119976097623e+01, -2.425032978648049e+01, 5.577769663475052e+01, -4.192500321184309e+01, -6.213460061474547e+02, 9.021456986960479e+01, -1.460119351836750e+02, -5.617197175231626e+02, 5.877702719607445e+02, -3.973229715315289e+02, 5.148526671139012e+02, -2.342030108792408e+02, 5.235575901224754e+02, -4.852577085553590e+01, 1.917255571137945e+02, 1.955851852617766e+01, -1.115311110286301e+02, 1.008916999113015e+00, 1.434091934741887e+00, -1.614828874550294e-01, 5.254961322800334e-01, -1.757329661945503e-01, -1.334249020072209e+00, -7.992066324020302e-01, 3.451004434740363e+00, 3.863626870360608e+00, 1.363985156579399e+00, 1.741537927834599e+00, -4.782115348163974e+00, 2.134681970059272e+00, 1.062868429628562e-01, 2.811745112615237e+00, -2.904935501776525e+00, 1.905156786362401e+00, -2.963948421217268e-01, -2.349816606323048e+00, 1.744334966204960e-01, 1.440742657937029e+00, -6.083222579525963e-01, 1.436887689520625e+00, -7.155588491054243e-01, 9.050037237306431e-02, 1.862944972186353e-01, 1.095618206060852e-01, -1.012869371839013e+00, -6.098864504236765e-01, -3.953491591427613e-02, -7.179920802286777e-02, -5.604679898617705e-02, -3.048083658529607e-01, -2.264254517848885e-01, 9.591547525222220e-02, 3.462786338472629e-01, -3.618475484280640e-02, 1.724752292509633e-01, 1.177292192979268e-01, 5.367000566137012e-02, 5.509545611819656e-02, 3.209437394224672e-01, -6.245236392609839e-01, -5.659135061611870e-01, -1.701717529773391e-01, -2.358223949485828e-01, -6.151698907012215e-02, 2.441310495393278e-01, -2.289202204790438e-01, 8.871440921777816e-02, 9.410180623848007e-02, -1.762154723512131e-01, 1.889028513412108e-01, 1.448284291778714e-01, 2.210904277246211e-01, 1.129704018859204e-01, 6.320260555787301e-02, -3.110791713400269e-02, -3.669150544276023e-02, -8.938723367190916e-03, 3.932899242116025e-01, 2.232469041631576e-01, -1.395819693693214e-01, -3.259256144984009e-03, -7.086426438114832e-01, 1.749697762673619e-01, -5.811009898161512e-02, 4.138942331652186e-02, -3.893006399780883e-02, 2.750232893328231e-01, -7.274877240276717e-02, -9.876434620622829e-02, 2.554472669521487e-01, 2.964522124705604e-01, 6.705765761023838e-02, 4.875666910111170e-02, 2.142833937331560e-01, -2.380540283693830e-01, -3.269438192879887e-02, -6.879976427942333e-02, 6.241616155755766e-01, 7.877286965887770e-03, 1.190253802601504e+00, -5.158126800294320e-01, 5.409138284915763e-01, 2.986380415895047e-01, -3.671316301739295e-03, -5.098414850434393e-01, -2.754688773958477e-01, -1.919448298782720e-01, -1.490501046301662e-01, 6.227844513707328e-01, -1.012751679284324e+00, -2.690272379776111e-02, -1.014545698823385e-01, -1.128880719940648e-01, -4.319741922429722e-04, 1.845045817746609e-01, 5.606603828603313e-01, 4.582552801584673e-02, 1.302501584653407e+00, -3.005526502781206e-01, 4.076145463942049e-01, 1.216106869397227e+00, -6.654864625767762e-01, 6.577561259558306e-01, 3.749131160811997e-02, -6.839358679054072e-02, 5.168027771723873e-01, 3.813274677335477e-01, -3.788137176009701e-01, 1.672449820039382e-01, 7.682859655665542e-01, -3.118808263625648e-01, -1.094044622751647e-01, -9.658833791621123e-03, 6.647042272236185e+00, -3.553679214570283e+03, -3.713376607517318e+03, 4.125829471005451e+03, 1.782952299046173e+03, 2.830124851130211e+03, -3.538870126423381e+04, -1.733119061976326e+04, 2.028428776321760e+03, 1.989771586305315e+03, 7.955346418777431e+03, 8.112977057873262e+02, 8.612464409165766e+03, 1.890565095224312e+03, -1.419112936909700e+04, -5.707390414231091e+03, -1.672281031246062e+04, -1.729403972597845e+02, -8.860609460055342e+03, -4.178249270215283e+03, 1.812201981634777e+01, -5.950556821396748e+01, -4.444162139387122e+01, -3.840727070894124e+01, -4.745101418737818e-01, -1.634956087052560e+01, 4.555312685891515e+02, 8.311865178661467e+00, 3.119625938992850e+01, 1.487122367137055e+02, 1.188762079001416e+02, 1.907878912083898e+02, -6.451623846619633e+01, 3.642127530493147e+02, -1.291637133414353e+02, -1.203267544030143e+02, 4.059419186883455e+02, -9.117537094124907e+01, 1.751925767188764e+02, 9.986067024434213e+01, -2.339126461442790e+00, 1.740975200453777e+00, -2.376797305966872e+00, -1.536958280625504e+00, -2.448792448371968e+00, 3.410021309730575e-01, -2.494155141693161e+00, 2.152444691551216e+00, -2.289144788556477e+00, 6.883132987628259e-01, 4.459680242361165e-01, 2.300351469089209e+00, 4.833404401718593e+00, -1.083703361300368e+00, 7.608294218010073e-01, 1.400174702825223e+00, -4.394367311488480e+00, 2.755585672011978e-01, -1.434581912060816e+00, 1.277569282057233e-01, 1.536903154982106e-01, 2.840096083596401e-02, -3.736085319907586e-02, -1.907951648976718e-01, 5.813046165399383e-02, 1.585769899889300e-01, 3.329038636188541e-02, 1.896382380706380e-01, -1.825549318742027e-01, 3.684353067968837e-02, -7.063934321415416e-02, 1.763187223364064e-01, -1.519522086894648e-01, 2.451878926482641e-01, 8.606144952565364e-02, 2.876552005801389e-02, -9.559367437498904e-02, 3.833108028433926e-02, -7.262373623408794e-02, 9.558942053129550e-03, -3.935764127727174e-01, 1.589984715692727e-01, -5.215585444220286e-01, -2.598832605650174e-01, -4.216354421433211e-02, -1.542527846600583e-01, -2.085493293568506e-02, 2.279350874493715e-01, -1.236460615384807e-01, 2.374128314387561e-02, 5.407627290539668e-02, 5.451376753887700e-01, -5.973640750361476e-02, 8.098926507109501e-02, 5.589245700246707e-02, 2.352481469154856e-02, 1.656044371035937e-01, 6.073276120055628e-02, -1.165520006583412e-01, -6.404564572757703e-03, -4.382234137101140e-01, 3.745838148214571e-01, 4.133440580102153e-01, 2.796142345841300e-01, 1.840243725509175e-02, 2.588063090831668e-01, -6.853981215572941e-02, -2.010280011510359e-01, 1.421399732779942e-01, 1.422824003412253e-02, -9.339893488116796e-02, -2.842282530047443e-01, -1.168860665207416e-02, -3.229034146772222e-01, 1.883131873880477e-01, 7.487775479220463e-02, -2.198329037626373e-01, 6.800303027575094e-02, 1.094041955749607e-01, 6.654238257706614e-02, 1.745302363329724e+00, -9.231030295163396e-01, 5.379229583671954e-01, 1.216269714631983e+00, 1.829121684478704e-01, -3.433730317945738e-01, 1.655489036093442e-01, -2.179120485824722e-01, 5.124307239830108e-01, -8.735953713543289e-02, 1.451936183500622e-01, 5.722699492419181e-01, -7.123086647863256e-01, 2.045069714455888e-01, 2.498517113095320e-01, 1.923095193688679e-01, 1.571941556766733e-01, -1.454231216422548e-01, 3.816549153741108e-02, -1.724606567287842e-01, 1.605465986602289e+00, -8.865536371898770e-01, -3.418902705522081e-01, -9.852490365848516e-01, 7.668650498924621e-01, -2.011184624660304e-02, 1.591568320850649e-01, 1.501817160649428e-01, -4.901495985956258e-01, -3.607445659561561e-01, 5.602119677446189e-02, 4.989298870871674e-01, -2.111928472368770e-01, -3.687977230152935e-01, -2.908551996183339e-01, 1.148183193314379e+00, 2.041090223982300e-01, -2.658300498685535e+02, -3.366266792754017e+02, 4.449609628883539e+03, 1.038421373510369e+03, -6.371048936928045e+02, 7.381765504800455e+02, -1.200590404512447e+04, 3.033922049776540e+03, -8.612432293707577e+02, -1.951057709559684e+03, 6.724561347268121e+03, 2.922040260791576e+03, 2.981780677027284e+03, -8.295371565247621e+02, -3.972841821295574e+03, -4.327392196157049e+02, -2.131617990709304e+03, -3.538340436332423e+03, 1.814814268693520e+03, -5.665618000253290e+03, 2.795061113920412e+01, -4.419627354646104e+01, -2.858300351734843e+00, 2.002138147716856e+00, 4.319532624474337e+01, -1.506412331059113e+01, 1.901410298253151e+01, -9.501533623254647e+01, 2.716555226123467e+02, 1.180313053979859e+02, -2.420615640241882e+02, 2.179846999781614e+02, -3.124207661020071e+01, -4.321174016736264e+02, 1.580129740371792e+02, -1.435439617406408e+02, -9.247678685039925e+01, 3.379928959286060e+01, 1.205112625109171e+02, -1.010519030721878e+01, -2.338450540180822e+00, -1.913597571889819e+00, -2.347773991606414e+00, -2.712637969435834e+00, -3.565457356923007e-01, -1.003729754239906e-01, 1.733623276429898e+00, 4.386160761082365e+00, -5.283293115154877e+00, -9.260916333335212e-01, 1.252997889103356e+00, 6.705201496985179e-01, 2.907229866985453e+00, 2.169865352774610e-01, -1.109208286808091e+00, 4.200695039840784e-01, 1.526303498318933e+00, -5.252407042211864e-01, -1.584945860913411e-01, 2.264727267228616e-01, 2.802672987500440e-01, 1.537412138664390e-01, 3.616737489593792e-01, 1.032828233402527e-01, -1.355034635557582e-01, 1.617145580960692e-01, -3.401139223051187e-02, -1.922288827699472e-01, 5.442193033158751e-02, 1.124845043822837e-01, -1.240007795973395e-01, 4.958457240796884e-01, 2.726363417969422e-01, 1.064139237253505e-01, 2.928328414244019e-02, -1.523794083498933e-01, -1.717226471783797e-01, -1.614867728640333e-02, 1.266243908391320e-01, -1.767729518797662e-02, -6.165438839622555e-01, 1.865849662846942e-01, -7.261998239093982e-02, 4.032718972071424e-01, -7.940119034473225e-02, 3.057460354154897e-02, -2.493458162041399e-02, 5.921499393649563e-02, 1.761016856231207e-01, 3.819082131198544e-02, -8.651106284012083e-03, -1.024271521055545e-01, 3.834275742399997e-02, 7.850540355735455e-03, -1.287233741223188e-02, -1.145391607398283e-01, -1.621802091389881e-02, -1.104512472258907e-03, -5.022229878916263e-02, 3.734528003423748e-03, 5.371412701095314e-03, -6.375438569261174e-02, 5.359019553182308e-01, 3.449571845550196e-01, 2.257059498443988e-01, -3.040467478407975e-01, 2.357641271659118e-02, -2.493059698135462e-01, 1.007664832328830e-01, -7.997698681981388e-02, 1.120115864185502e-01, -2.302149741602258e-01, -8.870242569072831e-01, 5.609044168348229e-03, 8.642161456798969e-02, -4.607012484219253e-02, 2.035623412345847e-01, -1.679947214647719e-01, 1.027916207346847e-01, -8.125782646818683e-03, -9.900626359663919e-01, 5.399460922112963e-01, -2.693313608269823e-02, 3.200920768046413e-01, 2.459916118219268e-01, -4.705780354308989e-01, -9.154312278546005e-02, 2.734982541451760e-02, 1.284516807833353e-01, -1.034632364975595e-01, 1.858959473547321e-01, 1.770712425668747e-02, -1.446288026301509e-01, 9.875419041333282e-03, 1.574941794038021e-02, -9.027607846408410e-02, -6.710354704434214e-02, -5.428953582677646e-02, 8.742993215208109e-02, -2.557884902182525e-02, -5.012210053186922e-01, 1.517485608684619e-01, 6.032774427193455e-02, -8.302607041458680e-02, 8.348672682735230e-01, 3.707128724034176e-02, -1.505577095454354e-02, 1.527375083101833e-02, 7.917692947362331e-03, -4.137225057033767e-01, 5.120984981209814e-02, -1.464131145160404e+00, 3.583821643404550e-01, 1.122058987049564e+00, -3.640136928387310e-01, -6.617194933291400e-01, 5.282881003153046e-01, 1.499216670761557e-01, 1.530873652805334e+02, -4.061854531334869e+03, 4.690739566848530e+02, 2.701760965396409e+03, 9.039598778507202e+02, 4.538196818886094e+02, -1.471948195443237e+04, 1.541340960536516e+04, -1.414900755954550e+04, -3.840207723648380e+03, 6.004900950182257e+03, 1.024632266276505e+04, 1.614217071513949e+03, -2.423610569534125e+03, 5.465427777438420e+03, 3.869857132314799e+02, 2.949514912299989e+03, 8.747363743154530e+01, 6.740096028840622e+03, -9.395759299449197e+03, 9.563194535620525e+00, -3.914503985027547e+01, -1.684261936857735e+01, -3.809971778722409e+01, -3.378956395436196e+01, 1.360212534399836e+01, 1.782241493433061e+02, 7.674455719917805e+01, 5.129422360399870e+01, -2.091803298851680e+02, -2.210862613861215e+02, -3.074869323778126e+02, 1.335873613647222e+02, 1.666405219672132e+02, -1.756113547398688e+02, 2.883624662874689e+02, 2.569785728144840e+00, 5.997069664178833e+01, -3.380597205947355e+01, -1.158484660139693e+02, -1.287242493787322e+00, 9.709964931719617e-01, -4.452531500620525e+00, -3.537831585219742e+00, -2.752839551695938e+00, -5.980041501810173e-02, -1.636678023771164e+00, 2.095260019084727e+00, -2.704860096963817e+00, 2.931128331933080e+00, 1.999219239740591e+00, 4.009904187157650e+00, 5.645167765791868e+00, 8.763433791823514e-01, 2.922175231346089e-01, -2.143683086483859e+00, -3.255904620715020e+00, 1.123095343702086e+00, -1.366018587378836e+00, 8.205801647356300e-01, -7.584500123401675e-01, 3.217120273544309e-01, -3.011378586401533e-02, 1.092799411611765e-01, 3.003941030174817e-01, 1.933878172142519e-01, -9.001753800742043e-02, 2.616281346172903e-01, -4.872584360123206e-02, -1.245333803600032e-01, -1.597620521187349e-01, 6.078577361018338e-01, 1.407207435725791e-01, 2.727152902484763e-01, -1.625851498604088e-01, 2.652184081525914e-02, 2.325363292720160e-03, 5.709397949874990e-02, -9.915104499409626e-03, -3.380667623828509e-02, 1.229637472574954e-01, -7.711643631765734e-02, 1.950721643777101e-01, -9.858966521200389e-02, -1.148009346743794e-01, -8.259440681717295e-02, 4.549894068284406e-03, -1.308124930587831e-01, 1.371014530658122e-03, 5.606388824926091e-03, 3.815928225138789e-02, 1.090017078350709e-01, 4.994615678278381e-01, 1.572178319152432e-01, -2.687675282605355e-02, 1.623931025915644e-02, 1.013626929622548e-01, 1.117049458871882e-01, -1.503244375004175e-02, 2.636779989884694e-02, 1.973943792241550e-01, -3.020872248984530e-01, -1.655481284237426e-01, 1.486138803025500e-01, 1.185947197123546e-01, 1.451075457645596e-01, 5.270404981842168e-02, 5.469188363446628e-02, 8.413563730574998e-02, -6.626665641184852e-02, -7.028200826912818e-02, 1.437256455760912e-01, -6.980368240864239e-03, 5.589772597648575e-02, 6.088364190027203e-02, 1.131203564463347e-01, -9.705153918443175e-02, 9.518649820784025e-02, 3.227244636342615e-03, -6.543282273039921e-02, 4.959222566337905e-01, -2.864491044706496e-01, -4.707843097278773e-01, -5.618840114030028e-01, -8.076343234772824e-01, 2.129325696771766e-01, 3.697459445594678e-02, 1.809116689903339e-01, -2.386385264697735e-01, 3.354340617227701e-01, -8.909587303180486e-02, -7.513539381361080e-01, 4.043246826943868e-01, -2.483324820376438e-01, 3.238683703672292e-02, -1.564628123685500e-01, 1.831774108198748e-02, -7.099307616005898e-02, 9.803927433284734e-02, 3.758564689390453e-02, -4.872138007484045e-02, -1.977130740710048e-01, -1.136407173334757e+00, -1.792468229941660e+00, -9.486166301350265e-01, 1.325933289771376e+00, 3.049566517308127e-02, 6.110870706915186e-01, -9.988439183298451e-01, 4.726286241188867e-01, -6.101348548530279e-01, 6.305727878218750e-02, -1.200025338131539e+00, 5.603770002916386e-01, 3.421775767076634e-01, 2.935234132315128e-01, -1.240310907833316e-01, -1.549682321672223e-01, 1.529524783094364e-01, -2.270894932471587e+01, -4.287252028523517e+02, 1.826524471471149e+03, 6.362671577098282e+02, -1.056006543958546e+02, -6.831093469052618e+02, -1.176848774152623e+04, 2.017110249589247e+03, 6.113995979312088e+03, -5.260854589582569e+03, 1.006307601213848e+03, 3.954605801841645e+03, -1.505805069066972e+03, -4.491043848424749e+00, 2.566780231603384e+03, 2.017374879651624e+03, 6.202051701643510e+03, 7.468461891652397e+00, 2.429907545160581e+03, 1.723627303904025e+03, -1.524604442038538e+00, 4.396581903213334e+00, 5.117501408830994e+01, -1.908973487850077e+01, 8.223115073393069e+00, 8.908209180474561e+00, 2.055228257947663e+01, -1.942693328251808e+02, 1.761615109279330e+01, 4.262246130996792e+01, -4.836781636158955e+01, -3.114737827264927e+02, 7.704676819796602e+01, -8.102969887134769e+01, -6.492652029164230e+01, -5.484626814537852e+01, 9.641372683220861e+01, 2.687592399037774e+01, 4.021128344531415e+01, -1.115949773620647e+01, 3.024530801268389e-01, 8.158922921002651e-01, -5.156883765195895e-01, -4.893561814393975e-01, 3.396040552961374e-01, -1.293113749185576e-01, -3.807808130517896e-01, -1.017157540451075e+00, -1.240873362781545e+00, -1.279558604711013e+00, 1.725704239689573e-01, 6.195545553319549e-01, -2.951528800225837e-01, 2.800453907010303e-01, -2.327054023628124e-01, -9.628137847711306e-01, -6.274389337036635e-01, 3.807473244142870e-01, -3.878341888341138e-02, 1.484094011978980e-02, -9.761007747851831e-02, 6.347073561598165e-02, 3.439694089965251e-02, 4.076850085674593e-01, -4.093425959004019e-02, -6.241009976787115e-02, -3.313854331000309e-02, -3.143508938781688e-03, 2.780183188128481e-01, 1.492987348113001e-02, 4.488370140676382e-02, 1.583342480701608e-01, 2.103432197338559e-01, 3.115567316714466e-02, -7.716481112445162e-03, 9.281402403837173e-03, -3.822945289157412e-02, -2.408813587567921e-02, 2.357133582410394e-02, 3.029242861656183e-04, 2.038230806813737e-01, -5.588628413078058e-02, -1.506434330493104e-01, -1.208152002242140e-01, 6.755546690109597e-03, -1.177060151233035e-02, 1.026165302188854e-02, 4.973647544349255e-02, -5.691241536096056e-02, 3.922078350406187e-04, 9.345457059230960e-03, -4.953092434186151e-02, -5.099681490795113e-02, -1.017014941017629e-01, 5.061958900020067e-02, 1.022842492537755e-02, 1.931828477248080e-02, 1.053171778512746e-02, 2.847911078628215e-02, -1.250519666116928e-02, -1.448636387358545e-01, 7.928001467177284e-02, -2.033216853123203e-01, -1.308982160795395e-02, -2.365826887096699e-01, 1.381538518247048e-02, -1.412367002065773e-02, 7.529496803825343e-02, 3.348748148547573e-03, 1.009018381905185e-01, -1.243178395665516e-02, 2.678417923626490e-01, 1.643944309575262e-01, 1.435748661740142e-01, -9.606511282115440e-02, 1.684170059193492e-02, -1.160649087238879e-02, -1.612593265513937e-03, 3.442773254241587e-02, -2.865101321103242e-02, 7.542259747731098e-02, -3.035503359439442e-02, 2.275002922804504e-01, -2.951898489092378e-01, -1.567870927574619e-01, -2.388662368892969e-02, 6.269173815611766e-03, -9.793642611360928e-02, -1.245389877415222e-01, 7.089308673696744e-02, 6.537490997742615e-03, 1.478522364366120e-01, 4.086560507106913e-01, 1.987865676026342e-01, -1.427915851111005e-01, -1.190227911549080e-01, -8.682914652067013e-03, 1.164843956581394e-01, 4.329521380517189e-02, -2.632310462819228e-02, 2.443975327418312e-01, -6.761453070446981e-02, 5.585912720539324e-01, 2.544111600493008e-01, 3.862937149249466e-01, 2.635315470642523e-02, 7.420818599600218e-03, -2.490791697412244e-01, 1.114014819437738e-01, -1.636843576369905e-01, -5.053063268056527e-03, -8.947747979138779e-02, -7.871213458990231e-01, 4.616979634706938e-01, -3.218579124753977e-01, 1.241208813245971e-01, 9.811284161727986e-02, 8.038577495764367e-02, 3.168054169715596e-01, -9.263239904939841e-03, 2.856759866621398e+00, -4.523793428263943e+00, -1.412496563392173e+01, -1.317632341416641e+01, -7.703358915748402e+00, 4.357356714028164e+00, 9.559454990883641e+01, -1.798643406313660e+00, 1.048184573871667e+01, 6.138030257603449e+00, -3.790299448011168e-01, -5.722361916334433e+01, -3.903070701686961e+01, -3.262338711015884e+01, 3.763124855257744e+01, 2.423468985474258e+01, 3.437956530778862e+01, -2.667865793745046e+01, 2.484784531964826e+01, -2.724309023835992e+01, 5.916569299872766e-01, 7.242867532073514e-01, -1.766845467856861e+00, 3.693094357169622e+00, 9.355264712878552e-01, -6.684899097320106e-01, 6.414783746985883e+00, -8.091544724261498e+00, 6.962965253365898e-02, -2.623877850237310e+00, 1.452594131265191e+00, -5.633439261324944e+00, 1.511385446525418e+00, 2.018820187053495e+00, -3.707803176559789e+00, -2.238622494844667e-01, 3.587921110186030e+00, -5.854269645591702e+00, 5.258793884480759e+00, -2.101677776422060e+00, 8.025445025724581e-02, -1.893427263624818e-02, 8.948703506235500e-01, 4.085254755384796e-01, 2.994534380753884e-01, -1.668969718248031e-01, 4.340628553397045e-02, -6.263503312580918e-01, 2.412199214698849e-01, -4.572414297840544e-01, 5.597746213006947e-02, -2.812735241350890e+00, -2.519486210895936e-01, 6.243808818670443e-01, 2.832313571700048e+00, 5.745186918792768e-01, 2.365570701641681e-01, -1.180195135269487e-01, 5.195683461165554e-01, -2.242307043171736e-01, -2.096527368973057e-02, -5.769849867381064e-03, 6.212055860585460e-01, 2.034265019602294e-01, 6.532483249822758e-02, -2.054258483631264e-02, 4.987238688451546e-03, 6.351528715123275e-02, -1.335035951785016e-02, -1.675133667004079e-02, 1.395603920412737e-02, -3.627237509409284e+00, -1.936187035402661e+00, -9.644543372457267e-01, 3.764687755981115e-01, 4.347850424512541e-02, 3.790575206143657e-01, -2.204120898799855e-01, -1.501685537228819e-01, -1.111853886517857e-02, -1.747469301100292e-02, 1.812892594478654e-03, -5.269364880666594e-01, 1.129919018736640e-01, -7.175198604354101e-02, 2.769121188643290e-02, 6.600916753378888e-04, 7.542438173470470e-01, -6.766179395486401e-02, 7.112905645061354e-02, -2.276098102922495e-03, 1.197994558136792e-01, -5.472043746581776e-01, -7.865879623742257e-01, 1.535883441265317e-01, 6.287139279966438e-01, 1.299846977924044e+00, -7.841640987882580e-03, 2.353910435392709e-01, -3.463358165305971e-02, -5.163696748066096e-03, -7.440187346967570e-03, 2.311256533223494e-02, 7.505600336624224e-02, 5.364204250773123e-02, 4.698814952835347e-02, 7.796096813209413e-04, -1.302343811620293e-02, 2.302700574988225e-01, -4.589296253702434e-02, -1.812585045225651e-02, 1.466058724767756e-01, 6.308497871588309e-02, 1.805514678298226e-01, 2.215342447266771e-02, 1.275540158841263e-01, 2.708367027699745e-01, -1.577684371569487e-01, 1.664713934437418e-01, 3.800353437166305e-02, 1.524026800473340e-02, -5.046453633400380e-03, 6.789578587353459e-01, 4.671698612287898e-01, 5.936985340214458e-01, -2.503136661809422e-01, 1.519101748936624e-04, -3.269036929406207e-01, 2.293543817404823e-01, -2.473826879877675e-01, 3.993159154516635e-02, -2.163753280466155e+00, -9.525162688507568e-01, -1.563730460366026e-01, 2.200719635023544e-01, -1.917199225579138e-01, 5.816588944860669e-01, -1.686463602621738e-01, -2.022305381137730e-01, -4.147762843493635e-02, -3.035804787190100e-03, -3.312201383457194e-03, -9.500599937267572e-02, 7.824635177463100e-01, 6.456841628479782e-01, -2.007880522394303e-01, 1.059866641656534e-03, -4.762054779085361e-01, 2.213454447247656e-01, -3.084249017698227e-01, 1.591378320451879e-01, -1.741120262478998e+00, 4.013381836031476e+00, 3.550499430119592e+00, -2.324034981259336e-01, 7.742072365397471e-01, 1.447925584350342e+00, -1.036289027562879e-01, -2.200485449420580e-01, 1.089024737930025e-01, 4.481054553973265e-03, 1.778370788379676e-01, 7.403034884628791e+00, 4.520723697953972e+00, -1.211409904048496e+01, -1.862046105265132e+00, -2.077982031682747e+00, 8.626244866424211e+01, 3.191792744527419e+01, -3.790722872430768e+00, 2.622535108732717e+01, -1.747275300617844e+01, -1.781490781630895e+01, -1.018596484314109e+01, -7.632431563328317e+00, 1.688795413138473e+01, 3.899611699178620e+00, 1.134398056466335e+01, -3.660429570746170e+00, -3.437482834245078e+00, -3.918487767204892e+00, -1.217940674864610e-01, 7.385282715106015e-01, 3.263471335661862e-01, 1.737065166152089e+00, -1.407317829535369e-01, -1.525793104859567e-01, 3.595786592145983e+00, -2.673490021920188e-01, -4.649624229079193e-01, 1.155960433183362e+00, -1.412575636808757e+00, -3.024889597875562e+00, 2.507348194073114e+00, 1.540969867155748e+00, -5.284819123749269e+00, -9.746395931276624e-01, -2.648165695894162e-01, -1.906907949453182e+00, 1.258121489267601e+00, -4.624826900934120e-01, 2.940239424539716e-02, -4.866793712012015e-02, -9.545938909551938e-02, -2.491297160652704e-01, -1.644501601566228e-01, 4.455503339542756e-02, -5.997119984198872e-02, -4.524947284867198e-01, 9.009126839454266e-02, -1.508335792166954e-01, 1.750595110571204e-02, 1.199261917298037e+00, -4.447708831833385e-01, -5.389715299739912e-01, -2.190137394958501e+00, 3.875590478946224e-01, -2.221452188611941e-01, -3.215841824603197e-02, -6.923017820530525e-01, 9.386976807962057e-02, 1.067408444123749e-02, -2.402936233956590e-03, -2.412991429989192e-01, -1.082920988081400e-01, 2.695720480911011e-02, -8.756630588920464e-03, 1.021355965599031e-04, -1.230661931002613e-01, 4.349961235862804e-02, -2.646295802015526e-02, 1.651754428598057e-02, 2.765694472681688e+00, 1.447240729944608e+00, 6.217590756466987e-01, -2.993119998710415e-01, -1.469653742002346e-01, -2.506335748098931e-01, 2.003084599718823e-01, 1.450406962689505e-01, 1.534654599487253e-02, 4.099732074755186e-03, 1.668757268161904e-03, 2.534386123659604e-02, -5.517695994963052e-02, 9.109517267603609e-02, -4.952619171252275e-02, 1.648629209353932e-04, -3.711298686996057e-01, 4.780891111362437e-02, -8.072499593278851e-02, 4.121395936492025e-03, -1.159827490731764e-01, 8.476912886728625e-01, 6.860422284806929e-01, -1.571623217153766e-01, -4.771289931816862e-01, -1.114607304097373e+00, 3.755098842818237e-02, -1.827655572395599e-01, 2.112046868967773e-02, -4.105607081990341e-03, 4.069879555114891e-04, -7.724744977515292e-03, 7.003658354427200e-02, -5.247410661288041e-02, 3.562218310604574e-02, 7.214714445515569e-04, -9.913921333327209e-03, -1.208959394179232e-01, 3.416394485258251e-02, -5.115544113615923e-03, -1.681957139482539e-01, -7.382996406172393e-02, -1.812757459757581e-01, -4.394878122237150e-02, -1.067624029973106e-01, -2.655441413262377e-01, 1.413190662437283e-01, -9.657680142240979e-02, -3.452311626866817e-02, 1.169848027691607e-03, 1.816886769434622e-04, -5.336763451788961e-01, -1.538288269854484e-01, -5.086434913520942e-01, 2.162759983218520e-01, 6.744360633992521e-05, 2.784130977679782e-01, -1.020349343803079e-01, 2.041853125658595e-01, -4.553788591096149e-02, 1.692741421617858e+00, 1.091298384599324e+00, 7.180677248843510e-02, -1.505662970298241e-01, -4.023127956358138e-02, -6.708584609884014e-01, 1.727787666282149e-01, 1.677174394699357e-01, 1.018636048306423e-02, -5.621099738135984e-03, 5.626746626938018e-04, 3.437307860837767e-01, -7.317926273444120e-01, -5.785572407378771e-01, 4.491873862646312e-02, 5.709577579811180e-04, 2.786540471571536e-01, -2.800910692245284e-01, 2.958365348185576e-01, -7.663135572447315e-02, 1.398766425161395e+00, -3.190673941196020e+00, -2.913562092959794e+00, 3.581881167118584e-01, -3.672209733910568e-01, -1.136571453736046e+00, 1.854712753658376e-01, -1.919237086477446e-01, -9.585824378892552e-02, -8.555630819652662e-03, 7.086233218374015e-04, 5.003198345808223e+00, 2.854084118410093e+02, -1.041782908405640e+02, -3.182965880819259e+02, 4.517902209374183e+02, 2.794056708604598e+02, -1.941339364016401e+03, 4.918244595919655e+03, -1.697269766117707e+03, 1.762537247782431e+03, 2.227195980300033e+03, 4.206902848965806e+03, 2.780093226742788e+03, 1.022175961600592e+03, -1.420620126414457e+03, -9.019629700641241e+01, -3.044962862130425e+03, -1.472109633977750e+03, -1.473227414339126e+02, -3.138400754836037e+03, 7.849766536445596e+00, 3.079923526502239e+00, 5.539708520682333e+01, -3.114875671603740e+01, 7.566474763250022e+01, 5.190723285271850e+01, 1.834995283905370e+02, -1.003421794484576e+02, 2.410234027245884e+02, 8.804711640082525e+01, -8.466291780933487e+00, 6.220827159277339e+01, 8.430774999294360e+01, 2.085244385628959e+01, -4.189165076057209e+00, -2.224835479795595e+01, 3.103784698474207e+02, -3.793201057797216e+01, 7.351215016073134e+01, 2.713085982563909e+01, -1.126701794177778e+00, -3.636897435044359e+00, 3.402825193117752e+00, -2.289015418825493e+00, 4.318765773415464e+00, 1.028396391988559e+00, 2.600318943442296e+00, -5.580289143012715e+00, -7.598252080953577e+00, -1.033860081697130e+01, -8.749181607473839e-01, -5.024128675358854e+00, -1.614456384227315e+01, -1.356796426670716e+00, 1.463322068744796e+00, -2.336972853690701e+00, 1.138091547162626e+00, 2.999228340902280e+00, -3.951004984183970e-01, -4.120473343928586e-01, -1.451617701493569e-01, 9.874559594023974e-01, -1.006663907387952e-01, -7.493764768855418e-01, -6.161443486995415e-01, 2.870075251796572e-01, -3.519300662712276e-01, -4.188780260403164e-01, -2.764048537183066e-01, 3.000237508283199e-01, -1.329699340823427e-01, -2.324465328798530e-01, 2.678866071913942e-01, -1.064209853164646e-01, -2.721388404226100e-01, -8.160688553625891e-01, 7.511032569621506e-01, 3.150085446086484e-01, 3.075396076984503e-01, 1.105635209320652e-01, -7.182332995042093e-01, 2.177005793144686e-02, 4.263787175508379e-01, 1.721228554355248e+00, 6.227611656556092e-01, 6.236554314282200e-02, 5.544215492992937e-03, -2.473691135396823e-01, 8.287734881958412e-01, -2.495309962426516e-01, -4.085300348068729e-02, 2.722596060238474e+00, 1.682918187520602e-01, 4.475226449471002e-01, -4.692364327014951e-02, -2.607014074168320e-01, -7.510690712326173e-01, 1.571164670654934e-01, 2.853093232956015e-02, -1.568850733762001e-01, -1.058456565611529e-01, 2.948466046653572e-01, 3.644274868355461e-01, -1.347272647980105e+00, 3.322293551688168e-01, 9.208124382478326e-02, -9.585427723069809e-02, -3.047115561804269e-01, -8.712501469842633e-01, -1.828942256183475e-01, 3.299352580392238e-02, -1.016868995736785e+00, 5.042176194999832e-01, 4.856812324615353e-01, -1.095064233721040e-01, -1.411365412182780e-01, 2.241139757803645e-01, -8.817946913180970e-02, 1.928816723870665e-01, -1.096999862569031e-01, -3.666100244133811e-01, 2.515357536535818e-01, -1.930758207513818e+00, -9.575620660148897e-01, -2.023907442791066e+00, -1.944943798394815e-01, -6.769985986999967e-02, 9.903875224922795e-01, -3.353899845152736e-01, 9.302932629956115e-01, 1.083679953474951e-01, 9.084759172016741e-01, -6.086303054838808e-01, 1.943347434625573e+00, 3.518099749022853e-01, -2.441639173527264e-01, 1.177957011857576e+00, -3.442886288204304e-01, 1.440851675416072e+00, -4.489542289510873e-01, 6.131565759669300e-01, -3.542658289928832e-01, 8.439737688405045e-02, -1.655591906882099e+00, -2.345628667481241e+00, -9.525870640333392e-02, 1.618083960958171e-02, 2.208454042284752e-01, -2.626512046844007e-01, 1.549079200524222e+00, 5.456641125261005e-02, 6.158952954306522e+00, 6.444410715547011e+00, -1.088752202361488e+00, 2.442711224197396e+00, -5.008347339163890e+00, -5.990902746899454e-01, -1.231596756303868e+00, 8.486880021933404e-01, -2.416712424666153e-01, 4.909538644477446e-01, -2.454331095481672e-01, -5.316569178938543e-01, 1.062258859250019e+02, 7.938261950954335e+02, -5.909708880258778e+02, 3.630656772763571e+02, 4.644676130067121e+02, 6.560026746416773e+01, 8.531904575999090e+03, 3.086862570626676e+02, -1.271369478915282e+03, 2.098277657480619e+03, -9.594996594256456e+02, -2.128187356185832e+03, -7.860168915764383e+02, -4.740213516633173e+02, 9.458461373783757e+02, 8.137593080931429e+02, -3.873362527589034e+02, -6.817762838281810e+02, -9.492708724302805e+01, -4.221551780333424e+02, 1.704052328317671e+00, -8.193050696256968e+00, -3.118912848247919e+01, -3.631255975120141e+00, 2.377921564113660e+00, -9.407148357208497e+00, 6.735544428822762e+01, -9.143619453468082e+01, -8.763223326627659e+01, -1.528679503996046e+02, -1.885399217374446e+01, 1.520884149376238e+02, 5.042468198011888e+01, -4.861510112499817e+01, -8.466872766995019e+01, -3.134747901223357e+01, 5.177559343313420e+01, -1.167672526457196e+02, 2.961219741763266e+01, -1.627487401107043e+02, -1.362733546247001e+00, -4.456865493411256e-01, 5.346612581715095e+00, 1.280118615115703e+00, -3.636759682356553e+00, 1.394862592207175e+00, 1.562703989356355e+00, -8.884712089352668e+00, 3.146181004102921e-01, 2.639925212740680e+00, 1.636158269889274e+00, -1.168972070341097e+01, -7.007855036199953e+00, 1.270387294377138e+01, 4.708321906898640e+00, 7.212522311945294e-01, 9.297607655315249e-01, 5.067750305476803e+00, -2.078754122066746e+00, -1.474328903010897e-01, 6.383648610515387e-02, 3.735714659673485e-01, 2.218012809261451e+00, 1.965583147327518e+00, -6.370055684667529e-01, 4.421870221881264e-01, -1.086149597804260e-01, -1.685236478006396e+00, 1.450679615259699e+00, 7.846163227232771e-01, -4.713924430118644e-01, 1.795990455553444e+00, 6.427787086268429e-01, -8.305345987225162e-01, -4.400392095107764e-01, 9.553002658432886e-01, -2.828160303659910e-01, -2.456957130845896e-01, -3.228959824264552e-01, 1.644946995261742e-01, 1.620510377214038e-01, -2.300947046587587e-01, 1.790952667789806e+00, -5.333486449063934e-01, 1.526269875895224e+00, 5.055987460451659e-02, 3.015599097387012e-02, -1.043680694393558e+00, -4.899034889466294e-01, -6.903148532181606e-01, -9.185844683782630e-02, -9.818808442675520e-01, 2.110171717959935e-01, 1.729582358490606e-01, -4.657822692454092e-02, -7.589786776946152e-02, -1.405842106001938e-01, 1.669597759292681e-01, 4.127963409397876e-01, -8.305068182969327e-02, 4.098387258478416e-01, 2.073629779282108e-01, -6.403357804233769e-01, 8.178218750473274e-01, 4.284940917662947e-02, -7.666783679882900e-01, -3.007480564637328e-02, 3.231242704270746e-01, 3.562329557997636e-01, -6.593635527566330e-02, 4.441178848314907e-01, -5.869101205370089e-02, 7.635766925593998e-01, 1.816850923045495e-01, -1.579037206107173e-01, 2.218570541691490e-01, 8.312517654006547e-03, -2.276329015226819e-01, 2.902100236163802e-01, 1.371570579631907e-01, 1.021936940772261e+00, -7.562830716374687e-01, -3.519103378536199e-01, 1.569100695830030e+00, 4.970281594504919e-01, 1.064913484450761e+00, 1.180760726275129e-01, 2.783288922162465e-01, 7.087750118735091e-01, -1.003240936960234e-01, -4.235735349325275e-01, 1.909070645935609e+00, 1.394929497875912e+00, 1.099067269283804e+00, 5.448698843175380e-01, -3.394280504816501e-01, -3.035480010760755e-01, 7.558730194444935e-02, 3.714756608552384e-01, -2.170901622681670e-01, 7.377356310521832e-01, -1.785913333485924e-01, -1.566603596708746e+00, -2.998446480119676e+00, 1.097512591208144e+00, -5.956680820291314e-01, 5.853777829477949e-02, 1.012540763509266e+00, -1.284504767485680e+00, -9.248914884660527e-01, 2.727136905289409e-02, -7.620688365350281e+00, -1.931487741299702e+00, -4.976238919301768e+00, -2.141250032315492e+00, 6.588373803467401e-01, -9.243870381935729e-01, 4.676989813946592e-01, -6.531578698193921e-02, 6.700571587381537e-02, 1.506917489583199e+00, -7.138070670448491e-01, -4.117742138452782e-01, -8.636347457326590e-01, 1.309632901887524e+01, -6.745342335211504e+01, 4.259451643115858e+01, -1.388828221477093e+02, -3.738892569730556e+01, -7.790397913317187e+01, -3.142322837250292e+02, -1.354873096516966e+02, -3.184650562351143e+02, -2.003379846798638e+02, 8.835028459966841e+01, -2.839645037772485e+02, -3.302238152771872e+02, -2.905429697668638e+02, -1.012831167916821e+03, -5.679699772583791e+01, 2.814625243254283e+02, -2.114489545306231e+02, 6.027132665830261e+02, -8.263777298229516e+01, 1.044114905150443e+00, -3.602057869576519e+01, 2.047256793696152e+00, -5.122389284288225e+00, -1.629205214278840e+00, 1.762220910469594e+01, 5.678744359643780e+01, 8.992729318454221e+01, 3.756490644516477e+01, -1.080310271167385e+02, -3.428909942617773e+01, 1.205968398974876e+02, 4.843776415326994e+01, 1.283782855007486e+02, -1.946979921417213e+02, 9.113515899863285e+01, 1.969441371897573e+02, 9.513181751542545e+01, -7.128772566528595e+01, -6.633266582323577e+01, -1.376799739837457e+00, -1.313572058114794e+00, 2.884345366628671e+00, 8.074185049073279e-01, -3.061167536355687e+00, -3.354995608019970e+00, 1.149562184469084e+00, -6.832970826209769e+00, -3.584236123909283e+00, 6.178782381885880e+00, -1.357895025840314e+00, 1.651843597654318e+00, -1.697029631440644e+00, -2.415437062719874e+00, 6.185234029279383e-02, 3.413901722193482e+00, -4.455858164172264e+00, -3.943702393978751e+00, 4.371914179019173e-02, -6.485446413128686e-01, -3.724475337071657e-01, 2.093669260115097e-01, 6.217134947571741e-01, 4.618999596327795e-01, 1.029103234222651e+00, 3.266010684695353e-01, 4.132104731553188e-02, -1.511436229010567e-01, 5.028650023279007e-01, -3.390411108783546e-01, 1.230839590380184e-01, -8.440703284587662e-01, -4.864749061061495e-01, -5.977451771584972e-01, -2.330688899278303e-01, -1.624927801350515e-02, 4.919062965425191e-01, 3.089170975559249e-01, 3.499833111917305e-01, 1.206651502287296e-01, -1.294618196041395e-02, 4.464931949710742e-01, -1.429521447851687e-01, 1.744188726652915e-01, 1.062029929371685e-01, -1.467526031250137e-01, -1.325108335535287e-01, 2.222540392525317e-01, -1.185977975066615e-01, -5.308305818531402e-02, -7.452869726318302e-02, 3.427455194284531e-02, -2.882085503880332e-01, 4.643199891329178e-01, -8.686835113040114e-02, 4.266173264308054e-01, -7.395264769630040e-01, -5.401527265147471e-01, -1.650044682445061e-01, -2.034055840361661e-02, 9.788539837827742e-01, -7.253159657880109e-01, -1.426620812386991e-01, 6.673515072924012e-01, 1.047645369239990e+00, -1.633442472162817e-02, 1.338063132229675e-01, 1.365666893963950e-01, 3.785453537308719e-01, -4.994130012309601e-01, 2.136811085018658e-03, 6.818388050528335e-01, -6.120715454254764e-01, -4.554875146084947e-01, -8.911393770381845e-02, 7.824428314635017e-01, 1.317490281011347e-01, -4.719674003302772e-01, 5.795395924636532e-02, -1.958408585590141e-01, 7.982418361155942e-01, -4.680537235801205e-01, 9.782389520507504e-01, -8.675860519467025e-01, -1.754034233194516e-01, 1.195023838616403e-01, 9.125159527512371e-02, -5.738273039073221e-01, -4.354857162875239e-01, -3.730245903924665e-02, -9.582211055621351e-02, -4.069953319053615e+00, -2.285597779350066e+00, -2.076531164557546e+00, -6.210014313552920e-01, 2.389965059112831e-01, -8.381187739996665e-02, -4.750262635856045e-01, 6.446180095064411e-01, -6.538286304280644e-02, 2.176097057480404e-01, -1.412662046377412e-01, 7.926288661361651e-01, 9.326471211789743e-01, 1.670112542830411e-01, -1.444205709047701e-01, -7.165362216901894e-03, -9.058326812980989e-01, 5.606111268784402e-01, 1.488408725241598e-01, 3.589984667658153e-02, 2.436715636360050e+00, -4.799351604965067e+00, -1.356133579334204e+00, -1.696303817786844e+00, -1.380024887698009e+00, 8.507663126921375e-02, 1.714119605219832e-01, -6.170007503080380e-01, -2.099687809162639e-02, 2.139136409962795e+00, -1.022805315180457e+00, 4.571870160903411e-01, -2.855831773919057e+00, 4.930210254059971e-01, -4.006893145875480e-01, 5.064796042919863e+02, 2.214535547529662e+00, -1.945128072530109e+01, 1.197071504155367e+02, -2.336645564136647e+02, -3.322816452497894e+03, -1.693727401903275e+03, 4.897040373586211e+02, -8.551908132967307e+02, 1.075532101295151e+03, 2.120098203146443e+02, 1.966329618189722e+02, -3.475098443565583e+02, -9.212725010432395e+02, -2.609694543693723e+02, -2.898880957464777e+02, -3.974346227963467e+02, 2.757669363623726e+02, -4.977874132372425e+02, -1.662396101575996e+00, 9.247379227273942e+00, -2.503437697728549e+01, -4.230372032561959e+01, 1.242649541887216e+01, -1.646570226689951e+01, -2.902292989871840e+01, -1.019748517395628e+02, -2.648250220221327e+01, 5.376290144971068e+01, 9.920020879117304e+00, 4.343515383335106e+01, -2.593080606837780e+01, -2.187660144862431e+02, -1.036021382304954e+02, -4.171734173079612e+01, -6.581156683265921e+01, 4.055709795328885e+01, -7.411536414027736e+01, -3.824011124980237e+01, 6.187031246080928e-01, 1.091234463379689e+00, -4.448417744406288e+00, 1.783444013842944e+00, 5.327071859796708e-01, 6.295381920584716e-01, -1.515533352635752e+00, 9.723726130460481e+00, 2.152889876379157e-01, -2.184815397334861e+00, 9.158374181935187e-01, 4.418968037272861e+00, -7.923258285751124e-01, 1.830611225289815e+00, -3.327069891439832e-01, 1.983579214699515e+00, 1.361320798447867e+00, 2.226560910635311e+00, 3.257609011568074e-01, 4.065271032225838e-01, 2.958532993496940e-01, -6.454932613654994e-01, -1.833448849465261e-01, -6.202994306053031e-02, -2.006537140424484e-01, 4.531239445974176e-01, 1.569476715041948e-01, -3.725396625961009e-02, 3.221983690151094e-01, 1.938673565891713e-01, -3.225199259291580e-01, 2.158674946490828e-01, -4.516283091040633e-01, 2.013855538645933e-01, 1.525552742329931e-01, -4.469442821803020e-02, 2.264515745357530e-01, -1.995276929122615e-01, -4.304655452664519e-02, 2.814588825645516e-02, -1.447997664548531e-01, 3.735908633865084e-01, -1.394327218700172e+00, -3.663469355000260e-01, -3.286116399841087e-02, -1.411743137008479e-01, -1.092198426077226e-01, 7.422418837213353e-01, -2.732009580251436e-01, -3.357620239470715e-02, 7.287986902531890e-02, -1.475167321761472e+00, -4.146327626281081e-01, -7.040207153876353e-02, -2.527127045781699e-01, -2.467657527334685e-01, -8.966483927187081e-02, 2.711830136417048e-01, -3.558041805494692e-02, -4.049564216011433e-02, -3.919644071082189e-02, -7.772599737216360e-02, 5.817709495465020e-01, -7.207873612636068e-02, 1.934371423172719e-01, 5.887820927224388e-02, 2.157126244385821e-02, -2.982920378817477e-01, -1.035783284205540e-01, -6.704599605419805e-02, 1.814793124368155e-02, -7.938706234951481e-01, 3.695630354242952e-01, 2.552063320783590e-01, -1.184557245418992e-02, -4.835458951062343e-01, -3.570152622188660e-01, 1.430660701769465e-01, 5.588381854047457e-02, 1.106844761520750e-01, -2.348978783295704e-01, 7.295273109445836e-02, -1.921437515923309e-01, -3.697625586286661e-01, 1.461180791816459e-01, -3.027776015261541e-01, -1.359324332193469e-02, -1.612164669485135e-03, -1.812739381790591e-01, 3.628669017747240e-02, 5.872803216963444e-02, -2.092675508488658e+00, -1.703775057045582e+00, 8.745996548331357e-02, -3.635980707440158e-01, 3.330826517754429e-01, 3.337943946080898e-01, -1.762454592409751e-01, -1.262517666718311e+00, 1.072048143855395e-01, 6.266013192915072e-02, -8.840979100099487e-03, -4.350662380826359e+00, 1.323616021913550e-01, 5.187359421625821e-02, 1.298417863834875e+00, -3.281132846664903e-02, 2.516203322286533e+00, 1.169688302628566e-01, -1.517169455819435e-01, -7.366170308508941e-01, -1.420540527834165e-01, -2.087695729010565e+00, -5.695405078292637e-01, -4.284274710526511e-01, -1.306539661022514e-01, -4.371701815019587e-01, 9.096700508136595e-02, 1.399057735042007e+00, -2.130315217465784e-01, 2.680496615499882e-02, -1.731098441288563e-01, -2.213105944525779e+00, -2.209984334711453e+00, -1.684165303999794e+00, 9.517918339127260e-01, -1.545373506052116e-01, -6.200200423938301e-01, 1.296377100349577e+01, -1.382953857709623e+01, 4.811211020690487e-01, -4.219695301640611e+00, 2.531179719076083e+01, 4.201157785145184e+01, -1.808048128427669e+00, 2.616482778659999e+01, -2.120884145711069e+01, 1.600756358846305e+01, 1.122936784842812e+01, 1.145174943777046e+01, 4.511879529818279e+00, -1.015351141969432e+01, -2.415564215646282e+00, 1.371175548279009e+01, -2.114409897306835e+01, 1.485251282100345e+01, -1.826929525305310e-01, 3.557228257488869e-01, 8.540067122966963e-01, -4.181354247811394e-01, -6.457753812513679e-01, 5.015883240652085e-01, -4.295994921863844e+00, -1.767295221394349e+00, 4.825508460681224e+00, 7.659733053352650e-01, -4.183793084431441e-01, -6.976279838728121e-01, 1.597443240895992e+00, 5.693987123161968e-01, 3.998626629145587e+00, 1.611282324760583e+00, -1.672979518219032e+00, 8.413882853443738e-01, -1.413105646694654e+00, 1.983555860659786e-01, -1.421818889586284e-02, 2.899879751242127e-02, -3.146500670280925e-02, 4.187347547092423e-02, 3.827291916211625e-02, 1.335896413043531e-02, 9.317853306447615e-03, 1.778296741287787e-01, -6.337869628712203e-02, 1.169351508850255e-01, -4.190960136874237e-02, -1.407465538609222e-01, 1.995142017874707e-01, 1.707059959116334e-01, 5.301687410380238e-01, -2.350891899598797e-01, 1.574539531023151e-02, 4.865022915549672e-02, 1.871148277522039e-01, -4.323348121237299e-03, -1.507943903364007e-03, -4.258791617707527e-03, 1.936203429761565e-02, -9.774559216278756e-03, -3.023779348059974e-02, 5.288769214879398e-03, 1.596823482769009e-04, 4.540522321005156e-02, -2.711396409310986e-02, 1.926989733540985e-02, -8.293028513232183e-03, -6.915759717890315e-01, -3.420820708862500e-01, -1.431673749993030e-01, 7.283263323319880e-02, 5.446179676298974e-02, 5.504953826175535e-02, -5.609634909571424e-02, -3.896013932159082e-02, -4.539432590321752e-03, 1.654743155115580e-03, -1.092395920796409e-03, 7.051422734240957e-02, -2.708010745510651e-03, -2.701961234805321e-02, 1.638879038083531e-02, -1.923731996901117e-05, 5.022857865287438e-02, -1.493343781584946e-02, 2.037465363655166e-02, -5.869976413515581e-04, 3.433447416396116e-03, -2.650628469761623e-01, -1.990658743569278e-01, 4.574066765589618e-02, 1.142613624974006e-01, 2.951604531433142e-01, -1.614703852019023e-02, 4.799352642985472e-02, -6.146378421592104e-03, 7.383381480506624e-03, 4.725308308943784e-04, -2.481274061510245e-02, -7.153851507996996e-02, 8.098656365596611e-03, -2.760763472528985e-02, -8.723113598388611e-04, 1.712155034999671e-02, 5.274230711305718e-03, -6.294858431799086e-03, 8.542736397032622e-03, 5.260383553119607e-02, 2.492085239777246e-02, 6.022469013109288e-02, 1.616012113851388e-02, 3.186704233563890e-02, 7.956963728255229e-02, -3.418518127388428e-02, 2.307912303729606e-02, 7.445162893907922e-03, 3.805054865245187e-03, -1.051715386830189e-03, 1.328639409445277e-01, 4.330762804085721e-03, 1.398869293128316e-01, -5.879219259253024e-02, 3.088097328360748e-04, -7.438439841295320e-02, 1.025962261242649e-02, -5.524240897996637e-02, 1.660921748741001e-02, -4.231358579973896e-01, -3.308204302899895e-01, -7.210887287296492e-03, 6.551606574894327e-02, 5.021794665918496e-02, 2.000149835816664e-01, -4.454535168700330e-02, -4.337022562668787e-02, 1.565984587033018e-03, 2.791236390651731e-05, -5.604460614517553e-04, -1.184349784182424e-01, 2.043347788243856e-01, 1.828057922934826e-01, 8.235875881324767e-03, 1.870019961787078e-04, -5.664712822584794e-02, 8.881061416109153e-02, -9.388239315076777e-02, 9.905430005213997e-03, -3.687128988713684e-01, 7.711580079013080e-01, 7.672354090206218e-01, -1.098478058469775e-01, 1.221018703958296e-01, 3.151493254309858e-01, -6.121191160805205e-02, 1.009134176186486e-01, 3.047765669021947e-02, 7.086079347793480e-04, 5.175812187004504e-04, 8.656101641206208e-02, 4.545910837189623e-01, 6.431668255819242e-01, 1.360010574529091e-01, 7.031127310109008e-05, -5.121261820062985e+01, -1.149776732366221e+03, -3.618938924339727e+02, -2.978288044313915e+02, 2.784565484726448e+01, 3.661327312130059e+02, -2.042169318907658e+03, 5.213529137826165e+03, -3.001795720958610e+03, 2.091245830890261e+03, 3.374730804737304e+03, 4.875505777574838e+03, 3.344462784689675e+03, 4.878239816077573e+02, -2.829869179660216e+03, -2.227666949243260e+02, -3.968771114633319e+03, -2.356723537095988e+03, 6.445491696704487e+01, -4.980963737475077e+03, 3.119493651881110e+00, 1.210877422004417e-01, -4.900929543071823e+01, 1.582450383306469e+01, -5.268904397457018e+01, -4.143055681460326e+01, -8.641407796430821e+01, 1.642120648049794e+02, -1.258088885402326e+02, -4.274632177883844e+01, 4.999991934457734e+00, -8.458770007486581e+01, 5.749476748113094e+01, -2.491273622411569e+01, -4.395104406921611e+01, 3.677092615965540e+00, -1.653482758433950e+02, 9.648032811755863e+01, -4.973712433391808e+01, 6.491615924727732e+00, -1.350869983869847e+00, 3.698076117070410e+00, -2.350609684446203e+00, 1.264954188608962e+00, -2.377903809929169e+00, -9.175345976476444e-01, -2.625931745744799e+00, 3.459988480695344e+00, 4.595839684621356e+00, 5.978249631880603e+00, 1.155434103830761e+00, 5.212561427695113e+00, 1.098197913435665e+01, 4.297097474894674e-01, -1.022541171691603e+00, 1.715648248338938e+00, -6.577536901143630e-01, -2.657794475398122e+00, 5.189551825726645e-01, 6.353599095972816e-02, 2.023203021810722e-01, -3.304271080340858e-01, -8.754993112586631e-02, 5.284528623135147e-01, 4.363327480761135e-01, -2.988072082364794e-01, 1.374434685267914e-01, 4.188024500775165e-01, 1.802875764341146e-01, -2.079146019401640e-01, 1.592442563209422e-01, 2.203779662297930e-01, -8.741418795273387e-02, 6.729898476663712e-02, 1.419843560380269e-01, 5.318057642488007e-01, -5.624154812912336e-01, -1.724720194409631e-01, -2.025283378681168e-01, -7.337765211099563e-02, 6.423842532032504e-01, -1.340580097003806e-01, -1.961152272995713e-01, -1.465543121572612e+00, -5.489914543706034e-01, 1.930680619682146e-02, 1.065685015388082e-02, 1.165616199048260e-01, -6.907190685640088e-01, 2.346399292798595e-01, 5.095336249595522e-03, -1.908206124823072e+00, -1.460007191628424e-01, -2.266279557972963e-01, 5.811725508055590e-02, 1.862536557013602e-01, 5.638817868847649e-01, -1.008565396141411e-01, 2.755434212713435e-02, 1.096877516154209e-01, -1.978143730670184e-01, -1.001512846999206e-01, 4.077690630856157e-02, 1.093481205057403e+00, -1.493308109929091e-01, -2.140573216788027e-01, 5.604750210412731e-02, 9.892776478211404e-02, 6.627844022379389e-01, 9.284200848193563e-02, 3.310290487389252e-02, 5.758432690616672e-01, -4.756002382361016e-01, -4.858159809805342e-01, 1.138980353187155e-01, 1.166557072862823e-01, -1.994555488767833e-01, 6.840942257947327e-02, -1.259907991905566e-01, 9.077753861622466e-02, 6.376833943421571e-02, -9.931176270457844e-02, 1.312227500402355e+00, 1.197713925187761e+00, 1.771375829327267e+00, 2.025740697453124e-01, 3.887923984242780e-02, -6.729865123135709e-01, 4.283136420164245e-01, -8.120269011853488e-01, -1.034344988687093e-01, -7.855150385771149e-01, 1.125439094662972e-01, -1.277854345777327e+00, -1.222229048181507e-01, 1.067590512044919e-01, -7.407214463212741e-01, 3.721930994149331e-01, -9.873007022926139e-01, 3.347553827621500e-01, -7.304624432812091e-01, 4.002561992379184e-01, -1.729043435452900e-01, 1.806759081862774e+00, 1.573988329309945e+00, -3.907744699293720e-02, -3.732324678989834e-02, -1.331591304603623e-01, 5.126162347204365e-01, -1.016440897206933e+00, 7.779608567093933e-03, -4.658372767377951e+00, -4.371946165469440e+00, 1.067124634773789e+00, -1.616220891497384e+00, 3.408735382820000e+00, 2.184447430545143e-01, 7.672225331696129e-01, -6.267193928783289e-01, 9.889418504397918e-02, -2.454345776110616e-01, 8.656077214162261e-02, -5.759909722238143e-02, 1.264552409260005e+00, -3.419323601550803e-01, 2.090473176131089e+00, -4.018448871520577e-02, 3.138504844970381e-01, -1.896970785976980e+01, -4.946953335832990e+02, 1.129808233622423e+03, -9.563624944775783e+01, -4.010890759117682e+02, -2.610000773945669e+02, -5.304264386201145e+03, 1.060937780422048e+03, 3.443371562376600e+02, -1.844814644777085e+03, 4.386816671453043e+02, 2.815658416480748e+03, 1.133317034766482e+03, 7.288478163579654e+02, -1.389529205364042e+03, -1.145571586941754e+03, 3.442238890738029e+02, 9.831908237927133e+02, 1.864439438218678e+02, 5.903869739474954e+02, 7.301164236551494e+00, 4.035552188530528e+01, -2.789419694924118e+01, 2.424412714935223e+01, -9.018421058699040e+00, 1.767164921328199e+00, 1.181596149196338e-01, -4.525842202688750e+01, 3.428996903864562e+01, 3.574849897598218e+01, 6.826539554782296e+01, 4.709973614176076e+01, 6.570972226732130e+01, 2.353327517043189e+01, -1.351877582841805e+02, 1.092230822074543e+02, -6.517742883505838e+00, 6.029653458713732e+00, 1.043104051811069e+02, -4.786211989054062e+01, -1.318837521535558e+00, -1.579576300750827e+00, 4.261648692726132e+00, -7.281726317453251e-01, -1.768977636543580e+00, 9.574061954952645e-01, 1.235988100152004e+00, -7.041278376474368e+00, -2.977613314559280e-01, 3.959330220183124e-01, 5.481584541509409e-01, -7.677884041844282e+00, -3.578298391766494e+00, 9.158991283722429e+00, 3.979090456630065e+00, -1.111056756648333e+00, 2.825192049066414e-01, 3.651179375533125e+00, -2.028845254288857e+00, -3.117778079947903e-01, -3.296583572718862e-02, 2.771033595558860e-01, 1.410687394922386e+00, 1.334337068911492e+00, -5.500416456336790e-01, 3.188182041801648e-01, -5.589590471354538e-02, -1.114558626552027e+00, 8.450713904130366e-01, 6.137943301694224e-01, -3.089754527401151e-01, 1.347079796953921e+00, 3.423905277286995e-01, -6.213152733878929e-01, -4.533650068578937e-01, 6.668399776433170e-01, -2.009790163397477e-01, -1.330819639410021e-01, -1.726188849618700e-01, 1.245813736010321e-01, 2.176904965992014e-01, -2.700681542865348e-01, 1.161717383105433e+00, -4.425608956233138e-01, 1.108560519601997e+00, 8.267123569503015e-03, 3.276525657930934e-02, -6.622449358150011e-01, -3.335254307554384e-01, -4.870956418945122e-01, -6.581703041667525e-02, -6.705020457711788e-01, 3.612603717114534e-01, 1.123928237825745e-01, 1.990823347827923e-03, 6.901069191741452e-03, -2.039796170960650e-01, 8.705339740561581e-02, 2.702514161881727e-01, -6.756320813665055e-02, 7.796469601115663e-01, -9.445369359701861e-02, -3.398805075640488e-01, 7.566019655684111e-01, 1.392835016495116e-01, -5.078265946898307e-01, 9.628224359360728e-03, 1.760587167745162e-01, 3.006136508912104e-01, -9.096351215353937e-02, 2.925041494247319e-01, -3.065375559508032e-02, 4.390804429674604e-01, 1.817615327321772e-01, -1.459988714985644e-01, 1.348453250525887e-01, 6.117168576488635e-02, -2.194823496926129e-01, 1.588172805391235e-01, 9.934240777369073e-02, 8.149131018759662e-02, -3.341213090538975e-01, -1.730700314848370e-01, 1.300213107069580e+00, 7.394541136484654e-01, 6.016220873761262e-01, 5.730721507390817e-02, 1.516389787638568e-01, 5.896283382980458e-01, -2.357105090834823e-01, -2.377352618578193e-01, 1.321547967462700e+00, 1.462030114318882e+00, 7.075411183543037e-01, 3.732021655991831e-01, -3.698406361026096e-01, -3.752300873731443e-01, 1.231481172540781e-01, 2.535426994827652e-01, -1.668298789507874e-01, 5.189714945215554e-01, -2.232894336380128e-01, -6.347223884560915e-01, -3.122674671785254e+00, 1.001661361590900e+00, -5.504530082663835e-01, 5.827556214820579e-02, 4.832820082880297e-01, -1.427818657815519e+00, -7.375858685825590e-01, 6.741938587271408e-02, -5.105047808385394e+00, -1.926871282083675e+00, -3.975266562087718e+00, -1.337629039797921e+00, 6.391034667996960e-01, -7.839562147865928e-01, 4.843352644660014e-01, 4.852835813008839e-02, 3.538380327152486e-02, 7.138078762586021e-01, -4.545920697135064e-01, -1.264515051511923e+00, -6.545388060537981e-01, -2.181400184241578e+00, -1.560847287482777e+00, 1.723952880199253e-01, 1.614708958298485e+00, 3.902720445919842e-02, 1.288439746724778e+01, 1.858291281700200e+02, -1.791077708610784e+02, -1.887436720911084e+02, -1.272211844031885e+01, -4.005778044674795e+01, 9.352059746939997e+01, -1.378427714154908e+02, -6.791309678999621e+02, 4.404369179263061e+02, -1.570569439238109e+02, -3.027969331620367e+02, -1.214311330090618e+02, -1.574292226262661e+02, -1.280767149694120e+03, -2.811891875644175e+02, -1.778558930736600e+02, -1.286379018425382e+02, 1.941449010646132e+02, 1.869569912901532e+02, 8.032372447353671e-01, 5.559465733568763e+00, -1.825326636643048e+01, 6.610224529393887e+00, 7.513478858875334e+00, -9.025987222276143e+00, 4.287722614323444e-01, -3.475867085559313e+01, -9.430364957109710e+01, -2.942921096553914e+01, -2.049597784486481e+00, -7.955406047746318e+01, -5.442877733970267e+01, -3.903520118068432e+01, 6.312911625357268e+01, -2.779494172721600e+01, -1.906898178698226e+01, -6.728302498572886e+01, -6.240834358799779e+01, 1.883169058619437e+01, 1.120702026162004e+00, 1.676667885961509e-01, -2.640530174805637e+00, -7.450272916702441e-01, 1.475688693713099e+00, 2.147740680289405e+00, -4.110956841228084e-01, 5.890124445985544e+00, 2.310783365057285e+00, -3.464351224175051e+00, 8.381911574016068e-01, -5.980381404365102e-01, 1.880827567021329e+00, 1.558462674707916e+00, 8.091763871900929e-01, -2.170325865163168e+00, 2.610647624558694e+00, 1.896290194922850e+00, 5.549783793496198e-01, 5.362250814367957e-01, 1.239675291974962e-01, -1.083388346359289e-01, -5.037203919166678e-01, -2.461585616980624e-01, -7.653277578765388e-01, -1.975849956867646e-01, -3.403867752690121e-02, 1.803852461813193e-01, -2.870526882023346e-01, 2.947552596586641e-01, -7.489742252193998e-02, 5.888696218582820e-01, 2.786194901285082e-01, 3.896179945485114e-01, 1.112852843056035e-01, 4.017203702966069e-02, -2.860852607081783e-01, -1.842465821210610e-01, -3.023613015954021e-01, -7.832687872648575e-02, -8.551784983783605e-01, 5.583566540225442e-03, 7.271002350894092e-02, -2.780913333468740e-01, -2.888985636557544e-01, 8.723979747469354e-02, 5.166119154041101e-02, -1.478265469581227e-01, 3.274230182179496e-03, 1.263883868390643e-01, 4.891940962977871e-02, 3.287733511587110e-02, 1.354785959166270e-01, -3.401731864105970e-01, 4.260605172656376e-02, -3.154229981249387e-01, 6.184919048077253e-01, 3.345098726690998e-01, 1.423795383471327e-01, 2.423942404599397e-02, -1.054050402177234e+00, 6.369724084254077e-01, 3.602988572098036e-02, -5.753457592044382e-01, -8.781156489634721e-01, 1.022993192721226e-01, -1.119846034531910e-01, -7.365624356576161e-02, -3.096068018573412e-01, 4.144764483799882e-01, -3.486567664608815e-02, -4.729592034393171e-01, 4.690052312107835e-01, 3.200643585617051e-01, 8.480080841003185e-02, -5.692520632317841e-01, -8.944069233143978e-02, 4.011643225536164e-01, -3.492548805146325e-02, 1.587213657318179e-01, -5.917328953277639e-01, 2.868224566313145e-01, -4.344137187587342e-01, 7.976611872191326e-02, -4.199408414112236e-02, -1.074922867845548e-02, -5.359504290191543e-02, 3.029929456530421e-01, 6.805510156706455e-02, 9.184448711183606e-02, 3.168295913454456e-02, 2.736958961443904e+00, 1.493013370802695e+00, 1.791257292821373e+00, 4.482810847421558e-01, -2.415654245988318e-01, 6.089469620623621e-02, 3.895519113348201e-01, -4.939609220886076e-01, 7.649098813597265e-02, -4.946262000011944e-01, 1.990891675614106e-01, -4.901116442196355e-01, -2.123261343963783e-01, -1.956466486270426e-01, 9.175410351128652e-02, -4.774277183605189e-03, 5.849635654163067e-01, -2.154762941806913e-01, -5.001818140840351e-02, -1.805492811379709e-02, -1.835548624030666e+00, 3.532222731314764e+00, 9.384600922321014e-01, 9.662898367668771e-01, 8.389796789145623e-01, -3.966997187021002e-01, -3.871171380863233e-01, 5.774689429922819e-01, -1.468121645517225e-02, -1.022804583037294e+00, 6.431664131647539e-01, -3.418692743436388e-01, 2.181397212918350e+00, -6.851700170262203e-01, 9.424494844172784e-01, -3.051554194777491e-01, 2.649184471331732e-01, 1.645469801987147e+00, 2.016537052644222e-01, 3.539749469633568e+00, 5.220875288702221e+02, 2.693219415497331e+01, -2.818871396003690e+01, 6.243632414379402e+01, -2.107408055136265e+02, -3.910350305733566e+03, -1.608260209238307e+03, 6.404203499731274e+02, -1.107864083252279e+03, 1.027632402314975e+03, 2.753608263246416e+02, 3.022874641815264e+02, -1.787796473340384e+02, -1.074000789387281e+03, -3.266477457573424e+02, -3.205198135334861e+02, -2.845181656992611e+02, 3.142063410623174e+02, -2.180961748594973e+02, -2.216419892330831e+00, -1.032512071886310e+01, 3.314645566538935e+01, 1.677900176619892e+01, 5.880982220890895e+00, 1.250302921343736e+01, -1.785628062969045e+01, 6.037355442324414e+01, 1.096616421027400e+01, -2.020984655410773e+01, -1.580040163274391e+01, -1.388193897524936e+01, 7.479370057417104e+01, -6.974162627028025e+01, 6.489189446491514e+01, 1.054751075987329e+02, 2.998743327647814e+01, 3.854222296555194e+01, 6.256088828090842e+01, 4.062056779670891e+01, 4.615085677980771e-01, -9.814639731754116e-01, 2.582993586551973e+00, -1.192661492446794e+00, -1.787110291224696e-01, -4.827286612629478e-01, 1.428783724818507e+00, -6.190184059207401e+00, -5.668097152438436e-01, 5.853806018169374e-01, -6.501314119264316e-01, -2.977300630239504e+00, -1.991991804916435e-02, -7.322670231599581e-01, -1.183446375694447e-01, -1.847156405272194e+00, -5.827000504982092e-01, -1.694508067435486e+00, -5.948626352521120e-02, -3.414311564671990e-01, -2.032572137355151e-01, 3.368512196627838e-01, 3.830210783229128e-01, -1.126453359355232e-03, 1.298736152679701e-01, -3.519240556958748e-01, -8.914137577137947e-02, -1.761564801326777e-01, -2.082528195535343e-01, -1.285396683938819e-01, 2.610359815373819e-01, -1.441352997873523e-01, 4.045958976019652e-01, -1.748201283518558e-01, -8.497037081519031e-02, 2.449439335377140e-02, -1.816275065245131e-01, 1.591643184367107e-01, 2.869785348121351e-02, -1.899819094276789e-02, -5.059980230725327e-01, 1.893768614191686e-02, 1.241129965773184e+00, 1.687678068135375e-01, -2.950848576605822e-02, 9.661840619681658e-02, 3.691452467749649e-02, -6.235059953763837e-01, 1.382275300362742e-01, 4.251003462724956e-02, -5.402121888718672e-02, 9.762305750974289e-01, 3.229404710795180e-01, 1.667204634950447e-02, 1.738316299869399e-01, 1.877435346075011e-01, 8.124784529360783e-02, -1.571899366393435e-01, 3.302225414201974e-02, 3.037943145154387e-02, 4.577859972284888e-01, -1.494899805156741e-01, -4.229783809791923e-01, -2.507846936430511e-02, -1.776684608954693e-01, -3.032637272622392e-02, 1.489293327984498e-02, 2.133879624006913e-01, 5.196792382638617e-02, 6.613783073623865e-02, -9.990153598117611e-03, 6.902276368693445e-01, -2.894523247534517e-01, -1.966148702374791e-01, -3.195079144188706e-02, 3.484656664274328e-01, 2.670727666976303e-01, -8.645250535984941e-02, -4.630838223539696e-02, -7.861544372329556e-02, 4.011077712268942e-01, -1.639284035670887e-01, 1.087832456885247e-01, 4.301780636839311e-01, -1.076804628777427e-01, 1.367592925934575e-01, 2.788374477060182e-02, -1.498695814784045e-04, 1.946344813733144e-01, -4.133097766948332e-02, -3.533529815441990e-03, 1.420036825024288e+00, 1.218227456500988e+00, -6.201740055683484e-02, 1.967995174111672e-01, -1.147923471094890e-01, -3.710421993862046e-01, 1.704925006246554e-01, 8.938526138045270e-01, -1.020549248648446e-01, -3.686511974033277e-02, 4.221713152016726e-02, 3.096981899108982e+00, -3.111710889886483e-01, 4.230858538598667e-02, -1.001554773208176e+00, 1.078100111808724e-02, -1.743879237896063e+00, -1.976525436641533e-01, 1.028746109237694e-01, 5.262549595370390e-01, 1.504672701847642e-01, 1.455042167594428e+00, 4.420041130012604e-01, 1.624532706336891e-01, 1.297219454705143e-01, 4.419070565175251e-01, -5.975250166327327e-02, -1.257670798292141e+00, 1.413843515775319e-01, -1.731099291418588e-01, 1.360010994808976e-01, 2.090482586157839e+00, 1.560861741704854e+00, 9.424600462112085e-01, -1.212682039757680e+00, -6.360055235860899e-02, -1.821040113934755e+00, 1.094830137438147e+00, -4.656808709437698e-01, 3.682207009874935e-01, 4.814402534823851e+02, 2.979404905795510e+04, -1.171254847903287e+03, -2.874158672254006e+04, 8.080827948909579e+02, -4.108787377018612e+03, -3.206896504278702e+05, -1.547558439277408e+05, -1.102925296095007e+04, 5.200206839365885e+04, 2.461335553017509e+04, -7.227636314845750e+04, 1.647866691965132e+04, 1.019608239799967e+04, -6.337800307327653e+04, -3.851259229209209e+04, -6.993850489218862e+04, 3.172882822897243e+04, -5.565917593765814e+04, -5.060163880830497e+03, -8.664104571330114e+01, -7.742528404083147e+01, -3.614435469318899e+01, 1.193721079283100e+02, -4.558624326142385e+01, 3.053964257552676e+01, 1.566174300675641e+02, 1.797828619024692e+02, 3.350449141372797e+03, 9.403649605561035e+02, 1.927938879664607e+02, 5.196491409826194e+02, 1.590205003912572e+03, -1.214648045913825e+03, 4.164662200389171e+02, -1.802545678640159e+03, -1.000779239958951e+03, 8.070941842285600e+01, 1.049493015951171e+03, 2.546005721953539e+02, 7.261528079125151e+00, 3.866032766642357e+00, 5.560489968658927e+00, 2.505315212652566e+00, 2.824844744130510e+00, 1.035891767503457e+00, -5.472292490655961e-01, 6.525159093812369e+00, -1.813613562576706e+01, 4.493819792001334e-01, -2.454627734819971e+00, -1.052670415928578e+01, -2.902705536400076e+00, 7.371343641815009e+00, 1.397725885919126e+00, 2.737566888343724e+00, 6.832335261466493e+00, -7.407210620209843e-01, -6.881335728241235e+00, 2.544959599444022e+00, 2.505468184470174e-01, -1.387830791513009e+00, 4.567039409216711e+00, 1.734327467295450e+00, -2.388692533318587e-01, -4.589024319701222e-01, 3.359108803065502e-01, -3.599564921743050e+00, 1.692429772556822e+00, 2.812582444381721e-01, 1.137915551606022e-01, -6.592237617840905e-01, -1.874880758757315e+00, -1.894709622925312e-01, -8.654017415119594e-02, 4.700246021802634e-01, -3.273532606116103e-02, -9.840649635535026e-02, 1.067427336855142e-01, -1.589734928969655e-01, -1.564400824492474e+00, 1.006608222417308e+00, -4.356170630722302e-01, -1.323288994639845e+00, -1.084772878136467e+00, -2.857769028840994e-01, -1.906152934253078e-01, 4.852499777121672e-02, -7.081942548200518e-01, 5.733925886434286e-01, 2.016488786323470e-01, 2.645016325851891e-01, -4.851068539585724e-01, -7.708853865870225e-01, 7.243660332897692e-01, -5.777028494132795e-01, -7.467287898096144e-01, 7.186942781726684e-02, 2.685246405411520e-02, 1.424798667610758e-01, 7.842008077286891e+00, -4.118942740298664e+00, -3.020817427805764e+00, -5.298476401621641e-01, 4.782165041646244e-01, -5.554064570273283e-01, 6.385806758749254e-01, 1.471033664189708e+00, -3.013909178935674e-01, -2.913829594164119e-01, 2.121400996754596e-01, 1.523046643799177e+00, 1.192171917554157e+00, 4.258921989299498e-01, 4.393968220046010e-01, 1.020481523796109e+00, 6.897684951707924e-01, -8.423682975129185e-02, -4.832642514714480e-01, 1.793558251406371e-01, -2.649113064895484e+00, 1.569512875071180e+00, 1.360153856021712e+00, 3.413307250832971e-01, 1.005609214577333e+00, 6.574548437229780e-01, -2.874088270323266e-01, -6.497749789488271e-01, 2.265273056717557e-01, -4.085677505581652e-01, -1.244523576561757e-01, 1.471534210177746e+00, 1.336341127192816e+00, 1.716735666548955e+00, 2.059238733753419e+00, -6.973612666525818e-01, -6.339022500429146e-01, -1.310456809271553e+00, -3.618652542025201e-01, -1.670227406379306e-01, -1.344406542124356e+00, -7.899955926458887e-03, -2.982548721325481e-01, 1.242946812466557e+00, 7.481760156328655e-01, 3.928881386444007e-01, 2.507374147935662e-02, 2.859829370487783e-01, 5.588714083300935e-01, -2.824489353862660e-01, -5.907021634777154e-01, -7.989467516774871e+00, 6.946224905655041e-01, -1.780294389228641e+00, -5.633040229600758e-01, 1.219307376148399e+00, 2.991395302700906e+00, 2.263783643105656e+00, -1.389136823146398e+00, 4.329084250800306e-01, -2.564359119982546e+00, 2.842178109769905e+00, 1.097083679418397e+01, 6.861968984858334e+00, 1.637537279426873e+01, -2.329785458246848e+00, -8.628421013363456e-01, -6.356053174213580e+00, 5.008101702024699e+00, -1.085386935358849e+01, 1.344034514649772e+00, 7.970827289048319e-01, -5.634268803283976e+03, -4.146453242463049e+04, 5.529494177638799e+04, 2.180818470687390e+04, -2.880582435749299e+03, 4.469963277377299e+03, 1.980331815735306e+05, 1.382219303340761e+04, 7.106245592626935e+03, 6.735390787421745e+04, 3.645263478811373e+04, -2.779914544404442e+04, 2.878363171802581e+04, -1.354663047514573e+04, -5.108306371998663e+04, 2.298464697970840e+04, -2.141668738987701e+04, -7.368165436850450e+04, 1.091132068996632e+04, -8.313105670642672e+04, 2.762948638058621e+02, 8.180714478961398e+02, 6.382509931689818e+02, 7.087840965098864e+02, 4.258419909616209e+02, -2.742692635927702e+02, -2.019197528988180e+02, -8.271096083522069e+02, -1.789713608035567e+03, -1.302118720980881e+03, 6.106301820247284e+02, -4.365821354665060e+03, -3.543235430454181e+03, 4.394177174141658e+03, -1.029585463920216e+03, 5.116547727119765e+02, 1.920127729848334e+03, -1.697360944518819e+03, -8.622838670739363e+02, -4.996251412429837e+02, -2.464517816820770e+01, 4.586717233716462e+00, 9.512576811305292e+00, 1.176165122430010e+01, 9.877147683893694e+00, 2.570689855083086e+00, -7.094271302796411e+00, -1.616673765182840e+01, 3.146469579846890e+01, -1.319401332935676e+01, -1.917094060917551e+00, -1.102740919403322e+01, -1.378808735823258e+01, -3.286031530943716e+01, 8.581861877778708e+00, 1.358213883448975e+00, 8.661058942854396e-01, 5.246629376879187e+00, 8.367978453997738e+00, 1.411850262975759e+00, 2.977706278570421e+00, 1.654391716680003e-01, 3.931263471020724e-02, -5.987670398301711e-01, 8.469586907018838e-01, -4.338584170718943e-01, -2.390805246762428e-02, -1.159550349299502e-01, 1.674828919077767e-01, -1.053545113968205e+00, 1.971500330037667e-01, -2.490799229512429e+00, -4.673141791611564e+00, 1.853088572086559e-01, 3.417318762548618e-01, 5.372250945031739e-01, 1.048190630692753e+00, -2.019025961586327e-01, -5.121251369821334e-01, -1.268871448726541e-01, -2.828865061059940e+00, 6.251261042920810e-01, -2.517767535584125e+00, 1.835444788228813e+00, -1.919783842137497e+00, 4.905171358785528e-01, -8.280622256246202e-02, 1.252841351910384e+00, 8.921993690365823e-01, 9.653985524014032e-01, -1.620448654036657e-01, 1.656123628886945e+00, -2.480646347419436e+00, -5.943047988511648e-01, 6.818578073666297e-01, 2.258790594952429e+00, 5.971092517297356e-01, -6.233090135196422e-01, -7.525271159198201e-01, 6.376493165174800e-03, 7.489042107857698e+00, -3.087204729657826e+00, 2.569795325439888e-01, -1.896980055907032e+00, 2.337095349527600e-01, 2.032521540280556e+00, 4.012773615494994e-01, -3.352580719068286e-01, -8.308751146798863e-01, -1.872857703343890e-01, -8.994431068933915e-01, -9.728011061448173e-01, 2.297579034780574e-02, 7.662412110409575e-01, -6.042807506201755e-01, 6.157888137664170e-01, 7.679552669461143e-01, -5.203972469449615e-02, -1.059080139711307e-01, 7.555957070780141e-02, -9.917941834105100e-01, -4.344286984060578e-01, -2.588262914014272e+00, 8.455973697161455e-01, 6.167593999280845e-01, -1.543499761025765e+00, 1.377094488972250e-01, 1.048782535815334e+00, 3.781815166495819e-01, -6.308206934739140e-02, 5.571018881601115e-01, 2.172513366253006e+00, -2.988384984997559e+00, 2.537480974656688e+00, -2.368733492115352e+00, 1.559525068164343e+00, 9.580668644581536e-01, 1.542717272335530e+00, -4.498143073476829e-01, 1.985130846087194e-01, 2.162838271356446e+00, -5.802758270049360e-01, -8.893185766181475e-01, 3.663186226428260e+00, 4.126109277020914e+00, 1.283556979969310e+00, 1.748200720227865e-03, -9.882229378658307e-02, 2.089641674488043e+00, -1.781835057939188e+00, -2.426367063665239e-01, 4.548795813459866e+00, 5.087422473394792e+00, -1.586046699874578e-01, 2.791687799264482e-01, -2.572471054812339e+00, -9.255400210993724e+00, 5.016438083667996e-01, 9.803812060186460e-01, 2.246598880182277e+00, -1.447861625181613e+01, 1.002253141152311e+01, 6.932806571226907e-01, -5.874490049648361e+00, -7.001572839063205e+00, 7.318235558293210e+00, -2.405286937121695e+00, -1.714625081643885e+00, -5.058359763215183e+00, 5.627274487986369e+00, -5.437516670327454e+00, -1.641686491006033e+00, 1.126860536112056e+01, -1.391516567670607e+03, 1.181470206792770e+04, 9.274844519230264e+03, 7.412923899782661e+03, -2.724832274950217e+03, 1.748569021685885e+03, -4.595989664428589e+04, 4.630655690751045e+04, -7.147095867274652e+04, -4.211815502325152e+04, 1.210986615412991e+04, 3.721698379429102e+04, -1.868891862831431e+03, -2.469128827645368e+04, -1.228424787358306e+04, -1.219671149527150e+04, 1.453895647251698e+04, 5.007098595769154e+03, 3.382834040545893e+04, -5.452514061049512e+04, 7.945925599245422e+01, -5.275409269112519e+02, 2.397343708771159e+02, 5.522035610595416e+02, -1.274808606275874e+02, -1.795061927069275e+02, -1.188870099030655e+02, 5.230503992716073e+02, 2.636373956391336e+03, 2.290278097359333e+03, -1.224059248126466e+03, -1.141645985853613e+03, -1.206500565452798e+03, -1.370059359280955e+03, -3.957175522428411e+02, -6.844621039416486e+01, -3.169732702446074e+02, 6.271092435685961e+02, 1.683010490365556e+02, -1.122778500976911e+03, -1.390247831540408e+00, -5.239266847014029e+00, -6.871860407323119e+00, -6.217840810617690e+00, 3.902307266560574e+00, 3.357347689797150e+00, 1.452941782610364e+01, 1.228030433019322e+01, -6.630897572997836e+00, -1.510854867661777e+00, -3.937685682207459e+00, -4.550517948914963e+00, 6.626194503102814e+00, -4.982548967449936e+00, 1.793802929304488e+01, 4.553945306049117e+00, 4.449075636389158e+00, -9.439656099022319e+00, -5.573820435334051e+00, 2.737606776223830e+00, -1.839368993683993e+00, -6.752694754261279e-01, 2.694273192125117e+00, 2.161843714807719e+00, 7.516747400699334e-01, -1.236265401749570e+00, 1.691213239995153e-01, -1.865867435965973e+00, 1.250051649687251e+00, -8.560671598351645e-01, 7.008317965060700e-01, -4.557679965450092e-01, -1.985905352422919e+00, 5.785906827880317e-01, -7.493055216176021e-01, 2.493299049218842e-02, -1.925299491390844e-01, 7.259245529268545e-02, 7.439181531464880e-01, -1.369231903046969e-01, 8.980118199381489e-01, -8.949954607865832e-01, -1.374434570001182e+00, 8.509983460093244e-01, 1.855804928172745e+00, 1.629874659674440e+00, 1.963386482453224e-01, 5.147008436088439e-01, 3.904090543793129e-01, -7.711300654673092e-01, -6.575203034386684e-01, -7.788636083219461e-01, -7.249916302088976e-01, -7.714567137419195e-01, 5.509587654151400e-01, -6.173718526062277e-01, 1.502265137669712e+00, 5.284869776236366e-01, 5.550617295597426e-02, 5.219292712526205e-01, -7.516562250095644e+00, 2.864232268399947e+00, 1.875581185666975e-01, -4.503457977700090e+00, 7.748386159161635e-01, -1.166796001228478e+00, -4.635650364787803e-01, -1.455707820408208e-02, -1.956553428730173e+00, -4.457874507812172e-01, 4.615987220236884e-01, -1.668603609067241e+00, 1.009709811846929e+00, -1.760042541294499e-01, 1.081526088364750e+00, -1.275041866448038e+00, -4.788718467313589e-01, 1.503297486360408e+00, 9.634130404884657e-02, 1.126311051190390e-01, 2.085915399294031e+00, -1.184293975572482e+00, -4.302385404540146e+00, 1.745993861579518e+00, -1.549856686942769e+00, 4.294796198825992e-01, 1.515108164194571e-01, 1.796588371667378e+00, 8.284318317084811e-01, 6.708518199996583e-01, -4.426760207234153e-02, 1.152180205082204e+00, 3.619842708017619e+00, 1.842090929343922e-01, -2.049252562507117e+00, -8.883587182161529e-01, -2.505875540561229e+00, 1.430136028372291e+00, -9.372093015292710e-01, 2.413933105899873e-01, -9.817852428475494e+00, 4.456044738033275e+00, -4.731283430798733e+00, 3.538355446601057e+00, 3.781667287504318e+00, -1.963235365624366e+00, -7.560148259976261e-01, 2.053467609675931e+00, 1.918085570453128e+00, -1.731648257667675e+00, 9.488727837055476e-01, -1.535233199472822e+01, -1.618438680934020e+00, -2.130853056273003e+00, 1.430609923825036e+00, -6.104858943189283e+00, 5.986358193469584e-01, 5.246789813265207e+00, 4.740488557253366e+00, -5.162270763614878e-02, 3.754189265470630e+00, -3.679586433482016e+00, 1.145211273192464e+01, -2.450181154790484e+00, 7.831162808884264e+00, 1.389464877915884e+00, 9.306252710239163e-01, -8.041648161450190e+00, -1.848453173426799e+00, -7.905356542283425e+00, -3.151700305483330e-01, 9.617856102421946e+00, 2.293814670702239e+01, 1.023960275934136e+01, -7.408131080674825e+01, 1.494191199490537e+04, 4.024629144641560e+02, 1.370898813150248e+04, -1.012254810193043e+04, -3.648713516929985e+03, -1.225578198886813e+05, 2.058654910774260e+03, 1.206814586289630e+04, -3.589754092628559e+04, 7.844459998216619e+03, -1.656330225693857e+03, -5.193566830820357e+03, 2.944446786696603e+03, 1.684604898089050e+04, 6.330390489863728e+02, 8.360313325139323e+03, 3.623202879471976e+03, 1.588389357144869e+04, 1.691419760483720e+04, -1.273041510023206e+01, -1.052396321820159e+02, 1.470013732767918e+02, 5.095687333388540e+01, -1.192201413832776e+01, -7.652259623807485e+01, 7.677426520759713e+02, -2.336556304333598e+03, 1.195254065145429e+02, 9.758966867847631e+02, 8.216012591279807e+02, 9.679679421258177e+02, -2.434068624814141e+03, 1.154165320830769e+03, 2.715632694064325e+01, -3.449968583475203e+01, 4.121720285245479e+02, -1.480235595864771e+02, -4.463967217007130e+01, -1.059142046296896e+02, 6.550387035984591e+00, -2.794535099253633e+00, -5.075783829991608e+00, -4.979471600750726e-01, 5.301199496789875e+00, 3.401168661672669e+00, 1.141781890172142e+00, 1.263283027056495e+01, -1.231768779441310e+00, -1.028302736523194e+01, -5.556463777733639e+00, -7.122690125934469e+00, 6.699862373725585e+00, -8.802806552648759e+00, -1.553775298844023e+00, 4.413739975113839e+00, 3.095877129194599e-01, 4.168221062431800e-02, -1.679931164802362e+00, -1.106286546780624e+00, -1.486751012039585e+00, 2.312587888810534e-01, 9.489265627720851e-01, -2.876259359767255e-01, -1.496894627997507e+00, -6.425066644879732e-01, -7.910483807710774e-03, -6.206403931738449e-01, -3.031966233908185e-01, 8.246923894200368e-01, 3.637401843368108e-01, 2.015172394161907e+00, -2.191293173359118e-01, 9.840546485390567e-01, 1.437881826870920e-01, -3.920524913024141e-02, 6.721612254110186e-02, 1.556479745765429e-01, -6.722346385957652e-03, 1.494481544531144e-01, 3.070854094363537e+00, -6.663564268196035e-01, -1.069976516967671e+00, -2.053336715378111e+00, -1.864918274506345e-01, 4.143724065645302e-01, 5.855721302265709e-02, 4.491673377686953e-01, -9.011360547994145e-01, 2.111270809607382e-01, -1.767526308314727e-01, 1.139321382498147e+00, 6.605403118387458e-01, 9.159149131475065e-01, -6.372605552858860e-01, -7.954585646352540e-01, 1.941255582279938e-01, -2.892522445297257e-01, 1.612618065289103e-01, -9.829108478303275e-02, 6.732220260995266e-02, 2.051065605745104e-01, 9.964969491778607e-01, 1.783092682767743e+00, -1.419053777806339e-01, -8.116539999468887e-01, -4.804609669816703e-02, -5.392255269316394e-01, 7.355508734214335e-01, -5.699613945842947e-03, 3.015969845903111e-01, -9.207921504722035e-01, -6.490094853655646e-01, -5.488007170407188e-02, -4.733102535696944e-01, -1.842091116324989e-02, -3.345716676598583e-01, -4.280122782257162e-01, -6.190783396206317e-01, -3.334024027213582e-01, 4.339675598996266e+00, -1.462377045556943e+00, -4.160044110697756e+00, 2.334692278290658e+00, 2.168032410754822e-01, 3.921917288711965e-01, 1.993561426196733e-01, 1.713493369901483e+00, 1.012808341499523e+00, 5.815649156606573e-02, -8.811323592938000e-02, -7.725392593728725e-01, 1.200588759901474e+00, 1.745605614735881e-01, 1.730872055502636e-01, -7.269951567406476e-01, 1.679628818654241e-05, -6.966168199511406e-01, 8.301452943382940e-01, 3.120171764154988e-01, 1.231131573738954e+00, -4.594572437866064e-01, 7.720997936322588e-01, 4.128445584998567e-01, -1.580035260717513e-01, -2.137634251193569e-01, 8.510073990448982e-02, -1.076280216064002e-01, 1.625907386230914e-01, 3.513876794609395e-01, 1.087521330505133e-01, -4.661745969885210e+00, -2.735039769359107e+00, -4.139672926827919e+00, -2.674590352349473e+00, 2.120213247225498e+00, -6.259088229336434e-01, 1.281254890983996e+00, 2.052188984698188e+00, 6.344097288144307e-01, 2.559207467355117e+00, -1.390244654601494e+00, -8.455480264744951e+00, 1.600898336409418e-01, 1.953495311569137e+00, -8.691564862815838e+00, 3.545153367801624e-01, 5.446210786589023e+00, -3.350297600592674e-01, -1.795035711418667e+00, 6.002112141827579e+00, -7.991928565250721e+00, 1.157017517139341e+01, -2.074651629362103e+01, -3.903746659527862e+00, -2.788894216363647e+02, 1.755839220209463e+04, 6.231962518971296e+03, -7.701811098767103e+03, -3.858731899327538e+03, -8.940687129740487e+03, -5.670305809316721e+04, 3.286910220416568e+02, 5.818343005923605e+03, -1.701842964471764e+04, 1.342152094156952e+04, 4.516353021700438e+03, 5.173381378008421e+02, -3.132743059928506e+03, -8.260600832853796e+03, -1.109462246986236e+03, 3.310049879423581e+03, -6.100977879254008e+03, 9.328935539990915e+03, -9.543736848572682e+03, 8.220452843836018e+00, -4.132037287534970e+02, 3.480134981519498e+02, -1.984195819100323e+02, 2.251184025241398e+02, -3.755572694987750e+01, 8.542143289791751e+02, -1.124043735081206e+03, -6.847087417907890e+02, 2.901018959428921e+02, -3.428171599422812e+01, -1.513142356394720e+03, 8.094866059284213e+02, -1.617114380625947e+03, -4.810558686119236e+02, -8.060436836302864e+02, -1.539381667851634e+02, -1.850116689042671e+02, 1.338811782850261e+03, 2.386911237441094e+02, -1.898996451258065e+00, 1.024169986119851e+01, -7.528214923842985e+00, 7.254721838337063e+00, -8.447085755375536e+00, -2.005024308381899e+00, -1.742078182375627e+00, 4.540845820894988e+00, -3.823522345075644e+00, 3.738963564628115e+00, 3.281046395375725e+00, 3.104494012311687e+00, -1.548691797462528e+01, 1.569997017684350e-01, 1.598081055820054e+00, 7.009225156688739e+00, 3.208434317527196e+00, -1.691893730924052e+00, -1.047449976238533e+01, -1.738984868169336e+00, -3.610430903719378e+00, 8.745391472982469e-01, 3.878815866173695e+00, 1.317348907587193e+00, 7.963801513946250e-01, -1.561425315855728e-01, -3.481358827765171e-01, -2.225018950445035e+00, 1.530117168039475e+00, -1.282972201787202e-01, 1.700213613344015e-01, 2.336238276106639e-01, -5.809036390685156e-01, 5.134655161264745e-01, 1.830628564626505e-01, 3.306211296693843e-01, -1.004053487304135e+00, -1.349609054612404e-01, 3.849339082710259e-01, 1.557800827080076e-01, 5.439678885094063e+00, -2.581623984077084e+00, -2.120339259165213e-01, -3.298055761197038e+00, 1.681159934296731e+00, 8.340224273120198e-02, 3.921712402833412e-01, -2.475592302140826e-02, -1.317772972056093e+00, -8.753718454397379e-01, -1.324969887046959e-02, -1.217435220324105e+00, 2.799779653578888e-01, 3.414234873067235e-01, 3.429499329018980e-01, -4.893911318686889e-01, 4.528514721663550e-01, 3.515193929165273e-01, -1.057966692515065e-01, -1.425320214828750e-01, -6.503486636600734e+00, 1.724241550311619e+00, 1.968126411982799e+00, 7.082974849668623e-01, -2.114956824241938e+00, -5.354925172906871e-01, -2.114447060675771e-01, -1.056917424796356e+00, 4.865804637190572e-01, 9.546922731614207e-01, 2.321369084059251e-01, -4.781821397192098e-01, 1.682880988501036e+00, -1.872723168876167e+00, -3.463090859113892e-01, -5.802877571979884e-01, 7.461744539653001e-01, -1.197876931057206e-01, 2.068668206937038e-01, -2.025641208939006e-01, 7.998170556387704e+00, -3.953033564204424e+00, -7.708824987199079e-01, 1.192292937251296e+00, -2.197441726425230e+00, 2.816122461634209e+00, 5.661796074697616e-01, 2.697120556218772e-01, 5.872482430414846e-01, 7.752206681310401e-01, -1.348473957188281e+00, -7.543322412645301e-02, 8.527949244351994e-01, 5.240776796864619e-01, 3.383934282943073e-02, -1.394021801641545e+00, -1.303290539793750e-01, -9.282658925006415e-01, 5.547299397231095e-01, -2.248398799786695e-01, -4.765684905023044e+00, 1.584631179702572e+00, -1.786325418459284e+00, -3.132628352244355e-01, 2.012068851505977e+00, 7.145645289116437e-01, -2.545380303356919e-01, 6.785733031319646e-01, -2.207220626241971e-01, -1.124752057692114e+00, -1.329252339293453e-01, -1.431648027991893e+00, 3.519620151055336e+00, 6.420050065732768e+00, -1.429348609538324e+00, 1.116259544260250e+00, -2.445205858974915e-01, 1.214634810722958e+00, -4.340185387726249e+00, 1.354181154255472e+00, 3.895788761988230e-01, 9.282043729323626e-03, 1.495714782215760e+01, 3.240606624119398e+00, 6.764921710567843e+00, -3.877212795977265e+00, -1.892711663018894e-01, -9.924184224542516e+00, 2.141939335428023e+00, -4.927585924861380e+00, 2.546658392840359e+00, -1.787654977375026e+01, -1.087123198439376e+01, 6.953702694122918e+00, 3.572616729951526e+00, 5.618331243920754e+00, 1.860939462820129e+01, 2.062111083337048e+04, -9.775586256116305e+03, -6.903241860851390e+03, 1.840779998906701e+04, -6.207105301041839e+03, -7.064560930139218e+04, -1.574020215345348e+05, 8.946400624912187e+04, 1.946234607260329e+04, 6.032324233130654e+04, -3.708248582902775e+04, 2.720623051573370e+04, -1.087594695844879e+04, -3.648310739293024e+04, -6.873879579833267e+01, -6.661284321590020e+04, -3.592769025014350e+04, -5.374069164203492e+04, -2.356574639346470e+04, -6.297062138821856e+01, 6.866250944288045e+01, 5.115696384706077e+02, -1.455303697366569e+02, 1.531517106593867e+02, 5.047970775350448e+01, 1.576619977396079e+02, -3.357752868082522e+03, -2.710340542462774e+03, -1.980447617948704e+03, 6.420183249989473e+01, -3.398498360450008e+02, -1.927942752572753e+03, 1.414807882904192e+03, 8.850968616981718e+02, -9.855592778589001e+02, 9.168561981117447e+02, -1.503930369957941e+03, -2.664280446292823e+02, 5.870777432170597e+01, 2.072203699763227e+01, -8.426070497532733e+00, -1.163640104360940e+01, 6.803636690317142e+00, -4.649658579093296e+00, -1.941126673109474e+00, 3.400663051248469e+00, 1.061104443261621e+01, 1.103568576559483e+01, 6.547022559436535e+00, 3.959164454909252e-01, 1.583880692931303e+00, 3.458992071361577e+00, -1.860368123168264e+01, -1.160031451750207e+01, 7.903352072351638e+00, -4.152215742167246e+00, 5.002732385465116e+00, -1.318502757572744e+00, 1.669317036715328e+00, -1.035697074714844e+00, -5.646560436575053e-01, -3.926699303869861e+00, -1.850237764999575e+00, -8.194640189029158e-01, 8.471420437048329e-01, 1.287397065936255e-01, 2.410889471263991e+00, -7.446322592264294e-01, 5.226832880863207e-01, -3.474667788575340e-01, 2.538269191852596e+00, 1.632306856364642e+00, 2.905188017077579e+00, 8.537972117909213e-01, -6.733263581065988e-01, 8.766205152488185e-02, 1.336463420795401e-01, -1.906477094332910e-01, 3.379811033136216e-02, 3.242876056355815e+00, -3.195406845869385e-01, 2.299356834548751e+00, 1.143134514402574e+00, 5.837009189017327e-01, 6.039402992475521e-01, 4.697989192474501e-02, -1.017813766436818e+00, 4.265654952943820e-01, -1.569143805088091e-01, -4.222622155129825e-01, 6.874520680908351e-01, 5.654279894211579e-01, -1.098158655138584e+00, -2.595929190965102e-01, -3.856211539164981e-01, 4.448362591861479e-01, 1.696362003328096e-01, 1.629549762365146e-01, 8.615978828642624e-02, 3.919270048713521e-01, 8.011464276519907e-01, -2.197678616797640e-01, -1.449060668635476e+00, -2.228822799608981e+00, 1.116758116988186e+00, -1.458522302444198e-01, -1.416467665919765e-02, -5.269500378925196e-01, 9.585720829654378e-01, -4.723069228130058e-01, -1.554425508939042e+00, -7.457459660945114e-01, 2.554146279499106e-01, -2.331760186511898e-01, 4.844853773031944e-01, -4.676837593874405e-01, 7.133077045151142e-01, -4.046349146059310e-01, 3.356161322397679e-01, 9.950348688357251e-01, 1.921666646221900e-01, -3.569357409917028e+00, 3.721218177513829e+00, 5.067457133254822e-01, 1.708040500918723e+00, -1.599569977927384e-02, 1.506992892013032e+00, 1.304816317270981e+00, -2.738890577966122e-01, -8.634025260415836e-01, 8.147114089405257e-01, -2.575845971047023e+00, -8.744795359676100e-01, 5.192378324134558e-01, 1.167978502907755e+00, 7.300623065322321e-01, -1.071502102666418e+00, 4.166361787573921e-01, 5.242735074181165e-01, 1.593153408922613e+00, 3.370979433482984e-01, -8.320865791640677e-01, 2.748269184987389e+00, 1.845744838231115e+00, -2.961238694999735e+00, -3.457976272764915e-02, 8.621144415045554e-01, 1.535951017246423e+00, -4.258668590345712e-01, 1.139723560914988e+00, 5.889484014042827e-01, -7.080922452753287e+00, -6.160844449550195e-01, -1.372815146220867e+00, 4.905038364580300e+00, 4.756841459736132e-01, 3.465055599399408e+00, -1.097120520866402e+00, 1.978492530470204e-01, 4.908163390538435e+00, -2.678166472718008e+00, -7.955911919581673e+00, -1.599255418423066e+00, 2.872522438502318e+00, -5.576279204625185e+00, 6.646122559168767e-01, 5.936890368454371e+00, -1.430902068873702e+00, -2.589999239870317e+00, 2.961496401343163e+00, -6.525587717526207e+00, -2.930127789755589e+00, -6.287358253300409e-01, 1.807471688873076e+00, 8.370919632022952e+00, -3.673074460100049e+00, 2.073202280553615e+02, -6.384927371127610e+03, -5.257091540764817e+03, 2.015577727080245e+03, 1.953636729066269e+03, -3.408085382618407e+02, -5.955238970930244e+04, 2.412264898876952e+04, 3.563774523199764e+04, -2.682637356738048e+03, -4.675686167301206e+03, 2.036945638480358e+04, 3.408415456407266e+03, 1.551446192015014e+04, 1.434480823221687e+04, 8.469659121969004e+03, 3.453692405274532e+03, -5.868869457221189e+02, -8.651630193320785e+03, 1.507024745199936e+04, 2.085622877599232e+01, -1.681716615096316e+02, -1.022647505655888e+02, -2.626521097841746e+01, -5.850779990622612e+01, -9.789990020251926e+01, 1.126079659666775e+03, -5.004928300344512e+02, 4.480735166959266e+02, 7.685431797778846e+02, 6.601612316317172e+02, 3.227687437746846e+02, 4.300946701895362e+02, -8.829872632497920e+01, 1.885223286504545e+01, 1.341192536628227e+02, 4.617327403829527e+01, 5.486341669017925e+02, 4.502606958528776e+02, 4.756104867850064e+00, -7.013732313221729e+00, 5.767734103528531e+00, -6.340580139194027e+00, 1.161175237966648e+00, -3.028054220457970e+00, -6.736222790952735e-01, -5.862157122552429e+00, 1.312349886216355e+01, 5.467886993726898e-01, 2.677594670392328e+00, 2.640045978579851e+00, 5.398969780488698e+00, 5.276760269210232e-01, -3.900191075060489e-01, 4.644327634063337e+00, -7.288461196456991e-01, -1.939724272097481e-01, -9.292311599077339e+00, -7.599730119296773e-02, -1.047212518930894e+00, -1.007834344482857e-01, 8.546690665397664e-01, 1.431965211521849e+00, 7.010203497299596e-01, 6.270293757849927e-01, 8.100092537725707e-02, -1.416987542237855e-01, -7.689761471271452e-01, 6.317322600161818e-01, -1.420275584075519e-01, -7.430526304880435e-02, 4.352932445238451e-03, 1.818667125297055e+00, -1.136928291314163e-01, -5.686249919916921e-01, 3.629404179831973e-02, -3.777134398088472e-01, 3.090814053775952e-01, 9.497583824473195e-02, 2.642597931300187e-03, -5.660935851307194e-01, -3.483861079802027e-01, 2.378795824208426e+00, -1.087603386243167e+00, -3.423655553076991e-01, -5.653700432499865e-01, 8.304464503316598e-02, -9.426387740125547e-01, -6.249618608990064e-01, 1.865076429142898e-01, 2.793020817429773e-01, -3.362648870544881e-01, 6.810637480360023e-02, -1.076087323020831e+00, -4.178922419761454e-01, -6.078085428814508e-02, 4.661687172991010e-01, -4.774142467248826e-02, -1.961037557900702e-01, -8.242477186191520e-03, -6.576583184470983e+00, 3.124358237897009e+00, 5.618433624596612e-01, 6.986864862633428e-01, 8.458476692449995e-01, 4.567810857231879e-01, -4.738259548422435e-01, -3.039055508217520e-01, 2.675568496210573e-01, -2.955369241060811e-01, -1.630989893433993e-01, 1.273406707157703e+00, 4.832285184954917e-01, -2.704343919935788e-01, 5.383055535617497e-01, 7.559969706456715e-01, 6.938173435977013e-01, 3.039228406671261e-01, 3.012781344144417e-01, 1.592985890710674e-01, -4.010501877578763e-01, -1.539814529447444e-02, -7.852567343106576e-01, -6.691290246666456e-01, 6.828408262635230e-01, -1.060527372197285e-01, -5.090345981765005e-03, 2.058351880404460e-01, -2.599912779723296e-01, -4.187498106383243e-01, 6.098538034319129e-02, 3.833891633781765e-01, 6.067823787090668e-01, -1.143241604266252e+00, -5.213232086003667e-01, -1.273838193917856e+00, -7.034781645134842e-01, -7.043806246768359e-01, -1.127396473702880e+00, 3.898462806233302e-02, -3.926247765881565e+00, 1.753529641770452e+00, -7.891151501971322e-01, 1.180117017388359e+00, 4.685891333874348e+00, -2.831279432717030e+00, -2.457857896887288e-01, 2.402417366200658e-01, 6.821275290324897e-01, -2.334986484360972e+00, 1.308786643869290e+00, 1.130452053292371e+00, -4.580404662066083e+00, -2.421112971242732e+00, 1.026426488311424e+00, 2.435094419408021e+00, -1.974189551507092e+00, 3.231775198468473e+00, -2.712209795268529e-01, -3.021882672341141e-01, -9.628828852876152e+00, 8.116956632823733e+00, 3.881973971979721e+00, 2.245485554941954e-01, 5.177855634372523e+00, 5.983431341839940e-01, -2.224234403542386e+00, -2.711283411457535e+00, 2.001705790286926e-01, -4.640108555726917e+00, -3.424466355714232e-01, -3.917607396988170e-01, 1.006870748252422e+00, -5.473460464862445e+00, -7.932534067927821e+00, 3.041674594298966e+00, 3.081139717906602e+00, 4.265982345616497e+00, -9.352034413458892e+02, 2.592512322735565e+04, 8.303621189928734e+03, -5.798604934111302e+03, -1.960775321213976e+04, -3.937560898638867e+03, 1.306583693971678e+05, 3.929804714158464e+04, 3.054700278820053e+04, -2.321782725910865e+04, -3.353966386144800e+04, 3.675544311307663e+03, -1.535927422622203e+04, 7.613131822062852e+03, 2.873989826797148e+04, -1.435852023937773e+03, 2.956398678882605e+04, 4.940423894445420e+03, 1.539833314077745e+03, 3.535104333129829e+04, 8.891954078928337e+01, 3.996760213202439e+02, -2.744148000197991e+01, 5.134920657074184e+01, -9.502396243053830e+00, 6.020134706314062e+01, -1.885569047283616e+03, -8.761812287896119e+02, -1.376503529295931e+03, 6.913240890978103e+02, 4.493852182927811e+02, 3.346654989981096e+02, -1.017246435242370e+02, 1.103447776256729e+03, 2.099837924613927e+02, -1.682081828675792e+02, -1.095946099112419e+01, -1.382402185720433e+02, 4.395429992401999e+02, 3.593086687969942e+02, -5.999664482957630e+00, -1.513892352461314e+01, -8.687020885771454e-01, -9.198110523764380e-01, -3.748497933147811e+00, 3.547251578093684e-02, 9.565723449685542e+00, -5.602388348882481e+00, 1.665543341845477e+01, -4.897259220653726e-01, -1.952962908570033e+00, 5.234092318705575e+00, 6.903802566288813e+00, 7.564742286562700e+00, 6.022648578010379e-02, -8.950153148003571e+00, -8.476510742794572e+00, -1.524110085081640e+00, -4.597746001394335e+00, -1.721269100823553e+00, -5.550042421911993e+00, 4.832979024041738e+00, 6.049306111272909e-01, -7.796507930787197e-01, 4.670708719478835e-01, -3.761594552382069e-02, -1.097913273795297e+00, 3.010340596323026e-01, -1.261611209691030e+00, 4.634756502961849e-02, 9.882353057441372e-02, 6.233713473878110e-01, -5.005334879113100e-01, -1.064478832354645e+00, 1.898071021364710e-02, 6.122428015106917e-01, 1.578553475491896e-01, 2.912745281844450e-01, 2.661313382896734e-01, 6.682968499535236e-02, -5.481879249290217e-01, 1.068089407483965e-01, -1.008791842070253e+00, -6.666321771106608e-01, -2.331854413588500e-01, 3.359393304435675e-02, -2.316416988730987e-02, 3.507294525420999e-01, -2.495491609461152e-01, 9.554365869402287e-03, -6.854829613162439e-02, -1.241795140414420e-01, -1.395827004359188e-01, 4.148014680435850e-01, 3.628544333535057e-01, 1.674904625148663e-02, -6.611824057638253e-01, -3.495777711748978e-01, -6.108665034911629e-01, -6.462703721401789e-02, -3.277551529535701e+00, 1.176903512370704e+00, 8.207544164282254e-01, 2.779130461224982e-01, -8.345216977280843e-01, 5.339737869538064e-01, -1.720191096158424e-01, -3.655311079246167e-01, 1.119851766102936e-01, 4.497155393428643e-01, -2.944561028878025e-01, -4.937009796816293e-01, -2.008867796144620e+00, -5.404968837468225e-01, 4.821471553424488e-01, 8.658288615272417e-01, 3.888627237412022e-01, -3.378299968116573e-01, 9.040532986058997e-02, 1.828944039069609e-02, 2.592224037617158e+00, -1.378812267565881e+00, 9.170048689281912e-01, 3.896680642252021e+00, 2.062874425376065e-01, -8.229915561235873e-01, 2.461894823494460e-01, -3.585904337688894e-01, 1.709156780980975e+00, -1.547276529724568e-01, 3.985935356869232e-01, -1.606454102282649e+00, 2.008886404383803e-01, -2.145220796938123e-01, 5.710491211778733e-01, -1.454641430734435e-01, -4.180179030481859e-01, 3.731514979636186e-01, -2.631874284116448e-01, -3.053927854579636e-01, -1.982308655145534e+00, 5.913612313008814e-01, 1.933402835539796e+00, -1.921639643239812e+00, 8.963282834203542e-01, -3.462607011254446e+00, -8.222053873313738e-02, -1.189904580637917e+00, -1.048629293783274e+00, -1.430504603683743e-01, 1.556399002470028e+00, -4.456532164597312e+00, 9.351216465194785e-01, 2.301574863117515e+00, 1.603212554340844e+00, 8.239706285125085e-01, -1.481617574748154e+00, -1.054231888050937e+00, 6.409280749525184e-02, 6.931904534442587e-02, 7.600539009355046e+00, -5.865471425347203e+00, 3.087525804741119e+00, -3.801599432683210e+00, -3.180410303174900e+00, 2.909473855544258e+00, 1.461241140639107e+00, -2.318982153395809e+00, -3.167457775488832e+00, 2.372478722761000e+00, -2.790963645416737e+00, 1.388143113881646e+01, -4.465608421160408e-01, -1.339341255641466e+01, -7.531606704939325e-01, 2.143881150197910e+00, 1.639545209189109e+00, -5.904837366790486e+00, 1.923722226275009e+00, -5.326633632915997e+02, 3.577998223987045e+03, 7.044347691618964e+03, -3.165420030886235e+03, 3.035560213618889e+03, 4.172618010821442e+03, -5.143578985887320e+04, -4.507961180068154e+04, -1.887824071354001e+04, 1.158833584870165e+04, 2.762285151080513e+03, -1.961343418002975e+04, -2.298018043186203e+02, -7.410618391836379e+03, -2.348974643759662e+04, -1.131296277836651e+04, -9.155993357153211e+03, 1.436662241935795e+04, -1.545299533872659e+04, -2.240342011554182e+03, 4.016850745967531e+00, 1.158286209041402e+02, 1.316092024017527e+02, 9.382145381481814e+01, 4.550964965607284e+01, -3.635153879978711e+01, -3.450830592540977e+02, 2.185497879026522e+02, -2.200134068468268e+02, -1.985530137125114e+02, 3.663804321546213e+01, -7.013069428857419e+02, 1.010749203379152e+03, -7.779203311718923e+02, 1.225620324712027e+02, 2.989279673336612e+02, 4.424110946238243e+02, 9.143922185637531e+01, -2.469447393686924e+02, 8.684142049116325e+01, 9.536184292022215e-01, 1.912644729414253e+00, 2.444608927079160e+00, 4.450033999366283e+00, 1.248378822782460e-01, -7.521576605426916e-01, 5.521188478866370e-02, -8.870574953892858e+00, 9.253949807544689e+00, -5.037186790494588e-02, 2.229491149709633e+00, -3.640437315168016e+00, -8.704777796849307e+00, 1.423762385827519e+00, 1.449460518527192e+00, -3.906726678458933e-01, -1.803386864004100e+00, -1.306771074670017e+00, 1.069223560956361e+00, 4.943519157869604e-01, -5.802469485261500e-01, 1.013590403127112e-01, -2.809884327417938e-02, -9.779499301885785e-01, 8.131021659367013e-02, -6.601820878483343e-02, -1.050898134657989e-01, -1.885467927233472e-02, -4.246642052044020e-01, -1.400059817929179e-01, 6.370210946599822e-02, 3.999503115885617e-02, 1.009078267044952e-01, -1.669288889899768e-01, -1.241649392398424e-01, 4.941066982367133e-02, 1.518795872898958e-02, 1.365833778297287e-01, -1.623577251305061e-02, -9.419207005337336e-02, 2.471277269525984e-01, -4.521674936133517e-01, -6.966077204582487e-01, 1.222764401798403e+00, 2.332740921502574e-01, -1.385318317472982e-01, 1.198088876121788e-01, 4.184561334049445e-01, 4.914273014302946e-01, -8.948527522132568e-02, 5.910770669216540e-02, -3.607202850593492e-01, 1.470527687889100e-01, -1.791737150144061e-02, 9.145659988575251e-02, 2.653852102653932e-01, 1.937408450653970e-01, -1.994612195884667e-02, 4.064638069403868e-02, 5.501288473357847e-02, -1.566443653119985e+00, 7.262110471546879e-01, 3.966131315623849e-03, -7.237855894367781e-01, 3.664643838379087e-01, -2.067699423469274e-01, -1.216598612380324e-01, -6.000429658323964e-03, -2.702388934379698e-01, -1.379762990405353e-01, 6.880455846027739e-02, 8.493525024131072e-01, -2.657507425552517e-01, -1.220472756424502e-01, -3.593035956417276e-01, -2.785391132821090e-01, 2.258751821691425e-01, 1.446541936209119e-01, -2.985639679419764e-02, -7.110486964763815e-02, -1.401944593402781e+00, 4.323316957104776e-01, -2.762748609087426e+00, 5.898935354154454e-01, 1.118567578553296e-01, -2.652921990924516e-01, -5.604144839703321e-02, 1.229498591498466e+00, 2.230796442270709e-01, -7.061205461972327e-02, 1.282153535003749e-01, 7.381425855976287e-01, 1.272622640746002e+00, -1.769840849154372e-03, -4.107776498337822e-01, 2.559366287696506e-01, -5.945907141826081e-01, 1.566833107785555e-01, 6.717166974422137e-02, -1.032220506704245e-01, -1.353761513137068e+00, 7.195312532169654e-01, -2.319471368454075e+00, -4.498602572255563e-01, 1.437502612890695e+00, 8.047072899110139e-01, -1.306913036349299e-01, 1.197460671769406e+00, -2.218804853161220e-01, -6.595082203817254e-01, -2.910173858766124e-01, 4.235651926626020e-02, -2.229145269387096e-01, 3.973621156802572e-01, 6.228094458007036e-01, 8.954738718261420e-01, 1.710034164347836e-01, 1.162125874996903e+00, -5.161779074802925e-01, 2.146357232786772e-02, 5.822362163067922e-01, -8.543548215465820e-01, 1.249938314817761e+00, -1.663739225142256e+00, -1.578735464340737e+00, 4.700486189067476e-01, 2.552531862848053e-01, -7.991661871296631e-01, -1.040887775313504e+00, 1.086115265458129e+00, -6.282276339870929e-01, 4.107433939767906e+00, 2.323610080230596e+00, 3.199896543992620e+00, -2.646908650422939e-01, -1.714238131600644e+00, -7.216332204220713e+00, -7.068689110406052e-01, 3.019886343252440e+00, -5.845680121538217e-01, 3.007774648949329e+00, -1.748461320077486e+01, -6.409329991903107e+00, -1.727601149606704e+01, -6.032602389702196e+00, -2.796198103530698e+00, 2.640909335367494e+02, 1.413942079992357e+02, -1.331738237448729e+02, 9.417525421690002e+01, -8.690976900415629e+01, 6.499974544322619e+01, 5.693339941337192e+01, 4.116748028658664e+01, -1.140948612024472e+02, -8.413235580033727e+01, -5.631471088459148e+01, 7.636216065296796e+01, -5.361597474000118e+01, 5.606528273456939e+01, 4.494335602485845e-01, 1.308750346200478e+00, -2.843156950223688e+00, 2.671323381100466e+00, 1.444539248099421e+00, -1.240514217476611e+00, 9.781082306635758e+00, -2.038152308357423e+01, 1.052432905689377e+01, -9.048150459350813e+00, 4.743016088213827e+00, 1.337721114296176e+00, -1.114750784192476e+00, 9.441347214017442e+00, 1.769862156230916e+01, 7.268153764556139e+00, 2.343218804502372e+01, -8.791353712845789e+00, 6.018190495349053e+00, -9.030878136844864e-02, 2.073285369328275e-02, -1.740456041507469e-01, -9.372311218150303e-02, 3.540918155967686e-01, 2.917291879899317e-01, 3.229910954702867e-01, 4.108654676381152e-01, -1.474586745174872e+00, 2.051388446444220e+00, -3.787920810595893e-01, -1.181225514045241e-01, -3.709151373924827e+00, 1.140551353807534e+00, 2.459733081963414e+00, -2.186752530302005e+00, -5.639423972627214e-01, -1.325232851988552e+00, 5.324296998766948e-01, 4.013833426218689e-01, 5.408369906388086e-01, -4.845159656624168e-02, -1.422260574849421e-02, 2.197143560248543e+00, 3.829314271266414e-01, 1.921553464206716e-01, -7.478082955743384e-02, 1.881409193569226e-02, -2.212521023370796e+00, 6.295831158236973e-01, -1.879171856136278e-01, 4.065470974744929e-02, -1.606146413207227e+00, -2.083506701502416e+00, -1.458139701655200e+00, 1.104620632318502e+00, 1.915037083222629e-01, -7.622564082645332e-01, 1.929760943881954e-01, -9.619184114163301e-02, 7.096796436533010e-03, -5.960687193144642e-03, 1.365000317606357e-03, 1.311234196386793e-01, 1.051338199170855e-01, 1.330679307780287e-01, -9.534515167532472e-02, 5.971664689479205e-04, 7.036162752044172e-01, -2.289950019553738e-01, -4.582115932344370e-02, 3.811161416137171e-02, -1.953933733978544e+00, -3.546143004274213e+00, -8.652328010184968e-01, 5.477956697570462e-01, -2.351028593941892e-01, -1.463153712837996e-01, -6.710380860425291e-01, -8.296318540289603e-02, 2.810131372857559e-02, 4.960137200036316e-02, -6.687156540137940e-03, 1.585347106075458e-01, 1.718960288219233e-01, 1.872335062013663e-01, 3.824989883264807e-02, -1.285199504682361e-03, -3.570687257517339e-02, 3.694356327877948e-01, -1.021763072385080e-01, -6.370629046337249e-02, -1.848280291576327e+00, 1.402411448729585e-01, -7.237407248363610e-01, 7.122336351996931e-01, -1.314268067620981e-01, -1.728428136046983e-01, 2.606153697265323e-01, 2.164592699887170e-01, -1.904719039984991e-01, 2.398502449802931e-02, -1.284796366951733e-02, 1.531862433269706e+00, 4.655540920629483e-01, 5.289701239379658e-01, -3.242493233678607e-01, -5.422874367656473e-05, -8.423277314787485e-01, 8.853744961851974e-02, -1.481192696824982e-01, 1.714019622957199e-01, -2.082710458660694e+00, -3.756816856366264e+00, -2.256904741175721e+00, -4.729700303839195e-01, 1.032018567137067e+00, 4.855132866160894e-01, 5.672429458918033e-02, 3.183301148198034e-01, -2.435024417451217e-01, -6.457267052925923e-03, -2.424118790205423e-03, 1.152757121173762e+00, 1.839319533791908e+00, 4.884651493337404e-01, -2.851082554712610e-01, 3.287912265285429e-03, -8.390606038403571e-01, 1.309128921903711e+00, -6.156022387325611e-01, 3.353100528463692e-03, 5.150534692518132e-02, -8.127120901559120e+00, -5.425820107974433e+00, 9.805434715462912e-01, 2.147217363863339e+00, 1.391101035007231e+00, -2.472122866539605e+00, 2.557419850441482e-01, -3.549695712641324e-01, 4.456672913828075e-02, -2.090208127983840e-02, -1.455501997730195e+00, 2.247049648461969e+00, 2.434413743444968e+00, -1.157729089227993e+00, 3.081975691507208e-03, -7.291101022594154e-03, 2.596330755372976e+00, -2.144256855866139e+00, -1.740138427008093e-01, -1.030433124431848e+00, -2.763644937814204e+00, -1.005259028596807e+01, 6.321806682203243e+00, -2.817808694608469e-01, 1.163176955866476e+01, 6.790361119840011e+00, -7.154698827467278e+00, 1.454249864811732e+00, 1.798459223031940e-01, -9.397241499236270e-01, 6.729832572317985e+00, 5.150866697574703e+01, -4.461730844092522e+00, 1.654112642447274e+01, -3.123736134473324e+01, 2.933521643596446e+01, 1.331228411698521e+02, -2.211844803479682e+02, 9.679900666535141e+01, -9.356874909085087e+01, 1.397145340764743e+02, 1.147697803323981e+02, 5.904375709605515e+01, -2.827700929914553e+02, -1.995995688072457e+02, -1.126764715193627e+02, 1.637663244048241e+02, -1.009320076729370e+02, 1.024362422654227e+02, -2.705603273578494e-01, 2.812673554707013e+00, -1.106329610379013e+00, 1.213426085199416e+00, -3.083905431973472e-01, -3.050706006830804e-01, 9.471009972071668e+00, -9.838251708994238e-01, -1.525702683443388e+01, 2.391617172953914e+00, -7.417800322280550e-01, 8.712935797924329e+00, 8.080055502920258e+00, 2.021614271487849e+01, -5.191172688066434e+00, -1.964267058089668e+00, 1.665602768878450e+01, 2.232591715908870e+00, -5.090590464043619e+00, 5.143812612951272e+00, 7.432015524532758e-03, -2.675295513963035e-01, 1.881462870867438e+00, 1.050249138384401e-01, -1.514014982686585e-01, 1.993452606916426e-01, -3.735809454143832e-01, 8.659731213906370e-03, 9.661296944770824e-02, -6.890373434460308e-02, 3.925698877783135e-02, 2.285600856869760e+00, -3.780243923260195e+00, -2.624781734121245e+00, 3.533275862314987e+00, -5.785762220218312e-01, 7.212366350497469e-01, 4.812598438727464e-01, -5.078855284381129e-01, -3.787744861521210e-01, -4.527832556957135e-02, 2.916754098589816e-02, -1.946391735441197e+00, -4.578834153725226e-01, -1.165789344943125e-01, -5.979625738572217e-03, -7.239111230785290e-03, 2.324528930638083e+00, -8.704728177554141e-01, 1.147450808963778e-01, 2.773378455003435e-03, 2.453382289116304e+00, 2.851468164191534e+00, 1.775352516720453e+00, -1.779842171006954e+00, -3.124526466689925e-01, 1.310492069378660e+00, -3.783335257700415e-01, 2.064143297197444e-01, 4.143204868064383e-02, -1.995755353682734e-02, 8.654315933177342e-03, -4.488477548888137e-01, -3.761338245163305e-01, -1.765391740436104e-01, 5.863365570937386e-02, -2.158082795876784e-03, -8.917098182936660e-01, 1.658830113418903e-01, 4.091930015519811e-03, -3.134904569055407e-02, 2.887427004363954e+00, 6.053853322484854e+00, 1.182719293973170e+00, -7.995973268807360e-01, 4.101440441032854e-01, 8.097406237890884e-04, 9.573350680435880e-01, 1.662945827979857e-02, -9.351027938818447e-02, -2.389751126826712e-02, -4.618776610001530e-03, -1.284059192540920e-01, 3.241406099483521e-01, 9.726818385954143e-02, -7.444373189549733e-02, 4.344698002254812e-05, -5.562387171296458e-02, -2.976740895259632e-01, 6.108141785394729e-04, 7.285232615098206e-02, 3.310639784921661e+00, -4.422419290954371e-02, 1.590420108730140e+00, -1.050118999971900e+00, 2.682467833690635e-01, 2.141661988129325e-01, -3.452039334943608e-01, -3.389542836241530e-01, 2.737940097809241e-01, -6.334755120851630e-03, 4.835596922933560e-04, -2.604727337460319e+00, -1.017152746795149e+00, -1.927611716484234e+00, 3.409696962392346e-01, -3.875196457069341e-04, 1.433572751224156e+00, -3.509330085298020e-01, 7.050318722116017e-01, -1.440515411632266e-01, 3.383820230518277e+00, 6.197864779682801e+00, 4.377636829789733e+00, 1.420864629671431e+00, -1.728668583730470e+00, -1.018514738318890e+00, 1.192942845869917e-01, -2.281647784003280e-01, 3.850445686776670e-01, -4.520110103235438e-02, 1.302738388588416e-02, -2.875950810545277e+00, -3.471139249267228e+00, -6.898590623491712e-01, 9.845750135362754e-01, -1.119543994658696e-03, 1.958963579329633e+00, -2.236375058471189e+00, 8.839830341022412e-01, -2.645353561813756e-01, 3.162174626330330e+00, 1.175504035981688e+01, 8.365783105582887e+00, -1.732851325556451e+00, -1.588329231765984e+00, -3.415724011600257e+00, 3.635159507389206e+00, -1.281085399835646e+00, 1.014995181833666e+00, -7.892867824970426e-02, -2.107943496765112e-03, 4.294686729333579e+00, -3.085370966934890e+00, -4.757879470581028e+00, 1.967172135395214e+00, 6.972922754875667e-03, -1.593850203817931e+00, -3.952439616486098e+00, 3.907172339311765e+00, -1.690771423821546e-01, -1.920569352533104e+00, 1.160265059279686e+01, 1.547468093549115e+01, -7.674235533517688e+00, -1.451719792946413e+00, -1.569806529606516e+01, -1.005618072376071e+01, 7.241287605600673e+00, -2.292901274800476e+00, -1.369600227167381e-01, 1.357189887573952e-02, 3.664933101525480e+02, 3.269901212521414e+03, 1.929198843988304e+03, 3.350625182533636e+02, 9.455345761888543e+01, 1.229999007980806e+02, 3.075113486366572e+04, 9.957106255670293e+03, -4.961573360155146e+03, 2.309133424770053e+03, -8.499404222377858e+03, -2.389532419901381e+03, -2.833971589742883e+03, -3.538337346945430e+01, -1.784136923729052e+03, -3.831921045079700e+02, 2.145239214372980e+03, 2.753034436946225e+03, 2.575131001339336e+03, 4.960006367818703e+03, 2.503952227104052e+01, 4.661827058240081e+01, -9.725030847100719e+01, -2.411980432110197e+01, -1.533998029027232e+01, 6.758526632681203e+01, 7.832384892619781e+02, -1.574894184818921e+03, 6.540011050514710e+02, -2.324934541176695e+02, -2.080146234464757e+01, -3.887087059813965e+02, -2.127139858441860e+02, -4.142397238277260e+02, -8.874168879096717e+02, -2.544674906405550e+02, -1.687320727087401e+01, 3.509127816483121e+02, 1.244419713759472e+02, 7.560274833430842e+01, 2.856157392818176e+00, 1.585452704219246e+01, -4.691688175804025e+01, 2.732695401729550e+00, -2.643110084639116e+00, 9.087867559895772e+00, -1.942486274442293e+01, 6.519328541819978e+01, 7.768203864821713e+00, -1.583405167886270e+01, 4.354309347000934e+00, 1.040316316037720e+00, 2.848878328238100e+01, 3.872852186330768e+01, 6.086981841100918e+00, 2.084300886145991e+00, 1.397338603250469e+01, 2.002804585734169e+00, -6.981037277819782e+00, 7.721500757796773e+00, -5.563050158270848e+00, 2.140250585685584e+00, 1.394274704674044e+01, -2.619349301832017e+00, 2.631357001734096e+00, -9.046499545320694e-01, -1.625250040564337e-01, -8.052017750639454e+00, -6.854869608562829e-01, -1.075127927356051e+00, -9.113452374708694e-02, 5.213299928597972e+00, -9.615835476461622e-01, -1.537733902990500e+00, -1.176148200464657e+00, -3.414233287621115e+00, -1.664479546131367e-02, 8.562256973458771e-01, 1.278348058337321e-01, -1.256324345021969e-01, 1.620612349531608e+00, 6.551248733457888e-01, -1.806311698955975e+00, -7.896003010339989e-01, 1.720525078851007e-02, -5.000325121852899e-01, -1.618402980962402e-02, 2.884902402221258e-01, -5.206459586166169e-01, -2.342682876604603e-01, 3.872948109135433e-01, 1.775957395531597e+00, 1.925204594491940e-01, 2.192540054066141e-01, 1.194352302886617e+00, 1.418778479787135e+00, 2.167203299784799e+00, -7.199290547653034e-01, 8.445176610877839e-01, -8.005824669007877e-03, 9.879883506247894e-02, 1.134577139918925e-01, 3.413724614360277e+00, 6.695307493752636e-01, 1.524821148156025e+00, 1.504293363051545e+00, 1.309787511017403e-01, -1.640277627829463e+00, 4.845846341319053e-01, -6.288687589358065e-01, -8.034903791926696e-01, -1.906287228619303e+00, -3.258203495996432e+00, -4.029999513228273e+00, -1.333831697007559e+00, -4.182820551748493e-01, 1.790011676179751e+00, -1.484736979454032e-01, 5.725417592068962e-01, 2.365726850668542e-01, -3.853150585623522e+00, 1.937955073756371e+00, 3.328749219886702e-01, 1.647393623549097e+00, 1.088185987245602e+01, -3.089370233211161e+00, -1.214260608441254e-01, -8.836614428906255e-02, 7.740706922138428e-01, -5.764038126023499e+00, 1.378783412525706e+00, 1.299636904288113e+00, -2.053611829624566e+00, -3.510288640999928e+00, -1.459726907102839e+00, 6.290008306006108e-02, 2.997256403201054e+00, -2.441112581531683e+00, 4.948085302072983e+00, -1.032609550792496e-01, 2.554578864943558e+00, 2.239316962372965e-01, -7.791286973436889e+00, -4.887023452846953e+00, -1.157957530691770e+00, -1.636607699680375e+00, 1.983428937304977e-03, 3.242786205339022e+00, -2.504414888592586e+00, 9.467448058995691e-01, 8.651597656877961e-01, -2.377449950499170e+00, 1.367638613953867e+01, -1.458063546659787e+01, -2.985931465085273e+00, -1.241683992524540e+01, -1.302372302574433e+00, 4.930472287520175e+00, 1.109436153348347e+01, -2.599865873623879e+00, 3.257018628979190e+00, -4.160005492476010e+00, 8.743788755426102e+00, -1.946197849551475e+01, -2.273094814366948e+00, 2.253715469818650e+00, 1.600529120188400e+00, -2.176905567818100e+00, -9.880641284546208e+00, -2.793853528533939e+00, 1.099526896835916e+00, 5.901777816204939e+01, 6.689797761103952e+01, 2.397184187592913e+01, 1.590785439928021e+01, -6.045343749023554e+01, -1.965622098408457e+01, -7.127659781810938e+00, -4.727356760189527e+01, -2.035169712386031e+00, 1.399524000517294e+00, -1.061535859604493e+01, -9.687107084390439e+00, 1.381311926977413e+02, -4.401729962141703e+03, 1.450745718834580e+03, 1.580148534988838e+03, -7.321747055743474e+02, 9.365910894856404e+02, 1.533739780354626e+04, 5.766486338480297e+03, -4.595752591695475e+03, 4.750675318474558e+03, -1.732307093796127e+03, -7.772606691648080e+02, -1.679132112597380e+02, -3.198678440071291e+02, -5.944203043168903e+02, 7.079545739304722e+02, -6.897853196602910e+02, -7.539233571552004e+02, 2.368908220375083e+02, -2.228659345121446e+03, 2.678340680950911e+01, 4.425913509004670e+01, -2.723758170376964e+02, -7.271644495523321e+01, 3.352363494630026e+01, -7.171060318088540e+01, -6.361922297903681e+02, -5.111542649185268e+02, -3.863364311026360e+02, -2.418253312705673e+02, -1.007278029850964e+02, 1.048966644184824e+02, 2.320191871080212e+01, 1.385817375635260e+02, 5.561546190384126e+02, -1.748610601232873e+02, -5.778627990889765e+02, 2.116222330770295e+02, 6.997687519745544e+02, 5.713394664222827e+02, -2.811961797811936e+00, -6.230380266622996e+00, -1.096340631011202e+01, 2.584400042025294e-01, 1.232771485465270e+01, 9.369273481829564e+00, 1.995679104350186e-01, 5.363075076625666e+01, -6.811213561750591e+00, -8.382215465294088e+00, 8.502192384041690e+00, 3.337733901258729e+01, -4.102702220560587e+01, -2.432033658468046e+01, -2.061718972545684e+01, 1.076371539176239e+01, 2.429502574239714e+01, 1.947552651265026e+00, -9.762641969429684e+00, 9.519212584005963e+00, -1.907593249686281e+00, 1.588913550177069e+00, 8.087151677848192e+00, -7.314166949836670e+00, 1.725475407640757e+00, -3.189390825125186e+00, 4.061358246230543e-02, -7.304011368570579e+00, -4.666117292454636e+00, -2.008655702639834e+00, 6.029832202056504e-01, -6.770265384470846e+00, -1.539729625314350e+00, -1.119806182251687e+00, 2.621751841100473e+00, -2.554061581587822e+00, 1.584341798133245e+00, 2.276640839340781e-01, 2.671428699160149e+00, -1.467031225937015e+00, 2.513884465313805e-01, -1.233444800683294e-01, -2.672638552288392e+00, 2.560213798375508e+00, -1.672815766678838e+00, -1.086318738468339e+00, 3.776609646791203e-02, 1.064917039451853e+00, 7.901986019016443e-01, 8.522151965761374e-01, 8.960314711739265e-01, 8.318828357411801e+00, 3.219311867924557e+00, 6.116182511669114e-01, -5.039674330396701e-01, 7.640383049025800e-01, 3.406465163985931e-01, -1.386172557613123e+00, -1.240812540309045e-01, -1.752715294694466e-01, -2.134022075037627e+00, 1.688372399838951e+00, -1.486463108650970e+00, -5.217367995332480e+00, -2.149668964614207e-01, -1.244694559782734e+00, -3.222368024250667e-01, 1.176558313545649e+00, -2.169320053784009e+00, 2.262689040559019e-01, 7.099460009197520e-01, 7.681243474494379e+00, 6.732790940023109e+00, 1.361576422013994e+00, 3.803837466981350e-01, 2.414750408648686e+00, -1.328433282659608e+00, -1.566706702092345e-01, -2.388703381503807e-01, -1.187810476520153e+00, 4.955397620596334e-01, -1.283555918115707e-01, -2.853353408902519e+00, 1.640732445255092e+00, -4.248683322251969e+00, -2.344717230715609e+00, 2.592981992475754e-02, 9.816878178763210e-01, 1.175418896354212e+00, 1.805391045300124e+00, 9.220955513173669e-01, -5.901251438132445e+00, 7.381963830108029e+00, 6.367640253428419e+00, 2.759718943202812e+00, 6.763385837254227e+00, 4.474305454394446e+00, -8.268540140986045e-01, -6.945939072268292e-03, -4.277095828231288e-01, 1.688311493647404e+00, -1.193171094722437e-01, 5.569744137644960e+00, 1.138663100753795e+00, 1.840538773774838e-01, 2.013536674882801e+00, -5.745287797487811e-02, -4.531164945757176e+00, 1.520117464512639e+00, -1.883465279210597e-01, -2.861872243928689e-01, 8.318682702229452e+00, 1.034212977710916e+01, 2.194660127522913e+01, -2.298453760558085e-02, -8.061112313327765e+00, 9.321655774795893e+00, 2.047430994259239e+00, -4.204119751215493e+00, -1.634738918418429e-01, -1.125059230866432e+00, -1.644699295458485e-01, -1.076806724839712e+01, -1.682898902322969e+01, 7.219471019167954e+00, 3.074940176333634e+00, 2.508499654333544e-01, 9.203896437500580e+00, -1.483358450243206e+01, -8.859221078049400e+00, -2.738640375650628e+00, -7.857518631609275e+01, 2.187143495785809e+01, -4.554708403107378e+01, 2.494372266040883e+01, 4.034087170870573e+01, -2.648046452528162e+01, -2.498477716355000e+01, 3.688948530950727e+01, -8.277216983147811e+00, 2.835066192942469e+00, -6.111918221101725e+00, 8.280627286722732e+01, 5.630495703217429e+01, 2.177605933875389e+02, 1.137646504586784e+03, 3.663905463337661e+00, 4.948083533589290e+02, -1.416025878742017e+03, -2.816967292843549e+02, -5.623992068548745e+03, -9.657283841177064e+03, -4.537530850877017e+03, 4.139944952947030e+03, 4.217068403643984e+03, -2.961755458781285e+03, 2.092178196275228e+03, -1.866576432396322e+03, -6.181835049501825e+03, -1.436127894566563e+03, -5.282900382739846e+03, -1.145483718610571e+03, -5.552110861524667e+02, -5.227815918254833e+03, 1.080169988986405e+01, 8.740929709735229e-01, -3.227117226706231e+02, -1.993631342763198e+01, -6.952629863829618e+01, -6.493457209423514e+01, 5.235098531003665e+02, -5.375542876294224e+02, 3.936129975485021e+02, 6.913794018634748e+01, 1.156312673742367e+01, 1.958820431379715e+03, -4.177349781272719e+02, 2.954087503235917e+01, -3.927027214484499e+02, -8.139874005222231e+01, 4.691574521707050e+02, 2.097855429592205e+01, -2.757849670281940e+02, -2.420335712439022e+02, -5.603694111075477e+00, 1.914978599664625e+01, -1.038507514904570e+01, -6.605071478546059e+00, -9.369455061208361e+00, 2.869270228162135e+00, -1.533033339697686e+01, 2.180614679595918e+01, -1.319960147520296e+01, -2.598720781409002e+00, 4.798413709663161e+00, 4.277629016259376e+00, 3.004924004518540e+01, 1.686628265647867e+01, -5.587492546436324e+00, 4.192576347403266e+00, -2.010649070118262e+01, -1.271274177117884e+01, -4.808939600016198e+00, 7.539145450943181e+00, 1.607887794046319e+00, -9.145345181181243e-01, 9.237245240731236e+00, 4.013506631243520e+00, -1.609820409103024e+00, 4.543448667921229e-01, 2.090068409431220e-01, -5.848676820375867e+00, 2.979605344650292e+00, 2.157992042437715e+00, -1.389015455787651e-01, 3.253719105280767e+00, -3.841827753334387e+00, -1.265916840709793e+00, -1.846034895460205e-02, 1.810090615402230e+00, -1.215039728411107e+00, 1.247738581966044e+00, -7.484449095096657e-01, 6.273304289577032e-02, -1.255457794110473e+00, 8.997458336931669e-01, 4.424431114888939e-01, 1.506997846112822e+00, 1.556163546106391e+00, -9.893571044554169e-01, -1.394204069380215e-01, -3.568754288613026e-01, 6.558085139599987e-01, -7.415302664646718e-01, 1.879606770932166e-01, -1.358141621537594e-01, 3.100579051253043e-01, 1.157326725142330e+00, 1.475279251472723e+00, 6.688537226378256e-01, 1.158767475626095e+00, -4.566372310844737e-01, 2.851197418764109e-01, -3.448553606959841e-01, 2.740658520391335e+00, -3.528135228980508e-01, 5.334309848663674e+00, 4.848686701936908e+00, -1.062107029683787e+00, -1.658282468568625e+00, 7.596669845572065e-02, -2.435753776551756e+00, 2.275355465126793e+00, 2.760500078562492e-01, 8.779874712381623e-01, 3.103158744823077e+00, 1.040513710372882e+00, 1.474916900186187e+00, -8.079729310163010e-01, 1.348167642045536e+00, 9.924461419627370e-02, -5.521240675581846e-01, -4.997803565555338e-01, 6.217925840605706e-01, 1.214680243613506e+00, -1.238584501266583e+00, 3.836971319685480e-01, 3.532874505562622e+00, 6.186660619000296e+00, -2.224898374868820e+00, 2.575588462099538e-01, -4.723002672780796e-01, 7.597823288760819e-01, -2.937140351983496e+00, 1.267842585135512e+00, 4.236385881091079e+00, -7.067782424790673e+00, -2.214620909166269e+00, -1.384535822320386e-01, 9.010119365156230e-02, 4.645567966649086e+00, 1.767581559075229e+00, -1.880453417324163e-01, -5.837690378791264e-01, 1.075940133113524e+00, 2.625340009845999e-01, -3.752305411512197e+00, 2.417802695169837e+00, 4.447315064503742e+00, 2.276734613170789e+00, -1.101317319813050e-02, 1.783439696136251e+00, 1.831474438051675e+00, -2.591271124842191e+00, -1.363425430375824e+00, -1.154039148142459e+01, 1.119883212193380e+00, -2.378121780528685e+00, 6.317160855098569e+00, 4.848360276445938e+00, -4.126903320731877e+00, 3.379068432129741e+00, -3.715191837257875e+00, -1.280206298235411e+00, 1.065535744726863e+00, -1.913259682096953e+00, -1.200575103945394e+00, -5.628007419994336e+00, -8.758125518537176e+00, -4.062097548409220e-01, 5.278588481459797e-01, 2.110871742992928e+00, -7.153705435236841e+00, 4.668936432379930e+00, -6.515073561356917e-01, 3.351181382527208e+01, -9.044440577507583e+00, -2.338553837678860e+01, -1.330943567697219e+01, 2.888563058445873e+00, 2.369873279788484e+01, 5.290096738710568e+00, -8.453704835497375e+00, -1.446516269516287e+00, 7.742961962460351e+00, -4.919732858625254e+00, -1.999451298566806e+01, 7.488120299128666e+00, 3.516308598407386e+00, 1.659619055705639e+02, 9.913812265483089e+02, 1.819237058803361e+03, 3.470032148304768e+02, 1.579546090869482e+02, -2.416198140495919e+02, 1.050295043662379e+04, -1.540552595096218e+03, -8.335308974676741e+02, 4.619734565814474e+03, -1.293908159209499e+03, 1.289968437200069e+02, 2.263223583394481e+03, 1.715822533509752e+03, -2.393794299873615e+03, -9.311187427163708e+02, -4.571316910035370e+03, 9.589640181092018e+02, -4.042512859375882e+03, 1.284874177162482e+03, -1.421331216332575e+00, 3.184034877910068e+00, 9.881028862738208e+01, -1.380746911790632e+01, -1.280497041922556e+02, -5.548894235848575e+01, 3.248687922535665e+02, -2.935634083399545e+02, -2.299898194809150e+02, -7.076606001552710e+01, 2.620128627614855e+01, 3.458073631639356e+02, -5.167591944382309e+02, -3.886766674932250e+02, -1.892633531136852e+02, 7.573030843369013e+01, 2.221747161846207e+02, -1.065471047554043e+02, 1.909950007561648e+02, 1.284526768485773e+02, 2.112933853893655e+00, 3.657260933991146e+00, -1.861524964481266e+01, 1.440739641704729e+01, -1.272814684464810e+01, -5.243911798667981e+00, -5.905963428271351e+00, 1.922406422658002e+01, 3.360242718049317e+01, 2.257728710412895e+01, 1.365664666284538e+01, -2.691045982940524e+01, 4.384578389520551e+01, 9.429808304582856e+00, 1.411887314943729e+01, -4.844776782592473e+00, -8.239746624844637e+00, 3.492109821571724e+00, 3.028068924378741e+00, -3.279075475565638e+00, -7.992812785705369e-01, -1.944690669618564e-01, 2.232156475184283e+00, -4.289791784042278e+00, 1.183494585346165e+00, 1.565120872835571e+00, 8.389485576593619e-02, -1.247143335680292e+00, -2.411899507846862e+00, -8.452713704898391e-01, -8.277491940426547e-01, 1.112462896524910e+01, -1.043679533719665e+00, 2.637941064510425e+00, -1.250181166828177e-01, 4.008326149717421e-02, -1.284808769001272e+00, -1.216114833446418e-01, -1.109306300263401e+00, -3.928547193256546e-02, 7.090158768704544e-01, 1.703893925627208e-01, -2.942649216235735e+00, -2.134886434874225e+00, -1.470053524535459e+00, -7.287344558766022e-01, -7.505776139045360e-02, 1.147058141706936e+00, -3.876599558574380e-01, 5.706607375780692e-01, 2.725644354877689e-01, 5.067834577787098e+00, -1.562446972729469e-01, 5.848853502095440e-01, -5.126412852871588e-01, -1.666500402420003e+00, 6.567827045834301e-01, -2.554395719614470e-01, 4.199502247073960e-01, 1.120758237610325e-01, -3.181488174742750e-01, 6.532701168599917e-01, -6.120763762991918e+00, -2.693182131878872e+00, -6.507157581628492e-01, 1.988620063552258e+00, -2.032494777149738e-01, 3.437103636882846e+00, -1.515138414718255e+00, 2.336237993033800e-01, -8.665150895129095e-01, 4.353226786679749e-01, 6.932532495043871e+00, 2.484783171204147e+00, -9.277152262259106e-01, -1.658998415502180e+00, -9.957446928592024e-01, 2.375918334210521e-01, -1.864107137867878e-01, -1.642354418149405e-01, -1.107632506491757e+00, 3.840085871719495e-01, 8.866150816380202e+00, 1.369885838793829e+00, 1.340652394798564e+00, 1.058714888220135e-01, -6.484777946887599e-03, -3.758026126495906e+00, 3.675741940731203e-01, -1.097562393446298e-01, -1.781092831600585e-01, -1.071189375845875e+00, -6.579313171471987e+00, 3.670038364388386e+00, 1.442317940214198e+00, 3.330672847998997e+00, 4.251073241269730e+00, 4.227970402438189e+00, -2.321523511483439e-01, 5.618473320647832e-01, 3.633421096662241e-02, 2.724598535826296e-03, 9.860965296663486e-01, 5.441213489451984e+00, 1.236194108473341e+00, 2.535659403210110e+00, 2.419522481931805e-02, -4.581919886133065e-01, 3.299194442063185e+00, -1.097484931495613e+00, -1.257151525610427e+00, -2.433716416063531e+00, 4.107353407683548e-02, -3.711419834102200e+00, 2.178139981280882e+00, 5.370322479227171e+00, 7.940036927223806e+00, -7.165159883506958e+00, 3.468363987998454e+00, -3.922103788072766e-01, 6.694967012066912e-01, -5.405712763763248e-01, -7.635328099695817e+00, -5.047970701609136e+00, -1.713358082654989e+00, 5.525488674778341e+00, 1.514847196409390e-01, 5.054199573309223e+00, -8.949750207972714e-01, 5.713441225907921e+00, -4.888412205945602e+00, -1.299446846380418e+01, -5.699983183863619e+01, -4.199778693345744e+01, 8.379778346906312e+00, -2.176190401050164e+00, -5.904689156667644e+00, -3.591070487462475e+01, 5.927320562362782e+01, -1.209478895915813e+01, -4.354182594836801e+00, 6.486219643000757e+00, -4.335256652055010e+00, -4.630741502379251e+01, -8.885501061853272e+00, 9.933167113334967e+00, -3.273868186431752e+00, -1.078134173009156e+02, 5.927355847357346e+01, -5.598933204729445e+01, -1.076450215947260e+00, -2.325359354030664e+01, -1.495285558360296e+03, -5.280543661770657e+02, 1.479864363550977e+02, -3.490290084425706e+02, 2.813270545104406e+02, -1.514281043587377e+02, -1.448610956609940e+02, -2.208392300947799e+02, -1.654507958336559e+02, -9.744197623964943e+01, 1.446665671775876e+02, -1.891413065310492e+00, 1.392913188987447e+02, -1.073407635756120e+02, -7.834895715014524e-01, 4.425759574944236e+00, -7.910766448933324e-01, -1.456754507399518e+00, -6.299613479391892e-01, 1.519001147901088e+00, -3.401964504419710e+01, 3.958286945066299e+00, -3.231780850291646e+01, 1.716864036210333e+00, 1.034286085913793e+01, -1.567270744730921e+01, -5.003088888850427e+00, 1.713224543757450e+01, -1.110105537966307e+01, 1.455570108907150e+01, 4.882569592126713e+00, -1.688746919489062e-01, -3.439832848148390e+00, 5.155793067804982e-01, -4.747528256018297e-02, 1.237486486991332e-02, -1.128711220386676e+00, -3.460983739045232e-01, 1.286791887906836e-01, -4.586884902353286e-01, 3.014671739355568e-01, 5.306007623433989e-01, -1.230059571317390e+00, 7.738142180619595e-02, 5.105592096745756e-02, 2.815097888304338e-01, 2.695872461267785e+00, 5.833644723140150e-01, -1.715199268265673e+00, 5.031339070964715e-01, -3.028146442885924e-01, -6.748052943432981e-01, -8.613775690482554e-02, 6.156912955872822e-02, -4.583002944029775e-02, 4.149267724648121e-02, 3.398538689496014e-01, 2.143382661751710e-01, -5.179467784748686e-02, 3.914335366974663e-02, -1.164978069284798e-02, -6.883751838880514e-01, 4.337978650654031e-01, 4.069837428267731e-02, -1.866743006231384e-02, -1.229057101293355e+00, -1.243407227147828e+00, -7.659580155831618e-01, 9.450184135048202e-01, 1.363279600264002e-01, -6.636065752729611e-01, 2.328527320929188e-01, -1.037584800183383e-01, -3.432638411090245e-02, 3.074087718366468e-04, 3.124250606387937e-03, 2.742401035099137e-01, 3.565608061260171e-01, 1.974332697170589e-02, 3.461427548726254e-02, -2.238839397609412e-03, 3.886841326485436e-01, 1.867899925792752e-02, 3.171113621839776e-02, -9.769367797320008e-03, -1.676076396445600e+00, -2.951837077408173e+00, -5.425597711958962e-01, 3.235921586830650e-01, -2.603398551616802e-01, -1.979064242386119e-02, -4.266697937384727e-01, 8.877931899583214e-03, 5.563341597022646e-02, 5.631000953571969e-03, -2.938120719733275e-03, 2.775252325181864e-01, -2.855304782642524e-01, -5.751884634142734e-02, -6.874954329603691e-03, 2.720638092959495e-03, -4.313663725066336e-02, 9.378338437567423e-02, 1.472840216062389e-02, -7.211628471826168e-04, -1.909363207518831e+00, -1.725773602706693e-02, -9.708765926088636e-01, 5.392233149352312e-01, -8.576302468942200e-02, -1.175417702980207e-01, 1.845857356532469e-01, 1.099263166477295e-01, -1.240957467304169e-01, 2.356635006564865e-02, -1.052743259084940e-02, 1.536985970704566e+00, 6.431551505699223e-01, 1.537073228685045e+00, -1.282963149025972e-01, 2.315066733044518e-03, -8.475969271805571e-01, 2.450789088424418e-01, -6.000545309756923e-01, 2.682546002286559e-02, -1.690400215725542e+00, -3.300096354369789e+00, -2.427285223301007e+00, -8.917310592056363e-01, 8.886082740802662e-01, 4.850103965245671e-01, -1.411573006139739e-01, -5.457748105769065e-02, -1.814454095142976e-01, -9.887463210776194e-03, 7.594189101108649e-03, 2.133966913355676e+00, 2.110521568957506e+00, 1.792952722593740e-01, -6.797929573155378e-01, -5.725117864792167e-03, -1.350320301074018e+00, 1.241231043985337e+00, -3.550149646920626e-01, 2.329569712249477e-01, -2.784375422246745e+00, -5.664620219565488e+00, -3.892019294972624e+00, 1.037200928110872e+00, 4.108095233543431e-01, 2.284542420427019e+00, -1.664592839043115e+00, 7.028411946318123e-01, -6.849734015937274e-01, -3.728663836208077e-02, -6.390562234689489e-04, -3.247502647705014e+00, 2.249726497990178e+00, 2.309036526574390e+00, -9.259271051658405e-01, 7.571825947532263e-03, 1.673505352389096e+00, 2.394130727901608e+00, -1.972402918726756e+00, 2.143549183183425e-01, 1.974317239154890e+00, -9.183576677766153e+00, -9.009354443834688e+00, 3.545269380206227e+00, 6.282755230816010e-01, 9.179301259762886e+00, 4.881343083903590e+00, -3.125124648202258e+00, 1.142733371165577e+00, 1.357208185668112e-02, 9.311448024389778e-02, 1.185068534861250e+01, 1.179076697894753e+00, 6.482839719874768e+00, -2.305157814552184e+00, -8.317301692246515e-02, 1.046468312826403e+00, -1.696475771014385e+02, 3.699089287167005e+03, -3.494479202323316e+02, -1.630442873952889e+03, 2.048447331397407e+03, 2.326146932156848e+04, -4.936162219118410e+03, 1.546145748985174e+03, -9.238213645062739e+03, -1.394679521406565e+03, -2.581660291463545e+04, -2.043243503735972e+04, -1.625502862462640e+04, 6.229036854624625e+03, 9.468746758173480e+03, 1.688805684679887e+04, -9.431372435632395e+03, 1.871846242565769e+04, -6.398308414258187e+03, -1.123573408759258e+02, 1.175300341413693e+02, 7.880721655035012e+01, -3.717577820183012e+01, 9.575124750221458e+01, -3.412085835489838e+01, -1.859017211662961e+03, 2.550563786539674e+03, -6.490884206160712e+02, -1.653140360395148e+02, -2.027970715612510e+02, -3.526003678420336e+02, 7.536961356278139e+02, 3.629582896375834e+02, 1.053993792325967e+03, 3.840339896839611e+02, -1.288647335768142e+02, -1.458578250187352e+01, -1.096371782519429e+02, -2.195783136453818e+02, 6.185229417357425e+00, -2.295395288840832e+01, 7.314710139566336e+01, -3.657650365228850e-01, 7.581757920666654e+00, -1.220973481552607e+01, 2.713568071132549e+01, -9.878021439866242e+01, -1.223060851121103e+01, 1.731833316557745e+01, -7.355780783766495e+00, 3.269633075743091e+00, -5.069356061607136e+01, -4.952449837729785e+01, -9.518178055981782e+00, -5.210713183901788e+00, -1.475824804108618e+01, -2.965354077438711e+00, 1.165632822954451e+01, -9.795383350636790e+00, 8.431098069321845e+00, -3.934156077315193e+00, -2.043634369825370e+01, 2.817907973507328e+00, -3.764439736911349e+00, 1.341940862753004e+00, 3.977538063323352e-01, 1.167698261548248e+01, 6.701950493841162e-01, 1.474268784591790e+00, 1.547525098828907e-02, -8.636112374753090e+00, 8.699886829229262e-01, 1.377379213214350e+00, 1.671784208901104e+00, 5.027258654467139e+00, -2.053219634619352e-02, -1.144469571710611e+00, -2.083222225045399e-01, 1.875216274794255e-01, 2.601311592592396e+00, -2.482570910797379e+00, 3.282322045958459e+00, 1.822761536640284e+00, 8.482110261147283e-01, 1.732309911573448e-01, 2.657244307011004e-01, -7.969385184883346e-01, 1.113238073173909e+00, -8.670474276462964e-02, -2.561896296448991e-01, -2.124275470372365e+00, -8.495186894202703e-01, -7.974494542916475e-01, -1.671957235484262e+00, -1.959411764065067e+00, -2.585188686202494e+00, 1.250681153594734e+00, -1.295791408999350e+00, -1.187758157922040e-02, 7.648301550647400e+00, -3.337915350370500e+00, -3.284129683615215e+00, -9.693207680309757e-01, -1.787438150808560e+00, -2.377680751604304e+00, 2.816547639918133e-01, 1.568917485298952e+00, -6.674501855279884e-01, 7.270420650610872e-01, 1.202747310449621e+00, 2.987448266979366e+00, 4.007780524029187e+00, 5.089003111701509e+00, 2.268021643972471e+00, 4.246250525495232e-01, -2.828272717348299e+00, 2.804417250244661e-01, -5.097005507258049e-01, -4.730216493104129e-01, 6.085371274833475e+00, -2.692158984232141e+00, -2.068706731738737e-01, -2.254284496786953e+00, -1.635589454298014e+01, 5.586833407158462e+00, 1.876686763646667e-01, 1.489239760854799e-03, -1.128153091859246e+00, 8.477698080069452e+00, -2.434509384782016e+00, -2.053712049898046e+00, 1.263472576309437e+00, 3.644266980576838e+00, 2.301827005901792e+00, 2.922030914668758e-01, -3.403372548668990e+00, 3.541143224844771e+00, -8.139530771771529e+00, 4.119947559397490e-01, -1.913508853147422e+00, -4.828585704014391e-01, 1.284286167152159e+01, 5.986818293842940e+00, 2.250017529667309e+00, 3.863087076698752e+00, -1.577247352391854e-02, -5.261350657623424e+00, 3.006151094581058e+00, -1.442186176941704e+00, -1.950980281940379e+00, 1.443086923896340e-01, -2.204578507302851e+01, 2.193676388010761e+01, 3.476123673247380e+00, 1.642449676260042e+01, 3.448531184176283e+00, -8.125436755624870e+00, -1.746361109210756e+01, 4.734084111162680e+00, -5.993171669690850e+00, 6.766304244763600e+00, -1.462008370267313e+01, 3.593041846274895e+01, 7.241118082708930e+00, -9.075428859825994e+00, -2.280499745455307e+00, 4.255469449492090e+00, 2.015790877429678e+01, 1.043842431618527e+00, 1.272475770764965e+00, -9.363948940018783e+01, -9.635152393253760e+01, -2.987017201644748e+01, -1.909356028720657e+01, 9.124964165450633e+01, 2.756981756650572e+01, 7.789520494448008e+00, 6.165499809187072e+01, 3.596621300012651e+00, -1.061534366254985e+01, 1.185067480243899e+01, 3.994886196321792e+01, -1.138011758573705e+02, 1.879996340080068e+01, 5.883312039503255e+00, -1.154779502084931e+01, -4.151665160843384e+01, 2.085559404387155e+02, 1.185621270832894e+04, -6.776389568304309e+02, -1.792267554491726e+03, 1.885848701266697e+03, -3.938316338903277e+03, -1.465463628977001e+04, -6.526614951942452e+03, 7.976528596521001e+03, -6.329502372327269e+03, -2.812061900372254e+01, 1.943808946550829e+01, 4.750688635901938e+01, 2.046042147117604e+03, 4.952336975035583e+03, -2.295486652353068e+02, 7.309060578148718e+02, 1.684745006991147e+03, -1.239353931916290e+03, 6.917155711633961e+03, 2.110606728673475e+01, 1.033010695308662e+01, -3.199410101528649e+02, 6.711919013230090e+01, 6.910666520748059e+01, -1.103015522848185e+02, -1.096547372802775e+03, -9.034433796747850e+02, -2.079287561220798e+02, -3.756412988210142e+02, 2.355171660700802e+02, 1.200300150721136e+02, -1.906902185698220e+02, -6.789394900039615e+02, 7.946175621131191e+02, -3.969805692804654e+02, 2.690702159799070e+02, 9.930477553107364e+01, 3.733091047152980e+02, 8.748515544577864e+02, -2.420013876147004e+00, -9.952247514452640e+00, -1.482755090028554e+01, 2.340607980580984e+00, 2.192839000186785e+01, 1.565516494101822e+01, 3.009343023401519e+00, 7.496590041916805e+01, -7.951347491641110e+00, -1.844390762629472e+01, 6.523635285590189e+00, 3.919211122019884e+01, -6.765174863884167e+01, -2.933726453603365e+01, -2.716140591221258e+01, 2.595556011997659e+01, 3.612912463928468e+01, 1.288990347602423e+00, -8.806315259782531e+00, 1.272238584369059e+01, -2.998548645981661e+00, 1.571852732617180e+00, 1.216476983294220e+01, -1.233101969128821e+01, 8.145588286043771e-01, -4.629934065931446e+00, 1.549665212234086e-01, -1.077972589830331e+01, -7.388294026265338e+00, -1.847631759520207e+00, 8.393001908282526e-01, -8.522680330933767e+00, -2.031669394989734e+00, -2.030315616074891e+00, 2.999251895454064e+00, -4.705332083593770e+00, 2.191186162737014e+00, 6.546984731273708e-01, 3.812842078653046e+00, -2.056468677930553e+00, -2.009923776994250e+00, 7.866894223272300e-01, -3.176432882012940e+00, 6.017567791903142e+00, -1.985167938027635e+00, -1.538342389975057e+00, -9.877094678457335e-02, 1.166294101032824e+00, 2.139975919111889e+00, 9.611349307198276e-01, 1.315022369351443e+00, 1.228095683220394e+01, 4.593800846967826e+00, 7.860786995965059e-01, -1.394742198837698e+00, 7.276930207756898e-01, 1.907594931737147e-01, -2.194595487389786e+00, -1.589996192532700e-01, -3.575016523501222e-01, -2.110078597292662e+00, 1.619922474309887e+00, -2.401909310783644e+00, -8.382878103462142e+00, 4.344341522333178e-01, -2.136926613501794e+00, -3.684228968704970e-01, 1.841823581002368e+00, -3.406084480209846e+00, 2.150482386461545e-02, 1.090837519150260e+00, 1.083756142069712e+01, 8.651885411624454e+00, 1.746474812607086e+00, 7.174900226565679e-01, 3.708348832184308e+00, -1.494633023005273e+00, -1.203306163900242e-01, -2.703201250007427e-01, -1.696483130931434e+00, 8.665917390273047e-01, -2.671276614376290e-01, -3.797270176044910e+00, 5.460275716315085e+00, -7.908882001128311e+00, -4.055402119725153e+00, 4.618461743135646e-02, 1.157249294522952e+00, 2.978731463882207e+00, 3.247444079710358e+00, 1.639882999762952e+00, -9.415635178510431e+00, 1.149519767244891e+01, 9.195290532027013e+00, 3.572668201991759e+00, 1.048280996719460e+01, 7.217520013064853e+00, -1.481644191201365e+00, -4.983835568203154e-01, -8.379888645198259e-01, 3.528565132578420e+00, -1.604938392474245e+00, 1.084527550134984e+01, -6.677832026382767e-01, -6.761166757450806e-01, 5.057287933522853e+00, 1.672068512096687e-01, -7.587728143374779e+00, 1.234767817888633e+00, 3.986084705082515e-01, -1.534963998333147e+00, 1.333234693768606e+01, 1.751921024910094e+01, 3.011748421035864e+01, 6.177706266386319e-01, -1.077036245583807e+01, 1.529484186888870e+01, 2.883835766590525e+00, -6.228125385218418e+00, 3.816283670976928e-01, -1.826363098826381e+00, -7.417700369053892e-01, -1.453080854660645e+01, -2.512886454202135e+01, 6.365336570572143e+00, 8.325954288511896e+00, 6.485928572495553e-01, 1.259948641116775e+01, -2.116467106114048e+01, -9.905600484996784e+00, -6.084741821519754e+00, -1.234755363311268e+02, 3.921820453796507e+01, -5.288223926386458e+01, 4.683581320082858e+01, 6.021000316616745e+01, -3.110340172891442e+01, -4.043827100064004e+01, 4.720813087384558e+01, -1.415511488865817e+01, 6.111949413882441e+00, -1.179049064929142e+00, 1.138024423155141e+02, 1.529082560477087e+02, 8.354879858641862e+00, -8.327227244213391e+01, -3.287091199498049e+00, -1.586380683897980e+02, 1.009980191051265e+02, 6.784908453039318e+01, -7.753208402225611e+02, -1.344977741575998e+03, -7.871779282489175e+02, -2.689423918031684e+03, 1.001715051855158e+03, -2.741066217226933e+04, -2.293245083288214e+04, -1.535850395073979e+04, 1.332526755674729e+04, 8.358891197989786e+03, -4.083477032557925e+03, 1.094775738538553e+04, -3.356130410595864e+02, -2.312811229158913e+04, -9.490633971030846e+03, -2.120343972906813e+04, 2.783703391337219e+03, -8.356115813013126e+03, -7.487818472113839e+03, -1.242500757419824e+00, -3.047850858392805e+02, 3.087166503741349e+02, -8.284548370895746e+01, 1.370922017857624e+02, 4.510021060626450e+01, 4.404086066695592e+02, 6.004686116535212e+02, -8.673607889626425e+02, -4.742857204441013e+01, 2.512814219324388e+02, -1.626326215379609e+03, -2.174095970105206e+02, -2.399937059213044e+02, 5.651395996234247e+02, 7.194701810548858e+00, -1.087151707981064e+03, 5.225077465216434e+01, 4.768143527874722e+02, 4.907858639388069e+02, 1.689868960340444e+00, -1.924756810944159e+01, 7.706294971646820e+00, 1.269412422849545e+01, 8.045589084368103e+00, -6.056007851915128e+00, 1.850986965372254e+01, -1.885778539868434e+01, 2.432634268596048e+01, 6.843789047863174e+00, -2.903204902414343e+00, -7.195117228948029e-01, -3.024604685902240e+01, -2.237556993404134e+01, 1.074063378842603e+01, -3.811089595210699e+00, 3.156913272679011e+01, 1.354650617126391e+01, 6.325027835172782e+00, -1.229189954512458e+01, -9.581629551660077e-01, 1.346256483607629e+00, -1.342015983392242e+01, -5.935165241930447e+00, 2.646964413302942e+00, -1.045803959428590e+00, -3.555623538085931e-01, 8.867865956966734e+00, -4.497654850545768e+00, -3.028491504436698e+00, 4.814955308163559e-01, -3.702205822076414e+00, 5.629209086604122e+00, 2.121193514742547e+00, -4.125808992926646e-01, -2.341762668470374e+00, 1.532769625281591e+00, -1.755304439259125e+00, 8.828415030779444e-01, -6.230714139116907e-02, -4.383207215299980e+00, 1.450874370476252e+00, -2.428493843952695e+00, -2.772270838573874e+00, -2.103936066660897e+00, 1.842132045988428e+00, -1.947812687016938e-01, 1.290273802491079e+00, -1.225734683837560e+00, 1.009728458239153e+00, -3.870213207726202e-01, -3.996341558350384e-01, -9.544694151497368e-01, -1.280327348723732e+00, -2.002207092742353e+00, -8.224760785189172e-01, -1.470632976767607e+00, 9.523811526675302e-01, -4.266613352025700e-01, 5.502444587016836e-01, -5.321328694840206e+00, 1.380780694130727e+00, -8.866826602145533e+00, -8.577486888090764e+00, 7.907679861436143e-01, 3.620466220132848e+00, -2.566046613558343e-01, 4.114342316311624e+00, -3.925908472230442e+00, -1.117407139756176e-01, -1.768456295972816e+00, -4.538451076512153e+00, -1.868496230426448e+00, -2.114897364143693e+00, 1.525224499618271e+00, -2.243389385981706e+00, 1.632228679711902e-01, 4.324415104365947e-01, 1.022394852570258e+00, -9.625817162542312e-01, -6.613516341835545e-01, 1.296513463730934e+00, -2.026869529769435e+00, -7.225354904736201e+00, -9.174380899169261e+00, 2.575179167111495e+00, -2.700363008256192e-01, 1.371886613024625e+00, -1.950848351980154e+00, 4.423063828395875e+00, -1.458924476192688e+00, -6.578639603053931e+00, 1.150440772523864e+01, 4.027575065593288e+00, -3.512064716391049e-01, -2.025656915414332e-01, -7.013951979618128e+00, -3.163315174357898e+00, 8.010531129729320e-01, 6.191667137169813e-01, -2.407733452725791e+00, 4.419076390450892e-01, 4.310259296596464e+00, -4.321379074637566e+00, -7.600878358911926e+00, -2.623894883306183e+00, -1.313029227332531e-01, -2.150672955824015e+00, -2.889668607221429e+00, 4.174145828037772e+00, 1.700461275566657e+00, 1.721265303714875e+01, -5.058007008285279e-01, 3.760818182256873e+00, -8.212173973097027e+00, -6.552125551959010e+00, 8.265679290169928e+00, -4.077251550133323e+00, 4.957334304598528e+00, 2.441602575602137e+00, -1.711240569690356e+00, 3.304355557160032e+00, -7.046773191782838e-01, 6.471122701344486e+00, 1.985807287523950e+01, 1.315220587222570e+00, -9.178484431849447e-01, -1.713611372254491e+00, 9.252443649788185e+00, -1.199993208045028e+01, 3.886729726507384e-01, -4.384920403670149e+01, 9.529152879760170e+00, 4.105408841738575e+01, 2.095232232609193e+01, -8.117889967265590e+00, -4.565168380754800e+01, -4.300956804091156e+00, 9.873584190943966e+00, 1.344279710604097e+00, -4.919730543593365e+00, 6.482825973176876e+00, 1.880002389210076e+01, -8.355102623317695e+00, -1.273377492137603e+01, 2.277698865257325e+01, -7.075561667451423e+00, -1.674724692459277e+01, -1.195301949896379e+01, 1.442730152382753e+01, 1.320156602975282e+02, 3.864336263733622e+02, 2.060451493987071e+03, 2.263801354269173e+01, 1.173607428336890e+02, 6.036062535463844e+02, -4.646952807587772e+03, -1.571395297155898e+04, 1.526295136397442e+04, -3.515949986172236e+03, 6.738154364846999e+03, -1.115321454292468e+04, -5.752092921042683e+03, -4.069049782413935e+03, 9.886376118240007e+03, 8.426295381045005e+03, 2.549770856260479e+03, -7.609956162796003e+03, 1.616162661562559e+03, -5.111142725226683e+03, -4.004252970020661e+01, -1.588849926748298e+02, -2.211072738215295e+02, 4.683193152867985e+01, 1.868826077711743e+02, 4.838325038575078e+01, -1.286844456697320e+02, 4.372346901202474e+02, 1.429319902828000e+02, -2.037585976853790e+02, 1.013614637443494e+02, -2.276156886172778e+02, 5.815283400512149e+02, 4.116481189765776e+02, 6.973054102352177e+02, -2.634401209963472e+02, -5.647406886770048e+02, -2.798598845883672e+02, -2.335315245682571e+02, -1.228866202830424e+02, 4.365361616752541e+00, -6.411393353338799e+00, 2.669215610801324e+01, -1.904242934091380e+01, 1.727823648509888e+01, 1.002147536339876e+01, 1.024268428463536e+01, -2.085557779376055e+01, -4.890766360122851e+01, -2.753717674603342e+01, -2.446668677287519e+01, 3.570377294804216e+01, -6.267872333328870e+01, -1.281464990254167e+01, -2.197920919748048e+01, 1.190909391624236e+01, 1.335138959063209e+01, -3.427015218080935e+00, -4.609876935551259e+00, 4.423364266349939e+00, 6.317372105759183e-01, -3.051900257413725e-02, -3.247009462127433e+00, 6.561593064009284e+00, -1.959742694959522e+00, -2.316279624140623e+00, -1.265527215117641e-02, 1.720579322837368e+00, 3.875505055439872e+00, 1.309683995063576e+00, 1.194846743584588e+00, -1.613984775574102e+01, 1.596888980621493e+00, -3.479096085216367e+00, 7.353931577455892e-01, 3.760272296281976e-01, 1.624754775299201e+00, 2.305497016536800e-01, 1.600373993841513e+00, 5.238410980967072e-02, -1.824723423546506e+00, 4.321305575654590e-01, 4.455544938021969e+00, 4.321955028640146e+00, 2.604071825601192e+00, 1.106312631233001e+00, 2.442978157933251e-02, -1.597462606576871e+00, 1.143492061091328e+00, -1.043633291878970e+00, -4.447804117887861e-01, -7.848402768885066e+00, 1.264529026218745e+00, -1.038823778180219e+00, 7.777338942283571e-01, 2.117580039994714e+00, -9.845982698378251e-01, 2.547705712961625e-01, -6.535430475238888e-01, -2.433012692419445e-01, 1.255078005492310e+00, -1.141209984787673e+00, 9.094898739262561e+00, 3.633457527252161e+00, 1.063879240382552e+00, -2.488888339675679e+00, 3.210343312605806e-01, -4.975875264795839e+00, 2.031740053483381e+00, -3.494787471646086e-01, 1.156954209791799e+00, -3.232775782585466e-01, -1.051628944768256e+01, -3.594907979903386e+00, 1.298182082499937e+00, 2.761628646875593e+00, 1.463147320036733e+00, -7.999765256007937e-02, 1.794489654098000e-01, 2.235798172126578e-01, 1.958107157773543e+00, -6.155739928019850e-01, -1.295783616809022e+01, -1.445235072263386e-01, -2.229556238865381e+00, -1.010870367960610e-01, 3.951235884647392e-02, 5.426807460293891e+00, 2.034174993829295e-01, 3.395341594904959e-01, 1.847942075698342e-01, 2.126191605282116e+00, 8.816415397634991e+00, -5.294842366135299e+00, -2.236286274121049e+00, -5.399223378987331e+00, -6.995934991915646e+00, -6.142836631006848e+00, 5.780112858116413e-01, -8.319291090828282e-01, 1.022845915739597e+00, -1.278413446300223e-01, -9.185231804431258e-01, -7.992832926661865e+00, -5.723318615923465e-01, -4.745437210563407e+00, -3.644489006409302e-02, 5.777360520323634e-01, -4.819484862820516e+00, 1.111099745340188e+00, 2.302156515186314e+00, 3.891595254725864e+00, 3.737130551303420e+00, 5.406302137467674e+00, -3.054598186078242e+00, -6.889400457349452e+00, -1.019898323065101e+01, 1.017916051290006e+01, -7.609959746598845e+00, 6.493532872745162e-01, 4.878824566471884e-01, -4.207734908677250e-01, 1.316100138910828e+01, 9.702519161167858e+00, -3.253154784118767e+00, -8.834721854223909e+00, 1.640204631035079e-01, -8.997519843778989e+00, 2.898837864235843e+00, -4.027130857610184e+00, 7.532122430920381e+00, 1.878446795570818e+01, 8.208081909879100e+01, 5.884521430724840e+01, -7.525573356061075e+00, 1.133803678241105e+00, 1.265458594052094e+01, 5.115220997044814e+01, -8.695150283498276e+01, 1.667734847978490e+01, 6.486210940592033e+00, -2.305157099318219e+00, 5.883066154103765e+00, 8.327151814236707e+01, 2.277748586231094e+01, -3.334074249507034e+01, -1.168098991778443e+00, -1.862474812893449e+00, 1.441724298925708e+02, -4.588524796154037e+01, 2.554460080818612e+01, -1.818932176199593e+04, -1.373569422302204e+05, 2.621907396278479e+05, -1.645768291035854e+05, 3.914144132941740e+04, -1.696498960797364e+05, -2.118092901639731e+06, -1.782098993677224e+05, 8.464332879587550e+04, -1.716640635353807e+05, 1.857246864246967e+05, -3.261187914186834e+05, -3.576381948579371e+04, 1.270014290766567e+03, 1.970511610936658e+05, -1.618030931349425e+04, -1.645124589398570e+05, 1.913957460239235e+04, -5.706010250634296e+04, 1.184832738037415e+05, 1.288523490148578e+03, 2.019817376031658e+03, 9.403193336913125e+02, 2.603518031675279e+03, 2.260336699720649e+03, 1.324567997616246e+03, 2.326855849918115e+03, -2.040614021783456e+04, -9.214186359069872e+03, -6.889592131001173e+03, -1.029309130720996e+04, 1.008799834404629e+04, 5.066385032905254e+03, -1.365954008755262e+04, 2.024073857380270e+03, 3.278564323063078e+03, 9.843139636697792e+03, -8.044659537540214e+03, -4.184087786846830e+03, 8.749186167421932e+02, -1.327218816663256e+02, 4.623049397158867e+01, -4.453844083267133e+01, -6.537927784874909e+00, -2.629210303212583e+00, -3.133372414122593e+01, -4.352644133819706e+01, 7.382866779421606e+01, 1.517527492223508e+02, -6.982822748922140e+01, 2.912740336593872e+01, -6.722129071985234e+00, -6.710756337500756e+01, 1.020765665310164e+02, -3.184115291976257e+00, -1.834870793111593e+01, -4.970266085087734e+01, 6.702121918144550e+01, 2.719556938151840e+01, -1.395425446550421e+01, 3.785633778933388e+01, -2.996421427914953e+00, 8.453919828966443e+00, 1.611084040341567e+00, -5.093729224785540e+00, 1.840893038851933e+00, -2.659945108654451e-01, -3.333483219549605e+00, -9.923072687265150e-01, 3.825499935372259e+00, 8.721166732928105e-02, 7.279348329036794e+00, 9.883851042219076e+00, -3.337908510764296e+00, -2.436983917814438e+00, -3.197384963128760e+00, 5.124389868807653e+00, -4.328656844049256e+00, -3.240991141399882e-01, 6.677063044320283e-02, 2.000229164967911e+01, -8.580665012156626e+00, 6.410205956967820e+00, -2.501047589189478e+00, 1.394647350329613e+01, -7.791096891140780e-01, 1.509329349010154e+00, -2.410047353482914e+00, -5.902610951636574e-01, -6.797737704958866e+00, 4.805049068533842e-01, 1.484550748214197e+00, 5.875156413790783e+00, 4.809769499934744e+00, 5.159535459964690e-01, 2.187548739821739e+00, -1.502912758231853e+00, 2.213384729594486e+00, 2.156785364992400e+00, 5.787119101125587e-02, 3.591988817230039e+01, -1.139201143708137e+01, -4.954378978825427e-01, 1.343812858391430e+00, -8.887606476449333e+00, -7.389683656482190e+00, 1.811958570875262e+00, 5.220668759985104e-01, -2.532337906726640e-01, 4.149987527238482e+00, 3.435393808102440e+00, -1.628162226188341e+01, 4.044279860884764e+00, -2.473949505844569e+00, -6.976520828192493e-01, -3.643074912668821e+00, -3.352719360572484e+00, -1.642632688402905e+00, -4.986083003623014e+00, -4.510956543164270e-01, 1.095413592928292e+01, -1.034180707043644e+00, 1.769977929048799e+01, -1.955879311136117e+01, -1.348282259938173e+01, 6.833409905458944e+00, -1.804918544890128e-02, -4.907458350001730e+00, -7.648966419210107e+00, 7.241827664981389e+00, -3.440205363257452e+00, 2.736697884176807e+00, 1.151140730845016e+01, -1.130127320584764e+01, 6.850762205324225e-01, 1.417193186220298e+00, 1.385760954630644e+01, 7.343144489745935e+00, 7.818744607011575e+00, 1.436238078740983e+00, 2.920687970775410e+01, -8.917703643298484e+00, 1.772483508344678e+01, -1.581723378277645e+01, -1.149353418309732e+01, -4.351230583523900e-01, 1.347991655964667e+00, -9.551832511762774e+00, -5.786197506768789e+00, 6.387866551631325e+00, 1.044841354851825e+00, -4.113287359926970e+01, 3.426886381399855e+01, 2.230653075197305e+01, 1.341536722243545e+01, 2.132350899904067e+01, 1.326882056096192e+01, -1.965673159844636e+00, -1.452162977796402e+01, 8.417941810727838e-01, 1.802765341290732e+01, -9.698489125047749e+00, -2.966425972110764e+01, 9.877108935753115e+01, -7.480071753621902e+00, -4.530961387061586e+01, 2.737247637467710e+00, 1.013815702461520e+01, 6.643992329523961e+01, -1.698105626868824e+00, 2.565781882812120e+01, -2.142403662795087e+01, -1.147422458679655e+02, -1.076187147267175e+02, -4.122339866458747e-01, 3.271134322908620e+01, -7.168834912326219e+01, 9.343607058433687e+01, 3.445114062531184e+00, -6.295401959715937e+01, -1.283783926081461e+01, 5.174145242004052e+01, 6.068995135105126e+01, -2.483060867181946e+02, 1.775772899822781e+01, -4.339130902107823e+01, -3.283158153343719e+01, -1.016260260732461e+02, -3.025164811856469e+02, -3.689876244707593e+01, 1.150748017903708e+02, -9.966030222750960e+01, 5.683874238110297e+03, -7.446025721020503e+04, -2.383757239691122e+05, 4.051786828544980e+04, 8.455368855343624e+03, -2.059919175347429e+05, -2.709572635194084e+05, -7.513408306374822e+05, -5.997141463020290e+05, 8.049713560606588e+05, 9.736004314999464e+05, -3.863295080367928e+05, 6.789952406487601e+05, -1.682321238207622e+05, -8.686003697148975e+05, 7.923914173117037e+04, -1.493793139319013e+06, -7.901447499850402e+05, -1.950455071998040e+05, -1.588308171037393e+06, -4.946126610128122e+02, 2.835643536205920e+03, -9.274808324537596e+02, -5.045779362336248e+02, -8.306924095306430e+02, -1.955712849267006e+02, -2.543539890555039e+04, 2.563599674684880e+04, 1.165808120799022e+04, 2.682470434957620e+03, -1.100144413986075e+04, -1.263216784121023e+03, 1.823736494270350e+04, -3.537374123025726e+04, 6.504119985416401e+03, -3.638806609084177e+03, 1.643006880106304e+03, -7.229396757945548e+03, -7.997746258141531e+03, -2.369242970885145e+03, 1.200108094857425e+02, -1.355646722152977e+02, 9.135236922784735e+01, -7.013397282906462e+01, 5.846374278046783e+00, -1.429842772235817e+01, 1.254349395656126e+02, -2.354857349292911e+02, -1.439045322574464e+02, -8.030868662354894e+00, 8.204616720834514e+01, -1.529957620821190e+01, -1.724017269162986e+01, 1.160984962360335e+02, 2.513139165820369e+01, -2.061069699639985e+01, -2.344405371545248e+01, -2.959381478154706e+01, 7.740875871835874e+01, -1.504666702969934e+01, -7.771488422554349e+01, 5.282765102818423e+01, -1.980509412661015e+01, 2.218449975617422e+01, 1.941681419716236e+00, -9.437705004232493e-01, -1.283483918076254e+01, 1.219176601774705e+01, 1.315695005848612e+01, -2.484204217184899e+00, 6.028473545243744e-01, 1.024953018978136e+00, 2.325850769525766e+01, -7.173664287312189e+00, -5.495068280259137e+00, -2.524974287415191e+00, 5.100498321514313e+00, 6.084285878202291e-01, -5.013005357117970e+00, 1.614100687873598e+00, 1.946688975672668e+01, -2.687739303936428e-01, 1.967945084522702e+00, 9.636591756944865e+00, 1.047337482561705e+01, -6.032753803133404e+00, 1.281860912030848e-01, 2.756708852071719e-01, 2.845019510186903e+00, -4.505405780232024e+00, 2.419406823262299e+00, -1.510879970999625e+01, -7.966143839425671e+00, 4.227114813643065e+00, 7.165892948618626e+00, -8.198403451147968e-01, 4.211989179805835e+00, -4.752462507774866e-01, 6.014248113140742e+00, -1.643515732348786e+00, -2.477122258168538e+01, 1.313278487059384e+01, 7.042511037967465e+00, 1.300942741763747e+01, 9.284295947400329e+00, -9.549919478382339e+00, -1.961615170331539e+00, -3.291800285784568e+00, 5.775037906701641e+00, -3.563115466470050e+00, 3.616893335818038e+00, -1.651304665595980e+01, -4.455407441397449e+00, -4.774244572536848e+00, 1.799497795942123e+00, 3.741630939255066e-01, -5.583012777573770e-01, -3.322438893042181e+00, 8.011361159451398e-02, -5.932408344479252e-01, -4.090851928392436e+00, 7.785329693088783e+00, 3.728559853167548e+00, 5.743810269329004e+01, 6.337612865638117e+00, 1.464029495653733e-01, -1.081017133175850e+00, -1.227558287861723e+00, 2.397706963306094e+01, -3.235312723072812e+00, -1.026135549442417e+00, 2.922152541529738e+00, -5.810598540878250e+00, 8.505910603064001e+00, 4.217576148258821e-01, -6.154444528223484e+00, -2.512499217996061e+01, -4.105814437889662e+00, -1.339988500129224e+01, 4.739777374306754e+00, -5.109944266618341e+01, 2.966924216905999e+01, 3.158475555795748e+00, 3.471408920278964e+01, 7.670436121245420e+00, -1.478152287067432e+00, -4.795394875234429e+00, 1.664704918460943e+00, 1.401336678449541e+01, -2.576715620521638e+00, 2.062713914651605e+00, 1.272750606832528e+01, 4.466766604237050e+00, -1.713522304180122e-01, 1.818729643145631e+01, 1.720729534873076e+01, 1.000046533168544e+01, 1.744386402169332e+01, 2.102099775923119e+01, -1.186878511301217e+01, 2.558695780678174e+01, -6.777808590031616e+00, -1.576765386268529e+00, 2.571851417666861e+01, 8.842825646983403e+01, -2.367072884014258e+01, 6.734046356939120e-01, -3.109492163262127e+00, 4.531835341154678e-01, -6.613973720713194e+01, 1.116891705464341e+01, 1.345064307675900e+02, -6.157898948500819e+01, -1.616139685461620e+01, -7.140165342691267e+01, -2.019460179621550e+01, 5.634330848791468e+01, -8.651581486856037e+01, -1.808202539355666e+02, 2.201780347818735e+01, -1.020848771530208e+02, 1.978704673425750e+02, -1.993060615158690e+02, -4.732179232047296e+01, 1.430798533063765e+02, -7.662664459123048e-01, -1.111881380869393e+02, 2.327514329940506e+02, -3.709678735838595e+01, -2.193707582987431e+02, -5.210380759406215e+01, -8.940825673117630e+02, 9.942703960754817e+02, -8.497484600084817e+03, 5.058477460846214e+04, 8.992662874053734e+04, 2.746949863388390e+04, 8.949217012661255e+04, -2.927458747061506e+04, -5.919381173032058e+05, -6.073792361755626e+05, 1.149564709832114e+06, -5.163753058900367e+05, 2.436757677418993e+04, 3.286675357444038e+05, -1.087202230228342e+05, 6.701002968615804e+04, 2.489808003894420e+04, 9.941472939816299e+04, 3.708486768585742e+05, -1.406365074731119e+05, -1.870013077179782e+04, 2.154388457044412e+05, 7.683054928492601e+02, 1.696665074227819e+03, -1.771354113540601e+02, 3.270906295293431e+03, -1.857625928200669e+03, 2.535812286248260e+01, 4.632756242640361e+03, -6.720824528349405e+03, 1.487911062119800e+04, 1.042660559994921e+04, 7.709902486081836e+03, 6.910000506617363e+03, -2.878348704136765e+04, 1.237572070219394e+04, -1.595027597180147e+04, 1.949630749841839e+04, -2.384803122299128e+02, 7.884577157112555e+03, 2.560703986266409e+03, -2.962103836766449e+01, -1.539161965016137e+02, 5.799696453627774e+01, 9.340260336599454e+01, -7.242522911673979e+01, 6.946219877964700e+01, 1.126092770054175e+01, -6.217637368194752e+01, -1.475397348539521e+02, 2.047967739851838e+01, -6.840800785682515e+01, -1.477643530283803e+01, -3.544059419245495e+01, 1.052026608383177e+02, 7.835762445282374e+00, 1.291700381152205e+02, -1.578498237016837e+02, 4.129553132844232e+00, -3.271427740802930e+01, -5.438619719742132e+01, -1.872037717811019e+00, 3.172280297841435e+01, -4.526624990142159e+00, -6.386436794944863e+00, 2.211191777397068e+01, 2.230896563170028e+00, 5.597357247286235e-01, 1.090113687761253e+00, 3.612019450049827e+00, 8.549198182358264e+00, -3.211764004577714e+00, -1.310739245897019e+00, -2.833268685180895e+01, -2.758764273865004e+01, -1.100773644991926e+01, -4.289147644766771e+00, 5.873884582905213e+00, 4.667261353206669e+00, 3.863489747129236e+00, 1.385044268572373e+00, -1.585572946344040e-01, -9.737158575487701e+00, -1.840367828859606e+00, -1.021560906771027e+01, 9.835353521111184e+00, -3.239654740529381e+00, -2.774385544812425e+00, 4.365808350623298e-02, 5.499419288860275e+00, 6.988886212635137e+00, 1.274882125716879e+00, 1.256402274156938e+00, 1.693613017678901e+01, 3.394625007566770e+00, 3.840517975074116e+00, 1.779475321677891e+00, -3.521761602604553e+00, -1.595246446877525e-01, -3.088574246575756e+00, -1.530609091360229e+00, 5.871968849985091e-01, -3.043941079049123e+01, 1.811300148873210e+01, 4.368922798569439e-01, -1.847383321040619e+01, 9.658050203656027e+00, 7.859238250704292e+00, -3.383797939596155e+00, -1.087930315059599e+00, -1.036475972756424e+01, -4.517203085587247e+00, -3.290705412334076e+00, 2.059635986832485e+01, -5.717402160763065e+00, 7.141284113006052e+00, 4.643300355784284e+00, -4.691344895993955e+00, 8.427457484038129e+00, -4.525958682137893e+00, -6.490074254884587e+00, -3.667717333577063e-01, 8.239703078230644e+00, -7.801310076340635e+00, -4.754484937978297e-01, -1.097386183223504e+01, -1.172155876534623e+01, -2.879758913115899e+00, 1.078975429422002e+00, 2.028255782953694e+00, -3.277819465731205e+00, 7.203054460780911e+00, 1.149966848631038e+00, -8.023453654986078e+00, -2.522956115154003e+01, 2.697953683932223e+00, 8.116981198187877e-01, -2.987368647285945e+00, -3.658771415705647e+00, 4.991739667996351e+00, -1.349253524751062e+01, 4.341501444595868e+00, -1.025103414181395e+01, 2.628679985479480e+00, 2.886498300911206e+01, -5.170601195569904e+00, -2.841037516968536e+01, 3.191264925972723e+01, -4.623205074070200e-01, -1.253168174900792e+01, -1.592580844184156e+00, 1.239433104479509e+01, -1.526878096585609e+01, -2.501790764708178e+01, 1.911951814928306e+01, -2.342461846461041e+01, -4.379282629958060e+00, 3.038790706644987e+01, -2.134159381987972e+01, -8.711597727982387e+00, 1.775452663277746e+01, 2.540527604515344e+00, 6.341517708173844e+00, -9.555765741869633e+00, 6.079516348729163e+01, 2.161168235706028e+01, -5.278957694957195e+01, 4.881398222987406e+01, 2.097081341165847e+00, -4.388116056357047e+01, 2.757525002854679e+01, 3.863203212544786e+01, -3.522622484208164e+01, -1.015114381637286e+01, 1.672058611380828e+02, -1.247607304816292e+01, -3.890629851948449e+01, 2.113868424252552e+01, 3.455125909657036e+01, 4.336219570572931e+01, -4.980854018768731e+01, 1.321708466873330e+01, -6.796672532959651e+01, 6.070064920514040e+01, 1.877648924247595e+02, -5.327818180721828e+02, 3.157656040884405e+01, -1.905980474947746e+02, -1.803737872961122e+01, -2.773827057770426e+02, -8.130776122649243e+02, -3.955878036183385e+01, 3.138024626660433e+02, -7.459885090477102e+02, -3.385259638489604e+02, -3.008991418621671e+02, 3.467946485963571e+03, 2.811120561073030e+04, -4.370422631570284e+04, 5.686119004515950e+03, -2.125840800367721e+04, -5.039642514104149e+03, -6.259619961323917e+05, 2.854062722255114e+04, 1.318637168633361e+05, -7.577823897841776e+03, -1.385664810426131e+05, -6.543755286310152e+04, -5.062324727063825e+02, 9.303615259156394e+04, 4.995428217398059e+04, -3.659383416152117e+04, 2.241592386654836e+04, 8.508766730300184e+04, -5.544985868891571e+04, 2.144177694295060e+05, -2.462360824999958e+02, 9.291078385107623e+02, -1.946750018237852e+02, 3.173039099100974e+01, 4.978793658138120e+01, 1.129544926855485e+03, -3.920095167611875e+03, -3.292677766561371e+03, 1.523370625926103e+03, -1.002652512228965e+04, -1.068372501339432e+04, 3.426022555574972e+02, 9.881997820871049e+03, 2.182738132931514e+03, 1.340585818272022e+03, 5.313953012663940e+02, -4.582528722072672e+03, -7.129761841097878e+03, 1.556524887826939e+03, 4.077508991003677e+02, 3.291655220756817e+01, -2.549388011857955e+01, -1.144302198628310e+01, 3.059752351782126e+00, -3.022290452130143e+01, -2.897249893751600e+01, 7.347210883176103e+00, 9.955819946295176e+00, 3.165259578350366e+01, 6.789164069689897e+01, 5.920722798976451e+01, 4.731361833325677e+01, -7.675366084255198e+01, 3.090123722072489e+01, -2.622746583757389e+01, -1.717336322887716e+01, 2.665851787167435e+01, 5.458571337674135e+01, -3.770683606168578e+01, -3.344281604256948e+00, -4.673962552983931e+00, -8.179892668320278e+00, -8.535293622111096e+00, -1.423298679484084e+00, 1.158074867945422e+00, 7.279574970710184e+00, 2.409987608111619e+00, 7.716882499586705e+00, -3.304860510352991e+00, 1.378608497836548e-01, -5.401950974705969e+00, 7.551321688629784e-01, 3.866818948923222e+00, -2.473630888451981e+00, 2.797065595523523e+00, 3.088611064228108e+00, -1.468820497822793e+00, -3.374843891713942e+00, 1.748381574666850e+00, 1.856576299445438e-01, -3.025039462948021e+00, 3.644432764597001e-01, 7.484778667398852e+00, -1.039219510337691e+01, -1.844878635850900e-01, 6.262427971265405e-01, 2.090699032121030e-02, -3.783114543376533e+00, -4.329146336329399e+00, -3.244300024629657e-01, -2.170343549123533e-01, -6.580019158564011e+00, 8.671980937443580e-01, 4.338021739653276e-01, 1.358759616074795e+00, -1.837651402438063e+00, 4.556273077116922e+00, -7.996838292921892e-01, 1.252764774600850e-01, -6.597736155011108e-01, -4.299692865223013e+00, -3.217763164154689e-01, -9.097684421340718e+00, 1.022693693165045e+01, -5.296123208597548e+00, 4.211068427886724e+00, 1.635201948475014e-02, 3.425882751409441e+00, 4.112847239163538e+00, 2.267617910696291e+00, -1.753731800531524e+00, 3.256393456053400e+00, -7.874985926282896e+00, 8.690302355433307e-01, -3.816412313710491e+00, 1.647061912114074e+00, -7.629091902717912e-01, -1.520093732624931e+00, -1.076586359534902e+00, 1.062116871650592e-01, -8.765101341469050e+00, 4.517373770646971e+00, -1.015899688813938e+01, 7.300590907560580e+00, 1.663897176834161e+01, 2.194558833305392e+00, -9.130749572437905e-01, 5.081404733211316e+00, 4.649173883355001e+00, -7.589597690562052e+00, -9.991104914079051e-01, -2.791751205498879e+00, 1.407853158722537e+01, -9.057172391242048e+00, -1.241405296105759e+00, 1.429127666604668e+00, 3.872199250959867e-01, -2.013467053990808e+00, 2.205649924922472e+00, -6.213820152278400e-01, -6.585477642855170e+00, -1.859070852268450e-01, 4.169528494412935e+00, 1.111580349645048e+01, -6.720788194687121e-01, -6.503759023966763e+00, 2.395478252362901e-01, -3.259680480158365e+00, 6.431778699060194e+00, -3.929889007043634e-02, 3.116390503157736e+00, 3.255808001373381e+01, 8.067518751182499e+00, -4.090714156728875e+00, -5.059192967780413e+00, -4.115380255836021e-01, -1.721835164065134e+01, 2.638256321161813e+00, 8.949382333490011e+00, -2.534669533046099e+00, -1.074953942763532e+01, 1.531168129788490e+01, 1.746476743492623e+01, -6.643542347423610e+01, 3.530909124773127e+00, 1.225713965455496e+01, -5.797001579039854e+00, -1.003567639208057e+01, -4.626000225407100e+01, -5.872831699671216e+00, -7.984164370837745e+00, -1.948416685816839e+01, -1.885518571147178e+01, -1.820264044065522e+01, -3.710698305901400e+01, 4.128214221939732e+01, 4.750056016081167e+00, 6.882082165014536e+01, -1.589335093577188e+01, -3.745372552695361e-02, -2.106795132520697e+01, 9.310670982837491e+00, 2.675820055015950e+02, 2.536166731655997e+02, -2.141781635483220e+02, -1.264121436878568e+02, 3.400121248302067e+00, -3.671965961061403e+02, 3.751129795428178e+02, 3.237744697305678e+02, 1.725832932007637e+02, -1.464752004261726e+02, 2.392293078729929e+02, -7.006648912206300e+01, -3.049048899611408e+00, 5.603204593578727e+03, -2.676658714967866e+04, 4.843899025166885e+04, -7.942888201527759e+04, -5.177195301632964e+04, -2.628895070610899e+04, 1.439272885986905e+06, 9.124705748086420e+05, -1.655635895518213e+05, 1.949777978412302e+05, 9.302669675978071e+04, 2.959145476742071e+05, 8.269393892731304e+04, 3.395829547769657e+03, 3.315469437597652e+04, 1.694925579200025e+05, -5.543420320395271e+03, -4.175317389611899e+05, 2.173084374771418e+05, -4.194019290444125e+05, -2.720944405483907e+02, -1.302109126503739e+03, -2.077552932238905e+03, 2.467859143226670e+02, -4.240168457527832e+02, 8.405694964088781e+02, -1.709844150884687e+03, -5.597568802762115e+03, -1.398850951892334e+03, 6.092902019878225e+03, -4.200410252109705e+03, 5.978103138910397e+03, 8.562010435936476e+03, -5.053581385900535e+03, 3.628200343659764e+03, -8.965842894815425e+03, 1.135611223472143e+04, 1.410242482689779e+03, -3.476025682220008e+03, 1.422637131938655e+03, 2.361146034791835e+01, -7.882309038758354e+00, -2.940976447196971e+01, -4.868119061800375e+01, -6.688858015999532e+00, -2.015803670230558e+01, 3.125891456187957e+01, 1.417317862960366e+02, -8.851620482184293e+01, -1.308658349121956e+01, 1.134395557065721e+01, -4.562123335287535e+00, 1.880914399987631e+01, 1.355671269939650e+02, -5.834686216120015e+00, 7.438527636269100e+01, -8.445823763136021e+01, -2.575779097522413e+01, 1.282872952950810e+01, -5.821571975612341e+00, -2.833988692449383e+01, 1.327962827700087e+01, 3.054690502581309e+01, 3.538630335452146e+00, 4.519041739464764e+00, -4.281355778961055e+00, -3.501880613402591e+00, -2.218071675099511e+01, 1.771406149961883e+00, -1.769114468714067e+00, 3.288094396132725e+00, 6.234440360685025e-01, 9.859904260815156e+00, -1.126865245839168e+01, -3.737930034377890e-01, -3.782705526662487e+00, 4.066763126067205e+00, 9.719683205538948e-01, 2.418233573967556e+00, 2.190108035080344e-01, -1.480357330174674e-01, 4.795960951437552e-01, 2.444497605611951e+01, -6.049111712560107e+00, 1.341894378174696e+00, -1.591091762780110e+00, -1.622631831851056e-01, -1.152474990953152e+01, -2.464340696256441e+00, -9.131151236929707e-01, 6.752864892151053e-01, 8.321091267346068e+00, -3.085061593909086e+00, -7.911377582739338e+00, 2.694509912180378e+00, -4.211902146733545e+00, -2.797642975827966e+00, -1.763784504658049e+00, -2.416461218405165e+00, 1.366193353443244e-02, -2.317424781904330e+01, 8.718340641601863e+00, -2.861299231719485e+00, -1.001777934549367e+01, 1.298769027165015e-01, 3.000024484132341e+00, -1.520866420366378e+00, 1.610429470745076e+00, -4.120353021480020e+00, -3.165065436215794e-01, -1.004766756113837e+00, 2.207990739132477e+01, 1.506971241231993e+01, -8.999944043048782e-01, -6.202230817094260e+00, 5.915741105937183e-02, -1.290696412558617e+00, 1.024833095512604e+00, -1.586068199008133e+00, -1.150034163552288e+00, -2.763875332259380e+01, 1.045454484261547e+01, -1.531298428545508e+01, 3.268513967748441e+00, 5.874753838417262e+00, -4.950539858074857e+00, -1.454540348926837e+00, 5.793219854910427e+00, 1.117558450159581e+00, -2.697816876213865e+00, 2.259798636117740e+00, -1.403337910162412e+00, 9.024608712936651e+00, 1.275348133827401e+01, -3.080627969311574e+00, 1.973357689144591e+00, -7.229547506108653e+00, -1.893952645793225e+00, -6.029554210425028e-01, 1.752595044089020e+00, 1.910562378561265e+00, -4.223687013787513e+00, -1.322823343284658e+01, 1.397841215209446e+01, -9.337767025900089e+00, -1.413097389094072e+01, 6.881165454126315e-01, 6.375541244839696e+00, 8.011917139172496e+00, 2.775698349824076e+00, 5.480518095876079e+00, 3.892391801389485e+00, -5.605807498147925e+00, 1.527858392572485e+01, -9.348233184491599e+00, -3.743326319624660e+00, -7.290949584621853e+00, 2.480163493971448e+00, -2.994248246953099e+01, -5.038236774496321e+00, -1.928890692262853e+01, 8.704362345419838e+00, -1.502235646757653e+01, -5.620695879870129e+01, 3.335941449270484e+01, 5.140655274234891e+01, -1.364992497980453e+00, 1.172192998386968e+01, -3.893515980439216e+01, -2.004586840780074e+01, -3.082084666041021e+01, 1.120777706668979e+00, -3.968665744721234e+01, -1.315499955681364e+02, -5.848709710170944e+01, 1.257743764152040e+02, 2.651778267900844e+01, -2.931965802650645e+01, -2.447277107398853e+01, -1.716165308790011e+01, -2.381905967730806e+00, 3.100566247708143e+01, 2.972428011166087e+02, 7.438525064819281e+01, 9.306307027435966e+01, 5.657080302619168e+01, -3.524146021401910e+01, -4.329189086434477e+02, 1.145055212983477e+02, -8.572623921483502e+01, -9.250966038256684e+01, 6.225823980315081e+02, -5.555856178732895e+02, 1.573854478660623e+01, 1.345768304736312e+00, -2.823986635172443e+02, -5.374618121342401e+03, 6.102916895580317e+04, -4.531408666439237e+04, 5.512416119217592e+03, 6.411376799164065e+04, -6.603958697435167e+04, -3.634919540156801e+05, 2.646671144983559e+05, 7.847449845782013e+05, -2.273029325443103e+05, -1.828984135958465e+05, 7.721119631957567e+03, -1.410172654259882e+05, 2.008871705440081e+05, 3.684418154072553e+05, 2.050924476250546e+05, 2.841119476159505e+05, -2.592708367734840e+04, -9.393634205245899e+04, 4.432711265328712e+05, 4.480585039926501e+02, 4.676424944964600e+02, 2.059925981925790e+03, 6.478103747511419e+02, -1.534554925014293e+02, 2.083112985414603e+02, -6.463152151464647e+03, -2.470535798286866e+03, 1.253677144152611e+04, 1.250680027425341e+04, -2.102105847898484e+02, 7.951431235100307e+02, -9.585775813020306e+03, -6.386175642178538e+03, -1.444225452826393e+03, 3.032304768674037e+03, -7.265965111370096e+03, 1.033299986009501e+04, 1.348353277368332e+04, -2.366945950145066e+03, -2.061871104982754e+01, -5.911033456651604e+01, 1.035590521487102e+01, -1.032745340648315e+01, -1.301845485117435e+01, 3.432012465345871e+01, 5.611794991509705e+01, -8.097625982690018e+01, -2.335852999386453e+01, -3.612939622078481e+00, -2.176321588291680e+01, -6.124779677515197e+01, -6.613805690034341e+01, 2.560250914495988e+01, 1.619703473856917e+01, -4.621435873162417e+01, -6.178678653643193e+00, -2.571823424208792e+01, -4.789366456114007e+01, 2.900013224472165e+01, -2.444855048495250e+00, 5.027986007740793e+00, 1.110372465688623e+01, -9.396441709603279e-02, 5.476837771852660e+00, -2.745096645705684e+00, -1.857380151148194e+00, -7.281463295935986e+00, -1.475863101006203e+00, -2.131358021828557e+00, -6.661889903518989e-01, 5.429668821593483e+00, -6.202325344990741e+00, -2.580479810710749e+00, -3.823659370710881e+00, 4.994192107661064e+00, 3.681496738092486e+00, 2.774955331575362e+00, 1.315905279164508e+00, -1.286625714051731e+00, 8.211493175717964e+00, -2.839122470296109e+00, -1.969392524247171e+01, 7.241714886530400e+00, 1.310125988758844e+00, 1.524002110599213e+00, 3.609467817090247e-01, 7.936285091310126e+00, 3.747846470927251e+00, -8.726552410350111e-01, -4.798168772907447e-01, 4.800367290301420e+00, -1.685896711255757e+00, 1.019027262425926e+00, 2.782382094682497e+00, -5.589605896405043e-01, 3.421756747031142e+00, -6.724424179497833e-01, 2.499327872861603e+00, 8.384404463157820e-01, -3.964882609713680e+00, -1.058151889010758e+00, 9.484051579631046e+00, 1.893636854769014e+01, 1.322612371679746e+00, 7.744924830576014e+00, 2.559915444851820e-01, -3.045947750337111e+00, 8.829565264245794e+00, -5.162153806437777e-01, -3.564443030335218e+00, -2.059039158448055e+00, 6.108462881477718e+00, -2.328091117077708e+00, -5.871568234933591e-01, 2.346565156904567e+00, 6.493378267966839e+00, 1.042953783541185e+00, 8.257166558682211e+00, 5.265971381248271e-02, 3.463701462069992e+01, -1.432629104069045e+01, 1.968646488847658e+00, 2.918147850857092e+01, 2.218221468230857e+01, 8.179427477973436e+00, 2.114467751301401e+00, -2.683571693305525e+00, 1.120251357217319e+01, -9.165122158235322e+00, -3.543188903151383e+00, 2.273764571690640e+01, 1.616884771789968e+01, 8.493570185988579e+00, 1.032578246843192e+00, 4.363210835035478e+00, 9.791397296553003e+00, -4.596705573271299e-01, 4.637506415385785e+00, 1.842978858604073e+00, -1.201860831309138e+01, 4.365111420456373e+00, 1.412745943532027e+01, 9.688194986414004e+00, 1.996443733268346e+01, -2.067146834157708e+01, -7.499386155190851e-01, -7.066973672041193e+00, 4.735967955743365e+00, -8.762046944750331e+00, 8.264904307521434e+00, 1.686656054507988e+01, -6.738340043290509e+01, 3.331555535266101e+01, 8.117307675927130e+00, -1.766986865609691e+01, -1.395972357832750e+01, -1.516843525090314e+01, 1.810379775552029e+01, 9.837513738094188e-01, 2.931083158835085e+01, -1.729558742846609e+01, -4.416065940203326e+00, 1.666232952270713e+01, -2.218499067981584e+01, 1.704528195464927e+01, 3.630627536384579e+00, 3.716221946715176e+00, 1.457273512275842e+01, 1.703219977404367e+01, -1.020379290790870e+01, 1.410676821107087e+02, -1.324520880934114e+02, 1.100153218377355e+02, -1.087198241275656e+02, 1.574779810583781e+01, -1.858584946079066e+01, 5.877152339614339e+01, -9.756637169501230e+00, 1.708812944587529e+01, -1.300274953550512e+01, 9.743943444719463e-01, -2.675344763726497e+01, 4.271059528698726e+02, -4.779712914515869e+01, 5.924326091772539e+01, 4.602125137658547e+00, 9.789354535761265e+01, 6.638728534176854e+02, 7.954696710103055e+01, -9.402479940022286e+01, -4.714083425613774e+02, -4.701715986310199e+02, -2.336895418425444e+02, 4.514456859053471e+01, 7.940637648343793e+02, -6.394944235777199e+01, -3.279734411819563e+03, 3.422626659664672e+04, -5.648012544729039e+04, 6.449695841179210e+04, -8.680823494031531e+03, -1.303401228385757e+04, 1.000688559917085e+06, 9.403663614961782e+05, 2.174012257168250e+05, -3.568136315750656e+05, -3.182445164033743e+05, 2.685118308943437e+05, -1.675741203093373e+05, 2.647834464231502e+04, 2.468986063128369e+05, 1.586719172885995e+05, 5.207218263713665e+05, -1.036322933638064e+05, 2.518479290899318e+05, 2.010614548949438e+05, 3.181822215915316e+01, 4.194051793201258e+02, 2.371231363526783e+03, 7.081197579173021e+02, 1.710214044991404e+01, 4.828475944212615e+02, -2.770107552103825e+03, 1.035033104380288e+03, 1.226689878380705e+03, 1.209897797786476e+03, 3.075001835138758e+03, -5.348345948558845e+02, -1.110989853258034e+03, -6.855251634096550e+03, 3.547475409494570e+03, 1.180650284861812e+04, -4.028283838713497e+03, 1.564070395722002e+04, -1.313078150073701e+03, -1.642928712464600e+03, 1.282311074336372e+01, -2.871245457660756e+01, 3.141754503855477e+01, 1.420059004943758e+01, 1.608014885570890e+01, 1.158597154198375e+01, 2.512295612924997e+01, -5.394968901992894e+01, 4.035629154921071e+01, 1.066030114039945e+01, -5.602807621096219e+01, -1.454130315503706e+02, -6.009246511320808e+01, 3.267688753658033e+00, -4.110042982564734e+01, -7.473191490534794e+01, 2.856858107291154e+01, -4.253157697542478e+01, -1.247872335752217e+01, 1.584683179980762e+01, -8.297292974429686e+00, 9.753780879778237e+00, 2.241885008382682e+01, 1.595679690970474e+01, 4.136026573299636e+00, -3.465427025200939e+00, -1.734705751270453e+00, -1.423838557147394e+01, 9.535114566473082e+00, -3.088831694162773e+00, 3.081544936386117e+00, -5.077870245811619e+00, -1.787196677391943e+01, -5.048794815078002e+00, 3.836535630386523e+00, 6.410944262456820e+00, 1.005147980016045e+00, 1.716147097183520e+00, 3.221897717072620e+00, -5.640898291914003e-01, -4.144633322607504e+00, 2.159351808617616e+00, 1.020718580281060e+01, -8.271042205261372e-01, -2.496705931086923e+00, 2.365564456955640e+00, -2.407683820619100e-01, -4.822969184087956e+00, -8.216974802074020e-02, 1.076128814544327e+00, -1.174841729464042e+00, 3.921973240974945e-01, 2.343024365231320e-01, 4.645437122261563e+00, 2.469700818292619e+00, -3.865265609945801e+00, 1.589244753372989e+00, -1.384766675222190e+00, -2.211470849643177e+00, 4.370458481654211e-01, -1.373109531082821e+01, 9.021888747916206e+00, -3.207132276240286e+00, 2.290727137090796e+00, 6.292150822325137e+00, 6.481867566191914e+00, -1.418700857844644e+00, 4.466619022437789e-01, 1.023056229823639e+00, -2.771528365307132e+00, -2.782077628317027e+00, 3.928796968578385e+00, -3.731688178230686e+00, -1.608529986646277e+00, 4.291600173410612e+00, -1.664608341414930e+00, -4.634124613578244e+00, 3.493130894650344e+00, 3.359225215669313e+00, 2.623992671416425e-01, -1.566172949662146e+01, 7.526756405729563e+00, -9.237082462305716e+00, 1.894403368918191e+01, -5.210219334719329e+00, -3.893572489711292e+00, -1.074693525041374e+00, 3.315558409145908e+00, 7.585511659691822e+00, 2.720534470140010e+00, 2.736234334051311e-01, 7.267033418282968e+00, -2.123517820085704e+01, 1.197335911971940e+01, 4.306598648216794e+00, 4.283011534225305e+00, 7.663205821598153e+00, -1.957785221623021e-01, -3.130389821957532e-01, -2.623486617134729e+00, 1.731623577904151e+01, -7.557032631304700e+00, 3.919293844795087e+00, -1.681302842760035e+01, 1.545441425912968e+00, 8.241446166084176e+00, 1.454753110228432e+00, -6.365522893077403e-01, -7.296426508230351e+00, -2.187417089408386e+00, -3.510205273562705e+00, 1.384902994787728e+01, -6.173361252035798e+01, -9.256423070026131e+00, -1.234025289936106e+00, -1.162021520429993e+01, -1.160536897968158e+01, -3.995684997658854e+00, 8.680524340640300e+00, 4.192398177546548e+00, -3.939425529723922e+01, 2.856468669901949e+01, 4.185366862574240e+00, 8.693369831752813e+01, 4.318949958843674e+01, 1.243224313048881e+01, -6.913427019615042e+00, -7.542633218566323e+00, 5.221788636880610e+01, -3.389008643045795e+01, -5.440270161707638e+00, -5.757827287856858e+01, -4.586683004491359e+01, -5.431986555489691e+01, 1.737302993929809e+01, 1.847644662547403e+01, 3.777077855453878e+01, -7.133764811843665e+01, 5.209087997157730e+01, -1.091426712785461e+01, -1.130573180306571e+01, 2.067103000713318e+01, 1.287498004950805e+02, -1.535839226510406e+01, 1.181030599990090e+02, -9.148649623493138e+01, -5.475265792653008e+00, -1.721679023462673e+02, 1.446380703165033e+01, -1.346165712063121e+02, 1.227615722696715e+02, 7.291502626688296e+00, 2.479243062062674e+02, -2.637648783568970e+02, -1.044013822079530e+02, -2.128357959566763e+01, 4.079023583095345e+02, 1.652794755086383e+02, -7.447822720742269e+03, 1.499991621501583e+05, -1.111101450655577e+05, 1.967674477697567e+05, 6.040476405168299e+04, 1.570555766413820e+05, -1.206008886635032e+06, -8.226253696776669e+04, -6.072770845758034e+04, 2.031775251025871e+05, -2.681998659975456e+04, -2.964094984844413e+05, 6.490537655124767e+03, 5.022404800604794e+04, 5.828447413799011e+05, -3.624670602009031e+04, -3.938045265328170e+05, -8.814120121091868e+04, -2.489105249468213e+05, 7.101045033859348e+04, 8.709457865436314e+02, -1.399913555069534e+03, -9.684922637676810e+01, -6.227106965704156e+02, 8.083740697167200e+02, -1.003832355022077e+03, 5.241185367744727e+03, 4.609148849856757e+03, 4.971200910492232e+03, -2.869107370934167e+03, -1.756328492620574e+03, 5.991526651322707e+03, -7.349938750095965e+03, 8.624315950842931e+02, -2.221217549287232e+03, -6.793183935619141e+02, -1.740484504465219e+03, 1.984224213328635e+03, 4.024849636313050e+03, -1.328545535395415e+03, -6.767649635587799e+01, -2.335492560012572e+01, -7.187220691997832e+01, -8.498253296879181e+00, -6.342549998117669e+01, 3.838980592080675e+01, 2.050737412547776e+00, 7.090796941307217e+01, -1.865704514435820e+01, 2.279955296754486e+01, -5.608826416612068e+00, 7.941818754392289e+00, 1.258983920013278e+02, 2.900788342867539e+01, 4.998560506449938e+01, 3.095315973031581e+01, 6.804247720577747e+00, 1.870588073941722e+00, -1.590430462581172e+01, 1.602491480904138e+01, -2.019543912029773e+01, 3.815064123275579e+00, 5.678915036669815e+00, -1.061627707519335e+01, 1.571248677197087e-01, -2.649263922111158e+00, -8.273587555219843e-02, 5.451260622213419e-01, -6.832060534529067e+00, 3.804466415058530e+00, -1.061636264495604e-01, -2.084190241137764e+00, -7.488426762371639e+00, -1.678726935895825e-01, -1.008653332398842e-01, 1.009813928320517e+00, -3.125685539658136e+00, -1.326598838549714e+00, -1.630025325447206e-01, -1.985510830981278e-01, -1.865445845071702e+01, 6.313623386096421e+00, -1.043326647509254e+01, 1.755688879633505e+00, -7.956432426454473e+00, -3.467155955425243e-01, -9.656764820389426e-01, 4.471158657664898e+00, 6.276933842680534e-01, 2.810043947764388e+00, 8.603132709996780e-01, 3.110058130124750e+00, 5.216051260464477e+00, -2.906100011298848e+00, 2.544386411466457e-01, 2.076065136293480e+00, -4.792114705287080e-01, -1.732876388877120e+00, -1.063465295500817e+00, 9.007318639350698e-01, -3.889674470822519e+01, 9.750747371902865e+00, -5.866474845528121e+00, -2.225722391908428e+01, -6.353482092494808e+00, 1.603251823753651e+00, -1.429201004510063e+00, 3.523343303923078e+00, -9.845897905550505e+00, 3.020711802786829e+00, -1.185958361244323e+00, 7.430124656118998e+00, 1.238158949819612e+01, -8.875727390043409e-01, -1.747134744770999e+00, 7.868145679226057e+00, -5.468298357502990e-01, -2.047116104029252e+00, 4.540547272703005e+00, -1.372525711005716e+00, 1.918598497734298e+01, -1.243443655266983e+01, -1.201656484305956e+01, 1.708795863608759e+01, 8.036439146521568e+00, -1.979884548856285e+00, 2.019290410463460e+00, 4.593464352639504e+00, 7.768261501160012e+00, -4.617021474897105e+00, 1.532016677267417e+00, -1.130537176533248e+01, -1.428801245617817e+01, -4.942740542017605e+00, 5.292703258945667e+00, -5.075822551320649e+00, 2.769182436122549e+00, -3.855554565505908e+00, 1.781040262516193e+00, 5.117919770272067e-01, -3.233295544606344e+01, 9.108026557176744e+00, -1.400358536121035e+00, 1.615992192743563e+01, 1.786019935115481e+01, 1.269033548498514e+01, -1.525980835377750e+00, -1.557211562391052e-01, 7.539803153177381e+00, -7.829567202606353e+00, -5.477020227727869e+00, -1.631527210628888e+01, 3.366668003034541e+00, -1.780915700375422e+01, -4.551496151116220e+00, 6.414800191190979e+00, -1.908210503798019e+00, 6.879364660349924e+00, 3.779561975994981e+00, 3.273050580273772e+00, 1.092183040827571e+01, -1.875659584136706e+01, -8.459696077610609e+00, 3.644526588322336e+00, 4.412802517478057e+01, -2.479136344677812e+01, 6.164918284736313e+00, 1.233601260479829e+01, -2.089058624516986e+00, -2.897421931763392e+01, 1.674689035955317e+01, 1.169820772154209e+01, -3.524228345654008e+01, -4.666974303091902e+01, -1.376394609740122e+01, -2.114837140528062e+01, 1.012057360625935e+02, -6.964902164885697e+00, 1.960636343212008e+01, 4.909420423257331e+00, 3.015035673535809e+01, -5.549309905886994e+01, 6.216851013573363e+01, -1.788287918403761e+02, 1.527671126610977e+02, 1.341921458226462e+01, 2.266129920471436e+01, -1.035343400168613e+02, -2.029182631701884e+02, -2.472781446784394e+02, -1.358989519821994e+01, -5.436857586417512e+02, 5.978378479754585e+02, -2.598160963240230e+02, -7.176706359694539e+01, 6.656521663851640e+01, 1.109318703101291e+01, -1.896559361403227e+02, -1.335332283369580e+02, -2.090750632303092e+03, 9.573998988967553e+04, -4.098332759542162e+04, -7.110134362005685e+04, 9.686276940776690e+03, -3.739015391227238e+04, 4.455658595622205e+05, 9.689283100334836e+04, -1.125792150549197e+05, 9.891066304107066e+04, 2.389485551024673e+04, 9.938627230666397e+04, 2.630594974601359e+04, -2.207319900078634e+04, -6.297037904352716e+04, 4.698912003356513e+04, 6.262466549823114e+04, -1.134516521894080e+05, 5.161294882927563e+04, -2.026374939742702e+05, 3.333545354979863e+02, -4.717864054829721e+01, -6.157770071388285e+02, 4.126458436258656e+02, -8.653476948329170e+01, -2.015097406232823e+02, -1.190044130892105e+03, 3.662800062216418e+03, -1.607667930308215e+03, -2.412325500940236e+03, 4.166792569102847e+03, -3.163574128251882e+03, 1.135109646975478e+03, 3.024498285016478e+03, -2.591765512977518e+03, -8.826942927433145e+02, -1.175318364474807e+03, -2.186649624768503e+03, 1.107900168193115e+03, 2.347306857023397e+03, -3.193015331345390e+01, -2.911195687365775e+01, -3.421118084998881e+01, -9.137034088528344e+00, -1.332993721596486e+01, 1.181103802532327e+01, 7.485385339105942e+00, 5.408278814718861e+01, 3.232894249743752e+00, 2.506292012744567e+01, -2.081312971770796e+01, 4.434283950282889e+01, 2.239208801303564e+01, 7.655197206982596e-01, 1.141491956419774e+01, 3.060175343055684e+01, 1.862170103265142e+01, 4.151853612492121e+00, -4.968912324695390e+00, -1.581149660213039e+01, 1.062830983350516e+01, -3.450975995048003e+00, -1.945268834590825e+00, 3.121697512538228e+00, 2.106642657700042e+00, 3.574115173062272e-01, 1.502068685268216e+00, 3.195134318950059e+00, 1.232468151543960e+00, -9.829945906076173e-01, -3.884151629940183e-01, 1.550451289548784e+00, 2.110839996555220e+00, 2.207158617850420e+00, -2.143414226367565e-01, 1.722000000479410e+00, -7.698271984056561e-01, -7.334877410477736e-01, 3.887083522331651e-01, 7.011781723793430e-01, -2.881206204631641e+00, -4.747275590799100e-01, -1.530796783550948e+01, 2.204731861936073e+00, -3.671820897229616e+00, -1.464737561264480e+00, 1.149682885924203e-01, 6.838339797183744e+00, 8.880733794567410e-01, 1.041020440184560e+00, 5.970485879124006e-01, 1.659473336434718e+00, 1.358834941027397e+00, -8.829874125518578e-01, -4.740459858706830e-01, 3.350040471535015e-01, -5.089447943623139e-01, 1.103871650423977e+00, 2.778865321191561e-01, -5.870789420784317e-01, 1.711217992736769e+00, 5.646171530848833e-02, 1.986383884261571e+00, -3.016201733917847e+00, -1.356293811520263e+00, 6.074403063868004e+00, -1.682030603445823e-02, -3.650835780839310e-01, -1.047087545420899e+00, 6.724149659697238e-01, -2.622167528890051e+00, 2.522641418603961e-01, -4.330327356811530e+00, -1.879156835195784e+00, -1.805747044477374e+00, -2.733555113912968e+00, -3.838934310864298e-01, 3.989643786443843e-03, -1.281211126151985e+00, 5.346597809395878e-02, -4.312534131208341e+00, 1.009389334601155e+00, -2.796335255328894e+00, -5.260340088812791e+00, -3.880155808201959e+00, -4.418035190473373e+00, -1.044421858554348e-01, 1.115299239135093e+00, -2.677001916808996e+00, 1.787759098562564e+00, 1.682423266791969e+00, 2.391271459612244e+00, -3.190348462050092e+00, -6.834621738206761e-01, 4.364330195891241e-01, 6.069794307097436e-01, -6.445192608757797e-01, -2.288613131515985e+00, -1.096225634243377e+00, 3.938639859016790e-01, 1.786934553096431e+00, -7.099660697130707e-03, -6.582407433076846e+00, 8.206181238037244e+00, 2.134292132860575e+00, -4.158522499793861e-01, -9.506909216284380e-03, 3.141969004892724e+00, 4.273415835426431e+00, -1.038646366830357e+00, 4.352443058411949e-01, 1.300800349070328e+01, -3.689413976360014e-01, 2.021965983048661e+01, -5.857709035731042e+00, 4.576483688479456e+00, -2.283353734417561e-01, 6.475500803697042e+00, -2.226472748980016e+00, -3.842580938494216e-03, -1.960195539799501e+01, 1.357901089069666e+01, -1.183605279087443e+01, -1.061174067106870e+00, 3.575503735695892e+00, 4.513210584705937e+00, -3.277733955731990e+00, 8.974156693309142e+00, -9.311376708480430e-02, -3.341373264216269e+00, -2.609126433124944e+00, 1.292709701784380e+01, 2.609902407036732e+01, -3.489691939903644e+00, 1.716183666420473e+01, 6.697228930256603e-01, 1.709327983418978e+01, -1.103071979017463e+01, -1.803378997599867e+01, -1.314743297420278e+01, 2.704811295164630e+01, -4.488876569698843e+01, 2.532427832948725e+01, -1.199599140719081e+02, 5.718261565234624e+00, 1.140148889137980e-01, 2.490348081386337e+01, -3.260041345224771e+01, -1.641666495889165e+02, -1.565101444242589e+00, 3.143501114005821e+00, -1.590099262522221e+02, -4.676530599759146e+02, 1.391063146650302e+02, -1.636978358206919e+02, -8.635873822459444e-01, -7.579001575239957e+01, -7.188101621885183e+01, 2.128950557810640e+01, 1.798517607486652e+01, 4.501301734827942e-01, -2.501559253303791e+00, -2.900335732242643e+00, -2.394471541946782e+00, -8.571215332779780e-01, 4.789254690504909e-01, 3.519334888682615e+01, 1.247315579547497e+01, -6.335024057392709e+00, 1.089311118822375e+01, -7.515186920515321e+00, -3.125055764305291e+00, -1.918731462473338e-01, 4.849520513936068e-01, 5.084404205074191e-01, -1.088943125719269e+00, -1.156278026684792e+00, 1.128174017229948e+00, -2.992584647603410e+00, 1.490552633084137e+00, 4.534147237536004e-02, -1.798896421506088e-01, -7.158778715668516e-01, 4.942325640463868e-01, 3.319199284930560e-01, -1.690458036152419e-01, 4.492145254411501e-01, -2.350286948048138e+00, 1.416084776097732e+00, -6.312516791122336e-01, 5.535067387983540e-01, -4.331034182343966e-01, 3.408721201667469e-01, 1.066522976883453e+00, 1.397117501597545e+00, 5.165563151261497e-01, 1.026166152116080e+00, -9.656390961883710e-01, -6.347639212878603e-02, -1.150972691280001e-01, -1.690051699849278e-02, 1.031018157245794e-02, -8.146537121476952e-02, -7.367471761679034e-02, -4.532461909788058e-02, 5.555579774679715e-02, 4.123061388069284e-02, -9.899500349704539e-02, 1.325028843978439e-01, -1.124470620194030e-01, 3.528470646976818e-02, 7.340924759166414e-01, 1.572400515701699e-01, 6.510261226712746e-02, -5.062615280259518e-01, 1.628492833699421e-02, -2.974704435534231e-03, -7.940286051101160e-02, 8.070552391037766e-03, -1.078794605026125e-02, -1.448208508208555e-02, 6.185468728988756e-04, 5.457008254606426e-02, -1.880596553636296e-02, -2.704213601264963e-02, 5.007550449251621e-03, 3.823547643554662e-03, -2.034363569490253e-01, 7.808647274780153e-02, -3.135922957181959e-02, 5.163907769188863e-03, -6.104513431003973e-01, 4.223443155154442e-01, -7.900025687297101e-02, -2.352905159174678e-01, 2.349566749537325e-01, -1.724134513051883e-01, -4.227815001018090e-02, -2.271503933771359e-02, -5.102131106216821e-03, -5.296633553301574e-03, 1.090674219103285e-03, 4.659384608109034e-02, -1.261735655354918e-02, -4.449460456061846e-03, 6.226516401928071e-03, 7.270066355444691e-04, -1.007851948184324e-01, 7.022019337116233e-03, 2.006607556180889e-02, 2.996314214384545e-03, -4.663752827533498e-01, 5.601476752210979e-01, 6.513244388527991e-01, -2.252948182755612e-01, -5.913353640870076e-01, -6.132794213404988e-01, 2.590704312750068e-01, -1.144598247847309e-01, 1.778684501225545e-02, 1.412033356302831e-04, 8.126776150856891e-04, -2.788171210751123e-02, 7.915118630615335e-03, -1.140618128747281e-02, -2.730783276542102e-03, 1.417540117204880e-04, -6.935509440813006e-03, 1.252875019096287e-02, 1.969793264214564e-02, -1.139047912499613e-02, 2.013994314400883e-01, -1.114664764124704e-01, -3.155239048177013e-01, -3.276624368534162e-02, -1.885531793040882e-01, -5.351363335497569e-02, 1.882848376639873e-01, -6.909217081818023e-02, 7.853686836911515e-02, -2.173877444661382e-04, -9.955156047129095e-06, 1.278687754629481e-01, -3.151126899094127e-02, 2.135523336575163e-02, 8.509884844783041e-04, -1.955257991098340e-04, -2.704116616283308e-02, 9.249552388302421e-03, 2.456244803141311e-02, -9.352331759296314e-03, 6.882392861737409e-01, 8.510598605364751e-01, -9.338400874518550e-01, -1.555526791917715e-01, 6.715365159364552e-02, -3.851002728573245e-01, -6.060017349522063e-01, 3.762642296937464e-02, -1.701346446873026e-02, -2.518076036408485e-03, -9.469574791898909e-04, 2.991369807945083e-01, -3.980942885883516e-02, -3.766805402517390e-02, -1.142591295771795e-02, 1.407303975043806e-04, -1.083247993667544e-02, 7.798895588178247e-02, -5.549667912162862e-02, 2.198610434609969e-02, -1.776479833682075e+00, 8.763592990531086e-02, -1.435819597371192e+00, -4.822117350791235e-01, -1.153702762320340e+00, -1.417097135829216e+00, 1.024141589050297e+00, 2.896084921949001e-01, -1.623130274819435e-01, -4.267305534210970e-03, -4.030979511025423e-04, -6.859838185710909e-02, -1.228590260925797e-01, -4.579822422349253e-02, -2.144420242149195e-02, 2.025899225961711e-03, 4.435762878933040e-02, 2.996701928523030e-01, -1.624956354275247e-01, 2.722685058297489e-02, -2.459112092002159e-01, -3.427859147944240e+00, 2.377439313694898e+00, -3.672221583629030e+00, 4.080351441056265e-01, -3.266369838651116e+00, 4.418133854728500e+00, 2.221606846522937e+00, 6.382859252608366e-01, 2.308276685978483e-03, -1.462896086417120e-03, -1.653036733518308e+00, -9.533373594441490e-01, 8.028180314594743e-02, -2.800176444475206e-01, 2.747703695457749e-02, -2.571935797911361e-01, -6.663286542848408e-01, -4.581592055858848e-01, -2.437103642802661e-01, -4.586574876521050e+01, 2.241729705036036e+01, 4.231460141778233e-01, 1.367340991354412e+01, 2.347821915783436e+01, -1.265963020411481e+01, 1.718868351752459e+01, 3.665717740898386e+01, 1.354977018897495e-01, -1.791456193999755e-03, 4.100194111636551e-04, -2.274271920443259e-01, -7.375654830948533e-02, -3.289951398314928e-01, -3.334189468997036e-02, -5.373514092939044e-02, 4.052131744304268e+00, 3.071729711918991e+00, -1.529978978002309e+00, 3.007692637986282e+00, -1.804197914512353e+00, 4.987583508386383e-01, 1.150928319431316e+00, 9.959736873882828e-01, -9.474731303513118e-01, -1.169026230425785e+00, -1.502159758297961e+00, 1.078304548178638e+00, -2.026945294157562e+00, 1.265490762256351e+00, 7.109196024506447e-03, -4.774159322269615e-02, -1.474023905172220e-01, -1.391698274621792e-02, -4.330136266032616e-02, 1.922017597238542e-02, 1.047032060267474e-01, -1.509843105347099e-02, -3.263691476813266e-02, 5.034362316404543e-02, -2.499185095461156e-02, -2.496047128789222e-01, -1.841479692805812e-02, 1.108197319894677e-02, -1.641243375314789e-02, 4.411589571319122e-02, 5.892892339713170e-02, -9.228216485518141e-02, -4.081348926698938e-02, -3.028378129193306e-02, 2.537300400935731e-03, 1.620701374446507e-03, 5.228979263561610e-03, -4.556829663260927e-03, -1.642952519464065e-02, 3.758226938913862e-03, -2.488693927917612e-03, 2.565894368021765e-02, -3.632573593420074e-02, -9.788305368880463e-03, -4.059729908209912e-03, -1.168759150252188e-01, -1.732285661967509e-01, -9.131969619869579e-02, 1.391869121718536e-01, 1.652449645202861e-01, 1.791588864464113e-01, -3.942833840497650e-02, 8.007597456376221e-02, 2.317387953139357e-03, 5.042542532809494e-04, 6.892491875980685e-04, -2.585605624253498e-02, 8.047708236124315e-03, 1.434945199574211e-03, 8.387887702120877e-04, -1.291504321897691e-05, 3.028736976209681e-02, -2.054841678420580e-02, 3.063513704450536e-03, -4.809907055933894e-04, 1.859336906399480e-02, -1.350314456552915e-01, 2.917587565410717e-02, 4.449555788474104e-02, -1.727983299315727e-02, 3.704489063109556e-02, -1.078627427706316e-03, 3.256297268223785e-04, -3.525834110908567e-04, 4.251992565472674e-04, 2.587788371562873e-04, -4.073746052496682e-03, -1.181015623583861e-02, 1.147048843672798e-03, 2.961722074766471e-03, -2.824240350176120e-05, 2.423602617990181e-02, -2.548003671106384e-03, 5.643093649684341e-03, -2.192097921270893e-03, 2.105205407450566e-01, -2.295279785627537e-01, -1.164155415577251e-01, 5.726836177969748e-02, 1.252731508405533e-01, 1.628712811962707e-01, -5.523598418872232e-02, 3.148425782730657e-02, 2.283333138373603e-03, 1.957949550199696e-04, 1.582087146249913e-07, 2.385573590331187e-02, -1.418769943769563e-03, -8.938733141301428e-04, -3.232202320150396e-03, 2.743548795550951e-05, -1.266983145876051e-03, -6.864567408418442e-03, -2.806256113489972e-03, -1.273027157733443e-03, -2.653611856249680e-02, -2.719008595103719e-02, 1.982892414330417e-02, 8.604551796177204e-03, 4.153601780727841e-02, 1.908777271951513e-02, -3.619010409507371e-02, 1.447567222859393e-02, -1.132792023451923e-02, 1.867874415374639e-05, -8.564978104647698e-05, -6.041976760754516e-02, -1.926522846020448e-02, -6.030541445972419e-03, 2.798721734614461e-03, -5.568870329971492e-06, 1.447895402811245e-02, -1.644204933792773e-03, -2.880846168733074e-05, 1.430851127571130e-03, -1.336872067720577e-01, -2.487467421691451e-01, 1.187451692276130e-01, -2.531700416385564e-02, 2.266118070413924e-02, 1.496262574058051e-01, 8.915607911229442e-02, 7.300461234926583e-03, -5.148700123632997e-03, -1.319590395706217e-04, 4.117214008254287e-05, -1.332605142648588e-01, 3.489138215256271e-03, 9.196055711112297e-03, 5.203952236802550e-03, 4.026488081785900e-05, 3.689384515721181e-02, -1.754580101857454e-02, 2.825630522788988e-03, -7.899884589552727e-03, 3.496366150017224e-01, 1.158990495478003e-01, 1.724018800420973e-01, 8.620377464149268e-02, -1.047082521988171e-01, 3.090942193189339e-01, -1.604878956398459e-01, 4.910777059970735e-02, 3.314110233677224e-03, -3.341438168626309e-04, 2.398991984541305e-04, 2.554933192342491e-02, -6.381048171224442e-02, 3.228636054639161e-02, 2.987502999788132e-02, 1.098090190806938e-04, 1.370720475502403e-03, -5.344828052389113e-02, 6.063810025663256e-02, -2.580261012274489e-02, 1.085892385361467e-01, 7.494685396478429e-01, 8.374587289367133e-02, 3.597381446347958e-01, 3.549844863452417e-01, -2.484526893117606e-01, -6.517466948504577e-01, -1.178217059538538e-01, 3.042324541754655e-02, 2.753325852279077e-04, 2.668014373052846e-03, -8.596911989212117e-02, -1.052052245721383e-01, -1.137731380141795e-01, 3.019839681568807e-03, 3.864903956867505e-03, 1.371529388175671e-01, -1.964750069358200e-02, 1.651352612472005e-01, -1.469204977265645e-01, 4.799014238823360e+00, -7.452289426590685e+00, 2.723940466642919e+00, -1.283490520479887e+00, -2.488752986373946e+00, 2.160181810491531e+00, -4.170716881613597e+00, -1.972250620132839e+00, 8.533556683401798e-02, 5.291036079640556e-05, 3.011858309113168e-05, 1.073851516595000e+01, 1.483959723385507e+02, -1.040875581354439e+02, -1.310813353237818e+01, 2.015236276565586e+01, -2.351000810514612e+01, -1.030193701044004e+02, -1.897308823412732e+02, 2.102842357794499e+02, 4.049242738570683e+01, -1.859315656211796e+01, -2.928270563128772e+02, -1.475849757869948e+02, -2.309046990529089e+01, 2.508893300814379e+02, 1.547256520305027e+02, 6.587312184701523e+01, -3.268278494048290e+01, -1.898002946524424e+01, 4.504901480818229e+00, 1.388967513369723e+00, 4.280758176033777e+00, -9.521854848752190e+00, -3.030314626526399e+00, -1.369784591369329e+00, -2.876415124291015e-01, -3.611214179467475e+01, -5.925549536148453e+00, 1.621691515631685e+01, 2.273459899241479e+01, -7.830709211734869e+00, -1.298511153712588e+01, -1.512491149180283e+01, -2.064283506022475e+00, -9.968866486033772e+00, -5.589727390296756e+00, -1.191717937729584e+01, -1.942556757625319e+00, -1.155079831086962e+01, -1.830833758746608e+01, 1.651753963467180e-01, -3.437571317521393e-01, -4.177520851219565e+00, 1.035170987217153e+00, 4.371335470005455e-01, -5.273669332837722e-01, 6.599175692227082e-01, 3.267182496311787e+00, 3.212114138098225e+00, -1.268470779439291e+00, 1.197707859783370e-01, 3.451278166862870e+00, 2.422384661610031e+00, 5.601976485134401e-01, 5.259097756373173e-01, 4.693137151260445e-01, -2.781726115269425e-03, -1.416801115242597e+00, 6.284136185167516e-01, 1.130461799042105e-01, 2.148729828064107e-01, 7.000171195825097e-02, -1.127360524182224e+00, -1.249784653895388e+00, -1.254906822819152e-01, 7.589641396049231e-02, -6.065885621411427e-02, 1.038982903608381e+00, -7.622845342685352e-01, 4.885162425598553e-02, 5.448780317148256e-02, 1.920765718463056e-01, -2.790742077004643e-01, -2.079112928456236e-01, -2.814170183694846e-01, -8.999922054822522e-02, -9.177229245257325e-02, 1.358160103469100e-01, -1.470586533994225e-02, -3.790488332470140e-02, -4.559033018654506e-01, 4.476214273542807e-01, 3.626702977524957e-01, -3.922251130333925e-01, -5.265917790651442e-01, 1.540507754110878e-01, -8.086895864695455e-02, -4.267695448686137e-02, -1.867930108181228e-01, 1.671084049372649e-01, -3.360012009371369e-02, -1.205499326381606e-01, 2.257264053705101e-01, -1.812735164039430e-01, 6.947293172572591e-02, -8.126654652162092e-02, 6.376996415746157e-02, -1.079333770131071e-03, -1.663353707716580e-01, 6.266503579382444e-02, -2.834832948300388e-01, 1.309270728176219e-01, 6.957064488288038e-01, 1.603231999624512e-01, 3.863237634927152e-01, 1.713755505643349e-01, 4.428776823428805e-03, -4.425598393190237e-01, -5.288715778699807e-03, -2.342757681751743e-01, -6.642146552114571e-02, -2.522745378417750e-01, 2.221088043204162e-01, 3.725459883804482e-01, -1.550191860412170e-01, -1.195804952714417e-01, -1.987650024802335e-01, 2.796663981016256e-01, -3.095616733354363e-01, -2.055273754407054e-02, -1.444899438018448e-01, 8.098993316918382e-02, 5.705965990052260e-01, 3.671732574898370e-01, 7.624704148266063e-01, -4.888015333334119e-01, -2.120437561045414e-02, -2.817236671343639e-01, 6.200876447826387e-02, -3.896459007714130e-01, 2.666038582994441e-01, -6.778892480614477e-01, 9.051753486124562e-03, -3.254553321036047e-01, 3.708889402567182e-01, 3.126763388639889e-01, 9.455272010734949e-01, -3.071614340434123e-01, -1.436483231184626e-01, 1.402377299114130e-02, -2.181509000959842e-03, -1.116573889517741e-01, -1.481519356199371e-03, 1.051564711705944e+00, -1.815370767320736e-01, -5.723250664397452e-01, 2.162409671750532e-02, -1.419538080758648e-01, 6.868285419170727e-01, 8.489532900528360e-02, 3.777911739832356e-01, -4.856544586928370e-01, -3.779907147987764e-01, -8.907412210800607e-01, 7.581193228445443e-01, 1.205032322686891e+00, -7.773665012319415e-01, -1.426409216533234e+00, 3.653215464596313e-01, -4.094546967964614e-01, -5.252736704563688e-02, 2.038422217880688e-01, 1.536069719875221e+00, -2.673248950207406e-01, 1.538482001248985e+00, 1.786435138883840e+00, -5.160113467326548e-02, -1.108402586948942e+00, 2.188819336814538e-01, -1.595177430177164e+00, -1.199191760677465e+00, -8.691844019266682e+00, -3.991527300150673e+00, 5.379216651233291e-01, -9.057390917926551e-01, -1.101856723992738e+00, 1.932191451039538e+00, -5.420729062598181e-01, 2.521960551528100e+00, -2.338592727427528e-01, -3.729379337216738e-01, 7.584970200512224e-01, -7.487467590770194e+00, 1.982582612807362e+00, -4.702983181657194e+00, -2.137479800289117e-01, -4.091220065455652e-01, 1.039971232052781e+01, 1.870309155048800e+00, 8.611876176238546e+00, -9.844956312557499e-01, 2.163028651737247e+01, -2.587011122340063e+01, 2.116222688704253e+01, 4.663158716689158e+00, -1.741940231437950e+01, -1.342758788317294e+01, -7.065730712096866e+00, 6.516855095122853e+00, 3.586651716075526e-01, -9.614529506144286e-02, 1.112276731234966e-02, -4.925599626916106e-01, -3.439257477042691e-01, -8.143336014062385e+00, -1.283003977378375e+01, -6.459844791630447e-01, 1.365536778800355e+01, -2.027539251581524e+00, -3.126074098868730e+02, -1.086144114620637e+02, 1.052784375336454e+02, -9.813697464653835e+00, 5.867761358000479e+01, -7.926275788212261e+01, -2.755902782359234e+01, -5.198200767608839e+00, 7.289514651507633e+01, 5.570636050155066e+01, 8.246644821531904e+00, -3.661325617130674e+01, -1.446470946943645e+01, -2.583104464173657e+01, -7.763754281460757e-02, 5.250662790559320e+00, -3.247055492335641e+00, 3.083261370877533e+00, 2.283800509099668e+00, 2.478243905168128e+00, -2.100043543721014e+01, -4.253200070422850e+00, -6.721288057474032e+00, 8.378499866960604e+00, 2.340388228821050e+00, -5.255818510729739e+00, -4.862076920453166e-01, 5.626838643909198e-01, -2.446243300128941e+00, -2.119533043764773e+00, 2.388410078843646e+00, -1.849566747406860e+01, -1.004071718993531e+01, -5.564750211735627e+00, 1.772613240217914e-02, -3.736891963692832e-02, -7.078915558292832e-01, 1.558596094508098e-01, -8.643453371183737e-02, 2.556395471105920e-02, -8.361893157138442e-02, 8.667205390768890e-01, -1.883307638380928e-01, 5.360146184837177e-01, 3.039373117413401e-01, 1.599046637919094e+00, -1.094764806282112e+00, 5.047731415164052e-01, 1.210339264399506e+00, -3.823676576446990e-01, 2.730598278611996e-01, 2.617477195576381e-01, 2.599554547131484e-02, 3.914366576317032e-01, 3.319845240667095e-02, 7.917198983608233e-02, -2.752904696612517e-01, -4.301936786723975e-01, -6.482790854667933e-02, -9.716058567438059e-02, -1.745921644232178e-02, 3.960137993571401e-01, -3.044959849439858e-01, 3.105325866476388e-02, 5.189266008566704e-02, -4.418353596610503e-01, 1.736483788865307e-02, -1.528879209812304e-03, -1.195305025936261e-01, 5.677962973630530e-02, 3.807377567980189e-02, -3.058111756299648e-02, -1.559919711178433e-02, -1.184135002405684e-02, -1.178231933014324e-01, 7.090708126239140e-02, 2.213437994195157e-01, -1.776939677056214e-03, -2.970821598895142e-01, -8.520201225490876e-03, -6.596764955969177e-03, -3.672026824141299e-02, 3.110669827067008e-02, 1.664593088498467e-01, 3.122155177461210e-02, 1.514390469552323e-01, 1.215546334017022e-01, 8.414681362908076e-02, 8.628695498660315e-02, -1.095863056386705e-01, 1.080966501656923e-01, -3.980657562678291e-02, 1.737403113573904e-02, -1.337124017653513e-02, 1.047259209142989e-02, -3.130066966758098e-02, 4.184811059504516e-01, 4.050741132043512e-01, 3.788323630221825e-01, -8.609576225240878e-02, 1.723581826000192e-02, -2.225476936765609e-01, 2.196518832270522e-01, -1.681441452850796e-01, 1.421524046554052e-02, -8.577065112377009e-02, -6.271828110276288e-02, 1.859159804443923e-02, 6.638828841640276e-02, 2.413620300887830e-02, 2.764152958474455e-02, 5.247238443387624e-02, -6.909427083642937e-02, -3.845793006265142e-02, 3.268569216600598e-03, -2.632884858077437e-04, 4.659397355255837e-01, 3.182148690966577e-01, 5.351115950093445e-01, -3.572826155485952e-01, 3.826861969899932e-03, -2.335976011732138e-01, 1.159543081541565e-01, -2.559628259611120e-01, 2.048529521241247e-01, -3.069179658992069e-01, -9.245454713148044e-01, -2.256556820550953e-01, 4.261949637801842e-02, 1.391830570297150e-01, 4.139624268123069e-01, 4.537629519868480e-02, 2.714480408871480e-02, 4.055893661245468e-02, -7.112456074076329e-02, 6.829988224501543e-02, 2.208677450558921e-01, 2.874399587146615e-01, 8.351551472283056e-02, -7.463971811129279e-03, -1.159364977312518e-02, -1.142583500015468e-01, 2.342417299901277e-01, -1.529580708122667e-02, 3.747940640080238e-02, 1.448744102288135e-01, -1.315543141356444e+00, -2.626354384703677e-01, 1.585259396857136e-01, 4.405414657069425e-01, 4.822322323928098e-01, -3.649082655776835e-01, 3.882302280340566e-01, -1.523158259564668e-01, -1.252494045107281e-01, 1.661015876447531e-01, 3.305184083192261e-01, 1.861530697641077e-01, 3.659011716206542e-01, 6.584944503534861e-02, -2.680434293000463e-02, -4.798964234084162e-01, 2.613837186744326e-01, -3.036521402897899e-01, -5.145935243112661e-02, -7.566679782442656e-01, -5.284682555272589e+00, -8.619201912848068e-01, -7.916134078828643e-01, 5.492735829491726e-02, -4.167926672430027e-01, -1.188746795654787e+00, 1.506528559300320e+00, -1.254737183399014e-01, -2.517582342384191e-01, 4.494344956579711e-01, 1.387582073453830e+00, 2.036899722885542e+00, 7.519509562773603e-02, 5.953726566653491e-01, -2.174060272329183e-01, -2.758637205023602e+00, 3.074366024964092e+00, -2.636330594734956e-01, -1.868090400070045e+00, 4.874982120084547e+00, -3.732734189816021e+01, 8.168893700638001e-01, -2.424740828036655e+00, 6.209811194748392e+00, -1.143349629418678e+01, -7.519315990549702e+00, 1.597229379751064e+00, -9.089548687316215e-01, -2.069079540329190e-02, 2.601375075649272e-03, -3.252451239073034e-01, -8.353089555906083e-02, 1.036574248794435e+00, -1.804760847202132e+01, -7.402187813531071e+00, -6.703550053129592e-01, 8.809721273448934e-01, 7.417945358046472e+00, 9.864758593744304e+01, 5.846400459299619e+00, -5.263967301744988e+01, 1.831040915245951e+01, -1.367650378432929e+01, -1.200969714898822e+01, 9.170195044520023e-01, -1.281266566936912e+01, -4.038030896626073e+01, -1.530583020041968e+01, -1.651466709302526e+00, 1.221993905505419e+01, 4.532030600309175e+00, -1.295853117629856e+01, 3.324757241814053e-01, -1.158051742244360e+00, 2.222691003848907e+00, -3.340690433327134e-01, 1.455571532549686e+00, -8.047386278707898e-01, 6.725235846189267e+00, 7.651598040182362e+00, -7.594002553020017e-01, -3.624027893834046e+00, -1.679708638838834e+00, -1.078925501682459e+01, -8.434200771304487e-02, 2.653360758345304e+00, 3.267398487061927e+00, 2.511048514059530e+00, 3.776450662773060e+00, -4.104521953350687e+00, 2.597931910504338e+00, 3.671066097972450e+00, 3.106245504059624e-02, -3.020978211619190e-01, 2.607818750227316e-02, 1.415730618250010e-01, -1.831099697949636e-02, -1.712083219154303e-01, -7.144974944363792e-02, -7.859398412851324e-01, -7.292795332661355e-02, 3.357062772770911e-01, 1.963084712931947e-01, 3.023020988181184e-01, -2.883980782116459e-01, -4.332851793596897e-01, -1.646868945994854e-01, 3.787671397318783e-01, 2.977801775096009e-02, -9.343499822977400e-02, 3.799781320127035e-02, -9.692555848204389e-02, -4.888818948595094e-03, 8.608274526021911e-02, -3.994796330401325e-01, -3.056206104227185e-02, -9.092488869940861e-02, -6.352825750967594e-02, -4.344330775227415e-02, 4.215396352130643e-01, -7.503478288831248e-03, 7.513560095207963e-02, 3.330011458530534e-02, -1.808056818724586e-01, 1.061959096937711e-01, 7.465883379264592e-03, -2.586098605957038e-02, -8.833618724172131e-02, 3.830169872882268e-02, 4.540247195199133e-03, 2.370957525716894e-02, 8.076074933471782e-03, 8.215395553633792e-03, 7.918115126471241e-03, 7.895847357993599e-04, 8.960995375377857e-02, -8.485609045199675e-02, 1.268986572481161e-01, 6.301317011120647e-04, 6.402629742391086e-02, 6.974826529762308e-02, 2.983562566363517e-02, -5.621457630527328e-02, -4.421522568969192e-01, -6.564668059569657e-02, -1.655238893795368e-02, -3.250175264886328e-02, -3.228863084654773e-02, -1.586783176854679e-02, 1.878048965262412e-02, -3.112479990389591e-02, 5.284671232235819e-03, 3.223686277862670e-02, -2.910070722245487e-02, 2.491663153922801e-01, 2.795687198675470e-01, 1.641864835499512e-01, -9.347927221974724e-02, 5.042426712600915e-03, -1.298514136279535e-01, 1.234513179436035e-01, -7.358697870705036e-02, 4.232416220912709e-02, -6.948703040735260e-02, -1.975332232541546e-01, -6.138509984894311e-02, -6.535433963253917e-03, 7.342710210787202e-02, -1.442182889799796e-02, 2.943876464530158e-02, -9.012438587500143e-03, 4.575380798861398e-03, 3.435228952270089e-02, -1.290126132426512e-03, 3.446769079329143e-02, 1.773298082139454e-01, 1.828294957267902e-01, -1.586586662639670e-01, -8.005763242050354e-04, -1.169627229643605e-03, 8.077950535017851e-02, -1.166288059102655e-01, 6.736272957731156e-02, -1.655863133507811e-02, -9.124952737658098e-03, -1.276345745087546e-01, 8.061400396941650e-02, -3.573533462287222e-02, 5.617363705489225e-02, -7.064275325736335e-03, -6.411737244838078e-02, 2.862629868831985e-02, -3.787399898088926e-02, 1.383322208766305e-02, -1.038537447477255e-01, -4.350533439014516e-03, 6.510974985017938e-02, -4.639940902841839e-03, -2.407624688511408e-03, 1.613236982688676e-01, -1.574824110804866e-02, -6.089652019146019e-02, 4.894199685694429e-03, -3.029432210092746e-01, -9.940570119069013e-02, -2.778518782062310e-01, -9.097961192519542e-02, 1.480635986197283e-01, 3.868277146489166e-02, -1.630264855568793e-02, 1.245030625628898e-01, 4.453707160966477e-02, -2.763819245631662e-02, -2.174017884327330e-03, 1.190645513463575e-01, -1.542860654574326e-01, -2.828731413837298e-01, 1.233700311767044e-01, 1.983902524577161e-03, -1.180834080208594e-01, -1.203320384321971e-01, 3.635384671368781e-01, -2.114295526208342e-01, 1.020724633372823e+00, -3.125814334806821e-01, -1.571864881966146e+00, 2.675286993243194e-01, 1.300109647591826e-01, -1.776911378299069e-01, -8.764542334820075e-02, 2.899965265768623e-01, -1.549980753470179e-01, -1.045832112283540e-01, 5.957779720917816e-02, -1.392386552230515e+00, 4.841817203709462e-01, 5.988412652823139e-01, 8.009396790586867e-01, 2.436509860002245e-02, 1.779932627941659e+00, 8.955546673660293e-01, -1.490357993236350e+00, -1.424218372162961e+00, -4.844981609367470e+00, -2.819125866822387e+00, 1.564318838220614e+00, 1.961776119412396e+00, -2.275801024234037e+00, -8.709031113614227e+00, 7.201464538030953e-01, 4.003264834580463e+00, 2.292899504759729e+00, -9.011123611648793e-03, -1.404208543243731e-03, -4.852539778684922e-02, -1.195580134195637e-01, -1.173569866873775e-02, -1.025076576093025e+00, -8.563750271705862e+00, 1.373315645284443e+01, -3.612494332229499e+00, 2.511915518337754e+00, -2.175420999587137e+00, 2.735474084690578e+00, 2.262362184383244e+01, 4.380736345591834e+01, -5.970273275164649e+00, 1.192988583022396e-01, 1.152149450453756e+01, 6.077875170170957e+00, 1.411567704260614e+01, 5.269406786972062e+01, 2.242649194269928e+01, 2.245939434353772e+00, -1.562751951261589e+01, -9.230217800624807e+00, 5.818374663008099e+00, -1.966327095709081e-01, -1.833231206824831e+00, 3.530227511214413e+00, -1.503442087967765e-01, -3.970131545292050e-01, -1.083824960818363e+00, -4.819106121193877e+00, 1.271008386932817e-01, -4.582045362449755e-01, -3.005657670051461e+00, 4.565000656255919e+00, -6.328581866675182e+00, 6.034386603232043e+00, 1.036591038330210e+00, -1.495343961601376e+00, 5.725036978834405e+00, -9.949375478577570e-01, -1.078400993367714e+00, 1.046447384743214e+00, -6.143292422885979e-01, -9.625159616227298e-02, 1.106807180783694e-01, -3.884589319869248e-01, -1.679961336002376e-01, -1.850946517093935e-01, -2.125992643574012e-02, 1.083856753327519e-01, 6.054462028818863e-01, -4.150553756037313e-01, 3.657129362408940e-01, 6.213600948558434e-02, 3.639990564501023e-02, -5.359678469227597e-01, -9.069736658542718e-02, 2.775593085096667e-01, -3.042259611352827e-01, -3.970695649758172e-02, -1.215774894219595e-01, -2.123454563494034e-01, 6.656494617416203e-02, -5.641684529548027e-02, 8.565212531378724e-04, -8.017574093481614e-02, -7.941736317150888e-02, 4.782994150179418e-02, 1.383883655484225e-02, 4.425952629543703e-03, 7.311848508093917e-02, -3.758419322678834e-02, -1.576424638149626e-02, -8.204853423478869e-04, -8.854213230794636e-02, 1.570574009230437e-01, -2.323455720068617e-03, -8.001549544931268e-02, 6.122716990148529e-02, -2.321701563447026e-02, 1.129464502306305e-02, 4.573442978125617e-02, -1.076393762946137e-02, -1.608122956946086e-02, -3.946450283987823e-03, -4.250761554722172e-02, -5.637468413663367e-02, 2.252079787457598e-02, -2.950729875263923e-02, -1.187929469740606e-04, 5.958839575235363e-03, -1.542819393511884e-02, -1.175396791862127e-02, 1.072672437568323e-02, 2.229457387773714e-02, 1.078404052148272e-01, 1.018114194182167e-01, 4.170289569065662e-02, -1.366076562209675e-02, -2.858912221775556e-02, -1.099075798527389e-02, 3.180519510706255e-02, -4.125821239540155e-04, 1.935836061532300e-02, -5.557313299271836e-03, -8.932320708906235e-03, -3.362937154944290e-02, -4.092929445163779e-02, 1.248116975312867e-02, -7.588827439808321e-04, -3.290582177959907e-03, -2.736396537559450e-03, 1.838483444624823e-02, -1.024116335049437e-02, 1.962100934623743e-02, 1.343397341477844e-01, 1.124333772544784e-01, -3.064706105972247e-02, 7.334755241811007e-03, -2.860836722789064e-02, 2.164093342998746e-03, -9.651968861164916e-03, -6.060476277631035e-03, 3.916529162384151e-03, 1.887557487339199e-03, -1.177878102393966e-01, -1.090919004180648e-01, -1.089023885559771e-02, 4.736815125320097e-02, -1.978673438908619e-04, 6.583526161625328e-02, -6.285168352565071e-02, 6.197419503903652e-03, -2.827125299207743e-02, 1.068703428608228e-01, 1.243605305664565e-01, -4.990958294658406e-02, -5.020995316779877e-02, -1.282869508116807e-01, 1.648782912501847e-03, 1.296540836408609e-02, -1.080155758596750e-02, 2.005451011235455e-03, 2.047155011729928e-03, 8.378478296742240e-03, 1.417894454036442e-01, 2.749254877322029e-01, -1.845952349477775e-01, 4.256948802933933e-02, -1.772845929848575e-03, -1.184000152046379e-01, 1.619255005714813e-01, 1.330744383620713e-01, -5.194849044879630e-02, -2.675378921932487e-02, 2.436241277252846e-01, 6.835782468805859e-02, -9.164446781401255e-02, 1.944833065362518e-01, -1.420317398382841e-01, 5.756578919971921e-02, -6.821070873243922e-02, 5.580527388992015e-02, 2.404736076263223e-02, 2.552232072155233e-02, -1.497913676706835e-01, -7.565856268049323e-02, 2.374362924770357e-02, 3.441401120897098e-02, -1.357906095804751e-02, 6.029083888485813e-02, -1.961787178783645e-02, 2.993085457010921e-02, 4.438518875406883e-02, 3.173583959595339e-01, -3.143772209455233e-01, 1.007943696173693e+00, -3.589674025625376e-02, -1.752040023195276e-01, -3.537942447764933e-01, 4.020316082893770e-01, -7.898366581409723e-01, 2.390912844103857e-01, 1.480765061719467e-02, 1.532905273449404e-01, -6.243859919579297e-01, 2.000739701932822e+00, 1.256722948844079e+00, -1.367307335412123e+00, -1.678290897198542e-01, 1.052737799206872e+00, 3.648964507204451e+00, -2.310322431037677e+00, 2.185983534310027e+00, -1.190421411662884e+00, 5.303611612486659e+00, 2.716635552451323e+00, -2.967306243743947e+00, -1.354652206639072e+00, 1.861372085703508e+00, 1.139850500753135e+00, 1.310679204368024e+00, -2.369333524471831e-01, 6.904438474915823e-03, 3.508293735159822e-04, 5.520748492218048e-02, 1.909980862589412e-01, 5.451645920651645e-02, -2.612207318168807e-04, 1.312723227063020e-02, -1.686757180141316e-01, 5.348799873879526e-02, -5.396429262799392e-02, -2.247010718858979e-03, -8.907026531196485e-03, -1.466156784827846e+00, -1.498729554094279e-01, 3.179118535521366e-01, 1.215627619540086e-01, 1.053155395428277e-01, -9.642652876596383e-02, 8.955154034721940e-02, 3.418947889768086e-02, 3.933972952172294e-03, -1.136537396740643e-01, -1.545740449468462e-01, 4.830166765651135e-02, -3.085644247794015e-01, 1.328695324393414e-01, 4.494679364743153e-04, -2.852546156282815e-03, -6.101431345487750e-03, -3.420790206990917e-04, -1.292964899971140e-03, 2.609825860381965e-03, -6.472220630087511e-03, 2.393259877266847e-02, -2.668983742663043e-02, 1.993304154909583e-02, -5.515227962714167e-03, -2.758404069992269e-03, 1.219017888513488e-02, -2.222605913643343e-02, -6.930866968815771e-02, -1.566508057598349e-02, -4.686503381415931e-02, 1.777988157317588e-02, -1.973973111242522e-02, 4.707995961280340e-03, 1.477617172030261e-04, -6.472775075495391e-04, -2.805640409154004e-03, -2.045659076176633e-03, 2.677186255198366e-03, -2.262549717544064e-04, 3.754084361257484e-04, 3.344793366793051e-03, -1.965443236519072e-03, 2.433074052290030e-03, 1.354422105350322e-04, 1.118520037291715e-02, 1.746656651568020e-02, 8.722672265659703e-03, -1.340542431900750e-02, -1.657020763400113e-02, -1.362750340624325e-02, 3.152134507179001e-03, -3.589868686019486e-03, -9.956245358958957e-04, 1.373385109890627e-04, -2.651156662314399e-05, 3.667395249635193e-03, 1.954568598470040e-03, 6.806692939661384e-04, 6.491596741444694e-05, -1.372538881487159e-04, -2.884396631387026e-03, 1.769616684001805e-03, -4.842236584194693e-04, -1.520645055191719e-04, 2.567854476592208e-03, 9.564436626224256e-03, -1.022389838899088e-03, -2.562289642643716e-03, 2.966187352521803e-04, -3.174227140353804e-03, 5.905174765703784e-04, -4.006281097253263e-04, -2.417718744687941e-05, 7.795281354698911e-05, -2.329569355388006e-05, 2.825393736053580e-03, 2.208291436142723e-03, 1.156135829779819e-03, -5.513295986126641e-04, -2.982460851928975e-05, -2.863680709574116e-03, 6.646369848264251e-04, -7.817722697722971e-04, 3.050229732883605e-04, -1.292580904651857e-02, 1.381795007077591e-02, 8.070407217858611e-03, -3.194848096637537e-03, -7.627062917144709e-03, -1.051319506038351e-02, 3.516768735761727e-03, -2.100024940318712e-03, -1.771305663553875e-04, 2.225987247626275e-05, -2.356882059693076e-05, -4.183644594773325e-03, -9.996552559558346e-04, -1.481769638360561e-03, 1.910851470879505e-04, 1.806618287031144e-05, 8.321332195488064e-04, 3.660599583882739e-04, 6.067730769616918e-04, 2.240565042244711e-04, 1.481655545452455e-03, 3.082723608916526e-03, -4.811831364663379e-04, -1.164173077616519e-03, -3.531433542027534e-03, -1.088103604464352e-03, 1.718038713121091e-03, -3.153096881732409e-04, 5.699567312549310e-04, -3.363932982873358e-06, -1.614168334778409e-05, 6.899972598554026e-03, 2.824092201484133e-03, -6.003339548294435e-04, -2.964694017700438e-04, 8.021124340014310e-06, -1.716688188860123e-03, 7.776382427304518e-04, 1.891980051422886e-04, -9.245973202003179e-05, 6.666602863281055e-03, 1.875566619984525e-02, -6.469738097118320e-03, 3.357417311691231e-04, -2.307263428401527e-03, -9.638577036646849e-03, -5.382171141391062e-03, -2.918972589414421e-04, 1.053674754260782e-04, 2.552616775091663e-05, -2.792262918693960e-06, 1.269026371347779e-02, 1.166270568128794e-03, 1.454283196025869e-03, -1.134049860415264e-03, -2.817378785185461e-06, -4.886449001506017e-03, 1.888574403267106e-03, -8.948448296882647e-04, 8.696222037725327e-04, -2.554615737244224e-02, -8.498361989609994e-03, -8.287245323762328e-03, -7.683882798023158e-03, 1.082179109737693e-02, -2.339231702690652e-02, 8.308576417290605e-03, -2.344990051078675e-03, 2.254423952018188e-04, 2.513499680037289e-06, -6.941374515453803e-05, 3.575823558249847e-03, 7.047157468867753e-03, 6.355865154692447e-04, -1.605553356467169e-03, -3.442071110854020e-05, -4.579402831675955e-03, 5.391355749348539e-03, -6.787941900362784e-03, 1.349270051591742e-03, 1.025016549671148e-03, -4.175498032355460e-02, -7.552850540626575e-03, -1.734294176901299e-02, -1.556714665166790e-02, 1.808184834634027e-02, 3.584398123119658e-02, -7.490281772126880e-05, -5.861081457214337e-03, 1.123328121537020e-04, -2.864730565075938e-04, -3.188232115272041e-02, 1.645045239793059e-02, -5.269274203495882e-03, -1.925060769150184e-03, -1.206542522017918e-04, 4.696792957304567e-02, 1.724142924333608e-02, -4.229765254276813e-04, 1.378820529873256e-02, -2.937975774181867e-01, 4.129121928061988e-01, -1.750428065378640e-01, 1.043524080572010e-01, 1.679167002737624e-01, -9.630252384373916e-02, 2.311137887410642e-01, 8.872488934946691e-02, -1.419688113708981e-02, 3.011849695803110e-05, 7.582394992999718e-07, -4.842770894859215e-03, -4.148546870464530e-04, 3.742491482713644e-04, -2.807874496780125e-04, -2.841776215681302e-07, 1.083998446565720e+00, 1.821653443754827e+01, -2.118227092017103e+01, 1.719665123826990e+00, 1.494102295537953e-01, -2.943708258237923e+00, -7.167297351376969e+01, -2.136433150749541e+01, 2.215096244233827e+01, 3.526510248884886e+01, -1.524989478424455e+01, -2.890059752668745e+01, 7.466789394383751e+00, 2.722264006728433e+01, 9.385855716658591e+00, 4.548497081954925e+00, -3.228204386681475e+01, 2.408731704609574e+01, -4.772314252274442e+01, 3.111904615348703e+01, -1.007395168550385e-01, 1.151016266153580e+00, -6.425978425864236e-02, 6.296759505171297e-01, -7.593674051574916e-01, -8.145519592857595e-02, -4.437959478106243e+00, 8.046557965532894e+00, 4.088693416163060e+00, -1.303430579524782e+00, 1.394548776375982e-01, 5.671924289569261e+00, -1.301701330342414e+00, 6.195581753569646e-01, -4.173143944948614e-01, -1.035961036477826e+00, 2.460332283231442e+00, -1.977660766571945e+00, -7.956601567281872e-01, 1.740329416508180e+00, 1.047467674901807e-02, -1.328221642753090e-01, 7.301661647708173e-01, -1.956250938870437e-01, -8.803722891861875e-02, 7.987697930232832e-02, -1.613209197892404e-02, -6.086582543827069e-01, -5.440464951339341e-01, 1.858497759520382e-01, 3.715245864031540e-02, -5.951075458715663e-01, -3.143945994733844e-01, -9.170646576661130e-02, -1.014889545001107e-01, -2.410470088011230e-02, -5.398289816874481e-02, 2.413524751442869e-01, -1.126310543687731e-01, -1.556513194802587e-02, 7.331777754637979e-02, -5.616170929613981e-02, 1.816428750893638e-01, 2.173309749633051e-01, 1.582913076917393e-02, -5.601588262272455e-03, 1.394714286867177e-02, -1.672360715594948e-01, 1.267618896768942e-01, -2.368994601210751e-03, -1.222452659198502e-02, -2.085146190441686e-02, 4.267130486424954e-02, 4.458790007185791e-02, 5.159782494627205e-02, 7.606097989279394e-03, 1.079370640542246e-02, -2.300055968026633e-02, -2.403467920430848e-03, 6.052690895951845e-03, 1.958748826667610e-02, -5.436682741145781e-02, -9.955342136342267e-02, 6.704878755072918e-02, 1.435321628961536e-01, -3.285040103753004e-02, 1.059758854890874e-02, 2.433168877495532e-02, 3.377916666478009e-02, -5.093113043896780e-02, 8.225290265063384e-03, 2.874193185479363e-02, -3.507157164492992e-02, 3.788683840936610e-02, -1.910871787471030e-02, 1.492510736551257e-02, -1.808691124564657e-02, 4.632368370083366e-03, 2.375599283799162e-02, -1.013880316662737e-02, 5.734915174578457e-02, -3.013545577615390e-02, -1.122147866465560e-01, -5.510434703510722e-02, -7.294741464374188e-02, -4.717302748755646e-02, 1.422958982388995e-03, 6.841526579369400e-02, -8.940071107397909e-03, 4.055420649192740e-02, 1.964224858552943e-02, 3.974768183300766e-02, -3.862550780990699e-02, -6.050861948596779e-02, 2.316552111320782e-02, 2.327030669319264e-02, 3.503692404606649e-02, -4.857864999621784e-02, 5.378988468688325e-02, 1.992272084997479e-03, 4.024785978659843e-02, -8.769725698933771e-03, -7.979005406311555e-02, -8.432170508257752e-02, -1.150890086264332e-01, 8.741414210987866e-02, 1.285614544923713e-03, 4.135047162304194e-02, -2.020628372524037e-02, 5.979416490749580e-02, -4.743770992093018e-02, 1.301780693440935e-01, -2.546106927255450e-02, 5.053900065258836e-02, -6.136847452471819e-02, -5.844992409795276e-02, -1.677944613185265e-01, 6.274928464155974e-02, 3.178216445408751e-02, -1.881893984756447e-03, 4.917886345329463e-02, 8.245842730561689e-03, 2.495351503722006e-02, -1.483942871242089e-01, 2.235218612362265e-02, 7.695809315281521e-02, -3.095410894194749e-03, 1.060119895289467e-02, -1.016070482988575e-01, -1.152513377613192e-02, -5.320586890077834e-02, 6.940428568085351e-02, 7.681440400144951e-02, 1.414787308662691e-01, -1.275692291010075e-01, -2.200227324693756e-01, 1.232340234509014e-01, 2.155850311966280e-01, -4.572213633379597e-02, 7.095238685608649e-02, -6.877096321921045e-03, -3.668695751126431e-02, -2.396291838547487e-01, -2.120256289717703e-03, -1.396610199351021e-01, -3.438575576530933e-01, 1.237789698033952e-02, 1.720491572332464e-01, -6.644852579112623e-02, 1.830773092842728e-01, 2.317901021037311e-01, 1.506106264612934e+00, 7.414714965980786e-01, -8.317763290185848e-02, 1.185325630172134e-01, 2.890563572384746e-01, -3.222925223310631e-01, 6.687424325027153e-02, -5.143837484307332e-01, 3.814961087761833e-02, 1.018850254445207e-01, -2.162963229536949e-01, 1.638944958984972e+00, 2.228455876517164e-02, 7.286212035566519e-01, -1.321601032046494e-01, 1.287325629406258e-01, -2.257476374672355e+00, 2.129214646060962e-01, -1.370665245811566e+00, 3.897502215088394e-01, -4.247760516076116e+00, 3.991401796787522e+00, -4.131863309519201e+00, -1.333294066779419e+00, 3.452637308019543e+00, 2.423246524108074e+00, 1.195517356899529e+00, -1.264890195893462e+00, -4.321248365753925e-02, 1.112274534353202e-02, -4.842770948690719e-03, 1.964915483543960e-01, 5.547834633248679e-02, 8.509459283329411e-03, -2.014596982449935e-02, 1.016834528705889e-03, -1.869540648114383e-02, 1.726666371104053e-01, 4.481063594435053e+00, -3.073532960048265e+00, -2.941650335232985e+00, -2.840252970400266e+00, 3.380423359003128e+00, 5.634851038634731e+01, -7.469188146422148e+00, 1.173409861818170e+00, -1.372275584657393e+01, 1.526835218084114e+00, -1.229502601211050e+01, -1.627827589561833e+01, -1.691717045930384e+01, 1.013258280188423e+01, 5.594268892763897e+00, 1.730769430439562e+01, -1.105065667681167e+01, 1.953893716934131e+01, -9.409502399069677e+00, -3.732763267315687e-02, -5.928321057024928e-01, -4.972575766891371e-02, 9.134355335847336e-02, 3.212353193937694e-01, -3.686778234305207e-02, 4.341821977462959e+00, -3.244610202044729e+00, 1.598094933465370e+00, 1.141444369782709e+00, 8.985757115148331e-01, -2.142780946648607e+00, 2.257589438026802e+00, -1.159141458545065e+00, -2.345492190937855e+00, 1.083489776462132e+00, -2.847747737817776e+00, -6.953062846029842e-01, -1.109106047590116e+00, -2.120573938568545e+00, -2.181316823822759e-02, 1.039189804202041e-01, -1.805769403151593e-01, -1.420167895803312e-02, -1.008088841884394e-02, 2.358726220866372e-02, -7.819413469181645e-02, 2.059930212385248e-01, -1.337331874045104e-01, 8.849440319496232e-02, 3.905971447334001e-02, 3.184891297597387e-01, -1.797629616352548e-01, 9.077247361708776e-02, 2.175181371109443e-01, -1.244237206430898e-01, 4.732376311899456e-02, 3.562244303560538e-02, -1.563290450194210e-02, 6.384242085735084e-02, -2.635929460181011e-02, 2.795629639340295e-02, -3.842344082709636e-02, -7.338716704600494e-02, -1.489728422943404e-02, -2.009157562723807e-02, -4.413072697649371e-03, 6.126358561054155e-02, -4.911933608786814e-02, 5.195511153999635e-03, 9.870353076317288e-03, -6.554144353544732e-02, 1.231969363282676e-02, 2.626078509915819e-03, -2.416588814589497e-02, 1.139249797648542e-02, 8.032585749090305e-03, -2.529828087370245e-03, -1.842277937776384e-03, -1.550288239653418e-03, -1.315185384261813e-02, 8.463839862812714e-03, 7.209377888840193e-02, -1.064295217933311e-02, -7.189527899173995e-02, 5.002718645936736e-03, -6.021279968723191e-04, -1.956361293769824e-02, 3.668153043676146e-04, 3.691311453137040e-02, 3.418500944828415e-03, 2.544623354362878e-02, 2.810651515674678e-02, 1.950560676025144e-02, 1.475178556949721e-02, -2.496998256760204e-02, 1.793469513135409e-02, -8.152424362087690e-03, 3.186757569891092e-03, -3.094808743085256e-03, -5.717497580949514e-03, -4.997432540658382e-05, 8.669878734295829e-02, 7.900031805467113e-02, 7.599925944009037e-02, -1.471455927615863e-02, 1.626182990328390e-03, -4.336938449491057e-02, 4.110174597271518e-02, -3.322523818097407e-02, 2.714821601927641e-03, -1.947712757294818e-02, -1.135069003116792e-02, -1.855595869694921e-03, 1.058155950607235e-02, 5.041830952272382e-03, 7.721336486801649e-03, 8.861213374392387e-03, -1.503211794280307e-02, -6.691750702118178e-03, -8.592982575096322e-03, 7.116102054332649e-04, 7.958491714668330e-02, 6.268860769908274e-02, 8.550278517183925e-02, -6.967843120698267e-02, 5.739470038376546e-04, -3.924141140509908e-02, 2.325882135986065e-02, -4.102624580618431e-02, 3.826632203870026e-02, -4.898036563358217e-02, -1.522697163421302e-01, -3.712188874178483e-02, 5.118264402045033e-03, 1.582439441760854e-02, 7.145513887756949e-02, 5.377269446474272e-03, 2.570404031379622e-04, 8.398640830232302e-03, -1.970851368935073e-03, 6.590447257332826e-03, 2.216854567652891e-02, 4.107369676316242e-02, 1.294299370724767e-02, 2.298917317844333e-02, -1.425582797401641e-03, -1.362273546420565e-02, 3.684752417084051e-02, -1.850050187546490e-03, -3.606860506950858e-03, 4.545904226622996e-02, -2.553487846093689e-01, -3.342312890600706e-02, 3.304418776133233e-02, 8.818266716065111e-02, 9.757998664621072e-02, -6.901456741851826e-02, 7.332133617126216e-02, -2.986945679408307e-02, 2.310520403264604e-02, 4.833843989050163e-03, -1.886936934668094e-02, 1.049959772068254e-01, 7.017752547435908e-02, 1.825531208007512e-03, -1.602534741254581e-03, -2.815943591833171e-02, 9.582253055343441e-02, -6.177225604037000e-02, -2.099411350364623e-03, -1.332230364780678e-01, -1.010118104682400e+00, -1.958198155289166e-01, -1.141307258237155e-01, -4.387630876617085e-02, -6.582914769003138e-02, -2.211169490324557e-01, 2.880406126993820e-01, -1.567496989604489e-02, 1.333725525843139e-02, -3.673890191642082e-03, 8.023667829564432e-02, 6.315820996628252e-02, 1.478323476097822e-01, 1.973198257971720e-02, -3.666626436998327e-03, -2.532419567136848e-01, 1.003306725791960e-01, -2.329464167092806e-01, -1.836596936192780e-01, 6.145308324805621e-01, -6.789259573697090e+00, 1.107615230236723e-01, -4.721491660578145e-01, 9.593646413389281e-01, -2.001089124582514e+00, -1.483004251549007e+00, 6.328888329931766e-02, -1.791308708714935e-01, -2.601370193498683e-03, 4.148550868709824e-04, -5.547834458698180e-02, -3.267908890490678e-02, -2.057570491356206e-02, 3.812071118105829e-02, -6.020263107280766e-05, 9.380532903482355e-03, -2.991866074151314e-03, -3.690261580730611e-01, -5.551859124750213e+00, -3.522674725903596e-01, 1.767002978017251e+00, 9.260944908267036e-01, 1.691385310848285e-01, 1.447854225447559e+01, 7.406932198440365e+00, -1.105683850289816e+01, 4.674958756675724e+00, -5.093817811943058e+00, 3.793091180701087e+00, 2.258044937068168e+00, -3.602090983062083e-01, -7.553174401469421e+00, -4.278917134515951e+00, 3.649796794802630e-02, 5.554227073277305e+00, -9.714798269429142e-01, -4.438231006668281e-01, 4.339272466355427e-02, -3.419574869352868e-01, -7.384175933069345e-01, -1.337976906566316e-01, 4.488248164068510e-03, 1.531898526960189e-01, 3.239172659038057e-01, 1.891292787200910e-01, -7.254237625598763e-01, -1.000603270793637e+00, 8.926970834911287e-02, 2.345663012865963e+00, -1.559224609100639e-01, -7.831396050092172e-01, -9.832452411057433e-01, -7.602069964895402e-01, -1.832777502794674e-01, 9.768692609854537e-01, -4.219133451861741e-01, -1.784462944662709e-01, 1.395028885136553e-02, 1.119925463558330e-02, -6.027866326043351e-04, -4.776298899698363e-02, -2.440946300418841e-02, 4.193892603484066e-02, 2.613861620246048e-02, 1.467080326297207e-01, -1.690724536319289e-02, -1.359056320831241e-02, -4.169625560957708e-02, -4.097396203197162e-02, 4.941825844258187e-02, 8.788043974510584e-02, 2.678021362751953e-02, -7.080622038768378e-02, 1.291701036109330e-02, 2.560158165510093e-02, 2.976256269025480e-03, 1.830105961882924e-02, -3.208524684763118e-04, -1.498932251543279e-02, 7.410378726217672e-02, 7.210967665573083e-03, 2.460771242199504e-02, 1.162098219192206e-02, 7.669618529771552e-03, -7.632037760950822e-02, 1.135049702117448e-03, -1.775292994594431e-02, -6.673585094523266e-03, 2.756587733564267e-02, -1.922195627452221e-02, -5.555319245289202e-03, 6.243800349126966e-03, 1.618574982571805e-02, -7.914959550733364e-03, -1.379679125675496e-03, -3.387571249733993e-03, -1.367798784709800e-03, 6.280738137627550e-03, -3.507462669346296e-03, -2.292852199309447e-03, -7.721352644590561e-03, 2.148426865099706e-02, -2.395982325175657e-02, 6.564507563541711e-04, -9.318253372135432e-03, -8.051354857269153e-03, -7.777986743467974e-03, 1.070345707198796e-02, 8.309853434380446e-02, 4.487596295265153e-03, 2.655240888746942e-03, 6.298330450020854e-03, 7.523474706356456e-03, 1.850147423233273e-03, -4.636924943655348e-03, 5.840081373195458e-03, -9.625732913431701e-04, -4.928399795413168e-03, 6.421304828396769e-03, -4.350342414384833e-02, -4.963372617401068e-02, -3.090966577587308e-02, 2.163947127703463e-02, -1.011001578999662e-03, 2.333233563532655e-02, -2.156836666702767e-02, 1.328951402280022e-02, -9.303967696462724e-03, 1.472888558632978e-02, 3.371103919221100e-02, 1.038629014649309e-02, 1.648067302022189e-03, -1.420671762710210e-02, 2.911112050537438e-03, -4.483337409337264e-03, 1.555536662447378e-03, -1.250997296631180e-03, -3.521892524457809e-04, 1.111784625559891e-03, -1.071359267781199e-02, -3.339641934730046e-02, -2.205032209927596e-02, 3.004273094977233e-02, 2.918561381347093e-05, 2.365865995992460e-03, -1.521998585153752e-02, 1.633083981074972e-02, -1.269187398458541e-02, 2.707081897366651e-03, 2.366186445459583e-03, 2.833621796357870e-02, -1.259438555246553e-02, 8.393914456304535e-03, -6.348299602709679e-03, -2.330438922455710e-03, 1.261865061883854e-02, -6.168569596612171e-03, 2.283898490949178e-03, 2.048677765999349e-03, -6.624980535847917e-03, -1.833804979170353e-03, -4.254682685612906e-04, -4.501706353099324e-03, -2.383631656276195e-04, -1.589289417923102e-02, 1.201447949393555e-03, 5.697514263053820e-03, 1.207521129214640e-03, 5.288078937899195e-02, 1.972923834073069e-02, 4.437302011539696e-02, 1.789635810713115e-02, -3.563912083843793e-02, -3.230909694219578e-03, -1.442841522413327e-03, -1.520780080081702e-02, -5.489189757225919e-03, -1.286585125517306e-02, 1.407994591525320e-02, -1.222213907243866e-02, 1.855284610349837e-02, -1.267178282608578e-03, -1.377894870908621e-04, -3.137643243531522e-03, 1.212214079461176e-02, 1.237471936429773e-02, -2.774224236957287e-02, 2.310503462141201e-02, -2.173571040822792e-01, 5.125115748373477e-02, 3.313424745085879e-01, -5.867465949507666e-02, -3.961343613243456e-05, 1.453595481065390e-02, -2.068077892431612e-02, -6.382641077005201e-02, 2.972359846848508e-02, -1.189223271726695e-02, 5.289192529822272e-02, 2.534100253011729e-01, 1.950627150464115e-02, -1.093322950222024e-01, -1.331371484147779e-01, -3.930750566335958e-02, -3.103066876583022e-01, 9.758614125455917e-03, 2.698029811273615e-01, 2.276762857273068e-01, 1.175489231754783e+00, 4.228809550583963e-01, -4.743805907218472e-02, -4.136933087535837e-01, 4.434495509285364e-01, 1.549376715611400e+00, -2.026208984559285e-01, -7.260817394055523e-01, -3.170007720369925e-01, -1.404208007846851e-03, 3.742491117985283e-04, 8.509445269460533e-03, 2.057570913118504e-02, 2.339495074445005e-03, -1.060157797420964e-02, -1.697345319818277e-04, -1.455830663415535e-03, 3.301572330122377e-03, 2.701604397791995e-05, -3.415523876194838e-01, 4.347470068699080e+00, 2.487444597734046e+00, -5.043013301421015e-01, 6.398443686899162e-01, -9.262620243772806e-01, 1.609202847827397e+01, 1.260105095333238e+01, 5.287986916138002e+00, 8.443510319938636e-01, -5.132572620544759e+00, 9.571852774906480e+00, 5.268230719009452e+00, 7.282348748897324e+00, 8.251512358746968e+00, 1.344103074360040e+00, -2.644193175098510e+00, 6.157381703161031e-01, -4.798450440257897e+00, 6.535558594117597e+00, -1.064166403278135e-02, 4.398200758410432e-01, -5.055420362476289e-01, 1.065850322460087e-02, 1.375262736260398e-01, -8.112806745277583e-03, 1.599532773154713e+00, -1.178366685305319e+00, -1.193339341076185e+00, 5.962700633273835e-02, -1.365331910058201e-01, 1.771362003546873e+00, 1.249386456534342e+00, -4.175492050075063e-02, 7.160389550392717e-01, 8.477970677196848e-01, 1.628164610769687e-01, -3.410761515105715e-01, 5.143246432831248e-01, -2.796773426037540e-01, 1.334329423759856e-02, 7.171608540538059e-03, 8.061527573872558e-02, 6.799233585418057e-02, 2.502242149052374e-02, 2.081140804627123e-03, -2.398973036784988e-02, -1.325314894255490e-01, 1.306983405127770e-01, -6.827190119200161e-02, -5.673426272637143e-03, -1.760600743560137e-02, 8.479690762435033e-02, 1.781738613549143e-02, -5.269545328437848e-02, 4.129927182032993e-02, -7.236728235266595e-03, 1.021261731464432e-02, 2.348978470097235e-02, -9.749135480362487e-03, 7.758520377141922e-03, 2.613363308984928e-03, 1.812201992648015e-02, 1.796710862659410e-02, -7.531923785057713e-03, -3.154608986830704e-03, -1.671906356112906e-03, -1.613176305939266e-02, 1.066272764273573e-02, 2.606206166262484e-03, 1.069245085857708e-03, 1.402247093386272e-02, -2.702701276864779e-02, 2.795433758009931e-03, 1.597690549308327e-02, -7.200852565543759e-03, 3.743818093428125e-03, -1.726742435620127e-03, -8.595496382010681e-03, 1.724417687285855e-03, 1.214430119964282e-03, 2.617596822891023e-03, 1.050888231149324e-02, 1.878025957798095e-02, -1.376335575107861e-03, 7.784291779769140e-03, -3.937307456613132e-04, -3.071093921867331e-03, 6.940342106170934e-03, 1.111881442031114e-03, -2.852493903400723e-03, -6.147990258965320e-03, -1.883570514578792e-02, -1.636437985306561e-02, -6.749141391881526e-03, 6.545017714903083e-04, 4.611876372409288e-03, 2.121855618050011e-03, -6.876002684656788e-03, 2.058215014542360e-04, -8.763085443333916e-04, -2.972617923607091e-04, 2.400295655285438e-03, -1.860572216889008e-03, 8.202540465314235e-03, -3.789606146771283e-03, 2.679013317262854e-04, -1.731475396435245e-04, -2.354961354611389e-03, -3.799546030027232e-03, 2.408538873351906e-03, -6.711606486559993e-04, -2.321835639210839e-02, -2.048432093540487e-02, 5.664301858975610e-03, -1.657822841099631e-03, 6.057006091932495e-03, -3.741923162507531e-04, 2.754838870351679e-03, 1.031463953191604e-03, -4.468627807660822e-03, 3.250120423573008e-04, 2.638766514290724e-02, 1.841230681203107e-02, -4.226299417912882e-03, -4.764213475618346e-03, 3.244791084588644e-05, -1.374926741325226e-02, 1.084127810618716e-02, 1.367059077866453e-03, 3.341090975872444e-03, -1.742921531086104e-02, -1.765415615209172e-02, 1.440846713668017e-02, 8.683816261171111e-03, 2.372056606576996e-02, -1.658233075991267e-03, -1.314105008815064e-03, 3.876271944407386e-03, -7.642743766375172e-04, -2.871336843025186e-03, -1.484715948711076e-03, -4.175197976451674e-03, -4.083505321418367e-02, 3.091050855641952e-02, -2.695564339531622e-03, 4.270365426228177e-04, 1.044265189292956e-02, -2.477885567853204e-02, -2.279290588736188e-02, 7.213586707454570e-03, -1.869528828922725e-03, -5.049760396183454e-02, -1.079811196425435e-02, 1.484837196453668e-02, -3.140097610261933e-02, 2.348626354797911e-02, -7.525544118761339e-03, 9.418056163461086e-03, -1.011119312910339e-02, -1.151720428434517e-03, -6.093713496626806e-03, 9.530278196371068e-03, 2.277359247395953e-02, -4.863482443171474e-04, -1.088480998793218e-02, 2.581333984350807e-03, -2.396158165454693e-04, 1.273906070273699e-02, -7.244501486079318e-03, -3.221739331436253e-03, -5.033880131264204e-02, 3.658954419667752e-02, -1.840642642050652e-01, 2.171862786610492e-02, 1.702765919495056e-02, 8.808633178005316e-02, -7.391352608210040e-02, 1.595919599916908e-01, -4.233057289599549e-02, -3.254234521652397e-03, -2.208367255257483e-02, 7.847472396191675e-02, -3.687513995104147e-01, -1.968386430652908e-01, 2.346624599364590e-01, 2.548488251619436e-02, -1.386603623676868e-01, -6.590838319164062e-01, 3.425893176593613e-01, -3.619318836173863e-01, 2.357418836510931e-01, -7.505908020817459e-01, -5.085694248286913e-01, 4.962225459502255e-01, 2.259029721619466e-01, -3.364607318474229e-01, -2.027509558944441e-01, -3.563110652960632e-01, 2.533185588324459e-02, 3.508281376987605e-04, -2.807870602410099e-04, -2.014597812683358e-02, -3.812070243017490e-02, -1.060157737584016e-02, -1.656587385227061e-03, 5.337858870817178e-05, 5.096319945323870e-03, -7.388326523344045e-03, 1.971994192195144e-03, 2.574384009676189e-04, -3.363802631044441e+01, -1.536342559712608e+03, 3.920473578466289e+02, 3.633442130538880e+01, -6.906887409331848e+01, 1.301118093098840e+02, 5.607336115602934e+03, 4.886767598362615e+03, 6.238146778967375e+02, 3.242673259906642e+02, -8.503160876577675e+02, 2.267273278393456e+03, 5.265154455993109e+02, 1.159127962127637e+03, 1.910775568317693e+03, 8.905769221981543e+02, 6.408039999337636e+02, -1.950279862170873e+02, 2.110852485613512e+02, 1.162841973376833e+02, 6.952081530952055e+00, 3.995752504653720e+00, 4.263728957116570e+00, -1.797418688482064e+00, -8.350430053895293e+00, -8.458272109128016e+00, -5.254517520112998e+00, -1.061698486871273e+02, -4.938657633098754e+01, 9.990940673434244e+01, 2.175692377221336e+01, 1.179655827250979e+02, -1.360378870734986e+02, 3.537949957308683e+01, 7.013758469702549e+01, -6.717634959917640e+01, -1.719438585401414e+01, -7.343483704955470e+01, -4.572125330664622e+01, 6.404671858051008e+00, -6.589268586245969e-01, -1.338632019721189e+00, -3.125550120360613e-02, -7.424470221899486e-02, -1.428567350048016e-01, 2.691516088305373e-01, 7.084088880328039e-01, -1.898544976104504e-01, -2.335795614971357e-01, 4.811885573408975e-02, 2.706393065466625e-02, -8.829857155750463e-01, -7.999981266442303e-01, -7.530851175840781e-01, -4.441231534731694e-01, -2.054146476458225e-02, 2.727718546943123e-01, -1.916965123105507e-01, 5.736413526039522e-01, 5.124462953764129e-02, 6.094400069884157e-01, -5.327247246103876e-01, -4.936935643414853e-01, -1.187149746012469e-01, -1.007846195176400e-03, 2.191941008114662e-02, 1.322340072846562e-01, 3.169150576104423e-01, -1.040626665610481e-01, 2.007628219973485e-02, -2.529233118798557e-02, 1.175816535257160e-02, 1.397552652583196e-01, -2.103912823831491e-02, 2.534943967487567e-02, 8.286364495998411e-02, -1.064026132213647e-01, -6.348902467886277e-03, -1.276271440482196e-01, 7.678478869947498e-03, -1.272801311300887e-01, -1.142050530479150e-01, -1.147263441335233e+00, 1.442279069311854e-01, -2.385159146026534e-01, -1.678699385577761e-01, 2.418489364802048e-02, 5.048800484821283e-01, 7.493486079725309e-02, 8.746523433264658e-02, 9.198590379877616e-02, -2.792615793290537e-02, -3.581551514659095e-02, 1.657676532630418e-02, -5.489262790485241e-02, -7.379878018433134e-02, -8.344048375750929e-02, 1.148725813852641e-02, -8.327368321140959e-02, 1.602444511413771e-02, -1.129046485347259e+00, 5.551375902310958e-01, -9.628950412755437e-02, -2.488265675639308e-01, -8.500502449653397e-02, 3.275992065271757e-01, -1.042851727826784e-01, 4.301452493258242e-02, -8.233357178826478e-02, 4.945022129172185e-02, -1.517218979186457e-01, 1.643434560385795e-01, -1.315561503387412e-01, 9.802413357498924e-02, 5.614538898259114e-02, -1.020619348576050e-01, 1.359576594050656e-01, -5.324483564455824e-02, -8.553450705204550e-02, 7.103198245358651e-02, -7.669673720433301e-01, 1.774344412353378e-01, -4.886696542966705e-01, 1.255383215017121e-01, 3.267590846684423e-01, -1.997896544919733e-01, -1.280899159693106e-02, 2.077127829616754e-01, 4.445111614303769e-02, -1.315961471752061e-01, 7.879940746285681e-02, 1.536320597980852e-01, 1.890341841945507e-01, 1.185086134545013e-01, 1.995155126497656e-01, 1.866443372881244e-01, 1.142426590327440e-01, -1.351928082942204e-01, -9.569412459274915e-02, 2.638977600205846e-02, 5.382474766608273e-01, -4.073336543031102e-01, 4.216813901255900e-01, -1.235958535323121e+00, 1.530518007258548e-01, 1.880159598398963e-01, 6.890403053307115e-02, -2.491270973376159e-01, -6.651684449932739e-01, -2.827375156411232e-02, -7.003383826669653e-02, 4.733847520761562e-01, 9.211745483660647e-01, -8.499130490020936e-02, -2.662915605748599e-01, 7.178317793108657e-02, 2.176536586595029e-01, -2.660721800604054e-01, 2.030107188687865e-01, -9.263704913951454e-02, 7.392207842551783e-01, -8.848580960584029e-01, -5.950240730628705e-01, -2.780372150279756e-01, -8.579359419061755e-02, 2.510343762178832e-01, 2.713584500586264e-01, 5.413186213746722e-01, -1.744284990791299e-01, 1.407955218717802e-01, -7.027191464899707e-02, -2.139643910218406e-01, 2.995367213567809e-01, 9.742202074712502e-01, -2.894607103189920e-01, -1.455209585504880e+00, -6.536547535969663e-01, -8.385298027988939e-01, -1.828079739990490e-01, 2.062899891905379e-01, 2.581114332018599e+00, -5.340524097969132e+00, 1.548493652145704e+00, -1.027708074400594e+00, -3.431070443730964e+00, -7.776800808515366e-01, 3.092891031707404e+00, -1.289279743510706e+00, -2.150374680175629e+00, 4.550986976160682e+00, 5.130677792383470e-01, -4.076395707463217e-01, 1.885650636951963e+01, 8.868727346993039e+00, -8.192879706561150e+00, 1.135564302418887e+00, 1.733301187372618e+00, 7.125672464172253e+00, 8.615528339019903e+00, -2.407597384489348e+00, -2.296540112021453e-01, 1.831900209724227e-01, 5.510476951182854e-01, 7.231784421390568e-02, 5.467397302555266e-02, 9.592174750483502e-03, -1.430009421608587e-02, -9.657022338171724e-02, 1.257811504014760e-02, -8.611335370779813e-03, -3.900479953978842e-03, -3.952412287433092e-02, -6.426625168619353e+00, -3.556937937967180e+02, -8.744322061357288e+01, 2.590895341621741e+02, 1.214188785550355e+02, -1.360302391246669e+02, -3.205062822350883e+03, 5.224701923706918e+02, 1.329648241796902e+03, 5.047642018712343e+00, -1.798258656428252e+01, 9.934944636078400e+02, 4.669427972042477e+02, 8.902197305862558e+02, 8.341671676860748e+02, 1.409321535544491e+02, -7.945425906373706e+01, 2.266401792225828e+02, -6.686515088721068e+02, 6.468470089927531e+02, -2.370976048830327e+00, 3.044371196950246e+01, -1.126827273560324e+01, 9.705661488578686e+00, 1.759494088672207e+00, -9.608636292680030e+00, -1.231033910179639e+01, -2.085200032429381e+01, -6.783791108418876e+01, -3.138046912532022e+01, 7.060490838525057e+01, -2.594555751163624e+01, -5.601478740092107e+01, 9.296666367782983e+01, -9.866259013566237e+00, 5.010482210317436e+01, 8.898122202578894e+01, -4.004115418815860e+00, -3.438675859008843e+01, -2.844309908718720e+01, 3.697120152154844e-01, -2.991368684544518e-02, 3.826878031334486e-01, 9.610276976698641e-01, 1.468631736258542e-01, 1.035030891870724e-02, -2.982798962039290e-01, -6.124814993314971e-01, 2.395104666069810e+00, -2.412206386715882e-01, 2.344269784093106e-01, 4.237776301371897e-01, -8.445109438992418e-01, -2.410722440995362e-01, 5.112459628551376e-01, -2.209395314817376e-01, -5.483036554680749e-02, -7.263880445019084e-01, 5.975737322570902e-01, 2.469067455685967e-01, -8.103739628941113e-03, -8.059413316355679e-02, -5.940045107737466e-02, -1.429494924121854e-01, 2.547232726655322e-01, -3.373534773841390e-02, 1.671352804953192e-02, 4.084866084074656e-02, -9.728932718016360e-02, -1.566354954518336e-01, 1.952842663489838e-02, -3.491606335398325e-02, -1.639527711410561e-01, -7.695114445600304e-02, 1.982482684045626e-02, 1.191695081207700e-01, 7.724847054161987e-02, 1.521405865329207e-02, 1.870377297072111e-02, -1.224452416490746e-02, -3.628264370562008e-01, 2.477061348997958e-01, -3.401703904428848e-01, 9.092872228566078e-02, -1.704225421464461e-01, -3.667660624781585e-02, -4.715291366563719e-02, 1.269803340458082e-01, 5.642737566833989e-02, 7.271160118805334e-02, 1.934681578123781e-02, -1.771762240064439e-01, -6.040190162567080e-03, 3.979571423764724e-02, -3.878519797981756e-02, -1.837429380137700e-02, -4.955753559601293e-03, -3.728231087027759e-02, -1.777519343360512e-02, 1.716043225275325e-02, -3.558667460290740e-01, 1.624238925299193e-01, -4.164876343425519e-02, 1.269706497345239e-01, 1.365434337373824e-01, 1.714264150266702e-01, -2.724308452754880e-02, 2.080183380532626e-02, 9.018403146049879e-02, -6.299769193890381e-02, -7.067001285040225e-02, 1.515728811383223e-02, -1.887435184633378e-01, 1.151267975175310e-01, -2.811640697952992e-02, -5.179017755044300e-02, 2.132272113433341e-02, 7.751732593671842e-02, -1.478635109961776e-02, 2.612500342017884e-02, -1.284066208987078e-01, 2.560106538928349e-02, -3.933872212304343e-01, 1.344566261650806e-01, 6.876353268922387e-01, -5.575498327396483e-01, 7.212457946925781e-03, 1.838916152244520e-01, 6.565289700566022e-02, -3.283431846918697e-01, 2.738180632532523e-01, -1.044091517043425e-01, 3.425448517368428e-02, -1.537898807776787e-01, -4.490575477462463e-02, 2.154116824243781e-01, 1.862904715588636e-01, -6.929508069639220e-02, 6.984369248253143e-02, -3.947795922941119e-02, 3.445000880542495e-01, -1.680027209408412e-01, -1.761917043082976e-01, -7.005885205036171e-01, 1.875273860032302e-01, 2.827332897534484e-01, 2.463231345313964e-02, 1.266496246540860e-01, -3.788479136631543e-01, -7.291045954271573e-02, -1.265374520301487e-01, -1.735554242731188e-01, -1.461870400983108e-01, -3.792225453146565e-01, 2.653453513444362e-02, 3.132921908206251e-01, 1.800541113647516e-01, -1.691104133644916e-01, 7.560827204536724e-02, -1.583429746977698e-01, 7.158995961410902e-01, -7.273570169092270e-01, 5.005660187850777e-01, -8.025463982580009e-01, 1.213345580723928e+00, 1.310769148073362e-01, 2.283229552194654e-01, -3.414832409979953e-01, -5.903993589863353e-01, -8.908574574234431e-01, -1.444186118967247e-01, -5.873841526513353e-01, -4.943762268349289e-01, 3.514188311705304e-01, 9.199745393858061e-02, -2.347801901114576e-01, 3.179352441123695e-02, -1.126278114366490e+00, -5.649179768031196e-01, -2.519737326502892e-01, -3.790034100565424e-01, 8.039455048763450e-01, 3.930115986329688e+00, 2.351032932687628e+00, -1.227422274151945e-01, -2.228837099075235e+00, -5.115073724334505e-01, -5.618215229688861e+00, 3.155720794111248e+00, 4.419214736031834e-01, 3.573456764475758e+00, -5.532999141313742e-01, -1.037978841330812e+01, 4.059385970567117e+00, -2.928604433226469e+00, -7.915265577925328e+00, 8.681891964103727e+00, 6.898528637582456e+00, 1.023052529769099e+01, 5.243889003292878e-01, -9.588834207007485e-03, 3.013488312782526e-02, -7.347684518846866e-02, -9.222842379285903e-02, -5.886376304671816e-02, -4.780001778221622e-02, -4.070742962915576e-03, 1.722432744186873e-02, -2.635869866901847e-02, 1.084818500723766e-02, 7.381299549286430e-03, 1.477057079231523e-02, 6.433714056041845e-02, -2.070200914641000e+01, 4.307740121380070e+02, 3.651483409716192e+02, -4.780148095553338e+02, 1.167200297250865e+01, -1.421198832931742e+02, -5.490093994375132e+03, -3.529342262503250e+02, 3.219937659335119e+02, -1.503102258543171e+02, 6.448369719037757e+02, 5.222140268503721e+02, 6.760237721038088e+02, 4.740893626390144e+02, -6.180162367857166e+02, -3.071143494496372e+02, -7.517902468637100e+02, 1.956246514682602e+02, -4.698277498934201e+02, 1.605195145535012e+02, -3.054430709565270e+00, -2.936212002151941e+00, 7.013402258343580e+00, 1.190032451499198e+01, 5.844053776955326e+00, -5.976710647128711e+00, 2.568587143076137e+01, -8.889174741636903e+01, -8.752339604038578e+01, -1.501261188531756e+01, 2.448700606504606e+01, 7.365316225506253e+00, -1.100662958851567e+02, 1.011372822041242e+02, 1.266788018759063e+01, -1.734894247699785e+01, 2.187355518117471e+01, -3.582065757422767e+01, 1.243727616621400e+01, -1.863259503175057e+01, -3.307628462750154e-02, 8.503095978969435e-01, 4.101685565612341e-01, 1.436429078026735e+00, 3.049942148386080e-01, -1.267875404868448e-01, -2.594032088034444e-01, 7.000869588854670e-01, 2.050530553033127e+00, -1.585219271787853e-01, -3.038579666954040e-02, -1.488425722839225e+00, -8.115185531335914e-01, -9.058960746414119e-01, 4.188670381652973e-01, 8.011386047486996e-01, 2.101456003591427e-01, 4.693995925266600e-03, 1.464269452012281e-01, -9.180794369630502e-03, -1.819000266875789e-01, 2.228073954230849e-01, 3.766388540645098e-01, -1.633940623523507e-01, 1.523346014015235e-01, 1.535038951336865e-02, -5.926745856995361e-02, -3.069623756051081e-01, -8.966800529216730e-02, -8.807156115799912e-02, 6.422125719526134e-04, -5.523170591986825e-02, -1.900159504090469e-01, -4.900901826009821e-02, -2.860984898840833e-02, 1.186239236404229e-02, 5.368875137532822e-02, 3.388291369639640e-03, 2.351112317630160e-02, -1.168473895260022e-03, -3.818422417039932e-01, 2.269056097864696e-01, -2.744176272054754e-01, 7.949565048627373e-02, -3.520787936179093e-02, -4.684509537086902e-02, -3.717912216025942e-02, 1.157259663091151e-01, 2.767406652988888e-02, 1.063447668135355e-02, 1.897752681082282e-02, 4.271085288761758e-02, 7.108662756177676e-02, 4.879071386817693e-02, 5.782431069887798e-03, -8.999547513198465e-03, -3.826334065007774e-02, -4.691815485218588e-04, 1.714322409318841e-02, -1.182232821639924e-03, 6.857657602889695e-02, 1.575445828156111e-02, 6.433761991810814e-02, -7.319256783777088e-02, 6.191494238578003e-02, 9.455234642724981e-02, -3.170336275763101e-03, -2.825320026372663e-02, -2.052254978974239e-02, -2.656605449926617e-02, -3.787838112117058e-02, 8.527394395333238e-02, -1.693008630113308e-02, -1.059846010797000e-02, -2.093825299559212e-02, -5.307106974005268e-02, -1.539010558977788e-02, 3.337491007388500e-02, -2.641783353482692e-02, 9.433653167618412e-03, 6.741805509066060e-04, 5.258634049778091e-04, -3.660788838427474e-01, 4.649941399747653e-02, 1.781552085483603e-01, -8.502160995415624e-02, 5.585396267092971e-03, 1.613333025474596e-01, 2.417789433882498e-02, -7.691045040120360e-02, 3.982208447090289e-02, 9.540315435265813e-02, 6.034445001417823e-02, 1.330943522746500e-01, -2.544854077552222e-02, 1.645176364205835e-02, -1.551739367286817e-02, 8.450669738453147e-03, -1.811318110343563e-02, 2.491033069671656e-03, 2.474778270051063e-01, -9.948338782624480e-02, -1.395844053296723e-01, -5.515664042331436e-02, 8.583663398752869e-02, 2.535446125036168e-01, 1.859055340281339e-02, 9.690383030648533e-02, -1.163124002244974e-02, -5.309782125319135e-02, -1.223976073069133e-01, -4.420988643088378e-01, 5.364201450899829e-01, 1.023713122188063e-01, -1.154410024921203e-02, 1.325556720110560e-02, 1.267163969559213e-01, -9.605838082264989e-02, -1.387737917879096e-02, -1.372279947154489e-02, 5.554563296466393e-01, -4.336709463766438e-01, -2.600538758999661e-01, -2.969935186998199e-01, 5.955731807516470e-01, -2.347898459728941e-01, 1.212882460267436e-01, 1.692388120566277e-01, -2.012400993385509e-01, -3.724811211225766e-01, 2.143265020305180e-01, -9.976760532140105e-02, -1.013012278126289e+00, -1.393082818683290e+00, -2.918665499281435e-01, -4.053562939015695e-01, 4.592962349089793e-01, -8.636584724910960e-02, -6.180043041797930e-02, 5.088914845163035e-02, -3.760117744123371e-01, 7.918634813789632e-01, 2.550822789581766e+00, 7.696878689778345e-01, 2.800497370268977e+00, -2.415120353512783e+00, -3.769000994292442e-01, -3.608211666310745e+00, 1.057924195577606e+00, -4.802568357983366e+00, 3.522913949421792e+00, -3.758886994731741e+00, -1.012548359267138e+00, 5.032917517427226e+00, 3.516082458245812e+00, -6.454375456080382e-01, 2.750824232730925e+00, -8.979922650036440e-01, 7.595709720271400e+00, -8.679439167358679e-01, -1.131367200525435e-02, -5.509374123898562e-03, 2.488206572985918e-01, 4.625975718391975e-02, 3.264189353103773e-02, -1.213856477136993e-02, -1.201833286294489e-03, -4.181947684578596e-02, 6.323652898229707e-03, -6.332904775360517e-03, 1.921408992952894e-04, 2.776850015847400e-02, 1.051699210998654e-01, 6.079637787501407e-03, -2.025638203313717e+00, 3.480618268930574e+02, 1.259861793219773e+02, -1.399812262446458e+02, -5.909798807267664e+01, -5.872004771468431e+01, -3.692505025411746e+03, 9.659582298493602e+01, 1.229785131800683e+03, 1.316667223090427e+02, 4.655219972800397e+02, 5.962344706308870e+02, 4.237580801590677e+02, 6.203413272415611e+02, 7.300386645078552e+02, 3.035727766201536e+02, -4.352922586658083e+02, -9.065461600765461e+01, -6.878212213026380e+02, 1.705348393926864e+02, -4.508162568630260e-01, -1.106438248282867e+01, 2.486231702335553e+00, -6.812078610919976e-01, 1.361774304283053e+00, -6.497743713438328e+00, 3.471298969255425e+01, -5.924594771299090e+00, -1.705791330081169e+01, -1.470623589836232e+01, 5.064077935434655e+00, -1.424696289613836e+01, -1.527905333603140e+01, -1.678546883273022e+00, -9.068711760590132e+00, 1.135320047807325e-01, -1.415233637868005e+01, 2.550747416052435e-01, 5.668357008407755e+00, -1.649856066255621e+01, -2.030794160097700e-01, 2.756992610709143e-01, 2.898541714018008e-01, 4.848625890796068e-01, -4.194245799685353e-02, -9.875964092114933e-02, -2.142486710787120e-03, -2.001322947994892e-01, 2.255699075297286e-01, 2.650361088943499e-01, 1.460459940359754e-01, -4.626240558990692e-01, -2.036095385890369e-01, -3.058897835009375e-01, 5.738226855440520e-02, 5.096672782127143e-01, 1.842617493012334e-01, -3.856351920347143e-01, -4.586486982591456e-02, 1.058583575478433e-02, -2.524573016393838e-02, 7.773108353099631e-02, -9.582773845253717e-02, 2.055182884202627e-02, -1.848594156429168e-02, -1.237889757607100e-02, -1.804461906345315e-02, 6.095788073749533e-02, 2.280052572818749e-02, 9.224314152855686e-03, 8.737285425702823e-03, 5.327405449662281e-02, -1.164087857829763e-03, 5.180662916187411e-02, 1.047278870366066e-02, -1.857102236533083e-03, -3.050143432297168e-02, 9.388450831988095e-04, -1.280811459684432e-02, -1.832452149441811e-03, 1.499507940197108e-01, -7.815175577861457e-02, 5.668663865715339e-02, -3.990809294743080e-02, 3.020905166177639e-02, 4.573961758147257e-02, 1.117114343028475e-02, -1.240292713103286e-02, -2.383452553125332e-02, -1.293833371557291e-02, -1.773858128544947e-02, -4.392626268743365e-02, -3.064732586215935e-02, -1.625907383869151e-02, -1.952304408044993e-02, -1.495372837118998e-02, -4.094501014985234e-03, 7.528789857673252e-03, 6.752290211402469e-03, 5.837488536617234e-03, 1.903355892185289e-01, -9.189269397596800e-02, -1.007789989348886e-01, -9.522470206833829e-03, -3.841251799553130e-02, -1.828539889551384e-02, 1.610586558169646e-02, 5.285893790856658e-02, -1.216148559121770e-02, 1.248010297295263e-02, 1.027780341827588e-02, -1.674885677279107e-02, 1.770377371351891e-02, -1.053493993207360e-02, -2.403752720445045e-03, -2.647512971124510e-02, -4.223609012467488e-02, -1.712273629551985e-02, -3.754926446563493e-02, 1.457236641971411e-04, 3.015281720847819e-02, -1.739756591578194e-03, 2.858741128211890e-02, -4.223967998622985e-02, -2.324799332463677e-02, 5.756157460061146e-02, -2.886297538216640e-03, -9.252477977620226e-03, -2.518162334841889e-02, 1.401630190262828e-02, -3.393705363215201e-02, 4.550222409660282e-02, 5.879958931950918e-02, 3.967059983779222e-02, 3.610566269949784e-03, -2.506020440211881e-02, 1.889046269742365e-03, 3.481702400381249e-02, -2.033736189632854e-02, -8.113926825804356e-03, 1.956862182750195e-02, 5.493294226276266e-03, -2.952625463458906e-01, 2.040292643926678e-01, 4.313254463717163e-02, 3.547837243388441e-02, -2.091477291015990e-03, 1.639342838268401e-01, 9.378340583727379e-02, -2.632188946026025e-02, -1.467858618326505e-02, -1.012656423047557e-01, 1.821527778943825e-01, 2.827576878182743e-02, 3.573195346643084e-02, -1.996099112019320e-02, 3.730428067901247e-02, -1.135657734885791e-01, 1.652415491478910e-02, 2.361332349719471e-02, -2.485249903734843e-02, 3.807105034914620e-02, -4.518036665090286e-01, 3.834328243938887e-01, 4.037543588173468e-03, -4.730334621239398e-02, -1.365971206951678e-02, 3.503686135641022e-01, 3.099353851445764e-01, 2.278685255424327e-02, 4.466080524514763e-02, -3.338538049163974e-02, 9.310511358057816e-01, -8.986627942567038e-02, 5.728574666463917e-01, 3.241616723156551e-02, -3.874436247591088e-02, 4.023188751617356e-01, -2.329563976559329e-01, 6.960643883992269e-02, -2.402866153196337e-02, 1.213001810813304e-01, -9.708108010115765e-01, -1.435504132029623e+00, -1.438507282425778e-01, 6.262490780555764e-01, -1.255879999766615e-01, 1.407944427132963e+00, -2.012127178303695e+00, 3.456868157365057e-01, -1.058270561158856e+00, -1.761226477126119e+00, 4.220807157608131e+00, 1.586021709994843e+00, 2.881711076190114e-01, -1.226084803835007e+00, 5.931877927410351e-01, -3.009190595119370e+00, -2.037980742949206e+00, 1.420762566376931e+00, -1.607965274170286e-02, -1.208776015459996e-02, 9.011189422707269e-02, -7.943347252913293e-03, 4.607999288265224e-02, 7.451851424112417e-03, 1.587360283408535e-03, -2.212930414584113e-02, 4.736719727036204e-04, -1.143291033205407e-02, -1.183887329162665e-03, 1.185069499651312e-02, 2.696957360215032e-02, 2.036471920075607e-02, 3.591124974894134e-03, 4.163156086771124e+00, -2.162454631593115e+02, -1.440665589298626e+02, 1.426236058085465e+01, 3.789747956755589e+01, 6.419189101171523e+00, -1.084382585666129e+03, -3.366922582681103e+02, -2.570595530299393e+02, -2.644109911534280e+02, 1.127913120277291e+01, 1.967711040515110e+02, 1.172019610379076e+02, 1.671060638301401e+01, -5.007127651972425e+02, -3.461455676011109e+02, -1.223196963337891e+02, 2.536932456790165e+02, 6.154983488257532e+00, 2.060266067464598e+02, 1.069545913835184e+00, -3.029109270766562e+00, 1.473762219884051e+00, -5.329883533438318e+00, -2.110199231587454e+00, 1.871217085830360e+00, -5.489771538251287e+01, -2.122863638231304e+01, -2.218951805566001e+01, 5.045151147778785e+01, -3.460260832281569e+01, 2.241543871846217e+01, -7.496276123603126e+00, -2.144523325823784e+01, -1.502831834836257e+01, -2.769599918731854e+01, 3.547591680881686e+01, -9.386865722312395e+00, 9.948251512467559e+00, 6.125833107181132e+00, 2.995824496221586e-01, -6.957585196787320e-01, -5.859955372031532e-01, -3.027712888695577e-01, -2.535170192006212e-02, 2.858280436494195e-01, 5.740295765632639e-01, 8.534728841954948e-01, -4.622542081740266e-01, -2.486899450424950e-01, -2.726934066226727e-01, 1.186099149570332e-01, 5.738598956681175e-01, 4.197469452091590e-01, -1.201857506307347e-01, 1.482068029916322e-01, -5.232332994904091e-01, 2.118821401621778e-01, -1.623016983041011e-01, 1.784265396723381e-02, 1.032073109800956e-03, 1.574419398960993e-03, 1.122348984922606e-01, -5.977971435753528e-02, -9.084931884708645e-02, -2.385566348684859e-02, 3.643674143713056e-03, -8.454930708603325e-02, -2.591833274960009e-02, 5.714646924949356e-02, 6.489388234091862e-03, -1.585099254208072e-02, 4.757298343859320e-02, 5.813963690311058e-03, -2.155116426987337e-02, -3.278406053776588e-02, -1.606735216089156e-02, -1.170225032449226e-03, -8.060704307024856e-04, -7.358756482091346e-04, 1.274127067215287e-01, -7.633926655793004e-02, 5.520801439812043e-02, -7.910896417495025e-03, 4.392483764312258e-02, 4.994565863867602e-02, 1.610810682541335e-02, -2.946188612529338e-02, -7.143854665337310e-03, -2.055275372685853e-02, -2.195102479164204e-02, 1.116551892468167e-02, 1.676886772481145e-02, -1.117387276713686e-02, -7.102418446914800e-03, -2.212843094273121e-02, -4.794068945528678e-03, -5.643285248641593e-03, -7.289069194865961e-03, -4.099430750500639e-03, -3.891838058400530e-02, 4.389667441935657e-02, -3.695691643288245e-02, -4.917850034683257e-02, -1.731310833833016e-02, 1.006900280485056e-03, -6.911930030566301e-03, 2.180741633193533e-02, -2.137428624332212e-02, 3.841608127056429e-03, -6.128132363730319e-05, -2.034836232236299e-02, 9.038535188933372e-02, 2.798318320542312e-02, 2.131679012810054e-02, -1.691880101314443e-02, -3.964130278673872e-02, -1.334921870224142e-02, -3.764081330462673e-02, 1.790374382776255e-03, -3.423237565985233e-02, 1.188110750450190e-02, 2.648200311561369e-01, -1.273263739101362e-01, -4.633248341960794e-02, 2.455241571394705e-02, -7.651461840979308e-04, -1.210281980413959e-01, -5.654228006782947e-02, 2.883753628845733e-02, -1.012929100298035e-02, 2.002785289336911e-02, 1.350165370557894e-01, 1.597039323809470e-01, 1.145930753219796e-02, -2.222508113274204e-02, -5.251118320479038e-02, -1.574929674235964e-02, -3.257997280287200e-02, -1.314052463958611e-02, -5.318202981996340e-02, 7.157491609656683e-02, -4.393558852720748e-04, 8.360690165697936e-02, 1.026337223256094e-01, -1.100811851466589e-01, -1.282199393097052e-02, -1.765901006573050e-02, 3.535778699580228e-02, -5.124652623820479e-02, 5.534113113758476e-02, -2.173177793820244e-01, 6.671448360369572e-02, -1.078574826338054e-02, 1.124524290549672e-02, -2.771144886905232e-02, 6.408165682416157e-02, -5.204776721762257e-02, -3.779291682308610e-02, -3.012842613712245e-02, -7.655881242207575e-02, 7.165527974763471e-02, -2.498395555941161e-02, 1.042100642301800e-02, 1.220642607095275e-01, 6.428191324267980e-02, -2.031078756459894e-02, 2.026838856441477e-02, 1.276029399905869e-02, -9.645877004703479e-02, -7.747377510909702e-02, -3.042409846013542e-02, -8.316412572433958e-01, -1.463542946080447e-01, -8.450938647756516e-02, -9.392957147629925e-02, 2.061401172701280e-01, 1.516231795258728e-01, 4.311696015113168e-01, -3.413124891475245e-02, 2.764188524005191e-01, -4.538438813640740e-01, 8.644688791818657e-03, -9.127556662020790e-01, -6.266517212423126e-01, 7.613365934817453e-01, 2.929157385912213e-01, -2.569644466282804e-01, -1.262965270622035e+00, 8.068986111873896e-01, -1.245774647901879e+00, -1.805325705343258e+00, 7.179487547258069e+00, -2.463374964519641e+00, 9.746222610653611e-01, 4.807624966716190e+00, -3.550298571108453e-01, 7.170599536421171e-01, -2.354925106000602e+00, -4.456659153964043e-01, 3.345133633665227e-02, -2.143000646811987e-02, -1.261386374062753e-01, 6.429122657274111e-03, 3.408856672999498e-03, 2.202953540598139e-03, 1.282339636080877e-03, 2.608706950575194e-02, 2.603116616257102e-03, -1.279449088908904e-03, -1.960801260163941e-04, 4.147537011474696e-02, 2.758169167751263e-04, 4.744354717553566e-03, 4.739302100503892e-03, 2.711526191454355e-04, -1.011710594929713e+01, 7.489061581404798e+01, -3.234495178276733e+02, -1.410300171353570e+02, 1.056971943390513e+02, 8.488682040657399e+01, -9.321930431438921e+01, -1.299700497485861e+02, -1.222472918447889e+03, -1.144070361369741e+01, 3.683245009589680e+02, 3.541313793269301e+02, 2.658635041432224e+02, -2.669835191239169e+02, -1.198905010841116e+03, -6.213914735237356e+02, -3.584082761646120e+02, 1.565921822036584e+02, 2.548522409913060e+02, -4.677008832231737e+02, 1.174709667993275e+00, 1.436675463754796e+00, 8.090024695015844e-01, -3.277068757752367e+00, -9.568362580658878e-01, -2.103069310511481e+00, 8.079865789529524e+00, -4.299168127344140e+01, 1.105912759195685e+01, -8.839703713514137e+00, -3.196896872218409e+01, 1.415344879233918e+01, 4.894991188492599e+01, -8.200602815921052e+00, -1.524134173810691e+01, 3.362186219573054e+01, -3.440960831420022e+01, 8.889236766958337e+00, 1.380173291661463e+01, 1.509234755968935e+00, -3.066450648824322e-01, 5.101387104665888e-01, -5.079992538092516e-01, -1.504441955278589e-01, 7.767622678667556e-02, -1.446964819921695e-01, -3.433532025082552e-01, 7.320588293527721e-01, -2.996141662610792e-01, -2.407399133326045e-01, 4.700212253016699e-01, 5.163241935161622e-01, 3.899131258772044e-01, 1.007116481040549e-01, -4.411135496004254e-02, -2.842920759833251e-01, 1.726018633023780e-01, -2.178491551161057e-01, -9.677987813177921e-02, -3.489135408200089e-02, 2.704943094385974e-02, 1.573330434593793e-02, 1.518881629112244e-01, 7.478068727305957e-02, 1.452491019646370e-04, 8.245118182107738e-03, -7.091871605160254e-03, -9.276320885398169e-02, 3.617190238425514e-02, -1.214026144587482e-02, -1.049547201500907e-02, 2.428120865647617e-02, 5.339945355764710e-02, 2.055608371911370e-02, 5.162133297782331e-03, 9.996434080213683e-03, -2.633476425602150e-02, -5.135938139408739e-03, -7.414558626901864e-03, 1.787418050443236e-03, 2.870824368089611e-01, -1.254956933703200e-01, -2.323609821547107e-02, 4.175487710925732e-02, 5.058561188517118e-02, -3.028498792313212e-02, 2.096804853582172e-02, 2.154770337495430e-03, 1.579202606112906e-02, -2.791828733043655e-02, 1.695259545111878e-02, 1.120826377674969e-02, 1.398371367187343e-02, 2.115716067790917e-03, -1.177435791493386e-02, 1.722017633586054e-02, -1.043622698164345e-02, 2.600654816461975e-02, 2.951467326646553e-03, 1.150760236991541e-04, -1.030857818915131e-01, 7.938916353077673e-02, -2.506156112044722e-02, 1.212262474376128e-02, -6.088419700960516e-02, 4.037570027286426e-03, -1.606487729856262e-02, 1.754851440215149e-02, 1.135161220866259e-02, 2.598787708894651e-02, 4.218507368088151e-04, -3.770398102984347e-02, 6.337088988404221e-02, 4.397268362355135e-02, -5.784643493545057e-03, 3.499871912787477e-03, -2.311601596110149e-02, 5.337325437642879e-03, -5.301033466923914e-03, 1.733286296086086e-02, -1.723170491450236e-01, 1.069603701813193e-01, -1.098137762042176e-02, 7.723393183100014e-02, -4.360695263924835e-02, 1.020339972233963e-01, -1.907098886491212e-02, 4.584780793179956e-03, 2.524725351482269e-02, 1.662406089401108e-02, -4.900269297988977e-02, -1.842966655374186e-02, -2.633892763934002e-02, 4.182849026238714e-02, 3.058014619599343e-02, 1.331133707073772e-02, -1.076486922766377e-03, -2.081131193772718e-02, -1.999587746961705e-02, 2.756639319947677e-03, -5.186950018889969e-02, 3.262113092967080e-02, 1.244327327279527e-01, 2.082732024736436e-01, 8.723498818059094e-02, -1.182546956388302e-01, -4.314203037434070e-03, -5.217891722339082e-02, 1.017604268616524e-01, -3.025497237636759e-02, 5.278147020223288e-02, -1.933475170866975e-01, -4.742224626510607e-02, -3.419798875836878e-02, 1.707625726741518e-02, 1.221241740519150e-01, 1.149588811931703e-02, 1.906470489398822e-02, 5.041041003936536e-02, 3.533508049645685e-02, -2.587057101104098e-01, 2.502363978439076e-01, 3.026024689356873e-01, 3.669406559391445e-01, 2.168916612858788e-01, 1.218812833482972e-01, -6.757811943197073e-02, -2.310600726738907e-01, 3.262338589329042e-01, -1.490825274490847e-01, -1.297037325103419e-01, -9.160592084454615e-02, -3.169338149583366e-01, -3.715852791281630e-01, 2.189811882036014e-01, 1.777392199672685e-02, 4.095704401331185e-03, -5.225659247723694e-02, 1.048150672299840e-01, -8.381326195730253e-03, 7.822407849916364e-01, -1.206462232342813e+00, -2.226256848350264e+00, -1.243105975012872e+00, -4.166471938067219e-01, 2.655125166971656e-01, 6.214425402587870e-01, 3.363379072702158e+00, -2.154933728804768e+00, 6.514222126536816e-01, -3.626909595399398e-01, -2.052250567404211e-01, -4.509770407622813e-01, 2.165984102900997e+00, -4.482674157277658e-01, 1.688205390128758e+00, -1.213471381354341e+00, 1.785749465727660e+00, -1.215660932814025e+00, -1.004709970858162e+00, -2.992114222585620e-02, -1.826290469207220e-02, -1.197449347047744e-01, -4.710237409484401e-02, -1.685894840676119e-02, 7.794819034922074e-03, 1.995903716387230e-03, 2.328710372290515e-02, -6.458376348863096e-03, 4.418590674949230e-03, -8.225874246314335e-04, 8.600386491033911e-03, -3.434554806887222e-02, -1.918898710562713e-02, 7.586510462716458e-03, 2.755953096586516e-03, 3.111362304038773e-03, -3.621517500928896e+00, -3.455753879925462e+01, -2.576522502312367e+02, 1.236700826573549e+02, 2.359649408436642e+01, 1.098056666066130e+01, -3.870134626234910e+02, 2.593739845854013e+02, -2.919362804899307e+02, -4.496285533888936e+02, -2.859509937581049e+02, 2.170957505893857e+02, -6.488425863074859e+01, -4.302406551357409e+01, -5.857944319143115e+01, -2.400382372607411e+02, 3.767544855391719e+02, 3.018600311491703e+02, 2.957001448258221e+02, 2.027057308406355e+02, 1.002680982457954e-01, -1.121927494286226e+00, 4.404104397360606e+00, -4.812728496127934e+00, -5.782817104735862e-01, -2.556391486277525e+00, 2.832741553565579e+00, 1.273499166114569e+01, -2.527605093198719e+01, 6.941190406602969e+00, 2.946743095160582e+01, 2.520039747482167e+01, -4.532369012075154e+01, -9.274549606522839e+00, -1.526567444222496e+01, 5.105329426128114e+00, -1.345921681013134e+01, -1.069687872450285e+01, -2.170009885107123e+01, 1.196516470330244e+01, -1.054558317479262e-01, 5.337381224488977e-02, 2.426775412584345e-01, 9.641656519001789e-02, 7.441177426299732e-02, 9.606453425724198e-02, 3.476076852190192e-02, -4.688335308865731e-01, -1.510462106748799e-01, 5.339541523815512e-02, -1.424533113461600e-01, -1.347077673651414e-01, 7.439813754413083e-02, -1.275154764183771e-01, 2.352498613496477e-02, -4.790859558673213e-02, 1.845665653114720e-01, 8.731879777087147e-02, 1.739177461662378e-01, -5.755981199572369e-02, -1.040900894290831e-03, 5.281742679153019e-03, 2.507195908644087e-02, -1.821486083483520e-02, 8.316037470892443e-03, -1.250661382087656e-02, -1.119377888608032e-03, -2.427518565385213e-02, -2.078469663763413e-03, -5.712878233886474e-04, 3.565849549823566e-03, -5.181826198971921e-02, -4.002870746831019e-02, -3.368598969652003e-02, -1.742148792998695e-02, -1.173174984202925e-02, -1.835632187173973e-03, -5.156432426074320e-04, -6.028487807377869e-05, 2.307558436159471e-03, -1.431427556068754e-01, 6.562662685845351e-02, -1.136654105317260e-01, 7.598103433255544e-02, -2.644733155474470e-02, -9.412574811639859e-03, -1.012083665175171e-02, 5.224908415583614e-02, 3.501922958238508e-02, 9.463070778202179e-03, 4.942258200673995e-03, 8.904304484495628e-03, -1.427985024204319e-02, 1.157931296400203e-02, 7.753607337560309e-03, 1.073969078219033e-02, 1.417480807727443e-03, -5.402102242880152e-03, -7.405852385776015e-04, -5.165933354161750e-03, -1.363378090424329e-02, 3.858034819337346e-03, 2.681312647819926e-02, 6.219479446705600e-02, 5.787993419223349e-02, 1.078204145806579e-03, -5.919793016443359e-04, -5.872747030328495e-03, 3.155399792194852e-02, -2.577372769610822e-02, -2.119758051673980e-03, -4.279675697100744e-03, -1.517281797586337e-02, 7.367894181578057e-03, -3.853934155710053e-03, -3.930764874217732e-03, 1.796286747345418e-02, 5.614271033112410e-03, 7.049153291177641e-03, 6.930527928536495e-04, 4.522450626948194e-02, -2.683961942919204e-02, -5.651878348262058e-02, 8.297360258113529e-04, 2.445967670806234e-02, -2.386094235164762e-02, 5.364296259776965e-03, 2.450880072162018e-02, 7.953360683260510e-03, -9.889242213141655e-03, 1.162098172941974e-02, -1.595657003394138e-02, 1.360166600643432e-02, -1.571315250030594e-02, 1.948396010081675e-02, 2.709917519844903e-02, -7.901886993019734e-03, 2.314294638152509e-02, 2.555068259785698e-02, 1.760629870589580e-03, 4.497649629395377e-02, -2.977651100623036e-02, -1.692899971253967e-01, -8.641487613418299e-02, -1.270101810259005e-01, 4.043775156977109e-02, 3.959844577949929e-03, 7.005982539553168e-02, -4.602181569213564e-02, 5.941669867872194e-02, -1.856516753875305e-02, 8.733819284049765e-02, 5.189862601439941e-02, 7.590216773981696e-02, 3.699086213132650e-03, -8.292795547215284e-02, -5.317819579005864e-02, 5.722386915225586e-02, -7.685762735261717e-02, 4.900185336169176e-03, 1.552889827996720e-01, -1.379483591679824e-01, -3.856452349318163e-02, -2.887658361170240e-02, -6.232536011358409e-02, 1.120640741830768e-02, 3.796579542345969e-02, 3.239624662425417e-02, -1.282933746783635e-02, 7.893789298696972e-02, -3.826814352338012e-03, -3.513724134389482e-02, -1.167611461202424e-01, -3.509633405307784e-01, 3.574425288656811e-02, 6.944024591436941e-02, -1.517684974230659e-02, -3.414533058815507e-02, 4.689670801214140e-01, -1.101359950133489e-01, -2.287870147535226e-01, 3.300704674954402e-01, -1.730993352347133e-01, -9.016445851033780e-02, 1.269222531601970e-01, 1.893702292939799e-01, -1.820349897877278e-01, 2.447040746567222e-01, 7.297983478146851e-02, -3.955061522931232e-01, -3.371172417318525e-01, -1.423981280085782e+00, 9.764248996771344e-01, 4.541416781136957e-01, 1.053721263649899e+00, -1.085512737775823e+00, -3.061439564691387e-02, -5.427560008237468e-01, 1.526053421666464e+00, 1.451472426258961e-01, -5.150206182337249e-03, 9.101135647634553e-03, 8.506427958992960e-02, -1.702776052789434e-02, -1.858527365984329e-03, 3.369990434439820e-03, -8.647126365956202e-04, -1.352068152798354e-02, -4.473658242661005e-03, 2.940158115840873e-04, -7.320952140625362e-04, -1.636802934449493e-02, 1.806954069880942e-02, 6.151451720160527e-04, -8.498885810253096e-04, -4.074659308527621e-03, -7.640158765192355e-03, 1.097787206823453e-03, -1.709500171653044e+00, -3.015753808304025e+01, 1.500602650377048e+02, 1.257164186482101e+02, 7.375587676720758e+01, -1.643047297827616e+01, -7.997729536980744e+02, -7.741741375865224e+02, 2.786593293330603e+02, -1.023713775949093e+02, 3.844473197372200e+02, -4.511090283846279e+01, 6.032544476017561e+01, -8.508685021257547e+01, -2.629074383502966e+02, -8.894657840387418e+01, -1.480356597956196e+02, -6.130377388743832e+01, -1.661174732014840e+02, -2.061176332022668e+02, -1.208354201352423e+00, 8.587898311121785e-01, 7.073160437272029e+00, 1.956583508216726e+00, -1.182161983511080e+00, -1.448072248327641e+00, 2.809933905815490e+01, -2.297407602001328e+01, 1.962741469939765e+01, 2.451741007966497e-01, 2.405728949755839e+01, -4.268027075042204e+01, -7.153951093256458e-01, 8.222442242329114e+00, 9.913137689871290e+00, -9.222355183762746e+00, 1.178850935344661e+01, -4.395853395494909e-01, -7.715276590762924e+00, 6.785743769551795e-01, -2.557403726163165e-03, 4.530833875530750e-01, -1.141954122593830e-01, 2.587464645787290e-02, 1.194780686045234e-01, -2.484250634541563e-02, -3.885323515433715e-01, 1.499497467353798e-02, -5.401038201492469e-02, -1.235311601612150e-01, -4.787364047146240e-02, -6.137967376576307e-04, -9.799823752505954e-02, -6.102686628014840e-02, -1.387647743122921e-01, -2.034256890616246e-02, -6.186398233712263e-02, -5.469483581891282e-02, 7.395737976228065e-02, -1.492737045302787e-02, -4.353987911736745e-02, -7.163069723246656e-03, -2.397202253592646e-02, 1.856073972953262e-02, -1.083028175003867e-02, 6.016038731583595e-03, 7.152222528964445e-04, 2.094437542810723e-02, 1.667465629552552e-02, -1.264856962443707e-03, 1.111996262594679e-03, 5.505285650626442e-02, 2.860276871327772e-02, 2.374053101318635e-02, 1.947124183397353e-02, 2.676911576818666e-03, 1.727925912394126e-04, -6.543112651128772e-03, -9.239076413532103e-03, 1.425287191996817e-03, 6.937032806722039e-02, -4.861118506781083e-02, -4.730278117301295e-02, -8.239997331733227e-02, 2.277298782327794e-02, 2.625740011772573e-02, 7.271896393890649e-03, 1.987383053765125e-02, -4.514743460743530e-02, -8.095848654147090e-03, -1.521805912047138e-02, 2.194175918980579e-02, -1.815316226525229e-02, 3.527240392754900e-03, -9.293398290016387e-03, -1.331899129340787e-02, -1.132983472176504e-02, 6.391674441225407e-03, 1.025250658086965e-02, -2.739808623023286e-03, -3.355446443102037e-02, 3.590563236092024e-03, -1.818868860873391e-02, 3.564708050983343e-02, -3.968313402122075e-02, 1.616136438178905e-02, -1.303919727110528e-03, 6.102133719154282e-03, 2.114137841695402e-02, 1.779010514136548e-02, -6.418507477479516e-03, -1.145476915295944e-02, 2.233676649982366e-02, 1.032493924664190e-02, -1.551368853311623e-02, 4.920240903351686e-04, -3.626299667421768e-03, 1.092015063257303e-03, -3.811636220548081e-03, 1.188387599694986e-04, -3.066554452222620e-02, 6.931279253811617e-03, -5.671137819483234e-02, -1.600993297466579e-02, -1.735114013461245e-02, 1.637113098845226e-02, -2.534373349501074e-03, 2.352286771746832e-02, -6.922827716041806e-03, 3.583511744946557e-03, -1.033148175153601e-02, 3.322287074402876e-02, -1.333421500427220e-02, -4.090784355042605e-02, 5.310037265518717e-03, -9.135016609521146e-03, 1.462761783125867e-03, -5.539840251571084e-04, 1.031593256611677e-02, -3.101813122776118e-03, -2.097370071541895e-03, -1.922487321868404e-02, -5.160713717051727e-02, -8.784046207856501e-02, -4.030250989187817e-02, -4.974442748791710e-02, 2.972983577767480e-03, 3.061598814000363e-02, -4.556554701112547e-02, 2.997801991294375e-02, 2.926590566480625e-02, -4.395827873726937e-03, -3.338392151441400e-02, 7.928559444259965e-02, -6.056264996583359e-03, -5.231812353261313e-02, 2.994997930218584e-02, -2.732292682999637e-02, 3.574840856591542e-02, -3.594584960103419e-02, 9.057004182854047e-03, 6.495830767654294e-03, -3.739412866170302e-02, 1.806342701762803e-01, -1.650709157690719e-02, 8.346025133491805e-02, -7.841250833493305e-03, 1.336848447656767e-02, 1.049030198657072e-01, 1.783966758370623e-02, -7.099302209222841e-02, 3.277979829790308e-02, -5.433121731247337e-02, -1.573250159049409e-01, 1.562636779132204e-01, 3.267558361794324e-01, 4.173105356468027e-01, 7.572809122298101e-02, 2.070954369224237e-01, 4.254013964432724e-02, -5.973069805793267e-02, 4.562442372626781e-02, -4.500577534587874e-01, 3.272948338548035e-01, -2.141656427910067e-01, 3.596074084491659e-01, -4.212257571757311e-02, 6.447796348626826e-01, 5.698932485110411e-01, 5.528461378840716e-01, -8.429686621377914e-01, 9.598216970034705e-01, -2.363296555233366e+00, 2.563412956665635e+00, -1.960941712999537e+00, 1.094719162342127e+00, -1.423321196563651e+00, -2.569021414646935e-01, -1.961032466944918e+00, -6.363811362272995e-01, -3.139105475276299e-02, 1.332067839126907e-02, 3.355324218997481e-02, 3.501442883941700e-02, -1.022111001898205e-02, -3.138340549490002e-02, -4.007217207439895e-04, -4.457280910120151e-03, 7.516562287207029e-03, 1.964207444568756e-03, 6.647081132898941e-03, 2.947779797026449e-03, -2.265903873286140e-02, -1.453641991774654e-02, 3.371932638582885e-03, 2.276750057353555e-03, 4.712173344280045e-04, -2.509465872672084e-03, -4.326179704193074e-04, -4.666865201006445e+00, 9.283367763646515e+01, 8.353497023170672e+00, 2.986001567605770e+01, -4.029797040551258e+01, 5.064489707205973e+01, -1.483432669196881e+02, -1.172732653633081e+01, -2.062493185939970e+01, 2.048706132466646e+01, 7.313424736143679e+01, 6.757728617536868e+01, 7.384898606530221e+01, 2.716374128731863e+01, -1.509868338864962e+02, -6.813863821897966e+01, -1.139251062874217e+02, 5.438428043721859e+01, -3.536643191658414e+01, -4.160081419264648e+01, -3.536538295786428e-02, 7.875805375495001e-01, 9.005152908255994e-01, -2.737715118962142e+00, 2.536666523343379e+00, -4.318936657398485e-01, -8.081401753353486e+00, 2.465375011178869e+00, -1.610370450061627e+01, -5.347040322508714e+00, -1.838210940554394e+00, -1.944030536015719e+00, 9.483231754826670e+00, -9.881803865665873e+00, -5.374340480013940e+00, 4.170319291931918e+00, 2.014862225400825e+00, -3.123489189678494e+00, -7.078036976487252e-01, 5.328911948392618e+00, 4.549256356443399e-03, 1.670633181358066e-02, 5.132076966107113e-02, 4.107760195765533e-02, 2.107069583152005e-02, -3.137701400956660e-02, 4.218218051559849e-02, -6.816968500648071e-02, 1.157319697770135e-02, -7.523011475321924e-02, 5.063185922081027e-02, 1.183417552048409e-01, -9.018635807437660e-02, -4.017706871512339e-02, -9.052839464060733e-03, -1.086867075912812e-01, 3.927752477792801e-03, -9.474435859652538e-04, 1.974189236312245e-02, -2.868789193978649e-02, 4.968829342446631e-03, 5.288257293972014e-03, 3.152362516025897e-02, 4.935141005167187e-03, -1.826061079335983e-03, -1.005730817370866e-03, -3.793018589985818e-03, -2.458388873277985e-02, 4.465941151277022e-03, 5.531662054272725e-04, 9.923909525161080e-04, -7.541791694666281e-03, 1.152732234984273e-03, -3.254072046062856e-03, 1.387816357287295e-04, 1.432491931015512e-03, 1.193432891172301e-03, 2.901598163066693e-03, -2.787815032167758e-03, 1.456400502253123e-04, 4.361258734103654e-03, 3.203626491414818e-03, 2.158221656118960e-02, 3.338965987617595e-03, 2.935407831952807e-03, -3.793273832649845e-03, -8.873075932134400e-04, -1.094873195226491e-02, 8.599778683558707e-04, -1.313875418737040e-03, 1.350851910354651e-03, -1.145090118729871e-02, 1.190187593215360e-02, 5.374782306376571e-03, 8.179062392796220e-04, 1.084416204561079e-03, 8.736947797466612e-03, -3.659751096859715e-03, -3.256602279149707e-03, -2.786379672217541e-03, -2.863455643063441e-02, 1.462639135686224e-02, -4.944026577238795e-05, -1.765653444779870e-03, 5.346907971460461e-03, -1.369638863438473e-02, -2.367199032792121e-03, -7.629513747919613e-05, -1.816916334252201e-03, -2.625620049368716e-03, 6.350455159293725e-03, 1.008467181740558e-03, 1.046431099683113e-02, -2.332681751744219e-03, 7.916509249155126e-03, 1.518691224331606e-03, 3.280821221627488e-04, -1.051215054581078e-03, -1.853641848315742e-05, 1.753614375394534e-04, 6.821755801115403e-03, -8.433313475758879e-05, 1.439704431277374e-03, 2.433902217297772e-02, 1.017665260913431e-02, -3.690289251929453e-03, -1.613277409434746e-04, -7.610010084472495e-04, 1.097776768971180e-02, -4.299635530447607e-03, 2.151986931198761e-03, 3.655015730077038e-04, -1.631615182566123e-02, -7.637790571723918e-03, 5.937976692500077e-03, 1.044100369648276e-02, -1.664117010288822e-03, -1.148593073592815e-02, 9.632582344767538e-03, 2.005999234463458e-03, 7.777444929315602e-03, -5.172432276251884e-03, -2.332136180739927e-02, -9.236991633963130e-03, 3.145926433471697e-02, -1.983155820995936e-02, 1.086000376898563e-03, 1.160023812105817e-02, -3.769337116141966e-03, -1.722250471804008e-02, 9.729841820459339e-03, 5.173884496235236e-02, -1.747814527453972e-02, 3.654449175958541e-02, 1.444552564546345e-02, -2.003919413677594e-02, 2.858552109153377e-03, 1.244228479518699e-02, -1.231087659255342e-02, 1.619033921881172e-03, 7.892386224431457e-03, -6.167449842763423e-03, 6.441881133594750e-02, -3.650513618188345e-02, 1.408197392512268e-02, 1.239847118049338e-02, 1.920429784079764e-03, -4.668325649943153e-02, -2.485299401587456e-02, -9.492994102067758e-03, -1.007157858700040e-02, 4.331386252455197e-02, 5.935894806729691e-02, -2.512251409792396e-01, -3.605014598487936e-02, -3.252239928430736e-02, -9.041158169098656e-02, -4.709042897319193e-02, 7.665311778367960e-02, -9.897819846643965e-03, -4.122014659887764e-03, 6.799403170511233e-03, -1.372763713228292e-01, 2.691215509713599e-01, 2.137967363255872e-01, 1.034135351535031e-01, -2.259811834615174e-03, 1.070877140799493e-01, 4.761800530956191e-01, -4.052159518109618e-01, -1.353202417400318e-01, 6.371861772783622e-01, 1.421495101480596e+00, -1.430189400518595e+00, 8.480482313231446e-01, -7.191200677773985e-01, 8.207578636431880e-02, 5.850186828326914e-02, -9.573706681126533e-02, -1.088854271329608e-01, -1.145720836720701e-02, 1.021660007442203e-03, -3.686462571458515e-02, -9.717421233212880e-03, -9.623605595749428e-03, 2.033215567528256e-03, -4.485450490270774e-05, 7.257099699269717e-03, -1.686202449068378e-03, 1.793591050512485e-03, -2.964572686299903e-04, 5.211406578930494e-03, -1.162319745617637e-03, 3.006223142248591e-03, -6.891016153012145e-04, 2.661365808263436e-03, 9.481725292642696e-04, 4.652728241719539e-04, 4.048025418768351e-05, 9.214998409388870e-04]
