elements:      [Mo]
cutoff:        5.0
pair_type:     gaussian
feature_type:  gtinv
model_type:    4
max_p:         2
max_l:         12

gtinv_order:   6
gtinv_maxl:    [12, 12, 4, 1, 1]
gtinv_sym:     [0, 0, 0, 0, 0]
gtinv_version: 1

electrostatic: 0
mass:          [95.94]

n_pair_params: 6
pair_params:
- [0.5, 0.0]
- [0.5, 0.75]
- [0.5, 1.5]
- [0.5, 2.25]
- [0.5, 3.0]
- [0.0, 0.0]

n_type_pairs: 1
type_pairs:
- atom_type_pair:      [0, 0]
  pair_params_indices: [0, 1, 2, 3, 4, 5]

type_full:    1
type_indices: [0]

n_coeffs: 5070
coeffs: [7.320098853654042e+01, 8.552972933234056e+02, 1.083697134187955e+03, 6.615686921103301e+02, 6.211560977012633e+02, -4.002939259718573e+02, -6.161816928569044e+02, -4.800149684966783e+02, -3.767217922241528e+02, -2.529246839530704e+02, -4.231147233965382e+02, -3.703619286765856e+02, 3.252855277032115e+02, 3.210181093600800e+02, 3.771012644669586e+03, 7.236298329054076e+03, -3.002145584309984e+03, 3.529417089980152e+03, -2.629208469418097e+03, -3.638885915937798e+03, 3.480162496344048e+03, 1.821168083123694e+03, 1.896906158121719e+03, -2.674434525449992e+03, 2.148308222842195e+03, 3.396925528635359e+02, 2.479970528861375e+03, 3.007808599857919e+02, 8.730025353555344e+02, 2.682822836395253e+03, -2.264865451993350e+03, 2.356707717728183e+03, -1.631731909756257e+03, 1.244429309848099e+03, -8.588916259792436e+02, -3.241958897651340e+03, -1.653974083670523e+03, -2.565117554427258e+03, 3.404194751364226e+02, 1.653501834013290e+03, 2.023309063925705e+03, 1.875429830064932e+03, -5.890163988621405e+02, 1.472499641560033e+03, 7.889917142846842e+02, 8.461922900046935e+02, 1.106853919823465e+03, -8.730670126094750e+02, -9.326402313381815e+02, 8.169445338335892e+02, -2.745151751669190e+03, -1.125391342759802e+03, -1.836988316539060e+03, 2.070809573636394e+03, -3.639331320147413e+03, 1.020398791466253e+03, -2.125095924729211e+03, 2.191186195874498e+03, -5.475759527854888e+02, -1.396855424208524e+03, 9.076211400869147e+02, 1.955782919631562e+03, 3.920710849907579e+01, 1.056193295433021e+03, -1.528280743860427e+03, 3.503777321787119e+03, -1.831756496135101e+03, 1.474532810878786e+03, -2.331934518968736e+03, 1.530212572978444e+03, 2.223143443031583e+03, 7.253089006389358e+02, 2.261378461020558e+02, -8.177623665490738e+02, -7.535256849805702e+02, -1.148890471934133e+03, -6.647194699931096e+02, -3.781694312641219e+03, 1.992768873990767e+03, -6.785879314018649e+02, 3.905468124652661e+03, -2.018980999502135e+03, -2.785297148479693e+03, -1.310170252831200e+03, -1.313999950718932e+03, 2.135092236237941e+03, -9.465223252763540e+02, 1.690861205987772e+03, 1.404474551966658e+03, -1.377267226357830e+03, -1.750122723102603e+03, -1.297024375389304e+03, 1.872507213946676e+03, -9.895202308998381e+02, 8.288351599805228e+02, -1.123994886269518e+03, 1.542384875304873e+03, 1.187415156364605e+03, -2.309894993500619e+03, -1.224877081991472e+02, -1.778133880030967e+01, 1.218553379425288e+02, -6.665709615725306e+02, -6.542879903791451e+02, 2.299734372740878e+02, 2.045459128980065e+03, 1.859377008027742e+03, 1.327135239407990e+03, -5.682178179062527e+02, -3.787903660832951e+02, 1.954909900869106e+02, -3.978084118879911e+02, -5.015156598176002e+02, -1.247965418335637e+02, -9.407722387053470e+02, 1.263303584831464e+03, -2.801593066977907e+02, 1.198355077436445e+03, -4.399987387564645e+01, -9.342919562559982e+02, 1.462197697644476e+03, -6.569556169691085e+02, -6.803658836852250e+02, 2.169855850538321e+03, 1.085168528971876e+03, -8.883114467379097e+02, -1.098723523461657e+03, -1.381513007498654e+03, 4.446560556024024e+02, 4.731528068674314e+02, 1.293378830886045e+03, -1.091332688644433e+03, 1.084574863885651e+03, 4.875989849798673e+02, -6.890433975322885e+02, -7.205424371564209e+02, -5.051240557343796e+02, 1.224347272040478e+03, 1.422178583688030e+03, 1.652617594417544e+03, 5.543527864494482e+02, -5.046942575812130e+01, 1.218832106871813e+03, -1.085855251524792e+03, 8.044924540417662e+02, 2.541933786055456e+02, -7.523733956965980e+02, -1.479028631650976e+03, -1.205633918927839e+03, -6.236990010427620e+02, 9.239818371812873e+02, 4.441251089467234e+02, 4.724208225202158e+02, 1.809510308524219e+02, 6.873718633991203e+03, 1.669208295750057e+04, -5.374583464336166e+03, -5.563584832525626e+03, 2.778165901094891e+03, -1.266509739168391e+04, -1.030645769502475e+06, -2.510983180780806e+02, 2.814875149318284e+04, 6.622241006804157e+03, 7.331805943867810e+03, -1.406078550187535e+04, 5.018264985911028e+03, 8.049864621727877e+03, 3.197529627200978e+03, 4.974374280284077e+03, 7.580000489427272e+03, 3.540949411876838e+03, -2.429655649541348e+03, -2.503706534475042e+03, -5.773771382323745e+03, 3.731266905037342e+02, -4.152722176336690e+03, 3.570579471241430e+02, 1.571193705632042e+04, -1.889108505578971e+03, -8.984793545181450e+03, 1.560080008867030e+03, -1.260046750311036e+04, -5.121651447548495e+03, -8.183800223880461e+03, -3.049688238676071e+03, -1.815093578957742e+03, -7.535357853594549e+04, 8.153245160936769e+03, 7.963129207467031e+02, -1.845278963607121e+03, 1.176387438947291e+03, 7.501138797184907e+03, -1.597406612498887e+04, 1.026653155933476e+03, 8.285662096131171e+03, -7.934464060438968e+03, -2.582256966455862e+03, 2.324413956986235e+03, -3.374398660370881e+03, 1.468228192662456e+03, 2.425170366293858e+02, 8.533453687201859e+02, 9.635107818768842e+03, 4.968732474986344e+03, 1.424598464048441e+03, 3.656961537956807e+03, 7.064533032942874e+02, -3.711977315981530e+03, -5.607896059824519e+03, 3.344984374665753e+03, 3.022737458250901e+03, -8.108834176405208e+04, 1.857588186159465e+04, 3.912758436945115e+03, 2.256850142503535e+04, 4.413637701630460e+03, -1.521268368836160e+03, -1.799420090245418e+03, -1.220550522619915e+03, 6.086424047540040e+03, 2.027304330765426e+02, -2.452408929287261e+02, -1.765114530984964e+02, -2.949678688331562e+02, -1.507912675266019e+02, -5.023489534380176e+02, 2.137833808590137e+02, -8.216008155511547e+03, -1.063483021622876e+03, 3.136487026094102e+04, -1.213133052410733e+05, 2.470913759712515e+04, 3.510396096390882e+04, -1.089679876909362e+05, 4.214672130034689e+05, -2.961676317635550e+04, -1.984763959649363e+03, -2.611799284521384e+03, -3.474788562104297e+04, -5.741445526208965e+03, 3.163131524691114e+04, -8.372037610110436e+02, -2.421080798726055e+03, 2.233865908171252e+03, 2.084570014944487e+03, -1.673000380307671e+03, -1.917654634806925e+03, -1.303517605074836e+03, -8.719926417642174e+02, -4.941671160844816e-03, -7.010473023950820e+00, -1.137066002163257e+02, -5.936739045612942e+01, -1.857250716635953e+01, 3.963969635324511e+01, 5.121696023353834e+01, 6.712472703767902e+01, 2.249930723826263e+01, 3.499563024703257e+01, 3.973473128559878e+01, 3.566130646025830e+01, -1.997709823566549e+01, -1.797345197478376e+01, -2.948521983030863e+01, -1.162444489286039e+02, 3.715415075063363e+01, -2.939824624023104e+01, -2.307046554300070e+01, 6.121484297379529e+01, -5.181927497784397e+01, -3.370718479330838e+01, -3.732939539305119e+01, 1.686924661978824e+01, -2.970151045244749e+01, -4.830294965995928e+02, -5.862716714641488e+02, -3.199398951018500e+02, -5.496382332142938e+00, -1.433621747661984e+02, 1.056304391513922e+02, -1.092884203191719e+02, 5.593551301361939e+01, -9.980085626342456e+01, 1.662809142404984e+02, 1.044346405164915e+02, 2.196166422328341e+02, 1.295158267051635e+02, 3.844504541961398e+01, -9.391765757665853e+01, -1.452516758529138e+02, -1.679816993560381e+02, -3.846009522533117e+00, -1.199590248489620e+02, 6.943745984846357e-01, -4.748284937231270e+01, -5.168054224648661e+01, 7.070628550267840e+01, 7.273595435981476e+01, -8.345208136879334e+01, 1.934509477151713e+02, 1.249048074857601e+01, 1.606073092289216e+02, 3.431990283756765e+01, 1.498861482609595e+02, 4.206914219446460e+01, 7.488030064903789e+01, -3.798179099048048e+01, -6.083248934775821e+00, 1.049457344692950e+01, -6.165110169634255e+01, -1.540361252065863e+02, -5.936530815135587e+01, -4.319058664696431e+01, -2.056081947804723e+01, -1.920175416442819e+02, 8.772134113127619e+01, -5.232048177381773e+00, 9.809921317380433e+01, -6.452817531017376e+01, -7.662111481008982e+01, -2.125990594423593e+01, -1.290067427301137e+01, 5.486778388561189e+01, 7.963045394015465e+01, 1.042417747553712e+02, 6.298083380490635e+01, 1.755335901838191e+02, -1.014122413613184e+02, 3.938526022810657e+01, -1.312313949365537e+02, 7.599474308389965e+01, 9.406599783727958e+01, 6.221708099495869e+01, 5.550732218655736e+01, -1.814140872291552e+02, 3.960156483615966e+01, -5.783448967428546e+01, -8.079176346695620e+01, 3.887139890118222e+01, 3.209243504486594e+01, 3.803585295413085e+01, -9.777818043396640e+01, 5.899508792299005e+01, -5.610796120151606e+01, 2.445359284759224e+01, -8.985432005138082e+01, 7.644813815984955e-01, 1.262067875385039e+02, -1.164405631999323e+01, 3.444304621834810e+01, -1.858028864050814e+00, 4.145024573402842e+01, 6.304018255277259e+01, -1.919697960839066e+01, -3.185086838323882e+01, -5.523161884031486e+01, -1.506452136895822e+02, 4.617435885143043e+01, 5.389436485236490e+01, -5.549567262345955e+01, 6.450078649905927e+01, 5.449508454704823e+01, -4.718391726687410e+01, 6.647386197243854e+01, -1.020003056188283e+02, 1.198107184207591e+01, -3.797833215407229e+01, 2.557974305524128e+01, 9.565055847534370e+01, -1.225647271100745e+02, 6.175981489130768e+01, 4.768718952546981e+01, -1.508553824106891e+02, -8.500531036279575e+01, 5.701280576292450e+01, 9.208893185150987e+01, 1.199424505947132e+02, -3.951238988627211e+01, -3.212391286174307e+01, -4.727104030158149e+01, 8.529906205626042e+01, -6.105246183741144e+01, -5.463786133785937e+01, 3.969812324385961e+01, 4.488657302214101e+01, 3.106959215045291e+01, -5.990865881053205e+01, -1.040673229726779e+02, -8.986331072107299e+01, -3.463203441708509e+01, -3.127769989636683e+00, -5.616839135343538e+01, 7.517270629087999e+01, -5.626377943238989e+01, -1.542339547022079e+01, 5.678709485208528e+01, 1.084666951945698e+02, 9.784680416090755e+01, 3.965992641469010e+01, -7.998495830694750e+01, -3.340156603146580e+01, -4.090078305345520e+01, -1.838596961566502e+01, 4.880463097727238e+01, 1.860717843709870e+01, -4.640575384935944e+00, 5.113934726356715e+02, -3.139778296133651e+02, -9.490064772058582e+01, -7.722702007937490e+03, -3.953815507028008e+02, -2.308800101499560e+02, -1.393923734734348e+02, -1.543278147086551e+02, 2.959674702910133e+02, -1.056304219080114e+02, 3.889146953993544e+01, 9.203842441244679e+01, 1.676402166953981e+02, -4.835557307778581e+01, 1.570561038087275e+00, -1.834403174070845e+02, 8.495673265606014e+01, 1.683902576336987e+02, 1.832366451632635e+01, 1.816014637550590e+02, 1.682964239876586e+02, 3.665177563226744e+02, -5.226044243795955e+01, -3.749325766775016e+02, 3.113606251232633e+01, 1.531999316138995e+02, 3.116781179338375e+02, 3.662499521299491e+02, 1.521080080081702e+02, 1.618748942456955e+01, 6.720168600523309e+02, -3.927865058729568e+02, -1.012355153811382e+02, 1.106298583210869e+00, -7.052633009602243e-01, 6.188237264476140e+01, -2.893181839702422e+02, -2.393439991325129e+02, -9.607318732372055e+01, -3.819712775158945e+02, 8.369745633883659e+01, 2.455816852135231e+02, -5.517641916615049e+02, 6.774262468926239e+01, -1.037581927800825e+01, 6.180029394310487e+01, -3.864672458699262e+02, -9.684952649279681e+01, -2.776795855768292e+01, -7.128037208006398e+01, -1.376992166498589e+01, 7.370578723657657e+00, 7.186978299727200e-01, -5.488404407418686e+00, -1.360501139434048e+00, 1.025646786829261e+03, -3.152403367234511e+01, 4.603839481286379e+02, 4.055221348746259e+02, 2.425260875399457e+02, -1.406582759910761e+02, 1.314538182982821e+02, -1.364056773432485e+02, -2.419628224509231e+02, 4.209823115423712e+01, -6.020473470690170e+01, -4.591455984548455e+01, -6.508654845502559e+01, -3.589327314806155e+01, -8.282992845066894e+01, 6.496617117470032e+01, -3.784047017083763e+02, 6.916693755452831e+02, -5.696536541616171e+02, 2.203310672670104e+03, -2.942826111714578e+01, -5.793448252087427e+02, 1.104996057063414e+03, -4.273910065459921e+03, -5.773730281523880e+02, -3.868880491616208e+01, -5.091455706545025e+01, -6.773512987751886e+02, -1.119236663776006e+02, 6.166391470828936e+02, -1.632163089240750e+01, -4.720009903384744e+01, 4.354882828764786e+01, 4.063450454256686e+01, -3.261529473259139e+01, -3.738451736540706e+01, -2.541061964469261e+01, -1.699752424296284e+01, -1.354830756446141e+00, 1.164867857132305e+00, -1.156930090776074e+01, -1.572591966780570e+01, 4.713289323139366e+00, 1.346392834992283e+01, 1.453444994822657e+01, 1.132324481797284e+00, 6.503735915321197e+00, -1.820455383937341e+00, 2.520196985698504e+00, -1.526214270922296e+00, -2.825685762212432e-01, -1.271547857380952e-01, -4.901745174578275e+00, 1.919875062466943e+01, -2.021494703845331e+01, 5.582059738974389e+00, -1.177563959783023e+01, -6.176525293185632e+00, 6.783264562302260e+00, 2.460806904970555e-01, -1.025772983525940e+01, 5.044704292987574e+00, -1.011762216738312e+01, 8.876341952681166e+01, 1.882862748143096e+01, -2.013975668803040e+01, -5.114119388341648e+01, -1.725642375947328e+01, 1.243785744773608e+01, 1.092966729099522e-01, -8.375393211528440e+00, 2.395426001304780e+01, 7.600333839444616e+00, 4.068393131866923e+01, 5.814774503527727e+01, 5.087924825665264e+01, -4.839866692408840e+01, -3.187711172253409e+01, -1.814882155416927e+01, 2.371554717329404e+00, 2.532032246129706e+01, 6.830781012991731e+00, -1.082043921419454e+01, 4.317058100957638e+00, 6.405167403428821e+00, -1.447606608333249e+01, -1.519604585809204e+01, 1.415439647964571e+01, 4.568608257094253e+01, 4.040238499824893e+01, 4.793237478355033e+01, -8.207051986351938e+01, 3.067322011397160e+01, -5.167246832668641e+01, 1.324313057687065e+01, -2.525278566530143e+01, 3.697456991499614e+00, 1.163452496586229e+01, 1.311546803730779e+01, 2.297799178202529e+01, -3.416509922493329e+00, -1.828362215481027e+01, 3.770240847430933e+01, -4.415824099543512e+00, 2.432855320392828e+01, -3.463106773377459e+01, 5.755292825875917e+00, -1.137239089452087e+01, -1.208599156812610e+01, -1.407693734254717e-01, -3.821591562317773e+00, -9.284404800244895e+00, -1.320059799423387e+01, -1.780657831305130e+01, -1.028780814901980e+01, 3.575947136785020e+00, -6.664725705639632e+00, 2.437272701052504e+00, -2.085383482504545e+01, 1.781030254828898e+01, 1.116996177411910e+01, 7.051939764665975e+00, 8.667074111381964e-01, 2.129352381805074e+01, 2.504401846506256e+00, -1.037065688020350e+01, 4.741589172029621e-01, 1.110661608706286e+01, 1.547234231696265e+01, 7.128432247437043e+00, 4.203184913596436e+00, -2.943166456347718e+00, 4.165626523182708e+00, 1.100484699691962e+01, 5.531646561820650e+00, -1.634053960461317e+01, -7.264305467806804e+00, 4.544322578067483e+00, -7.726450306628386e+00, -1.724350422417084e+00, -3.900215692242009e+00, -8.852476197467757e+00, 2.825785107448364e+00, -3.107962946454937e+00, -2.149171818527277e+00, 3.045383404538643e+01, -7.981661027633269e+00, -1.495095701636084e+01, 1.189230849341942e+01, -1.362369118376568e+01, -9.191953290902129e+00, 8.159097707245207e+00, -1.150395916543740e+01, 1.176261165148646e+01, -2.489338222180518e-01, -6.371403038281186e+00, -6.144693362520223e+00, -1.578711556514913e+01, 1.593006737736047e+01, -1.011731144842894e+01, -5.244405912572665e+00, 5.845826419682148e+00, 4.935679844035834e+00, -3.823172728893434e+00, -1.343033875833609e+01, -1.382154225680409e+01, 5.016705255034987e+00, -1.325941026603851e-01, -6.064302119737942e+00, -8.963038460558037e+00, 4.709678918544364e+00, 8.074956730001565e+00, -2.464182935948173e+00, -3.488915231515251e+00, -1.138340208522478e+00, 2.944832404923658e+00, 1.176236068727971e+01, 7.056887096282225e+00, 3.423498389570827e+00, 6.306265147453246e-01, 4.002650596550465e+00, -9.106993981297487e+00, 6.365488865265018e+00, 1.162921560771776e+00, -7.447700607162651e+00, -1.362633360874222e+01, -1.308568031081106e+01, -4.379106094016842e+00, 1.096502182363815e+01, 3.969406975825879e+00, 5.734423960179527e+00, 2.391706398264090e+00, 1.339103061120139e+01, -1.357609132325056e+01, 6.505365090275503e-01, -1.045921959171980e+02, 2.520939861488086e+01, -1.634383316486204e+01, -1.329996557999227e+03, -2.537432456246129e+01, 1.572689248368125e+02, -7.492805323652548e+00, -8.295635202047507e+00, 1.590951156947640e+01, -5.678008590811236e+00, 5.927052251081130e+00, 2.938477804363274e+00, -4.050386557191194e+01, -8.026594939116219e+00, -9.040835104877858e-01, -8.510457731781118e+00, -6.117335535931257e+00, -3.021972482315635e+01, -2.100511613692777e+00, -1.396286029524236e+01, -1.228645466039316e+01, 8.652730541065523e+00, 7.767310071857255e+00, -1.060956501703468e+02, -1.670453815804877e+01, 4.102587983516300e+01, -3.403034515862569e+01, -1.615208988609416e+01, -3.916659318561132e+00, 5.275127377355894e+00, 2.189614145675153e+02, 2.492957137251162e+01, 7.883106079955840e+00, 2.596149288566845e+00, -1.655167481528555e+00, -6.785741318894155e+00, 6.160664291093201e+01, 1.968991560419242e+01, -3.269132199043763e+00, -2.048340894530163e+01, -2.695384218777765e+00, 8.455935241206090e+00, -9.756820529448410e+00, -7.073887738891341e+00, 6.295624396486306e+00, -6.355360969261024e+00, 2.675687914165948e+01, 1.979396488546621e+00, 5.672119021358617e-01, 1.456897053171450e+00, 2.817091198997024e-01, 4.366653266293337e+00, 4.439489853145323e+00, -3.560672828634216e+00, -2.479527852522013e+00, -5.569588581027019e+01, -2.009820053650163e+01, -2.229541713508374e+01, -2.065935018243665e+01, -3.017018448684203e+00, 2.252275633104456e+01, -9.475836044951913e+00, 2.861222704539296e+01, 1.001924835249717e+01, -3.026937644800243e+00, 6.216951648553328e+00, 5.350137390594467e+00, 5.339434104480499e+00, 3.469585209130490e+00, 3.640782519133174e+00, -1.001101817223667e+01, -4.479547499328678e+01, -5.970372753843051e+01, 3.572481858593050e+01, -1.381781240387721e+02, 1.078453433249104e+01, 9.965829649651578e+00, -3.480113166513227e+01, 1.346032944775669e+02, 9.448594289632632e+00, 6.332183015302203e-01, 8.335703318274286e-01, 1.109750264403759e+01, 1.831632666807046e+00, -1.011058273160859e+01, 2.670033636849072e-01, 7.715802369070827e-01, -7.134104023757629e-01, -6.649833254663178e-01, 5.338933322923601e-01, 6.117743970316759e-01, 4.159760321230150e-01, 2.781838191454440e-01, -1.498048496526762e+00, 7.925098154436171e-01, -1.671175125555127e+00, -1.237408944809438e+01, -5.002572735835646e+00, 1.313286928513436e+01, 3.896333426806890e+00, -1.748907361269957e+00, -9.280175080627984e-01, 1.195930653037767e+00, 3.742227541629303e-02, -2.655274084567452e-01, 3.616994628084036e-01, 8.899289152446498e-01, 1.859922197723912e-01, 1.427582378388613e+01, -1.629229587296908e+00, -5.298194417431290e+00, -2.058184109600536e+00, -4.486886893444801e+00, 1.440837297879879e-01, 1.074598627145069e+00, 2.002957923671404e+00, 7.319875976011785e-01, -8.235573979858202e-01, 3.973320555683600e+01, 4.819716725326154e+01, 3.702239474948034e+01, 4.378858165776842e+01, 1.349620544632295e+01, -9.619470092716124e+00, 4.487675224228323e+00, 2.151992417690850e+00, -8.197812006166167e+00, -9.959361782444441e+00, -2.521038596976186e+01, -2.667583352635468e+01, -4.401879233969643e+01, 2.464840890676200e+01, 1.973784366025846e+01, 1.417390902402983e+01, 8.489717030486101e-01, -1.043965817996206e+01, 1.691664527472889e+00, 5.611934305299807e+00, -6.658349059614384e-01, 8.498852606179573e-01, 5.042980561934773e+00, 3.584072155536826e+00, -3.771110059680663e+00, -1.819808340058079e+01, -1.888317252743700e+01, -2.603488076565001e+01, 2.770286294171583e+01, -8.879390901220587e+00, 1.629575199994983e+01, -3.033172640641380e+00, 1.013242444190537e+01, -2.742790233843228e+00, -3.398041009446042e+00, -1.366372534271808e+00, -3.878191094315347e+00, 2.161425784713770e+00, 5.698023416984362e+00, -1.089735561820896e+01, 3.802553297506302e+00, -5.610296258324742e+00, 1.126942436096348e+01, -4.082155166969356e-01, 4.759307877117423e+00, 7.208019575163019e+00, -5.412943008097975e-01, 2.830376687080352e+00, 1.160442384271492e+00, 2.702195747520207e+00, 3.033239908404616e+00, 1.983839988045625e+00, -1.095670184671634e+00, 3.824202528895516e+00, -1.801639831337495e+00, 4.612757231856291e+00, -8.657158000352446e+00, -5.299610745624347e+00, -4.216555837653252e+00, -2.605593725466240e+00, -3.652865483469146e+00, -2.546715007513812e-01, 4.055885291448049e+00, 1.495031887127557e+00, -2.419269930825036e+00, -5.949913500810132e+00, -2.985363196215290e+00, 7.209268513368383e-01, -3.659215702208005e-01, -5.126662341618684e-01, -3.351032698122447e+00, -2.746110621120444e-01, 5.393305014224202e+00, 2.179430989618961e-02, -1.020161455346030e+00, 1.566771273039917e+00, 4.866019597567444e-01, 9.756309519114738e-01, 2.085843879049568e+00, -6.791244138409573e-01, 8.211648833385451e-01, -6.339831320937670e-01, -9.261407870506247e+00, 2.308708980527218e+00, 4.871337222132607e+00, -3.191180824352383e+00, 4.148826123927193e+00, 2.658385839224054e+00, 2.980963479681730e-03, 3.597742283463697e+00, -1.230936707814403e+00, -1.185928483012387e-01, 4.427102110992112e+00, 2.022361691636849e+00, 3.143510504744791e+00, -3.015080070407133e+00, 2.285586712860968e+00, 8.833698804726640e-01, 9.331952485844475e-01, -4.748943489657917e-02, 9.665580773867473e-01, 3.224749905231686e+00, 2.481312352822071e+00, -9.692846205919963e-01, 4.351316491844481e-01, 2.504745747895178e+00, 2.618306380959392e+00, -3.209601470212718e-01, -1.721919450161247e+00, 1.359683038803825e-01, 4.101609188486672e-01, 8.098021450153471e-02, 3.065416563624141e-01, -2.127273125472570e+00, -1.085107003518581e+00, -7.164026254457754e-01, 1.892993087523323e-01, -1.109416418614364e+00, 2.147445439233373e+00, -1.527071315886605e+00, -3.464644226956774e-01, 1.729828041594250e+00, 3.600683637453585e+00, 3.099172772291279e+00, 1.182752200797304e+00, -2.558847742398387e+00, -9.453565066799371e-01, -1.229562799640857e+00, -5.346839153908673e-01, 1.636231765341433e+00, -4.760042451203794e+00, -1.752915533408260e+00, -2.775874324137630e+01, -4.610274182174455e+00, -1.225129687338596e+01, -9.969772603729175e+02, -4.077535662651179e+00, 4.437346893680990e+01, 2.194049373312686e+01, 2.429120428668744e+01, -4.658550761193316e+01, 1.662624989312708e+01, -5.177479543474037e+00, 2.431046855608666e-01, -3.329635791900400e+00, 6.655503468588496e+00, -3.172162770626334e+00, -5.627977423323998e+00, -2.313881763695481e+00, 1.225971276561953e+00, 7.696348371243643e-01, -3.578700322981874e-02, 1.370825730895958e+01, 2.445150504353907e+01, -3.271365956648393e+00, 2.938479599656655e+00, 4.168375159901688e+00, -7.538005818749629e+00, 9.682344689573371e+00, 1.688938377188449e+01, 1.368280446934705e+01, -1.621546408496407e-01, -6.734636177268171e+00, -1.016213578868044e+01, 3.468481673462986e-01, 2.285501444823154e+00, -1.457110664381830e+00, -1.224486573159970e+01, 9.267506820771931e+00, 1.638181495588495e+00, -5.027892585401844e+00, -2.336441584251106e+01, 4.893920940096123e+00, 1.411019971608845e+01, -3.594581199975515e+01, 9.786381821319445e-01, 5.926308580695956e-01, 1.571517054041129e+00, -9.029714053790274e+00, -1.619164814863242e+00, -4.643357658503999e-01, -1.192988286634367e+00, -2.307393061043793e-01, -5.290416759609053e+00, -4.364584802095901e+00, 3.988421042066626e+00, 2.431532918760597e+00, 8.772663421654767e+01, 2.282702824210116e+01, -3.552471895327519e+00, 3.840326390777546e+00, 2.499855953692649e+00, -1.614063383592517e+00, 8.321845689199493e-01, -1.483008980151200e+00, -1.714706476832635e+00, -2.996517653039329e-01, 4.434728068306049e-01, 3.216262940056983e-01, 4.742550066144852e-01, 2.655549090900978e-01, 5.410108888854643e-01, 4.904036682413056e-02, -3.911205167275143e+00, 4.355906723350670e+00, 1.255440896365908e+01, -4.855786936091044e+01, 1.752484760752697e-01, -1.825684806204027e-01, -4.029265796416660e+00, 1.558459711927364e+01, -8.064945816097191e+00, -5.422843069786153e-01, -7.122788791509013e-01, -9.462758129443699e+00, -1.568444238261895e+00, 8.636043755271313e+00, -2.286437000823565e-01, -6.612075311554750e-01, 6.092612841467712e-01, 5.689186145163821e-01, -4.567485671838797e-01, -5.233698308566457e-01, -3.552919363405568e-01, -2.378470218856852e-01, -2.113619170499996e+00, -4.975941194166228e-01, -4.837347599765522e+01, 1.250821697709622e+01, 3.582423789236541e+00, -8.819860388073966e+00, -4.149792014367072e+00, -1.354349107571574e+00, -1.211820860398364e+00, 2.451875853323132e+00, 3.389396995017545e+00, 2.702456422796633e+00, -6.011940584201333e-01, -1.116061329335861e+00, 3.548041019258976e-01, 1.536952750804775e+01, 5.661185497762238e+00, -7.900076281685328e-01, -2.507887614323137e+00, 2.863322278708979e-01, -8.461597341244573e-02, 3.356752548277827e-01, -3.374237514443820e-01, 2.945334484145786e-01, -7.451937526702445e-01, -1.045652516351440e+01, -4.263421425217665e+01, -1.209667058843328e+01, -6.994307045768238e+00, -3.569629374565753e+00, 4.646746297173212e+00, 5.647052834968168e-02, -4.087009203558876e+00, 4.603855543999097e+00, 9.203540812772133e+00, 2.092333037431320e+01, 2.048929451450091e+01, 1.169547071027717e+01, -5.955333513659446e+00, -7.118282019972187e+00, -3.128763079100175e+00, -5.086847862112975e+00, 5.273020440369900e+00, -2.900385537334360e+00, -2.593516431208598e+00, 6.652524271238759e-01, 3.009591646870114e-01, -2.849902466807283e+00, -2.487102955331875e+00, 1.498455152493605e+00, 5.017135598292287e+00, 1.119926797850036e+01, -3.780378880752841e+00, -2.290296603562119e+01, -8.283759298288368e-02, -1.515985036869921e+01, 1.126622064482987e+00, -8.423051300098628e+00, -7.523056783013867e-01, 2.008824047262336e+00, 3.335851650658298e+00, 2.753133339647322e+00, 5.450307363977536e-01, 4.678512951994090e-01, 1.031367619043501e+01, 3.317133106745423e+00, 4.537824638736085e+00, -1.127175025538780e+01, 5.085566228871030e-01, -3.666736255228317e+00, -6.028475114744976e+00, -3.991524267530405e-01, 4.985210289287240e-02, -1.085938978652185e+00, -2.391895567384009e+00, -2.022497062795968e+00, -7.578309744565472e-01, 1.033334089621596e+00, -3.483565088225892e+00, 1.277032946829014e+00, -7.659490122511584e+00, 4.012542638072484e+00, 4.434908080748992e+00, 2.719682074061235e-01, 4.252773757964239e-01, 2.116450948162149e+00, 1.222924726204228e+00, -4.130226935024643e+00, -5.790118476492059e-02, 4.542917350022897e+00, 4.119798987258527e+00, 2.483148736555939e+00, 2.724409768088839e-01, 1.092938457747255e-01, 1.837556929730678e-01, 3.475662104750582e+00, 3.148285659982318e-01, -3.488847611629208e+00, -6.179458276372738e-01, 6.896782864621653e-01, -3.112099779695857e-01, -2.301076631109154e-01, -6.375687753309649e-01, -1.447812572827990e+00, 4.322579740867805e-01, -5.827677287089690e-01, 5.125694150729981e-01, 3.521089408239308e+00, 2.007297683020799e-01, -2.437902120889928e+00, 4.878056767661365e-01, -1.625515874194430e+00, -8.097755380240466e-01, -4.144789511288210e-01, -1.362734201950857e+00, 5.808121120105900e-01, 3.764773578969115e-01, -3.699781372493577e+00, -1.175937718044719e+00, -1.722222730362950e+00, 9.733529803799924e-01, -4.318897803726678e-01, -3.817354171021336e-03, -9.213328386958388e-01, -2.524398798666204e-01, -1.857758482187245e+00, -1.850160388304822e+00, -9.003425080136807e-01, 1.421095000516200e-01, 1.669937954725113e-01, 7.780224243159238e-01, -1.819133215859858e+00, 6.523393567340489e-01, 1.154220190007697e+00, -4.981676500325383e-02, 1.259337526765535e-01, -5.309758164371846e-01, 1.302121774425294e+00, 1.387403827934130e+00, 1.260521485375297e+00, 5.550385054099252e-01, -4.765355610207516e-01, 9.783768968407467e-01, -1.175629828309301e+00, 7.486940090204036e-01, 9.460695743809217e-02, -7.561654823385622e-01, -2.028998337238537e+00, -1.322159176361960e+00, -4.539766553255416e-01, 1.265346674555974e+00, 2.884042270375761e-01, 6.514564036549729e-01, 1.248991041614984e-01, -5.786149779184160e-01, 1.305760037485986e+01, -1.195375141802263e+00, -4.026542887931316e+00, 8.781987011581827e-01, -1.154653352660453e+01, -9.396010941030527e+02, -1.345921567514913e+01, 1.560026956837708e+01, 9.045197290748741e+00, 1.001447402813686e+01, -1.920538174931833e+01, 6.854383418395885e+00, 2.641249938965723e+00, -1.010778690959282e+00, 1.099628591859177e+01, -4.005592981319650e+00, -7.837924885879112e+00, -6.416682293582714e+00, -8.986382664632623e-01, -5.161496414755757e+00, 8.198638480504117e-01, -2.772512285522716e+00, -2.775934848072023e+00, -3.783497455258811e+00, 6.710923532038487e-02, 1.872979201469807e+00, 4.208237126111665e-01, 2.309324805015398e+01, -5.943203606931785e+00, 4.940462014143796e+00, 3.312175899396367e+00, 7.539855599915063e-01, 3.127896234979896e+01, 4.811616686587912e-01, 1.851880550979060e+00, 2.496833641711693e+00, -1.590923174628643e+00, 1.516059556640015e+01, 4.189070194416384e+00, -3.391647495988770e+00, 1.183317537145864e+00, -1.016182550456794e+01, -3.307071023479236e+00, 5.896871891548684e+00, -9.322092408645950e+00, 1.625798201036210e-01, -1.618485371034604e-01, -2.567829498240942e-01, 1.259381289243996e+01, 5.070843827791382e+00, 1.453491596026128e+00, 3.730874451445227e+00, 7.206471830945826e-01, -2.220126704386127e+00, -6.664298253961261e-01, 1.325985742615895e+00, 4.212845228439317e-01, 1.496637914925073e+00, 7.885338479350878e+00, 1.276135973367217e+00, 1.390907849867153e-01, -7.908232774117503e-02, -1.461869248156586e+00, -6.416806030212980e-01, -2.381910572219276e+00, 1.011356268179475e+00, 7.647671534381109e-02, 4.894570529672632e-03, 7.837364604576889e-02, -9.088081468378427e-02, -1.755231262333747e-02, -2.074733701205134e-01, -9.630290508858651e-01, 1.715479848844595e-01, -1.547164857154004e+01, 4.378397321583952e+01, -1.693479523600553e+02, 2.374291211392768e-01, 4.053627434778880e+00, -1.864812760742807e+01, 7.212712997508382e+01, 2.650331535308899e+01, 1.776316132113490e+00, 2.342331923270026e+00, 3.112310236529224e+01, 5.146711792508857e+00, -2.830682816270160e+01, 7.499217016535835e-01, 2.165078201427273e+00, -2.002938246148368e+00, -1.866399119223938e+00, 1.499825562309026e+00, 1.717437273795438e+00, 1.167502283811130e+00, 7.807872312449856e-01, -3.817627657272519e-01, 1.242173145800304e-01, 5.903469856349865e+00, -1.013638269182352e+01, -4.547979825287892e+00, 3.827700179014073e+00, 1.593088673671829e+00, -3.193414208617005e-01, -6.928911716410208e-01, -9.541739182509402e-01, -7.716182317932929e-01, -5.349057107774653e-01, 4.842529623506208e-03, 1.074539276897798e-01, -3.936552116513963e-01, 4.414748070134169e-01, -1.215908202690447e+00, 4.229675500917520e+00, -7.317336026310453e-01, -1.178467063082734e+00, -3.810162572701383e-01, -5.815020405980642e-01, -4.135399024889218e-01, 1.238449765461162e+00, -3.922806226581368e-01, -2.115051414970029e+00, 1.273091616319188e+01, 5.850512603339023e+00, 1.094172355903677e+00, 1.624624032850883e+00, -5.034483632719561e-01, -1.785269948310568e-01, 2.395633432537167e-02, 3.226231133768140e-01, -3.021202718975985e+00, -6.535318662867946e+00, -5.477375753490413e+00, -2.584726669710576e+00, 3.541779572284229e+00, 1.691707361962612e+00, 3.840428484575080e-01, 1.184855051627363e+00, -7.540250123379140e-01, -4.088127125998445e-02, -7.200237141729005e-02, -1.796297721684833e-01, -2.369459353179978e-01, -1.800201842235209e-03, 1.482292391634407e-01, 7.308614326271040e-02, -1.558486626305464e+00, -2.144133309114540e+00, 1.679868685249657e+00, 3.819673731780420e+00, 6.141906457160313e-01, 2.010124886220124e+00, 1.045497454137395e+00, 7.011421265347036e-01, 1.455448389224899e+00, 8.605270179143651e-02, -1.057568941169246e+00, -3.428570786868377e-01, 4.090655727493660e-02, -2.408866261398621e-01, -1.654531263461167e+00, -7.805294130488746e-01, -3.631830561171842e-01, 1.436606836627201e+00, 2.005349048046554e-01, -1.994690126847419e-02, 3.119617790106740e-01, -5.216567506813427e-01, -6.890206809735403e-01, 5.930291503082967e-01, 3.707798401786577e-01, 4.520396769744952e-01, 1.921210641678895e-02, 4.953808524049982e-02, 4.062671440178610e-01, -7.927401947764504e-02, 5.108736862722505e-01, -1.776008499782827e-01, 1.320140702376647e-01, 2.984136543182121e-01, 3.801729396378673e-01, -2.232119923452126e-01, -9.291484710986936e-02, 2.349627429562315e-01, -8.792811776846302e-02, -2.997303042835940e-01, -1.181966158244056e-01, -7.400490503299625e-02, -3.211143001284598e-01, 9.604585602686282e-02, -8.223531754360953e-03, -2.252134538447394e-01, -1.863571954699836e-01, 2.807841570885631e-01, 2.346339929945012e-01, -1.170492177558497e-01, 3.175625242695605e-02, 1.063421491117776e-01, -1.134929539950132e-02, 8.026467178008123e-02, -2.117976787933744e-02, 3.708663723436412e-01, 2.154402086574324e-01, 2.508025053128903e-01, -3.769158435137382e-01, 3.498399045776832e-02, 2.228803422772436e-01, -1.566325103314139e-02, 7.653622479820365e-03, -2.723788581222238e-02, 1.028994257101650e-01, -1.088976218170958e-01, -2.039130244856115e-01, 2.085306984786956e-01, 6.064210633211584e-02, 1.446821609886602e-01, -1.675205804582935e-02, -6.039320400167576e-02, -5.171528953853120e-02, 1.783505322822924e-01, 1.333870988160373e-02, 9.580324055645530e-02, 1.143776657631993e-01, 1.178376830965847e-02, 2.002663418157096e-02, 7.846815803621060e-02, -2.692375972321849e-01, 4.695942017298253e-02, -1.906975075929868e-01, -1.934314551670576e-01, -8.109901474000271e-03, -4.050905160168095e-02, 1.121588345188146e-01, -4.249651205545005e-01, -2.051733804036316e-01, -2.029742870229340e-01, -2.947325979432416e-02, 2.619565769007814e-02, 8.141757836751608e-03, 9.172023253731634e-02, 9.865627736465878e-03, 4.890937999415865e-02, -6.573181837798434e-03, -2.919580214205728e-02, 7.709174323207195e-03, -5.077854741293018e-02, -3.570629967115718e-02, 2.435716929899068e-02, -3.709373042908362e-02, 1.431336265385145e-02, 3.806488959642875e-01, -7.306166784134606e+00, 8.057394909103603e-01, 4.704174869507949e+00, 7.863751818726987e-01, 5.171242164952577e+00, 4.208215892962380e+02, 4.070871785067139e-01, 9.480452002902561e-01, 1.376654505376231e-01, 1.524148283611441e-01, -2.922184173998815e-01, 1.042889236997332e-01, -8.762044451060140e-01, -1.652687962202035e-02, -2.044469342341825e+00, 7.836791167211059e-02, 1.949107378846411e+00, 2.059711741293595e+00, 1.966517657035618e+00, 1.028431907417622e+00, -1.301217977751279e-01, -1.209854638397424e-01, -7.300577623808208e-02, 4.489072523373503e+00, 2.051186559460902e+00, -1.318430057957483e+00, -7.359154089080380e-01, -3.442630830584783e+00, 2.680743080300311e-01, -4.744449351704821e+00, -2.565253336167020e+00, -2.104464493356816e-01, -8.739855598789505e+00, 7.191736349208584e-01, -1.345922590516317e+00, -1.119690174493796e+00, 7.139562698082390e-01, -2.157341658757408e+00, 5.986411532663988e-01, 1.573019695744722e+00, -1.476893217669786e-01, -5.714112785430319e-01, 4.533297196434335e-02, 2.005975413994417e-01, 5.620050532575642e-01, -5.462184948930477e-01, -4.507840159878088e-01, -4.365551261587009e-01, -8.484524595541914e-01, -1.086569581503689e+00, -3.117432831144799e-01, -7.989778246519136e-01, -1.545705076755733e-01, 6.001501784071045e-01, 3.582028791333680e-01, -4.178027257289169e-01, -2.069832025723145e-01, -5.200596423678570e+00, -2.421518061965336e+00, 7.586560749045457e-01, -7.382340225175410e-01, -4.107522152617263e-01, 3.839900077052657e-01, 2.508078050616135e-01, 4.095128257390345e-01, -2.780662035371401e-01, -3.086338692762143e-02, 3.557721399032503e-02, 2.286445257925330e-02, 4.534285752249492e-02, 2.260818479708131e-02, 6.612280582555297e-02, -2.005574023361124e-03, 2.230493379449646e-01, 1.126711653649429e+01, -1.150418053888507e+01, 4.449609508129383e+01, -1.548226252062620e-01, -1.691031413886026e+00, 3.503204474569275e+00, -1.354979525397535e+01, -1.860410306316511e+00, -1.250877125645765e-01, -1.646542483791767e-01, -2.183390165118972e+00, -3.609897759050271e-01, 1.993227789942385e+00, -5.259969013032700e-02, -1.524415936526319e-01, 1.404432604204087e-01, 1.310346983761206e-01, -1.051557147109812e-01, -1.206329224625964e-01, -8.201249311787592e-02, -5.499786426544358e-02, 8.552972878114871e+02, 3.771012239756342e+03, 6.873718257725487e+03, 7.236298599627945e+03, 1.669208154278501e+04, 1.683286462893557e+04, 3.002145683223388e+03, 5.374581581593634e+03, 8.578330122784258e+03, 4.268982542646638e+03, 3.529417359071889e+03, 8.049864273620842e+03, 1.098368873255159e+04, 1.105572949170105e+03, 2.882216573429271e+03, -2.629208668822381e+03, -3.197528706402051e+03, -7.334908457302537e+03, -1.484084157713568e+03, -8.907299497481927e+02, 1.275126465512784e+02, -3.638885951200964e+03, -7.685962216845115e+03, -9.974098784485876e+03, -4.338243693231881e+03, -5.854177533326117e+03, 4.855999031074252e+03, 1.152311293341137e+03, -3.480162602081342e+03, -4.068611188232056e+03, -5.870792239494543e+03, 8.091512757443533e+02, -2.311483102058403e+03, 3.376855585314643e+03, 4.027591119797680e+03, 2.800996656729865e+03, -1.821167734491411e+03, 7.859412229150349e+02, 5.996090093079481e+02, -1.841522164340705e+03, 2.441007394547048e+03, -1.814111944172863e+03, 3.865274773913219e+03, 4.249718767964495e+02, -1.586819467617250e+03, -1.896905876276482e+03, -5.030840282213316e+03, -3.454911697561320e+02, -7.396955338568453e+03, -1.763399496151874e+03, 2.081160565425147e+03, 2.177908572668436e+03, 4.278739639895052e+02, 2.971355464263627e+02, 2.134465714178402e+03, -2.674434292712190e+03, -5.536003297330402e+03, -6.344090556696007e+03, -4.737378889763008e+03, -4.385340809215554e+03, 1.766043733168324e+03, 7.541113202645813e+03, 1.766184781791757e+03, -1.572857066954268e+02, 1.340384719777786e+02, -4.999733888810230e+02, -2.148308213739159e+03, -3.398463435454897e+03, -5.461511629145208e+03, -1.477931554844401e+03, -9.767851820194379e+02, 9.713949820003832e+02, 2.757481558875132e+03, 5.625035214196708e+02, -1.838534946754482e+03, 6.701887684691068e+02, 8.841142128617021e+02, 6.887016560468815e+02, 2.045459182931325e+03, 3.724676517011237e+03, 1.019760909152750e+04, 1.900586237360665e+03, 9.164349653351110e+02, -6.081054049438054e+02, -2.309159257469995e+03, -8.812029946655969e+02, 1.824464597316554e+03, 7.123268771525995e+02, -3.431335583771701e+02, -4.987028167178425e+02, 1.643301694828018e+03, 1.859377090804774e+03, 2.415363518841725e+03, 2.191230978046142e+03, 1.714804152558216e+02, 2.956761308909334e+03, 2.572484252615945e+02, -8.909928991350668e+02, -9.786845335772236e+02, 1.312813603773141e+03, 3.577662073007984e+02, -7.292674934707634e+02, -1.025458071562769e+03, -2.695378722482897e+02, -3.510007791571902e+02, 4.080125356417938e+01, 1.838920166870908e+01, -6.185360185973993e+02, -3.882087642122999e+02, -3.320532448462425e+02, 1.710144263767778e+02, 2.561659064562096e+02, 2.436531662880485e+02, 9.806509647334316e+01, 7.043382424134052e+01, 2.916563342637625e+02, 1.131850040778927e+02, -1.733361310972992e+02, -1.653531778185559e+02, -7.010472737398794e+00, -8.103182128062546e+01, -1.603987121678772e+02, -3.550995905071769e+03, -1.042486459371033e+03, -1.523162818417397e+03, 1.205723282266640e+03, 1.812551677156746e+03, 1.385256176284953e+03, 6.954274680212447e+02, 1.349076039458444e+03, 1.090022223388422e+03, 7.630726778339896e+02, -7.344731606614046e+02, -8.963461172646684e+02, -2.948516824275787e+01, 4.880463306884015e+01, -2.008659655777838e+02, -7.989096704922784e+03, -1.346615578637570e+04, -7.424574487789809e+03, -9.005949558740549e+03, 2.057137806011885e+03, 1.793480478364437e+03, 2.515161495831241e+03, -3.321991367388986e+02, 1.482166497703058e+03, 3.003705852232553e+03, 1.779670739317049e+03, -1.110142068509705e+03, -1.648206691754134e+03, -1.162445303898385e+02, 1.860713751245887e+01, 1.261300015996579e+02, -5.808327665171262e+02, -4.420750248544713e+02, -1.586887110028095e+03, -5.271484707780410e+03, -2.030765710038956e+03, 1.986079524353954e+03, 2.145923027104741e+03, 7.779458054246700e+02, -6.133992654198278e+02, 1.129756405999372e+03, 1.358150014197505e+03, 1.047340641615126e+03, -1.085539707713466e+03, -7.122247090710389e+02, -3.715403208639498e+01, 4.640581853973107e+00, 3.840713693925882e+01, -8.985838796116610e+01, -1.621997944219228e+02, -7.919419344907951e+02, 1.496868701112548e+03, -4.551180355764704e+03, -4.967907067828780e+03, 1.855051659811096e+03, 1.976675308354571e+03, 1.102480468562995e+03, 5.920156928634744e+02, 1.170581246713990e+03, 1.439048899220869e+03, 1.755150379707847e+03, -1.086528124696316e+03, -7.418332548909019e+02, -2.939843730300546e+01, 3.889158869017223e+01, 2.493880886551187e+02, 9.845537888697669e+01, -4.210918636500802e+00, 9.583867618663096e+01, 2.239243553342724e+03, 2.418151160468300e+03, 2.611538081407879e+03, 2.163502941117820e+03, -1.374949831563691e+03, -2.105486780155714e+03, -6.272827789040317e+02, -2.440986520038556e+02, -1.104556973730261e+03, -1.177209605164645e+03, -1.670108487285497e+03, 5.167868927403097e+02, 5.612348804673628e+02, -2.307042426593119e+01, -9.203853122783553e+01, -2.990603740726590e+02, -1.668577529670982e+02, -8.356042089321554e+01, 3.023527472430769e+01, 1.174120560910902e+02, 1.763975107580285e+03, 4.139433000551459e+03, 2.939045640661984e+03, 2.705770486931213e+03, -1.869834823665388e+03, -2.597404472264972e+03, -1.202242587705928e+03, -6.913107945566311e+02, -1.558946630605865e+03, -1.849994013274681e+03, -1.281813886327275e+03, 1.454035250198597e+03, 1.071465691990589e+03, 6.121485803880095e+01, -7.193962449613225e+01, -1.114842277182530e+03, -8.330355313226086e+02, -3.926033704867268e+02, 3.847554039813339e+02, 4.517693694169720e+02, 2.658647203644881e+02, 1.441446393193006e+03, 3.159125440828176e+03, 1.694654250296034e+03, 2.266414922266226e+03, -1.820753897674792e+03, -2.621034945110564e+03, -1.511043431168618e+03, -7.435896500451653e+02, -5.900987437664002e+02, -1.589152921897765e+03, -1.273583526815482e+03, 1.528896461494906e+03, 7.371862451816760e+02, 5.181922863019443e+01, -9.204265094625462e+01, -8.190468285774612e+02, -8.717326385182782e+02, -5.108549147711904e+02, 2.354672331825236e+02, 4.667992447285615e+02, 1.863271788624622e+02, 2.675200999904299e+02, 2.122518227031139e+03, 3.272377533908783e+03, 8.392786612024750e+02, 1.456388249874865e+02, -8.567866204952865e+02, -1.544419518900339e+03, -2.853891738885968e+02, -6.070715647318647e+01, -1.138329305448700e+03, -8.259254965374370e+02, -7.553343732813638e+02, 6.190745436062057e+02, 5.016476779927887e+02, 3.370705493940148e+01, 5.857323249039153e+00, -9.413978597729314e+02, -2.434795295408939e+02, -2.976873884882093e+02, 1.531776614390890e+02, 2.357424806272936e+02, 2.547069248951890e+02, 1.594268821281993e+02, 1.353724942870729e+02, 9.204768201070943e+02, 2.664938632528111e+03, 1.480750266595773e+03, 1.044778430640511e+03, -8.198016468655466e+02, -1.726836580072086e+03, -1.336593838413753e+03, -1.481671023371740e+02, -8.645646899874876e+02, -1.179960393671395e+03, -1.213253493353052e+03, 6.679525485082874e+02, 7.066057382479929e+02, 3.732932584101786e+01, 2.752036285249000e+01, -6.327670586228627e+02, -6.180747124104604e+01, -1.350902683644002e+02, 1.416296655478877e+02, 2.516167771860506e+02, 2.142123998562315e+02, 1.999418721175027e+02, 7.970931000181506e+01, -1.286738443176563e+01, 1.185827258802082e+03, 2.992857709012803e+03, 1.718210597938235e+03, 1.719209106043110e+03, -9.189537499110863e+02, -1.677843779676838e+03, -1.139380536578291e+03, -7.269068538800535e+02, -9.582931282286751e+02, -1.123986450301893e+03, -1.014961723310030e+03, 1.124505419741168e+03, 9.529884634191118e+02, 1.686924074651424e+01, -2.226521993691080e+01, -8.878496435556917e+02, -3.404442395563742e+02, -3.010195676384063e+02, 3.139558941488928e+02, 3.488996740864474e+02, 2.537380912007895e+02, 1.798257170688607e+02, 3.076889400951640e+02, 1.795623580412652e+02, 1.339539139481172e+02, 6.805443623507973e+02, 2.213159350860040e+03, 1.252621155783568e+03, 5.186388497187346e+02, -2.333822286823428e+02, -1.710846315696282e+03, -1.159523006364145e+03, -5.331736564025754e+02, -2.202275915006653e+02, -9.978691953414435e+02, -6.684682680647054e+02, 7.097269584772381e+02, 9.261061710231808e+02, 2.970154519992782e+01, -3.754567701374651e+01, -4.816664272195885e+02, -2.323202418385890e+02, -3.113439209138244e+02, 1.516095551242937e+02, 2.602272351963554e+02, 2.673737757673928e+02, 1.966589606865289e+02, 2.147122357148738e+02, 2.031196785514496e+02, 6.327727255501687e+01, -3.087967918046711e+01, -8.061021252728896e+02, -2.170875245782200e+03, -4.790986332911626e+02, -6.616415247118798e+02, 9.328194081905311e+02, 1.231124544582648e+03, 5.301819845243992e+02, 9.438008743773425e+01, 5.708765253196329e+02, 6.792996383810071e+02, 6.084057153623430e+02, -9.043373339973178e+02, -4.352775282240739e+02, -3.185083121901158e+01, 8.456366101734979e+00, 8.976923083155189e+01, 4.403954804730354e+02, 2.587541524191863e+02, -2.233337940859407e+02, -2.610490409298946e+02, -1.708330697446251e+02, -1.977260065245886e+02, -1.788448668369219e+02, -2.394819501070234e+02, -1.076273399406047e+02, 1.280463734005817e+01, -9.878339497127362e+01, -5.423858840607444e+02, -4.043567850448612e+02, -5.946891918103017e+02, -8.751310724790611e+02, 2.425680774392100e+02, 7.963379170558695e+02, 6.264297616649276e+02, -2.751595845446240e+02, 2.654296434807939e+02, 4.834950318902112e+02, 3.137567070063764e+02, -3.176477866780027e+02, -1.846851610800392e+02, -5.523163062444289e+01, 3.457105872364422e+01, 2.241731298953643e+02, 3.556194585849523e+02, 6.894479374743108e+01, -1.772639005614231e+02, -2.120724600124218e+02, -8.318803068885542e+01, -1.013490089313970e+02, -9.587338899689475e+01, -1.235103928710022e+02, -8.502759934272564e+01, 1.239660183986286e+02, 3.567481078492299e+01, 2.887134278514042e+00, 3.919877788219011e+01, -1.037295863009256e+03, -1.811681272976297e+02, -3.394589024181101e+02, 2.700811875775883e+02, 1.481029042029573e+02, 4.155394111210761e+02, 2.351664245621392e+02, 1.190665800814160e+02, 3.192513297576896e+02, 1.762710057967329e+02, -1.481958495989742e+02, -1.548214647118453e+02, -1.822871772939046e+00, -1.534655348999433e+01, -1.114244925868187e+02, 1.012032138684217e+00, 1.010794695015066e+01, -2.326802404073943e+01, 1.384856351508341e+01, 1.798353299899116e+01, 1.592865911410648e+01, 3.125466008041880e+01, 1.577952026973433e+01, 2.485451984688531e+01, -1.059663269824149e+01, -5.779938343108455e+00, 1.164868563084728e+00, -1.411939487985127e+01, 5.104589439887446e+02, 2.662167195015392e+02, 3.323309721014334e+02, -1.376178226917477e+02, 6.802107293185564e+01, 1.231698324587606e+02, 2.003885173381810e+02, -1.123667534317683e+02, -5.364344596818660e-01, 7.378183675910249e+01, -5.547744011567418e+01, 6.250551621865993e+01, 5.128100157092506e+01, -1.039263318734033e+01, 4.616258945343577e+01, 1.245243544990195e+02, 3.687169087586984e+01, 3.213753045179676e+01, -8.503596117778677e+00, -4.006044001920612e+01, -1.188683824987670e+01, -9.172803235105585e+00, -1.717264981884965e+01, -3.540897165215925e+01, -1.431421816874585e+00, 2.521411314566206e+01, 1.771285660439143e+01, -4.901741365938855e+00, 1.339100942748640e+01, 2.339720992174538e+02, 1.398708289413106e+03, 1.377672495177394e+03, 5.985365591119510e+02, 9.271214016241119e+02, -5.087143838294077e+02, -1.628474327325145e+03, -1.517400035231901e+03, 5.680036522702890e+02, -5.837546077423285e+02, -3.400839174026310e+02, -3.016580934375070e+02, 3.955968008125026e+01, 1.160875378139050e+03, 3.261464707481693e+01, 3.072821857380804e+02, 2.333325384045670e+02, 2.285480410863775e+02, 2.166925635574277e+02, 2.012566253919742e+02, 5.054237376887731e+02, 1.047099167014786e+02, 3.846195119942183e+01, 1.139774090287752e+02, 1.204299067227254e+02, 1.009784143804631e+02, 6.441446616933392e-01, -1.214813115068119e+02, 1.919877439675691e+01, -1.357613348939551e+01, 2.172233341910880e+01, -7.044337533100169e+01, 9.136623627602035e+02, 2.394754240758444e+03, 1.037726840386577e+03, 5.650409942614294e+01, 9.070624557847165e+01, -6.541104492546867e+02, 2.823064614408030e+02, 3.726191649561287e+02, 4.704944629637694e+01, -1.279355929757903e+02, -6.645675752134630e+02, -1.417430230451233e+00, -4.816748841419874e+01, 6.644011129662434e+01, -2.260413655073690e+02, -4.240887660219873e+02, 5.065199585833827e+02, 3.859873216095116e+01, 2.398724308127227e+00, 2.637712881549222e+01, 8.534973163589481e+01, 8.831520528159072e+01, -4.293640362875351e+01, -4.562070398922685e+01, 8.572577812037758e+01, -1.210968461011607e+01, -5.280877590736740e+00, 2.021488839513187e+01, -6.505649214212121e-01, 7.059916468005758e+01, -4.830204795989544e+00, 1.085197185894037e+02, -1.671333253645868e+02, 5.027049952713026e+02, 1.001845210238414e+03, 2.301709884995531e+02, -7.218999160443858e+02, -8.551264536642548e+02, -9.262251511975464e+01, -3.871027477926808e+02, -3.859262800964333e+02, -1.587748819504151e+02, -3.830811062123019e+02, 1.149542778240321e+02, -1.343898477763999e+02, 8.332621907946848e+00, -6.033515426922600e+01, -2.685349366256756e+02, 8.258800685749478e+01, 2.327307762685913e+02, 2.671821642992629e+00, 1.280560341739391e+01, 2.579818856250865e+01, 2.758655395208169e+01, -1.480342870830794e+01, 1.913661154710002e+01, 5.136791781455633e+01, -9.834732355891322e+00, 3.886169673197529e+01, 5.582087626315228e+00, 5.927113618201104e+00, 5.785863502465575e+00, -9.757619506963334e+00, -2.915707905341556e+00, -6.131541051501988e+01, -3.140921148859152e+02, -1.029203117425883e+03, 1.067616648938252e+02, -3.164873340489758e+02, 2.888655570511523e+02, 3.364772770554836e+02, 4.259735406420341e+02, 4.339732731180856e+02, 2.051499922088375e+02, 2.434214642536613e+02, 5.018316601875672e+02, -1.427505863093959e+02, -2.650459111448132e+02, -1.312774394107104e+01, -6.206905190851061e+01, 3.225435928482443e+02, -9.556007409582639e+00, 1.662814738624136e+01, -8.720765767609016e+01, -1.280880164011752e+01, -4.125522414324641e+01, -9.786729463835075e+00, 3.700452103301010e+01, -1.086914426322311e+01, 3.037691300475614e+01, 4.869139636105110e+01, 3.086839086880376e+01, -1.177569757050684e+01, -2.938426473730170e+00, -8.292901174234234e+01, -5.497138022223756e+00, 1.386647610803383e+01, -2.898536066435892e+00, 2.471692450539390e+01, -6.522107604317679e+02, -7.288841056042752e+02, -6.348309747047791e+02, -7.121608539997334e+02, 4.762330567337173e+02, 5.144293546420400e+02, 3.524853290941321e+02, 3.628334080350888e+02, 4.845886999102350e+02, -1.158234135034484e+02, 2.389229557433719e+02, -3.856275696244473e+02, -4.939050271963349e+02, 9.134235777250266e+00, -4.692705168903522e+01, -4.628038431921820e+01, 4.537347587879324e+01, -3.454570959111484e+00, -1.351552235704268e+01, -6.842577902517804e+01, -3.249359258396581e+01, -7.912457122177284e+01, -1.971298722302858e+01, 2.125365402579752e+01, -1.132229560773252e+01, 2.103959604773431e+00, 4.081903910002843e+01, -6.176425138679908e+00, -6.590524675817339e-01, 3.173805868948764e+01, 7.976098076354432e+01, 3.467937571221863e+01, -2.375258643113006e+01, -3.149201962116969e+01, 6.194467600250812e+01, -9.343169965416096e+02, -1.270441566077608e+03, -2.778658719648644e+02, -4.572127797800038e+02, 5.429383059934988e+02, 5.262025651330783e+02, 3.284709359483601e+02, 1.920265950708333e+02, 2.984419385693380e+02, 4.550916700073499e+02, 1.595403190193919e+02, -3.701692540716249e+02, -3.050745772330758e+02, 2.793386597441695e+00, -6.045578537235970e+01, 1.533035480494578e+02, 8.684445704424246e+01, 4.592728217040882e+01, -3.116346385563495e+01, -3.477964560220081e+00, -3.433830475703429e+01, -1.295240644195462e+01, -6.403381026947730e+01, -9.066474335921654e+00, 2.393271927515483e+01, 2.294425577051490e+00, 3.934581683422468e+01, -6.783249160688200e+00, 5.225514988918873e+00, 1.222957037449220e+02, 3.869668606564176e+01, 3.566428601280633e+01, -3.993835393163590e+01, -3.702096766442170e+01, -1.450180807734593e+01, 3.801503098856126e+01, -1.097743988119990e+03, -6.593976445095117e+02, -1.692239149528582e+01, -5.852104951194814e+02, 3.736538034337500e+02, 2.606259485701033e+02, 1.488137445066551e+02, 8.636965324674982e+01, 1.709654795858378e+02, 3.589179631887825e+02, 3.616396391104025e+02, -2.509871038704584e+02, -1.847367945042608e+02, 1.647801385668091e+00, -6.454096672761399e+01, 1.647556924472416e+02, 7.078125336564020e+01, 1.445956957783891e+02, -8.432931472461836e+01, -4.905349260789645e+00, -1.036508636628729e+02, -7.578946731750435e+01, 3.614448658725620e+01, -4.250184644098842e+01, -2.281601686988558e+01, 7.219269889853663e+01, 4.657622504755778e+00, -2.460856820718833e-01, -8.133255245852876e+00, 2.719286239561727e+01, -7.036824452805246e+01, 1.873890954472355e+01, -9.361204343155311e+00, -1.079695216373949e+01, 2.125810542730053e+00, 7.056996153737285e+00, -8.814331351313557e+01, -1.176221928645438e+02, -6.373425377820358e+02, -1.248307501969476e+02, -6.530467303875067e+02, 3.146291349459361e+02, 4.014625225156893e+02, 4.873494708995967e+02, 1.727646496466373e+01, 1.671839692909175e+01, 2.804779370415127e+02, 2.107247348988180e+02, -2.440212694326068e+02, -2.994940738115395e+02, 1.413396733023427e+01, -4.526480277205452e+01, 7.557886992880542e+01, -6.577746412609460e+01, 2.061767115203903e+01, -8.608534959239570e+00, 6.180760267583032e+00, -1.274418651803618e+01, -1.679886630495180e+01, 1.842026724817543e+01, -2.634980501749207e+01, 8.622210666062591e+00, 1.828199072425853e+01, -5.816484187813064e+00, 1.025773804184074e+01, -3.138068563765370e-02, 3.391323449123853e+01, 3.086007378663306e+00, 3.165923455998729e+01, -4.038031555098606e+01, -1.691971152542382e+01, -2.959211290832412e+00, -1.288739263868413e+01, -9.976404811169141e+00, -3.415708517853311e+01, -2.563713262752644e+02, -6.022687924345078e+02, -6.044673382189990e+02, -5.248868956582166e+02, 2.049309767974368e+02, 4.139542679137445e+01, 4.100840331204952e+02, 2.076348748165727e+02, 1.679217028665605e+02, 5.899576418792063e+02, 3.850325560551869e+02, -3.715404268248579e+02, -3.553911328231832e+02, 1.112417379147634e+01, 2.949060764982287e+01, 1.385656814469521e+02, 6.026589825802213e+01, -1.165446028118708e+01, -9.065864308114816e+01, -6.458847282689764e+01, -8.478144893066006e+01, -4.962843409858097e+01, 1.326450873547396e+01, -9.779936749383427e+01, -3.399910218023966e+01, 2.556656328577566e+01, 7.223098043881533e-01, 5.044724328150572e+00, -8.571862780737677e+00, -4.819844182821613e+00, 3.426373558748933e+01, 1.494612456236828e+01, 2.799943174981946e+00, -1.792852938201494e+00, 2.842490647563969e+00, 6.006931307521381e+00, -2.197805997045351e+01, 6.005512891151988e+00, -2.778226315946674e+01, -3.670740029913644e+02, -4.520849563678673e+02, -5.380759121211581e+02, -3.199933071056002e+02, 2.756486642877662e+02, 6.001160923507400e+02, 2.125545522702964e+02, 1.060533535021812e+02, -5.892910204069909e+01, 2.702270141880520e+02, 2.583853917676079e+02, -2.610451225199551e+02, -1.729401037325624e+02, 6.612738309631541e+00, 2.096371130267935e+01, 5.881674812949390e+01, -2.904225293123890e+01, 2.927237207764277e+01, -1.335438586730816e+01, -3.138050076076390e+01, -5.149948656293666e+01, -2.728634942721446e+01, -8.649693802797897e+00, -2.249310121768512e+01, -4.544425456962144e+01, 3.802989491683753e+01, -1.013009951229629e+01, 1.011760668193041e+01, 7.225880757314622e+00, -2.538410891021378e+01, 1.788199103754724e+01, -1.124346239721680e+01, -1.749378801137496e+01, -1.039200932248114e+01, 4.202073724463210e+00, 9.614005491602384e+00, -1.883934927612557e+01, 2.828262061057295e+00, 7.309812965578395e+00, 1.685135323927775e+01, 3.142338698143432e+02, 3.037096466838236e+02, -2.270941496803589e+02, 2.896998213724625e+02, -4.178497170300931e+02, -4.992455958300529e+02, -1.240126008725091e+02, -8.451891518094028e+01, -2.211511192182882e+02, -1.551873449911444e+02, -1.922729032952487e+02, 1.521958804772462e+02, 1.503684059547316e+02, -1.480531879249349e+01, -2.204044714949518e+01, 1.248574088737476e+01, -5.031776593274552e+01, -2.283618731496738e+01, -1.863476577374657e+00, 4.423103219401574e+01, 5.620642123532386e+01, 3.089206313961802e+01, 3.061654813880411e+01, 4.143553672704387e+01, 1.218231223434759e+01, 1.051141004765988e+01, -2.643004753574451e+01, -3.107940805512083e+00, -4.359824093862746e-01, 1.006617876534886e+01, -8.063068348778078e+00, -5.035485882260730e+00, 1.470659447770365e+01, 2.267845394814803e+01, -1.321092976031801e+01, -7.715734781050424e+00, 4.399451449135600e+00, 2.626153616108936e+00, -4.896718755333653e+00, 1.670561708225247e+00, 7.524323951424583e+01, 3.275558512498203e+02, 2.642762292063655e+02, 5.521451525839461e+00, 2.911868936745528e+02, -9.990160804016922e+01, -3.106679281593558e+02, -1.505951348209394e+02, 5.526188206285631e+01, -1.460270135399632e+02, -1.927392188386842e+02, -8.351116307995842e+01, 1.592766799725789e+01, 4.244087399114338e+01, -9.325560802683679e+00, -5.452306922658633e+00, -9.549964393595421e+01, -1.203938035056409e+00, 1.001043233393409e+01, 3.846027980948517e+01, 2.765307757283517e+01, 7.475162086478239e+00, 5.507350151049273e+01, 2.073835133091065e+01, 3.888787733946965e+01, 2.119758280848966e+01, -2.585099452745640e+01, -2.287695104271856e+01, -2.149206260886880e+00, -9.497878130310658e+00, 1.161003750113035e+01, -2.746326529271751e+01, 8.726443651215584e+00, 2.369722854829265e+00, 9.778184022389057e+00, -9.818329927218727e+00, -3.252215420467926e+00, 1.635098703440547e+00, -2.694305749577799e+00, -2.191474889935846e+00, 4.194501864690270e+00, 8.125054476522207e+00, 3.175979226746973e+00, 3.629859594279968e+02, -5.090666767472740e+02, 1.167789415753389e+02, -8.840910961475683e+01, 5.877797022797881e+01, -8.902740118970119e+01, 8.444540662110165e+01, 1.233285893815799e+02, -2.575462877161807e+01, 9.167495967267662e+01, -5.853909442287353e+00, -2.367498265768997e+00, -3.912518181371710e+00, -9.368316052412293e-01, -1.404919847872218e+01, -3.738018066955731e+01, -4.772258861080470e+00, 1.381990196210110e+01, -1.189481483783402e+01, 1.667688509682156e+00, -1.212483066416310e+01, 8.026970102025729e+00, 2.139477930326359e+01, 1.880784939614824e+00, 1.138440878107667e+01, -1.521655997984659e+00, 1.309241556620767e+01, 1.158323915965983e+00, -3.040823730619325e+00, 2.283312878477420e+01, -2.914922903738837e+00, -1.383331226520517e+00, -5.361047234391873e+00, -7.220688054231724e+00, -5.368809584517449e+00, 1.092604354079970e+00, 3.701694553965152e+00, 1.728305287150508e+00, 5.305042742187802e+00, -5.651597273149886e-01, 1.093802987844054e+00, 7.925098652993534e-01, -2.426220822655244e+01, 1.979193301229795e+02, 1.280968055346854e+02, 2.181292523382908e+01, -7.591110078669895e+01, 4.793096289248623e+00, 6.772593363080588e+01, 5.712316865666921e+01, -3.352605285949564e+01, -9.235365031066793e+01, 3.529183854038656e+01, -1.134869384791751e+02, 8.745485725956193e+00, 2.545166699057017e+01, -6.688774936336800e+00, 2.570315075630470e+01, 2.414276330957462e+01, -4.252621660038969e+01, 8.904879184384056e+00, 5.581266796229553e+00, -4.313207250710272e+00, -1.809459227406166e+01, 1.162575290107003e+01, -3.839071650840297e-01, -9.629804716113338e+00, -1.903705074632161e+00, 6.710110394314801e+00, 2.846057530973336e+00, -9.345020493305063e-01, 7.493626879217587e+00, -1.006117228037925e+01, 7.949255118096251e+00, -5.594250305636754e-01, 9.245238577545355e-01, -5.532150993047218e+00, -5.149894740708184e+00, -2.222857363649993e+00, -2.478030588354462e+00, -1.213818465726910e+00, -5.094068417795271e-01, -8.644045237890464e-01, 1.376483258688071e+00, 1.860092311838691e-01, 1.636234910454975e+00, -1.069062111391669e+02, -4.611841851176447e+02, 5.022636619385585e+02, 8.086879519478979e+02, 1.773029182788769e+02, 2.259878831760557e+02, 1.465854437219129e+02, 1.152618512886752e+03, -1.415497014118291e+02, 1.534489457502644e+02, -3.133417802252591e+02, 7.283619120318786e+00, 4.262482881837461e+00, -7.670007571203132e+02, -5.628888324850596e+01, 1.066560670312756e+01, -2.677920397047487e+02, -2.961766653984193e+02, -7.628472839940710e+01, 5.320698744099384e+01, 3.166380766065764e+01, -1.634764862179573e+02, -5.138516450256326e+01, -9.856576000667530e+01, 8.203924589757995e+01, -4.315691980965141e+01, 7.355732264781788e+01, 9.819281198916489e+01, 9.032261916936724e+00, -4.057269928804789e+01, -7.138839082239807e+01, -7.160303317323387e+01, -3.502713745418401e+01, -1.302820058621051e-02, -9.007528242895850e+01, -5.908979284621235e+01, -5.995775730534032e+00, -1.865566393920335e+00, -3.098924451687943e+01, 4.104631154732266e+01, -4.873793092762562e+01, -8.268978945414167e+00, 1.427591396710931e+01, -4.760050234517728e+00, 1.628270978515894e+01, -5.022549388112382e+01, 4.324791164279288e+02, -1.039756630260287e+03, -5.015292214811546e+02, -7.283033156992602e+02, -1.087476004218056e+02, 2.868761473763079e+02, -3.602437794414251e+02, -5.355519392779355e+02, -2.042122929614306e+02, -9.527990262156854e+01, 2.078071171191166e+02, 2.393566839996498e+02, -2.339293372868567e+02, 3.975431641952743e+01, -5.427993066798397e+01, 2.091984389330163e+02, -7.528179681560830e+01, 1.724484999426447e+02, 2.288974053249319e+01, -3.090949692465787e+01, -3.516301225751950e+01, 2.011663854835948e+01, -1.060097303694518e+01, 5.924663292675261e+01, -1.773560011184809e+01, -7.364619593104746e+01, 8.607146630454389e+01, 1.522567927498545e+01, -1.128206741447372e+01, -9.858903777173900e+01, -9.811968881884302e+01, -2.184154756389288e+01, 4.043112198343242e+01, -2.087100060062812e+00, -1.408225646212518e+00, 1.770500008301774e+01, 2.063805155256407e+01, -2.647626672459376e+01, -5.362974548182334e+00, 1.924805613142758e+01, -2.263850025575356e+01, 1.629325495560850e+00, 1.752932863026633e+00, 2.024108479693463e+01, 1.414382100157016e+01, -6.248759164491058e+01, 8.174121201561111e+01, -6.258098509595175e+02, 3.843772369961994e+02, 3.166014016481935e+02, 4.179553661110331e+02, 4.948161227118234e+02, -2.075420431388591e+02, -1.929857095182480e+02, 4.440165112256093e+02, -3.420167093930536e+02, -3.364353595588977e+02, -2.306490207566134e+02, -2.852994958265222e+01, -1.537926969754217e+01, 7.305784579950243e+01, 3.150487543842531e+02, -1.949415957009067e+02, -1.307897457603513e+02, -2.494881881663140e+00, -1.452639268200774e+01, 1.257002702736224e+01, 4.369250711790270e+01, -3.680166786334943e+01, 9.699459273767249e+01, 1.304943638042577e+02, 4.766716829778237e+01, -4.198811988551751e-01, -9.585643493132865e-01, 1.612616442053534e+01, -4.891974002609096e+01, 7.576760764056290e+01, -5.571428399492794e+00, -2.061040250798725e+01, -2.972172226104310e-01, -1.540062826542552e+01, -2.178752229762395e+01, -2.115385597417650e+01, -2.426088562988403e+01, -3.488340118565977e+01, -7.830355175402110e+00, -1.011071972961320e+01, -5.298163737152778e+00, -5.177477699982508e+00, 1.598283850907812e+01, -1.980917913209782e+00, 3.135283167321868e+00, 6.029066559326532e+01, 6.014517954911743e+00, -3.147675327157019e+02, -5.322662475898688e+02, 2.476571747903810e+02, -3.715217559300660e+01, 1.395044786272588e+02, -3.647317654532758e+02, -6.213121762855483e+01, -1.089050908166795e+02, 1.125908378479034e+02, -2.521344478943771e+02, 1.574075850594041e+02, 2.143722533217511e+02, -7.271462256890257e+00, 3.145543050496754e+01, -1.247306989111241e+01, 7.913416224334316e+01, -5.664223310916683e+01, 5.425987429044116e+01, -5.178007888218353e+01, 7.542868186525598e+01, 2.486288430146716e+00, 2.978383638218445e+01, -4.631320592795300e+01, -1.901952664955626e+01, -1.551796068495374e+01, -5.240412446720755e+00, -5.323431906239867e+00, 3.150751651533747e+00, 4.956529764716458e+01, 8.213244498452619e+00, -7.666820973051128e+00, 1.290812504603023e+01, 2.169099456751925e+01, -1.364636367509173e+00, -9.387512770154803e+00, 7.075377939588714e-01, 7.711319871177029e+00, 1.131695606369076e+01, -8.957651516935544e+00, -8.591373396882815e+00, -2.058208641519119e+00, -2.430825189324180e-01, 2.298955147809332e+00, -9.365826161996701e+00, -9.782397742865764e-01, -2.237401489373433e-01, -1.633555146396937e+01, 5.068745549059853e+02, 1.064283002105373e+02, -8.867204950301688e+01, 2.372066941703093e+02, -2.732350251079449e+02, -1.400197574137490e+02, -9.710426418365631e+01, 2.092138690104161e+02, 6.056021063676702e+01, 4.970072985695464e+02, -1.892244611187456e+02, 2.663815614072539e+02, 2.329555558858528e+02, -1.509740145327041e+01, -1.393233051576390e+01, 7.297371689197549e+01, 1.092758354296587e+02, 7.679264746837968e+01, -1.289972689436513e+01, -1.698137039140337e+00, 1.293415057390329e+01, -2.131226184237459e+01, -4.842820187539093e+01, -6.130737723545644e+01, 1.652574353312287e+01, -5.615940344551118e+00, 1.782240912338144e+01, -7.078966891832770e+00, 7.288520233563400e+00, -5.638091314772766e+01, -7.317763807142248e+01, -3.937697696580060e+01, 8.643538574373027e+00, 2.843365958133711e+01, 8.768313623898306e+00, 1.108914314208837e+01, 1.989982034494001e+01, 5.794787502834239e+00, 8.810748084320046e+00, -1.521010833508589e+01, -1.791428887337872e+01, -4.486842813475506e+00, 4.394651964515505e+00, 5.296093637220866e+01, 1.166896093649009e+01, 2.058092110844767e+00, -5.229617674254247e+00, -6.078431680551418e+00, 2.075888588837846e+00, 5.841068351376797e+02, -2.446226144894491e+02, -5.708602286555844e+01, -7.676170502008949e+01, -9.499317849056283e+01, -2.857540954562670e+02, -2.101319358237452e+02, -2.030459582401011e+00, -7.695093904865382e+01, -1.256405274782109e+01, -1.637721196344134e+02, 8.105280091723758e+01, 1.284796575874271e+02, -3.626996483019027e+00, 1.500808166618155e+01, 2.388103536350156e+01, -2.108891475656560e+01, 1.262548703558817e+01, -2.717047003940491e+01, 1.375860056797538e+01, 3.970454224104836e+01, -6.455419200053159e+00, 1.875971623297106e+01, -5.987754452343844e+01, -4.576856983923931e+00, 3.467707503849967e+01, -5.476058323028815e+00, -1.855771511613950e+00, 1.094216773696923e+00, -7.122707821356133e+01, -2.097379923123095e+01, -2.732437700611730e+01, 3.599709229285212e+01, 1.595237166718665e+01, 4.718958504198069e+00, -1.694688684142188e+00, 3.569439699243463e+00, 2.122306809931518e+01, 5.725570343972807e+00, -1.036036908417059e+01, -3.793531096937924e+00, -1.440851423770940e-01, 1.385550365264664e-03, 4.208613802560734e+01, 1.162561867672840e+01, 1.146125973486862e+01, -9.452914363456454e+00, -7.251027194860739e+00, 9.052128377143888e-01, 6.667977213953742e+01, 5.288325173481628e+02, -4.962101919159998e+02, -2.682856582610020e+02, 3.714309723641633e+02, -7.750019450564767e+01, -2.499750167813374e+01, -1.207742647067213e+02, 4.778319843624153e+01, -1.583062234480227e+01, -9.348425403771091e+01, -2.250025529732833e+02, -1.284313328472739e+01, 2.651185088635190e+02, 2.748862607271575e+00, 2.582492521032271e+01, 4.197969050227933e+01, 2.991479175424599e+01, -7.570579255214315e+01, 2.929490591924035e+01, 4.700734233581140e+00, 6.345973043132593e+01, 1.857553732653329e+01, -1.868705146788741e+01, 2.378674506296574e+01, -1.321062664090892e+00, 5.865270463371485e+00, -4.049006592471052e+01, -3.031743256402275e+00, 5.941626075863451e+00, -2.030230255826290e+01, 1.494844413471567e+01, -1.175146658126953e+01, 8.560785678359679e+00, 1.018276712959342e+01, 1.298760290166346e-01, -2.906824163335973e+00, 2.093979385002661e+00, 2.737985752642719e+00, 7.414837538412851e+00, -1.068142084773867e+01, 5.446850436402739e+00, -1.074553874718350e+00, -2.192712796165279e+00, 1.360009387031235e+00, -4.985806757520226e-01, 1.141552195891013e+01, 1.667763908476777e+00, -4.755508054050832e+00, 3.971231141244409e+00, 3.826195068824283e+00, -7.145222133841258e+01, 1.365181761147024e+02, -2.813629558924164e+02, 7.876538700918111e+01, 2.812388563654617e+02, -3.425159484950454e+02, -3.414420413826709e+01, -9.628862837916731e+00, -6.334555857158030e+00, 3.830608159966040e+01, 3.118633425463442e+01, -1.812769693970086e+01, 7.411716759249222e+01, 1.175172464492341e+02, 1.452896394113484e+00, -7.525503568216231e+00, 9.938923465051060e+01, 3.798994034283421e+01, 3.107287577806686e+01, 4.879310507137678e+01, -1.866805563636851e+01, -4.295359361703016e+01, 2.443330943092659e+00, -5.952229680594129e+00, -3.757273995269822e+01, -3.253780172092524e+01, 1.950026991328365e+01, 2.175394010198749e+01, -2.633528752879102e+00, 2.657275521333471e+00, -5.917313910495455e+01, -3.036704446785579e+00, -2.273471154366718e+01, 1.078173821086288e+00, 7.470628719772518e+00, 9.482512558494852e+00, 4.577182664915187e+00, 6.576878619173859e+00, 1.902216380019079e+01, 1.881780831697789e+01, -1.389620320877701e+01, -4.772320132979840e+00, -2.002973150908856e+00, -2.811818765979558e-01, 1.626505464859867e+01, -9.782851267735795e+00, 1.407628485051578e+01, 2.677843456680582e+00, -9.414194858260867e+00, -2.970371160169013e+00, 1.944133975212423e+00, -1.178069348875374e+00, 2.668538090801708e+00, 5.072019366709284e+01, -2.759593363652835e+02, 5.623778878004242e+02, 4.049501992557910e+02, -1.399687083384601e+02, 2.807393956890760e+02, -3.325845359623406e+01, -3.011425966842376e+01, -2.607607809588070e+02, 8.263861904163550e+00, 3.589674988673509e+00, 7.405025720438537e+01, 1.220876925197336e+02, 2.143710005577842e+01, -3.411920499494897e-01, 1.249552250387585e+02, -8.080091359266984e+01, -6.432780156079198e+00, 3.276759594902013e+01, -1.977948084704443e+01, 1.869982562997948e+01, 1.806042279952045e+01, 3.981776740128384e+01, -3.601621813395168e+01, -1.818318137854578e+01, 2.487220474743911e+01, 3.907207652468800e-01, 6.218435033632686e+00, 8.099324993388377e-01, -5.614528708543279e+01, -1.006942208694087e+01, -1.193992759871563e+00, -1.372772045915869e+00, 9.676290903998227e+00, 1.166353292969289e+00, 5.759413773379322e+00, 1.951946870349185e+00, 1.844780876620188e+01, 1.197070849106957e+01, -1.279066225722848e+01, 2.612012608498261e+00, 7.320243450924351e-01, 3.650594167741699e-01, 2.032958031239549e+01, 1.193320421046961e+01, 2.352414217377922e+00, -2.478157962734183e+00, -4.996082356308121e+00, -7.149809447012489e+00, -4.702622843189810e+00, -4.948685894772053e+00, -5.151883280182097e+00, -2.214662280380380e+01, 4.286344733100481e+02, -2.050752299487608e+02, 4.211167292976600e+02, 2.507342326775939e+02, -2.881763754193820e+02, -4.412691664571899e+01, 2.105061183970491e+02, -7.059978244310807e+01, -3.370205970875018e+02, -1.676526158940573e+01, -7.893584111671328e+01, -9.459724592805360e+01, -1.560696008832358e+02, -2.481564878043319e+00, -3.638382321950587e+01, 1.022545050788316e+02, -1.060617153728798e+01, -4.170456663772138e+00, 4.403342033032802e+01, -3.521943578274433e+01, -3.260715786067199e+01, -7.408318633553995e+00, 6.722674621311764e+01, -1.581936782655385e+01, 4.322756841634096e+00, 1.543356853182112e+01, 2.262936166897155e+01, 3.829404567173614e+00, -6.464194062885989e+00, -2.855393300945158e+01, -1.538634146273987e+01, 7.304240538201741e-01, -1.408899799852748e+01, 9.942616821237998e+00, -3.496517105351417e+00, 7.376747777957384e-01, -1.019193419898355e+00, 2.948235466108443e+00, 8.060339160416779e+00, -4.483267114369032e+00, 3.515063417292174e+00, 8.235494972271494e-01, -1.867626328684270e+00, -1.690833470346690e+01, 2.611707561513903e+00, 1.001893924182528e+01, 3.853047431279021e+00, -6.505006322593339e+00, 1.166318787389168e+00, -4.346007128743921e+00, -5.502869390201171e+00, -3.722347382816777e+00, -5.569252153045921e+00, 5.228788875964017e+00, -4.798999203937304e+01, 7.468393669510803e+01, 1.353930819609579e+01, -1.858587297785912e+02, 2.751025419922047e+02, 9.962953621927612e+01, -5.189967978264294e+01, 2.052177357282136e+01, 9.664105129999201e+01, 8.304564713131644e+01, 3.799803835685467e+01, 6.534515238562504e+01, 3.255135467119373e+01, -9.228486946849291e+00, -1.674431541851177e+00, -3.729914985204066e+01, 5.533431543868730e+01, 7.785557520613581e+00, -7.439562768082659e-01, 6.541298282585856e+00, -4.347702851856107e+00, 8.197875358327954e+00, 1.709058456558557e+00, 3.713182057279772e+00, 2.814157666850901e+00, -1.606082544764952e+01, -8.869936817041749e+00, -2.917050630432127e-01, -1.106938022788673e-01, 8.803890057251888e+00, -2.206503279429846e+00, 4.927094528109051e+00, -1.037504473080598e+01, -1.569194710790011e+01, 4.066714293295215e+00, -5.556026318446761e+00, -7.427177704248798e+00, -8.989875048109260e+00, -2.656887041627796e+00, -3.881667020461932e+00, 1.989732096007601e+00, 8.211568088555502e-01, -1.044622507723141e+00, 2.199798385012608e+01, -5.253502454793492e+00, 1.544893604410187e+00, 6.749515402517952e+00, 1.032752461375249e+01, 4.584570254542181e+00, 5.315421543817352e+00, 6.813211630722279e+00, 3.422638307181410e+00, 1.331412210856366e+00, 3.592926689235434e+00, 2.898674407819048e+01, -3.455030848492498e+02, -2.702889088132366e+02, -6.620148165981777e+01, -3.103344157914170e+01, 3.488559843077724e+01, 1.309532449055984e+02, 1.441945235618378e+01, -6.213524337313337e+00, 3.255781115861615e+01, -5.765606294903395e+01, 1.855668253490777e+01, 3.729345960473720e+00, 5.311764586722235e+00, -4.401041885730623e+00, 4.341268437840910e+01, 9.291554664496994e+01, -6.518250778209863e+00, -4.290937952344964e+01, -1.728011325559616e+01, -1.082895997814454e+01, -1.240811209269324e+00, -3.371208034002026e+01, 4.667916236673122e+00, 2.856482798865740e+01, -1.980398497152443e+00, 2.745319674047459e+00, -2.598392270408441e+00, -2.188466613698846e+00, -2.865544359499127e+00, -1.102567515879129e+01, 1.399368252365483e+01, -3.161287687451781e+00, 2.266486721104759e+00, -3.653259760162834e+00, 5.639338449233734e+00, 2.506712979524713e+00, -2.151302465091785e+00, -7.505168093058446e+00, -1.261883763508511e+00, 4.837877467503859e-01, -2.789153927740363e+00, -6.339982464723879e-01, -7.243267532380658e-01, 3.957481821325081e+00, 8.011797196443661e+00, 7.025771986632071e+00, 2.396027758891418e+00, 7.020750028334130e+00, 1.354616118348612e+00, -1.070617094583355e+00, 6.280461058156753e-01, -1.014473695756484e+00, -1.971370478974305e+00, 4.637458884852213e-01, -1.975716827607705e-02, -3.473723817395784e+00, 5.132439640715106e+02, 7.582031835567346e+01, 9.789872876367828e+01, 7.213344015942636e+01, -1.434167906929173e+02, -2.009824226972140e+02, -2.070755404387753e+02, 3.333741426026971e+01, -1.501963327845723e+02, -2.117587691818449e+01, -1.082635640700790e+02, 9.463497775203793e+01, 4.263664701906581e+00, -3.348521940450355e+00, -3.052938264216796e+01, 4.626193625467057e+01, -5.597278316707795e+00, 5.734178833729564e+00, 1.203219330762200e+01, 1.681295492505210e+01, -4.318116273486002e+00, -2.605827882292073e+00, -7.938841471092012e-01, 1.383182234973235e+00, 6.687133878369818e+00, -3.272388902144086e+00, -1.095953363900701e+01, 3.245479782313400e-01, -4.257700177192905e+00, 7.980763443878909e+00, 6.698208720202075e+00, -2.941530954455954e+00, 5.363902256832336e+00, 1.963444368199843e+00, 1.320280278041520e+00, -3.031123699070710e+00, -2.518080777550502e+00, 1.602440497569294e+00, -1.172014355446974e+00, -1.083327590502192e+00, -3.234146898362320e+00, 1.638285844175965e-01, 1.452771654494270e-01, -1.210545545053983e+01, -6.033181433536279e-01, -3.807749464127919e+00, -2.315799363327039e+00, -2.606251231792617e-01, 8.254247523368623e-01, -1.743329115662884e+00, 3.533847630839742e-01, -7.149186405574075e-01, -2.436238238361393e+00, 5.380235315300255e-01, -1.711509219162043e-01, -4.975938924955922e-01, -2.376080150848477e+01, -1.472504550591321e+01, -6.410602625072860e+01, 1.418097765050608e+01, -3.754720524723203e+01, -1.931182728685216e+01, 2.390363548746350e+01, 3.283726355516918e+01, -3.055896356659741e+01, 1.211177098625388e+01, -4.713015678592428e+00, -4.899366068248848e+01, -1.473947494284381e+01, -1.502838347526352e+01, -5.295649126506549e+00, 7.361525236710965e-01, 4.416727626097196e+01, -7.110506915747457e+00, 9.701630741812940e+00, 8.781461377940440e+00, 1.694717186214294e+01, 1.125797659902769e+01, 3.598180821522837e+00, 1.303674428871375e+01, -1.544060368910656e+00, 4.262114400742474e-01, 4.132839441918085e-02, -3.823140714637056e+00, -5.520883078067603e-01, 5.062575512218122e+00, -1.007372432837449e+01, 2.278195829279524e-01, 7.564638526947991e-01, 6.566275440846760e+00, 7.302367959736275e-01, 5.314193682112038e-01, 3.503695085979457e+00, -2.678995993728324e+00, 4.050712339796426e+00, 2.457362716501144e+00, -1.159307860554821e+00, 2.185859463357913e+00, 2.393808024970014e-01, 4.487561036197610e-01, 1.453102424674219e+01, 1.766261976590370e+00, 1.112337613042626e+01, -2.880313545912738e+00, 4.818910725742784e-01, 8.608854131077569e-01, 4.466544760825691e-01, 2.724578047388926e-01, -1.777562492712748e+00, -6.704791522490661e-01, 2.299246642411456e+00, 5.309440866103097e-01, 3.548085841211264e-01, -5.786058959413621e-01, 2.884354468943028e+02, 7.255455987721642e+02, -2.177907714229108e+03, -1.086475580737413e+03, -8.235507303311709e+02, -2.269097491115977e+01, -2.720666039495209e+02, -1.558146716962186e+03, -4.301149625264640e+02, -3.585273590555120e+01, -1.185862914692982e+02, 9.740042713244452e+01, -3.550492250964448e+02, 3.835741137978677e+02, -1.346836692246330e+02, -2.065708408284538e+02, 7.340513434215800e+02, 1.331711218870011e+02, 9.325895677394274e+01, -5.908404415659868e+01, -8.054550902591785e+00, 3.329532392657682e+02, 1.139774770778150e+02, 1.405094980652049e+01, 6.558351649238051e+01, -4.042081889924204e+01, 7.584629809003067e+01, -6.755608917634565e+01, -3.744851085331020e+01, 1.109407497180452e+02, -1.362834806203629e+02, 6.381563611883263e+01, 2.837736137509749e+01, 2.485614777254069e+01, 5.677551054107997e+01, -3.810661110358747e+01, -2.014894053324664e+01, -7.991325456441823e-01, -3.903120637642653e+01, -9.461831952049517e+00, -2.689951338908553e+00, 1.456220705874233e+01, -2.428367792117686e+01, -3.214788994933934e+01, 5.629652592970191e+01, -2.529133497202553e+01, -2.111361283502047e+00, -1.691826714205500e+01, -3.545096495196372e+01, -6.525849812679143e+00, 2.545924553365142e+00, -1.223112238590398e+01, 9.388296823788378e+00, 4.477227686417109e+00, -3.167227893607161e+00, -1.284950535409031e+00, 1.536954157908086e+01, 1.305765496019900e+01, 1.534567322545143e+01, -1.724197454178245e+02, -3.514341400582554e+02, 2.388489411860407e+02, -6.108562072283210e+02, -4.661204646483372e+02, 1.445690024060755e+02, 2.939186588682615e+02, -5.807307288593207e+02, -1.547627020870303e+02, 1.705273462888533e+02, -6.874325001475022e+02, -1.489251777025370e+02, 1.871637540567259e+02, -4.430587801356411e+01, -1.273782015624832e+02, 1.292266509066385e+02, -4.300650789807498e+01, 1.496202823219430e+02, -1.214306932171585e+01, 6.430351956277163e+01, -1.050538953449866e+02, 2.035282947586469e+02, 4.212696719053864e+01, -7.366914196633932e+01, 1.092162321383388e+02, -2.151566865105225e+01, -2.714973562804441e+01, 3.125528239165272e+01, -2.891224780481804e+01, 1.150800493884930e+01, 7.811117089425154e+01, 5.772853286523767e+01, 1.388237671889610e+01, -5.524667087836024e+01, 4.309217001778894e+01, -4.560673522982229e+01, -1.294326814002421e+01, 1.708469014303452e+01, -2.776023492060044e+01, -4.042675060614609e+00, 1.939196698651816e+01, -5.771482860660998e+00, 3.753573052501114e+00, -1.264036712089030e+00, -3.837988913797801e+01, -7.435973633209616e+01, 3.323139963865491e+00, 3.769701654055527e+01, -1.677834370524410e+01, 8.209749298358517e+00, -3.562880789384006e+00, -7.373718420292009e+00, -2.572806456664694e+00, -6.591926707633848e-01, -3.809584062984232e+00, 4.871588108013190e+00, -5.661191541082470e+00, 1.195408731671829e+00, 9.410837213859809e+00, 5.831010107524811e+00, -2.105200543556724e+02, -2.593431814001035e+01, -6.180299311868307e+02, 1.242629097171373e+01, -1.226815586323373e+02, -4.350452309996763e+02, 4.132783358306110e+02, -1.494881298844200e+02, -3.404759283325166e+02, -6.858910346644299e+02, -4.489766596633687e+02, 1.087305606757694e+02, -3.890305343401388e+02, -3.650779174341059e+02, -2.526346814949713e+00, -2.140900399715616e+01, 2.333901199268625e+02, -2.623299064449655e+01, 7.570895157644411e+01, 4.903604975409179e+01, -2.082771848334224e+02, 3.288316874310976e+01, 4.034551921000413e+01, 1.193435087622903e+02, 1.268692201086783e+02, -4.653833040685646e+00, 9.779615795857777e+01, 4.668462005986079e+01, 9.545351270898760e+00, 2.318613631921418e+01, -6.709413975449029e+01, 3.314624164748881e+00, -6.238139054749413e+00, 2.870779083572828e+00, 5.416899424418724e+01, -1.204139776484358e+01, 6.386762987314937e-01, -9.036167819231471e+00, -4.344850233774113e+01, -1.304629344708384e+01, -2.302172091535048e+01, 3.624351606365140e+00, -3.572491174906976e+00, -5.167910920765424e+00, 3.406834238540044e+01, -1.878268189098276e+00, -1.794254979796048e+01, 1.182715824045260e+01, -1.357227101619870e+00, 5.918072937137632e+00, -8.769991641874867e-01, -4.972658981643649e+00, 1.457280778868491e+01, 3.928669611148803e+00, 9.354113790925135e+00, -3.594092943450461e+00, -7.900147920300324e-01, 2.641274519693137e+00, -2.468329321773408e+00, 6.596267653709768e-01, 9.251677256362892e-01, 1.623998269059122e+02, -2.672535115869095e+01, 2.666041872977453e+02, 4.534839224622608e+02, 6.453371247702535e+01, -3.813189920701571e+01, -2.570914609827416e+02, 6.356499047798009e+02, 2.460153581872383e+02, -6.908729653183282e+01, -7.028894790619549e+01, -2.603744129211357e+02, -1.100580010508370e+02, -5.342706754596838e+02, 1.963591118839723e+01, -3.326483648624703e+01, -2.187538218112332e+01, -3.847232730877791e+01, -3.719414380859175e+01, -6.325026885552985e+01, 7.844808613259625e+01, -1.351799624990234e+02, -1.297997353805781e+01, 2.046827040054958e+01, 4.619397350318872e+01, 1.012512135499926e+02, 2.551193383166801e+01, 7.806744042059643e+01, 1.159071361245908e+01, -2.377455769262532e+01, -3.869094938788151e+01, -1.331475999544550e+01, 3.815467396832648e+01, -1.514721121025780e+00, -3.045568695602027e+01, 1.245231941056283e+01, 6.180556307598286e-02, -3.323735093001381e+00, -1.577668277315360e+00, -8.033764003482259e+00, -1.616786092711818e+01, -4.876109555909567e+00, 1.001392504641467e+01, -2.350298908484763e+00, -1.057388924357228e+01, 1.546642020301258e+01, -1.688393361092667e+01, 2.669111790387610e+00, 4.868297703517950e+00, 2.881536205670767e+00, 4.179051316231425e-01, -1.080984164124610e+00, 1.193323987374545e+00, -4.248292488819940e+00, 3.976650554759054e+00, -4.227738468263548e+00, -2.507861854906379e+00, 1.010796792356056e+00, 1.444462322903464e+00, -3.868306136290625e+00, -9.785116829290592e-01, 1.663267307841181e-02, 9.372040608814417e+01, -5.311496843819427e+02, 2.059840155422063e+01, -1.218150800916401e+01, -8.404168096644950e+01, -2.215110310453316e+01, -3.232443089380256e+02, 1.751385313229425e+02, 1.636486078699635e+02, 2.451307523510731e+02, 1.114272845280237e+02, -1.278026783969847e+02, 9.312425309964144e+01, -2.703529282169104e+01, 2.506623958205495e+01, 4.095113951901920e+01, -6.160548692559980e+01, 2.492271558937422e+01, -1.356541587092365e+01, -9.946069337690682e+00, 5.589664183118277e+01, -5.045835087621189e+01, -2.702025101841600e+01, -1.411053002758898e+01, -3.109255682970918e+01, 5.316314458524102e+01, -4.883472880837724e+01, -2.271398561035152e+01, 1.299855584236531e+01, -2.079770558494070e+01, 9.153584088941436e+00, -1.183245831237543e+01, 2.031946215735728e+00, 1.034464317085879e+01, -1.888342341839821e+01, 7.144521255474384e+00, -3.239253078035135e+00, -3.405701741620718e+00, 9.634608264994142e+00, -1.316833749073691e+01, 7.258281849670468e+00, 6.572329999598576e+00, 3.811975147392655e+00, -3.508443506934497e-01, -1.104065042067223e+01, 1.209874329282961e+01, 9.621314542072104e-01, -2.867571867141577e+00, 5.076496447708975e+00, 3.531480256828203e-01, 1.487592644002836e+00, 3.304486733902765e+00, 3.597442741290874e+00, 4.242988409418618e+00, -2.719111807882550e+00, -3.628881407234016e+00, 2.862687118553192e-01, -2.066432379964311e+00, -2.945977963858032e+00, -3.990618478636810e+00, -1.013549424845379e+01, 5.259476523807016e+00, 1.618408102582081e+00, 1.097652442534556e+02, -2.833593559502478e+02, -1.920554356222692e+02, 1.887243157592194e+02, 1.972825244828870e+02, 1.611951455761889e+02, -1.673987956041653e+02, 1.038226091841148e+02, -1.169931627662545e+02, 1.561937887082705e+02, 4.750582849557082e+02, -4.449977284028039e+01, 1.232874618351390e+02, -4.016536763812342e+01, 1.205930414038949e+01, -3.559252174787596e+01, 8.667924977522509e+01, 9.549164049718852e+00, -4.717008586620142e+01, -5.614994405622517e+01, 3.752967794910176e+01, -3.162298908199457e+01, 5.490663805105582e+01, -1.998125308333622e+01, -5.955942561074001e+01, 4.078500266262535e+01, -5.403822416369618e+01, -1.593194986210738e+00, 6.459180366699734e-01, -4.847568212100036e+00, -3.139647121085500e+01, -5.220305529707733e+00, 1.705139409981257e+01, 8.148618120577057e-01, -1.491398859374099e+01, -2.533131059485792e+00, -1.539378966108688e+01, 1.578086451307524e-01, 5.292173713481329e+00, -6.441147875169248e+00, 1.052313841396269e+01, -1.022580795189481e+00, 7.010264913533039e-02, 3.687641956241094e-01, 7.025878837900490e+00, -3.121514805050989e-01, -1.184470004434283e+01, 3.491352551883209e+00, 6.999907632619889e+00, 2.005088045855348e-02, 2.744207329796367e+00, 8.334852533710028e-01, 2.346475932636825e+00, -1.048231317135486e+00, -3.054817085498631e+00, -5.674973996175631e-01, 8.460937621068310e-02, 1.034403808872606e+00, -1.000391751229116e+01, -5.586028844628812e-01, -4.795577934326385e-01, -2.350078265679337e+00, 1.012001061622150e+00, -1.404859898044956e-01, 9.908218978230835e+01, 7.316670433368037e+01, -3.219049335617809e+02, 1.160768109535543e+02, -3.427996093212878e+02, 7.730780616910336e+01, 7.352728742086410e+01, 1.481809867588946e+02, -1.115677303741746e+02, -1.665932511775455e+02, -3.008028113233027e+01, -7.572582060193851e+00, 3.348848149692911e+00, -1.646342469406986e+02, 1.777212237863233e+01, -9.424674304362871e+01, 1.513214890034589e+02, -3.617988198194324e+00, 4.563114849974660e+01, -4.023331981011287e+01, -3.135530155741166e+01, -4.776504358534775e+01, 4.068968277249784e+01, 4.755261913962139e+01, 6.949260908566878e+00, 3.634943150679864e+01, 1.850510440127388e+00, 2.308465207565190e+01, 5.174686260891489e-01, 6.744152256386992e+00, -7.188230096762796e+01, -8.342713989297248e+00, 2.104583780324738e+00, 1.511489105916940e+00, 3.630442379297198e+00, 1.636136407424960e+00, -1.142553162747580e+01, -2.075831573478288e-01, -1.208809589160644e+00, -4.775359062651423e+00, -3.370886767216676e+00, -6.699137913179118e+00, 3.939699257890719e-01, -1.664842440836771e+00, 2.981073899962022e+01, -2.774626203119587e+00, -9.928333296352973e+00, 2.620687091822159e+00, -1.716825083029268e-01, 2.722791997578832e-01, 2.816464677791818e+00, -1.513584987713066e+00, 4.383620229025064e+00, 2.163261047902039e+00, 1.422582204856411e+00, 1.330271955061831e+00, -3.356747309576242e-01, -5.192171001358923e-02, -1.671792753160279e+01, 1.833622588599916e+00, 3.918507150563236e+00, -2.621803021528370e+00, 2.106694725734549e-03, -3.403090724228237e-01, -9.427925616305121e-01, 1.022355318600434e+02, -1.961310337511530e+02, -1.193407231524207e+02, 2.517949249033767e+02, -2.217038955830238e+02, -5.000006063884356e+01, -2.434749975618294e+02, 5.378452586040785e+01, 2.978361667111209e+01, -9.048691090534447e+00, -6.113459327532165e+01, 5.802330467800828e+01, -8.489410365557974e+01, -1.150015450057596e+02, 1.239399139017855e+01, 2.899890226301214e+01, 4.503766890433028e+01, -7.962764534600089e+01, 1.914220919993348e+01, 2.810737457003052e+01, 6.338529655455712e+01, -5.308461520689231e+00, 4.937624567824075e+00, -7.456153801675296e+00, 3.786992409188562e+01, -1.067593669430980e+01, 6.100198606916672e+00, -2.536336231268456e+00, -4.633825926177350e+00, -2.252945171868993e+00, -7.008785152277265e+00, 9.006469554246566e+00, -1.058358237674810e+01, -8.946707621490576e+00, -1.001458175649600e+01, 3.698883140483415e+00, -5.798866757829322e-01, 5.915323802032871e+00, -1.098182628968321e+01, 2.924173287049074e+00, 7.786346072740794e-01, 3.248461622843175e-01, -3.041490201263608e+00, -8.847619052070145e-01, 3.174100519607971e+00, 6.366983220620139e+00, -2.105975357540340e+00, 2.783876540348357e+00, 4.737869706338945e+00, 3.433670874015246e-01, -1.141410908237992e+00, -1.546025711889326e+00, 5.026253625489673e+00, -5.259098985115890e-01, 2.601211404759082e-03, 3.288350226169184e-01, 3.374305358621689e-01, 6.181350932455125e-01, -4.881833778460113e+00, 5.902456836976226e-02, 2.733978497520715e+00, -1.634621326346856e+00, -3.541078559759313e+00, -1.897149046488142e-01, 6.639224372707798e-01, -4.853304208590126e-01, -1.086956110807211e+01, 9.851067270229768e+01, -4.687488976341056e+01, -2.511337553570305e+02, -2.009730211475099e+02, 1.683158978097006e+00, -6.136124363079588e+01, 5.226758390449397e+01, -1.268196887587232e+02, 1.637156942602682e+02, -3.847736290385303e+01, -8.840428922120040e+01, -9.106015350527066e+00, -8.131843469952413e+01, 1.600150604736428e+01, -1.657555532830597e+01, -2.004949806052124e+01, 4.016723016590760e+01, -2.095405675817327e+01, 1.645486857620626e+01, -1.717858654108451e+01, -1.179762752533205e+00, 1.597151708972405e+01, -3.344521692943778e+01, 3.389578140250640e+01, 1.260121236242366e+01, 7.611829202632965e+00, 4.432832493318622e+00, 1.087443160926753e+00, -1.329565934725074e+00, 1.640391279364491e+01, -2.898631066179686e-01, 3.667427568418448e+00, -9.096773799128004e+00, 9.968963236543217e+00, -9.276896202898366e-01, 1.059862025237768e+00, 9.939219583323792e+00, -1.285593988021716e+01, -8.972768437707928e-01, -3.709598150512373e+00, -2.449997362624487e+00, -1.179672409119071e+00, 9.159395225327337e-01, -6.317296313684110e+00, -5.672920225507806e+00, -4.748941735468820e+00, 8.719816407034632e+00, -1.110357914830526e+00, 4.487626491723905e+00, 1.506297039597087e-01, -2.041029597026335e+00, 7.386453685209854e+00, -5.245585897445042e-01, 3.104532695000094e+00, 1.172692515693666e+00, 2.945665481297564e-01, -9.626586649599288e-01, -8.301078240203790e+00, -1.040799763087861e+00, -5.799742875631178e+00, -1.735540086116866e+00, -6.951591141871064e-02, -3.058264415378291e-01, 1.202425156540310e+00, 2.306514519886779e-01, -8.881395066847353e-01, 7.915343461734157e+01, -2.891762648702901e+02, -3.946207265304146e+02, -3.271036862205995e+02, -6.959543112243414e+01, 7.202317885629425e+01, -1.099074127305693e+01, -2.096627709607243e+02, -1.405401072561462e+02, 1.515684870548641e+02, -3.960161944614505e+01, 5.767555462708700e+00, 2.937905797357810e+01, 7.111507687063893e+01, -7.366676057302181e+00, 3.014700475998869e+01, 7.308736010682111e+01, 7.129776027317777e+01, -3.705976829788982e+01, 1.171045007842775e+01, 3.390020444416674e+01, 5.107760724832948e+01, 5.850556694569097e+01, -2.387254439354739e+01, 3.079638312668505e+01, -5.304891036031798e+00, 6.612951651313938e+00, 3.458815713436798e+00, -3.089971516629733e+00, 6.209817582698761e+00, -1.318853438823012e+01, -1.493082621582987e+01, 1.068553028069278e+01, -4.565462705183452e+00, -9.065460361048086e+00, -4.235739351919070e+00, -6.251455022207910e+00, 5.627671481690033e+00, -6.028731109890839e+00, -1.092955528381333e+00, -1.899406733845229e+00, -8.613165589355400e+00, -1.516251360946282e+00, -4.587900390847052e-01, 1.525404094245788e+01, 2.176711091383202e+00, -6.717810989810729e+00, 3.694818657005204e+00, 6.289746783820878e+00, 8.084692392678380e-01, 1.953517500520940e+00, -1.101981568981447e+00, 2.446353336011875e+00, 4.503778141513386e+00, 1.073247224376682e+00, 3.813002949520754e+00, 7.451846956056540e-01, 3.900793576001478e-01, -7.472840159466519e+00, -2.289700131097359e+00, -2.072076611908626e+00, 6.209529460315171e-01, -2.773994613479266e+00, 1.058651351646903e+00, 6.402387658731138e-01, 1.907143341307911e+00, 8.172892299255615e-01, -1.285090364301450e+00, -1.800553937100769e+01, 1.451585667483261e+02, 3.656312298768349e+02, 1.815370126063077e+02, -3.693079880074038e+01, -1.923033397987597e+02, -9.236242308844946e+01, 6.193270234018963e+01, -1.487600495088977e+02, 2.912908563419896e+01, 1.394211308440785e+02, 7.284746018645339e+01, -8.380273807469779e+01, -8.310244167842494e+01, -7.461979771824370e+00, -2.825624071184409e+01, -9.716685996792482e+01, -6.354593450488626e+01, 7.056446319225523e+01, 1.818842824717518e+00, 5.046802115915229e+00, -1.099810485126569e+00, 2.047360218123463e+01, -1.885137362925166e+01, -4.595899467946695e+01, -9.639545755845049e+00, 3.539067509201200e+00, 1.882562186934621e+01, 1.694218805247068e+00, 5.859072322943553e+00, 2.582715696401098e+01, 4.503493928467252e+00, -2.676745183441809e+01, 7.391523759208971e+00, 1.549314489712953e+00, -3.466911217125904e+00, -2.832667039679514e+00, 1.901811102123447e+00, 1.136610271283608e+01, -1.192469232229186e+00, 2.688177333933133e+00, -3.971107725959084e+00, 1.207630144229193e+00, -7.161143629478548e-01, -1.773820093086567e+01, 7.057548369296767e+00, 9.164171473103165e+00, -5.178433109875606e+00, -3.669761442253043e+00, -2.557526585093620e-01, -1.648882435779830e+00, -1.501098217599333e+00, -3.237802361488995e+00, 9.115299030149552e-01, -3.334049007639844e+00, 3.998904884795610e-01, -5.827431546727401e-01, -7.005260287970728e-01, 6.180749409127800e+00, -5.136547031510853e+00, -6.566447106775083e+00, -1.565480928031776e-01, 1.578419265442568e-02, 1.404691568112135e-01, -1.132915668367940e+00, -5.704129571822161e-01, -5.078114413759808e-01, -8.803884707550589e-01, 6.425935912499102e-01, -3.638897639964398e+01, 5.958886751840723e+01, 1.906019332315683e+02, -4.204287920359218e-01, -2.466536509918785e+01, -1.488218191844622e+01, -3.379215934284605e+01, -4.223243001841417e+01, 6.774026565064134e+00, 8.559461102550823e+01, 5.605800769676452e+01, 7.083376877958858e+01, 7.809374153014238e+01, 1.041248936093012e+02, 1.640102442940689e+00, -1.986288000874868e+00, -4.426115294043464e+01, 2.031540300706954e+01, 3.689341470869107e+01, 4.769524913031844e+00, 7.345006117902136e+00, 1.647349729329136e+01, 1.874615627038735e+01, -2.624102638461289e+01, -2.006287424436935e+01, -1.627855567440307e+01, -2.383477330724410e+01, -2.028461459791690e+01, 1.597941636172223e+00, -2.268920671911314e+00, 5.638210101813872e+00, -1.331339794423416e+01, -1.511592823603370e+00, -3.436184646167039e+00, -4.056035204204156e+00, -5.256430344536665e+00, -3.562200887986303e+00, 2.110955809447100e+00, 4.605485026550573e+00, 2.330495767069417e+00, 3.541698037937519e+00, 4.337658127766731e+00, 9.302243639342261e-01, 1.340927560824647e-01, -2.069970322309443e+00, 4.003190814525541e+00, -2.528468670932657e+00, 5.198982256468009e-01, -2.322145625910101e-01, 5.129509920920295e-02, 3.766484625121179e-01, 8.244956865561369e-01, -3.672899899297357e-01, 3.353150647936792e-01, -3.816409679097175e-01, 9.099133806253619e-02, 5.125722122952361e-01, 8.128518114073105e-02, 1.579530883824855e+00, -6.425919191492154e+00, 9.369002174917276e-01, 2.289787767278878e+00, 1.639432573163171e+00, -2.480156964938287e-01, -1.821856819288082e-01, -1.080087309262748e+00, -4.360276136711009e-01, -1.163669821076685e+00, -3.035660318892712e-02, -6.068339758739951e-01, 1.247727744641525e+01, 6.334154469377517e+01, -2.165179567634420e+02, -1.245010413560841e+02, -1.037953650391067e+02, -3.456192670243166e+01, -1.130359659775529e+02, -3.021833391657627e+01, 5.801968445880885e+01, 4.800086618520550e+01, 4.581383610527362e+01, 1.877821709305675e+01, -5.708845174784281e+00, -2.190570317667372e+01, 9.684031085329541e-01, -2.971827537758172e+01, 1.194945208461054e+01, 4.595970757114146e-01, -2.178750193654926e+00, -7.400062629959866e+00, -6.117682170333563e+00, 5.064984280029053e+00, -1.077286603943686e+01, 5.685317099338817e+00, -4.224479890533403e+00, 2.733904664137471e+00, -3.157020800387349e+00, 5.258186358858365e+00, 1.404174607741664e+00, -4.698888314978269e+00, 1.180307584916548e+01, 3.748188607049796e+00, 2.075896052805636e+00, 6.295654673490618e+00, 1.450672143535202e+00, -3.246211659994730e+00, -3.953032355760333e+00, -3.027738370590729e+00, -4.005913437077305e+00, -1.607055450828527e+00, -1.200290078749895e+00, 4.651987456456328e-01, 7.046006605070856e-01, -3.061625342740863e-01, -1.636257107195184e+01, -4.142386225438803e+00, 2.359892899709029e-01, -2.981163324599860e-01, 6.658384556249801e-01, -1.378118166453577e+00, -1.112352234767459e+00, -4.167378673167577e-01, -1.285553868130541e+00, -1.917219399332750e+00, -2.769258038407123e-01, -2.983475151174847e-01, -1.190275960153683e-01, 1.004454481902832e-01, 3.412880037917613e+01, 1.219644041466887e+01, 2.667748126439759e+00, -7.879737362866331e+00, -1.352715984965892e+00, -1.263616208081557e+00, 1.636043167517534e-01, 1.330194813020837e-02, -3.741735302578347e-02, 1.855947069596554e+00, 2.502956491306275e-01, -2.192073618988893e-01, 1.242175743545813e-01, -2.201969253943297e+01, 2.374866214573152e+01, -1.655744335284199e+01, 2.061671328385053e+01, 6.291906438603736e+00, 4.378117047449432e+01, -1.973156698814629e+01, -4.290862923496572e+01, -3.104841298108464e+01, 8.871505200980488e+00, 3.642190834533249e+00, 7.629055058326271e+01, -1.317798840290233e+01, 1.905304597255849e+01, -7.076503027842854e+00, 1.092275819223188e+01, 1.166448504891132e+01, 4.399166076178077e+00, 7.381991663887300e+00, -1.255077509328365e+01, -7.387966020079499e+00, -2.063025184355788e+00, 2.648110314633389e+00, 6.327443737551773e-01, -7.229264177484874e-01, -3.466798438957022e+00, 1.398067289665834e-01, -2.502784336191168e+00, -1.807977183112450e+00, 2.392855592540818e+00, -1.135137886809023e+01, 4.177130507057084e-01, -4.503997784584413e+00, -3.386522475464834e+00, 4.454274391028297e-01, 1.716990061055621e+00, -2.504554021127654e-02, -3.398282418723848e-01, 3.868418243445454e-01, -1.527129720440819e+00, 7.275716330317968e-01, -5.566202808453743e-01, -4.515913431715781e-01, -7.099668040236969e-02, 4.596302173432327e+00, -1.066764852629386e+00, 9.503274362093821e-03, 1.609414834590112e+00, -7.801001846026449e-01, 2.032803841163949e-01, 3.937035820549134e-01, 5.373311921129559e-01, -1.779333694210824e-02, 1.198806751479713e+00, 2.283839078097808e-01, 9.139730622690069e-01, -1.649844571065244e-01, 1.949628214086519e-01, -1.449045831686485e+01, -1.113736927774578e-01, -3.705729098129417e+00, 1.960792807165389e+00, -2.739353050421789e-02, 1.710696765994209e-01, 5.955835895153504e-01, -4.587588131958873e-01, 4.262026466684891e-01, -6.790439435315577e-01, -3.020654913453143e-01, -6.555966465338694e-01, -3.936551212629432e-01, 3.806503205572488e-01, -2.673747673295856e+00, 3.076318081903332e+01, 5.894369890173688e+02, 1.005278137953756e+02, -2.473517154604359e+02, 1.215180838842449e+02, 2.893086218545293e+02, 1.695967676336154e+02, -1.027411434231189e+02, -2.945743561328780e+01, 8.272835885212118e+01, -6.906871417288085e+01, 2.228777611878185e+02, -3.834670916163573e+01, 8.395960750586902e+00, 6.524889812062523e+01, -1.598073359567989e+02, 4.846949197080526e+01, 1.263465020542335e+02, -5.016595708775669e+01, -9.108585432674370e+01, -1.005743278812647e+01, 5.074554097904665e+01, 5.251654066352760e+01, -3.486331489719785e+01, 3.832413529975062e+01, -9.653629006486558e+01, 8.959373227057069e+00, 1.701163023463728e+01, -3.666217847357738e+01, 3.703162489089908e+01, -3.034526536975151e+01, -5.451879047484625e+01, 2.015235908395572e+01, 2.721562819869990e+01, 3.744473199300782e-01, -8.552679486137155e+00, -1.242108222086754e+01, 2.229234993457866e+01, -1.209946070015580e+01, 3.287190646645590e+01, -3.881114163002702e+00, 1.154717349175412e+01, 1.648651186680851e+01, -1.499045892201531e+01, 9.641687937678023e+00, 9.171484044389652e+00, -3.011231027974378e+00, -5.951027361268403e+00, 5.439225015172642e+00, 4.448513516888022e+00, 7.014212336074808e+00, -6.268605383727945e+00, 6.390736439442857e+00, -1.358948401863321e+01, 2.159639748742194e-01, 8.770681066708971e+00, -1.870617768396465e+01, -5.339627194964114e+00, -8.561101456709240e+00, -1.302931245461905e+01, 8.882540838048982e+00, 7.546387897046377e+00, 1.920701045949700e+00, 2.960079825524907e+00, 1.005047742758843e+00, 3.831154225603295e+00, -2.360822920671557e+00, 4.771628469532650e+00, -9.878947916390061e-01, 4.415183652531157e-01, -7.306159001433421e+00, -6.872981779141401e+00, 1.278586700946572e+02, 8.963898074817168e+01, -1.881444592624285e+02, -8.244888808288827e+01, 1.550717994077392e+02, -4.853014787892631e+01, -4.004884371529985e+01, -4.220189803545239e+01, 8.043741220370292e+01, 1.607002619642518e+01, 1.576144761851915e+02, 6.183693309322035e+01, -3.410325812825008e+01, 1.355309461381650e+02, 2.538810507651138e+01, -5.893328136198102e+01, 7.129341032267465e+01, 4.147081712407790e+01, 1.453894276341912e+01, -8.743442624864361e+00, 1.541290492590914e+01, 3.232753271481728e+01, -2.595985646703300e+00, 3.412630047737380e+01, -1.825430848142683e+01, -1.048691909884375e+01, 2.992992867516749e-01, -5.257758956041797e+01, -2.079837381987577e+00, 2.585915462057601e+01, -3.574312209583518e+01, -2.701297884737269e+01, -2.115039647431623e+01, 4.241617233802848e+00, -5.765575177706015e+00, -9.388419291413856e+00, 2.848093667345326e+00, -1.227636251669704e+01, 7.299464590184565e+00, 1.051838381488057e+01, -3.074005658932258e+00, 1.405577306694286e+01, -9.847643393242139e+00, -7.949976624085619e+00, 1.835252040923240e+01, 1.133832182749712e+01, 7.090771946787345e+00, 7.677390503892615e-01, 1.237303977539363e+00, 2.095858902106205e+00, 5.044235448424759e-04, 6.230709159463479e+00, 1.199016266534072e+00, -1.999619444104910e+00, -4.593279111980030e-02, -5.637460366265386e+00, 1.724621456360443e+01, -1.773405865902379e+00, -8.377701403202778e+00, -7.345793689852521e+00, 1.113510855009191e+00, -3.146531802543046e+00, -1.872594783911339e+00, -3.565181510601457e+00, -8.059807520136228e-01, -3.860292756686240e+00, 1.461276761334966e+00, 2.583845190190399e+00, -4.919739557983700e-02, 1.332815501549843e+00, 1.215906605698971e+00, -8.057435376430693e-01, 3.279303708742850e-01, 8.873141123540831e-02, 6.771829063643574e+01, 2.222316464745373e+02, 3.262678630501376e+02, -1.880428968000614e+02, -3.164672375914158e+02, 9.702914487460981e+01, -1.594992709015942e+02, 7.214247337881253e+01, 1.554505098439614e+02, -2.654885270627925e+00, 2.246945394446794e+02, 1.250687221359721e+02, 3.016155743252758e+02, 1.890243483613964e+02, -1.307526314238481e+00, -6.477447795371356e+01, -1.403862538449712e+02, 5.344767122397636e+01, 8.581154952012666e+01, -1.195451114881380e+01, 4.551376353651116e+01, -2.040252978886353e+01, -2.259876043824359e+01, 3.893943684084100e+00, -6.529027951821790e+01, -4.033615420972175e+01, -8.788221761924218e+01, -3.459122427332385e+01, -1.071757309250609e+00, 1.339920644762442e+01, 3.809236672913430e+01, -1.338153849019178e+01, -2.110711634793025e+01, -7.924985649691516e-01, -6.333114178760257e+00, 1.025817693749778e+01, 3.776963902513185e+00, 8.814108269260972e-02, 2.156711391328767e+01, 1.354178313344413e+01, 2.287804870988158e+01, 4.793047029191628e+00, -4.525520090588318e+00, -9.406776306879491e-01, -1.666830691212511e+01, 2.875270280444677e+00, 4.276918032892872e+00, 1.436450519595560e-01, -5.032258274235909e+00, -4.506239644322648e+00, -2.206324843966800e+00, -1.477540570886660e-01, -6.508714388351208e+00, -2.755313337011237e+00, -7.959320110699037e+00, -9.031340252924646e-01, -9.243192457888596e-01, 7.084746703301702e-01, 1.500179707286420e+00, 2.221688311027288e+00, 4.671533747944100e+00, -1.559766605327713e+00, 4.147198579608431e+00, 1.260503618652781e+00, 4.939218746994049e-01, 3.471683379335965e-01, 3.516260257089783e+00, 8.719124473150311e-01, 2.654088624380417e+00, 7.209513572648164e-02, 4.229669051428509e+00, -8.762131913324015e-01, 2.966043284000260e+00, -4.810359662240299e-01, -3.157971287964221e-01, -1.755463190197371e+01, 7.129100102632346e+01, 2.716271204834243e+01, 1.027771917426401e+01, -1.732854337680491e+02, 1.377631547243553e+02, -2.811095426169961e+01, -9.404589718811032e+01, -1.429563187235025e+02, -4.595588180292756e+01, -5.800031955829101e+01, 7.656278093305305e+01, -7.011087036668334e+01, 6.394317965613665e+00, -7.495435710377405e+00, -8.320497903209196e+00, 2.219498625740622e+01, -1.648675649539438e+01, 4.874529367990058e+01, -2.787232712280289e+01, 1.684015618853997e+01, 1.004786242243860e+01, 1.702000814525562e+01, 4.198512854238162e+00, 1.346195023502263e+01, -1.547107180778190e+01, 8.273681284261812e+00, 6.781805749909794e+00, -5.995889447030849e+00, 3.782981889514211e+00, -1.157632062452153e+01, 5.759660233454403e+00, -1.861427221727389e+01, 9.263802020916138e+00, -7.587662507254300e+00, 3.715547982174774e+00, 1.632756546910442e+00, -5.559286722746274e-01, -5.790370743141463e+00, -2.919545569648250e+00, 3.187911087589941e+00, -5.882655136498366e+00, 2.445298846549119e+00, 1.191679339470672e+00, 1.002453195398174e+01, -1.731330743171572e-01, 8.792984198401815e+00, -3.519238773650336e+00, 5.465942023500355e+00, -2.438642892942825e+00, -9.246148517946827e-01, 1.336475064704266e-01, 1.611684649482546e+00, 2.328708863668977e+00, -1.375262870680445e+00, 3.956853839979642e+00, -1.501843258872356e-01, -8.581198131894082e-01, -4.457941916671349e+00, -1.512485302800103e+00, -3.991885417096626e+00, 1.788963016372952e+00, -2.699020243084809e+00, 2.187664575644582e+00, 1.649467384304743e+00, 1.033903702881029e+00, -1.057416664752812e+00, -8.654985067715274e-01, 1.257729853935755e-01, -2.162907954830556e+00, -7.317070803409274e-01, 1.650486490526166e-02, -1.024800322443813e+00, -1.266559021163085e-01, 2.328835973273403e-01, -1.918762946820785e-02, -1.299951971484636e+01, -5.073975638793184e+01, -1.900588930150515e+02, -1.074910352094242e+02, 1.393824784181432e+02, 5.857616284525184e+01, 6.157890851373899e+00, -1.415185536608645e+02, -1.575058841550180e+02, -2.886117724381661e+01, -1.412081023450374e+02, 7.580849855396445e+01, -1.106560141895135e+02, -1.635324765554947e+01, -1.204809606286602e+01, 2.148240287149202e+01, 7.747355814016169e+01, 1.810087616968684e+01, -5.604312617160157e+01, 1.036427084667519e+01, 1.208415858663397e+01, 3.784908418326695e+01, 3.025578253962567e+01, -6.418680856833383e+00, 1.914185711661576e+01, -1.702697953879818e+01, 2.322824361266101e+01, -7.692037844920981e+00, 2.827838612711540e+00, -2.903399550316754e+00, -2.196072618823132e+01, 6.559232054083628e-01, 1.990624557162159e+01, -1.029135723674023e+01, -6.451137805343482e+00, -9.079220795744369e+00, -4.736982893424277e+00, 4.286515061608662e+00, 4.521085391238688e-01, 1.169090748175510e+00, -7.170827845861393e-01, 5.360807922707358e+00, 1.659501754963218e+00, 1.334064701837913e+00, 5.682295058909792e+00, -3.529431959217489e+00, -6.947288676178263e+00, 5.549405795781539e+00, 3.481778460496498e+00, 2.802326357191984e+00, 1.850282834227627e+00, -9.988348626168618e-01, -2.660257666931758e+00, 1.401019888112373e+00, -1.183169675588047e+00, -2.087169264200274e+00, -2.190037404746896e-01, -9.607037047168738e-01, 5.743781106786521e-02, 7.101934151475059e-01, 1.570755856034730e+00, -1.689818892277017e+00, -1.608607511317119e+00, -8.041790814012164e-01, 4.964623943997448e-01, 1.449602173206545e+00, 1.230118470012387e+00, -7.095200436303652e-01, 1.521691952739654e+00, 4.962809654418304e-01, -1.178468233731405e+00, 9.180964486255079e-01, -6.762031823769572e-01, 1.596482079198563e+00, 9.584331806519325e-01, -9.582048070673073e-01, -2.074122139485227e-01, 2.459528539468090e+00, 1.113721358129398e+01, 1.701177457052049e+02, -7.820532864982628e+01, -3.931995029717210e+01, 1.004984665300207e+01, 9.211001589371766e+01, -1.050673430336500e+02, -8.558623535272643e+01, -4.066647330798175e+01, -8.122405949505347e+01, 7.159587460968038e+01, -8.896314105192499e+01, -2.323052593337077e+01, -1.628317859696890e+00, -1.103053293455640e+00, -1.114936794017182e+01, 3.081734742318258e+01, 1.781402718228756e+01, 1.392075283581212e+00, -1.381034275923087e+01, 3.232937936270203e+01, 1.907846386610294e+01, 4.842413380000328e+00, 1.559605387086234e+01, -1.431378896569531e+01, 1.885888717697776e+01, -1.221154744633204e+00, -2.228314308885222e+00, 7.514619964663407e+00, -9.564925187710469e-01, -1.006899159983703e+01, -2.811522398917320e+00, 2.066748303278393e-01, 1.758015733586475e+00, -4.314890837043416e+00, -1.439370634123389e+00, 1.838006197594738e+00, 1.079637540443072e-01, 7.542962834803471e-01, -2.780876088159693e+00, 2.425869206468965e+00, -3.823576291088033e-01, -9.486713341877663e-01, 1.532654182592639e+00, 2.187590241843705e+00, -8.953854854555567e-02, 1.200248946041871e+00, 4.292063550406984e-01, 8.139910933729377e-01, -4.211974638415884e-02, -6.348223297340067e-01, -1.021650919837701e+00, 1.159304596131082e+00, -2.360522263520239e-01, -9.324585724201594e-01, 1.765838665748616e+00, -7.385061787610421e-01, -3.847866384461307e-01, -3.400444521006817e+00, 2.341663092191287e-01, -3.352414798224333e-02, -3.347645601230276e-01, 1.340930498808550e+00, -7.815072603026225e-02, 2.742790790169742e-01, 5.566653161724811e-01, -5.803672282674817e-01, 1.402979988854814e-01, 2.517844332829777e-01, 3.810295776066166e-01, -7.147123965718846e-01, -1.304089169992778e+00, 1.983790124002736e+00, 6.472587848402432e-01, -1.144786238933819e+00, -5.314855229003348e-01, -8.073681991726700e-01, -3.419446282016272e+01, -9.934877422071553e+01, 2.824933396861393e+01, -3.296493972505213e+01, 1.294464344886423e+02, 1.720290622826850e+00, -4.687675732009055e+01, 8.850247475554797e+00, 1.168984548655910e+01, 4.078469610625550e+00, 1.983164486840612e+01, 1.739416196269275e+01, 2.896578893424552e+01, -3.486630228051140e+01, -4.839629943242454e+00, 3.031634608001377e+01, 1.517237465181673e+01, 2.549848966587438e+01, -1.752413663357444e+01, -4.251221453127781e+00, 9.022205516627274e+00, -2.546925474267626e+00, -8.290096329132457e+00, 5.046627184494822e+00, -4.406753748219971e+00, -1.759293527374008e+00, -9.839716720292486e+00, 7.478256914822447e+00, -5.081619364835432e+00, 1.377233137329136e+00, -5.261750861086711e-01, -1.149279844769770e+01, 6.795582961912672e-01, 1.636099280816832e+00, -1.458137624557938e+00, 2.334359882997247e+00, 2.950541800835641e+00, -3.579113273415156e+00, 3.845585085225678e-01, -2.141037669397857e+00, 4.500313012486922e+00, -7.395526018547995e-01, -7.918885968880273e-01, -7.896754655093697e-01, 7.278817761253863e-01, 4.979177138948241e+00, 1.216407841436647e+00, 6.475586433592619e-01, -1.634713136078779e-02, -2.557405352329062e+00, -3.447539824295683e+00, -1.693310431706107e-01, -1.473663984595740e+00, 3.959566888284929e-01, -1.363575993415499e+00, 4.302577703434478e-01, 1.682099628560836e+00, 1.084779529571073e+00, -1.989061531268460e-01, -1.656128700334323e+00, -1.584207970206072e+00, 1.569033251085051e-01, 9.942236699077150e-01, 1.379660811683459e+00, 5.996803823045443e-01, 3.262365329400650e-01, 1.689633747188167e-01, -5.788808491068358e-01, 1.030009362196117e+00, -2.552584617447900e-01, 5.815052603885141e-01, -1.069389900339054e+00, -1.369459652774107e+00, 4.310546439317017e-01, 6.578459334148320e-01, -1.371523284714917e+00, -8.842021723419239e-01, -3.149938342672691e-01, 3.417372903718235e-01, -3.658251063399390e+01, -3.148378733539495e+01, -5.693352973003753e+01, -9.905713262567973e+01, 7.678335665497953e+01, 3.395551909463332e+01, 4.537282044705499e+01, -3.144156760130792e+01, -2.516991755959553e+01, 1.637233004862401e+01, 3.255701138521254e+01, -3.731603725926722e+01, 5.872341896214519e+01, -9.417180878182544e-01, 1.353895823293081e+01, 4.981219670268802e+00, 8.846615317001596e+00, 1.719029081885927e+01, -3.195431747669229e+01, -6.304531446935049e+00, -1.333111215894859e+01, 9.542462180955471e+00, 3.002663517303339e+00, -6.352371888170820e+00, -1.342844486221295e+01, 7.249379249628248e+00, -1.266307164998521e+01, 4.342893222763508e+00, 6.391512767887123e-01, 5.299503366420777e-01, 8.259239866108652e-01, -3.073896855337911e+00, 1.079840582277915e+01, 1.053194300577404e+00, 3.276906396667437e+00, -1.244522596085010e+00, -4.641774630529318e-01, 1.972712504948091e+00, 4.607120665897134e+00, -3.190103689263591e-01, 2.498677039795142e+00, -2.131150667388446e+00, -1.447479506092108e+00, -2.497954322027778e-01, 3.983076544266958e-01, 2.063409481671859e-01, -2.243358753480055e+00, 9.075392871505165e-01, -1.831662912521778e-01, 3.417975658759922e-01, 2.929125915205090e-01, -4.201589353367690e-01, -1.116460340889459e+00, -6.159466477063490e-02, -1.384347445932285e+00, 4.940151918946014e-01, -3.958209594732945e-01, 3.533214868859481e-01, 2.904905568798605e+00, -9.927733439946512e-01, 3.137588399733499e-01, -4.810041697644415e-02, 1.237930749078674e+00, 4.548057466562248e-01, -1.183129368862872e-01, 8.296548704658551e-01, 3.045962270072453e-01, 1.308494115351671e-02, 6.674774188681388e-01, -6.819507170540995e-02, 4.135342538895720e-01, -2.808411754239084e-02, -1.300915031840399e+00, 1.066880081547210e+00, -1.430840157661229e-01, -8.115448853831417e-01, -9.567092897534732e-01, -6.526465471015803e-01, -1.499101747419724e-01, -3.087304669065921e-01, -1.103223152874801e+01, -7.169230751498438e+01, 1.913713400216861e+01, -1.139057967839354e+02, -2.872756994217427e+01, -1.585515377400972e+01, -4.943022528196547e+01, -5.998155271502561e+00, 3.885010137035668e+01, 5.138475902614138e+01, -2.193536180865293e+01, -2.718387412679654e+01, 5.583069798229976e+01, 4.049447819804859e+01, 7.564552574598618e+00, 1.465681718639523e+01, -1.367159190100867e+01, 2.829064707117338e+01, 9.402713333704170e+00, 8.937063920129498e+00, 1.713611688680822e+01, -8.806696486426784e+00, -5.788144292719518e+00, -9.433411551827598e+00, -8.016080101909135e-01, 5.698031834240576e+00, -2.067697184910770e+01, -6.047136110243959e+00, -3.980238889084956e+00, -2.035191977379105e+00, 4.243104515928665e+00, -5.727280191104748e+00, -1.391332339438679e+00, -3.548730922063335e+00, -6.087316955284424e+00, 4.237841679475693e+00, -1.187565777767987e+00, 1.477991739579998e-01, 2.606886940955599e+00, -2.002775198515375e+00, 5.179900429205071e+00, 9.125044652939438e-01, -5.152386338699283e+00, 4.369049759248280e-01, 1.088143087991343e-01, 2.138387069009235e+00, 1.666697973054350e+00, 1.354651985352561e+00, 2.002136018719114e+00, -1.800907467020620e+00, 1.025571024135653e+00, 5.002663547388229e-01, -1.845448468021854e+00, 7.849383737947463e-01, -1.343813456641257e+00, -8.903448962799290e-03, -1.159147267611877e+00, 1.160549350884482e+00, 1.971236559796697e+00, 3.439172048527003e+00, 1.906172624977649e+00, -2.306696749940236e+00, -2.093013029716591e+00, -5.209331362138606e-02, -1.558010070883578e+00, -7.862832164476536e-01, -1.667725964802746e-01, -3.917079583659233e-01, 2.519619970760376e-01, 1.143508198312262e-02, 1.238462163023129e+00, -4.793248720044545e-01, -4.583792550907583e-01, -2.127437166546454e+00, -1.586014149687333e+00, 2.779993433719895e-01, 1.567326436629577e-01, -6.641071232535217e-01, -1.423471578936739e-01, -3.758398075903488e-01, -2.841406046551073e-02, 4.028621846099620e+01, -6.354731139077875e+01, 6.563026346535777e+01, -4.939667733016218e+01, -9.405252652146979e+00, -2.037434035657616e+01, -5.640135750277577e+01, -4.272714687780965e+01, 3.362474314706931e+01, 1.037878726650836e+02, 1.280240690370360e+01, 1.580502339000160e+01, 2.342390468859568e+01, 5.017132096143133e+01, -1.828546759956323e+01, 9.552903214380835e+00, -1.895965665843820e+01, 4.791854205643508e+00, 5.181254646256465e+00, 4.745359442072749e+00, 7.770117106166779e+00, 7.914565448442681e+00, -2.360015667279372e+00, -1.595292376185169e+01, -5.263632248735094e+00, -4.709008425364244e+00, -2.246939850343252e+00, -1.160881580720939e+01, -5.874737549103541e-01, -1.540519821654531e+00, 4.979672084787793e+00, 2.681773065362320e+00, 4.678615700498163e-01, -7.493434164852076e-01, 4.941629332848596e-01, -1.401335004545164e+00, -2.930524079255904e+00, -1.675243423644402e-01, 2.334360563916321e+00, 2.088659795421739e+00, -1.513188792753154e+00, 2.750779555559138e+00, 6.458415657556675e-01, 3.773110965772535e-01, -1.772093350565589e+00, -6.337403364899738e-02, -6.212378569715320e-01, 3.918066046894447e-01, -1.345433584987964e+00, -2.273756484074180e-02, 1.490827183057830e+00, 7.150570952176576e-01, -1.136719073463357e+00, -1.406611763687101e+00, 1.109959879894907e+00, -6.848591050202729e-01, -7.753040993297413e-01, 3.987265441286422e-02, 1.100599951965308e+00, 2.304851044906801e+00, 2.005170955478552e+00, -7.548229378688691e-01, 8.399845361180708e-01, -1.100352010964457e-01, -1.182651884591711e+00, -6.579359539315335e-01, 4.991840805881358e-01, 9.188188584639713e-01, -6.265027429785047e-01, 4.815409832665142e-02, 3.922555422102150e-01, 6.007177789879178e-03, 9.356682932042955e-01, -1.845691792164829e+00, -6.823554175102466e-01, -1.077109751730514e-02, -1.797401646647322e-01, -2.068430536384102e-01, 1.624535499097699e-01, -8.670201650689519e-02, -3.562613607218337e-01, -1.046327920989581e-01, 5.485490674697029e+01, -3.394303364401657e+01, -1.316055751743076e+02, 5.434955221265082e+01, 1.146742438009621e+01, 2.560273157248948e+01, 6.216529278308203e+01, 6.500263925285769e+00, 1.684402105438092e+01, -2.064873607247365e+01, -4.232276974156313e+01, -2.496948138576485e+01, -1.108644129477412e+01, 6.905342121311064e+00, -1.612273007880724e+01, 5.068202484248088e+00, 4.165633955595344e+01, -2.842123366296126e+01, -1.917811826788204e+01, 2.902657801411477e+00, -6.418274102777341e+00, -1.148475912609104e+00, 2.901645905304036e+00, 1.015886752501059e+00, 2.103227828095289e+00, 6.065196225152878e+00, 6.079749510318481e+00, -2.465367223150506e+00, 1.342434379408049e+00, -2.978391645310084e-01, -1.499875606521050e+01, 9.290647190470656e+00, 5.499858997479962e+00, -1.491919073343321e+00, 7.068955639238015e-01, 4.308618483723579e-01, -2.704753294394161e+00, 1.943885706249857e+00, 1.471717176008142e+00, -1.119693420397285e+00, -1.302173943250495e+00, 7.109908645221518e-01, 2.286790965395659e+00, 2.294959756351584e-01, 5.540200395826632e+00, -4.604526608649061e+00, -2.099655561273435e+00, 1.216367699585228e-01, 3.927131619151560e-01, -7.573928512848830e-01, 1.961827639770863e+00, -6.608676261500760e-01, -4.722040658087713e-02, 9.612161207287726e-01, -3.110139531162111e-01, -4.651622086443557e-01, -2.007505328922077e+00, -2.162113861193238e-01, -1.887090333271429e+00, 2.245876383143847e+00, 1.123881875734537e-01, 4.301347829056396e-01, 6.365033224835225e-01, 7.099855180394462e-01, -4.063891053496690e-01, 7.792148812891642e-02, -5.240772507555509e-01, -7.460720365583366e-01, 2.864013775446378e-01, 9.194960935085099e-02, 3.708585096050375e-01, -8.859924792023377e-03, -5.532544588510453e-01, 3.439694814772880e-01, 2.448996832006768e-01, 2.514586776204810e-01, -6.892629707779068e-01, 7.706051468060941e-02, -3.090876731857575e-01, 1.207417266625793e-01, 3.166554731653738e-01, 1.468571981573482e-01, 8.308736057449742e-02, -1.039744039137818e+01, -3.742833469188727e+01, -6.540339694023614e+01, -6.496505736610386e+00, -3.369106424579462e+01, -6.359284544952242e+00, -2.607790120372679e+01, 4.446090392689935e+01, -2.323307542551412e+01, 1.362439306987530e+01, 2.894943839677141e+01, -3.299543910481759e+01, 3.752658642852830e+01, 1.265416730276096e+01, -4.980180175344602e+00, 1.151296267374821e+01, 1.898455181425866e+01, -1.117570704368009e+00, 5.708724177263263e+00, 5.028212469955800e+00, 1.347706618325642e+01, -1.083211836430313e+01, 8.905113293307966e+00, -3.770155001628875e+00, -1.276935178847553e+01, 3.347727538471684e+00, -5.109632050412293e+00, 1.183451956595974e+00, 1.191995012118193e+00, -1.309055671663698e+00, -7.151603836708660e+00, 2.354170013120866e+00, -9.138399038965738e-01, -1.566993402965503e+00, -3.796217041101779e+00, 1.732730583107826e+00, -2.972984507145303e+00, 1.290302354160282e+00, 3.215184695224952e+00, 1.568058460853651e-01, 1.993881744716880e+00, -1.073788449950291e+00, 1.210194928117724e+00, 5.833183276412072e-01, 2.621572405525876e+00, -2.559229971608901e+00, 2.206827458316447e-01, 4.021400392253819e-01, 8.404887607685674e-01, -7.257943232032199e-01, 1.020225425768917e+00, -6.430329689140688e-01, -8.277073815314082e-01, -6.215027625268276e-02, -1.249425790722289e+00, 2.050955822747138e-01, -7.116905472605562e-01, -4.480227374766149e-01, -2.607789126745248e+00, 1.291582356815883e+00, -2.643212006052507e-01, -7.339830788420434e-02, -9.367112805858276e-02, 7.582215624929569e-01, -2.201965870415857e-01, 3.793864020714770e-01, 2.792356523436499e-01, -6.623026723558412e-03, 3.798157278352505e-01, 1.072932608797900e-01, 2.154280735699726e-01, -3.717706776015131e-03, 7.405849508168815e-01, 5.082534259869835e-01, 1.371178376161946e-01, 2.411793213280150e-01, -5.029538973904685e-02, -1.501575991805606e-02, 7.860887870171215e-02, 9.546923480508293e-02, 3.378205538846645e-02, 1.515333014415473e-02, 1.592342235196087e-01, 2.600974797329424e-02]
