elements:      [Te]
cutoff:        8.0
pair_type:     gaussian
feature_type:  gtinv
model_type:    2
max_p:         2
max_l:         8

gtinv_order:   3
gtinv_maxl:    [8, 4]
gtinv_sym:     [0, 0]
gtinv_version: 1

electrostatic: 0
mass:          [127.6]

n_pair_params: 11
pair_params:
- [1.0, 0.0]
- [1.0, 0.777777777777778]
- [1.0, 1.555555555555556]
- [1.0, 2.333333333333333]
- [1.0, 3.111111111111111]
- [1.0, 3.888888888888889]
- [1.0, 4.666666666666667]
- [1.0, 5.444444444444445]
- [1.0, 6.222222222222222]
- [1.0, 7.0]
- [0.0, 0.0]

n_type_pairs: 1
type_pairs:
- atom_type_pair:      [0, 0]
  pair_params_indices: [0, 1, 2, 3, 4, 5, 6, 7, 8, 9, 10]

type_full:    1
type_indices: [0]

n_coeffs: 35244
coeffs: [-2.670319926404486e+00, 8.960271540121974e+00, 1.310574707056512e+01, 4.254145689858396e+00, 1.162640178961028e+01, -3.779016966925445e+00, -2.901388379195978e+00, -8.195916170149760e+00, -5.069644870157656e+00, -1.060417651726546e+00, -5.390524924424687e+01, -5.640721161948142e+01, -3.060190917589495e+01, 4.609347704133962e+00, -1.518645894768634e+01, -3.595884432447423e+01, -1.086767795231650e+01, -1.023395148916561e+01, -2.355306572455462e+01, -2.482642679693312e+01, -1.640468897050529e+01, 2.222509214217126e+01, -8.113952554306112e+00, 1.379270434788694e+01, -2.475893414565721e+00, 2.958245362864430e-01, 7.384333383417296e+00, -7.845145915548061e+00, 6.994488765121173e+00, -1.659279601858834e-01, 3.309711476022299e+00, -5.708942348362629e+00, 6.596639753124628e-01, 1.637263544868029e+00, -4.193651642489251e+00, 1.117903429903268e+01, 4.216621188682560e+00, -2.035380068407659e+00, 1.172947391677211e+00, 8.991791571373623e+00, 6.729856379695111e+00, 4.192626061874750e+00, -2.567690145297964e+01, -9.762048982151013e+00, -1.945562925643338e+00, -1.155273362923744e+00, 1.967137173131641e+00, 5.398782544761723e+00, -1.195562801878992e+00, 4.371859002859616e-01, -5.255317944421431e+00, -3.243858441786918e+00, 1.362853022385030e+00, 8.919102876583161e-01, 9.632390049944946e-01, -1.216567897827098e+00, 7.230678272141967e-01, 2.990321488557800e+00, 1.261353294019505e+00, 9.314278647712321e+00, 3.567195009445183e+00, -8.986107676502108e-01, 1.142665815373685e+00, -8.566100513016153e+00, -1.367005512956936e+01, -8.976630045020050e+00, -3.745962692180362e+01, -1.326327233287661e+01, 1.397212245606256e+01, 5.063034014220052e+00, -3.154035301093176e+00, 8.948899096389329e+00, -5.106357597931289e-01, -1.202642135885098e-01, -2.938996545247503e+00, -7.233078230966572e-01, -9.501474481237148e-01, 9.592101552900678e-01, 2.349081114681731e-01, 5.042536236331364e-01, 1.809476974962038e-01, 7.354506391317698e-01, -2.273694633744301e-01, 2.414509379307555e+00, 1.559677088129763e+00, 9.257375383912251e-01, 3.646987369995650e-01, -8.723735092641972e+00, -2.504566280046523e+01, -9.056625601014856e+00, -1.174340011733072e+00, -8.865132739280298e+00, 4.007726163161751e+00, 1.152516569668787e+00, 2.263608792516429e+00, 7.445575322934667e-01, -2.546609948640828e-01, -2.643552772017398e-02, -3.748449167718352e+00, -1.121798681761478e+00, -6.538423141371702e-01, 4.659544677607649e-01, 8.696022989358847e-01, 3.068827881339065e-01, 2.319818281838147e-01, 1.295917524921880e-01, -9.835642923738175e-03, 2.305426594430874e+00, -1.701113288817135e-01, 1.761966843201915e-01, 7.342707850752860e-02, -1.184630546763951e+00, -4.120735980734191e+00, -2.986831540502468e+00, 1.035138055040914e+00, -1.638412286328100e+00, 2.354097753931642e+00, -9.262710346698964e-01, 1.057110981668031e+00, -4.023524335426976e-02, -9.588676788841835e-02, -1.098108508298991e-02, -1.304818183805468e+00, -1.175946473392459e+00, -2.778834754527511e-01, 3.297302129012731e-01, 3.462143308467969e-01, 2.441364874323199e-01, 5.307816087350256e-02, 1.281967108009633e-01, 1.757242653254621e-03, 3.645507358854647e-01, 7.685025415901364e-02, 2.825995886812864e-01, 7.441420898443664e-02, 3.909589455938751e+00, -7.027442096740455e-01, -1.761480757339098e+00, -1.580478952400417e+00, 1.865749309105597e-02, -2.472299271507992e-01, 5.109873248036288e-02, -3.030467831940283e-01, 3.753072850512828e-01, -3.176837733187562e-02, 1.720804840818111e-02, 1.479562972534900e+00, 9.809780116556002e-02, 1.202841533484883e-02, 1.332869040413913e-01, 3.977073774217777e-01, 9.257313163478707e-02, 1.175452449610445e-01, 1.022878474072009e-01, 2.103891024083277e-02, -1.244158821019650e-01, -3.893575136260678e-02, -3.076151825790604e-01, -8.775478812466059e-02, -5.366688272189106e-01, -1.267918154198861e+00, -1.761451753844707e+00, 6.616543197937099e-01, 1.044690873137767e+00, -9.735991578904223e-01, 9.552462277879019e-01, -8.407245123752610e-01, 1.951078686392436e-01, 3.503361071323958e-03, -3.433262988281458e-03, -9.713438233050797e-01, 4.917994808990053e-03, 1.988136065348618e-01, -5.646443269246280e-02, -7.723303275540336e-02, 2.426714456914512e-01, 3.306261132050924e-02, 2.166959210895697e-02, -1.055761786560393e-02, 1.044235710567057e-02, -6.294993457343189e-01, -5.877895170105029e-01, 7.654155577376903e-02, 2.877428397514683e+00, 2.145486996186968e+00, -2.565013236116490e-01, 1.835337781235832e+00, 1.123605244680658e+00, -1.913753633059885e+00, 2.503813645484526e+00, -1.513229037591340e+00, -1.881512973652388e-01, 5.636388400215617e-02, 3.194023795526345e-02, 1.262466184176819e+00, 8.476353320672919e-01, 7.044113403284535e-01, -9.023959689214207e-01, 3.255601755242871e-01, -9.631846394533409e-03, 1.782612828767407e-01, -4.765342542950929e-01, 3.186069213947178e-02, 1.987293533266991e+00, 3.480439486268767e-01, 7.401697531766822e-01, 3.561918046739788e-01, 4.534461873456740e+00, -2.335520487239213e+01, -8.419736179662509e+00, -7.508243196981268e-01, 3.056482181225835e+00, -3.656974490595517e-01, 7.743571419542565e+00, -1.091358416512663e+01, -2.565046933638911e+00, 8.778019924285032e-03, -2.634530330460940e-01, -3.901894585051739e-01, -5.569432262761152e+00, -7.757723534548051e-02, -2.678275020556248e+00, -4.136324355365308e-01, -6.453038645812720e-01, -1.132052269836395e+00, -2.777546869152478e-01, -3.014278741461904e-01, -1.558238560372998e+00, 3.001302749166753e+00, 6.113971869427218e+00, -7.843640614245377e+00, -7.409537267551055e+01, 6.023929190139490e+01, -1.356479143149491e+02, -3.252845418107758e+01, -4.624352476594979e+00, -5.539836149943079e+01, -2.471966981175772e+01, 5.228671752652031e+00, -3.126592452218030e+00, -3.425603196882417e-02, -2.048546728040211e-03, 1.890270650219939e-02, -1.059643663561249e-01, -8.722571068330259e-02, 1.900590794784761e-01, -6.676232999751243e-02, -2.456839232906425e-02, -1.894953230800340e-02, -1.417338589984225e-02, 3.386613157835479e-04, 2.167103121155897e-02, -5.699546675194037e-02, 1.945736798125625e-02, -7.658424502332673e-03, 9.750695761783458e-01, 4.613629607180965e-01, -3.418373875708801e-01, -1.782686417571242e-01, -2.584892751481119e-01, -2.159167975605280e-01, -6.446291064949694e-01, 4.393871848061051e-01, 2.579134407134957e-02, 8.960271668174796e+00, -5.390524922314801e+01, -7.990948538868290e+01, -5.640721107599696e+01, -2.786943315212297e+02, -1.115141605572964e+02, 3.060190915822906e+01, 6.560377151468117e+02, 1.251516797898001e+02, 4.595402647574113e+02, 4.609347943476266e+00, 1.043956922045544e+02, 3.990901705521644e+01, 2.223545600541514e+02, 9.398947702258752e+01, -1.518645890952387e+01, -2.477109103790389e+02, -3.192281968005366e+01, -2.261295348564882e+02, -1.038133275117789e+02, 1.104767968571793e+02, -1.300119838525757e+00, -1.949045981633633e+02, -1.268992842496151e+01, -2.209186622301405e+02, -9.201193477132179e+01, 1.047163903572676e+02, 8.970413395938138e+01, 3.077881740379637e+01, 1.340092532166084e+02, 6.574772285775326e+01, -8.953645543853105e+01, -1.784167361911382e+01, 1.588967499295829e+01, 1.266814504035391e+01, -2.824255295184281e+01, -1.047303403718889e+01, -2.730316384449677e+02, -5.659729929666953e+01, -2.411710571225289e+02, -1.068409335769033e+02, 1.126561952378754e+02, 1.167095519591254e+02, 3.715318429485668e+01, 1.128560007948927e+02, -1.266716265428699e+01, -1.505886954669305e+02, -5.418575594113517e+01, -1.509636537479229e+02, -7.843858737852135e+01, 9.464167246207761e+01, 7.143419713242938e+01, 1.504274185965677e+01, 8.598206507134638e+01, 6.937988082779994e+01, -7.990948692730828e+01, 2.071071425559933e+04, 1.235381374950770e+04, 1.546043910136338e+04, 8.516307871727535e+03, -9.239502371798526e+03, -8.970531041464306e+03, -5.277189490626429e+03, -8.001509817455672e+03, -6.521129718898796e+03, 3.164060581706947e+05, -2.786943323999790e+02, 1.235381373694952e+04, 7.905912654816534e+03, 7.785324767465590e+03, 5.486531694687981e+03, -5.108010738398790e+03, -4.743724000212317e+03, -3.644932096732554e+03, -4.164568843936033e+03, -3.916508198185004e+03, 2.025111362957658e+05, 1.246061871975893e+05, -6.560377140807992e+02, -1.546043909591191e+04, -7.785324767141080e+03, -8.496194355650419e+03, -5.663062593718223e+03, 5.352240720725783e+03, 5.214873362726355e+03, 3.745217870857715e+03, 4.652789073629124e+03, 3.845155810802937e+03, -1.876625292884840e+05, -1.056963918260543e+05, 9.479152254142327e+04, 1.043956932354945e+02, 8.516307859000135e+03, 5.486531701125822e+03, 5.663062591621352e+03, 3.607303788866663e+03, -3.616569992640662e+03, -3.405511048648336e+03, -2.459590076313605e+03, -2.991963194157063e+03, -2.638406551367046e+03, 1.251884323901169e+05, 8.033070329969912e+04, -6.981971567098114e+04, 4.974831918763754e+04, -2.477109108116102e+02, -9.239502380594871e+03, -5.108010745356745e+03, -5.352240719437081e+03, -3.616569990165103e+03, 3.413881170385092e+03, 3.325990600866473e+03, 2.353167942287062e+03, 2.878576778713510e+03, 2.579406013066204e+03, -1.249202937182744e+05, -7.436189475475700e+04, 6.494023119843766e+04, -4.823448467235114e+04, 4.469702210598389e+04, -8.658474784526916e+00, 1.099613449882695e+04, 6.541578595194588e+03, 6.156223750817793e+03, 4.639615560456067e+03, -4.103779833785406e+03, -3.822107086158442e+03, -3.158852545244158e+03, -3.370678092310385e+03, -3.145556883420504e+03, 1.619763828663691e+05, 9.473107802600502e+04, -7.941648171278564e+04, 6.277388862424059e+04, -5.648312850428463e+04, 7.013968138478375e+04, 1.258779337494004e+02, 9.219653357768064e+03, 5.477158657635277e+03, 5.280610761419020e+03, 3.800937311084467e+03, -3.474163905721092e+03, -3.259867420837793e+03, -2.613212486735933e+03, -2.872452964141619e+03, -2.605203918359986e+03, 1.292791866565594e+05, 7.678738658482564e+04, -6.514612257757717e+04, 5.003842582390537e+04, -4.593650006320652e+04, 5.757791546378582e+04, 4.689770320847571e+04, 1.975933943237557e+01, 7.055182562854459e+03, 4.460105870527592e+03, 4.151163350674774e+03, 3.041995502495095e+03, -2.769072221132894e+03, -2.587537388088525e+03, -2.080835203850086e+03, -2.240708224534645e+03, -2.136049004517922e+03, 1.056842973518152e+05, 6.465822209845176e+04, -5.395388375122751e+04, 4.172846033553939e+04, -3.821336798452822e+04, 4.871494671980175e+04, 3.950052284726657e+04, 3.336761031252806e+04, -6.779398129831269e+02, -1.488440619307213e+04, -7.331695092586454e+03, -7.689000968052183e+03, -5.406567132032912e+03, 4.886382781164943e+03, 4.780594739032351e+03, 3.642797666135604e+03, 4.260747711203190e+03, 3.544572759049206e+03, -1.739692320811862e+05, -9.429501219067171e+04, 8.353689893348467e+04, -6.381317137133951e+04, 5.775930303632515e+04, -6.923837793599079e+04, -5.744322643647993e+04, -4.779249416168709e+04, 7.217698958528363e+04, -4.603247962684127e+02, -1.033725319485061e+04, -5.219937603697485e+03, -5.341156802190981e+03, -3.811802263897624e+03, 3.436465560803644e+03, 3.351797568773643e+03, 2.555889193554892e+03, 2.954628116643496e+03, 2.539402973303492e+03, -1.240671899203330e+05, -6.860687864007328e+04, 5.995246812499560e+04, -4.608822149961255e+04, 4.162710797030181e+04, -5.052710164201618e+04, -4.176619128612417e+04, -3.484591119242254e+04, 5.194042861881199e+04, 3.746341503960991e+04, -2.921269059293030e+02, -9.421080910698953e+03, -5.548272383190855e+03, -5.458000793993760e+03, -3.768874986430825e+03, 3.555962695434925e+03, 3.357138244728472e+03, 2.619529722953153e+03, 2.958310125519024e+03, 2.606934270700001e+03, -1.244292478762709e+05, -7.499736074642083e+04, 6.434501777375455e+04, -4.801316119924310e+04, 4.501349231615172e+04, -5.691209863130029e+04, -4.599352946319172e+04, -3.856818333945022e+04, 5.734886283683675e+04, 4.155047035587647e+04, 4.473141858744551e+04, 3.800915969149878e+02, 9.838076987575108e+03, 5.181477668087755e+03, 5.166415289208979e+03, 3.739230465433742e+03, -3.360764581776252e+03, -3.267331925814149e+03, -2.489892809256026e+03, -2.842468838161144e+03, -2.541528144665785e+03, 1.234986241842128e+05, 7.005104176386181e+04, -6.035184829378778e+04, 4.668712757389262e+04, -4.205760427023913e+04, 5.181742223247373e+04, 4.266496465296047e+04, 3.569405852512838e+04, -5.249323512566357e+04, -3.795507255631962e+04, -4.229977333249846e+04, 3.853071556285608e+04, -1.488161784287285e+02, -7.464619235650936e+03, -4.695875315298915e+03, -4.480683413795927e+03, -3.128706478629983e+03, 2.949527204473522e+03, 2.776525602664542e+03, 2.163785950480670e+03, 2.406021217374502e+03, 2.221797636580422e+03, -1.055996883375638e+05, -6.571916087406207e+04, 5.550828636782801e+04, -4.163763500239193e+04, 3.896799547764746e+04, -5.014949953923389e+04, -4.034027336710956e+04, -3.391741441765154e+04, 4.973920200304514e+04, 3.612673607929423e+04, 3.905662456031521e+04, -3.686158671280801e+04, 3.417917350010632e+04, 2.503108132210296e+02, 8.338417653297485e+03, 4.597815487421025e+03, 4.474517038947618e+03, 3.278437707188691e+03, -2.928832841495680e+03, -2.853493598360515e+03, -2.170604524921804e+03, -2.437202558036539e+03, -2.278299300059455e+03, 1.104705081011497e+05, 6.431054593916318e+04, -5.463798485230281e+04, 4.251207458492403e+04, -3.816875371415746e+04, 4.781192076740305e+04, 3.920558070268281e+04, 3.287022512593412e+04, -4.770594822421844e+04, -3.457242343151393e+04, -3.872518250745474e+04, 3.517147321255135e+04, -3.380684071625326e+04, 3.213775333696536e+04, -1.523386081366894e+00, -2.247732413724998e+01, -8.985999768889906e+00, 1.232429806507746e+01, 9.050276012321468e+00, -1.062742574063713e+01, -6.465523659719497e+00, 8.135102076209813e+00, -1.639831658517674e+00, -1.002977619260465e+01, -8.276599847708311e+02, -5.502024135014476e+02, -6.183583174004480e+01, -1.592214048270088e+02, 5.425865595134156e+01, -3.119965068129717e+02, -1.616874871789504e+02, -1.681088899136838e+02, -7.854438226554628e+01, -7.485544118733301e+01, 2.786901204489394e+01, 3.772683072848977e+01, 7.805828388051873e+01, -1.885244606382540e+01, 2.958246160502444e-01, -8.560570195270655e+00, -5.471173999460165e+02, -2.418842443282087e+02, 2.475267028010207e+01, -5.438583625818421e+01, 1.152594941691155e+01, 6.594201891342432e+01, 1.095106998394891e+02, 4.724591024184079e+01, 9.029709739133965e+00, -5.856364515745982e+03, -3.350425342918861e+03, -3.201901488648685e+01, -1.505363338078444e+03, 6.978873497571356e+02, -1.764553240923125e+03, -1.092665315960501e+03, -1.185012345714632e+03, -4.313875008679898e+02, -2.697698161532857e+02, 5.662513509735087e+02, -3.532734518056002e+01, 8.635901538870227e+02, -3.604658051875580e+02, -4.193651498069883e+00, -7.283577552726368e+01, 2.067738694238747e+01, -2.769674910610486e+02, -1.204173054892484e+02, -9.364020257903746e+01, -5.216451546125699e+01, 4.528041569161922e+01, 6.785886983401387e+01, 7.686444910745462e+01, 4.207902435076422e+01, 2.706871823577984e+01, -3.886275000480929e+03, -1.949296361955815e+03, 1.205444874658270e+03, -1.036207253024198e+03, 9.119002113121142e+02, -1.211612073609807e+03, -8.792117395474135e+02, -7.534187780910326e+02, 9.022242133865243e+02, 6.334836350342807e+02, 7.309022307538005e+02, -6.574481001553323e+02, 6.642835872906805e+02, -6.427678991356449e+02, 1.117903457371693e+01, 9.678598281106707e+00, 3.343231192062114e+01, 8.873866092834337e+00, 7.459477436358594e+01, -4.951982283338381e+01, 5.261067427521022e+01, 1.316408443595453e+01, -2.511445315209169e+01, -1.457943640838622e+01, 1.437325244010359e+01, -2.665170868655539e+01, -1.040941143604021e+01, 1.226210876052158e+03, -2.584605823645180e+02, -8.197319216686053e+02, 2.189106276183653e+02, -3.311909993898639e+02, -1.312547580939426e+02, 6.834557905903441e+01, -6.147808987346641e+01, -7.346009374459258e+02, -4.463488661004253e+02, -2.594288209246740e+02, 3.320545133164167e+02, -9.983817384030284e+01, 2.008639769561209e+02, -4.216621265140437e+00, -8.871749120035888e+00, 6.091497181841568e+00, 1.676436451479988e+01, 6.995326575403054e+00, 3.426422650939952e+01, 1.076352437782517e+01, 3.665537086155822e+01, 2.776903776244151e+01, -2.756629296315018e+01, -1.682477167079902e+01, -3.078298081912616e+00, -1.797345979319617e+01, -1.946310806192596e+01, -6.517205149981534e+02, -3.199605197542294e+02, -1.739428984025894e+02, -1.049326787216806e+02, -1.527703808244612e+01, -9.783889296590490e+01, -3.121514287634315e+01, -6.346541763319929e+01, -2.283324844866423e+02, -1.645824833214193e+02, -4.498176095815625e+01, 1.280418699189424e+02, 1.608302444169180e+01, 6.914092954052352e+01, -2.035380235353799e+00, 5.483171393631397e+00, 1.090742225883432e+01, 6.910980377566574e+00, 5.144280448523102e+00, -7.439717871329376e+00, -1.864568581893153e+01, 2.012231801077667e+01, -2.216743529497566e+01, -6.379198770196554e+00, 1.878668567726197e+01, 6.278118668645648e+00, -1.542701557659154e+01, 8.093720357185145e+00, 2.112821178391897e+01, 3.746338890510718e+02, 5.538382072583112e+02, 8.555630264871498e+01, 1.659194695525352e+02, -5.512612523567807e+01, 3.531804513041793e+02, 1.957973954489571e+02, 2.104602036275990e+02, 6.644997205314337e+01, 3.983426619731809e+01, -8.039489565516980e+01, 2.772940319428037e-01, -1.270443418857405e+02, 5.980407309937746e+01, 1.172947533798622e+00, -8.905981519480807e-01, -1.690837958050621e+01, -5.308206050052550e+00, -4.561104440532855e+00, 7.171971301884121e+00, -1.251307627280112e+01, 7.819183593619485e+01, 7.260120821767403e+01, 9.784492226343975e+00, 1.993340065627511e+01, -1.022579166327829e+01, -1.878091012726174e+01, -3.790647904323382e+01, -3.243125315253846e+00, -8.172143582785681e+00, 5.779726691633529e+02, 6.700095635218405e+02, 8.019941110409449e+01, 2.114505707689912e+02, -8.430236548122424e+01, 4.025474363556914e+02, 2.200709665265718e+02, 2.465385980734414e+02, 1.261254067453193e+02, 5.792859123378682e+01, -9.250637570356506e+01, 6.629255646603887e+00, -1.516248868264686e+02, 6.787953349810965e+01, -4.078842723962176e+00, -5.459067251952975e+00, -9.603962423818620e+00, -1.053167831377212e+01, -5.725013244340176e+00, 7.135692420630451e+00, 8.874755575834264e+00, 3.830131747666917e+00, 1.209840141997159e+02, 6.120999300768556e+01, 2.173113071946952e+01, 1.843604042559328e+01, -1.902858707169354e+01, -2.720229261421205e+01, -2.707070701607039e+01, -1.431685153743107e+01, -1.820554174816255e+01, 1.570899310299031e+03, 7.532798038615250e+02, -2.877235614114824e+02, 3.695526847689674e+02, -3.103590695850265e+02, 3.952949091644893e+02, 2.678862046820087e+02, 2.657142196206578e+02, -1.378654980255861e+02, -1.148429748646663e+02, -1.873365281788467e+02, 1.627852524317798e+02, -2.186437891350195e+02, 1.940633764035066e+02, 1.652712591828720e+00, 1.280097227288482e+01, -9.160984557412070e-02, 1.332259311198232e+00, -4.899506688500988e-02, -1.299521763154357e+00, -1.368123513068394e+00, -3.706797544460059e+00, -2.021935977488480e+00, 8.472977385559220e+00, 1.235914272245404e+01, -2.996141411198779e+01, -6.787965109307446e+00, 1.309398400795500e+01, 1.312042250260935e+01, -7.111111344997153e+00, 5.541854918789292e+00, 1.359219149438875e+01, -3.690122168673894e+01, 2.822376127763628e+02, 3.335122870546379e+02, 1.522673917856945e+01, 7.185164704586235e+01, 1.261702031496763e+02, 2.431914305650200e+01, 8.869545843584588e+01, 3.254861908457274e+02, 1.964761229118099e+02, 7.270509255609979e+01, -1.299526056046879e+02, -1.389734157968342e+01, -4.462055317445410e+01, 2.292385826777071e+00, 1.970065237613793e+01, -9.122974265417808e+00, -4.832987093619356e+00, -1.596520003204388e+00, 6.648068461285533e-01, 5.166203523938316e+00, 3.864884490092825e-01, -4.038279842254440e+00, -1.291471181277766e+01, -3.836099769208472e+01, -8.239866610995673e+00, -2.074553358430910e+01, -1.429958199399479e+01, 3.105535621923801e+01, 1.115455413153143e+01, -7.291614134948735e+00, 1.726644860592707e+01, 2.055831272777001e+01, 1.375815160572656e+02, 1.487676645175386e+02, 1.118644339102916e+02, 2.845534753077913e+01, 1.008608808067163e+02, 7.641025003984284e+01, 2.741378494918587e+01, 1.243946522774206e+01, 1.060623843528633e+02, 1.049923014099550e+02, 1.822876551243062e+01, -1.207237785085540e+02, 2.139450270487907e+01, -1.164598446121218e+02, -1.927112770467137e+00, -1.091776722073195e+01, -1.472437511469624e+01, -9.755162755017597e+00, -4.809584694244357e+00, 1.177938698273283e+01, 1.030687874381097e+01, -2.956206668955054e+00, 6.534220885620595e+00, 9.874931012145261e+00, -2.545329458228506e+02, -4.437492502408282e+03, -2.118576390053083e+03, -2.567852691680129e+02, -9.254550360142564e+02, 4.990603947959280e+02, 7.736783753316723e+02, 9.392999292107249e+02, 5.409030539349941e+02, 4.532104561497471e+02, -3.337479718450393e+04, -1.621397738633353e+04, 1.480190691193655e+02, -9.314694345529470e+03, 4.189973423699818e+03, -7.537217186567435e+03, -5.304600224811204e+03, -6.037724513991228e+03, -3.146996719436504e+03, -1.634294398008881e+03, 3.694313767946398e+03, -2.033239276299498e+02, 5.280193412100918e+03, -1.916060071137876e+03, -7.283577549841095e+01, -9.465354420512608e+02, -1.891208693363277e+02, -3.059507189220772e+01, -5.822909262311504e+01, 5.030234184251572e+01, 1.230950547574471e+02, 1.342170869006537e+02, 1.604282578710803e+02, 5.329553966915123e+00, -5.611933013699049e+03, -4.034789337578958e+01, -2.265717058464880e+03, -1.116877909648285e+03, -7.567479582298992e+02, -5.748632075848305e+02, 5.152086846863162e+02, 5.759337550517455e+02, 5.845508223446550e+02, 4.287275892916092e+02, 3.466234900778081e+02, -1.765423607881391e+04, -8.253860448331188e+03, 4.820829872462208e+03, -4.803167013169612e+03, 3.936996897254624e+03, -4.784647773417764e+03, -3.622701995058622e+03, -3.220311791436480e+03, 3.248447387003454e+03, 2.375399161421482e+03, 3.164668396642529e+03, -2.600063292089581e+03, 3.003592293556856e+03, -2.651414859915025e+03, 9.678598477946815e+00, -1.891208691853663e+02, 2.745870521679780e+01, -3.030005080230972e+01, 3.043039969675626e+01, -3.481379577211140e+01, 2.978178348167969e+01, 3.189257437519290e+01, 3.878110028923051e+00, -3.268303835732333e+01, -2.154138138670602e+03, -5.815926169464110e+02, -2.306263301148046e+01, -3.290884745459455e+02, 3.359951801410392e+02, -2.966950362140293e+02, -1.640393984190663e+01, 1.134519201693263e+02, 5.354844524075054e+01, -8.606091393944386e+01, 1.341351137717191e+02, 6.102408386186000e+00, -6.960654616152607e+03, 1.597595820726927e+00, 4.967114173872598e+03, -1.423552359101366e+03, 2.150151446449158e+03, -4.764612828505220e+02, -1.054630967990237e+03, -2.449202717586012e+02, 4.619696301690507e+03, 2.863137602750743e+03, 1.767310728184651e+03, -2.259708577202957e+03, 8.644638426675248e+02, -1.512066618022665e+03, 8.871748977057353e+00, 3.059507168898405e+01, 3.030005026720361e+01, -5.023761148010272e+01, -3.776219309533951e+01, 4.204086938164371e+01, 7.016890642489979e+00, -8.003252592800402e+00, 1.712592202368198e+01, 2.705027973598121e+01, 2.087024328662025e+02, 3.861893365621875e+02, 3.731357134605855e+02, 2.503895612585296e+01, -4.305858368714941e+02, -2.212797349773232e+02, 3.314133706950106e+01, -4.633994078097010e+01, 1.269937688720200e+01, 5.524815591450288e+01, 9.982044992205908e+01, 2.354210940856805e+01, 2.407248640464388e+01, -6.106205557112511e+03, -2.252563379896068e+03, -3.199906088293508e+02, -1.509607959094040e+03, 4.984548996915691e+02, -6.087799464964917e+02, -4.800075438998307e+02, -6.800221887293858e+02, -1.072273552440015e+03, -6.568854887307295e+02, 3.518823736899321e+02, 3.774811661587575e+02, 6.653958393263557e+02, 4.217179637190376e+01, 5.483171777393138e+00, -5.822909254665172e+01, 3.043039966912745e+01, 3.776219292834772e+01, 4.040239894733084e+01, -2.748354870607828e+01, -8.194668742609419e+00, -7.437953838582040e+00, 7.815100659677485e-01, -2.596192039824011e+01, -8.853389333196158e+02, -1.191075866108148e+02, -1.470010771407962e+02, 9.877334634465561e+01, -2.078074513911286e+01, 2.957716018245703e+02, 3.538119147129490e+02, -1.508274115203655e+01, 1.144006497997816e+02, -2.774998221261616e+01, -7.173941904629385e+01, -1.682330775087294e+02, -3.994279709284486e+01, -2.750126092497257e+00, 2.329508178746497e+03, 2.371184542161540e+03, 6.954792526707351e+02, 9.453505816781144e+02, -2.672136732127038e+02, 1.246996304023304e+03, 7.165293771688694e+02, 9.127671231058505e+02, 8.291780123634392e+02, 4.565871632553377e+02, -3.163621444476800e+02, -1.632919808650965e+02, -6.436623856966733e+02, 2.023789486065836e+02, -8.905980181717670e-01, 5.030234134877910e+01, -3.481379615563031e+01, -4.204086953803799e+01, -2.748354852561792e+01, 4.193496404516653e+01, 1.307084731246196e+01, -7.601745666425312e+00, 4.607793636142007e+00, 5.222304057743979e+01, 6.188002959912340e+02, 1.710147508538663e+02, 2.595986913750450e+02, -2.954688244588140e+01, 1.218727814190188e+02, -8.150659593258329e+00, -1.072640057026408e+03, -5.839472840256017e+02, -4.220324067616568e+02, -2.932055751585344e+02, 2.877842685626401e+02, 3.080773826341148e+02, 2.967665695164046e+02, 2.099276537539026e+02, 1.942782392670210e+02, -5.425562493082080e+03, -2.807941407371492e+03, 1.441661058210479e+03, -1.219047486420832e+03, 1.277991752636324e+03, -1.552847552973350e+03, -1.000427205695370e+03, -9.488148278464125e+02, 8.327992218461937e+02, 6.901650434475404e+02, 6.968040675769352e+02, -8.133453089951081e+02, 7.262359779111167e+02, -8.535133990237634e+02, 8.310387186585746e+00, 9.565138218414685e+00, 2.687575864666181e+01, -2.001096433192008e+01, 3.131696268637451e+01, -2.768218658227876e+01, 1.628698352690482e+01, 5.754063674388207e+00, -1.776279662277273e+01, -2.114110590150087e+01, -5.536536935067555e+02, -2.775800535380240e+02, 2.601397885674128e+02, 2.835127099562720e+01, 4.998196082122335e+01, -1.976004217248473e+02, 1.551444567123611e+01, -3.709642376859039e+02, -2.570189248438255e+02, -1.116560057506874e+02, -9.755243637453995e+01, 8.982573625245163e+01, 1.052732896633280e+02, 1.212773085448189e+02, 5.554539064585575e+01, 7.138956137101509e+01, -1.738112121488469e+03, -9.935987636208977e+02, -3.450363926073121e+02, -2.926617294942707e+02, 1.279149584648422e+02, -2.627955304329868e+02, -5.618467076426711e+01, -2.052225794056004e+02, -6.731330868806050e+02, -3.665153661019608e+02, -1.273774761030289e+02, 2.136671387509934e+02, 5.965745391411396e+01, 3.978088100877283e+01, 5.629856422258442e+00, 2.766811013321309e+01, 3.377140054557785e+01, 1.097585052285813e+01, 2.725463232707432e+01, -2.645678904726853e+01, -3.961952480736524e+00, -4.086695961570944e+00, -1.548849250689879e+01, -1.872064047570801e+01, -1.772406815229557e+02, -7.876174309596036e+01, 3.668866861730141e+00, 1.003973084393080e+02, -4.744914292297016e+01, -6.932994461984310e+01, 1.274234272078399e+01, 2.313767864450183e+01, -4.741026750079678e+02, -2.447452980460029e+02, -1.895968424587415e+02, -1.196220829525284e+02, 1.147829982628743e+02, 1.319120070830834e+02, 1.400722275790380e+02, 9.925467300965632e+01, 5.807756017243813e+01, -4.392599241570106e+03, -1.747346380304134e+03, 1.030492291776268e+03, -1.029703007182264e+03, 8.648553556818559e+02, -8.779713947857238e+02, -6.633482603432342e+02, -5.976886753315118e+02, 6.055070147984585e+02, 4.366996825596296e+02, 5.733922896843380e+02, -4.719588703309850e+02, 5.577254873923935e+02, -5.066448669929537e+02, 9.968044029338147e+00, 4.584918902294207e+01, 5.906038416393609e+01, 1.028957549967917e+01, 3.317071619261581e+01, -3.380278938344534e+01, -7.964682036455791e+00, -8.145836252745438e+00, -1.473458461330995e+01, -3.337759742492065e+01, -1.697122955851087e+02, 3.272192597891125e+01, 1.716445410408529e+01, 1.066679673794502e+02, -5.175991112848681e+01, 1.414448800875042e+00, 4.203243694049813e+01, 8.373583005901413e+01, -9.430705300791335e+00, -4.947775866383742e+02, 1.871176379867526e+02, -3.318580581542070e+02, -5.396642066174667e+01, 8.824420629031175e+01, 1.159883523990400e+02, -1.196269200644417e+01, 1.610133881751710e+02, 1.157272321627280e+01, -1.132036659524270e+04, -2.224416355105432e+03, 5.777492060080182e+03, -2.904297576712627e+03, 2.771163397165856e+03, -1.817631345956621e+03, -2.131350965081894e+03, -1.164837518344463e+03, 5.066212004761907e+03, 3.133235803943735e+03, 2.742163504700305e+03, -2.595360516833685e+03, 1.779815773905952e+03, -1.810592581611388e+03, -4.609727099761656e-01, 3.905649688588175e+01, 5.647311849224573e+01, -5.272439834529717e+01, 1.478932642615800e-03, 5.954124047072920e+00, 8.150700494662120e+00, -1.299288203495334e+01, 1.557123864488894e+01, 9.521678640874343e+00, -1.697846091707928e+02, 4.326727601777200e+02, 3.710719172642837e+02, -4.523771321572315e+01, 1.113366035879941e+02, 2.366760852238503e+02, 3.358382330029404e+01, 1.336102693045335e+02, 4.135029669138503e+02, -5.308051105462172e+01, -4.952494415039072e+02, 1.127411103699171e+02, -1.898535599871473e+02, -4.916206862478943e+01, 7.738308624730919e+01, 7.592950283928155e+01, -1.209135879115343e+01, 1.022603715992569e+02, 3.627277790078382e+01, -6.832143476404628e+03, -1.032543193789805e+03, 3.214811030813474e+03, -1.600670979182953e+03, 1.570079959233025e+03, -7.787168363066405e+02, -1.045026676209842e+03, -5.360753177913310e+02, 2.721484343887395e+03, 1.687728785846926e+03, 1.440574648042385e+03, -1.401098832459203e+03, 9.170497203122313e+02, -9.790047992338414e+02, -1.456859876537510e+01, -1.316540067381596e+02, -1.575316157700759e+01, -5.131611587145138e+01, -3.776230908506939e+01, 3.963449576565597e+01, 2.533658679876911e+01, 1.366087496225490e+01, 2.819370475170077e+01, 3.550782427009406e+01, -8.560024930166846e+02, 5.936011337558885e+01, 3.404814582277137e+02, -1.997567640709547e+02, 2.382397455916129e+02, 1.066470113582262e+02, -2.094944508325365e+01, 5.538083411722632e+00, 2.345810916508619e+02, 1.709379501709568e+02, -6.394182514865876e+01, -3.447281029668273e+02, -2.659556285838037e+01, -1.624252051807008e+02, -9.215960233485727e+01, 9.594097259658315e+01, 7.515139855775342e+01, 3.497974476074258e+01, 9.268599889123628e+01, 4.373238024685703e+01, -1.866371403613273e+03, -6.683361277983582e+02, 2.045865669618720e+03, -6.123727244573919e+02, 9.839905254219841e+02, -9.512410774933863e+02, -8.544437191251229e+02, -5.104418179995824e+02, 2.139862277639842e+03, 1.394925426426359e+03, 9.418790421127025e+02, -1.222779418371966e+03, 5.953517536051661e+02, -9.363924681839321e+02, -1.565903010942065e+01, -1.473908052938476e+02, -5.144380252946710e+01, -4.697324664749308e+01, -5.187326262564547e+01, 4.145710132727761e+01, 2.694547929492128e+01, 2.788079217974397e+01, 2.851255654534494e+01, 2.632294150430319e+01, -6.306763475759897e+02, -1.522407056646394e+02, 2.596166474182530e+02, -2.833440345105885e+02, 2.102630427493506e+02, -4.343806560029014e+01, -1.021570434364793e+02, -1.066122587900550e+02, 1.268298746876297e+02, 1.428044577827867e+02, 2.090095244566760e+02, 5.903431793290572e+01, 3.243213219979820e+02, -1.395167546087197e+02, 9.868201569440716e+01, 1.468378876775356e+01, -5.254363315593638e+01, -2.879754489733246e+01, 5.108072870202151e+01, -5.325053711862632e+01, -4.481388326360529e+01, 3.992894090247132e+03, 1.709961703642105e+02, -2.016236230257048e+03, 8.962817884902669e+02, -9.207387175038675e+02, 1.374239284834210e+02, 4.655619442371820e+02, 1.546971291856763e+02, -1.669672605125673e+03, -1.033277125681071e+03, -8.349858621776153e+02, 8.195246592166728e+02, -4.812837664085778e+02, 5.318464991969938e+02, 1.282457411298562e+01, 1.399323383710012e+02, 5.239069092138049e+01, 4.653525214974647e+01, 4.602463704777130e+01, -5.555520034555844e+01, -2.620131598876810e+01, -1.608692730127598e+01, -2.878034719977919e+01, -5.478211777038322e+01, 6.712951590019236e+02, 5.921102041215752e+01, -3.009309234518149e+02, 2.107677020030436e+02, -2.704633928253928e+02, -5.491460256665400e+01, 4.682918112578563e+01, 6.174790694374580e+01, -1.508423016669840e+02, -1.608081281120353e+02, -1.564209162465801e+02, 1.844752118979438e+02, -5.803638080691529e+01, -5.261797858305102e+01, 2.778073166371578e+01, -3.427341232871876e+01, -2.444890209646849e+01, 3.109636753545045e+01, 1.046623098073515e+01, -2.354684952665636e+01, 1.867029479783588e+01, 3.205116616326104e+01, 1.776530248245680e+03, 4.984139391595758e+02, 3.824525308533075e+02, 3.550756628104746e+02, 5.057338749350266e+00, -6.222756851928578e+01, -5.379615985356672e+01, 5.441225705999979e+01, 6.439664016268698e+02, 4.232096656803789e+02, 8.063387600357758e+01, -3.475014275356455e+02, -5.490576070337075e+01, -1.995395049160346e+02, -1.337408198994643e+01, -1.141898588080899e+02, -7.591678340752672e+01, -4.281559308165528e+01, -4.764133957244171e+01, 4.613061589189429e+01, 2.790249092859478e+01, 2.167424619691286e+01, 2.423513572570094e+01, 4.087965138805415e+01, -2.539597347351087e+02, -2.092670152931132e+02, 1.989024228821735e+02, -2.176771151946289e+02, 1.667024289054905e+02, -9.083164331041276e+01, -1.188035446032408e+02, -1.371686859569443e+02, 2.065537704022968e+01, 1.014699317244278e+02, 1.892819889267532e+02, -1.581496864103943e+02, 1.925893400068727e+02, 4.169573898170671e+01, 4.182206432202494e+01, -1.841954729365608e+02, 1.462869642130568e+01, -3.997607283800738e+01, 7.737157466492071e+00, 1.644845931561834e+01, 8.987396141574197e+01, 1.484692308701611e+01, -3.896795847157046e+01, 6.827986221682835e+02, -8.160998260313870e+02, -7.018482449286797e+02, 4.135731104280212e+01, -7.214461665344263e+01, -4.987158400390908e+02, -1.554464320430763e+02, -3.044911728007751e+02, -5.050748087888608e+02, -2.881988313086080e+02, -1.446584427634975e+02, 1.514662863748457e+02, 6.893585190030726e+01, -7.874509155491066e+01, 6.135807025205828e+00, 5.773105496052186e+01, 5.737654825470883e+01, 4.875961664797338e+01, 3.571263219655354e+01, -4.636796188871058e+01, -2.509600043772346e+01, -9.213446703580875e+00, -1.568785629664941e+01, -6.268762504930648e+01, 1.954319162337400e+02, 2.547549615732184e+01, -2.938788842459699e+02, 1.395246697318280e+02, -1.739888790612007e+02, 1.381888133630141e+01, 6.559183410466187e+01, 6.325523664885484e+01, -6.444532079554466e+01, -1.488120312578642e+02, -1.706008617838655e+02, 1.963524670853770e+02, -1.448378243808502e+02, 1.279689838460863e+02, -4.187850022191952e+00, 6.273996418474063e+01, 2.442654261670271e+01, 1.585733664807790e+00, 2.956839127877656e+01, -1.472269351913423e+01, -1.547786876572412e+01, -1.560034996716202e+01, 6.674656314433378e-01, -1.225754646381037e+01, -4.221588824975257e+02, -2.768779805687092e+02, -4.328699526421186e+02, 1.872749251429628e+02, -2.064371657242308e+02, -1.462154378089966e+02, 5.163681176189377e+01, 2.476507000800116e+01, -3.246821528176085e+02, -3.141478780987650e+02, -3.044789673821350e+02, 2.847661052555866e+02, -2.011549780412015e+02, 1.830720342735965e+02, 1.265873083600865e+00, -4.514629142497281e-01, 1.209449338613072e+01, -1.284832446007379e+01, -4.074766286468821e+00, 3.162685513630872e+00, 1.262878428165822e+00, -1.878836787131991e-01, 2.368698326900831e+00, 1.459058035694051e+00, -3.463570986980517e+00, 2.993282739753761e+01, 2.641082893258147e+01, 1.478884838489056e+00, 1.275218930279415e+00, -5.351344441378308e+00, -7.503127444299794e+00, -7.352527253116992e-01, -1.373089080766564e+01, 2.130674960509670e-01, 6.811051507289495e+00, -1.523652130091345e+01, 1.122013887764596e+01, -4.954650930028229e+00, 4.371860360816371e-01, -1.986089618891866e+01, 1.189437568417259e+02, 1.331171789893254e+02, 6.391476283736726e+01, 1.893458294907160e+02, -1.031526799779411e+02, -8.103871107079559e+01, -1.231127829694387e+02, 5.437892231587145e+01, -1.182101215228581e+02, -1.016484172276062e+04, -4.499608685827857e+03, -1.265245412560785e+03, -6.081757858831746e+02, 2.903111190125060e+02, -2.373655807578092e+03, -7.436872143371969e+02, -9.125989719704497e+02, -1.224527371021518e+03, -1.418129607313233e+03, -1.113352426948871e+03, 9.679320460704287e+02, -2.875380436968552e+02, 1.384248225126964e+02, 8.903378625193940e-01, 7.443363005316632e+00, 1.537694156455134e+01, -5.312624815926207e+01, -1.823359851546717e+01, 7.630877580513997e+00, -3.868126501767675e+00, 1.484510145667084e+01, 2.004985814742253e+01, 2.225285723393626e+00, -1.225238428291843e+02, 1.097871551565528e+02, 7.950456318584706e+01, 4.222590191343596e+01, 5.106005336265873e+00, 2.442040325573118e+01, -1.022894118938291e+01, 4.008163175512232e+01, 1.650619404959098e+02, 4.195789551873163e+01, -3.865051091381150e+01, -1.440013956420711e+01, -4.767168434285644e+01, -5.282341953849265e+01, 1.261353555555301e+00, 1.708947680930206e+00, 3.966732650599992e+01, -2.532119552816716e+02, 8.264998306238019e+01, -1.359115947848262e+01, 9.878399315861336e+01, -6.110846411595672e+01, 3.730229975457439e+00, -1.405161331454038e+01, -5.426313589007628e+00, -2.471978676460422e+01, -1.432530870636106e+04, -7.345342358084346e+03, 5.055173536435378e+03, -3.334652894042145e+03, 3.106328686106771e+03, -5.159251674206808e+03, -3.450584871203075e+03, -2.601989699997911e+03, 4.614854984408677e+03, 2.731787967540371e+03, 2.504272856991564e+03, -2.369716125110782e+03, 1.935045458333130e+03, -2.274828481814205e+03, 2.061032835184988e+01, -5.202906078880524e+01, 3.960490722770403e+01, -1.108131997212293e+01, -3.026662817112588e+00, 8.661055483516078e-01, -8.976444880559614e-01, -3.739287547225171e+00, 3.621598112013042e+00, -2.844357042401922e+00, -1.017252544327255e+02, 5.048683345231990e+01, 1.583085340663039e+02, 7.330747991225448e+00, -5.671353000144527e+00, 1.863235933285251e+01, 2.810989589503351e+01, 6.329766868463115e+01, 9.938773373365376e+01, 4.464945321070085e+01, -2.289022721747098e+01, 5.343813548004126e+00, -5.911960276709082e+01, 5.988475779923416e+00, 9.314278243411682e+00, -8.063622588793264e+00, 7.111430177966153e+01, 2.235002217680238e+00, 9.177787840380994e+01, 1.407216536451325e+02, 2.026885457811337e+02, 1.504084540453028e+02, -1.115993344937373e+02, -1.364552684847734e+02, -6.524958007216604e+01, -8.485927753358639e+01, -1.015316081146676e+02, 1.119165684310599e+01, -1.212305701881735e+03, -1.204114946351088e+03, 2.485924370743369e+02, -6.747479605564514e+02, -7.845532721505091e+02, -1.748797517947361e+02, -2.441897344684217e+02, -1.156131303898540e+03, -8.949675261291130e+02, -4.539026431411995e+02, 6.998827354035968e+02, -2.281092286142654e+02, 5.890332864947795e+02, -6.833340880413313e+00, 5.365473325773030e+00, 2.946009514263919e+01, 1.870052588588718e+01, 1.394014681766393e+01, -4.499341103060737e+00, -2.563532927677473e+01, -7.778284788353862e+00, -4.915453794838247e+00, -1.201362026087837e+01, -7.098485869538167e+01, 3.514510254417483e+01, -4.811650781572928e+01, 8.452311538263487e+01, -1.161040853942295e+01, 5.411960838305886e+01, 8.293931851560725e+01, 5.083112638782772e+01, -1.295149301525857e+02, -7.580990076890623e+01, -1.083135238325032e+02, 4.970240120084922e+01, -9.407004016507879e+01, 3.324725489270322e+01, -3.567194976365375e+00, 8.212765751090219e+00, 3.995852637510353e+01, -3.492483672965798e+01, -7.550032363546290e+00, 6.723383744271544e+01, 3.439061986669552e+01, 4.345179119942358e+01, 3.692666639568867e+01, -2.602197380272264e+01, -4.008476255576389e+01, -1.773217589503620e+01, -7.923321872758823e+00, -8.258363154119792e+00, 1.907275841429394e+01, 1.213150453582434e+03, -2.000444051470374e+03, 1.137639099889969e+03, -1.183030751898841e+03, 1.354113363891533e+03, 1.200840228043071e+03, 1.012855479023093e+03, -1.738045206123094e+03, -1.558288580674953e+03, -1.552995781814727e+03, 1.545588145642347e+03, -1.193470937519721e+03, 1.251100759979769e+03, -3.136981937403376e+00, 1.242640764231172e+01, 1.607555302913892e+01, -1.233457120082830e+01, 4.985241416796811e-01, 2.057203318750934e+00, -1.456734221041682e+00, -1.708269765831736e+00, 1.993891970614555e+00, 5.442252400644946e+00, -3.502080743712840e+01, -6.700289341147179e+00, 8.633462893209098e+00, -5.361359102146303e+00, 2.454096369087382e+01, 2.411475029812787e+00, -2.894178693798032e+01, -2.172269634523101e+01, 3.529218698189576e+01, -1.645810091881656e+01, 4.108177481925169e+00, -7.503980863078481e+00, 2.887380903477145e+01, -4.386322134430016e+01, -8.986110729796611e-01, -8.800609931232412e-01, 2.176822876564587e+01, -2.065598020114033e+01, 2.110673177989889e+00, 3.197327578803113e+01, 1.556957858630378e+02, -2.575163232208673e+01, 4.661270449479446e+01, 2.098485098459972e+01, 1.023394187611862e+01, 1.163634085390704e+00, -4.350780846131541e+01, -4.045603341235220e+01, 3.220277033335387e+01, 3.357745348926479e+03, 1.685076245699228e+03, -1.126540539365592e+02, 7.863327061099212e+02, -6.805738307944819e+01, 1.175300410361480e+03, 7.750372886862860e+02, 5.544536559487260e+02, -3.799222033020837e+02, 9.395266937977050e+01, -3.986328125327823e+02, -1.942141566321041e+02, -3.467871639535094e+02, -7.176191209792236e+01, 4.530729102571875e+00, 3.167161985724396e+01, -2.612975177309049e+00, 3.291434458414599e+01, 1.945196273340010e+01, -1.517096697184315e+01, -8.156499780111272e+00, -1.227277461758378e+01, -1.711835064788128e+01, -7.234842210099263e+00, 1.360518220560798e+02, -2.699928316645985e+01, -1.068923495386064e+02, 4.049207612563676e+01, -2.506516238345686e+01, -9.170478672363716e+00, 2.819645958839325e+01, -4.900347652869452e+00, -9.545447848260035e+01, -3.673297863456374e+01, -4.240196375970240e+01, 2.722624132069082e+01, -1.917292800073423e+01, 1.589551993660777e+01, 1.142665797058618e+00, 2.007554790313891e+00, -9.216426328878651e+00, 8.325007671590315e+00, 2.144677407222614e+00, -5.570082691424902e+00, -2.788360262258855e+00, 2.792181179732248e+02, 2.145719860364136e+02, 1.003988722368503e+02, 9.822998767519724e+01, -8.958154358064135e+01, -5.505977959144944e+01, -1.182919552365254e+02, -6.577779862187631e+01, -2.972145485048753e+01, 6.561505920735999e+03, 4.595680606302850e+03, -1.746625483588038e+03, 2.046194812765388e+03, -1.637535006776833e+03, 3.206229919674843e+03, 2.123696901400247e+03, 1.950498342552963e+03, -1.442970590738141e+03, -1.030887005172355e+03, -1.490856331955509e+03, 1.257314695700093e+03, -1.538061864713103e+03, 1.391627921658273e+03, 2.434598034574595e-01, -1.062888694511939e+01, -1.740517904708545e+01, -7.238034968171194e+00, 4.709566093501692e+00, 2.623013675369547e+00, 1.337482467650649e+01, 2.092539365733098e-01, 6.064449652989459e-01, 1.210503702078494e+01, 7.832582970061717e+00, 1.760222816474162e+01, -1.683242170609849e+01, 1.130317125936941e-01, -6.195947220042815e+00, 4.555355545473184e+01, 1.154624943690735e+01, 2.408636533433201e+01, 2.364970749016628e+01, 4.959258548028432e+00, -5.431227912910644e+00, 1.549062605064037e+01, -5.806899602236945e+00, 2.469831315588417e+01, -1.403707354477524e-01, -6.698181400914752e+00, -1.225163597502077e+01, 5.944876670693119e+00, 9.630616726240987e+00, -4.602241129453326e+00, 2.449044569175467e+00, 1.417134280710303e+01, 6.650580426948359e+01, -9.337323534504857e+01, -4.983244723559574e+01, -6.445013320490159e+01, 3.798449336600832e+01, 4.161482638802310e+01, 3.051549741424737e+01, 3.161968707218437e+01, -7.826864805737415e+00, 4.475806948467127e+03, 6.424264668141200e+02, 2.259702730832244e+02, 6.155663734734295e+01, -1.053317628289917e+02, -2.598888489052235e+02, -3.358711055870343e+02, -2.457869124946410e+02, 6.170044863293566e+02, 6.228949996158869e+02, 6.761021623896170e+02, -5.372577736354267e+02, 4.121376679990014e+02, -3.458895989849499e+02, -2.419710925942746e+00, 1.634985628586524e+01, 2.678763961689089e-01, 2.484557482541054e+01, 9.869975015601170e+00, -1.185944786573782e+01, -1.742429889828380e+00, -9.995792792128368e+00, -7.090383161611447e+00, -1.213730155334392e+01, 1.225643938933631e+02, -2.184921074301955e+00, -4.224554726492146e+01, 5.772050719381304e+00, -4.462496628893782e+01, -2.313878816497419e+01, 7.849015606289707e+00, 1.052550411077251e+00, -2.766422289689613e+01, 5.241237366826629e-01, 1.026476014841797e+01, 1.960419938760540e+00, -1.420547774585156e+01, 3.510307010304692e+01, -2.671312036659072e+00, 8.258012936545313e+00, -3.754169030644778e+01, 3.087572844998388e+00, -1.739827469204248e-01, 1.806242567798831e+00, 5.403007025988545e+00, 1.370105266619465e-01, 1.934399266887790e+00, 3.859773232004414e+02, 4.840475615455254e+01, 3.872710042938712e+01, 6.249427133244195e+01, -6.344932027079994e+01, -1.921254542743364e+01, -2.516079990223477e+01, -9.162228321243987e+01, -1.337015794757865e+01, 5.274633829336487e+03, 2.353997828552976e+03, -6.038398950134240e+02, 1.315991118561947e+03, -8.416882942246552e+02, 1.296514714245663e+03, 9.437279437916094e+02, 9.156509061023107e+02, -3.350393032890382e+02, -1.934453465537249e+02, -6.507063117764742e+02, 3.588103190666076e+02, -7.737589631399994e+02, 5.697427319451574e+02, 2.298358950722109e+00, 2.043058344849587e+01, -2.508879556227839e+01, -1.678247294906759e+00, 1.340436067932694e+00, -2.867437447846279e+00, 5.495651308651476e+00, 7.901671516384049e+00, -7.748009143473672e+00, 3.687746060763121e+00, 2.229557961775698e+02, 5.592322050417969e+00, -4.681744438523918e+01, 5.303367787003159e+01, -5.851766758028526e+01, -3.265585717862765e+01, -7.262313882748047e-01, 5.558594036325063e+00, -5.876092212264169e+00, -1.011335902036482e+01, -3.857554446278721e-02, 2.523672795501631e+01, -1.970942426085006e+01, 6.190825211897596e+01, 6.818426131503724e-01, 9.616341934927399e-01, -6.807797920313889e+00, 6.094411310543275e+00, 3.118719738165248e+00, -1.072733892566360e+00, -7.786018404652799e+00, 9.375310182364974e-01, -1.902151931110943e+00, -1.553979164848404e+00, 6.989852535855233e-01, 1.214633448101883e+01, -1.849390786645652e+01, 1.471461025629261e+01, 5.594854863667469e+01, 3.032929971657606e+01, -5.612413902869647e+01, 1.452531856614868e+01, 3.654182265796994e+01, 4.486391789574049e+00, 1.082459551266520e+02, 6.715120715623073e+02, -1.375667421969493e+02, 8.937015112010638e+02, 1.258202179814957e+02, -1.158166558735980e+01, -2.192238356140552e+02, 4.350727595448183e+02, 6.580807643304543e+02, 2.117212949267990e+02, -8.860324402771463e+02, 3.538939081236480e+02, -9.405608870152930e+02, -3.759598349257854e+00, 2.922313992335351e+00, -2.943318225383393e+00, 9.549478276926418e+00, 1.116466607285505e+01, -2.348711161066265e-01, 6.745821055016747e+00, -1.330769587318241e+01, -8.767502955414003e-02, -4.039060756479961e+00, 2.218867808436045e+01, 2.190708259831854e+01, -2.376231412078285e+01, 1.544158495036088e+01, 1.928769886345995e+01, 2.977887863648465e+01, 2.609765771251094e+01, 1.245286812974596e+01, 2.845404167738567e+01, 2.337275217733760e+01, -3.278950363068386e+01, -2.376133521076935e+01, -1.214959031286481e+01, -3.767942174369327e+01, -1.473723921555637e+00, -1.111128884003609e+01, -2.037180788710308e+01, 2.835360412715531e+00, -2.359287122188538e+00, 4.297191848196533e-01, 8.127510473268497e+00, 2.865126794444294e+00, 4.330471692312454e+00, -9.324972141793781e-01, -2.370690400416168e+01, -1.783208236404998e+03, 1.156940310047131e+02, 2.660131031480371e+02, 4.713269603252077e+02, -1.382073897163356e+02, 6.606091627268981e+01, -4.848742458593684e+02, 6.065518024626288e+02, -3.320104177527031e+02, -8.368415549860375e+04, -4.154623559907437e+04, 5.063134955381821e+03, -1.618759557284947e+04, 1.210277009415412e+04, -2.265763155569918e+04, -1.230116420301167e+04, -1.267415687023991e+04, -2.274651564691337e+02, -2.849584970671524e+03, 1.817274275475489e+03, -1.287365380702772e+03, 6.702905819207233e+03, -6.154624905114847e+03, 2.119324483986753e-01, 7.604277540835989e-01, 6.921239889111304e+01, -1.398628288207708e+02, 1.416048808933903e+00, 9.111343753190843e+00, -2.357458114925790e+01, 1.501565784126337e+01, 6.458819565265885e+01, -5.827758824208281e+00, -7.830657069480915e+02, 5.974582597067777e+01, 2.612330975629198e+02, -1.255496728086031e+01, 1.803406840810579e+02, 4.472567833271183e+02, 1.378350862292189e+02, 2.371040348326893e+02, 7.603689480529202e+02, 5.338600841991692e+01, -3.269734660758070e+02, 9.486152215179342e+01, -3.072201625254094e+02, -2.639795514869840e+02, 1.708947576587113e+00, 2.535839519208799e+00, -2.142168613258144e+01, -3.473783997891438e+00, -4.684043518497599e+00, -1.221800500394952e+01, -2.091409813071085e+01, 2.595778843258496e+01, 6.068636370470888e+00, -1.051494393813578e+01, -7.062150304079618e+00, -8.909755918839895e+01, -6.711321557657564e+02, 9.175738449323652e+02, 5.181703423158875e+02, 9.301778674321997e+02, -5.766856109560298e+02, -3.027554059617539e+02, -4.264110792057624e+02, -1.886517515990070e+02, -4.147481102430195e+02, -8.321070159727853e+04, -4.255175210263638e+04, 2.813759784829847e+04, -1.862818979546965e+04, 1.891534537369306e+04, -3.001297943474520e+04, -1.924451468010712e+04, -1.495415323910055e+04, 2.675868250223972e+04, 1.534656404945666e+04, 1.245835882681279e+04, -1.368848321833557e+04, 1.028382875494088e+04, -1.434276282982215e+04, -2.039832336176680e+01, -3.765843944431496e+01, 1.918721124581253e+01, -1.680946371364201e+02, -4.104209000453282e+01, 2.609964106596329e+01, 2.193276404735860e+01, 2.724952679080094e+01, 4.299471839646134e+01, 3.792465593187897e+01, -5.755451201733254e+02, 2.122358899139905e+02, 2.746533568542266e+02, 5.226361770426190e+01, -4.607942445225871e+01, 2.921317676110274e+02, 2.714337339996541e+02, 3.383353936632585e+02, 6.519188944803832e+02, 3.187716072235748e+01, -2.960415266735554e+02, 2.800457312717480e+02, -3.753232925098509e+02, -3.997953987312615e+00, -8.063622672498909e+00, -2.142168594580117e+01, -1.938520877395243e+01, -1.405997536206952e+01, 1.178037688371412e+01, 3.874895365476963e+01, -6.555531208743869e+00, 6.453257635321130e+00, 3.625938135964514e+00, -1.391136651732945e+00, -1.076713073455783e+01, -6.234078527662154e+01, -1.719652249714566e+02, 4.955374901659291e+00, -4.548837753486101e+02, -6.936535676849680e+02, -6.778270862000971e+02, 5.036246319723763e+02, 3.485335658945708e+02, 3.653394150111274e+02, 1.836208825556987e+02, 4.114681852782642e+02, -6.732351242425319e+03, 1.292995775456184e+03, 1.303890757988723e+04, -5.998594123192386e+03, 9.271926498635175e+03, 6.846058796443498e+02, -2.851542965119308e+03, -2.344314354166671e+03, 1.218249381836812e+04, 1.003758841439424e+04, 7.414145506706651e+03, -9.170613173172329e+03, 5.798758222912238e+03, -8.753002396659336e+03, -1.979643605807723e+01, -4.910222625735934e+01, -1.674162547829004e+02, -1.098649233928338e+02, -1.139936314188526e+02, 5.482251142310677e+01, 1.066795600093875e+02, 6.834533921063361e+01, 4.160088163652502e+01, 5.457198341992626e+01, 5.665685892330256e+02, 3.193391941701632e+01, -1.012402581021248e+02, -1.651338420474016e+02, -5.199752578701905e+01, -6.533953142354034e+01, -1.710323021720856e+02, -1.666833215769858e+02, 8.619912685800766e+01, 1.170347678023627e+02, 3.074916024363186e+02, -5.169510051848042e+01, 3.413691238453499e+02, -5.108159163639358e+01, -8.212765853943742e+00, 3.473784092925611e+00, 1.405997553712501e+01, -2.175101061040457e+01, -1.735326350778447e+00, -2.006995153382456e+01, 3.270236809372160e+01, -2.110417881032511e+01, 7.994362876714318e+00, 6.737750772390684e+00, 3.471411517442966e+01, 5.912956869523080e+01, 1.055479173012780e+02, -3.545822794023759e+00, 8.196477130086490e+01, 2.878942885158504e+02, 4.284025878839919e+02, 4.182554622318993e+02, -1.701027593638210e+02, -2.414867591900447e+02, -3.005348925605323e+02, 3.197427262712038e+01, -2.095074647811432e+02, -6.772355135789718e+03, 6.852947740142069e+03, -1.250518312332410e+04, 7.484748515230417e+03, -5.692134356362581e+03, 9.191708303429228e+03, 8.798247104196524e+03, 6.754265242149843e+03, -1.198525296553889e+04, -1.029214411683392e+04, -1.175280464584030e+04, 9.367564406575455e+03, -8.400239885192041e+03, 6.743847220144207e+03, -1.052614827108930e+00, 4.864469344603513e+01, 4.580312605694529e+00, -3.834248762753518e+01, -4.994140571040632e-01, 1.746985309056035e+01, -1.044696329879161e+01, -7.088918933498368e+00, 2.944624951658408e+01, 1.612771982962702e+01, -3.071545969161201e+02, -1.826237168134082e+02, 5.684465652985649e+01, 1.850911623268457e+00, 1.588127472152479e+02, -6.210924421537421e+01, -1.380734172843668e+02, -1.203803302903862e+02, 4.101228647864771e+02, 1.341363479891189e+01, -7.299394953112150e+01, -7.105597467809015e+01, 4.087008708586747e+01, -3.279472336717142e+02, -8.800609519621773e-01, -4.684043483289382e+00, 1.178037735051795e+01, 1.735325680868164e+00, 6.450952287804614e+00, 2.991268482955105e+00, 5.656354421513822e+00, 4.059687138867587e+00, 7.075123711153609e+00, -8.702571783129754e+00, 1.972874695691321e+01, -2.774341042132035e+00, -6.210454453558557e+01, 1.940258582771257e+01, 1.019637681205478e+02, 8.501454397575859e+02, -2.579869076844541e+02, -9.185707452704665e+01, -2.715176094023058e+01, 1.980848778828164e+02, 7.127899032975274e+01, -7.278063714131031e+01, -1.690817872576645e+02, 3.019252558803464e+02, 2.450957466332069e+04, 1.095675730840235e+04, 2.191247383625943e+03, 5.291832077585230e+03, -2.231060525812967e+02, 6.136770209317194e+03, 3.738326017512213e+03, 3.102069356960630e+03, 1.575491671827199e+03, 3.332805539567632e+03, -9.297596662992289e+02, -3.148132643327264e+03, -1.652844784446781e+03, -1.345803866909439e+03, 1.285490893902679e+01, 3.661282659815280e+01, 1.359012796913438e+01, 1.474538631085435e+02, 5.845388853793074e+01, -3.567101633963946e+01, -1.967324076664139e+01, -5.916144007033623e+01, -6.563082541140356e+01, -2.090451214956555e+01, 6.106240197192024e+02, -7.532999774418525e+01, -2.824615276341547e+02, 1.576775257612196e+02, -8.944927063339846e+01, -1.731181078067705e+02, 7.665319846715924e+01, -6.983951372301607e+01, -5.655395283599963e+02, -9.858523214329833e+01, -9.251030665267535e+01, -3.751022114923504e+01, 7.202292788418494e+00, 6.962425967939834e+01, 2.007554637382948e+00, -1.221800491995934e+01, 3.874895356731467e+01, 2.006995093245406e+01, 2.991268160001264e+00, -4.178363650862446e+00, 2.316729723369332e+00, -2.036333326145618e+01, -4.784307975794365e+00, 2.383245058888072e+00, -3.326803643096169e+01, 2.587708519087361e+01, -3.745188780360390e+01, -1.603552612410278e+01, 3.194546551601002e+01, 6.525238419061525e+01, 5.196304671299694e+02, 1.058833078090673e+03, 6.365912526667342e+02, 1.038314697887829e+03, -9.599386275154994e+02, -3.441392080814322e+02, -2.970189535354954e+02, -6.592127904524223e+02, -6.233791315908710e+02, -6.204821298350882e+04, -3.488844515199874e+04, 3.244763757103788e+04, -1.852168515497227e+04, 1.611645140203499e+04, -2.595808576428937e+04, -1.920802704548017e+04, -1.339151711146241e+04, 2.776802873536970e+04, 1.757741214450992e+04, 1.701855638682416e+04, -1.528064656556918e+04, 1.193234291976802e+04, -1.107224537242793e+04, -3.221951080696672e+01, -1.760868026510411e+02, 1.120434876636880e+02, 1.234755519583112e+02, 9.961271294501613e+01, -7.773597671436208e+01, -5.813852854860936e+01, -3.779484616194556e+01, -6.941830244328568e+01, -7.265713905346026e+01, 3.438695917815610e+02, 2.568487493647753e+02, 1.403869401355226e+02, 5.042245201751610e+02, -4.416028565910642e+02, 2.780342820987562e+02, 5.165777071664479e+02, 5.426015964804584e+02, -3.097226983024851e+02, -2.937720160171908e+02, -6.172464513527739e+02, 4.357623507061963e+02, -7.156837841740900e+02, 6.927600416183672e+02, -1.026155117468783e+01, -1.766565450781781e+02, 8.565821041891186e+01, -1.365725788473724e+02, -6.803362459565952e+01, 3.299437034700203e+01, 9.580213165967922e+01, -1.064357125827449e+01, -1.084645938443697e+01, 6.790925549868665e+01, -3.742745211662906e+02, -2.440190125412832e+02, 9.464993174279081e+01, -1.248939948338678e+02, 4.472687074621824e+02, 4.716884269206052e+01, 1.355142670827609e+02, 7.055204302428633e+02, 7.779969868099339e+02, 6.276026473927141e+02, 4.948886231896729e+02, -4.678271363356248e+02, -4.651353811250766e+02, -3.015498822807562e+02, -3.323012572684992e+02, -2.599780247837232e+02, -3.329643046343873e+03, -2.026839572778584e+03, -8.080257284713778e+02, 1.777854070113417e+03, -1.666464437061428e+03, -1.940389295600040e+03, -1.212946489522241e+02, 5.449206508806179e+02, 1.007025396451397e+02, -9.839586571403272e+02, -1.744748184486528e+03, 1.427592341314931e+03, -2.098794605524082e+03, 1.544084460069520e+03, 5.055524503348162e+00, 8.293699988709832e+01, 1.805729532363389e+02, 1.244956192189276e+02, 5.848227364074888e+01, -6.338417863942352e+01, -1.234287158123579e+02, -3.770127943064974e+01, -5.902665649876055e+01, -3.986906258488136e+01, -2.996958499938510e+02, 1.544869573926133e+02, -1.129796107253779e+02, 6.359827640557044e+00, -1.542457542582352e+01, 2.555471685884911e+02, 1.545454276867726e+02, 1.111381915015548e+02, -1.902727673293534e+02, -1.750949988643760e+02, -1.027263933631473e+02, 1.520849697527724e+02, -9.398980660640197e+01, 2.781733436928875e+01, -1.090658951214947e+00, -3.075192960257190e+01, 1.122549618912297e+02, -6.871881049060981e+01, -2.004641246344901e+01, 8.567404051780489e+00, -1.594659161314051e+01, 5.082894355159507e+01, -1.953628153371572e+01, 5.574379096187970e+00, -1.314690813395693e+02, -4.572728723743846e+00, -2.799429508674684e+02, 3.261525218614847e+01, 1.672596366651405e+02, 3.293592749706544e+02, 4.605798292014244e+01, -6.292879040485899e+01, 6.501367436789336e+01, 6.934221625496915e+02, 1.928135465636855e+02, 3.157469506255749e+02, -3.176783913973223e+02, -1.888166179826113e+02, -1.566465349287779e+02, -9.636487758697527e+01, -2.805951792392650e+02, -1.560293377832347e+04, -2.892533982671061e+03, 4.515143009939879e+03, -9.956389239268117e+02, 1.177404749459088e+03, -2.273476287159714e+03, -1.236490869951243e+03, 3.320668829215971e+02, 6.508671234131657e+03, 2.071253386488459e+03, 2.748085339225029e+02, -3.875804279120306e+01, -9.866732282620417e+02, -1.744664769089318e+02, -1.393570570964836e+01, -9.153858912548384e+01, 2.596687945723243e+01, -9.440465212326025e+01, -2.954236541183363e+01, 2.975126377812535e+01, 3.569587710083841e+01, 2.367816070828408e+01, 2.664791926832995e+01, 3.563754212614150e+01, -4.410201076080295e+02, 7.836661572524922e+01, 2.965944068477796e+02, -1.635240699212867e+02, 7.780491151337735e+01, 8.305646263643897e+01, -3.466285739991596e+01, 4.440587879111023e+01, 5.341274138403234e+02, 1.292308226300592e+02, 1.445582436273432e+02, 1.982312746071057e+01, 4.305838796262250e+01, -1.029177545876569e+02, -5.193100319063792e+00, -2.955137207696603e+01, 4.275340798152713e+01, -4.297286417965331e+01, 2.602089468439440e+01, 1.869650404489094e+01, 3.671581006710985e+01, -3.367888697171978e-02, -1.899639152608863e+01, 1.072421362894784e+01, -2.023507870760944e+01, -8.801773047080633e+01, -1.547218341554857e+01, 1.481140377657665e+01, 6.715417603106143e+01, 3.072965448829417e+01, 1.548769145102738e+02, 5.254063688824922e+01, -7.359870357416085e+01, 4.970384833414401e+03, 2.029347847521138e+03, 4.416899131481819e+02, 1.086440361344239e+03, -1.087857289700760e+03, -4.240158571444355e+02, -1.050987855918846e+03, -5.710560024909282e+02, -5.297971220387299e+02, 1.824112218199409e+04, 1.533553565923777e+04, 4.366626923841657e+03, 4.680788045011433e+03, -4.271170795095622e+03, 6.618464964050080e+03, 2.660976463189143e+03, 6.084026000614655e+03, 8.252180719598517e+03, 2.950765169618776e+03, -2.576401456355033e+02, 4.641437058844888e+02, -3.524087077523950e+03, 4.069232683996807e+03, 1.229091042934229e+01, -6.616628005983070e+00, -5.782065233465551e+01, -1.453968702568993e+02, -2.522053788973863e+01, 2.541844493720576e+01, 1.398077747467002e+02, -9.897196390385039e+00, 5.751373503954741e+01, 1.202371918470586e+02, 3.026461935299542e+03, 1.994304210118305e+03, -2.269220613015204e+02, 7.108117735813333e+02, -8.837549724926181e+02, 5.424086400403241e+02, 1.291051136377454e+02, 5.437315732526521e+02, 3.700212562354983e+02, 6.284367195283875e+01, 8.754796627068790e+00, 1.959439312289068e+02, -2.307102510984031e+02, 6.071003733026001e+02, 2.573595215971554e+01, -2.634203557755662e+02, -2.445637678294436e+02, 1.347360572575974e+02, 1.912292337365352e+02, 1.754648811539412e+01, 2.681823678895366e+01, -4.926037014451510e+01, 2.596486681749877e+01, 3.655824744386329e+01, -2.241037759094225e+02, -6.594751539212717e+02, 3.781444194126703e+02, -2.682677527363502e+01, 1.268177815739411e+01, -7.082055219520662e+01, 4.802848282213815e+02, -2.039331785786044e+01, -3.280363149566750e+02, -1.696837576451621e+02, -1.110415540657830e+03, -3.181878410960776e+02, -6.833204013182797e+02, -4.111277066108646e+02, 3.558531583213348e+02, 5.167629129343735e+02, 1.526223368274649e+02, 2.719016351671733e+02, 4.393863774482807e+02, -2.426144024109657e+04, 5.533024854250037e+03, 7.478480427772467e+03, -8.029834256934545e+02, 3.911405744751663e+03, 6.185512156203147e+03, 3.132737538324959e+03, 3.764019671725404e+03, 4.824899876012016e+03, 2.831926843632537e+03, -9.950071697837827e+02, -1.879308182119316e+03, -2.056025870679344e+03, -1.159914107898245e+03, -4.461207938154573e+00, -9.384631172482538e+01, -1.814115910219451e+02, -1.271985715369494e+02, -1.441235201242670e+02, 6.632855577490740e+01, 1.315005269042586e+02, 6.475497706482808e+01, 5.340196899875514e+01, 1.029697291129550e+02, 7.670382786382125e+01, -1.290195424084096e+02, 1.737737853284631e+02, -3.137152027475699e+02, 3.598553584441240e+01, -2.059154821604359e+02, -2.685141687698639e+02, -1.594553668405019e+02, 3.258483772040572e+02, 1.747605929394953e+02, 3.553455046573218e+02, -1.065111641672591e+02, 2.664690158910199e+02, -1.033017521473002e+02, 4.862120740891356e+00, -3.667369193731347e+01, -3.503299105348997e+01, 8.459002176210956e+01, -5.796579686622062e-01, -9.820009957134276e+00, 6.200012570753977e+00, -3.392588588835358e+01, -3.055603922139054e-02, -6.860824436339066e+00, 1.164535779081708e+02, 1.641172706479905e+02, 1.157011428024504e+02, -1.944517216531675e+02, -5.015948331549860e+01, 1.117734168164689e+02, -8.613205875661249e+01, -1.292781388349540e+02, -1.061100478925770e+02, -7.017657998080691e+01, 2.035641088823039e+01, 2.390655380279560e+02, 2.270484440999054e+02, -7.873745545783858e+01, 9.043016322139978e+01, -6.164808197908495e+01, 4.133573348538299e+01, -9.650712880536720e+01, -2.240426535781881e+01, -1.251660188805150e+02, -3.749894778342202e+04, -2.301002484196735e+04, 2.035974881748711e+04, -1.431011450055593e+04, 1.541968020422098e+04, -1.784198220708128e+04, -1.339925494144731e+04, -1.190258679395155e+04, 1.737111103541148e+04, 1.410989669875886e+04, 1.341151623942031e+04, -1.448730324597425e+04, 1.157483380244138e+04, -1.415054072188508e+04, 1.199392728030535e+01, 5.085807408264251e+01, 9.312494358685672e+00, -2.213904734789706e+01, -1.108158866711269e+01, -2.516029897016781e+01, -1.832537383760890e+00, 1.139247113128349e+00, 1.997619993019439e+01, -4.081691450403596e+01, 4.581058715290574e+02, 8.584234888465108e+02, -2.070017752815251e+02, 1.903094475542217e+02, -4.147233237117595e+02, 3.871081431940861e+02, 3.967156660022209e+02, 4.390288240839154e+02, -1.923473684221590e+02, -3.229863645349962e+01, -1.479179902035588e+02, 2.878383882762533e+02, -3.316035398269347e+02, 3.731563988897256e+02, 6.654041244266883e+00, 4.820967397911475e+01, -6.484963989741993e+01, 6.360915369729348e+01, -8.135365812832250e+00, -1.182274826724323e+01, -4.051659580384355e+01, -2.494333774987390e+01, 1.272644999439832e+01, -2.939427372557232e+01, 9.773910759708706e+01, -4.534334382350826e+01, 1.076029842411729e+02, -3.234461984046757e+01, -1.052323227466148e+02, -2.383898603671859e+02, -5.874978912781027e+01, -1.114304180825109e+02, -2.739473501610251e+02, 1.956336142083261e+02, 1.511292110922971e+02, 1.004782908572597e+02, 2.080157091018247e+03, 1.370916034041569e+03, 1.010441579675829e+03, 9.475084933880535e+02, -9.034752534691889e+02, -7.103142505189206e+02, -5.527425631280125e+02, -5.151961514811494e+02, -8.831180449579318e+02, 2.685375064707691e+04, 2.820390262993383e+03, -1.031419711833442e+04, 6.079722631542877e+03, -9.163149131752378e+03, -2.359660540219362e+03, 4.523156341535137e+02, 1.290136108026047e+03, -5.462436283954631e+03, -5.282185103901395e+03, -3.184587582957051e+03, 5.669322447227385e+03, -3.587224931359876e+03, 6.171768603327118e+03, -9.807653911846521e-01, 7.559416334564013e+01, 1.448312946264370e+02, 5.649948768509164e+01, 7.926827500459615e+01, -1.472054652018135e+01, -6.045977509496711e+01, -6.466664384877096e+01, -1.414846340970635e+01, -5.965951609559789e+01, -2.094815361074423e+01, 5.923324713397321e+02, -9.173616162953396e-01, 2.698526117150665e+02, -1.640837895447904e+02, 3.459561644298419e+02, 3.014528780497764e+02, 3.318999577325827e+02, -1.066646160870089e+02, -9.929450471330657e+01, -2.157143964908921e+02, 8.247576880912784e+01, -3.958788176956898e+02, 2.020698636222336e+02, -3.068300322340097e+00, 1.226382772493394e+01, 4.939664634885208e+01, -3.596813637673677e+01, 1.998023915665844e+01, 4.526480215199992e+01, 1.552454965273921e+01, -1.058071895788112e+01, -2.274131378182455e+01, 1.167480626765728e+01, 5.498665888406702e+01, 1.094128097494278e+02, -1.686829640648409e+02, 1.399518369966573e+02, 2.435937850241469e+01, 9.279098044120677e+01, 3.059842353638327e+02, 1.217903415188152e+01, -4.391058202152729e+01, 1.846850041835264e+01, -1.049383397570038e+02, -1.131857193708306e+02, -1.812526045929240e+00, -2.284026938067008e+03, -9.668892600392431e+02, -7.469749160811682e+02, -7.341983610470742e+02, 6.715386000655925e+02, 6.099147747067751e+02, 3.832762893909220e+02, 4.219387882244050e+02, 5.002514547038119e+02, -3.678881479147367e+04, -2.452203424924439e+04, 1.956842333208212e+04, -1.632613227150236e+04, 1.526969794968619e+04, -1.594270339785055e+04, -1.336492042979235e+04, -1.256756237523385e+04, 1.275780133639760e+04, 1.193187139533556e+04, 1.422429755875884e+04, -1.369549579865795e+04, 1.317824676214171e+04, -1.279501143219849e+04, 5.235052951594310e+00, -7.747902095111552e+01, -2.508714116703334e+01, 3.040335731569547e+01, -3.846368017825395e+00, -5.294239700347647e-01, 1.738102483832983e+01, -2.478619580242867e+01, -2.886086575907638e+00, -2.139039898618964e+01, -3.703315935879789e+02, -7.358458183360355e+01, 1.283465028719804e+02, -8.710349720039272e+01, 5.964560158516309e+01, 1.204666836960759e+02, 1.424956777579812e+02, 4.171671448424077e+01, -4.446730565639909e+02, -1.741678307183218e+01, -2.738068614036395e+01, -7.622970045013001e+01, 1.762508058028609e+00, 7.883976732253889e+01, 2.417215486970926e+00, 2.804698031296568e+01, -9.540407455120338e+01, 2.529634139872712e+01, -5.871487353883369e+00, -4.023372905656050e+00, -9.424787073577493e+00, -4.330436982050929e+01, 1.527280273660390e+01, 3.732656727907294e+00, -3.662045869610890e+01, -8.267391015046131e+01, 1.610349790530746e+02, 3.543564196487497e+00, -3.624705391352870e+01, -3.202244487018787e+02, 5.447024246639497e+00, -1.082171120810883e+02, -6.054020787189507e+02, 2.421112017876487e+02, 1.029281646353669e+02, -2.292807642321758e+02, 3.797130985743061e+01, -5.465249891600465e+01, 1.382815009163488e+03, 2.027298810675564e+03, 1.463198427960635e+03, 1.018579244989996e+03, -1.064587373643821e+03, -1.147993782582478e+03, -5.662261322155515e+02, -4.295450859940213e+02, -1.288504775134084e+03, 2.092986988013415e+04, 5.221153801555755e+03, -1.396129533956261e+04, 6.749271984985547e+03, -8.359313686445803e+03, 1.315121207544119e+03, 2.763402118003825e+03, 2.596625289153835e+03, -5.688246310013115e+03, -6.668659581687651e+03, -5.470782721473182e+03, 7.742903106112927e+03, -4.641522224139272e+03, 5.431553657530665e+03, -3.443735028398383e+00, -1.397162564943132e+02, 7.569541494684815e+01, -1.081654770496674e+02, -6.789220095252340e+01, 3.421110916187347e+01, -2.612691971223729e+01, 5.088623091686369e+01, 1.199477847913965e+02, -4.584069531000382e+01, -1.135689111058670e+03, 3.536404142572349e+02, 2.664686354262295e+01, -1.885637653120650e+02, 3.656115323852183e+01, 7.186006738333539e+02, 3.076539375784939e+02, 3.029173105913094e+02, 2.508086121226198e+02, -1.261231078626995e+02, -1.898765097309760e+02, 2.679718403043602e+02, -1.748736113315030e+02, 1.095745838589044e+02, 3.450463601300737e+00, 5.578325728168586e+01, -1.377233569384789e+01, -2.267694000781550e+01, -6.173140128043615e+00, 4.210499717124002e+00, -2.142421019050119e+01, -1.652131167253052e+01, 3.494351446363766e+01, -3.135750839348739e+01, 8.996863852296757e+01, -9.405760415360105e+01, -5.850107884765025e+01, -1.141073029632005e+02, -2.868557000662364e+01, 2.284082457539804e+02, -1.933734608914546e+02, -1.467793157168743e+02, 1.854753124531488e+02, 3.646764646156234e+01, 5.712868222845324e+01, -8.841835891965012e+01, 1.600472819277474e+02, 2.636284333795895e+01, -1.770794099787196e+00, 1.919332961484361e+02, 5.103420236620172e+00, -2.892525734439053e+01, 3.794143950930798e+01, -3.222248264906537e+00, 8.641378087263126e-01, -2.444793472138540e+01, -5.423375481884135e+00, 1.114911016748113e+00, 2.822707726488151e+03, 8.336407352261049e+02, -1.186276602556397e+03, 1.078927424861677e+03, -7.909032241975839e+02, 3.910761994467340e+02, 5.664624605042154e+02, 4.624264123954700e+02, -7.759211547349823e+02, -6.003744364378297e+02, -8.478733190995279e+02, 5.881568534543770e+02, -7.060157835382439e+02, 4.895661818252311e+02, 7.077415317442385e-01, 9.772430031318241e-01, 1.645316987830570e+01, -1.799251770854153e+01, 1.244884151676355e+00, 1.446013473124254e+00, 5.497956671029930e+00, -4.287936651125899e+00, -2.122421428127217e+00, 4.781190548423498e+00, 4.404943998521139e+01, -7.377830086106338e-01, 3.280702314706080e+01, -1.308042336489811e+01, -1.061571384530453e+00, -6.254708952472236e+01, -3.804598540288715e+01, -2.642480447838848e+01, -1.125397333786255e+01, 1.414203140745500e+01, 3.746683263950361e+01, -3.882606564674032e+01, 4.368477946641129e+01, -8.973262845578141e+00, -1.056035740497151e-01, -1.888049793095356e-01, 2.697456418567489e+00, -1.724656949918262e+00, 6.443239176067743e-01, 5.964729577410355e-01, -4.758503414781808e-01, -4.981169036710033e-01, -6.955574875140058e-01, -1.081711000009468e-01, 5.213315551373672e-01, -4.340847077587523e+00, -6.090820727118796e+00, -1.625106560882648e+00, 2.879594196421816e-01, 3.245500909376651e+01, 6.056291831971833e+00, 1.917476449686848e-01, 5.308775597246816e+00, -1.029869522808752e+01, 5.429005480291972e+00, 9.429612931356994e+00, -9.629576528085886e-01, 3.432205120532977e+00, -1.202642248460149e-01, -1.682769749478582e+01, 1.141539259430339e+03, 2.332976552325800e+02, 1.511592912475816e+01, 3.023898015316482e+02, -1.745998680927855e+02, -1.173098777196140e+02, -1.775629197775595e+02, -1.007518807229096e+02, -1.462786846823331e+02, 7.177056142155287e+03, -5.346961941926201e+02, -1.716314190612488e+03, 2.223387273342928e+03, -1.120561288065406e+03, -1.914149355311608e+03, -3.245916192684920e+02, -3.024808966135146e+02, 1.450189855414180e+02, -8.393375441765274e+01, -1.062808017472766e+03, 5.773959936199654e+01, -8.489909397943603e+02, -1.449445824213080e+02, -1.186162467233938e+00, 9.427371172897146e+00, 1.723109055653173e+01, -2.285845461399720e+01, -5.459528125527284e+00, -5.858950763627963e+00, 5.625624179552863e-01, 3.948401325456264e+00, -8.221264019403957e+00, -6.003427700570307e-01, 1.475513656389511e+02, 1.264408374696521e+02, -2.032348851044289e+01, 7.276400357173746e+01, -7.902113959410325e+01, -5.017351492878405e+01, -7.498162086482032e-01, 4.059891079872440e+01, -1.305759422268138e+01, 3.417993184188380e-01, -2.314759834648004e+01, -9.285721738985776e-02, -1.566971843529318e+01, 5.098464972063703e+01, -3.881259187226104e-01, 4.984533374897567e-01, -1.170682280342186e+01, -7.439493190561025e+00, -9.240871039692631e-01, 1.035616977247488e+00, 1.375451352725213e+00, 4.446849873543323e-01, 1.375246087611297e+00, -2.439213597561613e-01, 5.419445947979667e-01, -1.774842612863355e+01, -2.160742432449029e+01, 1.137850731481633e+00, -1.042955896914625e+00, -9.385098858658614e+01, -2.233869502180811e+01, -6.177629560937346e+00, 1.255515716706956e+02, 2.320829955895684e+01, 2.158909969601729e+01, -3.184152803039477e+00, 1.321353926053139e+01, 8.690345908107433e-01, -2.273694615014346e-01, -4.958855832998441e-02, 9.810796653483427e+00, 1.587723422299485e+03, 6.040557867858059e+02, -6.922463003561795e+01, 1.008767461728035e+03, -3.076440773172774e+02, 2.092403463624816e+01, -6.888331144885907e+02, -5.453466204411773e+00, -1.514632610615537e+02, 1.683825900683746e+04, -1.409798465913147e+03, -6.305940175002389e+03, 7.733185984354467e+03, -2.121422051180558e+03, -3.782436161249764e+03, 1.182010039418919e+03, 1.494578972612771e+01, -3.109937857431117e+03, -1.322432963571355e+03, -5.468649623774416e+03, 5.513518936648175e+02, -3.858381909053868e+03, -1.077640751886686e+03, 1.904347443170709e+01, -1.516997010942828e+02, 2.410035930003533e+02, -1.575849724307762e+02, 2.215001306763315e+01, -7.569625114736196e+01, 1.332083209596107e+02, 4.175078324707168e+01, -6.231219333567648e+01, -3.208771771029608e+01, 5.615357805053033e+02, 5.937318798761683e+02, 5.216669619222115e+02, 4.118298635654729e+02, -1.954342313082299e+02, -6.389419476163714e+01, 4.096188322559900e+01, 2.972138713902005e+02, -2.402876133593541e+02, 3.614925425538797e+02, -1.251140780013489e+02, -5.132900916807098e+02, -3.413212066338224e+02, 1.591343469565008e+02, 6.978441221762969e+00, -1.085743047962019e+01, -3.195301653831232e+00, 5.938853281485125e+01, 3.419604811281383e+01, 1.801400093446698e+01, -1.412279787538784e+01, 1.205609252585885e+01, -2.733813031237710e+00, -5.366006179336980e-01, 2.814675423849431e+01, -4.867864497112196e+01, 3.508268188459713e+01, -5.755917630203810e+01, -6.317481634255905e+00, 1.998476091294694e+02, -2.655930406589089e+01, -8.457249043562183e+01, -1.089505640882641e+02, -7.479863807288891e+01, -1.831137559868019e+01, -5.070415737591122e+01, 3.360071837849178e+01, -5.924404840273441e+01, 2.414509207501497e+00, -2.982414930725690e+00, -5.257613760522319e-01, 2.250797369942721e+01, -6.790940442828474e+02, 7.008622712214674e+01, -5.463853645704178e+02, -1.613706447080029e+02, -3.045066963716597e+01, 1.592044258311498e+02, 1.100923462909573e+01, 3.066139360297348e+02, -1.465587859932119e+01, 1.010041058492710e+04, 8.702532299291972e+03, -5.081535666807818e+03, 7.133514023930958e+03, -5.782593466835825e+03, 5.772449106057479e+03, 5.369857676905405e+03, 5.514706389810221e+03, -3.887043213279811e+03, -4.007624160661501e+03, -6.196252880407153e+03, 4.887690784759681e+03, -6.324509145397112e+03, 5.395470000172465e+03, 8.903418398727480e+00, 1.818729014901315e+01, 1.246485706342703e+02, -3.717715646703372e+01, -1.901888297904870e+01, -3.935346919821346e+01, -1.773690724858134e+01, -4.524501273226939e+00, -1.558024563691736e+01, -2.210754537655906e+01, -1.350592569128396e+02, 6.407617246178754e+01, 2.551977553294759e+02, -2.587800395443272e+02, -3.532169782278881e+01, -2.602306271644694e+02, -2.582941509580858e+02, -1.594961354936449e+02, -1.634347701800754e+02, 4.394349467622366e+01, 5.602262461989252e+02, 6.918988844127743e+01, 2.705664494045698e+02, 1.488855387372158e+02, -1.540379694045890e+00, 2.481374503579789e+01, -6.263559561031935e+00, 1.974977639161839e+00, -1.921456670824200e+01, -6.795772722340864e+00, 6.500100958842941e+00, -2.064379510693525e+01, -6.978311395902313e+00, 4.382988769592326e+00, 2.640740698891725e+00, -2.993164221949505e+01, -6.816501823514645e+01, -1.742159401971976e+01, 1.835793506782980e+01, 1.633100348488068e+02, -1.226083010621583e+02, 2.615395084327882e+01, 4.566578985416167e+01, -3.086977880900224e+01, 6.289774289425558e+01, 4.143898280736468e+01, -8.406573086356032e+00, -4.308002082737613e+01, -1.559677103185579e+00, -1.923422402424390e+00, -3.780949915909639e+00, -8.362942536051856e+00, 1.873991744068731e+00, 4.677477973519300e+02, -3.366223785379222e+02, -2.258923925304938e+02, -2.412391148230439e+02, 3.092605267308675e+02, 5.122972458811262e+01, 1.744954901594023e+01, 2.135505771595802e+02, 1.992829146864194e+02, 4.836409297243160e+03, 4.566392322071516e+02, -3.588815458102263e+03, 2.393012638219140e+03, -1.290087095799115e+03, 6.414316345273918e+02, 1.359398486360372e+03, 6.257102202487489e+02, -3.021399553989643e+03, -1.965252041141538e+03, -2.461793174614892e+03, 1.427395186175022e+03, -1.470022240581407e+03, 6.441219088586799e+02, -3.267807722356858e+00, 1.471282916141695e+02, 6.160841666880172e+01, -3.042842882980185e+01, 2.995835067599856e+01, 1.350821434758280e+01, -2.360490867035757e+01, -3.621946616866209e+01, 1.820290575317369e+00, -2.251196384573578e+01, 2.100103703205899e+02, 3.722612404080900e+02, -6.667970151249862e-01, -5.025816976207830e+01, 3.333106033016099e+01, 2.382434818808921e+02, 1.967902259642453e+01, -4.981459792465399e+01, -3.800077302280548e+02, -8.190124014658035e+01, 1.392712844150294e+02, -2.233677713788440e+02, 2.459829103801604e+02, -9.970162661544302e+01, 9.835994315391859e-01, 9.519196124628269e+00, -3.214827311347642e+00, -3.272132457827846e+01, 1.652845943314916e+00, 1.207503874243845e+01, -2.450011663584400e+00, -7.184710685704568e-01, 1.314915559195528e+00, 7.098524776523429e+00, 1.365022675736068e+01, 5.001894029483812e+01, -6.551789895153608e+01, 2.347672754738181e+01, -1.987728905866479e+01, 1.702702739553079e+01, -2.771141277577958e+01, 1.061055945874230e+01, 2.107260245174948e+02, -1.067350262592500e+01, -4.068049270545332e+01, 4.200009373942445e+01, 5.222646510832327e+00, 1.716122685620693e+01, 9.257375925839891e-01, -6.392399202230798e-01, 2.047258296625212e+01, -1.348719993061982e+00, 1.154862175263233e+00, 1.500576029976915e+01, -1.071760747273000e+03, -2.986910713935979e+02, 1.328320580568492e+01, -2.984148591754100e+02, 8.041671646356407e+01, -6.491193835188945e+00, 2.866170592031633e+02, 8.911161745395350e+01, -1.336945057310320e+01, -2.999452461908150e+03, -4.088997699730077e+03, 3.591306338654524e+03, -2.655059430173927e+03, 2.926981864919064e+03, -3.279807388458251e+03, -2.703907076858372e+03, -2.539734661389634e+03, 3.235112884009035e+03, 2.806477979688361e+03, 2.932755827819879e+03, -3.061974580065584e+03, 2.681420921199121e+03, -2.889045234376908e+03, -1.385612222053348e+00, -1.631551718456596e+01, -1.791025383866739e+01, 3.817587536034110e+01, 1.972448156840335e+01, -3.717477435486903e+01, -3.862707953589766e+01, 3.289119772479528e+01, -1.291785640857355e+01, -3.834426378513840e+01, -9.483784379886343e+01, 1.694876729148235e+01, -2.295329235162240e+02, 8.115948632061995e+01, -4.109387195248641e+01, 1.718411170168586e+02, 8.903239305658944e+01, 9.529034948946453e+01, 3.065287821891905e+02, -6.558446738330562e-01, -3.128645368330841e+01, 2.306965466102455e+02, -1.822291136415689e+02, -3.819852996451936e+01, 5.015020521188626e-01, -1.175198210198815e-01, -1.674651012576925e+01, 5.730709993793485e+00, 6.691804649164522e+00, 1.498266820378469e+00, -3.092011602556723e+00, 5.737896603122307e+00, -3.875050265449767e+00, -1.444484158915988e+00, -1.162584354560711e+00, 3.034652183397462e+01, 4.611485141222666e+01, -1.090011509517037e+01, -7.843427668787583e+00, -8.701156783965470e+01, -9.310366492021745e+01, 6.983031351356145e+00, -1.819414325770389e+02, -1.555292011641855e+01, 1.809605966785177e+00, -1.148073038322067e+01, 1.572639542827433e+01, -8.331105542030098e+00, 3.646986936664833e-01, 2.569909508517599e-01, -2.885256266996126e+00, 5.676021420934644e+00, -1.328712335213238e+00, -4.050176614752223e-01, -1.178626775588029e+00, -3.858044097782300e+02, -8.266922035702808e+01, 1.322437512162761e+02, -1.022268886790573e+02, 8.438685917093031e+01, -5.838843839565384e+01, 4.595004694071104e+01, 5.333357403055077e+01, 5.597177573546366e+01, -9.856902971107647e+03, -2.007503684437189e+03, 2.990386033903626e+03, -3.418199497091710e+03, 2.015812259395269e+03, -1.109885989829571e+02, -1.144550241763332e+03, -9.257646802894642e+02, 1.348594991942904e+03, 1.070251879056032e+03, 2.247823924546865e+03, -1.020510343585931e+03, 1.879989804371450e+03, -7.490341521829454e+02, -2.193675423193417e+00, 1.996809918972968e+01, -9.684890743399697e+01, 8.838266593711255e+00, -6.385534706241939e+00, 3.280862342280334e+01, -4.427077946977746e+00, 1.334361312312872e+01, 3.439271588155677e+01, 9.477809395174816e+00, -2.754744653491903e+02, -2.480105897819551e+02, -6.430670114372043e+01, 1.083195686515139e+00, 1.283902074535152e+02, 6.918967338055995e+01, 6.004835589115678e+01, -4.559716785768462e+01, 1.056697593375361e+02, 1.250808782885823e+01, -1.068889940323613e+02, -1.129903777317574e+01, -2.266181404555868e+01, -1.603166536531365e+02, -3.019907728865742e-01, 7.321100903926058e+00, -8.364336133095362e+00, 1.171209517086604e+01, -4.271209817814830e+00, -6.028588947186205e+00, 1.851628882789448e+00, 2.592494233467473e+00, -5.401299648287728e+00, 2.730634663861609e+00, -1.068786726504841e+01, -2.312909298946090e+01, 2.808108021455640e+01, 3.095381684458501e+01, -9.975660696258874e+00, 2.048103043973511e+01, 9.476740187046158e+00, 2.297782072061528e+00, -6.640424086513768e+01, 2.133300050604636e+01, 5.361788068376840e+01, -7.645776180180246e+00, -2.446220682428727e+00, -4.034986724096063e+00, 2.626504865593962e-01, 1.186126938464513e+00, 2.301984063210756e-01, 2.118649444461240e-02, -2.021649571550443e+00, 1.732159803126869e+00, 6.167347136971991e-01, 2.619616702137464e+00, -1.218310964238345e+03, -5.449434680237879e+02, 3.202943760275070e+01, -3.986801475459403e+02, 2.439468510187996e+02, 2.512463318505312e+02, 2.401051978768234e+02, 9.601979554935409e+01, 1.592404060349318e+02, -1.051064009756019e+04, -1.061759049199558e+04, 8.646660281862078e+03, -6.855746719342758e+03, 5.786308921798149e+03, -8.755285869906384e+03, -7.081427182242160e+03, -5.958932551279914e+03, 8.132849686867227e+03, 6.130403214280522e+03, 7.206538808212324e+03, -6.193037416605976e+03, 6.095631553064011e+03, -5.455693948606174e+03, -1.029244024162551e+00, -5.912775168799368e+01, -3.101346629397483e+01, 6.362877395063510e+01, -1.975717794329107e+01, 5.510899702499498e+00, 3.751027049673816e-01, 1.378923940678984e+01, -7.457819080840146e+00, 1.191709414363430e+01, 1.787329290206847e+02, -1.064129934331542e+02, -1.834603205415471e+02, 1.986098230130481e+01, -1.138059287774936e+02, 1.117249036048608e+02, 1.215111456176829e+02, 6.797793029634720e+01, -6.351434235712795e+01, -1.367495787719998e+02, -1.234335753809101e+02, 1.784980609339473e+02, -1.723261043307330e+02, 1.708021405994606e+02, -6.821058166990710e-01, 5.337365682253291e-01, 3.793133589095687e-01, -8.289871146619308e+00, 8.039169112973356e+00, -3.852136041920789e+00, -1.195914045008826e+00, -2.001055736722569e-01, 1.089650468494623e-01, -1.736015826221710e+00, 8.143303405886185e+00, 2.465542254155901e+00, 1.404415154160610e+01, -1.136197835795194e+01, 2.673078532641848e+00, -1.819452693742274e+01, -2.690244061888951e+01, -1.797098401046771e+01, -3.661855693096020e+01, 1.513427679953027e+01, 5.229774901319812e+00, 1.539211691645095e+01, -1.024758599808703e+01, -1.506108891785013e+01, -2.115394856363509e-01, -1.887335605196651e-01, -1.069480387016959e-01, -1.094652079867988e+00, -2.143084637454562e+00, -2.783894644349112e-01, 5.365037401024345e-01, 1.494502786969401e-01, 1.928076340764423e+01, 1.335471351755723e+02, 5.504198327487730e+01, 9.073750029079571e+01, 1.170218112127858e+02, -1.693111214267018e+02, -5.418494371215556e+01, 9.430917982808444e+01, -1.777522087583886e+02, -1.122441529306776e+02, 1.176276737295656e+04, 7.006960722250577e+03, -4.219432917505069e+03, 3.985378061524151e+03, -3.741142893367386e+03, 4.991412477812753e+03, 3.754042571417854e+03, 3.450629824563501e+03, -3.711112823446820e+03, -2.829852783068661e+03, -3.192319737887186e+03, 3.206021002851596e+03, -3.202408201346248e+03, 3.355946122645711e+03, 2.644912342802972e-01, -3.333188383398211e+01, -1.445371318011647e+01, 3.673107461617322e+01, 4.089940945291175e+01, 8.135229244795481e+00, -4.508814925355724e+00, -1.809021151812242e+01, -3.088748538089300e+00, -5.205429219046779e+00, 1.182713196836405e+01, -1.754334085385649e+02, 7.251518127291163e+01, 4.002282687342656e+01, -1.448075795411819e+01, -6.029536626485398e+01, -8.444078584642075e+01, 1.426074834586513e-01, 3.239555963635503e+02, 5.523959805724341e+01, 6.393020939292447e+01, 7.162909160481126e+01, -6.233017948758297e+01, 4.257538225650877e+01, -6.708191359814943e-01, -8.840768407207205e-01, -5.437595312099746e+00, 3.569867041668436e+00, 7.178995119673369e+00, 1.846220417796657e+00, 3.852219452890390e-01, -1.169500610441288e+00, 5.987311218576855e-01, 1.492191213741987e+00, 4.349923238633332e+00, 1.167753892839232e+01, 1.523961663407234e+01, 8.034161459936287e+00, 3.038580792657724e+00, -1.310347377898207e+01, -4.369401857979079e+01, 6.841719516432311e+00, -3.433230454676004e+00, -1.348334818463620e+01, -1.788162804725055e+00, -7.116017591522433e+00, 5.852733798819161e+00, -1.014615228652809e+01, -2.647051685078989e-01, 8.352042669757115e-02, 9.774005651609284e-01, 2.780304804639111e+00, -2.051647379514672e-01, 1.028673864936050e+00, 7.635238656209397e-01, 6.600617791422968e-01, 1.112915670767445e-01, -9.885347135853666e+00, 2.891147540427037e+02, 3.818266493527838e+02, 2.524012049839069e+02, 2.347080884866478e+02, -2.125613868633037e+02, -1.415656818375170e+02, -1.754634460845797e+02, -1.588831079369350e+02, -1.335726940823265e+02, -1.072171452776852e+03, 5.104831676864687e+03, -8.666972397496396e+02, 8.785470489899030e+02, -8.546936374875588e+02, 4.742104675333337e+03, 2.725238145410702e+03, 2.491281222110996e+03, -1.647632651483894e+03, -1.232476409019835e+03, -1.463228420743872e+03, 1.461785580349659e+03, -1.496217394375064e+03, 1.563744207760191e+03, -3.405185771086527e+00, 4.977749231395184e+01, -9.861915750943197e+01, -1.023406122176548e+01, 6.594521855201747e+00, -1.589102722396710e+01, 1.367661598127135e+01, 1.949551526911679e+00, 2.360131379406428e+01, -8.373630795653087e+00, -3.518591076690954e+01, 3.989060262835870e+01, -1.134874391491041e+02, 8.774750789425772e+01, -1.695681322844466e+01, 2.184954121546170e+01, 3.528736261191460e+01, 9.041790178559069e+01, 4.420771020517837e+02, 8.876082331066695e+01, -1.731548812944856e+02, 1.026449625343790e+02, -1.500161423596595e+02, -3.597849185913712e+01, -6.152952828747892e-03, -1.181006329254508e+00, 7.079047434889885e+00, -5.812271170546661e+00, 7.163105490539534e-01, -4.355436634112193e-01, 3.325758156208372e+00, -1.483223163027501e+00, 1.256050916109126e+00, 1.830023387527598e+00, 1.862272209145765e+01, 3.045513021710472e+00, 3.060946783431861e+01, 6.077081479981442e+00, -4.646104557782248e+00, -5.436221286900316e+00, -4.868394217925331e+01, 2.136015454861734e+00, -1.444536675754987e+01, -2.410621880028838e+01, -2.877238788456385e+01, -7.188478228418182e+00, -5.460813383935810e+00, 8.627171161474394e+00, 1.712581237863377e-01, 3.018459763520834e-01, -2.142493749504268e-01, 1.678296160997540e+00, 3.457353765331257e-01, -2.957030562722470e-01, 2.457803359395283e-02, 1.207375885582364e+00, 5.438855965297350e-01, 1.173356317065820e-01, 2.127773339870620e+01, 1.358425577160890e+03, 1.535412559168701e+02, -4.568450318730641e+02, 4.841198061486394e+02, -1.114054476818922e+02, -8.513097139720246e+00, -1.440068439853620e+02, 1.896655121250122e+01, -2.501453651301023e+02, 4.187963664218072e+03, -1.314955901069403e+04, 4.306965736233488e+03, -8.386999396870560e+02, 2.758006493416028e+03, -1.548830718332147e+04, -8.697390133699295e+03, -7.142471386803182e+03, 9.995274655893236e+03, 6.338152864159279e+03, 4.290978333096176e+03, -6.067510557061081e+03, 3.596985465046112e+03, -6.049656589873640e+03, 3.090280584585446e+00, -1.269003612254552e+01, 3.205604684147338e+01, -2.018546413531045e+01, -3.041197182646662e+00, -7.983500260204015e+00, -1.498579773935135e+01, 1.720222068313760e+01, -9.106818207804835e+00, -1.870221253205213e+01, -1.002955375004295e+02, 7.988219367533468e+01, 9.446191843281689e+01, 7.579740382230912e+01, 9.071730584859731e+00, -3.093538608002752e+01, 2.831597784205390e+01, 8.600816372075744e+01, 2.072676586147098e+02, 1.317512524504322e+02, -1.021314825529502e+02, -7.459229429887255e+01, -9.159299871123412e+01, -4.273701085217839e+01, 1.559466522082882e-01, 6.179720215235512e-01, -8.317925828271010e+00, 6.336448945762624e+00, 6.826283188973154e+00, -6.254716388099931e-01, -3.494879426340655e+00, -1.377320579668089e+00, 2.151208122663847e+00, -5.941298685510881e-01, 6.194121695693667e-01, -1.764155276214698e+01, -3.646261211938057e+01, 5.461928444269692e-01, 1.545615302374083e+00, 1.715017448549780e+01, 4.374684683773082e+01, 1.169874509589645e+01, -5.613297729109823e+01, 7.477869660939486e+00, -8.471746343593087e-01, -1.573127129110910e+01, 1.238935859532242e+01, 2.091886704848436e+00, -4.958855132746930e-02, 3.111259504962572e-02, 6.710488500830799e-01, -1.864626758027897e+00, -1.529954070661296e+00, 9.243492250372149e-03, 3.636858055107400e-02, -2.152290188688160e-02, 4.245590423652102e-01, 3.422652613384702e-01, 3.670748406919280e-02, -1.367866750940972e+02, 1.390898246473412e+03, 2.632052317026327e+03, 3.061232658493143e+02, 2.256596672276811e+03, -1.151201677185675e+03, -3.384979457327861e+02, -1.712367991616961e+03, -1.549480909855009e+02, -6.604465581733426e+02, 1.646554973712017e+04, -9.961781828186877e+03, -1.427146714001529e+04, 1.826576396547743e+04, -1.658941627867224e+03, -1.098547042652085e+04, 3.492124918123805e+03, -5.634008493120983e+02, -9.099162887055516e+03, -3.366382010862598e+03, -1.597096508871016e+04, 7.199804829166139e+02, -1.074314456687474e+04, -4.819475688536076e+03, -1.232173881355016e+01, -2.795242176222069e+02, 3.810048835783749e+02, -3.436152344501929e+02, -8.504810018548555e+01, -1.139161786789674e+02, 2.110568580323921e+02, 9.439130039021633e+01, -5.814050822937816e+01, -1.621889005625954e+01, -1.044098513341356e+03, 5.981674394464933e+02, 1.361217875940659e+03, 2.105214873499135e+01, 7.957799515600631e+01, 4.668260933691868e+02, 1.039816625807425e+02, 6.425529739262134e+02, -5.390357717134312e+02, 7.293809598637072e+02, -2.155187181450655e+01, -8.027768260407065e+02, -3.499427538344193e+02, 2.656872660548719e+02, -3.212975411281685e+00, 2.211140540696445e+01, -5.147975370098675e+01, -1.381202937503550e+01, 2.864631767108025e+01, 4.264944119455956e+01, 2.587572445836562e+01, 7.861087372569378e+00, -1.463438590335198e+00, 8.928731039133956e-01, -2.868776453422309e+00, 1.893050064576891e+01, -5.846235382915732e+01, 5.821446608303055e+01, -6.552986561813918e+01, -6.334327659648629e+01, -2.050586951181158e+02, 1.139873061769937e+02, -2.867185389008234e+01, -1.357949892967293e+01, 7.260052589432021e+01, 6.885909725789665e+01, -5.113172739916797e+01, -2.129399346334032e+01, -2.982415065076552e+00, 6.710486988542854e-01, 5.016018516623362e+00, 2.336717996023322e+00, -1.821361242213023e+01, 3.279126948297955e+00, 3.031912645207357e+00, -2.398260882555922e-01, 5.234771940664289e-01, 1.190876258080622e+00, 1.353593722841557e+00, 6.698612586700681e+00, 2.605066574489612e+01, -1.163821218381242e+03, 1.503800181198525e+03, 2.805078812484292e+03, 8.602910639276822e+02, -1.799032223249603e+02, -9.294372450132391e+02, -3.361030548130067e+02, -1.458106359961465e+03, -4.364040092607087e+02, 5.225151530324919e+02, 1.409353629546468e+04, -1.337507432249873e+04, -1.509145923454773e+03, -7.808289774026345e+02, 1.967282814740066e+04, 1.090253488343980e+04, 5.509563063956986e+03, -2.036467465640093e+04, -1.020479998470474e+04, -4.780008336418372e+03, 7.206937842789530e+03, -6.506846948153805e+02, 3.278128550780995e+03, -1.284459675543380e+01, -2.831150966619067e+01, -1.241019284670286e+02, 1.767137366037858e+02, 4.929410582778004e+01, 5.626133661274864e+01, 2.849293258417008e+01, -5.427520349505635e+01, -1.685814508419211e+01, -1.053446418151436e+01, -1.199399284284173e+03, -6.500093070749089e+02, -4.199495065791231e+02, -3.659277110815098e+01, 7.465896453431602e+02, 1.329844365119000e+03, 9.489995144949477e+02, 3.081966898761656e+02, -6.251585434209937e+02, -5.031714722293382e+02, -1.479239196523606e+03, -1.816533998457578e+02, -4.196161241809540e+02, -7.211578262731189e+02, -1.958908948829694e+00, -3.968433873767996e+00, -1.426261651704936e+00, 3.478332382020713e+00, 5.769631761430039e+00, -1.412517401564581e+01, 1.272231601530215e+01, -3.482602361831034e+00, 1.023821923619066e+01, 1.332729088967863e+00, 2.594044217557070e+01, 1.791939575418535e+02, 2.547910646774364e+01, 2.053564429286570e+01, -1.711957133697862e+01, 8.911760333741336e+01, -8.108691845266532e+01, -1.012730577256928e+02, -4.932420796409076e+01, 2.986559751343969e+01, 1.482486845357639e+02, 9.505401522353324e+01, -1.008457322493429e+00, -1.759924822397563e+01, 1.923422305117091e+00, 1.864626869347966e+00, -2.336717870041843e+00, -1.394692691183393e+01, -1.353214880207445e+00, 2.784433700345792e+00, 1.025715926674707e+00, 2.070411066552406e-01, 3.909478094010844e+00, 2.204489182360836e+00, 1.753557586467838e+00, -8.193260335605524e+00, -5.712141113084551e+00, -3.918636629389215e+01, 4.678728213988547e+03, 1.402315707629525e+02, -1.073063370175867e+01, 2.414133754588126e+02, -1.164924123724913e+02, -3.971789823709199e+02, -5.968290270578443e+02, 9.759768522431607e+01, -1.622737693347064e+02, 2.527600380151129e+04, 9.686319331373237e+02, -1.169048406634421e+04, 9.469954061465025e+03, -5.140917885076932e+03, -1.085876617873368e+03, 2.972555850287164e+03, 1.124184556136920e+03, -7.431026708588546e+03, -4.911370182802406e+03, -7.585960046239476e+03, 3.546378209720035e+03, -4.888936242726551e+03, 1.254914623294456e+03, -8.353277990276063e-01, 9.777432714279601e+01, -4.083298589947521e+01, -1.343056739445404e+02, -3.323080586886843e+01, 3.863294036733900e+01, 5.024896428135879e+01, -1.653613497817048e+01, 2.864252368087110e+01, 1.779409289635168e+01, 8.711646988972557e+02, 1.037843843102046e+03, -1.672415518111359e+02, 1.590380639562380e+02, -3.380108711181331e+02, 5.207190143538069e+02, 9.821385381316118e+01, 1.073105966465103e+02, -5.824913673926878e+02, -1.568896987420358e+02, 2.210890864215248e+02, -2.258066864692719e+02, 2.692981410610902e+02, 8.455683578200602e+01, -1.339977191174417e+00, 5.044954356200731e+00, 1.241892729296235e+01, -6.258514149322098e+00, 7.775872328454207e+00, 1.016784549447390e+01, -7.182652240025433e+00, -7.262286267685093e+00, -8.238091706677240e+00, -2.783603884122808e+00, -8.772871504121143e+00, -1.837341522055627e+02, 7.437252212116097e+01, -4.407138165678296e+00, -8.190318492283206e+00, 7.325394118065678e+01, 7.591120768104432e+01, -3.527488303605866e+00, -1.702117721336232e+02, -6.907394092648821e+01, 3.820289375551033e+01, -1.881743570491662e+01, 2.757456214721950e+01, -4.264159721301870e+01, -6.392399137260941e-01, -1.529954016914721e+00, -1.821361273654663e+01, 1.353214836745878e+00, -2.560280076601463e+00, 6.279643567046651e-01, 2.454749030998733e+00, 1.855761639537805e+00, 7.574107457591178e-01, -7.042325750481382e-01, 2.236355912685879e+00, 1.227294364357524e+01, -9.076766043288901e-01, -5.252849644428556e-01, 1.764805183528359e+01, -3.922938231484226e+03, -8.284601760989394e+02, 9.222946025140201e+02, -6.368944311048989e+02, 3.294253722474490e+02, 3.141797521335350e+01, 3.224659264293059e+02, 1.999988180794440e+02, -4.651209102972326e-01, 1.832826705865486e+04, 1.084868417078256e+04, -7.686805800911557e+03, 5.399610477743971e+03, -3.193761283162728e+03, 1.000440181142309e+04, 7.311499013725575e+03, 4.842472799842114e+03, -9.394159601544581e+03, -4.772198235715402e+03, -5.305168415059703e+03, 3.659069551482782e+03, -3.851415548310144e+03, 2.904250373052931e+03, -3.352225204116758e+00, -4.696117919574843e+01, -9.583247205310215e+01, 9.487679372504178e+01, 5.028575565356534e+01, -2.018223735548227e+01, 3.758550512793873e-01, -2.738333029636494e+01, 3.822853169474092e+01, -6.267235515420303e+01, -7.200953780802072e+02, -6.219940747426688e+02, -3.295899528035964e+02, -1.950344305648337e+02, 3.016751801432918e+02, 1.549759822573657e+02, 1.829055995049415e+02, -1.681396372148755e+02, 4.276338833172048e+01, -1.243916420338537e+02, 6.408601019253999e+01, 2.070286432539160e+02, -1.020679759986979e+02, -3.841648700818120e+02, -1.627384514449520e-01, 1.776251671008580e+00, 2.390228096347507e-02, 1.403537983007490e+00, 1.866007532699453e+00, 2.777335051320547e-01, -3.565223446885175e-02, -2.874515972258406e+00, 1.704005169347337e+00, -7.642765786323479e-02, -2.001398181120796e+00, 2.363214350540837e+01, -6.920286890834847e+00, -1.445531268409684e+01, -2.039204140497296e+00, 5.128984030716322e+01, 1.468782859684226e+01, -5.967609856858258e+01, 1.759781804705259e+02, -3.214898497128497e+01, -1.540038544438001e+01, -4.040089510093082e-01, -6.533750600145465e+00, -7.939782529075287e+00, 2.569909433513920e-01, 9.243508214505024e-03, 3.279126907009978e+00, -2.784433896707882e+00, 6.279647031281228e-01, -1.356569079811370e-01, 4.974783510523634e-01, 1.609921479471438e+00, -8.372336526773870e-02, 6.577933797798193e-01, 1.627514858311585e-01, -4.499686270523741e+00, -2.456755281473173e+00, -1.189441499179682e+00, 1.759506260299898e-01, 3.662700152772531e+02, -2.432199354904502e+04, -1.607814416585396e+04, -6.836602714239521e+03, -6.850297668833184e+03, 4.645913211420776e+03, 1.040229365565804e+04, 6.268219733914515e+03, 3.118998222185773e+03, 4.154983345404436e+03, 1.505188739283821e+05, 6.903607197525617e+04, -1.042970762490861e+05, 5.553627331326911e+04, -8.044770836368963e+04, 7.093177659604044e+04, 6.348154636401823e+04, 5.531768777402370e+04, -1.123133633951043e+05, -8.143394477967145e+04, -6.743787462291308e+04, 8.758953858737518e+04, -6.106585336487322e+04, 8.262820412535705e+04, 1.725763738752688e+02, 1.304006177766043e+03, 2.874394988811056e+02, 2.680244121613697e+02, 4.907097119067492e+02, -1.303118733391198e+03, 9.786014721724188e+02, 1.100483848881900e+03, -2.137285781401316e+03, -1.101674480925991e+03, 1.676720916882555e+03, -3.387663099304970e+03, 2.988066604228027e+03, -1.736838765366785e+03, -5.401309018074854e+02, -6.767045690715061e+03, -4.432113741506307e+03, -1.963956214883427e+03, 1.746410222133041e+03, 2.119601784743585e+03, 1.174107280447422e+03, 1.857242536688078e+02, -1.157130706997588e+03, 3.068437870310793e+03, 6.023628133609666e+01, -3.442171278118320e+02, -1.387880284914949e+00, 4.345494127227903e+01, 3.239217747863210e+02, -9.577783423742888e+01, 3.261541240642666e+01, -9.952606803112277e+00, 5.871534981429806e+01, 5.335921373290917e+01, 5.305329653338598e+02, 1.533383664429957e+02, 3.335310984676770e+02, -7.860435705612979e+02, -1.366669467722735e+01, -2.137036366465923e+02, 1.369491608068979e+02, -8.367377781177914e+02, 6.026650904837807e+02, 3.378294943569410e+02, 1.014407655421927e+02, 3.239921152852200e+02, 1.376479091081845e+02, -1.237622121281148e+01, 2.174235230891665e+01, -9.259554078910158e+00, 1.062824834997695e+01, 1.541364787530228e+01, -3.295506601320912e+01, 1.243853682422892e+01, 8.949838021700632e-01, 1.973751533546464e+00, -3.152374866386014e+00, -4.239337691202749e+00, -2.654493255748534e+00, -1.269936801417394e+01, 2.307134295906508e+01, 2.917058170512691e+01, 5.655737967686319e+00, -2.034035361265721e+01, 8.150575426518810e+01, -8.497922136917909e+03, -8.231004909478772e+03, -2.813234125095876e+03, -3.935556938275595e+03, 5.423880289536440e+03, 2.759594183269615e+03, 6.246242192023667e+02, 4.407877731224855e+03, 3.839660706410182e+03, -1.416877782644015e+05, -1.113367517984764e+05, 4.785882971342467e+04, -4.970693039415604e+04, 5.161091460654831e+04, -7.615776028193276e+04, -5.171374357157179e+04, -5.176638866673639e+04, 3.831709774131234e+04, 3.433559124750625e+04, 3.914496068601384e+04, -4.273447274369032e+04, 4.251292094189583e+04, -4.938623355852169e+04, 4.771450099574422e+01, -9.157288296501326e+02, 8.165070725270087e+02, 7.181256352550107e+02, -1.215721630359754e+02, 4.719958790543078e+02, -5.588680596243961e+02, -1.593207701829472e+01, 1.512033794255918e+02, -2.241250880677698e+02, 4.159741306339714e+03, 2.779504600181048e+03, -8.238087842941494e+02, 3.178829865498873e+02, -1.285084474278897e+03, 9.008028911867731e+01, -6.558215856069475e+02, -3.330090819452511e+02, -1.646028324728673e+03, -1.816216274713854e+02, 1.974018372798552e+03, 1.697703865509436e+02, 8.252716899115652e+02, -2.009455043192866e+02, 2.802767226617324e+01, -3.082922373586777e+01, 2.878565921706796e+02, 7.972294618473843e+00, -1.641121305466437e+01, 4.176308285048998e+01, 1.430903670614727e+01, -4.754648783461300e+00, 1.437865700237511e+01, 4.447691734668638e+01, -1.017309673742943e+02, -2.767161712015281e+02, 1.893018716439533e+00, 5.568092391946840e+01, -3.793880734683313e+01, -1.072371966453301e+02, -2.599699802981605e+02, -1.860410097092355e+02, 2.282091717097217e+02, 3.279966799566411e+02, -1.749757816461249e+02, -3.778905877827588e+00, -2.016505304175487e+02, 1.962280548925924e+02, 1.755850712076112e+01, -2.436990143509603e+00, 1.767105995606834e+01, 3.642253117137872e+01, -2.325453830002015e+01, 1.813659741384794e+01, 9.470077806879619e-01, -6.628718578276848e-01, -5.711546343179103e+00, -4.187773387883052e+00, -1.022314927660945e+01, -2.879683516521455e+01, 4.217565695039151e+01, 2.565293422895436e+01, -1.102869316516614e+01, -9.642731583040825e+01, -3.431277123677939e+01, -1.258131700741644e+02, 1.124128799986648e+04, 1.189640438213874e+03, -2.369891818938630e+03, 1.954596655028122e+03, 2.027145364045004e+02, 5.930464785825634e+02, -2.385926823799233e+03, 1.124324119886809e+03, 5.858176868185543e+02, 3.990565089666889e+04, 2.127377712677609e+04, -3.184590766941660e+04, 2.218726655082684e+04, -1.803019041814424e+04, 1.719907729780059e+04, 1.868014632974996e+04, 1.403031723625836e+04, -3.005043858567342e+04, -2.032392650157211e+04, -2.316505843948232e+04, 1.955110674937221e+04, -1.810318738942744e+04, 1.413734624192627e+04, -1.603641415494041e+01, 2.106764417907571e+02, 8.440143524229279e+02, -7.372562736725655e+02, -5.276265522417994e+01, -6.225359575045988e+01, 4.640366008227153e+02, -1.006399082794877e+02, 2.767380683007288e+01, -2.649898088309603e+02, 3.753018401635953e+03, 3.071461898927730e+03, 2.386480788921586e+03, 1.055299070814421e+03, -2.996033470124485e+02, 2.612992682305807e+02, 1.043252374869993e+02, 3.718955636015712e+02, -3.042680251820870e+03, 9.516501919200523e+02, 4.381946177924200e+02, -3.572958657425035e+03, 5.287322266362764e+02, -4.806769419974534e+02, 8.908901537904824e-01, 4.789613155786397e+01, 2.640911830301066e+01, -5.679224810533096e+01, -1.131980229560422e+01, 1.536100082397036e+01, -1.182343173257512e+01, 1.167193406231371e+01, -5.960790606184691e+00, -1.112614011224496e+01, -5.277764671827512e+01, -6.099940300756741e+01, -7.200539712599118e+01, 3.636775134607952e+01, 8.785328743622779e+01, 1.980380229701251e+02, -2.648794171657376e+02, -1.416073572986118e+02, -3.866363734282366e+01, 2.056338205073351e+02, -1.949383809953445e+02, 1.355387971616973e+02, -1.117261536408165e+01, 1.590320831538385e+02, 2.515613930870449e+00, -8.576055231444965e-01, -7.417748865183345e+00, 1.909257718190138e+01, 1.313711721645626e+01, -2.852898097229851e+00, 3.775355026177922e+00, -3.496716855343168e-01, 2.263949177491033e+00, 4.612371045209410e-01, 2.196618033233082e+00, 5.000312664079276e+00, 1.676601763537937e+01, -1.321822486814195e+01, 2.023470255417446e+00, -2.303643298722979e+01, -2.968006462261251e+00, 9.490479142764727e-02, 5.098287965550860e+02, 2.477526845209217e+04, 2.670746483197400e+03, 9.879263314209154e+03, 5.077182894652373e+02, 7.695041091651035e+02, -3.213361221132077e+03, -6.522736379392573e+03, -3.047070646403985e+03, 4.324615859827021e+02, 3.674977983915531e+05, -9.772864754236475e+04, -1.849539092595936e+05, -4.023255664851984e+04, -4.429164501874273e+04, -5.717876752106641e+04, -3.965732265937030e+04, -8.549055050362617e+04, -1.575565162559890e+05, -8.484079651618622e+04, 2.697872750361232e+04, 4.412683125049702e+04, 8.034137334380431e+04, 1.495333198816855e+03, -2.158411578760226e+00, 2.250051286878351e+03, 8.324138037483120e+02, 5.283341864701448e+02, -1.154399289282880e+03, -2.482803583461427e+02, -4.008336060587336e+02, -5.638664286319732e+02, -7.256369530610667e+01, 3.164628340668448e+02, 2.627115122661359e+02, 3.555461924764644e+03, 1.063499403135048e+02, -1.064948496188793e+03, 2.849268870290725e+03, 4.264074671032216e+03, 2.279273007998502e+03, -2.718193161724372e+03, 1.897863787274311e+02, 1.085899101803240e+03, 2.142383892006863e+02, -4.055914174044107e+03, 4.342070735877173e+03, -5.890682067519303e+03, 7.146055116024329e+00, -1.422088253524765e+02, 2.101069898937853e+02, 2.245644401198881e+02, -2.195490709007766e+01, 7.375247496635842e+01, 3.063057513806578e+01, 9.471510056371477e+00, -1.014238150334364e+01, -1.222170330867602e+01, 1.991282556618776e+02, -8.471649944215451e+02, 5.812475378150219e+02, 1.641770765549170e+02, -1.471402174819824e+02, -3.805216344383005e+02, -2.008705537105778e+01, 3.118661184123327e+02, 1.912199949153440e+02, -3.678512064405511e+00, 1.538628958519735e+02, 6.981281851509802e+01, 1.943810752446369e+02, -4.501781348944484e+01, 4.022628436652821e+00, -5.483772535000337e+00, -2.346116576464187e+01, 6.228157042450269e+00, -2.159231942158016e-01, -1.295296222202461e+01, -1.986875682585262e-01, 1.771304332963597e+00, 3.397886297129002e+00, 2.359928093248644e+00, 5.888557504628843e+00, 4.267800218186208e+01, 8.457206466372989e+00, 2.286522537676360e+00, 7.376589973052558e+00, -2.149075059781150e+01, -1.771969381533069e+01, -2.106581356525107e+01, 3.414110989314047e+00, -1.231419031682524e+02, 5.847208316387146e+03, -4.132430675358509e+03, 1.598628613873472e+03, -8.242447988619615e+02, 1.564286095232793e+03, 4.322052145411475e+02, 6.554202477434101e+02, -1.071946259758179e+03, 1.678779925211476e+03, 9.906172399601255e+03, -1.158480766463057e+04, -2.144483047026500e+04, -1.783549240698147e+03, 2.861804103279202e+03, -1.653854788378943e+03, 2.282351912051183e+03, -6.244718599158013e+03, -2.504465527417491e+04, -9.009008971137015e+03, -4.092131465102315e+03, 1.986300926786424e+03, 3.388415062749287e+03, -7.005224332217076e+03, -4.299467512770492e+01, 6.929769015915986e+02, -4.571602003594163e+02, 2.079020300505851e+02, 8.993792357983539e+00, 2.718421740029852e+02, 1.704735100592384e+02, -3.652394357827804e+02, -1.111959261331309e+02, 2.397958634638655e+02, 4.028677367197439e+02, -7.868654227293757e+02, -1.448495437700580e+03, 1.797889776344960e+02, 4.413850979851430e+02, 3.254365132403612e+02, -2.485128288327173e+01, -6.005298633801607e+02, -3.119293656139551e+02, -4.454575415773149e+02, -1.275382457785867e+03, -7.049951794408295e+02, 1.639800687746790e+02, -2.180480556023098e+03, -6.427065560157375e+00, -7.196381738530016e+01, 6.593377245224063e+01, 9.920594673696703e+00, -2.257090364673465e+01, 1.967149092242348e+01, -4.310890145473141e+01, 7.961522018274142e-02, -3.324587259946409e+00, -2.411703644313322e+00, 1.141403147771903e+02, -6.551108365364021e+02, 1.321436002753204e+02, -3.043205404905606e+01, -1.257690222385327e+02, -1.726901387035360e+02, 1.282048652309379e+02, 2.876356095207294e+02, 4.341043117642756e+01, -8.105480222907228e+01, 7.994853219502414e+01, 2.858408072082985e+01, -5.821025589911964e+01, -5.896856243927540e+01, 1.354481488095582e+00, -6.847401122530289e+00, -8.865132788930802e+00, -2.190283760995536e+01, -2.438609393140098e+00, 8.373033283616736e-01, -1.547906375843289e+00, -5.652629227815710e+00, -1.847088031245579e+00, 3.044990493633069e-01, -4.491710280040885e-01, 2.233273632820855e+01, -3.119097662769509e+01, 1.132578134002719e+01, -4.639144128671654e-01, 6.310179995722356e+00, -1.293063860481135e+01, -5.799689453981410e-02, -1.566569233328351e+00, -6.143476465913602e+00, 1.480278267802085e+02, 5.121908916562947e+03, 4.319989105232145e+03, 4.869937387544333e+03, 1.431766608159717e+03, -1.766539399136495e+03, -3.040888916619786e+03, -2.843488634827716e+03, -8.223662338371161e+02, -1.424651098304893e+03, 7.244701656665924e+04, 3.724988104901072e+04, -2.797389073784650e+04, 1.575610435559685e+04, -1.624632037961974e+04, 1.985722249112394e+04, 1.553331887098592e+04, 1.131102698214486e+04, -1.967344093090280e+04, -1.048876770886926e+04, -1.073554971714943e+04, 1.108161373694189e+04, -9.725091271021454e+03, 7.969083025102689e+03, 2.307281380875034e+01, 1.905048828009931e+02, 1.504516476865405e+02, 2.987654334941712e+02, 2.934080314650822e+01, -1.247138283327974e+02, -1.298020149610805e+02, -1.665121317338683e+02, -2.557149685043004e+02, 3.918195799199652e+02, 1.063606946034319e+03, -1.059706903573874e+02, -6.946223287022930e+02, -5.798112472442716e+02, 8.106769500100164e+01, 3.164860312345899e+02, -9.665541950812584e+02, -1.001689235654903e+03, 1.845798573766173e+03, 1.561705215996558e+03, 1.196172509090962e+03, -1.028012410031478e+03, 9.223951795113546e+02, -1.743336756712379e+03, 5.274331322710204e+00, -2.607955136351519e+01, 8.842927575757868e+01, -3.268578957592251e+01, 4.292028891705750e+01, 4.424615058478074e+01, 5.286518676018570e+00, 1.907204915013834e+01, -5.296612695367467e+00, -8.395998460208354e+00, 1.298186700682880e+02, -2.151026994528536e+02, 2.065304497367051e+01, 8.482878072925544e+00, 3.255426165781041e+01, -1.504746429500643e+02, -1.296008430991015e+02, -1.714836629113449e+02, 8.637568009074649e+01, 7.270798384318445e+01, -7.412088964736670e+01, 1.980443706627749e+02, 1.928229143055915e+01, 1.232028394779595e+02, 1.937149881964150e-01, -2.153206641041476e+00, -4.107297343721968e+00, -9.306916075795000e+00, 5.764207513024096e+00, -4.390649961858911e+00, 4.424615209265448e-01, 1.521670602681497e+00, 5.543321816836436e+00, 3.012291293193422e+00, 3.842115283116867e+00, 1.440149538686716e+01, -2.195199562497435e+01, -8.153289045720570e+00, 4.184018910268992e+00, 1.071595029962141e+01, -1.949439064264811e+01, -1.766611721325424e-02, -5.603493580314944e+00, -1.097278563534255e+01, 5.284643359544242e+00, 1.634452657236085e+02, 2.958535555163141e+03, 6.745502544089009e+02, 1.385488261796205e+02, -5.247887614615509e+01, -6.914512644516155e+01, 1.052581802811861e+03, -2.919393839909171e+03, 1.298314068503456e+03, 6.005372887392393e+02, -1.049810620746066e+05, -5.256772510130962e+03, 2.324179979055842e+04, -4.690691875684896e+03, 5.112081105731011e+03, 2.148095100386166e+03, 1.898791596112382e+03, 6.958855477347994e+03, 1.223564847259759e+04, 3.300834801254542e+03, -2.984706633255210e+03, -3.802100152679234e+02, -8.399889307280208e+03, 5.457886273485821e+03, 5.262087953883136e+01, 1.307226064787062e+03, -3.097604573942243e+02, 4.770631796297525e+02, -5.363784888694321e+02, 3.768249609743183e+01, -3.462452596779071e+02, -7.840400603613641e+01, 6.854121880404557e+01, 1.140080474684432e+02, 1.033351616822508e+03, 2.884727805377669e+03, 5.937607740604583e+02, -1.261299837992791e+03, -6.207563175011479e+02, -6.629613265789292e+02, -4.579109964045838e+02, -1.181037444353399e+03, -3.303465524093561e+03, -5.830624221768696e+02, 2.946836663238571e+03, -6.401269135646896e+02, 1.359658371218648e+03, 1.030692460866514e+03, 5.839535449242729e+00, 3.170798932265410e+01, 1.112452393519286e+01, -7.035941961321494e+01, 3.307431215217163e-01, 4.930787212900448e+00, -1.156940761196697e+01, 1.531304386752655e+00, 1.118307831845050e+01, 1.906504490430255e+00, -9.365239641747466e+01, 3.883866528958968e+01, 4.834161212682876e+01, -9.142523990496022e+01, 2.068171606592800e+01, 8.090692603930648e+01, -2.115235985162769e+02, -1.673084957384799e+02, -2.095672168733433e+00, -2.612969963380666e+01, -2.571998842939992e+02, 7.026000938508257e+01, -1.273125959981509e+02, 7.060199333543437e+00, 4.417327563041504e-01, -9.149060100798579e+00, 1.001637409606639e+01, -3.170103599423160e+00, 3.181992417233170e+00, -5.350756239403693e+00, 7.075737242817122e-01, 6.825501614447431e-01, 1.292046794779349e+00, 1.150933448192656e+00, 4.582869945336974e+00, -1.515924040209307e+01, -1.401108345599031e+01, 1.915595361095269e+00, 1.404340790834589e+00, 2.277887671134594e+00, 3.023130359586864e+01, 1.059482410349168e+00, -1.014099120957972e+01, 5.938057955526985e+00, -6.274596438017104e-01, -1.072385892632071e-01, 5.702907932657185e+01, -2.346117369905596e+03, 4.773759595495332e+03, 4.539335080437728e+03, 1.995289423200556e+03, -2.638478055547803e+03, -1.137441872263642e+03, -2.161879372981740e+03, -2.043384629227196e+03, -3.009001141006078e+03, 3.537274870864164e+04, 3.663683234844580e+04, -2.203311775515941e+04, 1.287692939426079e+04, -1.486737016009757e+04, 2.936344221990739e+04, 2.014770440657850e+04, 1.615244215995315e+04, -2.344887152707443e+04, -1.474321441444322e+04, -1.406259549502680e+04, 1.523395675838275e+04, -1.240041785501606e+04, 1.437105837706843e+04, 1.648363151259448e+01, 1.608203313911374e+02, -2.481416785883974e+02, 3.775529084900924e+01, -2.113143866429920e+01, -1.080881848362744e+02, 1.679952362198136e+02, 1.719649405902355e+01, -2.302225295777589e+02, -3.463742803051112e+01, -1.204788085031005e+03, -4.465757911459183e+03, -9.923865458461117e+02, 4.089800331366647e+02, 3.551468278023547e+02, -2.549507097617010e+03, 3.533752243743965e+00, -1.124007374440358e+03, 4.713772399890291e+02, 8.403977925738478e+02, -9.164997417808156e+02, 1.141483342442040e+03, -1.154605943127052e+03, -1.233401090225559e+03, -1.228992921535861e+00, -2.262968240512296e+01, -8.078987948329790e+01, 1.280966446359901e+01, 3.370148077541062e+01, -2.260824312384756e+01, 6.855005159628860e+00, 2.854727936615941e+00, -1.134692555809312e+01, -1.021120890092865e+00, -6.539511990949615e+01, 2.910210728008846e+02, -3.074221924158881e+00, 4.576778858784285e+01, -8.425165570438176e+00, 1.080762554785882e+01, 1.323497316215641e+02, -7.882337648879623e+01, 1.654456856284227e+02, -4.547716469225563e+01, 9.098781402537750e+01, -2.898961902916753e+01, 1.288222586297494e+02, -2.560127695958404e+01, -2.290583315285362e+00, -1.617342925356499e+00, 6.374196303842784e+00, 2.283692002898156e+00, -1.715102804093883e+00, -4.165216998625180e+00, 1.882295315571780e-02, 1.647624336339957e-02, 1.667898074395178e+00, 5.235733345699992e-01, 2.245584776800336e+00, 1.103267859573618e+00, -5.136747102247858e+00, -4.531750620466102e-02, 2.653881547191333e+00, 1.184609392922778e+01, -4.682984186184554e+00, -6.011384330556754e+00, -8.100874698432699e+00, 1.152233567691020e+01, 4.645201573954141e+00, -2.648781407963211e+00, -9.630758721380448e-01, 6.793525212538998e+01, 8.887162682797671e+03, 3.111923932414344e+03, -2.932994545983931e+03, 2.712796245336624e+03, -3.769618450401503e+02, 1.502443220820900e+02, -1.712733967371297e+03, 3.074044159985036e+02, 2.264922801132884e+02, -9.740056590482225e+03, -1.388063135498302e+04, 1.536134258784774e+04, -2.124907069546053e+03, 3.427922135097335e+03, -2.097942747738320e+04, -1.322040494974326e+04, -6.707504268724282e+03, 2.543084560733219e+04, 1.297182995119331e+04, 7.424824141960477e+03, -8.415135529013582e+03, 3.793952010979360e+03, -4.899266672493504e+03, 9.442716551045836e+00, -1.544330636544415e+02, 5.648036878316543e+02, 2.812929451820174e-01, -1.474815633544931e+02, 1.581332922180003e+02, -4.537000293142852e+01, -1.823900862881769e+02, 3.632640265001496e+01, 7.780999536687112e+01, 1.634882559971038e+03, -8.341458079984784e+02, 2.537923490895377e+03, -9.660221838995707e+01, -2.447221973303799e+02, -1.759892266287579e+03, -4.339260379777879e+02, 2.827251568805056e+02, -1.757083442127112e+03, 6.638087401583766e+02, -2.252338266363483e+03, -1.965857071801440e+03, 5.542690166426679e+02, 1.966018014238444e+03, -9.456918591242914e-01, 3.332660177512317e+00, -3.483679765295427e+01, -4.391961147290530e+01, 4.397475189440929e+00, -5.672940368404846e-01, -1.141395204470714e+01, 1.686413208508152e+00, -6.455823072489432e+00, -1.710110806491480e+00, 7.009917608533080e+00, -5.500592674707826e+00, -6.733851135334652e+01, -1.739196213975335e+01, 2.032090516074587e+01, -2.356938392862721e+01, 1.943269170796011e+01, -1.983255996382442e+01, 3.469921771212773e+01, -5.221690947218573e+01, -1.498814744549880e+01, 2.441576421458071e+01, -2.966661385342209e+01, -1.123317092328641e+01, -6.182776424318882e-01, -9.280525305773002e-01, 4.181065425301257e+00, 3.045460980586854e+00, -8.012742856578812e-01, 3.814115665733633e-02, 4.819084401591999e-01, 1.581927970193856e-01, 6.196124996770761e-01, -2.807179293889078e-01, 8.816788855471139e-02, -7.457346849196319e-01, 1.046814951085447e+00, 9.397419880385791e-01, -9.446321124140301e-02, 7.591201882725284e+00, 5.368845789841584e+00, -3.760323438927966e+00, -2.612676068875870e+00, 1.321859355238909e+00, -1.695986224170838e+00, -5.389999887614434e-02, -5.579154120261209e-03, 6.255236455408378e-01, -1.072333134173011e+01, 4.135018984172923e+01, -4.575592372618133e+01, -4.242377999848502e+01, -6.309618730376270e+00, 2.387024512001327e+01, 2.062111015488458e+01, 1.728672041863051e+01, 1.896755366071931e+00, 1.799949563920279e+01, 1.052653208172619e+03, 1.464897135549082e+02, -3.500995996536255e+02, 3.292948849040195e+02, -2.127601816435736e+02, 1.281072612505394e+01, 1.162055833558332e+02, 7.957055347920853e+01, -2.069488568425816e+02, -1.424907661385113e+02, -2.276186178004145e+02, 1.245969163201875e+02, -1.797767352732157e+02, 8.978430706038785e+01, 6.109333836436102e-02, -8.545815576187817e+00, 4.323193936559452e+00, -2.307033182891221e+01, -2.829651482528314e-01, 3.998115670754778e+00, 8.604607842356117e+00, 1.347479309102365e+00, 1.171216039102397e+00, 6.985441447861321e+00, 4.952074261331915e+01, -2.956760055729713e+01, 1.615166984876038e+01, -1.394868930217934e+01, -7.064433484229112e+00, -5.948396625591173e+01, -3.473515442627907e+01, -2.398080013858543e+01, 1.571002986546733e+01, 1.230395524540956e+01, 3.274452467155775e+01, -1.780697685545891e+01, 3.046449995763032e+01, -4.363976212404209e+00, -4.400089739022302e-03, 3.096988307789633e-01, -3.421097092511814e+00, -1.936473875692388e+00, 6.471418401718507e-01, -1.111742490327810e-01, -2.582733104444854e-01, 6.347263273272054e-01, 1.919966326112759e-01, -8.126823084278004e-02, 2.753560980715047e-01, -7.047893969625447e+00, 1.094022243315088e+01, -3.970156547168916e+00, -1.186533146988214e+00, -8.958059732823678e+00, -1.729100356214631e+01, -4.573199300911930e+00, -1.187796648507678e+01, -1.198094969352156e-01, 1.655212999447899e+01, -6.635766544306023e-01, 4.803924159561679e+00, 7.832053364079727e+00, -4.359168165403048e-02, -6.693033467167979e-02, 8.644872221846145e-01, 2.063640678999159e+00, 1.765189780271857e-01, 1.061113108915534e-01, -1.643672100821333e-01, -7.774851110646094e-02, 7.033300015718448e-02, -6.804257479851784e-02, 1.198440597365422e-03, -2.068694580572379e+00, -5.318207563152534e-03, 9.632656308744303e-02, -2.727488076885512e-02, 2.162570085523698e+01, 6.214083409422720e+00, 5.767459588217834e-01, -6.247113368127342e+00, -2.257452365032951e+00, -2.315084743901736e+00, 3.905632065463160e+00, 5.589288415656607e-01, 3.497933839063936e-01, -2.643552942327557e-02, 7.854785063755679e+00, -1.050125065322218e+02, -1.989135153425175e+02, -1.470880064594706e+02, -6.178047024153049e+01, 1.037952091348935e+02, 9.710060222910452e+01, 7.711760225785432e+01, 4.179154319392099e+01, 6.815936934389076e+01, 1.451305083691222e+03, -4.539981828243172e+02, -1.070962749288833e+02, 2.275769298762646e+02, 2.493254329608942e+00, -6.123138435796284e+02, -2.612892627999007e+02, -2.679489443508784e+02, 1.849057703401970e+02, 1.663877024968697e+02, 1.954346046612955e+01, -2.120192581114488e+02, 5.407806326805872e+01, -2.523902145320873e+02, 1.901632611019854e+00, 2.465497895285842e+00, 5.014290226657414e+00, -1.249818613890810e+01, 7.562287595102986e-01, -3.933211523392654e-01, 4.741562308550967e+00, -3.473741250876068e+00, -3.068882871857586e+00, 5.245272022742280e+00, -1.887787059146879e+00, -1.051794062522592e+02, 2.979255592932800e+01, -3.173725463496317e+01, 1.395045224110556e+01, -1.413033677932521e+02, -7.071009418148928e+01, -5.581268506219102e+01, 7.608055895887220e+01, 3.806716874527267e+01, 4.863286997076274e+01, -3.410532303120809e+01, 4.594002311331224e+01, -3.669546705670070e+01, 8.354775335393468e-02, 1.697454268410339e+00, -2.403424326790295e+00, -5.728384861994404e-01, 1.412824354647591e+00, -1.300420067197949e+00, -9.891446169927897e-01, -6.574290075344978e-01, -1.048555823985178e+00, -4.664733085265163e-01, 1.429401758504742e+00, 7.534182808743290e+00, -1.650550231268029e+01, 2.532339028228896e+00, -2.899946706161378e+00, -3.498726119138211e+01, -2.312298992350104e+01, -6.123118535451069e+00, 1.057304325357950e+01, -3.434836633787232e+00, 3.988523994981672e+00, 1.290104889552743e+01, 1.841851455241737e+00, 2.021642624482169e+00, -2.092302244699750e-02, 1.262486148802426e-02, 3.534729980372826e-01, 4.445917067088775e-03, -9.302435531171129e-03, -3.784058615885520e-02, 1.929935112404748e-01, -2.583530927797567e-02, -6.960304297282453e-03, -4.428370968928583e-02, 2.629222766214697e-02, 1.637058406755835e+00, -3.744003361280106e+00, -7.336258312153668e-02, -1.343117079051306e-01, -1.994632797908579e+01, -1.103799288908998e+01, -9.067420312094471e-01, 2.646662796553127e+00, -2.486908833081415e-01, 5.214192627092954e+00, -1.256105047818559e+00, 3.969051230555241e-01, 5.426286968240236e-02, -9.835642474218914e-03, -2.463096192514615e-03, -8.077449974649898e+01, 6.260828877785314e+02, 1.312457656140527e+02, -1.332445884374655e+02, 8.342609126296119e+01, -5.874444366987169e+01, -2.356428647976026e+02, 1.511190759300489e+02, -1.217715130010258e+01, -9.211857912141167e+01, 8.882240457287563e+02, -3.705768816329393e+03, -1.802551627908925e+03, 5.149288228336846e+02, 1.051600677815838e+03, -2.248953435898911e+03, -4.939168361323971e+02, -1.483091712467184e+03, -2.060590293204222e+03, -4.513696222091236e+02, -8.126591578266630e+02, -6.453835173172216e+02, 3.099530212361531e+02, -1.585422489975418e+03, 1.198475823817575e+01, 1.946033105788615e+02, 1.314662228349215e+02, -4.239222372337588e+02, 8.513433477513674e+01, 7.017847187487841e+00, 5.687714399604639e+01, 7.110996348404032e+01, 2.695941097706242e+01, 7.393838798067014e+01, -1.510336604725602e+01, -2.031600709868648e+02, 1.679194438322886e+02, 8.489181653339972e+01, 4.387935686751273e+01, -8.204020003138113e+01, -1.449502256437189e+01, 1.883502539133374e+00, -2.719720454446967e+02, 1.011524160130019e+02, 6.403117469831184e+01, -3.033795764467582e+02, 6.631492510620831e+00, 8.824247394106675e+01, 4.590918025204500e+00, 2.977857247028233e+01, -4.125303214845540e+01, -1.549819290486832e+01, 4.086407421627502e+01, 1.042529830076211e+01, 1.901642095552341e+00, 5.067032934288394e+00, 1.339417741358194e+00, -4.759167535262996e-01, 2.392548265674613e+01, -2.005456890575836e+02, 5.792405823984942e+01, -5.231858161315500e+01, -1.488615259223031e+01, 1.263929375708091e+02, 1.834097770584919e+02, -1.907921052759181e+02, -1.376024718375524e+02, 1.097406718705815e+02, -1.013421193717745e+02, 9.636395946410296e+01, 1.821912978582695e+01, 6.576286714217576e+01, 1.527264531463564e+00, 1.171546753985943e+01, -3.159732150129040e-01, 1.570637848051872e+01, -5.895486855568852e+00, 4.282801545181507e+00, -2.789170556515312e-01, 2.616088910999214e-01, 1.012809519312653e+00, -3.384788164001019e-01, -1.599761341909960e+00, 1.975655620307337e+00, 2.110740609346233e+01, -6.909055073112567e+00, -9.446695826927720e-01, -8.818033173179771e-01, -7.681722379233521e-01, 1.381233942652685e+01, 5.924007747008726e+00, -2.936916601859448e-01, 3.867255241619276e+00, -1.258634125556713e+00, -1.473330294313949e+00, -1.568049057459926e+00, 2.305426540066573e+00, 3.665729260871026e-01, 4.787065981952287e+00, -1.673355916802782e+01, -3.278182608587319e+02, 6.768762978625436e+01, -1.216659906682501e+02, -1.851039879989460e+02, -1.080065510983855e+02, -5.535687937294378e+01, 1.466857989358317e+02, 8.569605595008713e+01, -1.686175353869915e+02, 1.156430343815969e+04, 3.652653490661545e+03, -3.075929160323123e+03, 3.224321728371172e+03, -3.234675331051712e+03, 1.484342167080288e+03, 1.625946326400397e+03, 1.786927781592038e+03, -1.544802326005087e+03, -1.561911464491111e+03, -1.984783742260069e+03, 2.040420650850777e+03, -2.185868698468142e+03, 2.288043435775081e+03, -7.443344824511941e+00, -2.832007382736034e+02, 5.250823545994938e+01, 7.552060037928214e+01, -4.628048708437736e+01, -8.291212640152358e+00, 2.130831184240975e+01, -4.914150922795549e+01, 6.120768535443821e+00, -5.513555946472609e+00, -8.415599451868964e+01, -1.860641390301359e+02, 1.632741660463838e+02, -3.022586446680284e+02, -3.861588984992103e+01, -3.368352584055350e+02, -2.966787272862040e+02, -2.008505093509806e+02, 1.223303773873289e+02, 7.658765062166732e+01, 4.740932921869021e+02, -9.956628957353399e+00, 3.198951547509560e+02, -2.190699537509565e+01, -2.338852202660096e+00, 1.102877532696954e+01, 7.275294609016538e+00, -1.010497842567008e+01, -3.777725739936677e+01, -5.786740312713717e-01, -8.158994336519331e+00, -2.230187840680453e+00, 3.397711171717284e+00, 3.188762841434015e+00, 3.614494156506817e+00, 1.311522800514693e+01, -1.811351593347375e+01, 2.260963437430690e+01, -1.124821433914662e+01, -6.489519728972199e+01, 3.809657040483332e+01, 4.569365417148476e+01, -5.260669520582582e+01, -5.511009806394381e+01, -2.349714850561621e+01, -3.945483373259477e+00, -1.963243343219984e+01, -2.628629113516954e+01, -5.115657633962692e-01, -8.223496010022614e-01, -2.200239890858689e+01, -1.459040729808311e+00, -3.749463194836616e+00, 1.851575969561462e+00, -2.105995108805673e+00, -1.318825181602793e+00, -1.549528197626524e+00, 2.275744263613230e-01, 3.725248985028460e-01, 1.178779429029843e+01, -3.984712868080147e+00, -1.880614269848794e+00, -1.603165083988847e+00, 1.153684742036784e+01, 2.086380163281814e+01, 2.362981220667363e+01, -6.483865190698481e+00, -2.429204048322872e+00, -2.163388011964436e+00, 2.882465558849137e+00, -8.603751877852462e+00, -8.031089717014573e-01, 1.701113552678558e-01, -8.283869961091726e-02, 2.810906147247579e+00, 4.231852035852524e-01, -3.960572729528443e+01, -6.618467884517662e+02, -1.220114469423600e+02, -1.774810067324399e+02, -2.975119245660228e+02, 1.423098603509007e+02, 1.234918136120360e+02, 1.283173787985541e+02, 1.174940526906814e+02, 1.377394884615194e+02, 4.950774132293833e+03, 1.787387733821472e+02, -1.609167276916772e+03, 1.599053982787574e+03, -6.685927994021664e+02, -2.675678261960292e+02, 4.490331537949633e+02, 1.624442217919859e+02, -9.532908211565439e+02, -5.138770363551304e+02, -1.115570560938015e+03, 3.024213569125247e+02, -7.527357138849140e+02, 7.422504432805162e+01, -4.351436872655919e+00, -2.538745894132984e+01, 7.636056046050746e+01, -1.159962046375405e+02, 1.234040363064839e+01, -2.482655930326379e+00, 6.989928598478045e+01, -2.800817161737941e+01, 2.888208152074281e+00, 3.520138185174959e+01, -6.105445105127956e+01, 3.417983483427853e+02, 9.626047744156875e+01, -6.519335264509036e+01, -7.229920062500793e+00, 4.055569311347069e+02, 3.815274416632028e+01, 1.068221887508621e+02, 1.204780778198242e+02, 1.928298579924112e+01, 1.622421159809261e+02, -2.770372932632919e+01, 1.005672368791985e+02, 6.008581837486454e+01, 7.211653434443112e-01, -5.043457390319908e+00, 7.399552725817474e+00, -2.154824985439019e+01, 8.582601862398134e+00, 5.119023843147045e+00, 2.405237906328274e+00, 2.002689959758213e+00, 1.604874635021062e+00, -1.039559407487056e+00, 5.772239613595971e+00, 6.172591874304794e+01, -6.220386724025720e+01, 5.129224024771407e+00, -1.464771883809645e+01, -1.092739856916782e+01, -8.236938192136358e+01, 1.030299839937889e+01, -3.381200051537929e+01, -4.354262184915435e+01, -2.912482590517636e+01, 7.631719679200575e+01, 3.001043751259632e+01, -3.754519437538374e+01, 5.958372295152804e-01, 1.097876552399739e+00, 2.182186308407206e+00, 6.298608008115155e+00, -1.319695359750410e-01, 2.354436652169675e-02, -1.351838933585943e+00, -2.971223833248024e-01, 1.196525208761494e-01, 2.858671084048908e-01, -1.284435826373409e+00, -1.008992644200964e+01, -3.585707432328359e+00, -1.024170193642678e+00, -1.753721710978356e+00, -1.848124651513408e+00, 7.055930795304893e+00, 9.466794695647128e-01, 3.913671404684305e+00, 3.790838320885188e-01, -1.501223359500229e-01, -3.667339632185705e+00, -3.346931485459133e+00, 3.251728004206539e-01, 1.761966937405609e-01, -8.831913557532452e-02, -4.720207477834812e-01, 4.019647691400999e+00, 3.414861773209624e-02, 2.182840190057786e+01, -7.694456622481106e+02, 9.440717271518572e+00, -1.732248272807727e+02, -2.322264123368244e+02, 5.679253896152037e+01, 2.277364497273421e+01, 1.387348228240867e+02, 1.322783737941378e+02, 4.755367631960763e+01, -1.479229236622022e+03, -7.369128615536133e+02, 9.752132181105646e+02, -5.828286501179884e+02, 7.608868755181644e+02, -6.257255175816767e+02, -5.672294576285248e+02, -5.003512073217862e+02, 9.222210135420687e+02, 7.081463699314032e+02, 6.277534698532904e+02, -7.480908499338774e+02, 5.589316598215440e+02, -7.135703309770555e+02, -2.106185917685947e+00, -1.462365691370763e+01, 1.864757829598073e+01, 1.436490876729683e+01, -3.757657589962034e+01, -5.954840157489700e+01, -8.975165072353082e+00, 1.914118441713788e+01, -1.083451716453152e+01, -2.595973745786088e+00, -1.193239391291531e+02, 2.857542424361096e+02, -1.789471943626702e+01, 1.385509832403273e+02, 2.323263258833713e+01, 2.104693173796272e+02, 7.174165102829217e+01, 9.532309875071297e+01, -2.437015274255753e+01, 1.123829104867827e+01, 2.946230260149276e+01, -1.399364780405846e+01, -9.042898361738028e+01, -5.991887360646536e+01, -1.943780294238213e-01, 2.901396780718113e-02, 4.774727680663299e+00, 1.984653584910947e-01, -6.661915973243896e-01, -5.336099116323776e+00, 2.545379634141859e-02, -6.223792866829778e-01, 3.737164565086563e-01, -3.176760235319793e+00, -1.507057657577018e+01, -4.633870596827548e+01, 3.103376785570757e+01, 1.880107398321801e+00, 2.635948409721688e+00, 2.382619065227157e+01, -3.461979646757656e+01, -9.632162828327104e-01, 1.460668885254101e+01, 1.700381095764397e+01, -1.550063525298155e+01, 1.803586406782369e+01, 2.085922101423775e+01, -1.444300800423114e+00, 5.005071766037653e-02, 2.616994368057115e-01, -3.985442437131215e+00, -3.613857022482946e+00, -8.860737186122674e-01, 2.028907539595100e-02, 5.999201400831871e-01, 4.299938697450197e-01, 6.305084353299103e-03, 3.179743682948080e-01, -1.561771570519761e-01, 6.347273485585701e+00, -2.439162721433746e+00, 7.680309737146129e-01, -6.242086168730956e-02, 1.521688382017711e+00, 4.470771642731479e-01, -4.442050983653776e+00, -2.264285874618906e+00, -2.496567118817087e+00, 1.363400926894814e+00, -1.351326714757390e+00, 1.767309041361192e+00, -4.344579244009016e-01, 7.342707958053438e-02, 1.919122121527803e-03, 1.432314826822511e+00, -7.656359428527565e-01, -3.062274985739316e-01, -1.707612168231475e-02, -2.433246258172920e+01, -1.387963576455064e+02, 2.189535342611684e+02, 2.087549609042155e+02, -1.365668484291472e+01, -2.439634516710074e+01, -1.447605539309307e+02, -7.744761994892373e+01, 1.688395359057205e+01, -1.073030129164693e+02, -2.512300318245300e+03, -4.369563468414958e+02, 7.968662533225947e+02, -7.600783827072589e+02, 5.035353431799929e+02, -8.321894926586634e+01, -2.846052085491052e+02, -2.171276956997910e+02, 4.468164963316858e+02, 3.199296977223589e+02, 5.088393974697497e+02, -2.961872725739754e+02, 4.202896159111643e+02, -2.332976163230817e+02, -4.415006165740185e+00, -7.493631792895312e+01, -5.536786756631948e+01, 8.237497733019580e+01, -1.098496738589862e+02, 4.228687114064752e+01, -1.160267745332246e+01, 2.218707773470138e+01, 4.583212188575475e+01, -3.308739773510892e+01, -2.478868129627602e+02, 3.596566531177292e+01, -1.275565954906028e+02, -4.556803073389268e+01, 1.283872979039546e+02, 3.755885214291500e+02, 2.273507106843292e+02, 5.274805929029267e+00, -4.730347951786354e+02, -1.509815709940316e+02, -1.172478704589831e+02, 1.780490627071485e+01, 2.613783745694760e+00, -1.146593822157948e+02, 7.809354500170665e-01, 7.598899773081051e+00, 8.426995094800580e+00, 4.929359500288641e+00, 2.201480395776382e+00, 1.150943733931612e+00, 1.221697665948835e+00, 1.724143637754753e+00, 9.361216639008604e-01, 7.991507407028671e-01, -1.666847002370998e+01, 2.640729138211468e+01, 2.193137112079527e+01, 1.411321768877804e+01, -2.822920497790717e+00, -3.752490781165237e+01, -3.387515584695529e+00, 1.595027685531410e+01, 2.862704461785604e+01, -4.533098487671878e+01, -3.087942290291117e+00, -4.168980490104785e+00, 1.789046247110194e+01, -6.523474826003216e-01, 4.400746666608328e-01, 1.245214127454725e+00, -4.455556502011281e+00, -1.179685080142831e+00, -1.275768331214668e+00, 9.256128974067074e-02, 1.307115613147487e-02, -5.974273342980273e-02, 2.122659434306161e-02, 7.450489379151510e-04, -8.358771784360274e-01, 1.371921894079764e+00, -1.147652415815971e-01, -4.266065030378476e-01, 1.378288348269116e-01, 4.014681481540815e+00, 3.389927931441489e-01, -6.710577265864290e-02, -1.462043835123079e+00, 2.693216134443192e-01, 1.878072254481124e+00, -6.137590135462562e-01, -7.127051655042898e-01, -7.801794305621647e-02, -2.204760164161942e-01, -4.267063956324924e-02, -6.969078573040215e-03, -7.297326300779937e-01, -8.712798030933401e-01, 3.567103874310631e-01, 2.355495799381214e-01, 2.804902588395800e+00, -7.573850348730947e+02, -1.415159589005563e+02, -1.486303403101235e+02, -1.893480476904817e+02, 1.311391811167593e+02, 1.560289033862211e+02, 1.077193484320678e+02, 1.275885956815691e+02, 7.716032010959496e+01, -5.874026186301323e+03, -1.765349014970308e+03, 2.028613429972304e+03, -1.952846034198924e+03, 1.255815631275628e+03, -8.717266541586843e+02, -1.077743916689688e+03, -8.292604213273803e+02, 1.334834364162603e+03, 9.107942992925942e+02, 1.439137447684852e+03, -8.490342485658808e+02, 1.172761773179307e+03, -6.775675842940788e+02, 3.288355161132613e-01, -1.484507808068128e+00, 3.851115824409860e+00, -1.233651695403861e+01, 2.176977079747865e+01, 8.886605583204082e+00, -3.544544815328502e+00, 2.783416870257224e+01, 3.370054261310239e+00, -1.768772545164174e+01, -6.629324951639045e+01, 8.763985085811781e+01, 1.486883867083226e+02, -6.289557897209623e+00, -1.973130892584592e+01, 5.317264107484309e+01, 1.453526939109040e+00, 6.316832719444587e+01, 2.126663940809183e+02, 1.043546057571194e+02, 3.105992366546074e+01, -2.234038567681673e+01, -9.345234959609235e+01, 1.215684775153653e+02, -2.565571701311450e-01, 9.490569188564424e-01, -3.327528284403777e+00, -6.704390418689386e+00, 2.306854103075600e+00, -3.979634857993801e+00, -3.209213686390474e-01, -4.122791818638090e-01, 1.696929511058425e-01, 1.281521011024431e+00, 6.079042396007890e+00, 7.368756909120439e+00, -4.500876821228748e+01, -2.819952212891340e-01, 2.746753549123058e+00, -1.119839805986996e+00, -2.557816188469983e+01, -3.676778183111328e+00, -6.707569690527990e+00, -1.574027655259757e+01, 7.544486665102847e+00, 2.697414941795830e+00, 1.671717934428546e+01, 3.235484239700225e+00, -5.822653437614839e-02, -2.468365139279697e-02, -2.087259679074496e+00, 6.169627393799835e-01, -4.191365690979637e-01, 6.507098907991120e-02, 1.627326611532007e-01, 1.555379962522040e-01, 5.486137172739657e-02, -9.420817147723357e-02, 1.689734456472182e-01, 7.136222338245939e-01, -2.433729661317714e-01, -1.026737491443239e+00, -2.461460482988869e-01, 2.483234074520542e+00, 9.058243000428461e-01, 2.415121668285977e-01, -4.802288758276148e-01, 1.148908044144984e+00, 1.610248571215502e+00, -6.816798271013339e-01, -1.806477233271273e-01, -1.471391175935107e-01, -2.144104475177972e-03, -1.088703392772183e-02, -6.962410817865058e-02, -3.013832732659374e-01, -2.781373406123890e-01, 5.844450938115019e-02, 9.078913337166654e-02, 1.660635978320228e-02, 4.812951372659899e+00, 2.082536770776580e+02, 2.758983980214903e+02, 1.015166292623904e+02, 1.587626462125152e+02, -1.836748709204302e+02, -7.930356031621226e+01, -7.214488596984954e+01, -1.091804071334182e+02, -1.276951989107870e+02, 4.640598726579249e+03, 3.947696052421775e+03, -2.572493588634869e+03, 2.138756508784460e+03, -1.989863767908342e+03, 3.063625274338538e+03, 2.290354643645307e+03, 2.023626590210745e+03, -2.397175554099155e+03, -1.816319646634443e+03, -2.041503628641344e+03, 1.942515630876399e+03, -1.882783699828175e+03, 1.869705564920379e+03, 8.511058331075122e-01, -7.272347265695701e+01, -1.681421964238567e+01, 2.035593464525138e+01, 1.355837416333048e+01, -8.895834782570594e-01, 1.753864789518327e+01, 7.515335146939860e-01, -7.911952673526657e-01, -2.233070593121426e+01, -2.309481127545093e+02, 7.506610671246986e+01, 1.826899802490272e+02, -1.082012485017671e+02, 9.294939562866876e+00, 1.382614928416131e+02, -6.852062601247790e+01, 3.673043423172573e+01, 2.213943797458130e+02, 5.611463558891758e+01, 1.697946040696888e+02, 3.980182043789848e+01, 1.700783717659233e+01, 3.000461929648938e+01, -8.011797691922763e-02, -1.805292020942937e+00, 7.685925757897345e+00, -1.122067506039535e+01, 4.461718171756278e+00, 5.175502903259126e-01, -9.278318075390690e-01, -3.999604272691591e-02, -3.143704346066192e-01, 1.719776182757659e+00, 1.042324224972604e+00, 4.286620213653656e+00, -5.451674440635644e+01, -4.917204116721747e-02, 5.146257792010306e+00, -2.938370119591594e+01, -6.366560242982792e+00, 4.153505656256431e+00, -2.020296984039875e+01, 6.052795360851571e+00, 2.237197982901447e+01, 1.405266731536010e+01, 8.169362158356931e+00, 2.228483422645780e+00, -4.444954501528420e-02, 6.315395636650890e-02, -2.957281488780662e+00, -1.116092607668461e+00, -3.360345009296223e-01, -1.974552538483099e-01, -3.416965725509158e-01, -3.798344987835612e-01, 7.914373860514433e-03, -8.793741285978138e-02, -7.231782118156931e-02, 1.133682115765758e+00, -1.325948818476467e+00, -1.155796669818256e+00, -5.132316762917639e-02, 3.697353878628677e+00, 1.998303964456317e+00, -5.738162643819396e-01, -6.146679637730031e-02, -6.098839541229431e-01, -2.789318734524392e-01, -5.857737738300446e-01, -6.975762480451082e-01, 6.342434466752901e-02, 6.046297567322564e-02, -2.745113373375765e-02, -2.173292985798692e-02, -1.984385647036242e-02, -2.555460096026992e-01, -4.964150354707565e-02, 9.855154097822465e-02, 1.746138307299605e-02, -4.578603857639194e-02, 1.522670564950150e+01, -3.950409935987432e+02, 3.943987773570339e+01, -6.997123063853184e+01, -4.018708611611169e+01, -5.629417606903809e+01, 4.000377548327347e+01, 2.126766793647777e+01, 6.112303960591377e+01, 1.557778313309013e+01, -3.301677303604038e+03, 7.370682190239710e+02, 2.233421203701137e+02, -5.518308370307793e+02, 8.608110487867769e+01, 1.109377997873172e+03, 4.397289276625972e+02, 4.373377947928616e+02, -3.670454029000439e+02, -3.037296869180092e+02, 2.262199372897239e+01, 3.724382420562489e+02, -2.939432710482518e+01, 3.978041482381935e+02, -2.900680540522328e-01, 3.471513737409688e+01, -4.023857431810716e+01, -2.663519921127746e+00, 2.304703001847993e+01, -3.632920520549771e+01, -7.800369780210780e+00, 1.212969339438238e+01, 7.528911739390445e+00, -1.124465302949423e+01, -4.535109883672293e+02, 2.420399602733102e+01, 1.727971893803730e+01, -2.410550242143885e+01, 8.671573718630839e+01, 9.915054698961864e+00, 2.181125843072594e+01, 1.417914438826619e+01, -2.861780377315890e+01, 2.458591197093018e+01, -1.004311518576074e+02, -2.135000906995662e+01, -1.187536691433305e+01, -3.644916377967117e+01, 1.597066158692730e-01, -3.677923117822419e-01, 2.801515976069369e+00, -5.615365808260223e+00, -3.043295422597342e-01, -4.477573208076877e-02, 5.594202798722470e-02, -1.305343272022894e+00, -1.816415544343134e-01, 4.232908706306296e-01, -3.835065646169698e+00, -1.456007925164944e+00, -4.275261713917170e+01, -9.168403142511931e+00, 4.227556933599019e+00, -4.919038057359677e+00, -1.552123509414128e+00, 7.049533224892655e-02, -1.189167824704676e+01, 2.291584406218487e+01, 1.135339157183252e+01, 9.173132546977156e+00, -2.947068323785143e+00, -7.341398512818929e-01, 4.137080587300048e-02, 1.092289983545669e-01, -1.491583510063187e+00, -5.200883575922665e-02, -5.225950804745295e-01, -7.586164591244446e-02, -4.327852482027306e-02, -2.730976833275111e-02, -2.956295464936524e-03, 3.347251526573981e-04, -2.000878091088291e-02, 6.772578208513690e-01, -3.423184221686947e-01, 2.769140945302668e-01, -2.003522579127197e-01, 1.992443436258663e+00, 1.246158382424825e+00, 1.797119848611205e-01, 4.785800822580268e-02, -1.197343240489634e-01, -2.027641822606707e-01, -5.236413634031511e-01, -1.025570306281725e-01, 1.817094813750308e-01, 6.084192632494030e-03, -1.070898281413475e-02, 4.520521962057702e-01, -3.225662600585604e-01, -8.315443653905516e-02, 4.087426372203830e-02, -4.525823891156783e-02, -4.244052890940720e-03, -5.411565274213875e-02, -8.446354486051624e-03, 7.349903743277923e+00, -1.004295658485124e+02, -6.152318487700715e+01, -2.153657713230486e+01, 6.623647781924514e+01, 4.786616131824199e+01, 3.963847857598537e+01, 7.126769176149602e+00, -3.077578197281418e+01, 7.061279782636296e-01, 2.981110350995335e+03, -2.500613503256060e+02, -3.835401797501093e+02, 6.155708917593512e+02, -2.089826421242244e+02, -6.606480593338221e+02, -1.819509289590977e+02, -2.032626970727109e+02, 1.444725218181912e+02, 1.319696923143173e+02, -1.609336851096674e+02, -1.643634016105025e+02, -1.224966471013051e+02, -2.190950408328869e+02, 8.142857632468303e-01, -8.219511395230347e+00, 1.092074757981822e+01, 8.224506129988553e+00, 2.416981122502473e+00, -1.082401871655838e+00, -2.926430519583150e+00, -7.870435128330601e+00, -4.514748998967629e+00, -7.488713075292056e-01, -1.376102853375504e+02, -1.214331192269871e+02, 9.126722422679364e+00, -2.248023197022737e+01, 4.759581967212630e+01, -6.740303316909693e+01, 4.877553424154143e+00, -1.769205821945800e+01, 7.088143900626156e+00, -7.388579243376243e+00, -3.330193763674525e+01, -3.469744035587868e+00, -9.137361210058460e+00, -4.578738377423322e+01, 4.742894298096695e-02, 5.550063164119491e-01, -1.297691970286592e+00, -4.802191692030814e+00, 9.791327132557593e-01, -3.804154275329567e-01, -6.646259682568816e-01, -2.689083598985181e-01, -3.095351908517971e-01, 4.344041952198093e-02, 3.202102732249156e-01, -3.404173592831026e+00, -4.765607485154423e+00, -3.027403665669537e+00, 9.731560490858543e-01, 2.089193267774082e+01, -6.313936404842018e+00, -7.900448902405373e+00, -1.300849466637851e+01, 4.731340538804651e+00, -2.229097409134276e+00, 5.450786532286845e+00, 4.185918853282333e+00, -3.527851328184447e+00, -1.763537484857195e-03, 9.518982385278841e-03, -5.525140253684753e-01, -5.488611219332894e-01, 1.066771448310820e-01, 6.195772396894571e-03, -3.461029231028370e-02, -2.510622240132459e-02, -5.259544030530545e-04, -3.326970191006776e-02, 1.459304495985238e-02, -8.953926318976577e-02, -1.569520760375643e-01, -5.968459928988794e-01, -4.040711890914232e-03, 5.437160663686829e+00, 3.219821764545913e+00, -1.875103872380022e-01, -2.740642540293335e-01, 1.263057309018361e+00, -9.464875055471719e-01, -2.293282484360806e-01, -2.515766468752424e-01, -5.477994221073114e-03, -2.463096364369950e-03, 1.700510645309862e-03, -4.581933203919176e-01, 3.506857326725605e-02, -2.071673915659845e-01, -1.035882159502082e-02, -3.505246743121045e-02, -1.336286371769843e-02, -2.277979055482802e-02, -1.298735305220565e-02, 2.189967535684266e-03, 7.781940865330418e+01, -1.223097722977270e+03, 2.280707166501820e+02, -1.519659125099879e+02, 2.312416442434303e+02, 3.868610558611065e+01, -1.854507394262554e+02, 1.471351481658035e+02, 7.254252175934141e+01, -1.905156017590695e+01, 9.499516510413092e+03, -1.333106732342417e+03, -5.717245044992408e+03, 4.380133950631900e+03, -6.515862167154982e+02, -6.293083916853756e+02, 1.864682867128688e+03, 1.486266320457509e+01, -5.377779437227730e+03, -2.340139323163919e+03, -4.075839274326980e+03, 7.955020319958873e+02, -2.153829844351070e+03, -7.723568483107016e+02, 2.255266570316190e+01, -3.112824472532559e+02, 5.721053882195744e+02, -2.088206377975614e+02, 2.307781285829034e+02, -9.077017893052373e+01, -1.693238636333757e+01, -6.335563851588815e+01, -5.118120835802414e+01, 4.707328311127058e+01, -2.162053528805651e+03, -9.803755813533026e+02, 5.306791311137707e+02, 2.634515230814022e+01, 4.763060567807864e+02, -6.733627296731579e+00, 2.096805079495722e+02, 1.413859653265345e+02, -5.733938933241641e+02, 1.868552755375456e+01, -2.445860349955606e+02, -3.771539944236330e+02, -2.310590265005517e+02, -4.216536292587718e+01, 1.978985231624465e-01, 6.673204524364134e+00, 1.352426721524675e+01, 2.199568850220595e+01, -1.664780763945642e+01, 1.542765006079988e+00, 2.551735860707948e-01, -3.329491049074718e+00, 4.134462747307129e+00, 8.368311398914521e-01, -9.761838924007719e+01, 1.966054914248739e+02, -1.092942469875393e+02, 8.659236111778634e+01, -5.023425351157056e+00, -1.299016560990160e+02, -8.834809657451430e+01, 3.596681816445395e+01, 1.391053357459434e+02, -8.852081906550757e+01, 1.398153577904804e+02, -4.284640590966409e+01, 8.984633380647016e+01, -1.998727027172402e+01, -2.327267323283525e+00, 3.481444062992691e+00, 2.912865296687437e+00, -1.008249216806063e+01, -4.454154913682252e-01, 6.191285852304539e-01, 1.031991040188419e+00, 4.977545548049124e-01, -6.701297368195749e-01, 3.560191658357004e-01, -2.937060048693233e+00, -1.223054484530646e+01, -9.448872006575655e+00, -5.549425451414293e-01, 4.385573936443651e-01, -3.957388454138837e+00, -4.132387657480106e+00, -4.099224716110302e+00, -2.773164553882776e+00, 4.063978050063112e+00, -5.829039690338983e+00, 1.107069497768814e+00, -3.176794396049099e+00, 5.515407538334473e-01, 3.665728573526646e-01, -4.581933945600873e-01, -7.098416282080202e+00, -2.214239211766427e+00, -1.365638367253890e-01, -1.154944045798995e+00, 8.122731711254162e-01, 4.576125096249204e-01, 3.085946162035455e-01, -1.994883422185831e-01, 7.936988625352503e-02, 1.534040414120672e+00, -3.783565179929568e+01, -1.420846279721158e+03, -6.525969008037586e+02, 3.359773763924674e+01, -3.105070900715106e+02, 5.376562487631784e+02, 2.361332442933921e+02, 1.499275485132794e+02, 1.669880718866489e+02, 3.742466108994634e+02, -1.552003258183585e+04, -4.610672825689197e+02, 5.450428140825926e+02, -2.837348531023831e+03, 2.455852604260364e+03, 2.728523949180489e+03, 1.045321177090221e+03, 9.739101844946995e+01, -2.420645599922212e+03, -9.462753778263360e+02, 5.190401156291951e+01, 8.852671263446686e+01, 9.529926324289152e+02, -6.738985699914879e+02, -9.627253879958770e+00, 2.645220845422929e+02, -8.977245769102166e+01, -5.308514942610830e+01, -2.276419420765910e+01, 1.976095979924406e+01, -3.663027185329450e+01, 8.071251708941591e+01, -7.020741625512635e+00, -2.046862286960031e+01, -5.973074851515161e+02, -3.087816557881351e+02, 7.238379132460516e+01, -8.459651621486132e+01, 4.111197754922954e+02, 7.936549002692246e+01, 7.621528946686338e+01, -8.027732130639791e+01, -1.650436763692514e+02, 4.707531855943705e+01, -2.943146763008564e+02, -2.905633629702638e+02, -5.201809254184284e+00, -2.621841097955297e+02, -2.741309462325356e+00, -1.223678191643098e+01, 2.816879290016184e+01, -1.982648481117582e+01, -5.306503325867848e+00, 1.079866315146742e+00, 8.490145279091618e-01, 4.158937616524319e+00, 4.439960283481342e-01, 3.747975271157883e+00, 4.110404267208033e+01, -3.884067712641401e+01, -4.273017624058643e+01, -3.934243234378934e+00, -3.545170364805966e+00, -2.683399135379189e+01, 3.927026971400113e+00, 2.757903326479433e+01, -3.311328024788173e+01, -4.875520492951641e+01, -5.841741909755957e+01, 9.799616676810759e+00, 1.120301015333349e+01, -6.037168707566682e+00, -7.634063677930930e-01, 1.355267759763522e+00, -1.447829318478010e+01, -2.264727893072684e-01, -2.352001824351683e+00, 1.022289717861345e+00, -6.119001840311643e-01, -1.250294956683698e-01, 2.833764306439781e-01, 6.613740699033369e-03, 4.601662506690744e-01, 1.118819283660176e+01, -1.324892016579834e+00, 4.349542417583564e-01, -7.917977553812269e-01, 4.166696734511357e+00, 1.187218664009914e+01, 1.312757314070696e+01, -7.614675156621329e+00, -5.547541416282524e+00, 3.250330955366479e+00, 2.804818145795957e+00, -4.518767338293252e+00, -6.782346877726150e-01, 8.283872128183351e-02, -3.506859396674660e-02, 2.214239256016606e+00, 2.756203987327353e-01, 3.005959408893615e+00, -2.748782118617563e-01, -1.963010942689322e-02, 4.482395822274667e-04, -4.699594179046761e-03, 3.220810205134574e-02, -2.604951959354828e-02, -4.910312260983782e-01, -8.045277255084522e-02, -3.548563884986678e+01, -6.292226744407149e+02, 1.220973702635809e+02, -2.244052028089056e+02, -3.257833302879853e+02, 4.876372545961851e+01, 1.409310840237796e+02, 6.802113288824268e+01, 8.706627906813955e+01, 1.441232971019514e+02, 1.170340885443030e+04, 1.820132083217763e+03, -4.062475985872991e+03, 3.746997059753327e+03, -2.030103310796711e+03, 5.731877059443882e+02, 1.621326636561032e+03, 9.601215929576399e+02, -2.682520191363293e+03, -1.603199575341468e+03, -2.722539098457945e+03, 1.243580687332154e+03, -2.005214372522328e+03, 7.639008819100662e+02, -9.282568331393295e+00, -8.092710644469949e+01, 1.830308355120966e+02, -1.472496863484185e+02, 3.917615725991038e+01, -4.350565736019618e+01, 9.169308095263285e+01, -7.292867319272735e+01, -9.430160881249520e+00, 4.693526573471055e+01, -1.766526719450990e+02, 5.761087879854369e+02, 2.320062110047571e+02, -9.434473469674859e+01, -9.027573586179935e+01, 7.464193720618285e+02, 1.460196292001002e+02, 2.770363177239366e+02, 3.176308379398191e+02, 5.849750880503553e+01, 2.747670217033692e+02, 4.162196055033670e+01, 5.068315207189427e+01, 2.253114466295183e+02, -8.893712724235061e-01, -1.223344893836205e+01, 1.401832271424655e+01, 1.007501862455427e+00, 5.777124660977180e+00, 1.019847382744479e+01, -3.497993489994752e+00, -1.573118571388549e+00, 3.878317517466102e-01, -2.866568464939903e+00, 2.027581477570014e+01, -1.808195726855413e+01, 8.582713322942467e-01, -1.651910594404210e+00, -1.046878552521821e-01, -3.596694828017002e+01, 1.837147616709125e+01, -2.936507185800787e+00, -2.343825338742058e+01, -1.602657633080219e+01, 3.028940507470722e+01, -2.164189568966370e+01, -3.390164050793980e+00, 2.249146833590180e+01, 1.455502088432580e-01, 7.245241758638007e-01, -3.084547197703144e+00, -5.139078630756022e+00, -6.528560796806124e-01, 1.243826613730157e+00, 4.565346946944901e-01, -2.525118468992832e-02, -2.429485894267817e-01, 1.332410362677752e-01, 3.681926621801498e-01, 4.735524433545846e+00, -1.644137750397281e-01, 3.031957660575632e-01, -5.409904442245480e-01, 1.401701147301185e+00, -1.258845849741050e+00, 1.194075207721133e+00, -2.172650748263609e+00, -2.728493092815548e-01, -1.092431294728216e+00, 2.958080418227719e+00, 1.328191024013623e+00, 3.743062114966167e-01, -8.831914698814673e-02, -2.071673935035811e-01, -1.365634143624002e-01, -3.005959399197939e+00, -3.090397237427971e-01, 2.680039085492593e-01, 4.982665886411356e-01, 9.307304201215146e-02, 4.049079807442867e-03, -4.015527474945053e-02, 6.330677677273953e-02, -5.391605820129329e-01, -2.016376952739452e+00, -4.171965315962398e-02, -2.160902254645137e+01, 8.320177970445032e+01, 3.753785758768423e+02, -4.699401172115643e+01, -6.339556963183147e+01, -1.624302626441787e+02, -1.941585225884087e+02, 3.213336292289016e+01, 2.925092222153778e+01, -1.202140120566479e+02, -1.134383629529398e+02, 1.614363554001301e+03, -2.419717655950713e+02, 3.972443635285493e+02, -2.481009847643404e+02, 1.322782523500193e+03, 7.657688133229458e+02, 7.088357803198097e+02, -3.568193693734412e+02, -2.962387320903273e+02, -4.309723050598648e+02, 3.448798190244214e+02, -4.481915145322104e+02, 3.817045584888832e+02, -6.447436057203546e+00, 2.521934433399333e+02, -8.202543803149038e+01, -1.297418470465058e+02, -5.160252256521044e+01, -4.926761831666347e+01, 2.935303936946276e+01, 4.468403974809349e+01, 3.747014683915962e+00, 3.584657777624045e+00, -1.457935252764904e+02, 3.941715942045357e+02, 6.430474020907401e+01, 1.994573432772978e+02, 1.288493734560960e+02, 3.364398314969424e+02, 1.271574681594286e+02, 1.095570106423706e+02, -1.357077867072550e+01, 8.230810855135246e+01, 3.116638102522561e+01, -1.727891522965876e+02, -9.608199510229237e+01, -1.889832312817205e+02, -1.996828527021905e-01, 2.050908122962393e+00, 6.894408941496225e+00, -8.671797529443602e+00, -8.735457581540851e+00, -8.959927191252166e-01, 3.698413652445976e-01, -6.198219177408081e-01, -1.516172783497526e+00, -1.458374206733205e-01, 7.754983411224400e+00, -1.319189496699067e+01, -2.173858489623178e+01, 1.325146440028185e+01, 4.026610871848129e+00, -4.022795435264204e+01, 5.810292440686673e+01, 2.389672858985994e+01, -3.175008207918714e+01, 1.839318571656947e+01, -1.219486817997254e+01, 6.481568618664288e+00, 3.384188955117224e+00, -2.448233345269133e+00, 3.071558304515609e-02, 3.368947600183981e-02, -5.152174090721865e-01, 2.800103140881032e+00, -2.118282885042548e-01, 7.209506669882113e-02, -2.540761946833197e-01, -1.777057028227832e-01, 4.292192391885569e-02, 4.230690106876637e-02, -1.022849919783786e-01, -9.003342804194480e-01, 2.038167961452448e+00, 7.368782039163967e-01, 2.066042090782736e-01, -4.828677065813856e-01, -2.978930315809710e+00, 1.313973566014876e+00, 1.737990437652753e+00, -1.047989741433656e+00, 7.154414407298788e-01, 4.220208608007349e-01, -1.258294216268029e+00, 2.337987853691336e-01, 1.919121549942758e-03, -1.035882083462526e-02, -1.154944011585730e+00, 2.748782530836663e-01, 2.680039260226789e-01, 2.228650104153536e-02, -4.664091142527409e-02, 8.523580425401107e-02, 1.033215503559705e-01, 1.752824018480680e-02, 1.183069059825711e-02, 1.472295581613640e+00, 1.472896356024718e-01, -1.304303676498286e-01, -2.823155962716846e-02, -2.506607169320415e+02, 3.225021627513177e+03, 3.795989308103394e+03, 8.825489669309833e+02, 2.043218739038634e+03, -8.476048120465986e+02, -1.927419362930149e+03, -2.122859655826585e+03, 1.822984426864244e+03, -2.478956506617648e+03, 1.537302802636480e+05, 4.445475926149244e+04, -5.202924988232236e+04, 3.042219702215459e+04, -3.182215654030546e+04, 2.543963333712317e+04, 2.167364911199267e+04, 1.482256857137469e+04, -3.909979821838257e+04, -2.516935701952344e+04, -2.123961247472430e+04, 2.303468610013639e+04, -1.613757016866721e+04, 1.869653359433197e+04, -3.182406862979378e+01, 4.335818456496141e+01, 3.933131628347874e+02, 5.704880063390823e+02, -1.346702107948782e+02, -1.000618489607383e+02, -2.141459647756123e+01, 2.056744777285340e+02, -1.591942746105796e+02, 3.093777254512830e+02, -2.349395249446166e+03, 1.847432122009366e+03, 3.585947087914740e+03, -3.439431994699575e+03, 2.481570068240726e+03, 4.875789168329333e+03, 1.198357726810302e+03, 2.791118395150887e+02, -3.085053326735761e+03, 5.711889121044378e+02, 1.157487633733789e+03, -2.034921992615041e+03, 8.783801587212365e+02, -1.234658994936874e+03, 3.998522338576689e+01, 1.424466977459750e+01, -9.982554432820399e+01, -1.112099755608670e+02, -1.528116758556236e+02, 7.613598852860419e+01, -6.654797705813345e+01, -3.280666316753760e+01, 4.388278687138625e+00, -1.835957594792229e+01, 1.695004566181939e+01, 3.249117141331371e+02, -1.790329834357379e+02, -3.043397970972522e+02, -1.373141579728721e+01, -1.563528509558056e+02, -5.719438671922608e+02, 3.608791823492090e+02, -4.624828527349553e+01, 8.813188142007795e+01, -4.625648833874694e+02, 8.977269779578903e+01, -4.472998461533903e+02, -4.681648162861432e+00, 2.147987370917328e+01, -1.495055949710306e+01, -3.232884320886088e+01, -1.705717850013600e+01, -2.928274368841684e+01, 5.731674968589186e+00, 1.274876430179384e+00, -7.009508793924413e-01, -2.356156608218492e+00, 8.692286649955014e-01, 5.205246874429599e-01, -1.720765172105573e+00, 8.201217227591613e+00, 2.631014982593357e+01, 8.680650709342376e-02, 4.868556044363920e+01, 6.426411316556977e+01, 1.517997338624963e+01, -8.597201954611694e-01, -9.741229544930961e+00, -9.772767378454615e+00, 1.049818303241419e+01, -6.707965253822452e+00, 2.933549551119563e+00, -2.869121036210553e-02, -3.515653265719518e+00, -1.150770097952011e+01, -8.265101544019060e-02, -7.570063724017800e-01, 7.741170867885340e-01, 1.803613395475494e+00, 7.892367124914098e-01, 1.320888751755481e+00, 4.672709590924815e-02, 6.661219423141846e-01, 9.226460397768857e+00, 3.071897656844100e-01, -5.227082216510890e-01, 9.351963507094776e-01, 6.538157303901971e+00, 1.217349997479098e+02, -5.756705592380003e+03, -1.663230394554132e+02, 3.693926978145922e+01, -2.803079964288244e+03, 6.016810559916527e+02, 3.963025155394097e+02, 7.767326209653502e+02, -1.089972461020636e+02, 1.051772221861569e+03, -6.904739490667930e+04, -2.291259551398303e+04, 7.530970578360031e+03, -1.439482246085137e+04, 8.853148487888635e+03, -7.512745477332606e+03, -5.353153438474810e+03, -6.005791133878091e+03, -1.788401617184884e+03, -1.099035998969139e+02, 4.508820527331256e+03, -1.418631568295539e+03, 5.668204176551952e+03, -2.299576187204572e+03, 5.089240300117861e+01, 4.022381951890324e+01, -4.389808174045253e+02, 1.167187177600383e+03, -6.515218760759130e+02, 5.941911293600710e+01, -3.360649565786164e+02, -4.618040743016147e+02, 1.541580921104757e+01, 6.720495739219798e+01, 8.459123392282994e+02, 5.363275915951356e+03, -1.787131525408510e+03, -9.488904535074366e+02, -5.191842652076378e+02, 1.097816349008444e+03, -2.462577377475582e+02, -6.775226497211548e+02, 3.524396022244487e+02, 5.004930640132516e+02, 2.569345072019694e+03, -7.791430732322384e+02, 2.213680971252403e+03, -1.057661492027225e+03, 2.359728920127322e+01, -6.557369420030101e+01, 9.377486675235103e+01, -3.105673261550871e+01, -1.452310542336640e+01, 7.975589658636761e+01, -2.300884096670380e+01, -8.352774638852217e+00, -1.012726865607614e+01, -1.362791327682021e+01, 2.805836256915698e+02, -2.914557751691962e+02, -6.263308444069033e+01, -9.608104732604079e+01, 1.570046148513241e+02, -3.177492875408344e+01, -4.890756661702500e+02, 2.605497132596326e+01, 6.794511027299195e+01, 1.578596604605355e+02, -1.934802895224398e+01, 8.339664361777984e+01, -2.587346516936876e+02, 1.823430034055407e+02, 9.612945960261007e+00, 3.374223199191323e+00, -7.364850636980783e+00, -9.470403494033741e+00, -1.119806325541695e+01, 8.536761332195695e+00, 2.776992930277593e+00, -1.259497627654568e+00, -7.435090568061933e-01, 4.968162230638263e-01, -8.315807054331273e+00, -1.585808227940754e+01, 1.411548610195138e+00, 6.384578768831176e+00, -5.553035573019375e+00, -2.219380563423301e+00, -6.410340383362480e+00, 7.507001962290044e+00, -5.266083376999024e+00, -5.730730566219539e+00, 6.599457252840603e+00, 9.764212782375409e+00, 7.704247565883943e+00, 1.407497050455618e-01, 6.734210998158867e+00, -2.953035223190020e+00, -1.246231231086804e+01, -5.686049931894972e+00, -5.290975618267907e+00, 1.031589102183228e+00, 2.198276503547848e+00, 1.177437044957476e+00, 3.331399388146097e-01, 1.212217811589691e-01, 2.436298348489686e-01, 6.488263033261360e+00, -2.006733970337998e+00, 8.986924049346292e-01, 1.193322571297115e+00, 9.667086513041273e+00, 6.708414235227790e+00, -2.048771693391457e+02, -3.121517059554472e+03, -3.880608949411699e+03, -8.261894142302161e+02, -1.995080804881213e+03, 1.042676671803910e+03, 7.056570684299196e+02, 2.339049690498679e+03, 8.444669342915427e+02, 1.649554264584000e+02, -4.680019067322586e+04, -5.902697588500640e+04, 2.000022503817710e+04, -2.541948225681058e+04, 2.601984508058728e+04, -4.156969495582049e+04, -2.786887246354115e+04, -2.920380812730044e+04, 1.601636690439484e+04, 1.694967184429280e+04, 2.154561993274625e+04, -2.296998642642404e+04, 2.461942014791329e+04, -2.603989118845870e+04, -6.800754987762538e+01, 3.080752266762653e+03, -2.989330933670031e+02, -1.953482158585173e+03, 4.147599209597700e+02, -9.049085742528367e+02, 5.205691225704519e+02, 8.444708433559080e+02, 1.571496013129002e+01, -6.447377372247038e+02, -2.280186970043500e+03, -2.649055096905287e+03, -7.322791551679433e+02, -2.022991670330674e+03, -7.984924082440904e+02, 3.568571643806533e+02, -3.873700058204305e+02, -2.367035444486699e+02, -3.000870997633247e+03, -1.767429601996573e+03, 7.737105521170078e+01, 9.041096735509768e+02, 9.696083153093728e+02, 2.713348636958894e+03, -1.744941539146784e+01, 1.726268811646767e+02, 1.686085383420135e+02, 1.319541205456626e+02, -1.107648072265991e+02, 1.655836560484698e+01, -2.980509829730590e-01, 5.045362445591473e-01, 1.490161482308780e+01, 2.748491173455009e+01, -2.208076299597157e+02, -3.459006453113358e+02, 5.119307704743462e+02, 2.955692752675479e+02, -6.343559932208618e+01, -3.362925644527552e+01, 5.082376044304413e+02, -3.116242094981136e+02, 6.390090902284547e+00, 1.616336855506329e+02, -2.062850381697448e+02, 2.074049713727048e+02, 8.554898412708094e+01, -4.525339648202619e+01, 8.964038393416910e-01, 1.786663787900777e+01, 2.545398978183610e+00, 8.005411788791735e+00, -2.537514385869708e+00, 4.314535251668985e+00, 2.165106509243870e+00, 8.965860150023780e-01, -1.200347617148555e+00, -1.691422345144146e+00, -1.062501780795958e+01, -2.050219488417759e+01, 1.904471464040386e+01, -2.804156376730894e+00, 5.306342984378382e-01, -5.678938844183813e+00, -1.101935653812028e+01, 1.251204723805133e+01, 2.599032553069912e-01, -6.061863775113489e-01, -4.297757894312273e+00, -1.031974908301078e+00, -6.410401800254690e+00, 1.187664347769188e+00, 4.589944000053604e+00, -2.190860265766107e+00, 8.666761492457214e-01, 3.573284506852130e+00, 5.508183859442107e+00, -2.122443464057556e+00, 5.778766593695922e-01, 1.461866193674424e-01, 2.938108362956157e-01, 2.389083810054945e-01, -6.475389635073196e-02, -1.358623373258049e+00, 3.196382059077123e+00, -4.345083361010334e+00, 1.972755897581533e+00, 6.556375194862860e+00, 2.689606908076172e+00, -1.079872443927061e+00, 9.005733282361095e+01, 1.091465097832359e+04, 4.729167940676816e+03, 2.155342109332634e+02, 4.964985944795620e+03, -8.964365668347504e+02, -1.912442686711504e+03, -2.342286313164133e+03, -2.446192880382712e+03, -2.162068801862821e+03, 7.597363527968912e+04, 1.129293006926623e+04, 5.765904497281096e+03, 1.451156014608792e+04, -1.289230263945577e+03, -9.261732927898649e+03, -4.388857073868844e+03, -1.989320158441259e+03, 1.991537582397839e+04, 1.290407002625792e+04, 2.313462453073412e+03, -1.111925867958544e+04, -1.071121092919892e+03, -8.488733220762999e+03, -9.881746723153103e+01, 1.725021159485869e+03, 6.923133335195246e+01, -1.148474323503345e+03, 1.010226242685384e+02, -8.358011034908968e+02, 1.731802878913666e+02, 2.426581932729347e+02, -5.387354610786697e+02, -5.595647826256045e+01, -9.997925394309463e+03, -1.145183300543182e+03, 4.567109495348196e+03, 1.574197943816709e+02, 5.575958239966718e+03, 1.144722176861279e+03, 2.992631233227898e+03, 2.528278734059065e+02, -3.955822224292016e+03, 6.961239409133084e+02, -1.324699626824280e+03, -2.063807061171673e+03, -1.655101541647501e+03, -3.272549083459489e+03, -7.711065920743833e+00, -4.112356796686183e+01, 4.260969595692963e+01, -2.710604719924381e+01, 4.737344215010172e+01, 1.632937473845300e+01, -1.273033876730004e+01, -1.552883406658314e+01, -6.491866339145881e-01, -8.306372713534444e+00, -5.257568979796979e+01, -1.416030279887325e+02, -1.200203238416306e+02, -7.977627723260855e+01, -1.439427943642265e+02, 5.998648928054119e+01, -1.174982482011111e+01, -1.770258485175549e+02, 3.354030369711921e+01, -1.990878278165946e+00, -4.741224590372393e+00, -3.367307977795057e+01, 6.659863387819507e+01, -2.378117234826393e+01, -1.223260400127041e-01, -4.912420778176392e+00, 6.360906394889965e+00, 9.290763589773999e+00, 3.853558637904963e+00, 3.915158925689265e-01, 7.963931969271375e-01, 8.070151518836689e-01, 1.462710223192766e-01, 9.175436485367086e-01, 5.909310022685458e+00, 2.038613082821016e+00, 3.497834981428093e+00, 1.040333490438485e+00, -3.486991912360562e+00, -9.497981596480921e+00, -1.074375902153261e+01, 2.090572355833543e+00, 1.295677664497979e-01, -3.112605374181156e+00, 7.922894329150837e+00, 8.443297136317636e-01, 2.805974502961824e+00, -8.951052423657135e-01, 2.871303408861040e-01, 6.390448695981444e-01, 1.535489066848085e+00, 1.286482708592680e+00, -5.351425792344531e-01, -1.962385612373421e-02, -4.239034542619384e-01, -5.562739292208018e-01, -2.376261301542650e-01, -2.770291062956494e-01, -2.425947550457556e-01, -1.939431193306262e+00, 1.361694526583590e+00, 3.662128972003509e-01, -2.884532430075113e-02, -2.777276976969288e+00, -2.243880491070222e+00, 4.943662763879417e-01, 3.527241902921253e-01, -2.440752822600721e+02, -7.016803946424789e+03, -2.386697179817479e+03, 1.691990111527418e+02, -3.078468148069188e+03, 3.036292387830428e+03, 1.745260927189031e+03, 1.854119354406146e+02, 1.296866612282930e+03, 2.806427047106870e+03, -1.104428985083253e+03, 2.158913500023825e+04, -2.977553590759820e+04, 2.235755558742335e+04, -5.607648753027123e+02, 2.775304245654467e+04, 2.672584799769298e+04, 1.414277892897338e+04, -3.655885906454718e+04, -1.815435596585452e+04, -3.047146669174568e+04, 9.915467079308039e+03, -1.757011118563957e+04, 7.535156757634870e+02, 3.313188003872416e+01, 1.547322512422344e+03, 6.349857775681506e+02, -6.034477152986788e+02, -3.446542818309059e+02, 3.004148700533398e+02, -3.214175985354539e+02, 4.610865591171129e+02, -7.469603716756882e+01, 1.584141327669416e+02, 1.467753085510749e+03, 4.171456467059880e+03, -1.849636404942952e+03, 5.617794353294082e+01, -7.144965845855434e+02, 1.890344785382900e+03, 1.092120379513066e+02, 3.823290229012245e+02, -1.525992314393476e+02, -5.866913992386982e+01, 1.755979211728192e+02, -5.237267062919190e+02, 1.149984121067896e+03, 2.626169537088224e+02, 2.864764394624902e+00, -6.397810309971189e+01, -8.227835298692430e+01, 6.718918169070907e+00, 8.309473896153307e-01, -1.899197371037608e+01, -4.145484096929604e+00, -6.739083535211794e+00, -3.362610128206865e+00, -4.782651982156772e+00, 8.704771894979768e+01, 2.074362274407289e+01, 2.784027195329649e+01, -2.116896917544358e+01, -5.949895378537521e+00, 7.036426924887635e+01, 1.650996155406522e+02, 4.202976353473347e+00, 7.715721280085376e+01, -7.235374148753372e+01, -6.666672079267103e+00, -1.819134717924335e+01, -9.757953977644969e-02, -6.041077354581975e+01, 3.574408942470521e-01, -1.809157308486794e-01, -5.175108533186495e+00, 8.625256416364811e+00, 3.653273437287802e+00, -1.482489497904061e-01, 8.872452088212643e-01, 2.574277295745979e+00, 1.648221654564421e+00, 1.167707143203531e+00, 3.963844566814017e+00, 1.581996734027356e+01, 5.599692493774513e+00, -1.648501700026096e+00, 2.811550228479246e+00, 8.462068767364871e+00, 1.229885744529626e+00, 4.954577136086712e+00, 2.214201192541992e+00, -8.169951295783863e-01, 1.035925545752871e+01, -2.814546481783975e+00, -2.949743441642532e+00, 1.424415429809504e+00, 5.136606567899996e-01, -1.428677379779390e+00, 4.951277344033118e+00, 2.570734713802413e+00, 3.543449194518946e+00, -1.821464015215668e+00, -9.430710151806855e-01, -8.762706500778907e-01, 3.417945706582237e-02, -1.181601824196410e-02, 4.391705392140801e-01, -2.384587036479464e+00, 1.299189109980032e+00, -1.776634348431772e+00, 6.646783783800357e-01, 2.222851749079718e+00, -1.857367183181468e+00, 8.548996679146159e-01, 6.375266348486842e-01, 8.219092323317493e-01, 1.743154261504123e+02, 1.274959553932196e+04, 2.597109968328112e+03, 4.873549456705036e+03, 4.632417705606241e+03, -2.897002463929756e+03, -2.544267639428796e+03, -3.713470663761902e+03, -2.305943059976984e+03, -3.327310612383867e+02, -1.442699310057064e+05, -1.445857630603287e+04, 2.778892989342142e+04, -3.462775354153818e+04, 2.004585518950082e+04, 1.113859492373237e+04, -2.906242771374951e+03, -2.748065796495290e+03, 4.488050134512684e+03, 3.482116036809517e+03, 1.466907555485734e+04, -3.410166030693685e+03, 1.278580421058555e+04, -3.624971631297849e+03, 3.380092644460832e+01, -1.582156423048302e+03, -1.499310628714570e+02, 1.229821972802498e+03, -1.090654926254243e+03, -1.269112294813376e+03, -7.979948956097849e+02, 7.150345103779423e+02, 2.088318141125130e+02, 3.169405913035205e+02, 1.164490251430421e+04, -1.399129404349210e+03, -1.159314487896281e+03, 1.200290088991925e+03, -3.151857299972692e+03, -6.870523162169716e+03, -2.954551966147422e+03, -1.747863706834028e+03, 1.809657794267621e+03, 7.499657973056286e+02, 1.326840516010830e+03, 5.189725771713443e+02, 2.315089144773053e+02, 7.304485017367350e+02, -5.162717914943572e+00, 5.312572162488257e+01, -9.976046673677795e+00, -9.086337860247764e+01, 1.701677866387663e+01, 3.030731539426973e+01, 6.682643048068865e+00, -2.619099701221054e+01, -1.403167941405990e+01, -6.232077380780745e+00, -1.398332422165469e+02, -2.245122694890289e+02, -6.476146041568863e+01, -6.235523758519450e+01, -1.878674664625673e+02, 5.019095498295450e+01, 2.298294737811188e+02, 5.934539482975924e+01, 4.975840185116635e+01, 1.293438291950086e+00, 3.781172248881067e+01, -1.406047966406768e+01, 3.826658961958866e+01, -1.237359521135412e+02, -4.508875639982971e+00, 6.337112797106147e+00, 1.982970014154660e+00, 5.709469230038392e+00, -7.890738535581754e-01, -5.868855978734905e+00, 4.780550168697721e-01, 2.008342272980876e+00, 1.252315279382891e+00, 4.304264984341249e-01, -1.118421179828144e+00, 3.482059936797763e+00, 2.684069564456781e+00, 1.407219069929930e-01, 7.683810991442607e+00, 2.451162210766893e+00, 5.128325382232797e+00, -7.075069390941761e+00, -4.325499599581112e+00, -5.266440478727897e+00, -2.152057590002239e+00, -2.087724042798685e+00, -4.240298704058470e+00, 1.653444133682828e+00, -3.520805905247689e+00, 2.259791782438699e+00, 2.487564469790522e+00, -4.571849621117894e-01, 3.141677768553655e+00, -3.582656854158318e-01, -5.204708123693023e-01, -3.702527541708341e-01, -1.392658236022974e-01, -6.802569454038652e-02, -5.595937480186909e-01, -1.167167648240426e+00, -1.412268329801244e+00, -1.724579199427338e+00, -3.942514969731682e-02, -2.870736686411484e+00, -4.046987527940868e+00, 4.564942000114994e-01, -4.997787545414430e-01, -8.424554437150521e-01, 7.630132159666787e-01, 3.464235355207571e+02, -1.840720849226610e+03, 1.180165701018634e+03, 2.116895746242646e+03, 6.597315280683995e+02, -1.080797096559885e+03, -4.345902086058543e+02, -6.287214063986329e+02, -9.618212777118158e+02, -5.013970190215672e+02, -3.082644773998604e+04, -8.598730253063983e+03, 7.911029755145565e+03, -9.535870531696381e+03, 4.172399937892023e+03, -3.671797703334941e+03, -4.682537701211635e+03, -3.324182002635008e+03, 4.260974957195502e+03, 2.399917059111337e+03, 6.214375670857574e+03, -1.858583269321887e+03, 4.820405468347461e+03, -1.084471541169386e+03, 4.217539226466141e+01, 8.161787594817833e+00, -7.024757638042238e+02, 6.915799212641078e+01, 3.664532646091164e+02, 1.942685663610190e+02, -1.296568870121044e+02, 2.318236696107919e+02, -3.734120735140996e+02, 1.357590654712523e+02, -1.704561906211024e+03, 8.339891296127578e+02, 1.716198985756615e+03, 2.328273252373898e+02, -3.710024756211501e+02, -1.108876025165495e+03, -2.853809715184598e+02, 7.279466313874874e+02, 2.049381297249083e+03, 3.016856692713263e+02, -6.249206667197026e+02, -2.549465889569877e+02, -1.000120114120543e+03, 1.191845310781714e+03, 3.899875008151359e+00, -3.349265416144682e+01, 1.618287693698933e+01, 6.649185516313048e+00, -7.415729166133866e+00, -1.310160133976995e+01, 1.755852786332222e+01, 5.495139787308355e-01, 7.130986548671755e+00, -6.376461137244010e+00, 5.347335848241701e+01, -7.131815063339107e-02, -3.391236441942760e+01, 3.744991703180900e+00, 4.792736526799090e+01, 3.672439779490122e+01, -1.101182287711019e+02, 3.405772652044426e+01, -1.067378510824710e+02, 9.392929278703227e+01, -5.057080110961146e+00, 8.469233112439516e+00, 4.496333155736106e+01, 1.673820447702510e+01, 1.282277380213124e+00, -5.250157500284524e+00, -3.118908510620042e+00, -5.886132793122894e-01, -2.274173988135000e+00, -1.608810852864889e+00, -1.368025806462859e+00, -6.781522678210932e-01, -6.442466092504040e-01, 1.283706065903569e-01, 2.075055770899686e+00, 2.668314681899683e+00, -8.797368757930921e-01, 3.498296824973582e+00, 8.276220697007247e-01, -1.309910678113334e+00, -2.617295344130960e+00, -5.551495772386307e+00, 1.683895741622369e+00, 4.181791853759893e+00, -2.530989330531336e+00, -1.163847870253519e+00, -1.566721627845373e-01, -5.553177926689136e-01, 1.916332898134394e+00, -2.119016771496205e+00, -1.249157776445011e+00, -7.012782262020539e-01, -1.476787750241758e-01, 6.587466605951756e-01, -1.159351756356671e-01, -1.208453486616762e-01, -1.241970156724972e-01, -7.580230631801341e-02, 5.763766418905304e-01, 1.280305911696786e+00, -5.649652173876601e-01, 4.632837781527483e-01, -4.159350382286115e-01, -2.586018117499778e+00, -1.304612890785432e+00, -1.098085395929300e+00, -1.777107343664717e-01, -2.895679378218795e-01, -1.685070911120320e-01, 2.685191009604443e-01, -2.714573188268409e+02, 3.129619324680352e+02, 3.210975923838562e+03, -5.846999844289891e+02, -3.775689577395597e+02, -1.004471840318562e+03, 1.083390852471280e+02, -6.138598580897482e+02, -3.223705009381699e+02, -3.434302310106277e+02, 3.260235352574550e+03, 1.452513425040825e+04, 2.488871042148099e+03, 2.195706155340893e+03, -3.472464061340136e+03, 8.679673399370789e+03, 3.833232656742642e+03, 5.654793119703316e+03, 3.558150272259670e+03, 3.691683437298029e+02, -5.782538294834128e+02, 1.974297309461511e+03, -2.919437583560154e+03, 4.008767881160641e+03, -4.713583561174142e-03, -5.293734543439449e+00, 4.818480495959575e+02, 2.218851177383991e+02, -7.164085802003236e+02, 1.043691617611158e+02, -9.499968598102491e+01, 7.713930954370954e+01, -6.206438410879208e+01, -6.214913695247559e+01, 3.358410418279499e+03, 1.428243489000367e+03, -8.262475293666902e+02, -5.614823331380435e+02, -1.802163927620223e+03, -1.815649416620597e+03, -1.006069876422852e+03, -6.091285387325366e+02, 6.763960788399172e+02, 1.951628608415202e+02, 1.534816636151902e+03, 9.884566105973649e+02, 6.673361542339264e+02, 6.843929979743556e+02, 3.755453601707056e-01, -9.670625974407479e+00, -8.608260898257905e+00, 3.193066478659816e+01, -1.968304432593229e+01, -8.887328849151205e+00, 1.065733968650984e+01, -1.485471960398705e+00, 2.623987643189976e+00, -9.956711520348431e-01, 3.125104528940864e+01, -9.341435641811273e+01, 6.296651433465465e+01, 1.287349115998268e+02, 1.348543293766509e+01, -1.032246879437762e+01, 8.207398520594684e+01, 1.199147359792319e+02, 7.205122000869634e+00, 3.655560818899346e+01, -2.751734603910403e+01, 2.903212539927895e+01, 1.043424272621666e+02, -1.857056268202234e+01, -9.464844216376579e-02, -1.299977551557353e+00, -7.809456349792804e+00, -9.499644805425309e-01, -5.163726889666042e-01, -4.940200130816430e-01, -1.557503772194682e+00, -2.215745110457290e-01, -1.927599771694733e-01, 9.081456381381258e-03, 2.389821549550481e-01, 1.071826223048256e+01, 1.619997135549869e+00, 9.206444687619816e-01, 1.025692883147475e+00, -3.168723993668489e+00, 7.956761884467839e-01, 2.531982965502831e+00, 4.267544150055691e+00, -1.169134551139505e+00, -6.826587511793751e-01, -4.873772578408052e-01, -2.522379715000657e+00, 2.564509160183924e-01, -1.848090889829115e-01, -3.222228050457253e-01, -1.134669688378699e+00, 5.843236070522161e-01, -1.223359409427256e+00, 1.009317775476139e+00, 3.914191094700519e-01, 2.650624266757273e-01, 2.233195380926932e-01, 7.390863611116515e-02, 2.244428314316196e-01, 1.688224216246505e+00, 4.809790864302306e-01, 1.003832416650786e+00, -4.479141284847304e-01, 5.188960065492957e+00, -2.486629244959384e-03, 1.400802854709191e+00, -1.265783283392484e+00, 9.169284975529535e-01, 1.334984695616756e+00, 2.408942330534051e-02, 1.580259736717024e-01, 8.692081623349181e+01, 8.274996321787428e+03, 6.011656586609363e+02, 1.024355689934705e+03, 2.827068584921873e+03, -1.292258262047082e+03, 1.115345406091217e+03, -1.571414255038336e+03, -2.476538225038138e+03, -2.086986163949000e+02, 4.422581369184138e+03, -5.748906688873838e+03, 5.610755193253368e+03, -9.874364146756498e+01, -4.035318521486823e+02, -7.408232822321706e+03, -4.405922372765347e+03, -1.850934051118922e+03, 7.328729420827661e+03, 3.830510930552677e+03, 2.613363166051381e+03, -2.030886115558576e+03, 4.848931513515726e+02, 9.517690621785488e+01, 1.091290939859290e+01, -2.107308268004699e+02, -2.551670254769994e+02, 2.673480566190553e+02, 8.555104394953619e+01, -1.947379691363865e+01, 9.207227832447938e+01, -4.334518460026067e+01, 1.474233888953815e+02, -1.887262140203344e+02, 9.391478186574739e+02, -5.517877382183918e+03, 1.145106647098904e+03, -1.491250929517227e+03, -5.472295835484118e+02, -8.665855686778325e+02, 3.192653580066412e+01, -9.056559514974855e+02, -2.527990775141561e+02, 4.107215168526239e+02, 2.240557652803211e+02, 7.809458372783816e+02, -6.033623634838451e+02, 1.754556672898738e+03, -2.149729701480113e-01, 1.108453783591540e+01, 1.120060561872051e+01, 9.465448424425984e+00, -6.131472512341532e+00, -4.754165363164875e+00, 4.251525077543021e+00, 3.643971936365724e+00, -5.177592194701295e-02, 4.078036115084821e+00, -2.688393219290605e+01, 1.540701391158783e+01, 8.294502842871881e-01, 1.404574243689983e+01, -5.002743308419479e+00, -2.463951073563626e+01, -2.253813774035536e+01, 3.854511595340140e+01, -1.762731894742462e+01, 3.507932790642920e+01, -7.786430856682432e+00, -1.114011560117916e+01, 2.790384380427543e+01, -1.245344931319346e+01, -8.428599902215447e-02, -8.469459794422604e-01, -6.997930746041127e-01, 4.953308530654981e-01, -6.515974242736184e-01, -8.897319679719286e-02, -3.618183009899845e-01, -3.641266110475712e-01, 1.583927346936351e-02, -1.021225134195001e-01, 3.703913931894893e-01, -5.933345568901405e-01, 1.654299377833471e+00, 8.639672163138603e-01, 1.284262909777382e-01, -7.069091165369390e-01, -2.882967158127860e-01, -2.005735069162194e-01, 7.083495437583153e-01, 1.864553686831933e-01, -5.025469512145150e-01, -3.106790669481369e-01, -9.960155963679233e-01, -1.789442093576543e-01, -1.947284988485491e-02, -1.542192338073190e-02, -4.316644082115942e-02, -3.667113956386110e-01, 9.162183937217104e-04, -7.221838636182369e-02, -6.343301305332273e-02, 6.822481581212571e-03, -3.955651947837727e-02, -1.360574505902026e-02, 1.656586815805721e-03, 3.270989092657550e-01, -2.884840713168965e-01, 1.921759907760199e-01, -2.915101451629079e-02, -4.064972408124850e-01, 5.388749080224216e-01, 1.789882537850008e-01, 2.437031880555210e-01, 1.112891264715572e-01, -2.837964868145171e-01, 8.908095578090808e-02, 5.977752369127696e-02, 3.060990240047228e-02, -2.287701341633405e+00, 1.271038401716249e+02, 5.094079200966592e+01, 2.791256982976005e+01, 4.843461865021225e+01, -2.440174940266790e+01, -2.333060513331815e+01, -2.432551903929078e+01, -3.462838701388583e+01, -1.886420097980269e+01, 2.871736819961671e+02, 7.729130871986432e+01, -1.933941761235232e+02, 1.488621861988384e+02, -9.780647040806622e+01, 5.852285137855374e+01, 8.987940634987629e+01, 5.854058830774139e+01, -1.668044222354373e+02, -1.111067206864459e+02, -1.397831203516640e+02, 9.079874434879257e+01, -1.036565939053911e+02, 6.097413723317332e+01, -1.662878042070676e+00, 9.900460606634274e+00, 1.186666948168041e+01, -1.224537962743070e+01, 9.896933882312389e+00, -2.950391591480015e+00, 3.123494832486755e+00, -2.934033227836851e+00, -3.164505077661628e+00, -1.600767479901968e+00, 3.844903023200057e+01, 2.308790624933027e+01, -1.068514691946731e+01, 1.061056358615316e+01, -1.932708467911248e+01, 1.675766637788531e+01, 1.478264789845944e+01, 1.285212336815350e+01, -3.492909204009767e+01, -1.896003882218684e+01, -8.105327173015265e+00, 1.141461480522023e+01, -8.472869746277059e+00, 1.834819288344593e+01, -4.837912084447015e-01, -8.853976151857602e-03, -5.361918413294576e+00, -2.665877112629587e+00, 1.350360112861084e+00, 9.809364051517248e-01, 1.952038495282669e-01, 1.110167931247654e+00, 3.425086790619758e-01, 4.318410512951237e-01, -1.639063533915466e+00, -2.616660773128311e+00, 8.023791731225991e+00, -1.761882017493350e+00, 4.828109105249321e-01, -2.643424701885854e+00, -3.768023499911825e+00, -7.707738192791402e-01, -2.533448048812697e+01, -2.243375821468665e+00, 4.029408849397925e+00, -7.169835419390606e+00, -1.380318441657405e+00, 4.285850895620026e+00, -9.989694949256267e-02, -1.634701324902528e-01, -1.575792531955200e+00, 1.188062619764899e+00, -2.025245460147008e-01, 3.655355610379603e-01, 1.266140939226645e-01, 2.199453260364214e-01, 1.921415106207906e-01, 4.058532478452048e-02, -5.773354180147166e-02, -2.875060060105839e+00, 2.016894849561296e+00, -5.177351656851834e-01, 2.962652532169993e-01, 7.777349649839947e+00, 1.826493014467821e+00, 3.437877708981389e-01, -3.713223787955908e+00, -4.284319437122771e+00, 5.577471972828576e-01, 4.463795678399217e-01, 5.935080848276870e-01, -2.869751554665055e-01, -2.272449441896823e-02, -4.824644350683398e-03, 1.203705442544504e+00, 5.159908168601673e-02, 1.015459966081977e-01, 5.632586245618081e-02, 1.754998855042077e-01, 2.042385842191611e-03, 6.199401932286699e-02, -2.687220918933192e-02, -6.024144041737595e-03, -6.581732710502607e-01, 3.425816819454711e-01, 9.674751156857707e-02, -3.718807627543340e-02, 1.777865278492774e+00, 4.606541110118672e+00, 4.825085791506386e+00, -1.018477970056214e-02, -2.022734914249548e+00, -2.106473465720896e-01, 3.269712447410973e-01, -9.228281527638587e-01, -5.667015605598241e-02, -1.098108548372862e-02, 1.125487503015230e+00, 1.340901686903848e+02, 2.416136034053384e+01, 8.606087830797325e+00, 3.986564791815884e+01, -7.412254478823304e+00, -1.189705035135460e+01, -1.062071006438181e+01, -3.494597201989774e+01, -1.298654458491881e+01, 2.237018082599717e+02, -4.455366492761048e+01, -1.820903327345006e+02, 1.049166356009198e+02, -2.575157536795720e+01, -1.840725052630509e+01, 4.298472535580341e+01, -1.222659388650665e+01, -1.734017173432663e+02, -8.340904587134294e+01, -1.064694513738707e+02, 3.110683784090023e+01, -4.838689659476013e+01, -2.290059697296381e+01, 3.742879328907438e-01, 1.704413094552277e+01, 4.431802868580745e+00, -1.954252670261205e+01, 5.827157945892698e+00, -1.883902591358589e+00, 6.633748144280393e+00, -3.314241384189135e-02, -2.891385788210875e+00, -3.806136932907337e-01, 1.722324949612505e+01, 1.418791086118557e+00, -5.960203967065475e+00, -2.254197071703720e+00, -8.882430928962133e+00, -3.337427970002499e+00, 1.012182661698672e+00, -2.729284862133216e+00, -1.795991976539559e+01, -7.752305332621384e+00, 4.483810153154780e+00, 2.251994810336898e+00, 1.783280767135359e+00, 4.023472258690258e+00, -6.449471699945017e-03, 1.071292325853348e+00, -3.976647199552771e-02, -1.367858722916440e+00, 4.269110985632485e-01, -8.004652535756464e-01, -4.297661946903457e-01, -5.540132996952003e-01, -3.732797036764809e-01, -1.005338283043717e-02, -1.402245584509616e+00, 5.991778250384943e+00, -2.690517775701805e+00, -1.560604218954606e+00, -9.746483821565590e-01, -3.470165611693102e+00, -1.084761588528095e+00, -1.389360304610454e+00, -1.274234198783052e+01, -2.064361528417725e+00, 2.805951754818847e+00, -8.800497803737020e-01, 8.477937446140448e-01, 2.944825454124061e+00, 1.544921933463019e-03, -1.833347796911899e-02, 9.468375596698093e-01, -3.586201922451210e-01, -9.339713261747810e-02, -4.012929677045050e-02, 3.282333955707439e-03, 1.094582150148397e-01, -9.364027359932418e-02, 9.791128209263818e-03, -3.487042189578050e-03, 1.921946907432399e+00, -8.217913408886010e-01, -1.169920937710722e-01, -8.371712488175749e-02, -2.739815575583487e+00, -1.795980501728736e+00, 8.671406647377840e-01, 2.638088337695878e+00, 2.789958661084818e+00, 2.757466689531400e+00, 1.873471822675514e-01, 2.066365006391705e-01, -4.135476961416541e-03, 3.109371041969844e-03, -2.784036605625208e-03, 3.456489254011498e-02, -1.854476158135406e-01, -2.638045365289080e-02, -1.233027590973179e-02, -7.269428216605617e-04, -1.575115377533032e-02, -7.226327455096929e-02, -9.559788248847139e-03, -5.998955963194635e-03, 1.327789647105458e-01, -3.725255119468086e-01, 1.310957498722085e-01, -2.704608655151319e-02, -4.136364552676900e+00, -4.339555326797917e+00, -2.676567835413635e+00, 2.346313399347429e-01, 1.961966062788233e+00, -8.280475969464933e-01, -5.257065155755618e-01, 3.122275357753441e-01, -1.004522311094164e-02, 1.757242107607957e-03, 4.167990165673931e-04, -1.865890637961459e+01, 1.307077396809079e+03, -6.559480003055834e+02, -2.828593196353319e+02, -3.669365238123992e+01, 1.189816196762985e+02, 2.267581978718512e+01, 3.868579596098491e+02, -1.664945052231808e+02, -4.058636932319076e+01, 1.258374950000166e+04, 8.405868251752900e+02, -7.069752214993304e+03, 4.697537224482799e+03, -2.681176058539643e+03, 7.674464231459307e+02, 2.592343066913033e+03, 1.112248541392332e+03, -6.195201528818713e+03, -3.591426126746422e+03, -4.409416391619417e+03, 2.585433718994182e+03, -2.843845235831620e+03, 1.322085874897418e+03, 1.125566978743661e+01, 5.919156954551202e+01, 2.536054071462969e+02, -2.416819919662857e+02, -1.022806637500890e+01, 1.708994329304271e+01, 8.916682622970767e+01, -2.792296192779928e+01, -6.746613133135872e+01, 4.399375535115832e+01, 2.084956920629601e+03, 2.991552063483211e+02, 9.050599255592644e+01, 4.782403118535667e+02, -5.443101759624376e+02, -9.810867015724724e+02, -4.405818962783021e+02, -1.171414015846269e+02, 8.867947810474396e+02, 4.166066418854541e+02, 5.077832172443270e+02, -3.156649784625672e+02, -2.869468546414945e+00, 1.750818920931515e+02, 3.695831323637071e+00, 1.495372527217754e+01, 6.908039444872634e+00, 2.986567976345980e+00, 9.822875776528218e+00, -1.691615256003441e+01, 4.544244763061154e+00, 2.053391877272213e+01, 1.867539017656334e+01, -2.357523985630582e+00, 8.846776421272914e+00, -9.640682629188697e+01, -7.305153718531369e+01, 4.779885132152717e+01, -2.685300023832414e+01, -1.336472914362739e+02, 1.047146753740800e+02, 5.328563567326545e+01, 1.010192305646623e+02, -1.439528507711563e+02, 9.722431190500606e+00, 8.169967240643065e+01, 1.497131809177374e+02, -1.103443166776136e+02, 1.308425382173128e+00, 5.766025257594666e+00, -9.002215417905651e+00, -4.890054195932428e-01, 7.055122124938681e-01, -2.254258101211222e+00, 1.472483007801084e+00, -2.240792613909162e-01, 5.701742041489525e-01, 5.510090447702600e-01, -3.607030780235272e+00, 1.409295589677747e+01, -1.033904071669656e+01, -5.697656126928882e+00, 1.648909657391996e+00, 1.742110807247257e+01, 7.733045845644851e+00, -7.151327981466092e-02, 2.460968890520873e+00, 1.406019585984375e+01, 1.562354576322581e+00, -7.013627630240626e+00, -5.360512319990042e+00, 2.060759756283837e+00, 1.418080149026715e+00, 1.050077644876271e-01, 8.860626252252479e-01, 4.907209374905212e+00, -2.675271631178560e+00, -7.225325682653538e-02, -3.260354908557836e-01, 3.021707045318954e-01, -1.399054969014028e-01, 9.482245199751220e-02, -3.449393455650364e-01, 1.269416921771268e+00, 4.658352209674169e+00, 1.278903670997068e+00, 8.040459834033420e-01, 1.103652644287360e-01, 1.011469945043042e+00, 3.011930188134871e-01, 9.889001843982713e-01, 3.709008988634130e+00, -2.060447569050975e+00, 5.764545937491525e-01, 1.197887951892591e+00, -2.984247586030432e-01, 3.645507748156845e-01, 4.839014571892214e-01, 1.095670319207205e+00, 1.455830720039266e+01, -1.720279235328771e+03, -5.766385348207766e+02, -1.725086961051380e+02, -2.726441408656299e+02, 4.324832780948557e+02, 1.571295526333336e+02, 4.022413886642660e+02, 7.172568660941839e+01, 1.575890617039205e+02, -8.812496270090907e+03, -8.838436416973391e+02, -2.145008853127145e+02, 5.011442187787986e+01, 1.063813386778939e+03, 1.144169311041895e+03, 1.215054739418275e+03, 5.104745351896463e+02, -1.819707895248628e+03, -8.494247105425370e+02, -1.470965415626712e+03, 3.430640231248391e+02, -8.000817849195764e+02, -2.318099124794845e+02, 1.542441213192305e+01, -2.970996707593347e+02, 9.826673784516738e+01, 8.604947140932813e+01, 8.522021497921831e+00, 7.863681988312419e+01, -4.964742148011734e+01, 3.101286785117125e+01, -4.932085668574592e+01, 2.106776144416944e+00, 6.859610192725499e+02, -3.327145848209539e+02, -1.244004852599666e+02, 1.857763732510186e+02, -8.349751028372951e+01, -3.823643860837051e+02, -4.562423181170114e+01, -1.589979103437513e+02, -4.679318315027706e+02, -2.459940376941033e+01, 5.446725644420915e+01, -8.003443274841482e+01, -1.028461697629835e+01, -9.640648385473678e+01, 2.702369261233973e+00, 1.381389561003410e+01, -8.302316141043535e+00, 1.518657167818119e+01, 9.642562998650995e+00, -1.845765623620805e+01, -5.180542708415475e+00, 3.413958867889385e+00, 5.532192846519475e+00, 9.890744120895459e+00, 1.422433135658601e+01, 1.146987536567330e+01, -9.663372801980332e+00, -2.489350680351788e+01, 5.143310263823892e+00, -1.863843516273625e+01, -8.693090134292618e+01, 1.004601403518184e+02, 6.522461000938065e+01, -1.140375173608457e+01, 2.312390137934213e+01, -1.788686569893513e+01, -4.718061426935146e+00, -4.378914702839116e+01, -4.768357037534291e-01, 9.046682060692894e-01, 8.853220537845351e+00, -1.441116369803701e+00, 2.516413241904530e-01, 2.653044940491284e-01, -1.134484186883819e+00, -1.202600272180343e+00, -1.122801496366461e+00, -1.061608722529944e+00, -8.570475617666159e-01, -1.529825659363594e+01, 3.785683882296323e+00, -2.374556097106623e+00, -4.409355489506904e-01, 1.666857169135439e+00, 1.192325338414296e+00, -1.073004641395105e+01, -2.221227364486894e+00, 7.192361253497136e+00, 1.689855733169123e-01, -8.202908914535588e-02, 3.124275458004859e-01, 1.770224483103244e+00, -6.253925488337321e-01, 3.104913772289676e-01, -1.652772016818489e+00, -2.263438454111086e-01, -2.561314031988794e+00, 1.751504382315808e+00, 1.380276294402512e-01, 3.638865878946282e-01, -1.300169482997697e-01, 2.261539686515500e-01, -6.827159344106985e-02, 1.610737873227764e+00, -2.302229155463362e-01, 2.275767073045309e+00, -1.455801797111557e+00, -3.812141169686895e+00, 4.982379008214990e-01, 9.164986785616900e-01, 1.420949317500605e-02, -8.717812371803332e-02, -2.610617054999695e+00, 7.843711875606506e-01, -1.137973244366998e-01, -5.325802969361569e-01, -7.685026461024579e-02, 1.983365319577036e-01, 1.019822334721697e+00, -2.068360765283387e+00, -1.457754269352499e+01, -2.680995228359170e+02, -5.726218868535990e+01, -1.405352627167991e+02, -1.255745591376198e+02, -2.938711108821667e+01, 5.236351092885155e+01, 1.114044176221496e+02, 1.057943772105624e+02, -4.410233476867344e+01, 2.454315781911493e+03, 1.146186072700565e+03, -1.037725726427981e+03, 1.822579155407987e+03, -7.876201832038273e+02, 6.523067798874667e+02, 1.003960417759735e+03, 8.967362372290617e+02, -6.499515910665144e+02, -5.605208277794754e+02, -1.517400172701067e+03, 5.942899219695942e+02, -1.345516150015189e+03, 5.450222906204355e+02, 3.983846183753446e-01, 5.043341380827191e+01, -1.379231304605387e+00, -6.702593229465434e+01, -3.960442961968769e+01, -6.590194571976612e+01, 3.372026210885922e+01, 3.669430738471021e+01, 8.845785834870657e+00, -1.654360648790797e+01, -2.857504229759165e+02, -8.027402387773205e+01, 1.435740420090387e+01, -1.330029884231871e+02, 2.053971020776038e+01, -5.188428203810723e+01, -9.283731284282267e+01, -5.057516164765145e+01, -6.890909525395257e+01, -6.281245650980350e+01, 8.799325210195072e+01, 1.326640288948887e+01, 1.118346779911648e+02, 1.471028777557151e+01, 8.684825161303985e-01, 4.359592016288033e+00, -1.159395930561932e+01, -1.002918707298841e+01, 1.464070511787900e+00, -1.228224723726692e+01, 1.734934129062956e+00, 9.076263952132770e-01, -1.699386251337655e+00, 1.686486053871721e+00, -2.230761572209078e+01, -2.647059158087200e+01, -1.396757414443711e+01, -4.827682769875114e+00, -1.068096186459292e+01, 4.646016144219296e+01, 6.970972812513540e+00, -4.087033086327205e+01, -1.650041389631884e+01, 3.421184595376908e+00, -3.833838539450714e+01, 2.222983517034380e+01, 3.971786556025741e-01, -1.930260440338123e+01, 4.529479419037267e-01, 9.526275994378122e-01, -2.954991679237432e+00, -1.414248237610816e+00, 2.166113191633822e-01, -8.119122966800305e-01, -8.337636406082349e-01, 1.836359709987866e-01, 5.359363212859304e-02, 1.208816348754360e-01, 2.651057329830822e-01, 9.113915958490297e+00, -6.778716858880451e+00, -1.329241968127584e+00, 1.335989149063634e+00, -3.041765169191375e+00, 1.982084677038894e+00, 2.543074640608660e+00, -3.440187567583801e+00, 3.359833762663970e+00, -4.049728601980227e+00, -1.556968860864020e+00, -2.056627644583261e+00, -1.913614710726831e-01, 4.696181486915993e-02, -2.235611160166737e-02, 5.593127445064153e+00, 4.054425231756537e+00, 8.127433272079276e-01, -2.225115727722313e-01, 4.201022470569525e-01, 2.512697630099963e-01, 3.335338783892228e-01, 2.364190757283298e-01, -4.205860620889711e-02, -4.143185047467010e+00, 2.825444074015309e+00, 3.660586057218759e-01, -2.804033485739051e-01, 9.461753582068746e-01, -1.215439262341768e-01, -2.240396519483794e+00, 2.937489741461884e-01, 2.054991645188188e+00, 1.779823115882560e+00, -9.350845392116710e-01, -1.636560322261835e-01, -3.200236815269354e-01, 2.825995971006960e-01, 3.152808457717338e-02, -2.974683823269634e-01, -6.873585120198501e-01, 1.654939373057316e-01, 9.598693533893208e-01, 2.729427586133039e+02, 1.241213716672211e+02, 1.106697443077389e+02, 7.905236323269183e+01, -1.728986281633790e+02, -2.098394415652238e+01, -5.591983001993280e+01, -1.193157753718618e+02, -5.591472391277789e+01, 6.684971715036874e+03, 3.194752001894429e+03, -2.914670026564321e+03, 2.378656712771503e+03, -1.829757801109517e+03, 2.249873865246221e+03, 1.971665305350434e+03, 1.556248191404552e+03, -2.443896853857735e+03, -1.655567183646107e+03, -2.047922740106489e+03, 1.575654362561896e+03, -1.701129140535440e+03, 1.388708723188218e+03, -1.106734431517665e+00, 1.227912680800404e+02, -2.922044106974629e+01, -7.159237029436645e+01, 2.519445466130916e+00, -7.386437926052662e+01, 3.270262543945293e+01, 2.527489241560582e+01, -3.781730150538758e+01, 1.498626289071678e+01, 5.833145465312106e+01, -3.135269624169069e+01, -1.962584695182564e+01, 8.632684056596798e+01, -5.206926315807814e+01, -1.637813537216615e+02, -7.382789276167387e+01, -5.818966901816863e+00, 1.140306354391290e+02, 2.806967774918820e+01, -2.860362629584227e+01, -3.346156763445268e+01, -5.940850821087706e+01, 8.278534602409916e+01, -6.713443672151513e-01, 6.305350868594311e+00, 8.457156164226894e-01, -5.458474145402047e-01, -6.635299470414856e+00, 2.500822473635566e+00, -2.651691833837456e+00, -8.031064674970231e-01, 6.073752143038722e+00, -1.166986281254190e+00, -7.626780580606166e+00, 2.707982440900302e+01, -3.060257210296873e+01, 1.211902661341770e+01, 3.558777179397282e+00, 2.787511225463594e+01, -2.385866316381012e+01, -3.090692228295669e+01, 5.255814160779463e+01, -4.069347403179750e+01, 1.570288542268104e+01, 7.778742975287758e-01, -1.520977776279299e+01, 4.821887263238252e+00, -2.358620460731727e-01, -5.132117369597937e-01, 1.396511787563320e+00, -3.009098800112578e+00, 1.003516035176012e+00, -7.187321116083757e-01, 1.344032180550228e+00, 2.739124670408721e-01, -1.658278002169220e-01, 3.303349259633905e-01, -1.855156081083162e-02, -1.853551657637205e+00, -5.278820601189762e+00, 6.384376915143217e-01, 1.628367577295990e+00, -5.992480929765223e-01, 1.387104950676221e+00, -9.185808874620230e-01, -1.678289923233801e+00, -1.750550414188291e-01, 2.149026779865593e+00, -1.120329400444192e-01, 2.223983683776514e+00, -3.053500510467846e-01, 2.008725564363485e-01, -2.652462262688297e-01, -3.059836378216059e+00, -1.629160879926120e+00, -8.521975800458099e-01, -1.847379527699055e-03, -1.229662633764843e-01, -1.970881334312737e-01, -1.432588663797770e-01, -7.593907246339042e-02, -1.279500828737463e-02, 2.447087547861396e+00, -1.687189472214504e+00, 1.765056472635549e-01, 1.524941767489211e-01, 3.861478101350148e+00, 1.442025995170945e+00, -6.149796763717945e-03, -1.448896367820076e-01, -6.721826933054165e-01, 1.108451037529088e+00, 9.785194623470760e-02, 4.257874954844029e-01, 8.012957173148744e-02, 7.441420220031071e-02, 4.717310843027132e-03, -1.202930356842280e+00, -3.156802933684394e-01, 4.957653046453828e-01, 8.951544154447061e-02, -1.238536684565907e+01, 3.178291287424522e+02, 2.153714662153402e+01, 8.916614245711169e+01, 5.738971856906155e+01, -7.841095458420170e+00, -4.862804796625619e+01, -5.640549117379219e+01, -5.029048840730812e+01, -2.650889388257728e+01, 3.451986073926418e+03, 1.523043567997933e+03, -7.226858636526594e+02, 1.033247963821138e+03, -7.608040239705030e+02, 7.443869011720735e+02, 6.141053504218422e+02, 6.302599490797453e+02, -2.842417616322737e+02, -3.012125401990963e+02, -6.022786978280773e+02, 4.210913165170234e+02, -6.508015839359900e+02, 4.990240107349910e+02, -1.590679883693593e+00, 1.013953196965048e+02, -6.736147294345537e+01, 3.924804592668264e+01, -3.841096336811170e+01, 1.668192935762877e+01, 4.224234036173510e+00, -2.083215757913540e-01, -2.749608246559309e+01, 2.755475061603240e+01, -8.013075063491616e+00, -9.741758174527071e+01, -2.033144493363408e+02, 2.951834842987373e+01, 1.007352790944568e+02, 9.558474964448331e+01, 7.493588381062914e+01, -5.514220310270737e+01, -1.387781869278757e+02, -6.657516393548221e+01, -9.866685385777104e+01, 3.441539895661524e+01, 2.578734316345019e+00, -1.706964561911721e+02, 5.048985679971241e-01, -1.049919353761611e+00, 1.676474405571980e+00, 4.057220201413352e+00, -4.086815438578324e+00, -4.994819821696050e+00, -9.309465604312959e-02, 3.272698922499486e+00, 4.519160627832925e+00, 2.176529737498155e+00, -1.992490196004589e+01, -1.353652640281718e+00, 1.811566313854645e+01, 1.687769512026155e+01, -1.076591438060126e+01, 9.403310265778908e+00, 5.423464287001172e+01, -6.357187302837088e+00, -8.469001974458777e+00, 3.029582230176278e+01, 5.747053646728665e+00, 1.991601797312096e-01, -5.987883855122039e+00, 6.392453938077719e+00, 2.982062207017753e-01, 4.504518710157069e-01, -1.318029094527860e+00, -1.584538887322636e+00, -8.989784093640782e-01, -2.601816904082163e-01, 3.870796476139040e-01, 1.794897386068338e-01, 3.881429103233179e-01, 2.237630473487512e-01, -5.168865863826153e-01, 2.231245605566605e+00, -2.185690913109461e+00, 1.275038620114620e+00, 6.475239982045571e-01, 2.297891858745206e+00, 3.057483327814853e+00, 9.502974224081416e-01, 1.007885558076732e-01, -1.706346160032293e+00, 7.316022864397634e-01, -2.098333530833345e-01, 7.996558670177586e-01, -1.208003377691149e-01, -1.831797226082328e-01, -2.803777352526945e-02, -4.186995134403335e-02, -1.138844012943898e+00, -1.570906968262605e-01, -4.112433641154258e-01, 7.616927473868750e-02, -9.337924417275344e-02, 1.178930183117743e-02, 5.894521280668004e-02, 1.768978143147464e-02, -6.589907649687041e-02, -6.954967179430587e-01, 3.365037273341794e-02, 2.350649710535294e-01, -5.884295574157167e-02, 1.072084996226864e+00, -1.239669209685739e-01, 2.824293337036087e-02, -3.271688002082628e-01, -6.279599701776775e-01, -5.666005773693130e-03, 1.255721615237807e-01, -7.252368827525504e-02, -1.510384700626827e-01, -8.447096127345574e-02, -2.782771451617650e-01, 3.362791187599002e-01, -2.525127171269430e-01, 1.074058540650327e-01, -9.498452466329062e-02, 2.245104445126743e+00, 6.556196747563693e+01, 2.402486406461805e+02, 1.521343274010540e+02, 1.228990442456919e+02, -1.343993804870849e+02, -8.699538593109382e+01, -1.098362190585953e+02, -1.449022771269619e+01, -1.267790153967835e+02, 1.847321199253828e+03, 1.981008202821478e+03, -1.164252440649310e+03, 7.473787215342098e+02, -1.063453981884003e+03, 1.627486370468687e+03, 1.091298266276023e+03, 1.021768016474127e+03, -1.184491929227063e+03, -9.468746614461750e+02, -8.061764978413923e+02, 1.088000221966475e+03, -8.211849468616496e+02, 1.122553760921567e+03, 2.145733485513736e+00, 3.517369729943939e+00, -3.508653793681513e+01, 1.451184010000570e+01, 1.295194934100892e+01, 1.159605347361774e+01, 7.755852899783566e-01, -9.736033071115765e+00, 4.065153130899969e+01, -1.941535643392641e+01, -3.081299883907019e+02, 2.312143943298903e+01, 1.794520638262777e+02, -9.296386009726410e+00, 1.996116130634124e+01, 1.121674119246963e+02, 5.712542132688091e+01, 9.349510092886027e+01, 1.842407941928074e+02, 6.709385682256409e+01, -3.852344964207392e+01, -5.073114459774166e+00, -1.068816444012968e+02, 6.059348789761533e+01, 2.527626501037367e-01, -4.797647623731384e+00, 1.773054172597116e+01, 6.595326506527521e-01, -1.380463969960741e+00, 1.595063901229968e-01, 2.282145331768265e+00, -8.251685111128680e-01, -1.773424749979345e-01, 5.491907574318884e-01, -1.116853807833088e+01, -1.598119174064672e+01, 1.622048948121817e+01, 1.557171905963992e+01, -1.360920964435815e+01, -2.784302778447737e+01, 1.159181217126151e+01, -6.531121917885997e+00, 1.358703534249282e+00, -1.098199857798213e+01, 1.369922523783204e+01, 7.113486794053705e+00, 1.012752798865253e+01, -1.047007313958119e+00, -2.140016978002474e-02, -6.354021106661416e-02, -7.642431504442190e-01, -7.937495803700952e-01, -1.511964817376141e+00, -4.701677521602386e-01, -1.501513130148843e-01, -7.883839699356485e-02, 1.033271068419610e-01, -1.302304316306364e-01, 7.689450411933157e-02, 2.960493224874150e-01, -1.795348184875413e+00, 9.416234857968687e-01, 4.713529193488271e-01, -5.454444930044111e-01, -6.792681626792210e-01, -8.747993414957420e-01, -3.725929452269148e-01, -1.538480275584131e-01, 9.706960515142150e-01, -4.597738631892869e-01, 4.398482708075737e-01, -2.240357109188151e-02, -1.355780590205952e-02, -3.982062798718998e-03, -3.826561322213434e-02, -4.216848460827343e-01, -3.245705777701230e-01, 9.291905394424532e-02, 9.531040700476530e-02, 1.845859557162315e-02, -1.919685515265374e-02, -1.811064963490961e-02, 4.499242125268118e-03, 2.232961599741684e-02, -3.406442389369011e-03, 1.652919913639630e-01, 1.130029227426698e-02, -3.313009136761865e-01, 6.520045864518887e-01, -7.493959679457454e-02, 2.943583640778279e-01, -3.720963932103557e-02, -5.296972659617116e-01, -1.945477294167542e-01, 3.984594956285202e-02, -9.125521634036414e-02, 2.922889879550944e-02, -1.208073749801743e-02, -4.185283639321846e-01, 2.562961883887110e-01, 1.444600669186354e-01, 1.011177407362414e-01, -3.665917716774186e-02, -2.300830801536786e-02, 4.743472614887216e+00, 3.689214975610997e+02, 3.198080520158582e-01, -3.658406550108626e+01, 3.619508970009884e+01, -1.119908344368242e+02, -6.552327274677217e+00, 3.712552869568277e+00, -6.186954800369763e+00, -1.141312942404257e+01, 2.178415237847498e+03, 2.567982013821367e+02, -2.242384376401678e+02, 4.902952170260649e+02, -2.631794497080847e+02, -1.219402640423375e+02, 5.207640244106010e+01, 8.311807154285950e+01, 1.125357532104465e+02, 3.937921720345090e+01, -1.731803536261315e+02, 1.814352746948465e+01, -2.013830068472674e+02, 6.449054174671643e+01, 1.051725938631680e+00, 8.175246113699789e+01, -3.863487038496262e+01, -1.893421913665332e+01, -4.363340025973212e+00, -2.897653838568574e+01, 3.196024924964077e+00, 1.914763124807268e+01, 3.389611848115745e+00, -9.039217362897398e+00, -8.236704967257587e+01, 7.788463782295148e+01, 8.095408107603006e+01, -4.662449715945348e+01, -8.395664623722550e+01, 8.240630143777719e+01, -3.156403320025584e+01, 6.254397871181219e+01, 2.284726231478765e+02, 1.700055991953245e+01, 9.611914174093906e+01, 1.016170185201013e+02, -2.826119004273800e+01, 1.558559143521702e+02, -9.543717409582649e-02, -1.221391169872648e+00, 1.085822261458135e+00, 3.978677117676274e+00, -1.303063590151368e+00, -1.825030540526509e+00, 1.853758315921211e+00, -2.141862388220525e+00, -1.247814011973432e+00, -5.078142813975793e-01, -1.094261672172988e+01, 3.070405334836466e+00, -5.433587453535137e+00, -9.985109349124691e-01, 9.036251811753591e+00, 1.175212815948368e+01, -9.140554996310973e+00, -9.201902834862066e+00, 2.080467685836465e+00, 1.598691709613748e+01, -1.222765296065364e+01, -3.870230214371403e+00, 3.892443890215854e+00, 4.180493896388139e+00, -7.192177422783584e-02, -7.927114651543372e-02, 1.391016395758896e+00, 1.167527628504077e+00, -4.862701068811897e-01, -1.572350487465027e-02, 1.860188211969661e-01, 3.718215812044687e-01, 1.240612184567031e-01, -3.075665296370476e-02, 2.398188384041784e-01, -6.285051273087563e-01, 2.657814633749975e-02, 7.787280326411052e-01, -2.161950930784024e-01, -1.749647604308440e+00, -1.250367940552098e+00, -3.966210084476073e-01, 2.471474962566478e-01, 1.703455905865159e-01, 1.823421550691413e+00, -2.261447090542281e-01, 7.200011955120090e-01, -2.293209392493823e-01, 1.462462537399653e-02, -4.769147078615439e-02, -8.777085458883472e-01, -2.949446743151922e-01, -2.696346765031437e-01, -1.001748056504245e-02, -9.070825905362684e-03, -7.562428113280024e-02, -3.474415560840189e-02, -6.526980023972473e-02, 9.339153720142691e-03, 3.116847263128415e-01, 7.460582022192168e-02, 4.683463733735897e-02, 2.239898810955994e-02, -3.945574103573645e-02, 6.387142917524667e-01, -2.655415113785473e-01, 7.962438327692310e-03, -2.673506477356885e-01, -4.673777976796440e-01, -2.883805063687490e-02, 5.077988241381996e-02, 1.903695166348771e-02, 4.358965854268595e-02, -7.716499649408080e-03, -4.922607792968151e-01, -3.166715842943574e-01, -2.212342176913597e-01, 3.685888944464186e-02, 1.065654331481838e-01, 4.378448693181037e-02, -4.691870472980010e-03, -1.514616828157332e+01, 4.452508238792861e+01, 1.227541030595119e+02, -5.653519099329743e+01, 3.676748263817593e+01, -1.362525448793659e+02, 2.213175712022684e+01, 3.109707375795939e+00, -2.996123996609794e+01, -5.303045760532003e+01, -7.527091073126123e+02, 4.197079227077551e+02, 1.542674134509051e+02, -1.934260525634298e+02, -1.141207475218074e+01, 3.918394839073799e+02, 1.140840150172605e+02, 1.667777032935015e+02, 1.939991877899389e+01, -2.019479622722130e+01, 9.657524227395103e+01, 8.665909732160875e+01, 2.500991729943713e+01, 1.526315279671894e+02, -1.196233289987223e+00, -3.857620631606884e+01, -7.619286622361308e+01, -1.024351327238828e+01, 1.046389833464481e+01, 9.565218261538117e+00, 2.142407010878792e+01, 1.685200300586503e+01, -1.676166842283224e+00, 8.596986541441094e+00, 1.374443760261205e+02, 1.968793201968186e+02, 1.345974139398387e+01, 1.522059413222315e+02, -9.500720074659461e+01, -9.660259292867437e+01, -3.511628067782551e+01, 8.334993625619821e+01, 1.701920924443920e+02, 7.542394467006892e+01, -8.769104948174650e+01, -2.313358060643738e+00, -9.680041416342209e+01, 7.596998210137741e+01, 3.002509970183748e-01, 2.435880473091595e-01, 2.508252153449992e+00, -1.342173190172101e+00, 4.042408419562297e-01, 1.611790490385681e+00, -4.515558478316065e-02, -5.446119204107885e-01, 1.494065533207324e+00, 1.618403503341557e-01, 1.385026089389347e+00, 3.225363994819547e+00, -2.338430932986255e+01, -8.463257521304536e+00, -6.941845402334478e+00, 1.501130507498134e+01, 3.563643482248347e+00, 4.573201150551942e+00, -8.873480736593988e-01, -6.373866884565627e+00, 1.438991772064835e-01, -3.760756482151416e-01, 2.022698072631357e+00, 8.534357476647072e-01, 8.560996164269111e-02, 4.979525004117438e-02, 4.732256336187169e-01, 2.924492647672239e-01, 2.698444309720240e-01, -3.972413389294863e-02, 1.475566264935455e-01, 1.176215614184099e-01, -9.428953479916150e-02, 1.021817706865861e-01, -3.543508687436869e-02, -8.005787892827587e-02, -4.001676264536178e-01, -4.042324987721722e-01, 4.458218715579008e-02, -7.972328387903982e-01, 3.871524217426804e-01, -3.361202240028705e-01, -2.232453908569059e-01, -3.974070311540296e-01, 9.090420982543095e-01, 2.859579519718672e-01, 3.541056608568332e-01, -1.913583738375739e-02, 1.758414600720098e-02, -3.810222635468975e-03, -2.238393514065247e-01, -1.281710491802353e-01, -9.487403476696631e-02, -2.937002316966382e-02, 8.836128287471127e-02, -8.809675856995871e-03, 2.041208840118969e-02, -3.127954955373474e-03, -3.301287616587114e-03, 2.222554033103684e-01, -3.203747258550923e-02, 2.504213036208519e-02, 4.479743837177882e-03, -9.800635762868311e-02, 2.015074492861452e-01, -3.707681579238009e-01, -3.843420802935645e-02, 3.310005850362036e-02, -1.682178508495291e-01, -4.572267308476675e-02, -8.071463732870125e-02, 1.254280644997665e-02, 3.443536247855743e-03, -2.452465610772745e-03, -5.704347539130140e-01, -4.256542685396243e-01, -1.486020775635968e-01, -5.896720414152611e-02, -2.802365752178079e-02, 2.202475374792348e-02, -3.273776858333072e-02, -1.845133315581546e-02, -1.620124861245283e+00, 1.422896057507254e+02, 3.133344607730009e+01, 1.468422709748362e+01, 4.649931061939211e+01, -7.989949604032838e+00, -1.814563569473789e+01, -1.051643062662500e+01, -3.920508058223632e+01, -2.239951338468400e+01, 5.524895721665118e+01, -1.390222383143645e+02, -1.210761088700574e+02, 2.965956099066753e+01, 5.200120707724857e+01, -7.225131018361449e+01, -5.584375358733550e+00, -7.007197021014454e+01, -1.363717987278759e+02, -3.874586041858796e+01, -4.914011584248317e+01, -2.913542484133677e+01, 1.522778504561580e+01, -9.311252448868970e+01, 1.471989571623512e-02, 1.523134330775178e+01, 3.360057316806791e-01, -1.848478966207687e+01, 4.781287552164621e+00, 2.474773492311424e-02, 5.158266259344698e+00, 1.904290560605538e+00, -2.179125063431115e+00, -2.155959175969886e+00, -9.191765556246690e-01, -3.637344897904413e+00, -8.692583264266680e+00, -1.882951040886953e+00, -8.352688833626658e-01, -2.876622945156428e+00, 4.793978854800041e+00, -3.732169456237238e+00, -1.287812172680013e+01, -5.298414316436781e+00, -7.115320209318760e-01, 5.569856337675012e-02, -1.137979184202137e+00, -4.524281124195614e+00, 2.044058449202901e-02, 3.651568256195438e-01, -4.099789339964590e-01, -1.551051398981631e+00, -5.086358604892916e-03, -3.091768101723988e-01, -7.785307254728796e-02, -3.080922438830616e-01, -4.475857761226557e-02, -1.473414743191239e-01, -9.206037654046626e-01, -6.412889851726127e-02, -2.952315377004646e+00, -1.346185523981502e+00, 1.839262668133289e-01, 2.361827538704674e+00, 5.783889701500976e+00, -2.482601820869915e+00, 1.337496650414421e+00, -6.745858654122000e-01, -3.877845555228890e-01, -2.072699213473440e-01, 1.989260120775418e+00, -1.448985132088235e+00, 9.619587250394650e-03, -1.484464850776704e-02, 2.641183007036503e-01, -5.718894093557882e-02, 4.123018472001760e-02, -9.110251365426768e-02, 6.216139349257456e-02, 5.513851217826720e-03, -8.732680070805875e-04, 5.044796105600891e-03, -3.130234687020714e-03, -7.532039221186877e-01, -3.993750168735337e-01, -7.498753513294940e-02, -3.129812235949157e-02, 8.949208516015569e-02, 4.594403651992344e-01, -4.055174297711153e-01, -6.073347356809797e-01, -2.752842567270532e-01, -9.402880586349845e-01, -2.786248384680972e-01, -5.213255072216595e-02, -6.548011728711274e-02, 1.526281352185223e-03, -4.397129966836691e-03, -2.988787831903441e-01, 1.541565071901800e-01, -6.945580362291701e-02, -1.262974180128538e-02, -3.788846908387731e-02, -1.572018769950667e-02, 2.687154562796013e-03, -7.279068567882823e-03, -4.225118225429581e-03, 7.322829211922197e-02, 1.470060525097180e-01, 1.209838290259520e-03, 3.333321212813762e-03, 1.017236391038384e+00, 1.006184098271609e+00, 4.714513680171772e-01, -9.915578399404773e-02, -3.311681862165557e-01, 2.805182691674064e-01, 1.232089175726202e-01, -7.746337860638546e-02, 1.384563341195220e-02, 4.168002283635662e-04, -5.805648073070374e-04, 1.042597012526298e-01, 1.452092230268012e-01, -4.735503614601549e-02, -2.612444309539381e-03, 1.318406440509187e-02, -1.141707740745282e-02, -7.091279923112459e-03, -9.847111382293461e-03, 7.810150227620078e-04, -1.593339010166171e+01, -1.599147307654422e+03, -5.634296509099842e+02, 2.015427272305621e+02, -3.946328847570836e+02, 5.469520555072363e+02, 1.385530510324325e+02, 3.926633206602891e+02, -2.767317354560683e+02, 8.569315238869360e+01, 7.380177149152938e+03, -4.255539375011236e+03, -8.013954096286252e+03, 3.511063624307724e+03, -4.230583075210342e+02, -1.623742161562488e+03, 1.682037187071890e+03, -1.008823669592947e+03, -8.305453924241803e+03, -3.885785709021019e+03, -4.445839797075484e+03, 1.534749652991975e+03, -1.600358765539987e+03, -9.490578364576828e+02, 7.134523436535969e+00, -5.040726054554821e+02, 5.042589715422549e+02, 1.242928364912147e+01, -6.583710004000281e+01, 5.865154241858931e+01, 1.179619206450512e+02, -1.135396248797448e+02, -1.553625340309311e+02, 1.665272570725680e+01, 2.525649953343737e+02, 2.191869134909715e+02, -4.061934827254622e+01, 2.552205434603961e+01, -5.980211873009287e+01, -2.760851652411519e+02, -1.084430300160771e+02, -1.506641845946301e+02, 2.783988427488779e+01, 5.645241449336684e+01, 4.271980566787489e+02, -2.588639423642679e+02, 1.524580596166608e+02, -8.049809514731869e+01, 1.842434729952101e-01, 1.465256988644688e+01, 1.579879011547919e+01, 1.852915017813930e+01, -1.299956736742704e+01, 9.424379828523533e+00, -1.391321128934012e+00, -2.978243197580214e-01, 8.801958945233157e-01, 1.083330890931715e+00, 6.083342215995025e+00, -1.480959445065303e+01, 1.029377998470707e+02, -3.144055490840521e+01, -9.741013820690574e+00, 6.590997275174050e+00, -6.195868062145998e+01, 7.488020648827041e+00, -5.869278916684247e+01, 4.572731402640481e+01, -1.894535306197860e+01, -4.220412860883731e+01, -7.397763581773398e+01, 3.105364911009421e+01, -2.726036385153982e-01, -2.951065883229583e+00, 7.056274439496555e+00, 1.544280640981432e+00, -1.120245584086779e+00, 2.111415780547020e+00, -1.094415438445815e+00, -5.648253753847771e-01, -6.983664158661484e-01, -2.005535688845633e-01, 4.726368494901317e-01, -1.218235801976002e+01, 8.286195567312994e+00, 3.986334447135398e+00, -8.103604147269658e-01, -1.366978235424728e+01, -6.902319747231528e+00, -1.948756928127954e+00, -1.591419903062194e+00, -7.410260366481583e+00, -3.037774400446434e+00, 4.035209875018512e+00, 2.106698188366043e+00, -4.368455252071036e-01, 1.167477084307207e+00, -8.145587165157280e-01, -3.676263940479256e+00, -4.108946441630854e+00, -7.233097425103803e-02, 6.886798739443453e-01, 6.312662246455039e-01, 1.392532127986895e-01, 1.298642946368351e-01, 4.299357105570926e-02, 2.017382599827747e-01, 7.055652402592580e-01, -3.202469561262884e+00, -2.920049496436969e-01, -5.999025831267446e-01, 1.373057233201098e+00, 3.685125020018467e-01, 7.764286344192395e-01, -6.051553462785937e-01, -2.254019318985177e+00, 1.684984199000635e+00, -2.321666295006273e-01, -8.529517193182258e-01, 1.010308690219356e-01, 4.839014874575799e-01, 1.042597304332626e-01, -2.227695166288272e+00, -1.735220479669094e+00, -3.962197713544582e-01, 8.223486903614815e-01, 7.027242573117798e-01, 5.914484926625785e-01, 4.284048951215257e-01, 3.509185971418874e-01, -9.013830879546159e-02, 3.524248378765850e-01, 1.816519649579436e+01, 1.653569427345286e+03, 8.964866925673451e+02, 5.864831272100910e+02, 6.590972087556069e+02, -5.674794970419038e+02, -2.761796883821897e+02, -7.390274466828248e+02, -2.223012364498437e+02, -1.914900465510202e+02, 1.432574379012609e+04, 4.789341463732413e+03, -2.725097077553893e+03, 2.561579631883319e+03, -3.119095436807941e+03, 1.790304516080422e+03, 1.221084516556352e+03, 1.568701948216890e+03, -7.172152818328093e+02, -1.047160795468927e+03, -9.828605235828262e+02, 1.621142334312890e+03, -1.336638642102652e+03, 2.026033937657988e+03, -2.176553631362009e+00, 4.356483182009732e+01, -1.201909123507117e+02, -3.805636461743062e+01, 3.975769673926627e+01, -4.647452905124668e+01, 8.037470735707501e+01, -9.150603039331135e+01, 6.372319757559932e+01, 5.986364680271589e+01, -1.225026652288802e+03, 8.810025807456680e+01, 6.502716727865979e+00, -1.198966285054717e+02, 3.039163864672042e+02, 3.869599830321903e+02, 2.180343351517582e+02, 1.807630154481199e+02, 1.855546826666058e+02, -7.304531613872804e+01, -3.396288801707343e+02, 3.290736567775508e+01, -9.610887765621099e+01, -1.031453500082939e+02, 2.782786399520443e-02, -1.052836547409293e+01, -1.541703616121666e+01, -7.528768364963733e+00, 1.940661481867086e+00, -4.562265667413480e+00, -8.593057193687276e+00, -1.053120238454087e+00, -5.510194176872512e+00, 2.366088396490395e+00, 8.788862751098149e+00, 8.888918532563602e+00, -5.644097418927235e+01, -2.537349471303127e+01, -1.307942739348241e+01, 2.314162662367008e+00, 1.182734551244204e+01, 4.569202072208757e+01, 1.666048217776010e+00, 4.079260607212874e+01, 3.431123989352741e+01, 1.603965762454314e+01, -1.040051171279043e+00, -1.294794551434903e+01, 4.917927277282222e-01, -2.142405491171709e-01, 2.908455778287771e+00, -4.472457442726636e+00, -6.465429421391557e-02, -2.480882204729684e-01, -5.129831246928982e-01, -5.313269491054107e-01, -4.872485573858336e-01, -7.200459115204515e-01, -2.270459704027353e-01, -7.226910163846561e+00, -1.096235162226675e+00, -3.094420505006271e-01, 2.266990564819011e-01, 5.269790740260211e+00, 2.864199007681247e+00, -6.280524899072485e+00, -2.468447019257853e+00, 1.219846304719728e+00, 3.171518062173718e-01, -2.514474808674357e-01, -5.087583223963069e-01, 9.110995983298007e-01, 3.029837061943467e-01, 6.074884085843781e-01, -6.711766713742140e-01, -3.194837432096456e-01, -9.216962782753192e-01, 1.378455920627182e+00, 3.767283883646405e-01, 3.796461414389925e-01, 1.664928274919071e-01, 2.345659384364988e-01, -6.808327904658507e-02, 5.161856883044916e-01, -5.708618479079729e-02, 7.646622780356618e-01, -8.423738597474322e-01, -2.986670595635316e+00, 1.320955856050778e-01, 6.534697748942517e-01, 3.059592611188338e-01, -7.605388503293409e-01, -1.422014691296504e+00, 4.345200981440374e-01, 3.925243931566373e-01, -3.437685784329253e-01, -1.983365632092113e-01, -1.452092316153828e-01, 1.735220524935474e+00, -1.810791101023466e+00, 1.513651787359547e-01, -2.393295885183022e-01, 5.552558320463034e-02, 2.164647383650939e-01, -1.099729993906243e-01, -1.576533809605755e-01, 4.984379032486402e-02, -8.323573161701866e-01, -5.756586079616032e-01, -1.113585276927208e+01, -9.306988210675062e+00, 1.264367413103460e+01, -8.813114827027854e+01, -1.032740480495914e+02, -5.666379395599778e+01, -4.384022139981945e+01, 1.209609343118830e+02, 1.090212890720895e+02, -1.590155827901054e+02, 4.934802737095772e+02, -4.687887601907652e+02, -1.977196915659719e+02, 1.105524659233381e+03, 3.584541978686690e+01, -4.965973197352639e+02, 2.134079619198581e+02, 1.218189159853397e+02, 4.035892439613703e+01, 4.638178510746369e+01, -9.008714740890083e+02, -1.506439867867481e+02, -7.025529148261709e+02, -2.503938052905964e+02, -9.482805088668668e-01, 2.533270332699105e+01, 6.517480463119530e+00, -6.598699312495877e+01, -2.969538511525187e+01, -4.749277606575384e+01, 2.041827441536311e+01, 3.446119623533571e+01, 2.261192194703592e+01, -3.357649494233561e+01, -4.239319550996402e+01, 8.121588230802251e+01, -5.365206501060032e+01, -1.242049497543265e+02, -7.403751298278978e+01, 4.185856154016351e+01, -6.737478289549239e+01, -3.827338293285055e+00, -9.909229844897047e+01, -1.129474701660600e+02, 1.170000208951488e+02, 9.479030476804192e+01, 1.059406681974545e+02, 8.745189528795525e+01, 1.803815244237079e-01, -2.626695321616206e+00, -1.205482678465658e+01, -6.085680525330995e+00, 7.334697377080637e+00, -3.098315178720003e+00, -1.880004084576371e+00, -2.491625622059102e+00, 1.769340160183276e+00, 2.211801304581307e+00, -1.155880693801941e+01, 2.251315752845681e+01, -1.593087728631202e+01, 1.023644747683861e+01, -6.105597574530023e+00, 1.015377597614338e+01, 5.339599434929183e+01, -3.369439153436912e+00, -8.209432765529609e+00, 6.670619176342726e+00, 7.560223455851498e+00, -1.837470330314833e+01, 2.315118777611552e+01, 7.352171895405994e-01, 1.938393826895236e-01, -1.210077643626584e-01, 1.006621101044254e+00, -4.497469012081087e-01, -1.218631201768199e-01, 1.242707207897933e+00, 2.644499411164577e-01, -3.324926278575873e-01, -4.050823825115856e-01, -4.308144161839641e-01, -5.850394854790906e-01, -3.876028512184674e+00, 1.670090830593709e+00, -7.773647164493968e-01, -7.629100752720686e-01, 4.663330973287611e+00, -2.609504590484281e-01, -1.808293838057071e+00, 1.352659637945260e+00, -2.473139633306027e+00, 9.042764384351231e-01, 1.439097588929129e+00, 7.953106360127704e-01, 7.325228525069959e-02, -5.411129883290265e-02, -2.034914526158486e-02, -4.147532756187626e+00, -2.115633816850819e+00, -8.892447314513173e-01, 3.256883350926545e-01, -3.026234992672194e-01, -4.937230965680533e-02, -8.856878970944079e-02, -3.054496411733541e-02, 3.190108898035264e-03, 2.903361008663899e+00, -1.508302715720959e+00, -4.130828584534368e-02, 5.162712550811092e-02, -1.358126643042853e-01, 1.056674509939013e+00, 1.746472986323188e+00, -1.119138067153488e-02, -1.116210037677468e+00, -8.438217466887036e-01, 6.852648597010850e-01, -1.619772727989143e-01, 2.964681173972438e-01, 3.152807480877697e-02, -4.735503475131229e-02, -3.962201375869627e-01, -1.513651752140943e-01, -5.992265362656598e-01, -3.471935371412712e-01, 2.264476857291502e-01, -7.802554869938078e-02, 1.394577094207420e-01, 1.102382065283634e-02, 2.109458541010722e-02, 1.824153318775664e-04, -1.560627906288550e-01, 2.500662599757934e-01, 7.029636466594089e+00, -1.144060479522314e+02, 1.158053893322795e+02, 1.656517302944449e+02, 1.824245485549325e+01, -1.429405159940233e+02, -6.022369501378928e+00, -7.321533187092912e+01, -7.693639095561574e+01, -3.282925339399097e+01, 7.595950906357900e+02, 3.948391247872802e+02, -5.712343028198204e+02, 3.154366037688495e+02, -1.446257850539970e+02, 4.175275336896426e+02, 3.775670188658697e+02, 2.115095796283627e+02, -5.917304929923237e+02, -3.197069149754731e+02, -3.954252341102688e+02, 2.094558056603979e+02, -2.243006313031367e+02, 1.338760844139078e+02, 1.458276846209899e+00, 1.931742005980376e+01, -3.182806874761849e+01, -2.117732720802083e+01, -1.832239263701856e+00, -4.646997710109095e+01, 3.055246236550892e+01, 2.883854030871127e+00, -2.202868167574360e+01, 1.695543095784640e+01, -1.308391598207508e+02, -3.670757280127903e+01, -5.547098591911109e+01, 4.456462217277127e+01, 9.680220095359761e+00, -5.012310305313672e+01, 7.134726458908929e+00, 1.315670691509859e+01, -6.197634392760209e+01, -4.697586379568239e+01, -9.301414746329279e+01, -4.830756378690090e+00, -5.674673692279623e+01, 5.677557869907780e+01, -4.574729112128264e-01, 4.467986906104450e-01, 1.114038294537635e+01, -1.565940734743758e+01, 7.351414965641957e+00, -1.859491873807192e+00, 3.737970617920503e+00, 2.637824715521423e+00, -6.639717478115982e-01, -1.462489917888677e+00, 8.328409012313513e+00, -8.629701017763804e+00, 9.303757886297378e+00, -1.472820464157579e+01, -2.035178898151080e+00, 4.246588242409441e+00, 2.664590068015991e+01, -4.738981425764230e+01, -4.139772163188501e+01, 2.130493765064488e+01, -4.083929736547604e+01, 7.375984066540085e+00, 1.128067531765582e+01, 2.292265868482324e+00, -2.781186450226661e-01, -6.543555436742016e-01, -1.673501175137584e+00, 2.446836992762920e-01, -5.194317405176652e-01, -5.220682400071681e-01, -9.447092342329270e-01, -3.603510560368954e-01, 9.259100610234106e-02, -5.236489167015998e-02, 1.079958656547357e-01, -7.127951433193271e-02, -1.950471204137088e-01, -3.179534912948965e-01, -1.253278696852524e-01, 1.158615111684001e+00, 2.119535281623644e-01, 6.981258515818434e-01, -2.510360995027699e-02, -6.336806582584145e-01, 3.241987937770994e-01, -1.686367323716260e-01, -5.813916948576313e-01, -5.151418562488474e-02, 1.740195929789667e-01, -8.068373670611703e-02, 4.787379992315678e-01, 8.369820080157819e-01, 5.986961075629909e-02, -1.018233722560235e-01, 5.856019532473547e-02, 9.181715452740236e-02, 1.724392207294684e-03, 5.289004075019289e-02, 8.960394617936686e-02, -3.383269023274142e-01, 8.637987161164489e-01, 1.459219660729641e-01, 1.894909733041648e-02, -2.033097817095373e+00, 2.114447196710715e-01, 1.984345556481317e-01, 1.534717336616846e-01, 1.716972409324011e-01, -1.369413721736662e+00, -2.575537171149412e-01, -9.685002788879014e-02, -1.110216100243710e-01, 4.717294400344383e-03, -2.612445585798717e-03, 8.223487171367011e-01, 2.393296262747446e-01, -3.471935281272832e-01, -1.613254017051708e-01, -1.408597929390868e-01, -4.711028696484414e-02, 6.929470401653324e-03, 7.450005523649267e-02, -1.256670867223167e-02, -4.313863063095616e-02, -4.953171830660763e-02, 3.046279905313134e-01, 5.622321501406303e-02, -1.988748780353268e+03, 5.724405116246288e+03, -6.896300639943575e+03, -6.453054606238480e+03, -5.340188511107320e+03, 1.204943499454955e+03, 3.768724382976379e+02, 7.181692233047632e+03, 2.173410355131574e+03, -1.902470559856635e+03, -7.509350283539479e+04, -7.897155243510606e+04, -1.316705103838852e+03, -1.622703651793729e+04, 3.737944253468516e+04, -4.499272120614380e+04, -1.905440583147879e+04, -3.298447596153559e+04, -1.032853698108287e+04, 7.411184152295652e+03, 1.880275506433563e+03, -2.415665959124909e+04, 1.899818489022139e+04, -3.811090503078940e+04, -8.131738175259408e+02, -1.189891010320643e+03, 1.390383657334338e+03, -1.025301481488693e+03, -5.226530535835786e+02, 5.522867564744241e+02, 7.736662181704748e+02, -1.299383513149720e+03, 6.114010849655158e+02, -7.956102285034583e+02, -1.536150236290925e+04, -3.198057299347771e+03, -4.510837074916104e+03, -3.527279499697043e+03, -1.314214089999288e+03, 1.679425019412298e+03, 2.035790043037369e+03, 4.611994715669454e+01, -5.786809581261902e+03, -4.917406349270436e+03, -8.013337533338470e+02, 3.984083887905078e+03, -3.972903792459081e+02, 3.429404225703838e+03, -3.669242057706787e+01, -2.543108455632990e+02, -1.099239488381124e+02, -1.461348492081121e+02, 1.318229934240057e+02, -1.584927501509496e+02, -1.098600626917263e+02, -4.830285900765318e+01, -2.969626543275513e+01, 1.422947175959513e+01, 2.472624241995706e+02, 1.114053020451366e+02, -6.152472850510716e+02, 1.262410505890342e+02, -5.141161793849540e+00, 4.424651846390111e+02, -9.721664399406909e+01, 5.370995993451270e+01, -2.639976356709569e+02, 2.171873906836294e+02, 9.608679075605065e+01, 4.939889734282814e+01, -7.788902406950157e+01, -4.241525550583953e+01, 4.111895241905298e+01, -2.490359333706278e+01, -2.564064655293343e+01, -3.238910431309021e+01, -1.274690135328952e+01, 9.264220167377474e+00, -5.649053659095856e+00, -4.390984083303413e+00, -3.231514613869093e+00, -1.589237650366772e+00, 9.982018264307831e+00, 3.687412005585092e+01, -2.976488073036129e+01, 1.005704219798345e+01, -8.881170714929985e+00, 2.987407463909493e+01, 3.920747843092447e+01, -2.525684110791209e+00, -7.512286417016859e+00, -2.945792906897901e+01, -1.362468257744326e+01, 6.178891190652671e+00, -1.361262893707965e+00, 2.506398392182169e+00, -1.823671887175016e+00, -7.090325808272858e+00, -8.897913257123189e+00, -4.256214650912908e+00, -3.191017681008602e+00, 3.674054756236622e+00, 1.937710894972237e+00, 7.846812115268621e-01, 8.292556638236972e-01, 2.014265616769960e-01, 2.095416135271465e+00, 4.824312043860626e+00, -3.382053431387233e+00, 1.990320982408034e+00, -1.554627005758219e+00, 3.958752344523443e+00, 4.656438911128845e+00, 7.537924186543491e-01, -2.329985381546320e+00, -3.843401378863845e+00, -2.578231763905943e-01, 1.961324684305871e+00, -2.109727865154356e+00, 2.416012095192879e-01, -6.529054269642018e-01, 7.391429544452670e-01, -3.699307947511358e+00, -1.235330489601398e+00, 2.813981945299586e+00, -5.978057582436293e-02, -5.945429150825899e-01, -7.368904653816474e-02, -1.616437875919706e-01, 1.780256680839698e-01, 2.003951472419826e-02, 2.608567367995776e+00, -4.771060682671828e-01, -1.660182132724611e+00, -4.452512110969653e-03, 3.054884538676293e+00, 6.535333267601122e+02, -2.326529783782639e+04, -2.164699658894596e+03, 1.704841568828763e+03, -8.058990592823903e+02, 1.003780683294572e+02, 7.286516932179688e+02, 1.458243322409902e+03, 7.578523721478292e+02, 1.049730673362764e+03, -7.437164517001144e+04, 9.572872416703538e+03, -4.180381188157169e+03, 2.246856112353143e+02, -8.744886288458232e+03, 2.219233955455351e+04, 1.545176156883859e+04, 1.622565481418622e+04, -1.694411734641229e+04, -1.622101549762608e+04, -1.379522618875609e+04, 1.865306923042103e+04, -1.427224673919842e+04, 2.003444890239443e+04, 1.286200800311773e+02, -2.805718382438818e+03, -1.968044945925233e+03, 4.609152781270083e+02, 2.046931898972347e+03, 7.348588757268004e+01, -3.579299705016091e+02, 1.883786818123126e+02, 2.917630653573262e+02, -4.786551557583540e+01, -6.529820962814866e+03, -5.096515655947473e+03, -1.785345725907519e+03, 1.209509134996917e+02, 1.119176448019891e+02, -2.043720635848380e+03, 1.020025636597805e+02, -5.354220058310428e+02, -5.426299340327727e+03, -2.526347044117235e+03, -1.966420412297262e+03, 2.539631154867180e+02, -2.432062493448705e+02, 2.923624521695773e+02, 3.674801842765446e+01, -6.819653295548650e+01, -1.718405666016947e+02, 1.567745580660169e+02, -9.717630159817929e+01, -8.983814602527549e+01, 2.708340208876944e+01, -3.058974397568959e+00, 5.337492021172431e+00, 5.955853081763468e+00, 3.636943394137711e+02, 3.929484951122122e+02, -1.819821964124699e+02, 2.079726069429017e+01, 4.930156516883040e+02, 2.741834352908389e+02, -9.638445920282416e+01, 1.779350193280703e+02, 1.243756646728815e+02, 5.801389357648376e+02, 1.311488209719125e+02, -1.185319745527646e+02, -7.518010739466365e+01, 2.091533395919891e+02, 8.188811125606691e+00, 4.839989259060976e+00, 1.624870698800380e+01, 6.614235640172611e-02, -2.479009424269722e+00, 1.460252790600455e+01, 3.663364194811007e+00, 3.248149249023814e+00, 4.618247409225567e-01, 3.880241648465992e-01, -7.336531369996554e+00, -1.977627416869407e+01, 3.026677438710598e+01, 1.773901874968208e+00, -8.755387779614724e+00, -2.456996421361037e+01, -1.703174083155528e+01, -3.651663471090747e+00, 3.659658975079785e+00, -7.315252150219656e+00, 1.347165607759951e+00, -3.417710368043877e-01, 1.635894159939951e-01, -5.108998975240073e+00, -2.784399743734719e-01, 1.635429122769467e+00, -7.195662850388079e+00, -3.947301127481358e+00, -3.326492789209603e+00, 1.072484821502218e+00, 1.530820136557064e+00, 1.118775812128230e+00, 9.229821302655149e-01, 8.925842381674519e-02, -6.103283394168074e-01, 2.759481818313182e+00, -1.819443147324476e+00, 7.811917110945319e-01, 2.039549337651000e-01, -5.259542322109697e-01, -5.256314913007119e+00, -2.341383647839915e+00, -1.226425122892068e+00, -7.368182496753448e-01, -1.728243404463922e+00, 1.225951484532721e+00, 1.379945894817638e+00, 9.649902357780656e-01, 3.472101905897786e+00, -2.094946426957801e+00, -2.227200001676185e+00, 1.062820882261667e+00, -9.064773535011588e-01, 3.031020063760887e+00, 3.938099729647214e-01, -5.479459947607632e-02, 1.541706797553384e-03, 4.573388263158515e-01, 2.776155338879544e-01, 2.379737508625676e+00, 1.054880851238692e+00, 7.071620361815341e-01, -9.461800787468040e-01, 3.058648501943303e+00, 1.353401827504390e+00, 5.134637436036020e+02, 8.676429890876501e+03, -2.953294662280128e+02, 4.512553132042986e+03, 2.702346062331328e+03, -2.117983542501901e+03, -2.028409395776198e+03, -2.188788643848323e+03, -1.054800399726035e+03, -1.131080147167103e+03, 1.119545221064753e+05, 1.939847332460567e+04, -3.513187497408865e+04, 3.796040880811329e+04, -2.083328800540932e+04, 6.116395993573108e+03, 1.599299575269988e+04, 1.177901898978195e+04, -2.105241743796599e+04, -1.422056385520275e+04, -2.699514250133450e+04, 1.298682556216934e+04, -2.191447856936643e+04, 9.777182617403585e+03, 1.627983271897242e+02, -4.362057166096900e+02, -1.545121070638511e+03, 1.915554288653924e+03, -4.210099471871369e+02, -5.045011615744524e+02, -3.814045069993771e+02, -6.676011637061202e+01, -7.951507202096228e+01, 4.351605704259765e+02, -5.163699228500469e+03, -4.567319385623187e+03, 8.725692045273227e+02, -2.597703022940408e+03, -1.518859073524099e+03, -1.378877849846858e+03, -2.225332396913474e+03, -4.559402579886185e+02, 3.698291356881217e+03, -5.118470595455395e+02, 2.658288733473391e+03, 2.637152351998582e+03, 3.716119201754187e+02, 2.879407339079379e+03, 3.579416707890427e+01, -1.165199474011934e+02, 3.065516100723634e+01, -5.935004834715175e+00, -7.109727849324416e+01, -3.192035867764453e+01, 3.262429457268048e+01, 1.224235719940482e+01, 6.058411772466500e+00, -1.595292111282152e+01, 2.244654891531473e+02, -3.005179537664550e+02, -3.073609484262365e+02, 1.020063818198870e+02, 1.500089430727851e+02, 3.196719147417815e+01, -1.375954221628122e+02, 4.467837812563432e+02, -7.617729140702393e+01, 3.474987498304795e+02, 7.402056435390014e+01, -2.306054766514316e+02, 8.522608504850494e+01, 3.759857307189944e+01, 2.558292404310455e+00, -9.715382391583656e+00, 6.193924157851014e+00, -3.663799311097186e-01, -7.770670559811696e+00, 9.437011382632928e+00, -1.673465571027237e+00, -1.576871381997161e+00, -1.627937260193943e+00, 4.697660681446612e-01, 7.772029491869011e-01, -9.724476803940220e+00, 1.678640159748903e+01, 1.029432609491265e+01, -7.405611330504566e+00, -2.486287596509531e+01, -7.540008887904903e+00, -1.657463812103805e+01, 6.640423965641213e+00, -6.591719724815206e+00, -7.515260442633815e+00, 3.729201341808604e+00, -2.049365040294275e+00, -1.380239477829795e+00, 2.328196542534039e+00, -3.324245517889440e-01, -1.325045086556380e+01, -2.906339555688630e+00, -3.365206825789221e+00, 7.006454961268506e-01, 1.436590142649271e+00, 1.214567389970421e+00, 6.910015211532852e-01, -1.204131607747047e-01, 4.399592404585630e-01, 7.799663112777456e+00, -2.669536126595377e+00, 1.427541437023825e+00, -9.973369191675975e-02, 2.598251284625583e+00, -3.362557987462204e+00, 7.102136175895974e+00, -1.437587574598072e+00, 1.593018002931075e-01, -9.513755286770060e-01, 7.843081345957956e-01, -5.233693254864902e-01, 2.614071736217211e-01, 3.395480831434108e+00, -1.047283256083738e+00, -9.738904967131712e-01, -1.881345043539829e+00, -8.585004499868490e-01, 1.045957873030646e+00, 4.744538491606639e-01, 2.648986039618290e-01, 9.588987079710501e-02, 4.494802249906701e-01, -2.074689076893392e-03, 4.883196492843631e-01, -5.285245109455368e-01, -3.543263805722164e-02, 3.621369799060055e-01, 2.684184774358645e+00, 4.315935291044062e+00, 1.260192843861258e+00, 2.411803582223897e+02, 5.179895159491760e+03, 1.088047087462345e+03, -5.922284085616974e+02, -1.344939626629778e+03, -1.226146720565013e+03, 1.045662315334532e+03, -1.312676978316135e+03, 7.063274384282599e+02, 8.160007427502940e+02, 1.006185999227847e+05, 2.354246870639680e+04, -1.122499198594878e+04, 1.429130640916363e+04, -2.020132204319366e+04, 2.614831254153210e+02, 2.804419809884650e+02, 5.198928331642192e+03, 5.652559860160108e+03, -7.863144035068044e+02, -8.886235510123264e+01, 5.938043868620423e+03, -5.086923299895053e+03, 1.074584924873351e+04, -8.844266600885068e+01, 3.633181258671315e+02, 3.467017146556475e+02, 2.057614647885818e+02, -1.135388144864835e+02, -2.436185783166762e+02, -4.163359985013129e+01, -1.474251817623945e+02, 1.149933847785529e+02, 5.881486239231456e+02, 6.333141683480425e+03, 6.152746127678220e+02, -8.066314968119785e+02, -5.804365428787191e+02, 2.769078929657963e+02, -1.139696807645893e+03, 1.486840964820811e+03, -5.318832414475296e+02, -1.407295745104222e+03, 8.160384239619343e+02, -2.065637178409620e+03, -2.113366030979166e+03, 7.275997066897299e+02, -9.092258122614509e+02, -5.880024139061644e+00, 1.301536925699410e+01, 2.204609787227507e+01, 6.643934123370249e+01, -4.256533519909743e+01, 9.377839503429243e+00, -9.287635729718511e+00, -3.660959926554103e+00, -8.890518160489052e+00, -1.380497107416627e+01, -5.567310477368450e+01, 8.212421819683132e+01, 1.342146360207164e+02, 1.713053185069500e+02, 1.346667331274330e+02, -1.805964809187974e+02, -6.537445758448899e+01, 2.573352258967238e+01, 9.892375451278392e+01, -1.551754183423249e+02, 7.141700819040190e+01, 3.103233656312113e+01, -9.976964741005423e+00, 4.879575321171727e+01, 4.264931051293801e+00, 7.725435467324271e-01, 4.171872632161608e+00, 3.592272970183300e+00, -1.830465901604745e+00, 2.307399341562486e+00, 1.616507958789941e+00, 6.146247347515995e-01, 1.189645537893012e+00, 9.830729161102502e-01, -1.192630133372820e+00, -4.391728211832813e+00, 5.746279242656191e-01, 4.281777038759923e+00, -4.211849167103963e+00, -3.311520953041719e+00, -4.139475555770082e+00, -5.192415541495095e-01, 3.515359149915842e+00, 1.189580093002252e+01, -6.399503843930922e-01, -4.936330855646779e-01, -1.991392835998677e+00, 5.164539139978078e-01, -5.666367122405672e+00, 2.697242206607447e+00, 5.264579998426782e-01, 1.933759318961971e+00, 1.707340210000119e+00, -1.598107906237345e+00, 3.349407217935378e-01, 4.308564280873485e-01, -1.852171976290736e-01, -1.870558865111211e-01, -4.213455795601097e-01, -1.516284984669848e+00, 1.945803071415287e+00, -1.416412969992006e+00, 1.244984728943478e+00, -2.606160953812878e-01, -9.434216323759349e-01, 1.658229949970105e-01, 8.670097319448791e-01, 4.768435439172938e-01, 1.586347426261077e+00, -1.090930681940860e+00, 1.042050141276234e+00, -4.796395169241741e-01, 6.100728275531869e+00, -4.517878982846003e+00, 3.012615595235592e-01, -1.377137578279826e+00, -7.883531276183463e-01, -4.684193293119464e-01, 7.668487604229862e-02, 6.224148804078895e-02, 5.305883691763941e-02, 6.973440443828646e-02, 9.999154856800984e-01, 2.176841573639763e-01, -9.135638899518319e-01, 4.864492157138850e-01, 2.418725523810493e-01, -1.454406021520278e+00, 3.090992320328153e-02, -2.834274093551700e-01, -6.453757977326741e-02, 2.229936800491819e+02, -4.123242921153532e+03, 3.671570159462271e+03, 3.299768695236081e+03, 1.573811691739533e+02, -1.657629230500785e+03, 6.430922371293155e+01, -3.625425852919146e+03, 1.143273332833395e+03, -9.250356620984114e+02, 8.477284339377341e+04, -7.703306233547986e+04, 2.427211854689301e+04, -4.679048876984412e+03, 1.799307195948079e+04, -8.847574866580204e+04, -5.065704344134268e+04, -4.397112232349158e+04, 5.158678182420887e+04, 3.765360188647878e+04, 2.708849433614453e+04, -4.166725354178765e+04, 2.606585995258921e+04, -3.730563863699981e+04, 7.476187117387816e+01, -1.091655669079006e+03, 2.510290172353452e+02, 8.466402198698449e+02, -1.183893184574115e+02, 8.417439760887960e+02, -7.609516247770069e+02, -4.271285013466336e+01, 3.310721561875804e+02, -3.491972500273878e+00, 4.966818489692070e+03, 3.663962657104469e+03, -5.289847373020252e+02, -2.493658110460634e+02, -1.512392699966247e+03, 1.598471722633606e+02, -1.453504178233944e+03, -8.921465964169988e+01, 3.890734843646564e+03, 2.894955944144736e+02, -2.196061403198425e+02, -8.477852527169402e+02, 1.583641751571314e+03, 1.296840249945204e+03, 1.815198160753301e+01, 6.995854573924055e+00, -6.333810776557819e+00, 2.531063593286415e+01, -5.675028181785580e+01, -2.053898212514801e+01, 2.056717548579346e+01, -1.041214394182165e+01, -1.447031351594677e+01, -4.185415540625631e+00, -1.747465889977754e+02, -3.954018993166511e+02, -9.760604223497047e+01, 2.831550893489097e+02, 3.292220236140950e+01, -3.696771981030020e+02, 9.382279757773738e+01, 4.350268434316457e+02, 2.104428484841091e+02, -2.494114127066205e+02, 3.825643915471139e+02, -8.060596723020271e+01, 8.320250949825184e+01, -1.038070917048087e+02, 9.193050513859136e-01, -6.513358902072585e+00, 3.844839762664018e+00, 7.983391230434218e+00, 2.312232260803633e+00, 2.127821253127407e+00, 1.749937989307331e+00, 2.352327522120728e+00, 1.612674473059622e+00, 8.171911704657507e-01, 4.408247629808822e+00, 7.957871488010822e+00, 9.326522852084191e+00, -1.466278447393619e+00, -1.499714904356997e+00, -2.558158650787366e+00, -1.006830712974019e+01, -1.374054618740687e+01, 3.894047199384488e+00, 1.416226867757068e+01, -2.089713592505104e+00, -3.347507176717905e+00, 1.863681976898243e+00, 1.023003865794190e+00, -2.627207473374503e+00, 1.229910410463485e+00, 5.426679667575309e+00, 2.342946760987545e+00, 1.828687940628998e+00, -1.385471523467744e-01, -4.529455884359961e-01, -1.095003410905898e-01, -2.516859387698587e-01, -1.977218000157983e-01, 7.624873564511514e-03, -4.895771764325561e+00, 1.112888398106675e+00, -1.417853827771245e+00, -3.681119625011464e-02, -3.499812891753396e+00, -5.210976192913412e+00, -2.597202984796250e-01, 1.253344126237784e+00, 1.985379879260091e+00, 1.006534386342764e-01, -2.096236501363614e-01, -3.321088462334249e-02, -4.316619963791287e-01, -9.158270285107084e-01, 6.155953901386743e-01, 3.919671558022038e+00, 8.561101883374134e-01, -5.395548356629815e-01, -1.596926464048552e+00, -1.387613993057480e-01, 1.018336863732488e-01, 1.847019704368933e-01, 1.519237157864758e-01, -6.628784551262224e-04, -2.491903717093811e+00, 4.337026288183757e-01, 6.150896051349466e-01, 1.012697720640333e+00, -3.376875886405728e+00, -3.436654070055287e-01, -1.921339462033733e+00, 1.465242247624500e-01, 1.255223924599931e+00, 4.351013087084229e+02, -8.974738190473368e+03, -7.376681304958398e+03, -4.656117886808304e+02, -4.063169432580557e+03, 5.660651801399249e+03, 8.375922362985092e+02, 2.085469528412504e+03, 3.738736631794247e+03, 1.579132742448856e+03, -1.103219799337983e+05, 1.788021367941128e+04, -1.680359437981129e+04, -3.585337939085891e+04, 1.676730008044529e+03, 4.914152287460740e+04, 1.771855505892371e+04, 8.155230089907286e+03, -4.743893278721273e+04, -2.817725697540758e+04, 4.555510297376225e+03, 2.261837884798558e+04, 9.829777836760755e+03, 1.435025467265018e+04, -1.007191783154207e+01, 1.144466621409357e+02, -4.740633018477689e+02, 3.048283992522936e+02, 3.300686291071571e+02, -1.381519778664805e+01, -2.339949921889420e+01, 2.169336098339977e+02, 2.081155028329809e+01, 2.303791716267686e+02, 6.505901941594882e+03, 7.131915578384256e+02, -4.860368206055363e+02, -9.513088058100485e+02, -1.926810206391023e+03, 1.744336072574367e+03, 6.478168833603128e+02, -2.856761238997883e+01, 1.917469210972708e+02, 5.337183764394100e+02, 4.887599351147959e+02, 1.361564495092472e+02, 1.857456205988696e+02, 8.225176745413484e+02, -5.826994319442171e+00, 1.413934204088674e+02, -7.177825512989318e+01, 3.308521406755837e+01, 2.040712421328684e+01, -1.696151895505914e+00, 9.906729610282635e+00, -1.430179660671566e+00, 9.851542394325064e+00, -7.044447323029484e+00, -2.742563119529325e+02, -8.336242240597232e+01, 3.919302603678337e+01, 1.336908897151903e+02, 3.473856114145635e+01, 8.972498048449543e+01, -3.170728152097816e+02, 4.310829011817042e+02, -2.966704359722662e+01, -9.923692526008008e+01, 1.664339742798436e+02, -1.368698359309410e+00, 1.542136256883147e+02, -9.766972707454120e+01, 2.545961225038857e-01, 8.504190622049697e+00, -1.053023053542110e+01, -6.197267661486212e-01, 1.478958198089444e+00, -3.629113781563210e+00, 1.250528733912015e+00, 8.690923848448738e-01, -1.147626254417285e+00, 2.227811207369677e-01, -5.394079015739766e+00, 1.441997818038184e+01, 7.736643716793107e+00, -1.208091148671828e+01, 4.692801053767310e+00, 1.336902381810603e+01, 1.670588888819331e+01, -1.030492267867225e+01, 4.788054784681456e+00, 4.290031029913933e+00, 5.818274223496849e-01, -5.255727562611795e+00, -1.145155726358380e+00, 1.108464205209210e+00, -1.838731467436720e+00, 2.320746967501099e+00, 1.509236990207581e+00, 1.299679095543398e+00, 5.109191291371314e-01, -2.045291008571978e+00, 1.578875743608291e-01, 5.551331468429165e-02, 2.843988575254863e-01, -5.349470279665566e-03, -6.041644130265654e-01, -1.543221369455628e+00, 8.160477063864526e-01, -3.632337078310849e-01, 1.726205989181061e+00, 3.594306701341157e+00, 1.954529405938212e+00, 7.548676418111165e-02, -2.123292401698299e-01, 4.760614874064540e-02, 1.826936649338761e-01, -1.473431034303756e+00, 3.826155259804021e-01, -6.437153500966740e-01, -7.468137026464068e-02, 5.321163477069298e-02, -9.725101445592138e-01, 8.183416697088371e-02, 1.863030600025394e+00, 9.917655202702964e-01, -4.346289155445499e-01, 9.206315774623297e-03, -2.578390203029738e-01, 8.470381830901780e-02, 7.758388678003798e-02, 8.442848264889471e-01, 1.351242380034687e-01, -1.141052946340066e+00, -9.597054174514499e-01, 3.523100405680799e+00, -1.220272073604119e+00, 7.109049111105814e-01, -1.137106532539687e+00, 1.025017903593815e+00, 8.028540414351145e-01, -3.723187975545557e+02, -1.547060096939975e+03, -7.625887602208130e+02, -7.636303562513195e+02, -1.940669439847417e+02, 2.028446828177411e+02, 1.281088075807671e+03, -1.023072346748413e+03, 1.331445783700816e+03, 1.208399327565231e+03, 8.103170027637231e+04, 3.372658611228778e+04, -2.372595137662132e+04, 2.090612526886709e+04, -1.997105943249095e+04, 1.772812389365159e+04, 1.408320472710442e+04, 1.329749551689535e+04, -1.307901476744128e+04, -1.141089081105721e+04, -1.358703162200687e+04, 1.360330035825193e+04, -1.342679829800210e+04, 1.275830073744755e+04, 6.506277254037494e+00, -2.228452355369637e+03, 1.163521752854344e+03, -8.776304654394435e+02, 3.620481748857302e+02, 3.473542580230260e+02, 4.086154211581193e+02, -3.341552884927177e+02, 3.583952772841671e+02, 3.659554704355299e+01, 4.737605717644284e+03, 3.010700426329164e+02, 7.410938934539112e+02, -1.218379657505865e+03, -9.284265193635596e+02, 2.685754389710430e+03, 1.080466177146893e+03, 5.868024201735249e+02, -2.323271165627480e+03, -5.738745880407237e+02, 1.194507684831095e+03, 1.145512198954389e+03, -4.634187581908977e+02, 3.255019521420510e+02, 1.033361056906719e+01, -1.444625348988662e+01, 2.700353969743903e+00, -3.381048442200809e+01, -1.769222783650903e+01, 2.278823330443739e+01, -8.727718606982618e+00, 2.840054308837546e+01, 5.756186212944994e+00, 6.509403289566691e+00, 1.180747270455340e+02, 1.944693450261469e+02, -2.219970881715466e+02, 9.788220388411872e+01, 9.513631512517223e+01, 1.488730805610528e+02, 1.057327349301145e+02, -1.770022775498086e+02, -3.018896442540555e+01, 4.500038204750404e+01, -1.447827257245582e+02, 9.002759593069537e+01, -4.825337370940703e+01, 1.547789522136802e+02, 1.892643019678629e+00, -1.358328457703774e+01, -6.180796917853901e+00, -6.541870048712307e+00, -1.937672378903438e+00, -3.189988585813555e+00, -2.251505819179031e-01, -2.070552410420019e+00, 9.933276733845121e-02, 2.149766727832415e-01, 5.134959276915970e+00, 5.798675145418430e+00, -1.075830501626803e+01, 3.901301204322846e+00, -2.900624334292737e+00, 1.622379814138307e+00, 9.155344564408614e+00, 1.057660641365257e+01, -3.438048537734838e+00, -6.068280088325213e+00, -3.401735121671697e+00, -5.367331943379144e-01, -1.799748218215354e+00, -2.919873544920665e+00, -6.859118239593320e-01, -1.667713187269368e+00, -1.891504863963447e+00, 3.388094659717300e-01, -1.773650337602466e-01, 8.625995916722057e-02, -7.320289290651617e-01, -1.188687483249053e-01, -3.531705807965292e-01, -1.620074830373390e-01, 7.870760153789246e-01, 2.270354266601903e+00, -8.136004414995333e-01, 7.374702564505226e-01, -1.798778920736758e-01, 4.186205765038336e+00, 2.587830881035452e+00, -2.048082439684170e-01, -1.316957438265529e-02, 5.453208682723000e-01, 1.691640825310976e+00, -1.266769358808897e-01, 6.745205099960279e-01, 1.429115103147729e-01, 1.990568410291508e+00, 1.622396571971378e-01, -1.331396001517322e+00, -1.590483558109522e+00, -7.026160236697601e-01, 6.699536076941477e-01, 5.515097471316781e-01, 2.494400201926793e-02, 1.856149057652917e-01, 9.537699220401277e-02, -1.945748640139252e-01, 1.167622744948044e+00, -9.345477370450445e-01, 3.255434539411488e-01, -3.341243228930770e-01, -1.055112987717660e+00, 1.850361912502255e+00, 1.214161307341236e+00, -3.897904344734114e-01, -6.477990517155768e-01, 2.857503281971169e-01, 4.001516571775099e-01, -5.506422335731817e+01, 4.208870437124571e+03, -1.488627897215107e+03, -8.094263299499541e+01, -2.279546078881438e+01, 6.717171156121262e+02, -4.404478016960073e+02, 1.198773320549405e+03, -8.759192109994004e+02, -8.356930769736778e+02, -4.342527342750442e+04, 6.157033955174555e+03, 3.834159651274597e+03, -1.672653998374493e+04, 5.803925466655219e+02, 1.276441082186226e+04, 1.335886267034763e+03, 1.782614750345905e+03, -6.611594193432816e+03, -4.393310732976250e+03, 8.697402350833485e+03, 5.108736640247959e+03, 6.331659885948854e+03, 6.506831166756942e+03, -1.898543238785425e+00, -2.197853452849663e+03, 1.127039670976458e+02, 7.789978866765097e+02, 1.692435096771858e+02, 5.546723169735202e+02, -5.266803191353896e+02, 1.029757596552475e+02, -1.787919924975797e-01, -4.548412651245583e+02, -2.140113828211300e+01, -2.263666111840127e+03, -4.643112390908594e+02, 1.813772475352311e+03, 1.594146287882163e+03, -1.763871158319218e+03, 7.271392156487040e+02, -6.281597167056052e+02, 1.521007339851102e+02, 1.036013602159992e+03, -1.638906655860828e+03, -1.179331312848579e+03, -7.430321259192026e+02, -1.789483966302656e+03, 1.634765083093604e+00, -1.690544948594090e+01, -3.427114587117569e+01, 7.755725172184316e+01, -2.356358297332540e+01, 2.966421023005285e+00, 8.912225240219865e+00, 2.005862118900389e+00, -5.587626337020346e+00, 9.381548489746857e+00, 9.272132482203560e+01, 8.127543311259780e+01, 4.820112324069038e+01, 2.637546453984081e+01, 6.370699017493693e+00, -2.108053578489025e+02, -1.287672352821623e+02, 2.831369471217476e+02, 1.988363048379146e+01, 4.104990697266975e+01, 9.520599310879908e+01, -1.746539031468923e+01, -1.186514186377592e+01, -1.387371702704982e+01, 1.238479672036075e+00, 2.323056564026670e+00, -3.914128952603828e+00, -5.196827887608718e+00, 3.653416968783255e-01, 5.563499534492951e-01, -4.761426463259125e-01, 3.652544476943074e-01, 1.102525281900187e+00, -4.843174319329143e-01, -2.331523292897836e+00, 8.510504136951139e+00, -1.077967404109314e+00, 2.013268234822776e+00, -8.331436108995456e-01, 1.076988011468205e+01, 7.313365402292922e+00, -2.679982809396274e+00, 6.369361464682937e-01, 8.601943896495026e-01, -1.566865213504564e+00, 1.708895382608804e-01, -4.881286572283767e-01, 8.843461362673700e-01, 6.841276038297803e-02, 9.364419941256494e-01, 1.618685557885035e+00, -4.837506493853517e-01, -7.352064306901618e-01, -2.069552026931029e-01, 4.619861996487079e-02, -2.958803489405852e-02, -7.038177122423542e-02, 2.791678644348247e-01, -2.653251700978611e-01, -1.991078450793107e+00, -3.434122722980080e-01, 4.146114971640165e-03, 3.378926932684654e-01, 8.029812556087871e-01, 2.132926938347361e+00, 2.397533764165701e+00, -1.452565886082903e-01, -1.020896055045020e+00, -4.549894973944754e-01, 2.028134255017900e-01, -1.850514399504878e-01, 1.683814908156669e-01, -2.002343764533990e+00, 4.029416561943893e-01, 2.442427952108861e+00, -3.738221611920527e-01, 1.655655062455155e+00, -1.061034957650551e+00, -2.697200907503233e-01, -1.266615594206738e-01, -1.466193886997348e-01, -1.901445289624038e-01, 2.951452032513020e-02, -1.266951621498700e+00, -8.555861283937750e-02, -5.429579450405695e-01, 3.646983674066321e-01, -6.930714853789338e-01, -3.840913457156541e-01, -1.514140156776898e+00, 4.706810653941839e-01, -3.993296500034536e-01, 4.007713068343917e-01, 2.384012799287606e-01, 2.940182394966593e-01, 2.115971007749632e+02, 7.221975568796334e+03, 3.729570011748629e+03, -1.765219469879802e+02, 2.100057438168080e+03, -2.352782075430337e+03, -2.878338487779349e+02, -9.785737320645457e+02, -1.880860660939297e+03, -7.085040841429134e+01, -1.709819254270783e+04, 2.081879308552595e+04, 5.863891180880042e+03, -3.273052840675903e+03, -1.062098077638739e+04, 1.631758026172476e+04, 5.793105912204197e+03, 1.130959877104950e+04, 2.400823526755482e+03, -4.073789888666676e+03, 2.029040002630541e+03, 1.064958972633608e+04, -4.949866535635111e+03, 1.593031860349443e+04, -5.794298653579689e-01, 3.158055299921009e+01, 1.930045172760588e+02, 5.525602598614727e+02, -3.949989630058061e+02, -4.269041362547397e+02, 6.425436819979129e+00, -1.649068949281224e+02, 2.204951226824770e+02, 8.651596866646943e+01, 2.198244412893262e+03, 3.465316346309297e+02, 2.802988863287505e+03, 2.115615936429095e+01, 6.509170253716421e+02, 1.075391290001003e+03, 6.281584272229430e+02, 1.064931576645294e+01, 3.753849298850490e+02, 9.422163743882996e+02, 1.458164314068260e+03, -5.865824587473213e+02, -6.874946273226270e+02, -1.749905967968122e+03, 2.912802504334377e+00, 1.303131473209818e+01, 1.778161207260383e+01, -1.639025949570935e+01, 1.465402380074331e+00, 1.818505575341242e+01, 9.449641576845415e-01, 2.478940889756978e-01, -6.515140753839869e+00, -5.324630934109059e+00, -3.887148160113759e+01, -1.334234638438899e+02, -4.303491853860769e+01, 7.188810364131022e+00, -2.414822482310891e+01, -5.937585842561526e+01, -2.965605342307046e+01, 1.705707847348443e+01, 1.416605439749106e+01, 5.046924619518120e+00, 2.872618967711821e-01, -8.566025890985935e+00, 4.027646534727155e+01, 1.743099273946969e+01, 1.035185305561283e+00, 1.524130414533273e-01, 1.205693411967022e+00, 7.300616235291031e-01, 1.165916669163014e+00, -4.584644464559502e-01, 9.635198205414799e-01, 4.663438795889644e-01, 7.245749798048661e-01, 4.989938709382927e-01, 1.583465155677836e-01, -7.360428398553842e-01, 7.782727940881378e-01, -1.435867924000200e+00, -1.748643976159665e-01, 1.545265895755141e+00, -8.134783583364812e-01, -2.758235501490780e+00, -1.069138939009124e+00, -6.981266322127123e-01, 1.670184686182803e+00, -4.124076449512216e-01, 5.227208752713917e-02, -6.679802551337266e-01, -1.133123596314474e+00, 8.627472714191264e-02, 6.796398623042290e-01, 1.087183244022204e-01, 3.107143747333935e-02, -1.120835970611921e-01, -1.126430757648758e-01, -1.362961054752527e-01, -2.188795819338535e-01, -1.148337812896387e-01, -3.571244641061274e-02, -7.442085245235142e-01, 2.775531887498084e-02, -1.916246061017492e-02, 1.310177350509178e-01, 1.378351488095976e-02, -1.532505778304551e+00, -5.711279060424695e-01, -5.760700276943245e-02, 7.156241737589114e-02, -6.771094181402233e-02, 1.493322984695723e-01, 2.865941774067247e-01, 8.321894822480240e-02, -3.988918973438192e-01, 5.244979044041924e-01, 8.546228440724470e-02, -4.612100999082703e-01, -5.380653029012619e-01, -8.758539266292616e-02, -9.769214781193934e-02, -4.117422946988902e-02, 3.115902208467978e-02, -3.127135411533704e-02, -9.795177135273317e-02, -1.839565765940686e-01, -4.618804798560083e-01, 5.012333212241215e-01, -6.310806042632620e-02, 1.412821543028924e-01, 9.252072739358156e-01, 4.741704187047007e-01, -2.543927444031222e-01, -8.850956350096784e-02, -2.456825848103067e-01, 1.976203445823539e-01, -3.265876472697610e-01, 2.164108564036595e-02, -8.145928880714727e-01, 1.267070372668547e+02, 4.727651133559407e+01, 2.051099787360686e+01, 5.021747416393081e+01, -2.777486025926559e+01, -1.714627360612561e+01, -2.646902515752735e+01, -2.926733998157248e+01, -1.656571476382853e+01, 2.869328942626818e+02, 6.707584659087715e+01, -1.656958935178149e+02, 1.400371901444398e+02, -1.059521997365633e+02, 2.763802236123972e+01, 6.093753407027114e+01, 4.910756908438361e+01, -1.170295113620482e+02, -9.360348442459204e+01, -1.151477149041196e+02, 8.441520498578245e+01, -9.396097033018647e+01, 6.691114212444511e+01, -7.859102935425383e-01, 1.473039964324124e+01, 7.324112714518519e-01, -1.347195108085689e+01, 6.515130087938795e+00, -1.548376865896766e+00, 5.392308725098418e+00, -1.121694476495362e+00, 5.740474854706968e-01, -7.467637751048285e-01, -1.258796216439247e+01, 1.864583848082608e+01, 1.096072291063129e+01, -1.175008438428549e+00, -9.415804408663170e+00, 2.850016290605625e+01, 1.105514616517797e+01, 1.546884616952286e+01, -1.346781209543053e+01, -1.329303545901047e+01, -3.875998780183543e+00, 1.042942285566656e+01, -6.414199669097720e+00, 2.018371651831943e+01, -5.364105261511654e-01, 1.004211822545228e+00, -2.539397884847587e+00, -1.998127826975884e+00, 2.251216092202895e+00, 2.408551374977846e-01, 1.411275531585955e-01, -1.457241660570126e-01, 5.474308420699972e-02, 5.680029566948703e-01, -2.344556258767183e+00, 4.309938386620744e-02, -2.910468174038503e+00, -9.621140272945805e-01, 2.722833894654883e-01, -1.161948205743362e+01, -9.375601957919061e+00, -3.234894977458730e+00, -3.374389895819374e+00, -4.137330426807322e+00, 4.237945982294789e+00, -7.292100608181171e-01, 2.479031763340127e+00, 6.627743044639643e-01, -1.630974848493143e-01, -2.818247603664705e-01, -1.258527807442959e+00, -4.788145949285768e-01, -1.924681585562210e-01, 3.575575339874392e-01, 4.185225278063691e-01, 2.025087338908035e-01, 2.623652250614311e-01, 1.898599334456735e-01, -1.856047874027941e-01, -1.943932142313924e-01, 3.745072532430005e-01, -2.644157119622899e-01, 4.258527405174116e-01, 3.210763091625593e+00, 9.429138506222712e-01, 2.789176700503306e+00, 2.352039202428855e+00, -1.964678922712106e+00, 1.424496755953218e+00, -1.197107466561746e-01, -2.945852408785751e-01, 4.048496042768912e-02, -3.062372930533318e-02, 2.300805437446201e-03, -3.016109585335567e-02, -2.714943253477380e-01, 1.048265759520068e-01, 1.308750681374340e-01, 1.866696113769476e-01, -8.498867896763738e-03, -4.902175790835817e-02, -6.519131604625326e-03, -4.632509583908822e-03, -8.868824359676198e-01, 4.357786114401930e-01, 1.375941896419837e-01, -3.331074416109453e-02, 1.540455101302115e-01, 3.357645493278018e+00, -2.594515064345283e+00, -1.000620561549787e+00, -6.147728743295581e-01, -2.463956207820340e+00, -1.502760785853120e-01, -6.363906018020741e-01, -5.297576699980428e-03, 1.148203662756243e-02, 7.839936674391998e-03, -1.422990621948284e+00, 9.666257993444425e-01, 2.094427531790266e-01, -1.717535981887865e-01, -2.256926440677355e-01, 6.098121656068134e-03, -6.201027960261118e-02, -1.706292674105865e-02, -3.739262558732196e-03, 4.999234721089481e-02, -4.596083443545190e-01, 3.277910001784840e-03, -3.093995575353348e-01, -4.512318767652972e+00, -2.094897493735102e+00, 5.403554243003915e+00, 2.678412325383031e-01, -1.950396772038690e-01, 2.961850005039511e+00, -5.915990723910091e-01, -3.846596665832663e-01, -4.588307412168885e-01, 1.720805387165385e-02, 1.897513191891943e+00, 2.188049821205140e+02, 4.634744084043353e+01, 1.915415762271533e+01, 6.789321620412538e+01, -3.941494331902430e+01, -1.663329324980003e+01, -3.078011307781076e+01, -4.361972479453948e+01, -2.058143994620036e+01, 2.946115136359722e+02, 6.491873781779167e+00, -2.037028762228532e+02, 1.521758905066911e+02, -8.707812501310308e+01, -1.832237945625542e+01, 4.373833712471694e+01, 1.560626562064902e+01, -1.526044134583487e+02, -1.018552227738100e+02, -1.264066482735785e+02, 6.601152550283506e+01, -8.555302275997234e+01, 3.072527716383784e+01, 1.040054632867165e+00, 2.644070019964785e+01, -8.184515755308714e+00, -1.985782896035604e+01, 3.556655666794641e+00, -4.389108330088829e+00, 8.955327459707080e+00, 2.393117073398353e+00, 5.587507332239651e-02, 1.458479438698780e-01, -1.523136157758170e+01, 9.667703619031112e+00, 1.747696109872313e+01, -4.564095728225845e+00, -1.146635554973545e+01, 2.283509774966572e+01, 2.719893612002051e+00, 1.279529239088223e+01, 8.953708445587070e+00, -6.185584625872395e+00, 1.200939727478257e+00, 1.251195972877290e+01, -9.030042719421647e+00, 2.163741935355102e+01, 3.525700779347596e-02, 1.117144661348673e+00, 2.170706742987552e+00, -8.840540440172256e-01, 8.568361471975461e-01, -1.433878724277462e+00, -7.374709709737667e-01, -2.503814773697392e-01, -4.746220946890194e-01, -2.684241123940150e-02, -8.955509718479893e-01, 4.613742823194988e-02, 1.763553022348222e+00, -2.468211038992215e+00, -9.010802709970818e-01, 2.744804889987822e+00, 1.449316789026487e-01, 4.531428310473345e+00, 4.194747996494498e+00, 1.916361734250792e+00, 2.379298850989940e-01, 1.681463427147684e+00, -1.370247349515524e+00, 1.419236553309393e+00, -1.852694190137530e-02, -8.686016496559443e-02, 1.606409758752301e-01, -6.382980599805145e-01, -1.638065664224591e-01, -8.538641385136092e-02, -1.461650890167458e-01, 5.020246051413226e-02, 7.167257463365649e-02, 1.193776993773081e-02, -3.192683543883876e-02, 1.736511506308070e+00, -5.910928500834903e-01, 5.685780128042719e-03, 2.885174694001372e-03, -2.753282923977425e+00, -1.007129505858243e+00, 8.684182050238352e-02, -2.910895708562629e+00, 2.115882491257097e+00, 5.155130800346356e-01, 1.210400508690094e-01, 5.094972750698810e-02, 1.480947788833343e-01, -1.523597785196423e-03, -8.508458117851925e-04, 1.457741663139968e-01, -2.378218174510530e-01, 4.259874186023473e-02, 1.313430030464421e-02, -1.020046152505670e-01, -1.714297216467297e-02, -5.262755758952958e-02, -1.829411199541360e-02, -7.561128686498541e-03, -3.779578270393007e-02, 5.118629379809400e-02, 8.421453609441470e-02, -5.294268241325342e-02, -1.215340034905867e+00, -1.572295346241150e+00, 3.284914061085940e-01, 9.342127287850345e-01, 2.965082316676997e-01, -5.421584051041543e-02, 2.662793828754560e-01, 8.136027654110438e-02, 1.070332444753735e-02, 1.687931022798543e-02, 2.994731253122335e-04, 1.440761003327091e-01, -5.662668731946674e-01, 1.322602713260169e-01, -1.408847134297427e-03, 2.214246125893250e-02, -2.633121805882222e-02, -5.278053110666584e-02, -5.332665125932174e-03, -6.852856436581008e-03, -5.156110659585825e-02, 6.595170747313397e-01, -8.546007519960734e-02, -4.440846059070318e-02, 1.014871537850143e+00, 1.661768001510041e+00, -3.844221962618289e+00, -9.728455891543552e-01, 8.045202534125016e-01, -2.878572252632354e+00, -8.530812594146174e-01, 9.357060118802023e-01, -2.263024527887378e-02, 2.103891024691467e-02, 6.244639157219226e-03, 1.618658413944384e+02, 2.088172381492956e+03, -8.076121400200020e+02, 1.373003167839766e+02, 5.378290619479553e+02, -1.962450052895131e+02, -2.937761968615328e+02, 4.183725539233868e+02, -1.135025036795522e+02, -6.559778390294882e+02, 2.243121989440441e+04, -3.181926117240545e+03, -1.477317239140804e+03, 4.138496080082597e+03, -1.142737397350596e+03, -7.004801315189932e+03, -2.812425920578670e+03, -2.380360778757255e+03, 2.950844964303122e+03, 2.074461849127812e+03, 1.507896529585988e+01, -2.159388501334827e+03, -1.727475810543529e+02, -2.149917820541817e+03, 2.452722632596175e+01, -8.172671780154477e+00, -1.203868240776249e+02, 1.514729687556263e+02, 2.225077957411756e+02, -3.116427318907539e+01, -1.167824970910683e+01, 1.008313668287220e+01, -9.255708370001194e+01, -4.417268992469322e+01, -1.330421001309121e+03, -6.336877495330748e+02, 3.328639694508796e+02, -7.344067162325775e+02, 1.064859349512159e+02, -3.336743682619941e+02, -1.204641793314242e+02, -3.063709395973134e+01, -8.754101778936113e+02, -4.319985736281650e+02, 5.331035883986141e+02, 3.016488222190053e+02, 1.914372581912930e+02, 3.439142319564399e+02, 5.494121554209809e-02, 1.285187785273604e+01, -5.995076810804521e+01, 6.942767765606962e+01, 4.049414263689118e+01, 1.333266821289944e+01, 5.063925325954063e+01, -8.503579570704661e+00, -1.818720977931286e+01, -2.648369836949983e+01, 1.015605204801654e+02, 2.566695358225817e+02, 1.375159111410484e+02, -4.288831047541250e+00, 9.908428703979469e+01, 1.462575487373967e+02, -1.431838407381178e+02, -1.648758628860718e+02, -1.271819994126562e+01, 7.688776091881059e+01, 5.275129695392187e+01, -9.877407670022965e+00, 1.029824831159267e+02, 4.069808418842853e+01, -2.211066242898782e+00, 1.219827737217303e+00, 9.667521543331647e+00, 1.099866860538718e+01, 5.296186911120093e+00, 2.258217728584726e+00, -4.445296803753608e+00, 4.393288432262800e-01, 1.735000950666946e+00, 1.775041243979708e+00, 4.348517691332238e-01, -4.576276155081921e+00, 1.651240357172967e+01, -7.833905687539628e+00, 1.862298897730163e+00, -1.890378595781037e+01, -2.459140640334900e+01, 5.382242897802343e+00, 5.950200421921052e+00, 1.075768578996641e+01, 9.592593874465244e+00, 6.619465184945003e+00, 2.386392977716459e+00, 3.811216800737316e+00, -4.207197335534086e-01, -1.052432955712335e+00, 1.597504464216347e+00, -2.826119464339378e+00, 3.600072554315182e-01, 8.910691795813973e-01, 1.780483854196768e-01, -6.410899314904611e-01, -1.003328458854901e+00, -3.442830488591803e-01, -1.331294155071585e-01, -2.742639843139793e+00, -2.510472119611792e+00, -2.116178282927166e-02, -1.484716531118020e+00, -7.995361037154111e+00, -9.793934295513756e+00, -2.142215086944967e+00, 1.351134451838030e+00, -8.628278117339677e-01, 5.002101933413252e-01, -4.271421658980675e-01, 7.204724699530674e-01, -2.152769650757401e-01, -8.709638379558399e-02, 1.312320746771322e-01, -4.400490097593951e+00, -3.916546613705332e+00, -2.992252905696269e+00, 8.364000679920980e-01, -6.115761912971355e-01, 4.622373379572488e-01, 2.881277315320130e-01, 3.931833311130697e-01, -8.171942861187437e-03, 2.197898709151727e+00, -4.269898073492486e+00, 2.169080835110799e+00, -6.764592944042250e-01, 1.312344993919309e+00, -5.231995898467539e+00, -1.005574496727758e+00, -6.513247047475215e-02, -3.397425902943169e+00, -3.887793298789787e-01, 2.333018173738746e+00, -2.465636011272586e-01, 5.776031317841970e-01, -1.244157853481794e-01, -2.349124201842260e-01, -7.642550859229668e-01, 1.583475230643647e+00, -7.759757126410633e+02, -1.202400318845934e+03, -4.943738361267970e+02, -4.566264423593323e+02, 4.936627732029494e+02, 2.783935947042211e+02, 4.519600437699520e+02, 2.315844565482477e+02, 3.286855372777995e+02, -2.806974119703447e+04, -1.423665700002401e+04, 8.297046559344744e+03, -9.112834205526835e+03, 6.181938348001559e+03, -8.761815857570171e+03, -6.908395868930720e+03, -5.964568720266367e+03, 5.616025740013391e+03, 4.102954751743268e+03, 6.730999758069787e+03, -4.176044824289380e+03, 5.882519166845941e+03, -4.094821261313869e+03, 1.266269685454541e+01, 3.334764799972994e+02, -5.896911148267986e+01, 2.077947680996976e+01, 7.240864212084179e+01, 6.202872519049200e+01, -3.157307273738336e+01, -5.250269106384731e+01, -1.064313357943503e+02, -2.088146680601441e-02, 7.971664088782309e+01, -3.537628400649690e+02, -2.113114482441023e+02, 5.904907830913777e+01, 1.882079237705836e+02, -2.068306613885639e+02, 1.423721565599209e+02, -2.401398189376177e+02, -1.129886361369571e+03, -2.841689170515064e+02, 1.055147746507701e+02, -1.200594993132758e+02, 6.356937724457730e+01, -2.011645097498602e+02, 7.519322303995694e-01, -1.206042302560202e+01, -3.916843573846532e+01, 2.029832125485748e+01, 4.650818763784308e-01, -1.332005484951018e+01, 2.541741605462770e+00, -4.651006119397590e+00, 1.189461295981970e+01, 1.853928831758090e+00, 1.144217080046227e+01, 8.348764127354481e+01, 8.366958777015442e+01, -5.568817887220776e+01, -2.070935860373718e+00, 7.749097175074741e+01, 1.185059724112501e+01, 1.415668486400235e+01, 8.133708468201596e+01, 1.368924324669700e+02, -1.053654256336474e+02, 3.712439007724678e+01, 3.646098368193961e+00, -2.213228295390612e+01, -1.314587369949699e+00, -5.246416850383143e-01, 1.857386844276355e+00, 5.677662251990105e+00, 3.897155704221460e+00, -6.744303464288061e-01, -1.200758120902431e+00, -1.093139815516303e+00, -5.996875282696680e-01, 5.353173564450083e-01, -1.950016184516078e+00, -1.335337076283414e+00, 4.715610163888803e+00, 3.128155899631388e+00, 1.563399691297967e-01, -5.246097237634956e+00, -2.375293826882120e+01, 3.362966000350061e+00, 2.116325464128871e+00, 1.752272947701412e+00, 1.580947275838191e+01, -5.107909535547440e+00, 8.442395749583710e+00, -6.066032858183559e-01, 2.820020643299201e-01, 2.366051685987711e-01, 3.590591964512751e+00, 3.320984935826572e+00, -7.175125729418075e-05, 1.092659567816585e+00, 2.421239792818458e-01, -1.348049598534229e-01, -8.584462569867826e-01, -4.530090379856745e-01, -1.720147781938256e-01, 2.609138395008499e-01, 2.145871389721368e+00, -1.752325798071424e+00, -2.196245660111310e-01, -7.222349611752235e+00, -1.059173289699429e+01, -2.809128694198495e+00, 1.893813615202992e+00, 5.921055141834208e+00, 3.463529455637347e+00, -1.084777308593320e+00, 4.356558456601514e-01, 3.679577109341239e-02, 6.698943817911089e-01, -1.188541815983793e-01, -1.235433058907914e+00, 7.258862283406081e-01, -1.984761116182855e-01, 1.628241437120099e+00, 7.551786125476743e-02, 3.154828206854176e-01, 4.865586418473074e-01, 5.878779772259530e-01, -1.240201309778556e-01, 3.349419073163888e-01, 8.213789451834467e-01, 1.031869124088135e+00, -8.674431998810559e-01, -4.851987079552467e+00, -1.503726361966083e+00, -9.642499301367569e-02, 1.357107972240993e+00, -2.185950292858502e+00, 2.091707052860813e+00, 1.124509222592213e+00, 2.114025531801626e+00, -1.354013648065867e+00, 3.893571133199727e-02, -1.506079285128932e-01, -1.984928705244354e+00, -1.464723127607197e-01, 1.009502374121269e+00, 2.411972914505687e+02, -2.676775310538323e+02, -1.818535372854638e+02, 5.209688533418977e+01, 1.623210416758022e+02, 1.997049492975890e+01, 6.563077922607408e+01, 1.220081441005739e+02, 6.738672238358609e+00, 5.485395551800952e+03, 1.231415455759375e+03, -1.158633919952349e+03, 2.116975666343571e+03, -1.009584029994917e+03, 1.100282354442227e+02, 6.791974501451982e+02, 6.720632670917329e+02, -2.271582035072474e+02, -2.917343346231591e+02, -1.296464988188205e+03, 3.678665372650437e+02, -1.221126443427733e+03, 4.057265092072142e+02, 4.167816753892455e-01, -4.137378728284613e+01, 2.539228047375338e+01, -3.463343885487991e+01, 7.856828731326831e+01, 6.175803170623335e+01, -3.987469060537409e+01, 1.789281699316182e+01, 1.573858497659750e+00, -1.179945907480389e+01, 7.434434570306049e+02, 8.203488748482604e+01, 2.317720996850225e+01, 1.676435643742392e+02, -2.438922075247634e+01, -3.633490645079250e+02, -1.525156894920291e+02, -1.074894583006054e+02, 1.537760464967718e+02, 2.073230501716305e+02, 1.331026166973840e+01, -2.730531833568559e+02, 7.745724216326728e+01, -1.426518041131660e+02, -2.632296014911893e-01, 5.737023165226554e+00, -1.975179617326502e+01, -4.363880105482846e+00, 3.658423802910350e-01, 1.997607668752099e+00, -2.001057681665298e+00, 3.891669199292354e+00, 3.507897891250557e+00, 8.260331526167466e-02, 1.436141031334325e+01, 6.526088606967133e+01, -2.123594185194685e+01, -2.108151505556928e+01, 1.488335089922108e+01, 3.064793485511642e+01, 2.158071524096931e+01, -1.393456577735219e+01, -3.175406913969589e+01, 2.606510288471855e+01, -2.487208787367558e+01, -6.716249616091207e+00, -9.108015409642961e+00, 1.932856418665812e+01, -1.798513001833022e-01, -7.267423330171036e-01, -3.011113933889855e+00, 1.987791526376389e+00, 8.997075316999928e-02, 4.781770970177917e-03, 1.006335129521396e-01, 3.404533126652682e-01, -3.157001349623567e-02, 5.115479283222183e-01, -1.515471462905324e+00, 6.118937602879943e+00, 1.539624079033013e+00, 4.507689432632125e+00, -1.855460656289507e+00, 6.733958947949680e+00, 1.864473305067769e+00, 2.657734273651705e-01, 1.042196655119768e+00, -1.941853499303472e-01, 2.222096555908799e+00, 2.875831691897374e-01, 3.682232552684157e+00, 5.857629403941355e-01, 2.400825440092898e-01, -6.203845720397219e-01, -1.221997551760743e+00, -4.717850110376551e+00, -7.079099576029330e-02, 5.740972902419463e-01, -3.117565756757949e-01, -2.762048485086026e-01, -6.291364839047355e-01, -3.673174820276690e-01, -6.225327341955891e-03, 1.358337144516209e+00, -4.790633612856596e+00, -2.293530896338491e-01, -1.938894176093245e-01, -1.705742668307123e+00, -1.896274141285074e+00, -2.564177367643365e+00, -6.964051265384816e-01, 1.495478902030810e+00, 2.190579646993663e+00, 3.107789505555708e-01, 8.508819937709288e-01, -8.945375726385199e-01, -3.604994821187313e-02, -2.164387063102134e-01, 4.973962610507923e+00, -2.754047795871336e+00, -7.130179550387620e-01, 6.194427610004191e-01, -3.764367298717656e-01, -1.886855517820226e-01, 1.201215837929797e-01, -1.984514995430127e-01, 3.068854177207119e-02, -4.014295729319342e+00, -1.361737623633267e+00, 8.199559897660453e-01, 9.406100066641891e-02, -4.871481046831792e+00, 7.781292424731400e+00, 7.634210501312415e-02, -1.800493068195827e+00, -3.034598254112395e+00, -5.519605338308434e-01, 2.106623644857697e-01, 1.620589011917528e+00, 4.185794266988916e-01, -3.076151535164798e-01, -6.525492106245301e-02, 1.136165491725801e+00, -1.634683910969487e-01, -5.122786692788908e-01, 1.749567469429837e+01, 4.109406395224631e+02, 3.097761370408221e+01, 1.707726386256493e+02, 1.009958820590984e+02, -2.624726936127807e+02, 3.783529728266027e+01, -1.521125953755335e+02, -1.038474251763509e+01, -1.240401494220881e+02, 6.568560714234148e+03, 5.245702428599760e+03, -3.787596136664383e+03, 2.597843073665784e+03, -2.989200931634639e+03, 4.527286054767842e+03, 3.333705907487310e+03, 2.885090523917529e+03, -3.928771170281396e+03, -2.855449141069086e+03, -2.799172361411427e+03, 3.058272208186424e+03, -2.586604917845841e+03, 3.022828189009721e+03, 5.423223011911911e-01, -1.064561122232625e+02, 3.480479957426341e+01, 6.283347971516950e+01, -3.458967942860311e+01, -6.993205830691646e+01, 5.742593854241025e+00, -8.272438679700985e+00, -6.128184511978050e+00, -3.350936083652741e+00, 3.351090463174949e+01, -2.778294225347811e+02, -9.354466642183891e+01, -9.749334144466864e+01, -6.996436442120167e+01, -2.384097831413432e+02, -1.011711826223125e+02, -9.812155456239088e+01, -1.760549588213746e+02, -6.423764019359464e+01, 3.003189079379932e+01, 1.651121462470165e+01, 3.254974999401617e+01, 1.218920233494012e+02, -5.027849503767274e-01, -1.607363610515213e+01, 1.720387971038799e+01, 2.656751931959132e+01, -1.076766473549270e+01, -1.077996198503640e+00, 1.047065460232276e+00, -6.169261911430610e+00, -8.555208063044373e-01, 2.572588010445513e+00, 3.018822219821475e+01, 1.329194229686668e+01, -1.213434381843759e-01, 8.985015525100653e-03, -1.370031340090396e+01, 1.204214478384391e+01, 6.014539142236401e+00, -3.653397135078541e+01, 7.642332667000225e+01, -2.936998137892713e+01, 4.957895574760506e+01, -1.193908055309716e+01, -1.779560745954467e+01, -1.546178229862262e+01, -2.761805769458577e-01, -6.284073517667761e-01, -9.113701396182888e-01, -2.728204662621781e+00, -1.801121507856280e+00, 2.027349024071534e-01, -8.316538419786581e-01, -4.189140146273172e-02, -3.062786394772878e-01, -5.211593218023532e-01, 7.669448102414068e-01, -6.591813428759775e+00, -1.903270322111155e+00, 1.920150753176982e+00, 3.606966148364495e-01, -6.248909477817524e+00, 2.991090978638336e+00, 5.314400503636548e+00, 7.130681988683067e-01, 4.092997976544721e+00, -1.321326440727990e-01, -9.514046901859626e-01, 2.464187715438510e+00, 2.203536707757142e-01, -1.725925622884479e-01, -1.550173277095332e-01, 3.577319100728992e+00, -8.558784779991313e-01, -2.141533606958013e-01, 5.041352539256515e-01, -3.002811230955441e-02, -4.539221210234280e-02, 7.614641035301686e-02, 8.417564875717953e-02, 7.391585820930609e-02, -2.891807996196602e+00, -4.432416624209183e-01, 2.945358309606503e-01, -8.246897796802072e-02, -3.150415922916522e+00, -5.587140904847875e-01, -1.767729863675672e+00, 7.151275218862000e-01, -1.708994582270923e+00, -3.222138703412468e+00, 7.641588392482953e-01, -1.664485415299146e+00, 7.999367304026671e-02, 2.059881204311069e-02, 7.894950080339247e-03, -4.496480938029569e+00, -9.171795377152323e-01, 2.985464819544512e-01, -1.776358246553701e-01, 2.749225802055531e-01, 7.367306984460707e-02, 2.052183505530251e-02, -9.936725698235134e-02, 2.513563856637834e-02, 2.872777915039173e+00, -9.402935708551623e-02, -5.530851132804976e-01, 1.243716724114926e-01, 3.734154451410725e+00, 2.740506551166850e+00, -3.123032501179206e-01, 3.142521281937573e-01, -1.843600270830456e-01, -2.002842681494767e+00, 2.339453112517076e-01, -1.269629202384942e+00, 3.846523981818532e-01, -8.775479486452525e-02, -3.333939820739940e-02, 1.359924341015262e+00, -1.344757029722685e-01, 1.059549472141258e+00, 2.995364056187191e-01, 2.242658660153824e+01, -6.037274860626842e+01, 4.811561001344263e+01, 1.590719581857271e+02, 2.175605317033973e+01, 2.209576821893316e+01, -9.868891892674270e+01, -3.419950328211068e+01, -2.738744500746703e+01, -2.057499918663983e+01, 5.497217891913444e+03, 2.776072223299682e+03, -2.164000857109495e+03, 2.064265863039215e+03, -1.339999001699135e+03, 1.980399768526218e+03, 1.705193785490357e+03, 1.361064802306130e+03, -1.810222618952952e+03, -1.193912109755943e+03, -1.730674502772766e+03, 1.165992820702534e+03, -1.465005895654223e+03, 9.870792491745442e+02, 2.152886452946031e+00, 1.293586915442809e+02, 2.044547071581501e+01, -3.117571042090731e+01, 1.870824192231044e+01, -1.237522368986544e+01, -2.918546714178458e+01, -2.019152512158851e+00, -9.996932381887396e+00, 4.316533662033800e+00, -4.771157227943788e+02, -3.996506357349426e+02, -1.289386742856087e+02, -2.282375523554659e+02, 2.243356637842184e+02, 1.552155375391625e+02, 2.415042170359125e+00, -1.162174785590779e+02, -2.535508588459801e+02, -1.198778673118767e+02, 1.724704588166402e+01, 1.138560989756072e+02, 1.634614669717767e+02, -1.318081506065331e+02, 6.237075759044567e-02, -9.877778879565199e+00, -3.330726657032880e-01, 7.271966943473549e+00, -5.199277088071718e+00, -9.205019405180654e+00, 7.299601546710577e+00, -5.244404510642983e-01, -3.200904182472460e+00, -2.158135065061713e+00, 1.916981419367466e+01, 7.623650175906488e+01, -1.217061488182250e+01, 5.905801262297872e-01, 4.126015733964604e+01, -1.726167297765889e+01, -8.177361689087547e+00, -3.809494264951751e+01, 2.748835824473563e+01, -4.356540278176275e+00, 8.854734503275099e+00, -3.062691604070854e+00, -1.895233954645622e+01, -3.382416053832322e+00, 1.074887851438725e-01, 3.148228769491758e-01, -9.437088550911101e-01, 6.962490775668333e-01, 9.454006733165338e-02, -1.699001756898402e-02, -2.580879671810635e-01, 2.019081937329664e-01, 5.684940562057980e-01, -6.974317992580396e-02, -1.903262162963623e-01, -7.965274962429264e-01, 3.098485699702865e-01, 4.026237252860906e-01, -1.542292313371457e-01, -2.843813311994575e+00, -1.771823637793732e+00, -6.889264212246319e-01, 9.937363525855107e-01, 8.854452041514435e-01, 1.961899617196832e+00, -1.805297323700844e+00, 1.157373296681518e+00, -2.415102778984332e-01, 4.328824707011843e-01, 1.178447858139097e-01, -9.866465810841482e-01, -2.576974097268910e-01, -6.889226261938300e-01, -1.801061924929661e-02, 2.453336630077269e-01, 9.724011597295591e-02, 5.671584302282726e-02, 1.780787402469474e-02, -4.686291999692691e-02, 5.255410964061131e-01, 3.295364000800726e-01, 2.265145397639513e-01, 2.053226745003806e-01, 1.781550427310981e-01, 8.939202589469574e-01, -2.257871158622098e-01, 2.384425952854755e-01, -6.798885802223152e-02, -5.914365885976003e-01, 1.392615163252317e-01, -1.432406351549502e-01, -3.424232271014292e-02, -9.170035783085501e-02, -8.544893455330283e-03, -6.714923209076293e-01, 2.419238903507667e-01, 2.891722545172744e-02, -7.497828742018183e-01, 1.385290745535627e-01, 3.338180918612901e-02, 6.577419212125499e-02, 8.344252067241119e-02, -1.162281992474728e-02, 4.742552184495410e-01, -8.029524090485585e-02, -1.238108063379120e-01, 3.969786959590134e-01, -4.062665736326719e-01, -3.066614339341746e-01, 5.300480508714615e-01, 1.760907118733594e-01, 4.715092949855550e-01, -1.308353883042443e-01, -2.726136352057104e-01, -4.621379532789717e-01, -2.023021661729437e-01, -1.433847232961387e-01, -1.700180859964855e-01, -7.145393398824720e-01, 1.013335556400815e+00, 8.959729208505648e-03, 3.305818178484325e-01, 1.416432930492990e-01, 2.783551466457569e+00, -5.090336888205431e+02, -3.424156048077976e+02, 9.246200601873933e+01, -2.573745154266038e+02, 1.107895051439719e+02, 1.186555445686980e+00, 1.662751351089498e+02, 1.023859023270303e+02, 5.691404311046971e+01, 8.412345698756753e+02, 4.019236507129073e+02, -2.340197565219979e+02, -2.846857387375624e+02, -2.560585362017137e+02, 3.960090152487672e+02, 9.699795460331885e+01, 9.552435956067713e+01, -3.084902792609599e+02, -2.063333767017960e+02, 2.017559130244227e+02, 2.794651590853928e+02, 1.410388072955628e+02, 3.020807951644134e+02, 1.014524466541650e-01, 1.004353486388469e+01, -1.173081192069650e+02, 1.285682100555433e+02, -1.555804933795135e+01, 1.916180832845772e+01, -4.960723377042245e+01, 2.025804781990498e+01, -1.455469073109106e+01, 1.279414792865765e+01, 1.222306915982119e+02, -1.976415481067841e+02, -2.224414846046626e+02, -3.785877196746424e+01, -3.856137546522638e+01, -2.440073761752141e+02, -8.790038668771469e+01, -1.239466420787305e+02, -2.469672038883780e+02, -1.155652032961682e+02, 1.130567980814643e+01, 6.368107725852783e+01, 4.469297094235907e+01, -2.620944298523391e+01, 3.497379692638346e-01, 7.257461114844058e-01, 1.619844118620806e+01, -9.833291569824555e+00, 2.257734341074727e+00, 6.835316922405576e+00, 4.318933619479558e+00, 4.523409785061703e-01, -1.811345657437329e+00, -3.243205682542293e+00, 7.429046242702298e+00, -3.204420222270996e+01, -2.803789852514771e+01, 2.798086691980864e-01, 1.357137646260223e+01, -4.530702528882320e+01, 1.137890978580421e+01, 3.308155096747794e+01, 1.839373667018166e+01, -4.675284671291330e+00, 1.729756675672195e+01, 1.125397484787118e+01, 1.266760772833155e+01, 1.117809535749698e+01, 2.145497171659995e-01, 2.132763402240130e-02, -1.526616294709028e+00, 3.986912029978602e-01, 1.178292437385745e-01, -1.127621241557944e-01, -2.966323955292355e-01, 3.131596847650576e-01, 3.202569629563971e-01, 1.656378445139763e-01, -2.754348051281024e-01, -1.997348252502842e-01, 4.504787576607826e-01, 3.153749829359478e-01, -3.543472953507103e-01, -2.911184494029089e-01, -1.219594414608992e+00, 5.167739582161052e-02, 2.430414515951480e-01, -2.545118968974093e-01, 1.655527178649295e+00, 5.582047486727398e-01, 2.006731860594403e-01, -8.327750816636414e-02, 2.342350828950953e-01, -1.207877206879220e-02, -1.075654786058761e+00, -7.926308255580342e-01, -3.168334647860152e-01, -4.146970305147055e-02, 2.281738510222291e-02, -1.376059082547057e-01, -4.497894636368244e-02, -2.042892473738372e-02, -2.208020280332695e-02, 5.471563953517301e-01, -3.905674031887778e-01, -6.473060143724217e-02, 2.131661053555934e-01, 1.158559408237183e-01, 7.520689729594064e-01, -3.505394080045626e-01, -3.953443494974238e-01, -2.200694865746748e-01, -3.222387955509257e-01, -1.938137884377079e-02, 9.135932599333405e-02, 6.350712588570728e-02, 2.596119860248587e-02, -4.259130643867245e-02, -1.166814177276378e+00, -2.893882131797469e-01, -3.771565220206514e-01, -9.613817815346956e-02, -4.664267277512704e-03, 6.296314553212526e-02, 3.696982217761128e-02, 4.945552146904492e-02, 2.932127229282661e-03, 8.626203619020569e-01, -4.010624086603790e-01, 2.557162357893007e-01, 5.128415752437313e-02, -2.621314142430317e-01, 1.056548961765613e+00, 6.015684359633335e-01, 2.336820579570716e-01, 1.925881385813854e-01, 7.171070503216062e-04, 2.497826365971889e-01, -6.981939937306685e-02, -1.507103992642445e-01, 1.785667679977305e-02, -8.363805966741827e-02, 1.800520247711228e+00, 5.542365764506186e-01, 5.828973175619730e-02, 5.012571486395385e-02, 1.132429228624213e-01, 7.124618474873781e-02, 2.235296087036137e-01, 5.311309011048062e+02, -1.028650841924812e+02, 9.133098359796183e+01, -7.556174781462327e+01, 5.183368848634349e+01, -1.098002127332278e+02, 3.455377841766855e+01, -5.584783263368862e+00, -1.300558239124075e+01, 6.293718039824663e+03, 2.911724828114536e+02, -2.879185961492276e+02, 1.036446977008698e+03, -4.579866159702621e+02, -9.249585686074305e+02, -3.412961684831391e+02, -2.016128460739712e+02, 8.380372745803453e+02, 5.222968617047652e+02, -5.486525908298343e-01, -3.870515204615072e+02, -1.179777083411454e+02, -2.668271918702936e+02, -1.591807639233190e+00, -5.925373886440282e+01, 5.640127685706631e+01, 9.508967067930281e+01, -7.126010152884623e+01, 2.697294677171411e+01, -5.493594562524634e+01, 5.540475557976042e+00, -1.943869668591460e+01, 2.835592816420320e+00, 6.166134679130606e+02, 1.156540446600101e+02, -3.528107154869494e+02, 1.470999093870142e+02, -3.644373475595724e+01, -1.185365460593210e+02, -1.946513697477721e+01, -1.250545970238622e+02, -2.536441418591385e+01, -3.971150897274212e+00, -7.801762451484096e+00, -2.674567047741049e+01, 6.032819488090219e+01, -1.469547124073812e+02, 4.221569103235405e-01, -8.278564999519025e+00, 5.009883759535892e-01, 1.190156244323796e+01, -3.373052999104784e+00, 7.961626116451967e+00, 2.839648439303028e-01, 5.395732106451094e-01, -2.437835963925129e+00, -2.540246845875010e-01, 2.495758981348416e+01, 3.328665863696482e+01, 3.712047255739068e+01, 1.567576399785390e+01, -2.352373692331016e+00, -4.893719619500729e+01, 2.172846726526823e+01, 1.443345472001660e+01, 1.471806610130182e+01, 2.039276631084494e+01, 1.014210508219678e+01, 2.184158851021445e+01, 2.287546391905748e+00, -2.091268490468975e+00, 1.429778012541225e-01, 9.146241480756621e-01, -1.163953869698305e+00, -1.992876560462428e-01, -5.519729708008857e-01, -6.314953396302260e-01, 1.718193148273810e-02, 4.296183862518870e-02, 3.049430433131052e-01, 2.192048673282688e-01, -3.361203965759187e-01, 1.398377578587027e+00, 7.867512667559980e-01, 1.204375777956518e+00, 3.947649259127026e-01, 9.244214543801134e-01, -1.386654042335556e+00, 1.224701447316635e-02, 1.028266127414708e+00, -1.735671975986101e-01, 1.538881072403517e+00, -9.374384657182103e-01, 1.014108447499506e-01, 2.125712380431358e-01, -7.066207620371083e-02, 1.769463065706983e-02, 3.815920765273647e-01, -2.859738744327635e-01, 3.587810387942901e-01, -1.948327285889713e-01, 1.040294136519878e-01, 1.336156204655188e-02, -4.956633983641037e-03, -4.153418618130326e-02, -2.515963778887069e-02, -2.564425913904779e-01, -1.908259422208302e-02, -4.375234498290937e-01, 8.859999252543176e-02, -3.053262264669503e-01, 2.564680546854934e-02, -4.075317033930294e-01, 2.517069961800300e-02, 2.795987461167717e-01, -1.640770672815769e-01, 8.864589698367467e-03, 1.396895140327897e-01, -1.484030347808362e-01, 8.278155169473442e-02, 1.737431944886337e-02, -8.398352887636058e-01, -1.818577115285512e-01, -1.293640222921132e-01, -3.387720483414366e-02, -6.647779859403581e-02, 9.332998769977723e-04, -1.065383337941347e-02, 5.776413391396269e-02, -2.198729521556132e-02, 4.488617613448586e-01, -1.207104131529192e-01, 7.577747095595996e-02, -7.139815169021588e-03, -2.395459636683604e-01, 3.202210585110258e-01, 2.797011757778861e-01, -1.242268422232138e-01, -9.222830454860957e-02, -2.027382007881028e-01, -5.508438907140373e-02, -2.460920252895046e-01, -1.274872162371993e-01, 3.803742156166300e-02, -1.010961292251500e-02, 7.521981779962283e-01, 3.682276399272855e-01, -4.179113728741630e-01, 3.281941634896328e-01, 7.048859576596248e-02, 1.400116380391035e-01, 4.207222432771615e-02, 6.041620943044253e+00, -7.261734744364937e+02, -2.956956725290627e+02, -2.640843523575143e+02, -2.865259800732085e+02, 1.809133891798042e+02, 1.337969094282362e+02, 2.163008495654098e+02, 1.771035365313990e+02, 1.059797394692488e+02, -6.002659771240900e+03, -1.318080678310137e+03, 1.924858721025403e+03, -1.798578318735407e+03, 1.187764850750685e+03, -4.765612928967950e+02, -8.035385904326857e+02, -5.898031484956693e+02, 1.172768015952111e+03, 8.130079099449832e+02, 1.229268014624430e+03, -7.326068723939992e+02, 9.877977552109984e+02, -5.807584653723337e+02, 2.440410773106678e-01, -1.685126781519988e+02, 1.660480491454495e+01, 1.252740102299827e+02, 5.147742342622229e+00, 5.754729310944145e+01, -5.856819953577511e+01, -1.309694505205589e+01, -2.432492581444967e+01, 2.478308836187510e+01, 8.108688683538245e+02, 2.244752417169635e+02, -1.875080617540524e+02, 2.898576007751103e+02, -1.238268630375749e+02, -3.045914441891107e+02, -8.675749394473497e+01, -6.326292860629466e+00, 1.095322328261370e+02, 9.600657511140746e+01, -6.514177628847102e+01, -4.536998387648355e+01, -6.952059868468723e+01, -7.180897988560314e+01, 2.118271062636578e-01, -1.186769591822058e+01, -1.861727883257534e-03, 3.298704408989913e+00, 1.819545138250784e+00, 7.614645705125376e-01, -7.953919261073122e-01, -3.337864666598557e-01, 1.002271881684790e+00, -3.489983635195231e-01, 1.846092402919550e+01, 1.099320396965821e+01, 3.260780236785700e+01, -2.462014984034223e+00, -1.150896144753781e+01, -2.590855531529026e+01, 6.213381511247851e+00, 2.517156066947853e+00, 2.052394372837752e+01, -3.282338490999449e+00, 5.304089715147825e+00, 3.548492036810372e+00, -3.972830823825587e+00, 3.621227991331763e+00, 8.071487103902154e-02, -2.920979319324852e-02, -5.585278325500413e-01, -1.675062070629657e-01, -1.181943071191648e+00, -1.036170179987426e-01, -2.149691070680956e-01, -1.108770182262732e-01, -6.026715231356457e-02, -6.271723581562653e-02, -1.246357831035618e-01, 6.772016326178395e-01, -8.337410189411283e-01, 1.528797121017116e+00, -2.231817889772649e-01, 1.391625698314817e-01, -6.657256856066353e-01, 2.740951815696809e-01, 2.013243857131082e-01, 3.145540754508912e-01, 5.244906601377649e-01, -4.034339246618000e-01, 1.407296106862921e-01, -1.133978069477696e-01, 5.697907815404789e-02, 4.385794964199122e-03, 4.483970179880672e-01, -2.541276551050803e-01, 2.024506064981842e-01, -1.400650118941340e-01, -2.168180198337636e-02, -1.545113691491429e-02, -1.040786274266320e-01, -2.520349002540600e-02, 6.899665039454227e-03, -4.059882969556159e-01, -6.724177880932293e-02, -2.765715334857881e-01, 1.233954993564217e-01, -1.453230377427197e-01, 4.608611173569062e-01, -1.354443795744874e-01, 7.538543793910339e-02, -6.572461982537105e-02, -2.533668436574126e-01, -1.561004251896673e-02, 1.091405627430964e-01, -6.666547594794062e-04, -3.716465065631987e-04, -3.751782508089683e-02, -1.485300489323030e-01, -1.570130108485928e-01, 1.826389908930375e-01, 8.915397151380189e-02, -8.990888880838136e-03, -4.379830567120474e-02, -3.415315782337603e-02, 7.109384012748851e-03, -1.545417119428976e-02, 1.827933604357614e-01, -1.328915432898168e-01, -5.866150826384024e-02, -9.998193814735062e-02, -9.296977733331011e-02, -2.521594151367244e-01, -1.922201404715360e-01, -7.059531990142287e-02, -1.509702704199202e-01, -2.738715218428890e-01, -1.013342367687558e-02, -3.252074371107681e-02, -2.998128058145384e-02, -3.661666271899337e-02, -1.205771128863114e-02, 1.816819037833996e-01, -2.084736296364689e-01, 2.153824437256496e-02, -1.066437054459650e-01, -9.277467077842468e-02, -5.797164291329540e-03, -4.352648452195820e-03, 5.374655968380714e-02, -2.643024093414631e+00, 2.022722494398306e+02, -3.173244121890544e+00, -6.327425153080266e+00, 4.666185746772662e+01, -2.186800533550832e+01, 9.741754828757828e-01, -1.051037719904663e+01, -3.115385505944613e+01, -8.353639241957469e+00, -4.861672784073202e+02, -4.862871348131409e+02, 1.014696541658910e+02, -1.451545712545982e+02, 1.881075555096650e+02, -3.556261768101770e+02, -2.202975077176649e+02, -2.331034974083213e+02, 8.290983185901833e+01, 9.587935315529715e+01, 1.182955385486915e+02, -1.674468730086770e+02, 1.552817167401066e+02, -2.077332946867011e+02, 8.328047940709882e-02, 2.965214810770455e+01, -1.305461926717687e+01, -1.731964285057154e+01, 2.506830621279010e+00, -4.721573706616974e+00, 7.128315046054843e+00, 3.747803408513976e+00, -2.768919518488983e-01, -8.668217072532507e-01, -1.866090876978945e+01, -8.009825017173110e+00, 1.610547492473345e+01, -7.842847804292883e+00, -6.019823500179012e+00, 3.912854197193920e+00, -6.756538424841469e+00, 2.720620364604713e+00, 1.874858280181639e+01, 4.220229900665544e-01, 5.541964021979861e+00, 8.259245732957194e+00, -5.345900837766174e+00, 1.117465156374802e+01, 3.626348498637200e-02, 2.136405459645552e-01, 2.625265389910542e-01, -8.912633841855232e-01, -7.672389503311685e-01, -4.070263592863755e-01, -3.107690274636175e-01, 3.712912041697883e-01, 2.660905986361790e-01, -2.861099544621649e-03, -1.701215521276343e-01, -3.285758040097682e+00, 1.778181691076747e-01, -2.449576518569059e+00, 3.522587916922374e-01, -4.084629687414645e-01, 5.479984848660348e+00, 2.127325263447848e+00, -3.946675251008775e+00, 1.860591505128931e+00, -2.175835359190573e+00, 1.554235293812686e+00, 3.891267774869500e-03, -2.784877238613745e+00, 1.510730406118323e-03, -5.625908783115696e-02, 5.581969849760250e-01, 1.536631828930711e-01, 1.105087043588573e-01, -1.128492928045134e-01, 8.147853291686342e-02, -1.955115697643823e-02, -4.584536651459190e-02, 1.581753247038651e-02, -1.031430174559897e-02, -8.079123183992863e-01, -4.054814663766669e-01, 1.831363776126917e-01, 7.806530477998135e-02, 5.068248214101367e-01, -3.743711275058093e-01, -5.545571128245866e-01, 6.528027949361108e-01, -5.438228269956517e-01, -6.908199999217218e-02, -2.770132607462923e-01, 2.536244983974840e-01, -7.687335100683286e-02, -6.344041702955621e-03, -7.324637744326876e-03, -4.088651294708211e-02, 2.233205717099385e-01, -8.227756722940870e-02, -5.182191448294864e-04, 3.479339987579019e-02, -3.730848932700911e-03, -2.708659433836508e-04, -3.023561928017554e-03, -5.359616347901367e-03, 9.233178190908221e-02, 8.992732505967732e-02, 3.908733594899225e-02, -1.968015123517356e-02, 9.889401974939458e-03, 3.362410255279428e-01, 2.290327744031219e-02, -1.981463194075108e-01, 7.243755346332639e-02, 2.500576414599018e-01, -1.067412876332767e-01, 5.270096054475034e-03, -3.640004597410851e-02, 6.497963696561844e-03, -1.887782919722599e-03, 3.971025869916260e-01, 1.506634307223474e-01, -4.566556994009968e-02, 1.021250382805150e-01, 4.818193991711500e-03, 5.618587310251920e-03, 1.408094124442839e-02, 1.083075404865240e-03, -2.313534415908975e-03, -2.827468728550216e-01, -1.400954211179161e-01, 2.564802236886314e-02, 1.267882222848534e-02, -5.005631284195343e-01, -4.129031575695781e-01, 9.164377391227162e-01, 3.265689623663832e-01, -2.629420935367429e-01, 9.387295743316149e-01, 3.346184504152959e-01, -1.238264843288699e-01, 6.935255909178317e-03, 6.244639355280324e-03, -1.081624354387048e-03, -6.926628943121594e-03, -5.708171967618869e-02, 2.492870588605330e-02, 4.056901688566308e-02, 1.100534352932760e-01, 3.868889097630784e-02, -1.060570037501132e-03, 2.279809640865109e-02, 1.529538666372626e-04, 2.045345204554707e+02, 2.403599750265012e+03, -1.801605647210433e+03, 1.760580797559166e+02, 6.871768683071148e+02, 2.014990438571281e+02, -2.407432493151072e+02, 5.051800798599770e+02, 7.692236036993222e+01, -6.152778890313467e+02, 5.621838933249706e+04, 9.910854930118892e+03, -1.610910913863061e+04, 1.658587375719605e+04, -9.964979497748971e+03, 1.121567561497180e+03, 5.625866405881572e+03, 4.065120040856083e+03, -8.424273266116434e+03, -5.582187178278296e+03, -1.007656476898683e+04, 4.894937517201449e+03, -8.443311866021308e+03, 3.681320136866924e+03, 3.078225595578510e+01, -7.789336116144656e+01, -2.030821436497650e+02, 2.646933835232676e+02, 2.669542023100561e+02, 1.795182945113498e+01, -7.585406482237588e+01, -4.681520479300576e+01, -2.139409537131307e+01, -1.999449433108083e+01, -1.087765397412031e+03, -1.569017887784964e+03, 1.294358824841453e+02, -5.378576390754093e+02, 3.767107851146121e+02, -1.439764163285104e+03, -5.472327006177837e+02, -6.079742995319311e+02, -7.885760324116708e+02, -2.314148390702175e+02, 4.563417607695025e+02, -1.353011435206302e+02, 3.046870775057131e+02, -3.058212622595935e+02, -7.767002769058821e-01, -7.902850387975065e+00, 1.959521277772932e+01, -7.048329981392407e+00, 9.355107570636555e-01, -3.332116632649009e+01, -1.655085483005519e+01, 1.319180972503320e+01, 2.210070112896317e+01, 2.314547876874149e+01, -3.008603399671225e-01, 2.337151881803759e+01, -8.663010765857555e+00, -6.007687671906838e+01, 1.164943311222774e+01, -1.241695804607479e+02, 1.097021510588841e+01, 6.463302490465194e+00, 3.826145804724018e+01, -6.886370483116812e+00, -1.852874147340193e+01, -9.582967270885309e+00, -4.716561562348191e+01, -7.593419475838607e+00, -2.706327996351501e+00, 7.768598247352451e-01, -2.548120820277368e+00, -4.085493569746313e+00, -7.126603118176441e-01, -2.782397601485036e+00, 3.279248005049327e+00, -1.867760755996510e-01, -1.342588976444649e+00, -1.246812608650826e+00, -7.302734951618528e-02, 5.116268233517022e-01, -5.817391698701257e+00, 3.086236613656259e+00, -9.330647879607921e-01, 1.111841926151756e+01, 1.335525556355592e+01, -7.130530707767917e+00, -7.823017205872118e-01, -5.967206362535286e+00, -2.514707247935425e+00, -7.545897893612530e+00, -6.003209475199851e-01, -3.598437519140490e+00, 5.526674990949554e-01, 1.824391606912067e-01, -2.341941707610798e+00, 1.796846456252482e+00, 3.760853435276908e-01, -5.516367403182391e-01, -7.862356694530607e-01, 1.296444350866241e-01, 4.337705341057483e-01, 1.481533078387025e-01, 1.685016968456680e-01, 3.002422877867351e+00, 9.711421132288787e-01, -1.582499936556865e-01, 7.795835454870976e-01, 7.166478891783285e+00, 7.403210268089983e+00, 2.185923919797025e+00, -1.321627442014340e+00, 2.651307411357599e-01, 7.113389002730267e-01, 5.344831110691660e-01, 4.975038421036247e-02, 2.447288350404555e-01, -5.252661619700860e-01, -8.570131336361371e-02, 2.826265920770230e+00, 1.579578763277937e+00, 1.155118737513344e+00, 3.792009440389209e-01, 3.508859579803600e-01, -3.736057593852010e-01, 2.501190769118412e-02, -2.444588167964598e-01, 5.953644626729417e-02, -1.473770896420351e+00, 2.091700378671224e+00, -1.026454644967374e+00, -2.314471157747866e-01, 2.777142489718956e-01, 4.630252776742383e+00, 5.974310911809136e-01, -3.667930833798422e-01, 2.247184529495835e+00, 2.615786320549909e-01, -1.864544099854631e+00, 1.559526733164925e-01, -3.393594914039562e-01, -2.349124393581719e-01, -6.926626390708412e-03, 3.013138411315424e+00, 2.107301021552033e-01, -5.643044611038236e-01, -7.618491809671840e-01, 4.039616955082431e-01, -8.007581787686782e-01, -4.657548939283739e-01, 3.769607489915063e-02, 1.185713961291095e-01, -1.403752430399964e+00, 7.051103341576959e+01, -5.989588509573723e+01, 5.084834758590932e+01, 1.098095721961131e+02, 2.783412088586534e+01, -6.768665435384733e+01, 1.427198265022813e+02, -1.538565182772845e+02, 1.243568632002828e+02, 4.188842237321821e+01, 2.095985785087696e+04, 4.779281977038728e+03, -3.694361224058690e+03, 3.310378691077490e+03, -1.988837055173162e+03, 1.497378001966217e+03, 1.167726085449018e+03, 6.984524444703469e+02, -1.111300526753617e+03, -4.608313688692005e+02, -1.288063150403918e+03, 9.375612867928025e+01, -5.787381125908578e+02, -5.383501548274585e+01, -4.367720375542159e+00, -2.165666218142736e+02, 3.710140090523607e+01, 4.448182129577670e+01, 7.709129386990402e+01, -8.783961970557287e+01, 1.954413229123749e+00, -2.239670957728672e+00, 5.661624128459047e+01, -1.133720209176593e+01, 9.338498821792541e+01, 1.314681082234399e+02, -5.070789021225341e+01, 1.122344256863107e+02, -1.536420280960656e+02, -9.632982814472726e+01, -8.188647224133913e+01, 1.778800452768189e+02, 1.023501902219443e+03, 2.331521128396139e+02, -3.351403702495297e+02, 1.210250546288508e+02, -1.517940295654609e+02, 1.151060952621074e+02, 1.126154375710776e-02, -7.895626952858281e+00, 3.268767652358255e+01, -1.438714743648533e+01, 8.874681522124984e+00, 1.255913363301067e+00, 4.946132565570188e-01, -4.566486791305192e-01, 9.228290896957687e-02, 2.621794640738379e+00, -1.953664587852944e+01, -3.919138369150995e+01, -7.624155986645265e+01, -1.637158042522180e+01, 7.642364874568270e+00, 8.486626147866451e+00, -3.067132682020535e+01, 8.217516663407023e+00, 5.751871847908144e+01, 1.530507560013207e+01, -5.460482623721439e+01, -2.814490849931131e+01, 3.016575848952530e+00, -1.022169544173323e+00, 1.255685638415327e+00, -1.537976408933551e+00, 9.634482552552467e-01, 3.798787511000509e+00, 2.168728127939509e+00, 1.166204036692654e+00, -2.012799723801527e-01, -3.495228318444259e-01, 8.892560836709498e-02, 1.627965803034897e-01, -6.750206403251373e-01, -3.229551148529167e+00, -8.563878436843972e-01, 2.040415892333129e+00, -2.271119457731712e+00, -8.062741886782900e+00, -1.754816973175150e+01, 2.057826455023946e+00, -9.434768984032698e-01, 1.604788631530253e+00, 1.136249953087387e+01, -6.115692650745556e-01, 6.852785144665995e+00, -5.720326089753300e-01, 1.627295729680904e-01, -2.629305483544251e-01, -9.622194643345369e-02, 1.970650642346989e+00, -1.225961521482141e+00, 7.799232392347146e-01, 2.296464050052309e-01, -3.492140796444366e-02, -5.287776944706351e-01, -2.086644136309785e-01, 8.191157202398272e-02, 1.777899676072747e+00, 1.897744680452642e+00, -2.874871899003776e-01, -1.767857602256057e-01, -5.516191290136208e+00, -6.734139791523836e+00, -2.015472925539473e+00, 1.916837946791540e+00, 4.084886401246186e+00, 1.839956892466987e+00, -1.091562779156856e+00, -3.403703338139307e-01, 9.480782326784096e-03, -3.409605230383329e-01, 1.591239918006292e-01, -6.269531831771631e-01, 1.379295775997836e+00, 1.300694852933024e-02, 1.035986411683999e+00, -2.220802237550323e-02, 9.613769375924357e-02, 1.538677003744191e-01, 3.195069965226097e-01, -8.913570937083885e-02, 3.283284049698241e-01, 8.915152964915170e-01, 7.588574829087961e-01, -6.652893536589293e-01, -4.608714908952128e+00, -1.017757352033422e+00, -3.296108886838810e-01, 1.027678329695909e+00, -9.508594487536999e-01, 3.296153268061683e-01, 1.014333120797895e+00, 1.183949900550790e+00, -9.447607124671998e-01, 1.506079517468664e-01, 5.708169995777616e-02, -2.107303033956014e-01, 6.572459295961097e-01, 5.839506111351899e-01, -8.427987973085428e-03, 6.424291949358945e-01, -9.824944509354322e-02, 8.353011534026238e-02, -1.942800784038903e-01, -4.290926439830497e-03, -4.975538726985698e-01, 3.443027592665659e-01, 3.600199217314473e+01, 6.616842912063889e+01, -5.647927468715853e+02, -2.854730099055756e+02, 1.443300975462240e+01, 3.293713543268975e+02, 1.113606601437647e+02, 1.216790094448551e+02, 1.835174074538509e+02, 1.129517044088134e+02, 5.476701979156703e+02, -2.668824821501463e+03, 1.462886661140505e+03, 2.837856383175455e+02, 9.883754135072512e+02, -3.002404694839536e+03, -1.536628191348599e+03, -1.248059947880294e+03, 2.291029372002912e+03, 1.566202160084905e+03, 5.080438517939904e+02, -1.628606337290666e+03, 4.341455732189057e+02, -1.483240236409199e+03, 6.849647493140671e+00, -4.911572761987082e+01, 2.267191672502842e+01, 3.555019321585180e+01, 1.110777130314054e+02, 5.389227073974637e+01, -3.935574551491020e+01, -2.217414711014028e+01, -3.386339209101205e+01, 8.742595786455951e+00, 7.047329163398244e+02, 1.043441863375233e+02, -5.490279107665000e+01, 2.555877898047312e+02, -5.640996079027961e+01, -2.927789470167921e+02, -8.903000122617287e+01, -4.927000447573155e+01, 2.263323107308010e+01, 1.268297648325269e+02, -1.160483193744328e+02, -2.286963851541701e+02, -5.074799505189715e+00, -1.120951316983379e+02, -3.010651857873475e-01, 1.189303728998462e-01, -1.446095935821601e+01, 4.732816292565363e+00, -3.498349042275585e+00, -1.252703892381648e+01, -1.012821534740397e-01, -3.568620104204208e+00, 1.250950550330070e+00, -2.786606242140087e-01, 1.319040638243312e+01, -1.442639369207843e+01, 4.354520150405663e+01, -1.132280901110450e+01, 1.999579512642420e+01, -3.780417209819135e+00, -5.447638499301354e+01, 3.511088497632951e+01, 2.916993925560344e+01, -3.327410784899045e+01, 7.531362584427382e+00, -1.539508257780572e+01, 9.231342115530815e+00, 3.317851681344957e+00, -5.755522150137915e-01, -2.320539156359974e+00, 2.164352283867588e+00, -2.684052727937309e+00, 3.186195540476532e-02, -3.537160483030937e-01, -6.313106330838497e-01, -4.327607629534680e-01, 1.844844569548379e-01, -2.130351690943474e-01, 2.514492009289503e+00, -1.669161100902803e+00, -2.711008578111310e+00, -1.149680066358808e+00, 9.859312338334173e-01, -2.803490774394606e+00, 1.661665749675151e+00, -1.111280990018143e+00, -1.577334584816629e+00, 8.983562005242470e-01, -3.485753164153634e+00, 1.211615616411624e-01, -3.913204419908280e+00, -5.115424690567045e-01, 4.298388273612716e-01, -1.992356647400660e-01, 6.321941735134363e-02, 2.136170176550535e+00, 4.168218370866021e-01, 1.306398180944677e-01, -1.202596769033070e-01, 7.043121429013517e-02, 7.045303050904388e-02, 1.808406482300997e-01, 1.975869222984210e-01, 2.841916833347720e-02, 2.167579635163642e+00, 9.036401990960388e-03, -2.736139310656230e-01, 2.670062591999486e+00, 1.930759558848429e+00, 2.677264982007606e+00, 3.826157073576620e-01, -1.577488569855098e+00, -6.673366677154889e-01, 3.439967416660509e-02, -2.974057867081745e-01, 6.961393781848760e-01, 1.071006930730926e-01, 2.095295225245543e-02, -3.286693574286556e+00, 1.191707813993693e+00, -2.374627287794282e-01, -4.787655991173548e-01, 6.639021756642235e-02, 4.754801166567401e-03, -2.224271629013081e-02, 8.762189438854159e-02, 7.958970582542293e-03, 2.648542937651251e+00, 5.933272309900377e-01, -7.416809488305710e-02, 2.253497284890179e-02, 3.919565486759356e+00, -4.773466592768417e+00, -3.934102531948762e-01, 1.078930390465032e+00, 1.648680851617450e+00, 3.665859404865252e-02, -4.177809862969583e-01, -1.270898853733781e+00, -1.084874884719137e-01, -6.525490511994923e-02, 2.492869575379343e-02, -5.643058535528528e-01, -5.839502084607945e-01, 1.939196889346141e+00, -3.423621375792165e-01, 8.785814728365383e-02, 1.812381440405890e-01, 2.633421755744629e-01, 8.904413438432536e-02, 6.617610482209745e-02, 4.044778259973218e-01, -3.268714817184287e-01, -1.106246513280922e+00, 1.278254585728204e+01, -6.560077708045770e+02, -1.549600089731535e+01, 2.576032157538800e+02, -2.071056943504115e+02, -1.756336935028093e+02, 4.137571740279124e+00, -4.658282866002877e+01, 1.653866815423806e+02, -9.788959809589748e+01, 6.085069628383585e+03, 5.500386523772705e+03, -4.384382873095346e+03, 2.047141660899869e+03, -3.322509011568263e+03, 5.376650583609787e+03, 3.711753247928816e+03, 3.126905094238807e+03, -5.001940249537453e+03, -3.564488832538561e+03, -2.776591583784420e+03, 3.795034458137904e+03, -2.503656814600381e+03, 3.652533522139464e+03, 3.211153553721139e-01, -1.780464464011986e+02, 7.777020192371444e+01, 7.969291766951586e+01, -4.735939150256039e+01, -4.141270170534487e+01, -3.610491827673981e+01, 2.295579805092340e+00, 1.934905418567879e+01, -1.009002020928938e+01, -3.644254525305784e+02, -4.411360972632351e+02, -8.462210115262130e+01, -3.070071208061142e+02, 9.071006890590174e+01, -1.690282603858129e+02, -1.023746117238429e+02, -1.924194793349876e+02, -4.782392935602426e+02, -1.481697360452838e+02, 1.076171186643732e+02, -4.264555179120528e+00, 2.088208805559876e+02, 2.756206424584137e+01, 7.085942380385797e-01, -7.610378324758242e+00, 8.196163970281415e+00, -7.128337409479970e+00, -1.218070081994076e+00, -3.901905866561123e+00, 2.913485872886436e+00, 3.382991832456887e+00, -5.569421852012593e-01, 4.106371238973907e-01, 2.044742468175961e+00, 2.962944366220222e+01, 1.676899116313394e+00, 5.162032192194701e+00, 4.733838961019178e-02, -5.348143246176711e+01, 5.630919307244526e-01, -1.182412246538949e+01, -2.457807704429912e+01, 2.505561305053878e+01, -5.242202899772317e+01, 2.478351966548149e+00, -8.269347478792921e-01, -2.172835392414324e+00, 3.261463677430511e-01, -1.485505800407146e-01, -2.686369228823007e-01, 2.762945789187801e+00, -4.147040500567883e-01, -2.365682607918257e-01, -5.005886044974205e-02, 3.302034010144677e-01, 6.335144822740155e-01, 2.522771064368266e-01, -1.261628140349686e-02, 4.354560061029924e+00, 3.674712073888474e-01, 1.895481321079934e+00, 4.715046657709435e-02, 1.465939841468284e+00, -1.787741324130445e+00, -2.143027941512381e+00, -2.814877838830904e-01, -1.884133959695504e+00, 1.025028748705693e+00, -4.040726697281402e-01, -1.515952267672005e+00, -8.002235528877052e-02, 2.070733556074684e-02, -2.103702622969793e-02, -3.003664939490692e+00, 1.230653623132294e+00, 2.707744041733797e-01, -1.947380902039542e-01, 2.245996644749732e-01, -2.904295457792265e-02, -4.484156958220820e-02, -9.543781137028212e-02, 5.490135144003950e-02, 2.478726778761973e+00, 1.058514785337665e+00, -4.640034211137871e-02, -3.827865388246145e-02, 1.808773031761280e+00, 1.685131814604362e-01, 9.394689930182585e-01, -7.039771699711197e-01, 1.246799147350751e+00, 1.574825429877852e+00, -4.301054457889161e-01, 7.705886418163526e-01, -1.004646507445645e-01, -1.775842363656866e-02, 2.391835043710452e-02, 2.785608359431680e+00, 1.305415900043852e+00, 2.417349576970435e-01, -2.270076857125972e-01, -1.149139425927923e-01, -3.628385300290254e-03, 2.024031101350080e-02, 1.091603511104251e-01, 9.629652095388288e-03, -1.412002918692711e+00, 4.947639718456395e-01, 2.730746729080303e-01, 3.802543646829307e-02, -3.478750929652243e+00, -2.075773255590157e+00, 6.623383143468980e-01, -2.041823498613321e-01, 5.371872656537874e-01, 1.371650570064409e+00, -2.497956874490429e-01, 6.764705306493370e-01, -2.929399217177718e-01, -3.333941195532678e-02, 4.056901295225827e-02, -7.618497353196125e-01, 8.428267968770831e-03, -3.423622570303677e-01, 7.371433788667073e-02, 6.258148020182826e-02, 1.817490286896904e-03, -1.515568487051473e-01, -5.469829948496535e-03, -1.250297886736345e-02, 3.009374696061291e-01, -5.738092555469754e-02, 1.786206129201646e-01, -6.458134749996304e-02, 5.635695333001628e+02, -8.006444233572132e+04, 1.698483258003911e+04, -3.470399374766990e+03, -1.706652873573884e+04, 8.777903424218959e+03, -4.108785435591242e+03, -1.521280844657665e+03, 2.161833343466334e+04, 3.173032761800191e+02, -3.633606831237269e+04, 4.968899798726707e+04, 3.625625224424243e+04, -7.669457874587337e+04, -1.052262759689419e+04, 3.329572792180236e+04, -2.673613417803874e+04, -5.463497650263950e+03, 4.225817854336533e+04, 1.312381840586642e+04, 7.626780365912012e+04, 4.185553268617100e+03, 4.629015317623720e+04, 1.542034474779130e+04, -1.558015043804634e+02, -1.057866915418140e+03, -4.263353918509724e+03, 2.466449242351210e+03, -2.418836723229839e+03, -5.301813822964385e+03, 3.642645976779359e+03, 1.701025183908766e+03, 2.451569526237841e+02, -5.142422497669065e+02, 7.901741139352951e+03, 2.260504096949254e+04, -7.720048784932608e+03, 1.845062512849982e+03, 1.207520831135789e+03, 2.654568915589130e+04, 6.091305133117187e+03, 6.946161524884639e+03, 1.296674414582424e+04, 1.070834814171572e+03, 1.294382819373726e+04, 1.010994380233723e+04, -7.013826956356125e+03, -1.561576853038350e+04, -4.314627181445961e+01, 8.062650246072447e+01, 3.377012442941996e+02, -2.425440496757838e+02, 4.300606540300659e+01, 1.037489340872939e+02, -8.778537414228269e+01, 5.123028764516764e+00, 3.723109869685926e+01, 1.021851676330005e+01, 8.168690936773670e+01, -5.858492086502110e+02, -4.032762733209672e+02, 1.311957297870768e+02, 1.106192342919733e+02, -1.634161232905574e+02, 4.031376813627885e+02, 2.186021615959915e+02, -1.474380457769562e+02, -1.923152318857928e+02, -3.724570094810505e+02, 7.582439239465320e+01, 1.056811725487589e+02, 7.669149088335023e+01, -1.682671045123343e+01, 2.851982937434209e+00, 2.297216003354227e+01, -2.696079868400743e+00, 4.250303981246205e+00, -3.347344257967177e+00, -3.476290483656509e+00, -6.787507059623718e+00, -7.488069587997739e+00, -1.839388944653900e+00, -1.730385546302599e+00, -3.352490265030578e+01, -1.837911534383333e+01, -5.103945473536145e+00, -6.386969761885318e+00, -2.319833208710030e+01, -3.539704066905495e+00, -1.118002458289033e+01, -1.444177109348728e+01, -1.984495637459171e+01, -6.683959630551843e+00, 1.117132069166939e+01, -1.206816252063531e+01, 2.002693710167514e+00, -3.742421761371994e+00, 1.078157815704972e+01, 5.401422091836955e+00, 7.898513056219299e+00, 3.143727272820201e+00, 6.787916196288032e-01, -1.452824046243685e+00, -2.941233203312579e-01, 1.775684682301869e-01, -3.750739172787958e-01, -3.233846252203258e+00, -4.484621653952004e+00, 6.253368231412529e+00, -2.177915986248911e+00, -1.692621339614071e-01, -1.745868381484941e+00, -1.285191344044828e+00, 1.080112339429371e-01, -2.955184518969733e-01, 6.880590068756692e-01, -4.808427362201219e+00, 1.899084140929486e+00, -3.241471462881500e+00, 1.057141802562052e+00, -3.273224868957142e-01, 3.779306638484974e+00, 8.268982328007400e+00, 6.067616886210478e+00, 3.995365955108813e+00, -2.698598387808217e+00, 1.562347522415695e+00, 3.411246156482561e-01, 3.108636433186353e-01, 3.501784447675679e-01, -1.180607843993142e+00, -6.549026441881826e+00, 4.551765737151645e+00, -3.365007672584921e+00, 2.296367506381813e+00, 2.311140649273459e-01, 1.253356913022698e+00, -2.361305952652921e+00, -1.323733221129761e+00, 1.245063285434823e+00, -6.673528889008635e-01, 2.150240277094498e+00, 6.398958319128663e-01, 1.755600808631153e-01, -2.072811887936711e+00, 1.407750657947014e+00, -1.047703122237901e+00, -4.303185654506883e+00, -4.703535711878255e-01, -4.585488551742213e+00, -1.429588218324769e+00, -2.500546199459537e-01, -4.884147990484586e-01, -3.528779026914249e-02, -9.473400356874458e-02, 1.708373979477851e+00, -3.559578038732940e+00, 1.246937953086356e+00, 3.701694336736083e+00, 4.278575078278619e-01, 9.991467786038118e+02, 4.828606268056054e+04, 9.567494133383066e+02, -1.303102322899037e+03, 2.002787824547857e+04, -8.920927762808145e+03, -2.082634452739594e+03, -7.422256471797617e+03, -4.925820925392660e+03, -4.009302298999505e+03, 2.342295650019675e+05, -5.928475470086131e+04, 5.742775556458355e+04, 4.480275957719616e+04, -1.020759145136314e+04, -1.161139853856856e+05, -5.805721172402144e+04, -2.786375704794868e+04, 1.198201888337017e+05, 6.535141280899117e+04, 2.051262368015031e+04, -4.538085136181420e+04, -5.549302027744187e+03, -2.240069196663160e+04, -5.134279073044804e+01, -9.846622742578398e+03, -6.648240438378678e+03, -1.222047823083411e+03, 3.563291742913003e+03, -9.655786254246431e+02, 1.717696669028216e+02, 3.671886389015229e+03, -2.462497221195812e+03, 6.827890424570185e+01, -8.089448815827350e+03, 2.321924985601455e+03, 3.812944003548344e+03, 1.011838990924235e+04, 7.865516587671655e+02, -4.106405565511252e+03, 3.711355434196172e+03, 4.815425645338697e+03, 3.358289726181875e+03, 1.918766012614104e+03, -1.238872445974627e+04, -7.066114479752219e+03, -1.135115965838029e+04, -1.313087556220290e+03, -2.451984976146307e+01, -1.247406999122836e+02, -4.738936865541795e+01, -5.103422521191495e+02, -9.851017745108596e-01, 1.363475595831616e+01, -1.043065820627580e+02, -1.159870586318420e+02, 7.492075187897846e+01, 1.716053681891207e+01, -1.547985143272483e+02, 8.658656366653710e+02, -5.041362095136338e+02, 5.209725962791315e+02, -1.340760146650547e+02, 1.077355624048343e+03, -1.751488769458891e+02, -7.801950467580896e+02, -5.699610512410025e+02, -4.679129750530304e+01, -5.059648534022428e+02, 6.031494872046726e+02, 1.246938251541644e+02, 1.660898968690668e+02, -7.080800276007056e+00, -1.554674533793491e+01, -7.979071278916158e+00, -2.658497952153748e+01, -1.636402569426913e+01, -1.111383758583682e+01, -9.151351256133953e+00, -4.076841913328952e+00, -1.072589569602969e+01, -3.955331132537675e+00, 1.040226491650400e+01, -6.488750725975764e+00, -5.352925464391738e+01, 8.668243803591551e+00, 2.007187865928393e+00, 2.049077216635090e+01, 8.300735382869601e+01, 1.882007859267131e+01, -2.212185642272943e+01, -2.708445466686794e+01, -3.035163863459109e+01, 3.183838834502675e-01, -1.351079857533217e+01, -4.659025925625565e-01, 9.235312822643101e-01, 2.851980762374821e-01, -7.017227493967528e+00, 3.179594015240700e+00, -1.130312646538590e+00, -1.902477895964868e+00, -1.871304658044260e+00, -1.577136506989389e+00, 3.863681024516000e-01, 2.972063268368940e-01, -2.316416349568139e-02, 8.521211936860128e+00, -8.651201709474787e-01, 5.265933385350817e+00, 1.994441036560490e-02, 4.228343225456356e+00, 1.172694994313219e+01, 3.374055121304925e+00, -2.412965851335202e+00, 6.354222754551617e-01, -6.325727158962412e+00, -4.310874580015818e-01, -3.396642107151750e+00, 1.896757737745835e-01, 3.289303137856378e+00, -2.462670879501216e+00, 7.500199785112702e+00, 4.310675198847917e+00, -3.416193159546120e+00, 9.751857703540997e-01, -3.590874464297357e-01, -4.150222114608532e-01, -4.649594676392287e-01, -6.856641501703035e-01, 7.579434158947156e-01, -4.582146672268797e+00, 3.344597725354996e+00, 2.408088184630633e+00, -8.235009000023760e-01, 1.346477256433374e+00, -1.592581541249948e-01, 2.520742217405503e+00, -3.033586657536163e+00, 1.492792586898023e+00, -2.739536772926098e+00, -1.865155772142242e+00, -3.983349660247690e-02, -2.058141938617876e-01, -3.083428964884375e+00, 3.784817630101282e+00, -2.716759521484331e+00, -2.524188875344967e+00, 7.459377715279846e-01, 1.631249535885747e+00, 1.636082301352893e-01, -3.715945038632317e-01, -6.733196109921716e-01, 4.036301998626600e-01, -1.106407558818328e+00, 8.585581695827406e-01, -2.093855340306885e+00, -1.102548946556843e+00, -2.196035851876224e+00, 3.410023474734367e+00, 5.706007787705643e+00, 2.376941078625949e+02, 5.526174765791377e+03, 4.166995057754514e+03, 2.429003079785633e+03, 4.971953331541172e+03, -5.206491391498970e+02, -3.381993017902676e+03, -3.745660347923892e+03, 3.629269358373033e+02, -4.667139599934645e+02, -8.554227428239348e+04, -1.732708361747896e+05, 1.322226711555246e+05, -3.958638288773153e+04, 9.109893593361156e+04, -1.719771504281912e+05, -1.077784654958064e+05, -8.901080445518527e+04, 1.560496733127862e+05, 1.118282828359822e+05, 7.214792297737947e+04, -1.147291011889905e+05, 6.141024421630100e+04, -1.041562829976107e+05, -7.107040081371765e+01, 5.693436694692091e+02, -1.714667549490415e+03, 9.660879055621887e+02, -6.104600418067730e+02, 6.835445043149159e+02, -1.522936312825025e+03, -9.691954926990377e+00, 1.049149544896103e+03, 1.331794486638009e+03, -1.472706356727552e+04, 2.384560965145408e+03, 3.683753949979895e+03, -2.996859619852227e+03, 3.486089610828703e+03, 1.122138374057316e+04, 6.242271761631883e+03, 3.630165830359005e+03, -8.501384650286493e+03, -2.166557438344323e+03, -7.928817647809185e+02, 2.270121835223806e+02, -1.883808118793481e+03, -1.923305205187185e+02, 1.001092722505821e+01, -3.222598743120207e+02, 8.485946342248609e+01, -1.608079777802335e+01, -4.801615095208225e+01, 1.886868932282533e+02, -4.837904878373211e+01, -3.644120305693167e+01, -3.360043828952453e+01, -3.029734862725090e+01, 2.475996167710859e+02, -6.992547688595131e+01, 1.797924826412255e+02, 5.905208168514762e+02, -2.120960322328450e+02, -7.441836573358023e+01, 1.880571392014150e+02, -4.264127083110937e+01, 2.152000470361297e+02, -1.281830595925084e+02, 1.362001187817021e+01, 3.648549119411024e+02, 1.355408817731232e+02, 2.224238360590755e+02, 9.576389408605081e+00, 1.957113550305571e+01, -8.105555519822403e+00, -1.887921148344453e+01, -2.338747293484908e+00, 3.350565537791657e+00, 2.654081201182384e+00, 1.301469575078528e+00, 1.325382350351499e+00, 2.098876663122925e+00, -6.318928597462236e+00, 5.781614994408357e+00, -1.499888137854186e+01, -4.589003288357549e+00, -8.304478901061133e+00, -6.785078782724471e+00, -6.431693970872690e+00, 1.009740135537300e+01, -1.137187224660679e+01, -1.082360872109690e+01, -5.957914849800821e+00, 1.158175619402188e+01, -1.010901004117209e+01, -1.131165896618181e+00, 2.727391479070283e+00, -1.269908772348996e+00, 6.661868928986943e+00, -8.929137249977797e-01, -6.159335784445260e+00, -1.109151125149481e+00, 2.388914652217046e+00, 1.517346500067303e+00, 5.273453775095509e-01, 7.714674568100974e-02, -1.534905704424618e-01, -7.075567328063554e+00, 5.843877119528986e-01, 1.693254789521220e+00, 2.923006483851586e+00, -2.044209264654974e+00, 6.473274527795764e+00, -5.755711106215474e-01, -8.867681625096512e-02, 3.315907546860324e-01, -6.898115624856697e+00, -1.833933939298748e+00, -1.765412195735431e+00, 2.104885891509618e-01, 6.477563325546543e-01, -1.872578312703368e+00, -2.038700992228385e-01, 3.061713022552367e+00, 3.706179875206259e+00, 7.970824692624017e-01, -5.275319246454657e-01, -3.688245308409629e-01, 5.194654087135953e-02, 6.578778509918497e-02, 7.730613510204557e-01, 1.469986553183357e+00, 1.055397043301890e+00, -1.253221818940309e+00, -7.322367053054102e-01, 2.765348517676105e+00, -4.368345183382570e+00, 3.470185392358757e+00, -6.901126627885368e-01, 4.376915335254466e-01, -2.303400209582071e+00, -1.534455529280833e+00, 7.987899124618608e-01, -9.761255213329625e-01, -5.643633752417223e+00, 3.668765610439636e+00, -1.292951232935886e-01, 6.479812386193338e+00, 7.786348573716669e+00, -3.089579648863970e-01, -1.248328678508170e+00, -3.843298787678450e-01, -8.880373113883316e-01, -7.577298076748744e-01, -6.541057696204381e-01, 7.580704102280295e-01, 3.768509217793103e+00, -5.439534863591816e+00, -5.586569891101003e-01, -1.394709267315765e+00, -2.300331229256358e+00, -3.650435372835019e+00, -5.651497514654876e+02, -8.344236016438708e+03, 1.707626200053061e+03, 3.780415917586881e+03, -2.626311869409120e+03, 4.389715813764973e+03, -4.305442686654831e+02, -3.127523107932969e+03, 2.029816707050980e+03, -6.393123699281158e+03, -1.046999518870675e+05, 6.562386636258840e+03, 1.079459133775624e+05, -5.398116489815035e+04, 1.807262191567092e+04, -3.388457846358082e+04, -5.550177701642157e+04, -3.445817016145046e+03, 1.261340879319910e+05, 6.606038796983467e+04, 7.704828233233010e+04, -3.962562530832357e+04, 2.774589084585017e+04, -7.357925643885279e+03, 1.377391920847852e+01, -2.591616010391479e+03, 1.741152176893327e+03, -3.294314607397831e+02, 8.606869008423297e+02, 1.318627998909224e+03, 3.271753963229512e+02, 6.774579214060367e+02, -8.058559576218263e+02, -2.450927540561528e+02, 2.175141579011212e+03, -8.307382803607359e+03, -7.856072572712137e+02, 1.137426303083727e+03, 1.702938792564648e+02, 5.476440284341529e+03, 4.363486134606010e+03, -3.460706045176755e+03, -7.158344922683629e+02, -2.925804825942911e+02, -5.524062269066698e+03, -2.215787380902097e+02, 1.706239700660016e+03, -1.136345025503881e+03, -1.490634600574036e+01, -1.158466680396582e+02, 3.711155925486084e+00, 6.752310975806675e+01, 1.381210627792334e+02, -8.694859056489237e+00, 2.863261955920508e+01, 2.834577497873083e+01, 4.391825340947943e+01, 1.574645494357392e+01, 2.769729583485367e+02, 5.846408546004560e+02, -1.372937045132923e+02, -3.234828675828493e+01, 3.985380121477631e+01, -3.991937725669031e+01, 6.786796757800836e+01, -3.223437405659787e+02, -2.310686004158717e+01, 8.209723632744432e+01, 6.755230582463128e+01, 8.516661435035130e+01, 3.232164041501659e+01, 1.438293163172445e+02, -8.334882761298177e+00, -9.222154652876531e+00, 1.960450168889582e+00, -3.983694903522798e+00, 6.452010078774460e+00, -6.174246229103693e+00, -4.873594327110919e+00, -3.092386138742374e+00, -2.847270150208379e+00, -9.260983744922864e-01, 7.713471996903611e+00, 2.348601115327331e+00, -1.812761830748917e+01, -2.933390153462478e+00, -8.635135799176334e-01, 4.176155675024313e+00, -1.957916663248986e+01, 5.906630587091195e-01, 1.171123545949569e+00, -5.309334787924166e+00, 1.307703350977108e+01, -4.253452110241000e+00, 4.843392722060948e+00, -1.537901218861902e+00, -1.865595210730471e-01, 1.044355404154687e+00, 1.693307262076539e-01, -1.374423566229430e+00, -1.598136558973640e+00, 1.412113206695183e-01, -5.312914691622980e-01, -5.537629245050030e-01, -2.754667754647632e-01, -1.405790590266066e-01, -1.634948981911792e-01, 4.093880194109946e-01, -1.644148828385746e+00, 1.646679438554226e+00, 1.734188674078474e-02, -2.227756641047767e+00, 1.115081576107666e+00, -1.538996494809060e+00, -4.473923597357856e-01, -7.198956834274912e-01, -2.150006082031759e+00, 6.681417590779571e-01, -7.168034935526199e-01, 5.785334728953846e-02, -4.540256805081571e-01, 5.028848693520237e-01, -2.416364035849419e+00, 1.792274827318916e+00, 1.241162225429404e-01, 6.920276690467903e-01, 5.976697844696904e-01, 4.190146244143705e-01, 1.848968208156742e-01, 1.225581992152240e-01, -1.543901242560494e-01, 1.490138782752892e+00, 1.470650933099936e+00, -1.098522264291964e-01, -3.623742936728202e-01, 6.417070750831133e-01, -1.028399653776587e+00, 1.471088577360163e+00, 3.505497395778186e-02, 2.388614481325814e-01, 1.684219777751342e+00, -7.639255793530846e-01, 1.855829176095959e-01, -6.489424573261576e-01, -2.268697423307786e+00, 1.090812949401956e-01, -1.151586677949909e+00, 8.352587538527784e-01, 1.113501239485294e+00, 8.606875958885069e-02, 5.973369496675860e-02, 9.441928326311741e-02, 9.738968847879907e-02, 3.242867503619135e-03, 1.275574690059044e-01, 3.210308032205004e-01, 8.964478491749135e-01, -1.458016260721234e+00, 2.555554833184391e-02, -5.383801887547496e-01, 1.451939471276130e+00, 2.735846926610408e+00, 1.318309536886733e+00, -6.038716767694515e+01, 8.528883684531709e+03, -5.885618675777451e+03, 1.051531474606763e+03, 2.781813781129075e+03, 7.612498025741111e+02, 7.274562123947474e+03, -5.462921034935796e+03, -7.993744906642104e+02, 5.244269055191492e+02, 1.151968291989092e+05, 1.080637873365217e+05, 1.691025384114882e+04, 5.748193767961398e+04, -3.804588565680106e+04, 5.161468514862194e+04, 3.243189914869929e+04, 5.651377337605981e+04, 3.213534006108882e+04, 8.161264474219456e+03, -2.667073849449692e+04, 7.823604461214266e+03, -4.990243162319879e+04, 3.697806015615469e+04, 1.649307486208623e+02, 5.233491208419611e+02, 2.982483065841057e+03, -3.360901128259721e+02, 4.665137274961616e+02, 3.862480802789335e+02, -1.444259271832320e+02, -6.084450895703533e+02, 6.582774148053614e+02, 5.396215652378463e+01, 7.105311492363027e+03, -8.657413535888500e+03, -2.347481938222971e+02, 3.049945043091500e+02, -1.663817966635542e+03, -4.324397173372822e+03, -4.667116581647344e+03, -4.134127261690548e+03, 7.620563218756752e+02, 9.648446725821624e+01, -7.630144708195976e+02, -3.284797089023014e+01, 2.163107140443461e+03, 8.033153683816048e+02, 2.793253183670786e+01, 1.346048123506101e+01, -7.321105914976722e+01, 6.089867854776882e+01, -2.733913423246786e+01, 1.765770893235762e+01, 2.457846208372494e+01, 9.842960264472142e+00, -1.538321055857689e+01, -8.084614409427083e+00, -1.408326005948792e+02, -2.519618103861232e+02, -4.434214529399446e+01, -2.794094347813584e+01, 2.543715038418422e+01, -6.628359312278474e+01, -9.473252602190624e+01, 1.132138690163322e+02, 3.424815469016726e+01, 2.504535430864811e+02, 1.035216685463420e+02, 2.579680721858765e+01, 2.012271365024479e+01, 4.300521406027045e+01, 3.814481673737619e+00, 2.957257442012051e+00, -1.918782384728820e+01, 3.306690676815751e+00, -1.103785550141830e+00, 1.305846141791110e+00, 2.567358759846217e+00, 2.130422014850172e+00, 2.327797977044777e+00, 1.265768220255762e+00, 1.470828705946010e+00, 1.971519056428579e+01, 1.707728187476040e+01, -2.863473719404654e+00, 4.169170766326344e+00, 1.173560228235261e+01, -5.429348990434098e+00, 3.684976897992264e+00, 4.029761688875582e+00, 5.175400727625893e-01, 8.544863742980993e+00, -4.022308874495183e+00, 3.435567957653265e+00, -1.011646284668566e+00, -9.370238527185475e-01, 1.362136249234530e+00, 1.321008680918603e+00, 1.480715757115177e+00, 2.161006487314723e+00, -3.376755262601520e-01, 6.457309938984643e-01, 1.694131250324049e-01, 1.977000137194836e-01, -4.661264536354075e-02, -5.449168776790509e-01, 1.180124404053225e+00, 1.976044087147392e+00, -2.891252279061216e+00, 7.581751163799442e-01, 3.479047645599655e+00, -6.520576192079782e+00, -3.368040389807666e+00, 1.061036551140736e+00, 1.101800894975962e+00, 2.459766856881901e+00, -2.307976795991691e-01, 4.993308035776416e-01, 1.748009632227355e-01, 4.640954998186047e-01, -4.838140276828303e-01, -2.945215148402490e+00, 6.045701658161080e-01, 2.027610133336253e+00, 4.474258439967677e-01, -3.754838012324323e-01, -1.240709392672329e-01, 1.415058174375804e-01, 2.611075044527550e-01, 3.105611769636134e-01, 1.734019710800168e+00, -7.974558185489541e-01, -1.334692305840748e+00, -3.749254418572202e-01, -2.014571731405209e+00, -1.768531247313490e-02, 4.125836319244906e-01, -7.563875304867724e-01, 2.794946267457262e-02, 2.052100576166750e+00, 1.458236111195078e-01, 7.463218421499447e-01, -4.240997050942649e-01, 5.061498176202632e-01, -3.166709213390710e-01, -9.829239166495909e-01, 3.340036854788399e+00, 1.631005980053824e+00, -3.179230135122376e+00, 3.632832627720022e-01, 3.615920933096697e-01, 3.505767918929542e-01, -1.442722593421066e-01, 3.343024439126357e-01, 2.146816971668280e+00, 2.373409493188205e+00, -6.068794700857163e-01, 2.025492912201958e+00, -2.739036428358345e+00, -4.263316417470824e+00, -2.251806125087678e+00, -5.704256839616691e-01, -9.978215370046244e-01, 8.673802715915077e+02, 4.338996205899340e+03, -6.098461812968117e+03, -1.625795620409978e+03, -1.199949952599448e+03, 1.866901828626653e+03, 1.705576064186188e+03, 4.533419693226207e+02, 7.530965304061210e+02, 4.119860387498183e+03, 7.897764598217607e+04, 1.625378157959673e+04, -5.481688664489369e+04, 2.006453812022505e+04, -1.730534614340799e+04, 2.237939804912592e+04, 2.213407644074914e+04, 8.075899538170359e+03, -5.707460376092303e+04, -3.185230478970980e+04, -2.379246793608052e+04, 2.391540240759766e+04, -1.212779853599574e+04, 1.096955124881355e+04, -2.785463228942942e+01, -2.010991971483279e+03, 1.609197286246933e+03, -2.931657806023618e+02, 4.994845500265924e+02, -2.327165243085466e+02, -1.375507601446815e+02, 2.551131344861284e+02, -6.329921113109732e+02, 9.311876180509823e+02, 4.979612134182686e+03, -5.035796228184803e+03, -1.268652652415831e+03, 5.993539922448242e+03, -3.306599514161998e+02, -7.493693546004732e+03, -1.111500323311369e+03, -2.245954864402389e+03, 2.043777643117178e+02, -2.383463065931170e+02, -4.660361710958572e+02, 7.190892318121747e+02, -3.663548848244677e+03, -2.329780213095340e+03, 4.515662227655619e+00, -3.102173395928592e+01, 1.715331107771192e+02, 4.872251610371148e+01, -4.698142438645410e+01, 1.203398005276671e+02, 3.753885797274797e+00, 1.509588089266585e+00, 1.244381199775717e+01, -2.209622249363234e+01, -1.036946534696486e+02, -2.265630688094629e+02, 1.226814181831167e+02, 6.858790677982380e+01, -4.192593605765148e+02, -8.812452540967591e+01, -4.565310351191990e+02, 2.466905371233436e+02, 5.011894769724774e+01, -2.004386853459081e+02, -1.892009265864523e+02, -2.509026918528385e+01, 1.048936146565695e+02, -1.570831804543459e+02, 9.940904892713121e+00, -8.022731964906603e+00, -6.847200563969646e+00, -9.667766739575859e+00, -1.397078943228533e+01, 5.011568626651050e+00, -1.814340297906202e+00, -7.940136190796515e-01, -1.869461890531573e+00, 4.701062443869846e-01, 1.889479949397329e+00, -1.345730947982191e+00, -7.832973681057981e+00, 1.779865253760554e+01, -1.922474557983726e+00, -1.843381823031709e+01, 1.647722505916261e+00, 3.427298725604876e+00, -4.886673627294820e-01, -3.192877065236242e+00, -1.691208887739326e+00, 8.339134311991273e+00, -1.198867151521075e+01, 7.530401900139741e+00, -6.139627705074928e+00, 4.451853172039261e+00, 3.008621574844695e+00, -4.417806438042207e+00, 3.839950581517148e+00, -9.586032736779213e-01, 1.127810156819558e+00, 4.564352628408169e-01, 6.660043124975213e-01, 1.566907316517373e-01, -8.297516240236901e-01, -3.023739090189572e+00, -3.981500071535997e+00, -3.139302933662691e+00, 7.988605562202764e-01, 2.831733035083823e+00, 2.521082039186533e+00, -2.311376460567413e+00, -1.125186769876670e+00, 9.908786196021245e-01, 2.250716114778591e+00, 4.059065454126575e-01, 1.177822705773880e+00, -6.719307880807497e-01, 2.992806438829000e+00, -1.940061198654590e+00, 2.384024339794986e+00, -3.214161019325826e+00, -5.955478185575811e-01, -7.658138893651554e-01, -3.173288394534409e-01, 1.367435869613609e-01, -2.502520813260107e-01, -2.696527953130994e-02, 3.335156451615882e-01, -1.388712684568693e+00, -2.314351077191371e+00, 3.116185665554512e-01, 5.549872082878591e-01, -2.373234946016812e-01, 1.663447823860709e+00, -8.139028065875739e-01, -2.341976993945831e-01, -2.144496768108637e+00, 9.219794305796853e-01, -2.726808692951793e-01, 6.092923388480300e-01, -5.944806321635666e-02, 2.942706329008979e+00, -3.444647747098788e+00, -3.681938550328144e-01, -6.771814038488407e-01, -2.361993255675016e+00, 9.984280444901486e-02, 3.659963963991354e-01, 3.028745719892688e-01, 3.762597835133209e-02, 1.336293878918420e-01, 1.302325052709874e+00, 1.804055318904160e-01, -8.074154340342031e-01, 2.229712317013504e+00, -1.438412739950890e-01, -2.828766386264588e+00, -2.393216232244466e+00, 4.050019880113539e+00, -8.200173581685735e-01, 1.725912834580330e+00, 1.695112635682853e+00, 1.850648397526653e+02, 1.291816216515018e+04, -1.014600923798369e+04, -1.196626419468145e+03, -1.592775984122167e+03, 1.313157619779680e+03, 1.077258447057078e+03, 6.593836714784579e+03, -6.561955045187611e+03, 4.770787569228207e+03, 1.413756825273972e+05, -4.191518409416888e+04, -7.695445242183993e+04, -1.924847208609750e+04, -7.559543455380252e+03, -3.851387751524428e+04, -2.443720003926661e+04, -4.801437513421870e+04, -6.513626867946536e+04, -2.871788331053800e+04, 2.106171062548916e+04, 7.747991048403467e+03, 4.467563208102849e+04, -1.736531654068923e+04, 6.658951103046080e+01, 3.606450120157210e+02, 2.778219104249511e+03, 8.460675993663918e+01, -2.076277135128445e+02, 5.858530062134303e+02, 2.476563357727517e+02, -3.992951920419691e+02, -1.191381828866263e+02, -9.185326809328626e+01, 9.341309880091547e+03, 9.705258696291736e+02, 2.664132224183790e+02, 5.685679772244247e+03, -9.982077305881082e+02, -7.278484855229280e+03, -2.790621469259405e+03, -1.005950615164147e+03, 2.040612319887096e+03, 1.123513241420259e+03, 7.151417540083464e+03, 7.200767209879717e+02, -1.722063644487404e+03, -3.352112668281904e+02, -1.858398000646599e-01, 1.812598222227010e+02, 3.872305213198499e+01, 1.461896089853230e+01, 5.990723157998611e+01, 9.524171804792601e+00, 1.269085594840029e+01, 3.449793131983576e+01, 1.171576995018714e+01, 9.968888851718269e+00, -1.094973224244467e+02, 3.769647430768259e+01, 1.555230315622464e+02, -3.509257965176067e+02, -1.603936508917478e+00, -9.794644287256934e+01, -2.154369101938380e+02, -2.896322625092265e+02, 1.412738445818071e+00, -8.448184352361210e+01, -1.040724186953647e+02, -5.390553627220049e+01, -1.226956840261747e+02, 1.983782212343291e+01, -5.022161347528295e+00, 6.482907429964992e+00, 3.074492343945932e+01, 1.312502070172070e+01, 6.571457295079710e+00, 2.683934433319268e+00, 4.730406199211045e+00, 1.980048281607040e+00, 1.844527343233256e+00, 1.934250719264023e-01, -2.131422025868864e+00, -3.196528079648235e+01, 8.683495120212317e+00, -7.508119209845137e+00, 9.189240409143383e-01, -1.594031547696105e+01, -1.703904698191307e+01, -4.026224038704168e+00, 1.815133934479859e+00, 5.251639246736655e+00, 9.683415729172573e+00, 9.792807412494560e-01, 2.224836286145371e+00, -2.376502699003135e-01, -3.378814560678308e+00, 1.495238818858068e+00, 1.706967239848320e+00, 2.685574421571048e+00, 3.027441640660752e+00, -1.357325746752419e+00, -1.451394527762325e+00, -4.972720473182111e-01, -6.255144095806978e-01, 2.395425378688904e-02, -2.184913552833248e-01, -1.010871334987011e+00, 2.049969949063237e+00, -9.668393859153807e-01, -1.378636384817898e-01, -4.629764217494082e+00, -6.234257674803861e+00, -3.005776386615232e+00, -2.923234345019269e-01, -1.487610194856764e+00, -4.611382236014347e-01, 8.374535547191082e-01, 6.162109041404806e-01, 6.141228853713944e-01, 2.350791711298969e-01, 6.995611210381758e-01, 2.929157462603339e-01, 3.595932620247780e+00, 1.640624382664007e+00, -6.196680199190664e-01, -9.770033087982960e-02, -2.195472621962741e-01, -2.192185397614603e-01, -1.379323834083294e-01, 8.120797380304964e-03, -7.050292108759092e-02, 2.140793756772897e+00, -5.848109609236521e-01, 1.878002680938705e-01, 1.951584474237289e+00, -3.642700580843921e+00, -1.096504707369745e+00, -1.195291767622115e+00, 7.996943234282172e-01, -2.143856067557060e-01, -1.842810581743371e-01, 9.722649421279055e-01, 2.926876504398965e-01, 6.641635245705667e-01, -4.104163942928750e-01, 4.328440841238195e-01, -2.700852222394937e+00, -2.906624781973921e+00, 9.252015524441276e-01, -6.472847253572842e-01, -1.129720633814279e-01, -3.803263653223814e-02, 4.625967477978903e-02, -3.812650892784533e-02, -4.636473562495668e-01, -1.760902472561087e+00, 2.202120560617608e+00, -5.566624379304767e-01, 4.357679586774738e-01, 7.709562740769208e-01, -1.651084463140785e+00, -3.867387453668699e-01, -2.514218632454438e+00, -1.330842551712803e+00, 8.065460784929499e-01, 1.701681653798152e+02, 6.466855027868631e+03, 5.442378170502936e+03, -8.666390411821831e+03, -3.533241233062195e+03, -4.413472446822560e+03, 7.147895084679081e+03, 8.694959074264179e+02, -3.479538065194195e+03, 2.656421137700466e+03, -5.278920609140740e+05, -3.635746547800270e+04, 5.676898760525805e+04, -1.350065575332916e+05, 4.067101353875977e+04, 7.070305505822848e+04, 5.682737124844371e+03, 3.875013233922079e+03, -4.593219480511510e+04, -2.927982621889952e+04, 4.589898410160585e+04, 2.847019345825076e+04, 4.114848020054038e+04, 2.975426625038591e+04, -6.069170392810362e+00, 3.067756311967963e+02, -2.262275887870410e+03, 1.895177414782476e+03, -9.068834780575214e+02, 5.983770388439808e+02, 4.799939742072016e+02, -3.494903907417633e+02, -2.697829411415948e+01, -2.248161184441159e+01, 6.084609595995606e+03, 1.150329664383550e+04, 8.806244728113123e+03, 2.054815491516615e+03, -3.574978491408647e+03, 1.285981452990223e+03, -4.473230024330175e+02, 3.556160176144468e+03, 3.417190537723358e+03, 4.698395729161720e+03, 3.417862844280087e+03, -5.479223518339923e+03, -4.376816237853929e+03, 6.773458288505918e+03, -1.451411709124748e+01, 4.643390972745268e+00, -6.976688095879882e+01, -1.656768788706657e+02, 9.266686758542529e+01, -1.511005263800566e+01, -2.448662423012320e+01, -1.080633943039496e+00, 1.092149963033789e+01, -2.798209153275895e+00, -2.123663789595244e+02, 1.121738989565384e+02, -2.980364101600808e+02, 6.219901762483438e+01, 4.747808951797296e+01, 5.802286958131014e+02, -1.691658073548672e+02, -1.063030704555504e+02, -7.461087747210290e+01, -1.737699224005344e+01, -1.205046206205367e+01, 5.209015120649877e+01, -1.893495337678519e+01, 3.354536683452399e+01, -7.934994634172734e+00, -2.265730299425755e+00, -8.295927349023412e+00, -2.277603426519903e+00, 3.741655595073377e+00, -4.282012465406293e+00, -1.734768084089626e+00, -1.473341799844129e+00, -2.419990227128794e+00, -9.154313957698619e-02, 2.516989898838025e+00, 1.927760746960400e+01, -1.547059910948544e+01, -8.693121453663466e+00, -8.955228918286862e-01, 1.213944315852404e+01, 2.130824127034776e+01, -4.490201235460509e+00, -4.558087345086794e+00, -5.589738677330003e+00, 2.296385111808420e+00, -3.673659814521683e-01, 3.962574868286103e+00, 5.794888964421357e-01, 2.456391274702379e-01, 1.851386111263683e+00, -4.241129586265459e+00, 3.615988228287235e-02, 1.214815129564611e-01, -1.246726933580737e+00, -5.361299499447051e-01, -3.704684011841221e-01, 4.711090434520402e-01, 1.571838933559442e-02, -4.567120188416199e-01, 3.952056605318952e+00, -1.833727639476887e+00, 5.982222059738680e-01, 7.150972361212422e-01, 2.559192500534083e+00, 1.093164227993012e+00, 1.732280897158009e+00, 3.307053465495157e-01, 1.789225169622366e+00, -2.790116082320662e-01, -8.079894741861074e-01, -4.704432255727571e-02, -7.990420557502784e-01, 4.330703751202832e+00, -2.703159005452652e+00, 1.942797257456961e+00, 1.272337553808749e+00, 5.604281813412660e-01, 2.387749273906731e-01, 1.029787231899949e+00, 6.076135093120671e-01, 1.993271576182911e-01, 5.390776569418723e-02, 5.736165225180018e-01, -1.579763351497956e+00, 1.334132678782681e+00, -9.157321970443194e-01, 1.237303178279727e-01, -7.986571580622674e-01, -1.369808618733657e+00, -1.011429023905855e+00, -1.549070612028647e+00, -6.235894157409249e-01, -2.329531677216345e-01, -1.235258767398258e+00, 9.893077527519974e-01, 1.065329853123433e-02, 4.021289024178197e+00, -2.470957851155029e+00, -2.209781143886361e+00, 2.031015743779208e+00, 2.043075268652618e-01, 1.051236375796632e+00, 3.011400694757901e-01, 3.980018683794013e-01, 5.059319399056244e-01, 4.942838738990300e-01, 5.367358665325994e-01, 2.087471069103059e+00, 1.605471335400355e+00, -1.191990766337181e-01, -3.341629755027117e-01, 1.267094973423720e-01, -2.805756932762508e+00, -2.011701449338289e-01, 8.389272010182250e-01, 2.992793065621881e+00, 5.873483154517740e-01, 1.489775991420333e-01, -4.359135734047447e-01, 3.340617145877862e+01, -1.435899125618871e+04, 1.077780775160801e+04, 3.245548383299023e+03, -7.641795529330205e+02, -1.546102414169711e+03, -5.137994763781920e+03, -4.822890284771765e+02, -6.995939721178145e+02, -5.919806464430138e+02, -1.666523406485748e+05, -3.356177194294153e+04, 4.818011437644105e+04, -5.996046028635240e+04, 2.088954768480175e+04, -1.859845584125687e+04, -3.146461555227765e+04, -1.958045796602258e+04, 3.283856551379427e+04, 1.665988128162792e+04, 4.592353138424169e+04, -1.119584660788708e+04, 3.438385367274273e+04, -5.127580140289605e+03, -2.581605250384438e+01, 5.462576558976803e+02, -2.389424244274784e+03, 5.472841880565212e+02, -2.793292309298766e+02, -3.875854862422494e+02, 2.224754235002709e+02, 5.558270707474030e+01, -2.225769758155216e+02, 1.317017038831310e+02, -4.700757749321357e+03, 2.261666191414458e+03, 3.904734683184332e+03, 1.120747488765843e+02, 1.288894893931532e+03, 4.426500535226868e+03, 2.580196869822389e+03, 1.936766816309156e+03, -1.800696712599507e+03, 3.214088636473954e+02, -1.101528634726005e+02, -2.952779520777843e+02, -1.867103600630028e+03, -1.894554623451419e+03, -3.139989573939036e+00, -4.067183858546740e+01, -3.217632503813291e+01, -1.967784347104053e+01, -6.067537778385764e+00, -1.668149167724228e+01, -2.007720186449463e+01, -8.580646083946911e+00, -2.917998256929237e+00, -1.463644003032130e+00, -1.055308906364040e+01, 2.087184687937533e+02, -3.439302713297180e+01, -7.303199192436782e+00, 4.208090124381231e+00, 1.578898508625777e+02, 1.228335064970464e+02, -1.291260614444461e+02, 2.320006159938690e+01, 4.491307223511424e+01, -3.569739768536092e+01, -3.565208723084973e+01, -3.818593260479737e+01, 4.603406748820814e+01, -3.982108840934203e-01, 2.692779551088007e+00, 5.721152009788450e+00, 1.489114849493147e+00, -2.432713064001636e+00, -4.728997797143964e-01, 9.008810876352917e-01, 3.074591268544954e-01, 1.101014200684876e-01, -8.121246919890239e-02, 8.630708870366837e-01, -6.875644558650017e+00, 9.676945898334541e-01, 3.147974173535471e+00, 6.771088776766518e-01, -9.146719762521240e+00, -1.424915725750098e+00, 4.645428455293813e+00, -7.908985030553614e-01, 1.217020208557443e+00, -3.186869734897017e+00, -1.486901537368354e-01, 7.984411060748376e-01, -1.483640625948392e+00, 4.257492017897505e-01, 6.212960263134248e-01, 1.844704953579741e+00, 1.285787219859090e+00, 6.075152873449770e-01, 2.824259750751338e-02, 1.791756141863006e-01, 2.069477730828332e-01, -1.130358059729333e-02, 9.707848708623142e-02, -3.312951849985525e-01, -1.993663187498653e+00, 1.387906589383519e+00, -7.522796120729118e-01, 1.249849352116863e-01, -1.146169796519538e+00, -5.352267291529356e-01, -1.399092452514854e+00, 2.301403435525534e-01, 1.285909890942599e-01, -1.998746989497032e-01, -9.657022923903542e-02, -1.039645758546049e+00, -2.974215046926944e-02, -1.081023684926813e-01, 3.896074835886426e-01, -1.185023633008569e+00, -1.274300128946480e-01, -2.943704165588985e-01, -5.971362084210157e-01, 1.300595943661256e-01, 8.043867840434561e-02, 6.892931156070578e-02, 3.605283099346096e-03, -9.315188085342686e-02, 5.523231795840441e-01, 2.490320733922262e-01, -8.698145454773162e-02, 5.818364086951913e-01, -8.417911069657633e-01, -8.116600089663615e-01, -6.162171347629303e-01, -2.971691603946012e-01, -2.357772755444246e-01, 3.492362549539664e-01, 1.358601808114172e-01, -3.816640507106564e-01, 1.633574150682188e-01, 1.701864841992176e-01, -5.902508348098468e-02, -2.593163736951301e-01, -8.844712819724380e-02, -1.328065313016342e+00, 2.613627350001272e-01, -2.181105040859903e-02, -7.569639542710455e-03, -1.159027383527640e-01, -4.726569694591528e-02, -2.128806305192524e-02, 5.878544037174045e-02, -2.630154346658271e-01, 9.300600174746866e-01, -5.879292426905419e-02, 9.172575055155805e-01, -7.649203144941217e-01, 1.270709425413657e+00, 3.397593306032766e-01, -2.036434131529067e-01, 1.411347131178239e-01, -1.642862817877941e-01, -1.584486090056734e-01, 3.520963389394714e-02, 5.146825993875272e+00, 5.064655131490773e+01, -7.706158741975612e+00, -1.093029869538952e+01, 2.198371411022790e+01, -1.735079651271722e+00, 4.755229210472113e+00, -4.788411058360883e+00, -3.396725517418524e+00, 1.074427730125762e+00, 2.719312287842798e+02, -7.526610607863027e+01, -6.818698728227729e+01, 9.655409450163721e+01, -7.423645613954066e+01, -1.269845438174386e+02, -4.472940975607411e+01, -2.209694445479722e+01, 2.526306987116072e+01, -1.506371884793266e+01, -3.911333507154792e+01, 2.177410633136514e+01, -4.157248407040132e+01, 1.999279331458761e+01, 1.599978193116033e+00, 5.425324658532265e+00, 3.118915680645652e+00, -2.610800121612464e+00, 2.540889038331024e+00, 5.037874754276835e-01, -9.923095387331681e-01, -2.455757348645809e+00, 2.914703892340995e+00, -1.421522762461048e+00, -3.486560611604057e+01, -1.079242389573448e+01, 2.126354596928385e+01, -1.171516020675019e+01, 5.617360347686047e+00, 3.420468387613604e+00, -5.133553593963237e+00, 1.513178086469187e-01, -5.852118424103078e+00, -8.324158173522655e+00, 5.990800870107439e+00, 1.926118196917183e+00, 8.444617021581520e+00, 3.883187673498274e+00, 1.725599098110527e-01, 2.788577581648018e-01, 2.765375298350638e+00, -1.499846258842824e+00, 2.906387702908054e+00, 4.458345130934723e-01, -1.376339294681905e+00, -5.095210720867736e-01, -3.553333062679328e-02, -4.932518964886051e-01, -1.833976892184482e+00, 9.923725583387661e+00, -3.749230196003617e+00, -7.911376831473322e-01, 1.533039937085938e+00, -2.177933690130632e+01, -5.423719369583320e+00, 6.837972274601657e-01, -1.364663281054862e+01, -3.675821568016403e+00, 1.196789697137594e+01, -2.154638122100578e+00, 1.486473714313528e+00, -4.411824381653061e+00, -4.357657175194037e-02, -5.187551484451415e-02, -5.778015781510878e-01, -7.701437633494534e-01, 1.403845879491654e-01, -1.724187948354912e-01, -8.886430096965753e-02, -1.641622137369706e-01, 5.676060712046744e-02, -1.522576523295597e-01, -1.223044523640522e-01, 4.705058691422611e-01, -8.394412083310920e-01, 2.397199164637004e-01, -3.907155248662515e-02, -8.858652235010544e+00, -2.987839547718543e+00, 3.069599412405877e-01, 6.841023742294031e+00, 3.421549684282868e+00, 8.388332693250971e-01, -9.754952464548124e-01, -1.782372486358116e-01, 1.001277590139267e-01, -4.283318743399338e-02, 9.246737149599435e-03, 8.146274978159068e-01, -5.251213142404855e-01, -5.545851958794171e-03, 1.364970966382203e-01, 1.512119710201980e-01, 3.095560531817547e-02, -1.494819086892027e-01, -2.359893435604128e-02, -2.779834397078853e-03, -4.209347616545731e-01, -3.727977003520011e-01, 1.229838731015134e-01, -3.463893834462938e-02, -5.713441526328208e+00, 3.673890472052090e+00, 4.066210080681672e-02, -2.180493652154825e+00, -4.766023797076461e-01, -1.121457878885777e+00, 8.998526693484518e-02, 3.640958229074177e-02, 4.895905861279822e-02, 9.623970271970660e-03, 9.540347500928033e-03, 5.180642887159586e-01, 4.374693679178485e-01, -2.478741739841431e-01, 1.619314713075795e-01, -3.038075204765392e-02, 2.987487824861151e-03, -6.972429339229569e-02, -4.265945279137745e-02, -4.950492779463717e-03, 5.532336022416191e-01, 7.910143318357313e-02, -2.914172715666363e-01, -2.133513340790584e-01, -2.118142733798024e+00, -1.367740980822381e+00, -5.509506952978568e-01, -2.662443675847470e+00, 1.439358068680044e+00, -3.821837347690447e-01, -1.171412287199032e+00, -1.783930215310134e-01, 6.761206122181831e-01, 2.270862688907295e-03, 1.444919205848340e-02, 1.010496425653330e-01, 7.504610719673225e-01, -1.499505913897528e-01, 4.161403448243825e-03, 6.381295310383813e-01, -2.382908560362073e-02, 1.262456128456600e-02, -9.631188722433706e-02, 2.355375379819935e-03, 4.808011191513926e-01, 1.722579310651194e-01, 2.186462241754995e-01, 1.690044811801187e-02, -2.850820425659073e+00, 8.891126967444185e+00, 1.371881797058070e-01, 7.729089140787477e-01, -3.038188789987367e+00, -4.044514691714131e+00, -2.796969712488085e-01, -2.231630027254238e+00, -8.291216772020078e-01, -3.433264319312316e-03, 2.498999075710687e+00, 1.332012438217723e+02, 1.251223656099078e+01, -4.598426712569347e-01, 5.395112857931644e+01, -2.389678807917693e+01, -5.439543345107068e+00, -1.608710624928453e+01, -1.962013334561502e+01, -1.394230646097688e+01, 7.582556492909364e+02, -2.506651933015166e+01, -1.783797479959328e+02, 2.489637742739493e+02, -1.914592228017205e+02, -1.935082398813327e+02, -5.331593593203470e+01, -6.378473861093169e+00, 3.752413618039823e+01, -4.143967240433330e+01, -1.021342756500162e+02, 5.819470621902011e+01, -1.157029702594843e+02, 6.279614791887114e+01, 9.556631955636479e-01, 1.125529272101014e+01, -2.905391157816094e+00, 1.457595268531905e-01, -2.454768041149474e+00, -6.887140534916046e-01, -1.649607243087237e+00, -4.530755587322755e-02, 3.084396732282893e+00, -2.203050130409070e+00, -6.654294375077610e+01, -2.239771865829987e+01, 3.670654260430230e+01, -2.392349962773642e+01, 1.274712307246942e+01, 1.812512485900401e+01, -9.382529113303988e+00, 4.030024609665423e-01, 1.292115407363642e+01, -8.154315245322802e+00, 7.878728901735546e+00, 9.021866446692446e+00, 8.742535613125039e+00, 3.916788443448722e+00, 2.199700368225968e-01, 4.876822935794811e-01, 6.878993718693136e-01, 1.363641825375808e-01, 1.813536003517088e-01, 3.214838782958508e-01, -8.487325449612773e-02, 2.120630259930699e-01, -5.571955169632121e-01, -4.815072017820679e-01, 1.999734852277530e+00, 2.967412726187215e+00, -5.073975025773755e+00, -3.582945200397733e+00, -1.561606071057459e-01, -5.379209989495538e+00, -2.574686314671497e+00, -1.677347970922775e+00, -2.028502921863475e+01, -6.507888507643490e+00, 1.307874219423744e+00, 4.448884670963015e+00, 4.483583257556382e+00, -1.686986335670289e+00, 3.413008305515160e-02, -1.656007835171375e-02, -2.171343561190044e-01, -1.688057162179500e-01, 2.921859706893828e-02, -2.803498281514192e-01, -1.222535720087786e-01, -8.344234157850422e-02, -1.575069813353132e-01, -1.028422440310856e-01, 2.618555451313153e-03, -1.549763852548346e-02, -1.090105511021163e+00, -1.910073327858153e-01, -4.472084221511936e-02, 8.610717358421569e+00, -3.117596749129850e+00, -2.304638388686748e+00, -1.546587445046382e+00, 2.384281710451374e+00, 8.354949533618578e-02, 1.040598146812198e-01, 8.689030714260434e-02, 2.307357518983027e-01, -3.578639460862636e-03, 9.226382527674716e-03, -1.255616868306945e-01, -3.748670595617618e-01, 3.818227762185580e-02, -3.615132137132410e-02, -5.060138799161617e-02, -7.771897880242554e-03, -2.197285727284333e-02, 8.532334860968898e-03, 2.138462245346125e-03, -4.845759377572150e-01, -4.371297106264695e-01, 1.074154083413870e-01, -2.390114697188598e-02, 1.687468521647539e+00, -3.088575095114527e+00, -7.548900550045768e-01, 9.330796943580694e-01, 3.715162299762361e-01, 2.346546792105982e+00, 6.135812290668390e-02, -2.188103672292547e-01, 2.855020248718196e-02, 9.585403190848059e-03, -2.657930993662488e-03, -5.715445007309476e-01, 4.818193958703941e-01, -8.555668225730112e-02, 1.378941140821803e-01, -3.464588438674002e-02, -8.595858772211166e-03, 2.138147151545290e-02, -1.628111008419277e-02, -8.863771488128152e-03, -4.138816972007761e-01, 8.025541016435965e-01, -2.366645482381997e-01, -8.601391626860116e-03, 9.292014598025446e-01, 3.559548408795038e+00, 1.155421995214984e+00, 4.437301039468629e-01, -1.916793934056406e+00, 1.306635192743362e+00, 2.171853934518424e+00, -3.947064584554231e-01, -8.420369451022565e-02, -1.360577739859255e-02, -9.516563926515034e-03, -9.773854402911720e-01, -3.617335969415459e-01, -9.712701513800456e-02, 9.428153131965765e-02, -1.077712801337847e-01, -6.265486559865737e-03, -3.631560651299642e-03, -4.639718391853024e-02, -5.742073570958318e-03, -4.010145326788904e-01, 4.863862190564630e-01, 8.858718858336592e-02, 2.270346459083010e-01, -2.399088741804874e+00, -7.221662264263353e+00, 1.364375650406692e+00, 1.052325299659078e+00, 2.114321626752560e+00, 2.514798537130187e+00, 1.834699513268828e+00, 1.154281064567050e+00, 2.144176415201333e-01, -1.055761713249368e-02, -5.083421422936073e-03, 3.093506823472463e+01, 8.524123338455715e+02, -5.316510497205081e+02, 9.019236902295165e+02, 1.320012842331985e+03, -3.225810982634399e+02, 1.662610607902116e+02, -5.994944168001534e+02, -4.352726602877571e+02, -1.616412151331646e+02, -1.738897954969368e+04, -7.643726223926195e+03, -2.706997433989364e+03, -4.154263735933302e+03, 1.171448770573907e+03, -1.353733399083051e+03, -7.199522990081907e+02, -1.961155336925897e+03, -5.942019917623430e+03, -3.437137463407390e+03, 1.009149210632526e+01, 1.955656167135259e+03, 1.506646396678877e+03, 3.012452149760305e+02, 8.614448557119625e+00, 4.895723859416705e+02, -5.188542197321023e+02, -3.052270374943204e+02, 6.927080369203591e+02, 1.120865059613402e+02, 2.167948662567561e+02, -1.198624407206838e+02, 3.066590300437813e+01, -1.318872248188002e+02, -7.384572819799931e+01, -1.874620345725258e+03, 8.467588009625633e+02, 4.885693158429335e+02, 1.705845075384620e+02, -1.133507400545819e+03, -2.448108949904814e+02, -8.663757305696868e+01, -8.980979831542754e+02, -2.570528211913890e+02, 9.683995024855577e+01, -2.270226011664312e+01, -7.874104186110334e+02, -4.458343375087461e+02, 4.575646424121246e+00, 1.232468557177424e+01, -1.140501969603971e+01, 1.255609572798922e+00, 1.273039672231756e+01, 2.061134897872489e+01, -9.482198803725725e+00, -3.244542521250541e+01, -9.045375552124380e+00, -2.026601769319523e+01, 1.271073396602086e+00, -3.190852659512033e+01, 2.648878192789285e+02, 2.720730626177039e+01, -6.319425971755648e+01, 7.994107829612078e+01, 2.315303984480780e+02, -4.848681714437165e+01, -4.996538676926366e+01, 1.199835460153664e+02, 3.184234174860795e+02, 1.340060702774327e+02, 1.610300767631813e+02, -1.210241092722993e+02, 3.396469432003853e+00, -3.890378758700578e+00, 1.318970645978723e+01, -9.704657713530739e+00, -2.995566813437079e+00, -4.023358521197730e-01, 1.779641691982219e+00, -2.343760834085129e-01, -1.733768079202138e+00, 7.846289241400544e-01, -3.318302607409841e+00, -2.246297557332744e+01, -9.193275792393111e+00, -4.040717169540592e+00, 1.861114773804688e+00, -1.140833165996332e+01, -3.132338881019339e+01, -9.714209990774176e+00, -1.495827369924134e+00, 8.649488163319297e-01, -5.372872786023642e+00, -5.874886692914297e+00, -2.020584734143724e-01, 3.433057096853729e+00, 2.574667841969475e-01, -3.051907436857641e-01, 4.427785935765835e+00, -3.012580807601189e+00, 1.494327419878162e+00, -6.810346790420094e-01, 1.637202867186017e-01, 1.325668067762085e+00, 1.461760226940162e+00, 3.549284474586817e-01, 9.918501463439946e-01, -3.351266076563884e+00, -1.968968540718403e+00, -4.344981199155867e-01, 5.775760630184406e-01, 1.414180809556608e+00, -1.994634974197513e+00, -9.980366998602717e+00, -6.901928510243458e-01, -3.901118923522963e+00, 4.686056016648068e+00, -2.548161013715662e-01, 8.680701953936768e-01, -9.694537322272253e-01, -7.049516306783134e-02, 4.844506066315801e-01, 3.417966319718324e-01, -7.702250089750653e+00, 1.091603064294035e+00, -4.189123888856188e-01, 4.454644723049269e-01, -1.325769136914886e-01, 2.120816853595343e-01, 3.751546727182108e-02, -5.560244233101012e-01, -7.777668608394888e-01, -4.357085043344298e+00, -1.653525434618346e+00, 1.189474597477667e+00, 9.936070349494161e+00, 1.090261876122331e+01, 1.633289167534851e+00, -7.402507410112809e-01, -9.840108075759630e+00, -1.156271504909224e+00, 2.612328292142283e+00, 4.059941350232045e+00, -3.988164072616622e-01, -1.024315352411956e+00, -9.011765427072929e-01, -4.959169539992397e+00, -1.784484973161779e+00, -3.138189882693544e+00, -2.419920726239408e-01, -1.634360812228770e+00, -4.204315710137446e-01, -3.975747659683907e-01, 2.864594154522828e-03, 4.092365849916143e-01, 4.052470951969183e+00, -2.259918039289912e+00, 1.293785892662801e+00, -1.280055832535134e+00, 1.591212599809388e+00, 9.702810976661304e+00, 1.854738678193152e+01, -3.562463854719325e+00, 4.686824309978025e+00, 5.743405682023103e+00, 1.841519453055277e+00, -5.983164236179212e+00, -7.935617976234509e-01, 1.044228722073415e-02, 5.916610692903871e-01, 1.506961676610386e+00, 3.887223546870045e+01, 1.133855914407302e+03, -7.069865072287446e+02, -6.844644367730234e+02, -8.395624749563327e+02, -2.542237963650512e+02, 1.177889938916889e+02, 5.809690473032175e+02, 2.686157895168321e+02, 1.746102376783240e+02, -8.336968660297045e+03, -8.165047119580794e+03, 3.077948560916544e+03, -7.001467872447399e+03, 1.226757231988340e+03, -5.799255158725556e+03, -5.349844855172747e+03, -4.170945871763725e+03, 2.584635682862091e+03, 1.401811921819884e+03, 6.042220551558135e+03, -7.803008322583757e+02, 4.897846354021830e+03, -5.449057046552100e+02, -9.199421829092774e+00, 5.483649459860833e+02, -4.160688351864391e+01, -1.781527864320859e+01, -1.075062819560537e+02, -5.130219181056631e+01, 2.813335642609532e+01, -1.357561816586613e+02, 2.593402839956360e+01, 2.214262216376799e+01, 1.031388136350518e+03, -1.616073684023277e+02, 4.057367459626370e+02, 3.850621272721993e+02, -4.013331781648513e+02, -5.140467416636291e+02, 2.333692084126713e+01, 2.228610765773671e+02, -6.785797632708538e+02, -1.847245544272762e+02, 2.093583476387768e+02, 2.260726026789110e+02, -2.802704081494693e+02, 5.019398277047333e+02, -4.946821508959555e+00, 1.784806027530805e+01, 8.294988650532605e+01, 5.343105319809251e+01, -5.042425002826419e+00, -1.815817708220433e+01, -5.007536160102785e+00, -1.283260206902373e+01, -1.040680923147731e+00, 2.529709673317544e+01, 5.000635030234302e+00, -8.345430065197986e+01, 5.574787469887346e+00, -1.716107821323897e+02, 2.753705474913552e+01, -1.978140183311427e+02, -1.911654307354834e+01, -2.294196913986535e+00, -8.588488607739539e+01, 1.220303935437484e+02, 2.123396510677654e+01, -1.469044868719776e+02, -8.011365034106534e+01, 8.429527621960519e+01, -1.785277800688156e+00, 1.637851194345511e+00, 1.036991248091021e+01, 2.094418629699561e+00, 7.390680413470109e-01, 2.715766507987057e-02, 3.491722481709181e-02, 1.602557955641872e+00, -1.654895927466752e+00, -2.598301551055817e+00, -1.573764785721468e-01, -1.865010489917154e+01, 7.646130991128930e+00, -2.965495684460830e+00, 2.447304033241322e+00, -1.116701392584308e+01, -1.248554405873322e+01, -8.059221101444669e+00, 1.184029270699672e+00, 4.399686154275406e+00, -5.612669052060047e+00, 2.393656119306806e+00, 1.343957702029138e+00, 6.881731827949344e-01, -2.112764736869074e-01, 1.414581280510436e+00, 3.246765209409268e+00, -1.680465601088256e+00, -2.282872974508363e+00, -4.835021100325850e-01, -6.486158258863157e-01, -9.614625123821934e-01, 5.981583292575905e-01, 7.667058243201986e-01, -3.493808062149676e-01, -6.743636614827238e+00, 1.279286376214999e+00, 1.333346545893895e+00, 2.427112828315864e-01, 3.357424645386807e-01, 2.162858916569423e+00, 2.411275546697054e+00, -1.059072362978280e-01, -3.896047028578961e+00, 2.427347957768989e-01, 1.187572759376207e+00, -2.050548585581172e+00, -4.393240798695747e-02, 5.489290576089293e-01, -7.269715265364456e-01, 3.586309937180528e-01, -3.081609337415460e+00, -1.473800833695336e+00, 1.744510155958807e+00, 1.443452042789314e-01, 1.162700454109981e+00, 2.481641733292288e-01, 1.907491038500555e-01, 4.843617879580401e-01, 1.613042061688172e+00, -2.995727309667766e+00, 7.674615612952469e-01, -8.767525301437411e-01, -1.154535725552674e+00, 2.812094367264475e+00, -3.932441596436192e+00, 2.086848089518676e+00, 1.089208096055518e-01, -2.375739543339951e+00, 1.237430037663262e+00, 1.897136574124933e+00, 5.606632500059902e-01, -1.513152430139298e+00, -2.669540097809852e-01, 4.210789494810497e-01, 3.572423131442134e+00, -3.383510572323804e+00, -4.457073414826669e-01, -8.616562034834935e-01, -6.349503895618887e-01, 9.028193211818228e-02, -2.691227222584201e-02, 5.357754024346807e-02, -3.036014227484634e+00, 1.926664752590574e+00, 2.590238523918308e+00, -1.627343550895496e+00, 1.763476494765728e+01, 5.144565490668227e+00, 2.685985139377091e+00, -3.360006815764837e-01, 9.350673894023677e-01, 2.204304278201322e+00, -9.276761599843311e-01, -3.523379760121107e+00, -1.215359698413868e+00, 6.294994041786608e-01, 4.275230933438624e-01, 2.412787181856723e-01, 2.587061884398995e-01, -2.921463151353641e+00, 1.856444267428387e+01, 6.630245922099154e+01, 1.186968673985223e+02, 1.735625920295961e+02, 1.383192943165301e+02, -1.732818702487739e+02, 4.096134362532621e+01, -4.992767851779291e+01, -1.020011953215238e+02, 8.715532189218510e+02, -1.595421550881463e+03, 4.284392992905362e+02, 3.537596264357961e+02, -8.151733289163172e+01, -2.009224558877954e+03, -9.721172869865132e+02, -5.995061046200236e+02, 1.323069596112540e+03, 5.725508631441883e+02, 1.900139569481287e+02, -3.930507071016454e+02, 2.200346836483770e+01, -2.323914396473441e+02, 8.836644005571525e+00, -4.925333425954315e+02, 1.759888287766241e+02, 2.877968744441843e+01, 1.224211897932957e+02, 2.694961853193956e+02, -5.402385028346747e+01, -5.430098778252682e+01, -8.832284222631470e+00, 6.288509024155540e+01, -2.731156257548057e+02, 5.395553239472313e+02, -1.555595089775436e+02, 1.272801735326312e+02, 6.989634233013430e+01, 2.771275418100744e+02, 1.993522135350084e+02, 6.917823256065029e+01, -2.290771707762062e+02, -5.690919912864493e+01, -5.955022219773539e+01, -1.576078750149911e+02, 3.304736131599144e+01, -8.719488864997751e+01, 1.031399869550492e+00, -3.055785777456099e+01, -4.004985719074676e+01, 2.268436507257709e+01, 1.437412699032723e+01, 1.552300820735220e+00, -2.031134904798484e+01, 4.826430255357717e+00, 7.813771305630421e+00, 1.574984109773718e+01, 7.198693764049469e+01, 1.722609256862100e+02, -3.791296384622112e+01, -1.060449007264255e+02, -5.800110176985830e+00, -8.445076359937710e+01, 2.101165519168925e+02, 5.843711223641110e+01, 1.057807983553185e+02, -3.165047631523430e+01, 7.490639161565490e+01, 6.894914076435542e+01, 1.318238905359571e+01, -4.765761183822195e+01, -5.312928460664187e-01, -1.157633402228114e+00, 1.079821356099713e+01, 1.175579773512036e+01, -1.666008435858777e+00, 2.603523733314521e+00, 4.650638684588816e+00, 2.385731001055485e+00, 2.543990396532467e+00, -1.149115324223069e+00, 3.765826510277465e-01, 3.812673186043781e+00, 3.743892064782306e+00, 6.934516289020452e+00, -5.473428277548692e+00, -1.901457597140960e+00, -2.307919429035356e+01, -5.782509905908328e+00, -4.960992715362771e+00, 1.061745386984547e+01, -6.623592549280439e+00, -4.314730686921016e-01, -1.848188920759174e+00, 2.192171525664482e+00, 6.494202804457738e-02, 1.391128361138062e+00, 6.160131533192629e+00, 5.239225602568738e+00, -8.097009770719240e-01, -1.819359622683783e+00, 3.310703360580602e-01, 7.209829107098200e-01, -1.140333214108979e-01, 9.525481007327379e-01, -2.001646895175520e-01, -6.967481889749794e+00, 3.352939170066441e+00, -4.379806450147476e-01, 9.474107208058753e-01, -3.169394399877281e-01, -7.627017921204386e+00, -7.208191252824061e-01, 2.437460207006998e+00, 4.106268837764865e+00, 5.472380094188694e+00, -3.919034424798431e+00, -4.666196010069009e-01, -3.605585666971429e-01, 1.554039507533432e+00, 5.257922226706987e-01, 2.850024120556101e+00, 5.449638627550477e+00, -2.749942846469052e+00, 1.703243842740444e+00, 1.439111570014797e+00, 3.183321554525699e-01, 3.923735501054422e-01, 1.005257900317587e-02, -3.003345244086646e-01, -2.621743871462336e+00, 3.894031223543611e+00, 1.953438643709911e+00, -1.481878096858091e-01, -3.006149735748961e+00, -2.835765049476759e+00, -4.482914130006063e+00, 1.569909070089408e+00, 4.762278737959231e-01, 3.848811439348829e+00, -6.028839517595930e-01, 3.963298110779055e-01, -1.343805052801311e+00, -6.476822670315554e-01, 7.574176481213403e-02, 4.281165336681473e-01, -4.050051032232728e+00, -3.805550050529650e+00, 2.687348427579427e+00, 2.256613198200968e-01, 1.389831590095979e+00, -6.299206706436037e-01, -3.876923061976455e-02, -1.774337607499500e-01, 1.228889065956898e+00, -5.516184137529358e+00, 2.368428635675513e+00, -1.179583592777735e+00, 4.665553552364916e+00, -9.352306246882652e+00, 5.136139240660450e+00, 5.326183326459026e+00, 3.002311348993707e+00, 3.124784925912270e+00, 2.694931849647187e+00, -1.102916248205617e+00, 2.139136798216172e+00, -5.877895806942056e-01, 7.478887781040371e-02, 1.338349740864611e+00, 5.165400446334761e+00, -1.496485750573194e-01, -5.629497993085367e+01, 5.413911328399687e+02, -5.676964971394035e+02, -5.432093468851334e+02, -3.077682899757338e+02, 2.758323060143892e+02, 4.222033998307205e+02, 1.422953348613012e+02, 1.231597756150995e+02, 2.246347327997175e+02, -1.077984852566072e+04, -8.448276224607223e+03, 6.878307441277546e+03, -5.752774166420596e+03, 5.651429042174568e+03, -6.099136399664700e+03, -5.131915189358098e+03, -4.794103383157292e+03, 5.652355996531868e+03, 4.748795280680067e+03, 5.322411427098814e+03, -5.333494793257430e+03, 5.114938376869343e+03, -5.054830943579862e+03, -3.785148718118834e+00, 4.549302292884882e+02, -2.673953670526722e+02, 2.395097368260893e+01, -8.308444253302208e+01, 3.539575690678208e+01, 6.336747403204900e+01, 8.182369217352356e+00, 5.728508477497309e+00, -8.924248448179954e+00, -3.084999311093251e+02, -1.958960772563810e+02, 6.795997166861071e+01, -1.939864544548924e+02, 1.417994279726555e+02, 2.420687098859430e+02, 7.320907882565517e+01, 1.858891503622548e+01, -3.599124919739594e+02, -1.087433442488901e+02, -7.727987793884746e+01, -1.269104173487076e+02, 4.715060726293230e+01, 1.337631203356337e+02, 8.075473947718118e-01, 2.271792653735780e+01, 2.219104221545437e+01, -1.707192854877714e+01, 1.498075479287089e+00, 1.103873080324294e+01, -7.481446712751598e+00, 8.804863813317962e+00, 4.585346373134241e+00, 2.536545218262677e+00, 3.325860867518818e+01, -1.736138561394010e+02, -5.638394901151806e+01, -5.125702726470043e+01, -3.019187610211357e+01, 7.420503625008308e+01, 5.065859181296928e+01, 8.516337226283116e+01, -9.105165437642565e+00, 7.791701843650108e+01, -7.682119030255213e+01, -1.587551927502401e+01, -8.478839500678196e+00, -8.485674824962983e+00, 6.542216415346581e-01, 1.453663474083892e+00, -9.363412303952174e+00, 1.781445720286292e+00, -1.823714376073739e+00, -1.125922972182411e+00, -1.351110935781494e-01, -1.101914261421671e+00, 7.583540749783878e-02, 2.891233722193132e-02, -6.543560994285434e-01, 5.000505145716081e+00, 1.032620138119338e+01, -2.324952488843414e+00, -2.181179692391407e-01, -1.988902934869989e+00, 2.330004836331870e+01, 2.845845807362616e+00, 3.154344595803920e+00, -7.032534424667950e-01, -1.890982637271468e+00, -2.667968611673618e-01, 3.959914795375863e-02, -2.663787608174558e-01, 6.569338252336291e-01, 2.605084018302730e-01, 3.585054333152701e+00, 1.246908885101471e-01, 4.965136514996145e-01, 3.114439124159446e-01, 5.739822282048659e-01, 1.341313619767813e-03, -1.124077181605123e-02, -1.637516740040156e-01, -2.067174155520514e-01, -3.132369974948900e+00, -1.754206913433963e-01, -7.778212852219896e-01, 3.840679455626989e-01, 9.267947075452447e-01, 7.115913359344603e+00, -1.940745752577196e+00, -2.751447284154127e+00, 1.862206657314715e+00, -2.517899652663178e+00, -2.073133239953006e-01, 1.096211240980044e+00, 7.139161132550333e-03, 2.570165008069291e-01, -1.461019640045049e-01, -1.430247003610911e+00, 1.005650533992571e+00, -2.912606675556826e-01, -4.155458925005794e-02, -3.802141664426357e-01, 2.002071260222643e-01, -1.299582852640271e-01, -2.972674077419249e-01, -1.455804957308863e-01, 1.926176239616658e+00, 1.379680716083543e+00, -4.123398671153721e-01, 2.801595315264842e-01, 1.251752656792294e+00, 3.974560058197870e+00, 2.474648561855235e+00, -2.147619015505184e+00, -1.014792280580187e+00, -2.550471702747003e+00, -2.243043858550565e-01, -3.390827980795699e+00, -1.221925245855599e-01, 6.089762767320335e-03, -1.983626427888718e-01, -1.217813024774670e+00, 3.244280853039917e+00, 3.828233379615153e-01, 3.082508690148445e-01, -5.126654387471407e-01, -7.474461683183597e-01, 1.190441603066630e-01, 4.842171970566601e-02, -1.231627116615915e-01, 1.559825794055176e+00, 2.426952543516816e+00, 9.379025173618396e-01, -6.663906766482262e-01, -1.729201239214145e+00, 4.849546223215378e-01, -5.519549736433735e+00, 1.074198298287965e+00, 3.643022307712445e+00, 3.116643860639052e+00, 4.351258256328009e-01, 1.179257478196180e+00, 3.783865356182416e-01, 7.654150480093851e-02, -1.348505932739762e-02, -5.641292296396401e-01, -3.034457628790063e+00, 1.200123773087071e+00, 1.127931551478826e-01, -6.442615416480308e+00, 3.768637926464307e+02, 6.235937023304962e+02, 6.504063349373239e+02, 2.007996461904436e+02, -2.268062892214926e+02, -4.176892751795980e+02, -2.239123003985348e+02, -2.768286163538930e+02, -2.670900259990227e+02, -1.134038112381185e+04, -4.645506710353449e+03, 2.828545587670017e+03, -3.904720294670877e+03, 3.319353429494603e+03, -1.837182151727054e+03, -1.852307065039487e+03, -2.163105287090924e+03, 8.672861040588882e+02, 1.415217187170580e+03, 2.380760761616475e+03, -1.920691377964019e+03, 2.607496672421474e+03, -2.275130606813865e+03, -8.119739930864228e+00, 1.790717788511736e+02, -5.359173757686921e+01, -1.169151610947065e+02, 2.204400519329104e+01, 7.146847286672299e+01, -4.953392204698780e+01, 6.312808427196865e+01, 6.533372642311665e+00, -1.843066316231763e+01, -2.265296813613918e+02, -3.204842910403038e+02, -1.977778859068479e+02, -2.277643543864932e+01, 1.227125544741700e+02, 2.730484632755817e+02, 1.767378906260602e+02, -2.080731585542035e+01, -3.645126628860064e+02, -1.064280835114158e+02, -1.015723605903674e+02, 1.883184925592733e+02, -6.104809317803077e+01, -1.309323254671912e+02, -3.640098579226290e-01, 3.507564879243119e+00, 2.606492930206752e+01, 7.922083071201730e+00, -2.428924658691091e+01, -5.517449697092319e+00, 1.536104436683136e+00, -2.715626975605080e+00, -1.130410564146249e+00, 4.090007102116503e-01, -3.902627473081480e+01, -5.881378856291239e+01, -2.086145643553797e+01, 5.841267498609423e+01, 2.348151274662706e+00, 8.664154348844042e+00, -1.230867239227860e+00, -1.370806843062726e+01, 6.442378129780803e+00, 4.399698037464331e+01, -6.079649150259318e+01, 4.097864928242593e+01, 4.059429161712277e+01, 9.534299347427168e-01, 8.451656979569344e-01, -7.385127767555910e-01, -2.159975371046861e+00, 1.821368771348838e+00, -1.684394628251608e+00, -1.277046634190659e+00, 2.124011842878350e-01, 3.083321712872067e-01, 1.398830547487146e-01, -1.371688444287790e-01, 5.348962684809792e-01, 2.668690587433821e+00, 1.574614292171207e+00, 2.995385113800486e+00, 5.020223730674634e-01, -4.958662332203920e+00, -3.432355377719806e-01, -2.371369638214234e+00, 3.714054583525515e+00, 3.994022998105009e+00, -2.035698010137673e-02, -2.757093929450607e+00, -2.566076800371456e+00, -3.943985116700883e-01, -2.848157594048945e-01, -3.433276785329620e-01, -1.375630658410347e+00, -3.150192050191815e-02, 3.131166483484853e-02, 4.196578948722728e-01, -1.711322846405531e-01, -6.507615788655577e-02, 5.989360824232143e-03, 5.559403612900785e-02, 4.419799156024162e-02, 1.052279190936212e+00, 2.851763834735581e-01, 2.010205753628357e-01, -2.125533911682584e-01, 4.181174109609757e-01, 2.341656256839760e+00, -4.004426007637827e-02, -4.914705080863561e-01, -1.991307454821810e-01, 6.273253701023509e-01, 3.244104592900630e-01, 5.101061900569686e-01, 1.113306308799408e-01, 9.677317529776730e-02, 3.226788592781532e-02, -2.796548678770026e-01, 1.039079230142276e+00, -2.622143731514365e-01, -1.151403537997195e-01, 1.220973458189433e-01, -2.554100290270460e-02, -1.349560533024072e-02, 6.262518264232692e-02, 2.579828096744152e-02, -2.617862720901977e-01, 6.835191902113281e-01, -9.466784203174365e-02, -3.555436966821942e-02, 1.338597478055505e-01, 6.777702693796680e-01, 8.042273754730909e-01, -3.542396090597245e-01, -2.652255395908213e-01, -2.859589108586802e-01, 2.231635469943132e-01, 2.737140961353338e-01, 1.608495580745549e-01, -3.470697180035887e-01, 5.409672696401660e-02, 5.826906244107574e-01, -1.053262115063119e+00, -2.102119507409058e-01, -7.099636666991779e-01, 3.422779408885681e-01, 5.974537470019053e-02, 6.356193508226490e-02, -6.319586451090105e-02, 3.275769770026176e-03, -5.693081708480323e-01, -3.822954350960429e-01, 2.387276477022792e-01, 7.787574461588112e-01, -1.698685984131862e+00, -3.297097429018899e-01, 9.724090083005481e-02, 3.667885582099385e-01, -1.222110464463010e+00, 5.930092368203864e-03, 7.597600340121354e-01, 8.883051256021379e-03, -4.161114564377907e-01, 8.331605804542349e-01, 1.051244268862097e-01, -1.384086671382876e+00, -4.303604318908600e+00, -1.087322990379732e+00, 2.081732383268025e+00, 2.911724665175742e-01, 2.596410691912355e+00, -1.034792333245040e+03, -2.896720825342973e+02, 3.032863406797781e+02, -3.451840618682614e+02, 1.344858025978184e+02, -2.420026023465482e+01, 6.469290750183535e+01, 9.311383241991497e+01, 1.638135128067434e+02, 1.093542300419559e+04, 6.815829722686062e+03, -6.231643668915122e+03, 3.631873993615585e+03, -3.631860292478427e+03, 5.719490039923006e+03, 4.320757692034665e+03, 3.247048594851049e+03, -6.245121410065281e+03, -4.012644997660707e+03, -3.790558943288768e+03, 3.706201892572351e+03, -2.965114542298304e+03, 3.159132701878949e+03, 1.127770437046985e+00, 4.708486244385655e+00, -1.594899240865894e+01, 7.378153389486165e+00, 9.269317329510424e+01, 2.144498943201284e+00, -1.637763409857182e+01, -3.690917161590350e+01, -2.872058436763533e+01, 4.765875621902526e+01, -4.225986153671066e+02, -6.359288078967475e+02, -2.959355326301518e+02, -4.200772486884848e+02, 7.923084470916557e+01, -1.501280866644792e+02, -1.933473757939357e+02, -3.583130337132098e+02, -5.842800009064538e+02, -2.440345485105934e+02, 2.029529948228047e+02, 1.077225401902654e+02, 3.204107632637495e+02, -6.682983374086598e+01, 1.648310970121234e+00, -1.624431231604840e+01, 1.410527459123273e+01, 1.353041942102887e+01, -3.086118214363470e+01, -5.803388642328813e+00, 7.183627751264418e+00, -6.658409802329920e-01, -3.156426504430081e+00, -5.051300796551325e+00, 3.396156782649731e+01, -3.756226364758770e+01, 7.674725335862342e-01, 3.518620818488166e+01, 1.787796549892648e+00, 3.731495212277073e+00, 5.657273644225731e+01, -1.431833101407100e+01, 4.264659890161128e+01, 1.709000092293722e+01, -2.495074915141531e+01, -1.445920802024764e+01, -5.761680303644265e-01, -9.111897229273628e+00, 6.631991228748243e-01, 5.151769326836650e-01, -3.551169086077991e+00, 2.177533203951528e+00, -2.083048284315739e+00, -6.489064816665341e-01, -8.882828667998464e-01, 3.509436693177333e-02, 1.347067472346345e-01, 1.906099493887871e-01, -7.123024914861547e-01, 1.503020767980249e+00, 4.446628814403954e+00, 3.354649734697121e+00, 5.184839452545775e-01, -1.705643970648688e+00, 8.294278655636025e-01, 9.689973494574354e-01, 2.361758913815949e+00, 2.367001297326675e+00, -5.147926363764966e-01, -1.830475317246486e+00, -1.584169929795116e+00, 2.947922732885777e-02, 1.836962199655930e-01, -3.581745516972871e-01, -3.345799082517179e-02, 2.955123751210948e-01, -4.109681102226163e-01, 6.568037110035403e-01, 1.949632847180092e-01, -6.367157392080459e-02, -8.360127386801197e-02, -8.987815272911320e-02, -1.102499141178669e-02, 4.346151405513168e-01, 5.836699937756645e-01, 3.959381838455641e-01, -2.230585369986553e-01, 5.574131342939370e-01, 8.674369881509096e-01, -5.572580694161591e-01, -6.639570709196249e-02, -1.405653602431435e-01, 4.815248586858754e-01, 1.437975528946616e-01, -3.795626320062165e-01, 9.264464922147722e-02, 3.187480426998832e-01, -6.881135869616634e-02, 4.463998631078197e-01, 6.862816618921748e-01, -3.170622472539880e-01, -3.762242947688412e-01, 1.006270224242186e-01, 4.742670993750523e-02, 4.399508902722529e-02, 5.177817325213459e-02, 1.679564612804985e-02, -6.110892298391126e-01, 5.057980771581164e-01, 7.900383017691974e-02, 2.327582630552873e-01, -1.411344713433229e+00, -1.156861770763497e-01, 7.896516471155207e-01, -9.258158217814619e-02, 5.513387438294828e-01, 3.925407359073677e-01, -1.278846768275412e-01, 2.175027335217760e-01, 5.507420538548512e-02, 1.038835579412683e-03, -7.293052263646066e-02, 1.046927897115727e-01, 6.665856169232637e-01, -6.283462909743543e-01, 5.841515310042342e-01, 1.793331900704016e-01, 6.713065183901669e-02, 6.780394963437975e-02, -5.405305626608915e-02, -1.072888708358485e-02, -5.103594773357126e-02, 7.257256854453981e-01, 4.675739894883068e-01, -1.907037234965446e-01, -2.425347252114666e+00, 9.329444047263686e-01, -5.952679802277350e-02, 1.830780258093701e-01, -5.389914214996583e-01, -3.207785642763438e-01, 4.418502239380445e-01, -2.843773121643436e-01, -1.186526793935340e-02, -2.251426042730414e-02, 6.423540327653753e-02, -9.041345461332614e-01, 1.997255225130260e-01, -2.381091136436988e+00, 9.995202382645145e-01, 3.008572906877263e-01, -5.309865772755668e-02, 2.726552159892749e-02, -2.907968528488482e+02, 3.050754742112733e+02, 8.558322043022557e+01, -1.854910416795044e+02, -7.974337671235600e+01, -6.497609797340876e+01, 5.092201620312849e+01, -1.586020281777706e+02, 3.790359863827360e+00, 1.126060307058064e+04, 5.503475674993459e+03, -3.437867431520138e+03, 3.362946696258462e+03, -2.607040983700084e+03, 3.247238401429609e+03, 2.590877335435872e+03, 2.244825069984278e+03, -2.314964471411290e+03, -1.670725560840354e+03, -2.350916992079688e+03, 1.825248525365147e+03, -2.201279189501019e+03, 1.767907677330089e+03, -6.025993882502286e+00, -7.482125108848059e+01, 1.786663557500981e+02, -4.602437886822572e+00, -1.114814859799851e+02, -1.576979893542388e+02, 6.343060102953964e+01, 1.280699388302431e+01, -1.217743115759703e+02, 5.987982157908790e+01, -6.635452532685032e+02, 1.342957562933384e+02, -9.738319604149359e+01, -2.868247567070630e+02, 1.355332691095437e+02, 1.530284820170826e+02, 4.026921102773257e+01, -1.165934304160606e+02, -2.400262191294707e+02, -2.022171496601305e+01, 2.230618849014880e+02, -6.626308487188227e+01, 1.944028725887495e+02, -1.250617533750624e+02, -7.379128317502593e-01, -4.976845053491505e+00, -1.817890517756382e+00, 1.492602928501916e+01, -8.344747031124459e+00, -1.478380092519664e+00, -4.333559562256715e+00, 4.091081641665489e-01, 2.841423327044729e+00, -6.674412976133792e-01, 2.442324802329552e+01, -3.755673455181726e+01, -2.869972903043815e+01, 1.762805542660633e+00, 1.174483647509179e+00, 3.523359970058899e+01, -8.441099129384856e+00, -4.044890887921080e+01, 4.088861073851839e+01, 2.055305824598199e+01, -5.618790876564816e+01, -1.616553423642354e+01, -5.410652733687011e+00, 8.582459263177197e+00, 8.391336149067063e-02, 1.265222998887851e+00, -2.420887119394959e+00, 3.163870301751180e+00, -9.808612689043700e-01, -6.263406584671746e-01, 2.896494457563055e-01, 9.388183615883842e-02, -1.549373506730975e-01, -5.257763320814286e-03, -3.488290031491253e-01, 2.933788020261021e+00, 4.827046145189401e+00, 1.421282994633266e+00, 4.268493574350657e-01, -1.704383304436649e+00, 1.894893197286000e+00, 2.647929726634755e+00, 2.235321596262660e+00, 3.449032569666016e+00, 1.209168038874841e+00, -8.123533661321715e-01, -9.953683286684798e-01, -1.324565243027584e-01, 1.649205452832351e-01, 7.489448115535834e-02, -9.344363693754336e-01, 1.454143144076360e-01, -1.148213074489230e-01, -5.020939798606254e-01, -1.526466770787247e-02, -4.109290713127470e-02, 5.346723068818257e-02, 1.229511636861676e-02, 2.639256826438109e-03, 8.532882108978419e-01, 2.809059515244074e-01, 2.701349047234255e-01, 4.534652034208009e-01, 8.115895920028362e-01, 2.868563088779382e-01, -5.892657497765289e-01, 2.126000816182700e-01, -2.474753542788125e-01, 1.106690538221075e-01, -3.894969673622965e-01, 6.923577443709615e-02, 1.381930716945284e-01, 8.903840332778770e-02, -1.554119463132402e-01, -1.125915152109772e+00, 6.396606480708212e-01, 1.257147496221962e-01, -3.294326012800880e-01, -3.252909738157255e-02, 1.446099382120564e-02, -5.977887521339545e-02, -1.866821757470446e-02, 7.646399985157529e-02, 7.839116199070363e-01, 2.555471972174069e-01, -1.645863870905588e-01, 1.482153998482261e-01, -1.570264589759898e+00, 3.487669365737475e-01, -5.974111709502247e-01, -9.131046837723826e-02, 2.438143140427230e-01, -4.617231731521403e-01, -4.683894452415849e-02, 1.774934091395784e-01, 2.009357947802514e-02, 4.081308455756875e-02, 5.094405967284132e-02, 1.421161612590141e-01, 9.537264712854172e-01, 3.296956421214484e-01, -5.603856677574397e-01, 8.369204181932614e-02, 2.295511799084808e-02, 8.916590833210922e-02, -2.535746763425610e-02, 7.269021135902660e-02, -3.777871169416618e-01, 6.371370021948382e-01, -1.040075884236436e-01, 4.978576137715319e-01, -8.755379273681724e-01, -8.850927869152141e-02, 1.308122783094403e+00, 9.787477633366487e-01, 1.087405827712731e+00, 4.883308552731053e-01, 1.374586445262242e-01, -6.249149970659270e-01, -1.023278727033762e-02, -7.398020584100148e-02, -6.605220859303160e-02, -1.982475834117972e+00, 3.280035853298630e-02, 4.778418110962334e-01, 3.451489734174740e-01, -1.483406439173479e-01, -3.130933416616107e-02, 5.656577985285462e-02, -3.659549097020200e+01, -4.427867174963373e+02, 9.247792830344105e+01, -2.360960984625288e+02, -1.778951597921606e+02, -4.263210945548346e+01, 3.147574114464441e+01, 1.982079404696726e+02, 3.766283640295132e+01, -3.180564322062910e+01, -7.517319189239783e+03, 4.497868945380350e+01, 1.866350935616189e+03, -1.625776245833478e+03, 9.754698049441564e+02, 9.791058777879739e+02, 7.493597151843491e+01, 2.183595764695583e+02, 5.940655345292029e+02, 3.967624549575191e+02, 7.451091544241981e+02, -2.270312331020286e+02, 4.558883431295130e+02, -4.808865777854023e+00, -6.883445473286026e+00, -4.691281445003467e+01, 2.587526257789216e+01, -7.623583339552845e+01, -3.436381002245322e+01, -3.994024663634679e+00, 1.604243492997727e+01, 4.387392616643096e+01, -2.518352960982284e+01, 4.351788195586663e+01, 3.150963530046529e+02, 1.927688662249124e+02, -2.647905892322230e+01, 1.437060623896482e+02, -7.600854924416490e+01, -3.986287693869154e+01, 3.584746965749708e+01, 9.621447958473895e+01, -1.140197779298460e+02, 7.123095743468794e+00, 9.190615320399283e+00, 1.281546742041535e+01, -1.267337319417550e+02, 5.843688022806327e+01, -9.044548645780188e-01, -4.516443370254574e-01, -1.894690460718406e+01, -9.846869441234682e+00, -4.617483681635472e+00, -8.637962882413719e+00, -1.735187401601967e+00, -1.184413827450471e+00, 1.441800073632827e+00, -9.988538773797395e-01, 8.839334488684681e+00, 7.592898801654191e+01, -5.723370034238750e+01, -2.826919916522324e+01, 1.673986928604386e+01, 5.861023236655326e+01, 1.846183309682085e+01, -3.844637562747292e+01, -1.753464542202974e+01, 5.478293041300113e+01, -5.687037604922409e+01, 1.820633039749169e+01, -2.846331664100754e+01, 2.141981511248487e+00, -1.039092988888378e-01, -5.382537269407804e-01, -8.786458503910051e-01, 8.345192086402118e-01, 6.394548824130480e-01, -4.411860466347660e-01, -3.226190699429146e-01, 1.760938140747104e-01, -1.693957970692791e-01, 8.222629775693147e-02, 4.902430870000805e-01, 1.554374279996764e+00, 3.102551962185042e-01, 3.929073948493754e-01, 5.406400259328943e-01, 7.885684019428700e-02, 1.544956676998770e+00, 7.920848504808575e-01, 8.599656296234041e-01, -1.681245702299205e-01, 1.276708581973290e+00, -6.102842421931495e-01, 3.756240994042266e-02, 3.742328605944262e-01, 3.161327215287396e-02, -5.939822368344577e-03, -3.979976772737979e-03, 2.387651408124367e-01, -1.275568458996326e-01, -1.246293915164511e-01, -3.501841812720794e-02, -9.837035886963075e-02, 6.922437272665481e-02, 2.701519034077310e-02, 8.281967904244646e-03, 1.649647486643486e-01, -4.748951256233423e-02, 8.994762417707942e-02, 3.261721162972320e-02, -4.681637250447521e-01, 7.332060210336239e-01, -4.274999939280404e-01, -2.806295685908154e-01, 2.836226541823278e-02, -1.588680004847949e-01, 4.957501450935915e-02, -3.085334566122737e-01, -1.208160243007203e-02, 3.650704101522766e-02, -6.243781033955549e-02, -8.274690289788720e-01, -9.338063398249158e-02, 2.059745815175712e-02, -2.898146097119933e-01, -4.804703349828356e-02, 1.771145471135205e-02, -1.094753024251539e-01, -3.055161106336712e-02, -4.783765558632357e-03, 5.741196582829566e-01, -7.766005948441775e-02, -1.104594842938695e-01, 1.592281085097058e-01, -2.891837541020014e-01, 4.029483540031577e-01, 7.575410562105564e-02, -2.892448571674092e-02, 8.780702295933387e-02, 1.921462781978864e-01, 1.505169828110812e-01, -1.669235666505426e-01, -3.138755107805449e-02, 8.735350860199315e-02, 4.262022538289077e-02, 1.571534201001308e+00, 7.692378170332156e-01, 2.231464973184558e-01, 3.857173191767293e-02, 1.631576936936936e-01, 6.879525144818779e-02, 1.365752889372996e-01, 6.385584473720107e-02, 8.677765449019778e-03, -1.286803479527396e+00, 4.921552900048788e-01, -1.541611257985376e-01, 5.865023561657121e-02, -7.872126157433559e-01, -8.430406560374517e-01, -5.235940072159402e-01, 2.801028996265626e-01, 1.915132606680600e-01, 8.717907289083006e-02, 4.736541404653197e-01, -1.195645853258526e-01, -9.668262665231224e-02, 3.944466864335761e-02, -1.428400278169257e-02, -2.484371841046741e+00, -2.752631054586872e-01, 2.263259007362757e-01, 2.274717428931571e-02, 1.890288484179051e-01, 1.102214928771773e-01, 7.885882606872757e-02, 4.879926544727550e-02, -1.829217805900883e+00, 1.458252450803140e+02, 3.491511645279399e+01, 6.354610133889386e+00, 7.425160274451544e+01, -3.868619507856705e+01, -1.171935293038843e+01, -2.330019269500850e+01, -2.922750958437021e+01, -2.650511407007382e+01, 7.607452851431224e+02, -1.488810174929708e+02, -1.349534547036294e+02, 2.406558807201218e+02, -1.946208228028726e+02, -3.655906213236609e+02, -1.666280146835024e+02, -7.902355251199450e+01, 1.566899791448803e+02, 1.120811856869351e+01, -4.585952336892944e+01, 8.785706434151004e+00, -8.443773454264610e+01, 2.836217109034196e+01, -1.867766971297385e-01, 1.104015147779942e+01, -4.796216096567136e+00, -2.103588662714766e+00, -3.087399711156216e+00, 2.565857134813440e-01, 6.689889823039282e-01, -1.014377518479967e+00, 3.409772262080186e+00, -1.398888807303865e+00, -8.869875213107149e+01, -3.190163592842648e+01, 4.915718377995459e+01, -3.090125769666577e+01, 2.308073829270971e+01, 3.062829883613016e+01, -7.925377339007437e+00, 1.235856410983527e+00, 2.704041633839912e+01, -4.418070292872703e+00, 6.237884303020955e+00, 7.546914977094778e+00, 5.891188812892508e+00, -3.286292737268002e+00, 5.157645840818315e-03, 4.236840482084313e-01, -7.195876660423657e-01, -7.195401419994825e-01, -8.748130998243517e-01, 6.861314649047813e-01, 1.201561288889441e+00, -3.830898637841638e-01, -2.184139287867302e-02, 3.750308498610438e-03, 2.581615175420811e+00, -5.083013992722626e-01, -1.512910647659861e+00, -1.748161014296093e+00, -8.780229916388387e-02, 1.362010747670502e+01, 4.351619099697735e+00, -1.049844612608816e+00, 8.439227550709711e+00, -1.038788637933814e+00, -8.491169970815887e+00, -7.643297441141794e-01, 1.610717388074078e+00, -2.707193928283788e+00, 7.446663495758059e-03, -5.126054450971604e-03, 1.011322606015950e-01, -5.974686021073249e-02, -1.234642518079782e-01, 3.262697253117221e-02, -7.364868444378847e-02, -8.044162592538977e-03, -5.774601652183537e-02, -2.091703548298510e-02, 2.320769356997626e-02, -5.406651363351624e-01, 7.265553237851069e-01, -7.679925237418539e-02, 1.014184715842232e-01, -2.584175972038886e+00, 1.350808194660182e+00, 1.009943454885184e+00, -2.495459786546584e-01, -5.371899688837053e-01, -1.392150021034691e-01, 3.130154572471873e-01, -2.963603163326772e-01, 2.222588017948331e-02, 3.097611116347768e-03, 6.758329629600900e-03, -3.239012163874492e-01, 3.235469920743134e-03, -1.334998001313918e-01, -8.506899456179129e-02, -6.675519302923106e-03, 3.711225706867052e-03, 4.862905318217853e-02, 2.200888771495294e-02, 4.630953441093131e-03, 2.824615039890152e-01, 8.784789683494502e-02, 8.761518324177856e-03, 7.961559897645697e-02, 4.057994289245319e-01, 1.375398502686462e+00, 3.050293317488625e-01, -2.052409914534045e-01, -2.488497781289573e-01, -7.054334593154735e-01, -1.429614745906283e-01, 1.639982768880600e-03, -1.512188765303254e-02, 4.838431946594674e-03, -1.875809116242467e-03, 2.317869783102441e-01, -1.778882189906176e-01, -3.090777104858591e-02, 3.955080747183927e-02, 2.425883500404091e-02, 1.621157289314644e-02, 1.622438794629731e-02, 1.469771476669572e-02, -3.246503571676098e-03, 3.456523092344838e-02, -2.603542596992551e-01, 9.093590979047603e-02, -4.372111909636998e-02, 3.177751069921737e-02, -1.424173466637026e+00, -2.941803513421550e-01, 1.762103961576432e-01, 7.994803478142714e-01, -9.867260124272205e-02, -6.944446726255217e-01, 4.030628258396722e-01, -2.757015884539262e-03, -1.624465668393867e-02, -4.792150257950645e-03, 8.781640227976582e-01, 1.158519715480215e-01, -5.526665428757007e-02, 8.804764438065987e-02, 2.049495714885580e-02, 1.112271859236371e-02, -6.552163245077863e-03, 2.895678670464843e-03, 1.728077813293990e-03, -3.559361934165985e-01, -2.083076839248152e-01, 3.605783566190335e-02, -1.349465528896902e-01, 1.758383941733277e+00, 2.305398296282328e+00, 8.279328919127920e-03, -4.947639742698667e-01, -1.871551036607029e-01, -4.838445876899111e-01, -4.037416233399292e-01, -2.694717935299887e-01, 1.298022597549289e-01, -5.083420350676821e-03, 2.030673035903602e-03, 4.798023306950474e-02, -4.012838063148033e-01, 1.805465774533964e-01, -2.192768726792870e-02, -2.936430459413736e-01, -1.010259705968315e-01, 3.266921216054059e-02, -5.890442598265674e-02, 1.015065487240473e-03, 2.574956897710524e+01, -1.594950162163562e+03, -1.176306058422054e+03, 1.418848704650067e+03, 1.095318125430633e+03, -3.553242585086801e+02, 3.362944562870536e+02, -7.389089506859833e+01, -8.018837191811981e+02, -7.682424829555767e+01, -3.356781495048297e+04, -2.054903969816897e+04, -2.674908865877649e+03, -9.923435883603017e+03, 4.309202652012710e+03, -8.348680757577078e+03, -5.352539363204453e+03, -7.177814582739376e+03, -7.962850957372483e+03, -4.061169182779788e+03, 2.840692582209073e+03, 8.260692121267034e+02, 5.539039593854673e+03, -2.152100535923609e+03, -2.151374213171041e-01, 3.076942622143802e+02, -5.628036353617142e+02, -1.582117000887289e+02, 4.764104355074074e+02, 2.405726846465830e+01, 8.285433827014135e+01, 1.402487292618165e+02, -9.395374648400812e+01, -1.924794017157078e+02, -2.897703523984011e+03, -2.917735378266061e+03, 1.106214531606358e+03, -5.948311289454674e+02, 6.268212804347878e+02, -6.034010178293299e+02, -3.072167561912514e+02, -2.048268154393697e+02, -1.859460464436479e+03, -8.974250052982945e+02, 2.610022746445362e+02, 5.190098162966601e+02, -6.101137478338998e+02, -2.555246434948295e+02, 1.161571524005217e+00, 5.823976801968710e+00, -6.206681423040890e+01, -4.074425500229061e+01, 1.449358656125028e+00, -3.091618816353603e+00, -1.032420650954815e+01, 1.378327390809056e+01, -1.903309561733434e+00, 1.953826715619454e+01, -3.897653938860729e+01, 7.988392814154844e+01, -2.247646816172665e+02, -1.316800103262003e+02, 5.873171019770092e+01, 9.164607696210143e+01, -1.026872252581318e+02, -9.785709051536030e+01, 5.092265926488669e+01, -1.904210285194142e+01, -2.920203668892255e+02, -1.200662705511931e+02, -1.101552198151239e+02, 1.960046415918222e+02, 1.763811231613795e+00, -2.912064867061832e-01, -8.974422631322573e+00, 1.872150792174202e+00, 2.681778253789667e+00, 2.497900868223713e+00, 1.638424226203029e+00, 2.314024845869088e+00, 2.229737952653933e+00, -9.788309354408306e-01, 3.874270666912738e+00, 1.825099115014484e+01, 3.765791804535739e+00, 1.043650473653414e+00, -2.628079467642621e+00, 1.493344915025473e+01, 3.092233423021940e+01, 1.174100535448265e+01, -3.407200770713489e-01, -1.244141332911314e+01, 9.825710887633942e+00, 5.829451770222189e+00, 1.860361904477943e+00, -5.260214031552744e+00, 1.756712808468664e-01, 1.016132705241868e-01, -3.336890316651345e+00, 3.704842236603935e+00, -2.388737760293549e+00, 1.427399086089578e+00, 3.118410400605355e-01, -8.453342986635981e-01, -9.983346617374389e-01, -3.601406732954562e-02, -8.503613558504792e-01, 1.617796548751611e+00, 2.506249793772062e+00, 1.670991509888720e-01, -3.947228873675306e-01, -2.553581768271951e+00, 2.783685794815002e+00, 9.377161688444174e+00, 8.731430157213917e-01, 5.066793222664147e+00, -4.831980405606404e+00, 3.402173800395403e-01, -1.163587699130716e+00, 1.258734622728180e+00, -1.468673424650742e+00, -4.620917602526541e-01, 2.747495852892369e+00, 8.267768325997974e+00, 7.339188593677296e-01, 7.050223420604967e-01, -3.827134313218588e-01, 1.762060457531513e-01, -9.420554995241717e-02, -9.641246053440679e-02, 3.763928957950753e-01, -7.428670605430289e-01, 4.664968602726603e+00, 5.895260851184716e-01, -1.112570445135816e+00, -8.605443425997159e+00, -1.276740550597306e+01, -2.243904769880434e+00, 1.531693109094779e+00, 9.245307234848500e+00, 1.134736262983902e+00, -1.464188347101567e+00, -2.713256050110743e+00, 1.522971743209702e-01, -7.122068443984199e-02, 6.987819127147333e-01, 7.191672428986088e+00, 3.713714772856719e-01, 5.756211956091740e+00, 3.014117737586739e-01, 1.481359544530344e+00, 3.249074485079102e-01, 3.449261425642101e-01, 1.584590526366130e-01, -2.630208777677394e-01, -5.298620076875109e+00, 1.372646160129403e+00, -3.019626155186903e+00, 7.157017091358818e-01, 7.396900627557433e-01, -9.315835118824239e+00, -2.026256045242763e+01, 3.016425078687004e+00, -5.008310246253734e+00, -3.869884728722816e+00, -3.498409851130847e+00, 7.753495822439924e+00, 8.816297820200837e-01, 5.916610728307332e-01, 4.798018772803794e-02, 3.780704333676848e-01, -1.471160871360726e+00, 2.757822396374927e-01, -4.083587854394760e-01, 1.563007058982688e+00, 1.149864019084754e+00, 2.089439523303714e+00, 2.376320554477148e+00, 2.368687679549555e-02, -1.676898572629259e+00, 1.563944808997104e+00, -3.298989793423350e+02, 1.397423706264270e+02, 9.527629908768680e+02, 6.828771763416718e+02, 1.282992901347659e+02, -1.455478778662617e+01, -6.225368340955630e+02, -2.185836229484356e+02, -1.033662076336928e+02, -4.372852429880290e+03, -3.411672032106251e+03, 1.428159659170026e+03, -5.723839169914848e+01, 3.453898701031125e+03, -1.698256159342336e+03, -5.329524219458032e+02, -1.516587258231080e+03, 3.811427100344552e+02, 1.477331154096736e+03, -4.829656293066428e+02, -2.926911434601272e+03, 7.547262264094979e+02, -3.380174549158504e+03, 2.161624261819971e+01, -2.889417807975807e+02, 2.011100870692795e+01, -1.758105438428157e+02, 1.663284540146394e+02, -5.648674615637004e+01, 1.389182484326108e+01, 1.293286589424721e+02, 1.727337052046780e+01, 1.664277034078734e+01, 7.649550838684225e+02, 1.357112501516232e+02, -1.271655185176663e+03, 1.399482413422118e+02, -1.446096836456625e+02, -1.196792233207399e+02, 2.648570600826670e+01, -2.128047765895794e+02, 7.340493369606345e+01, -1.613144572861181e+02, -5.386366029056495e+02, 1.603260947216084e+01, -1.933926450688233e+01, -1.904222762654899e+02, 4.134557740836968e+00, -7.112330908573895e+01, 6.196053641174657e+00, 7.892636210075573e-01, 1.226921347748219e+01, -7.718593307150183e+00, -6.852918884850228e+00, -1.807534410240847e+01, -1.029193441995537e+00, 1.652268031317242e+01, 9.913779584019730e+01, 5.479437781994237e+01, -2.377260004966464e+01, -6.755078635743732e+01, 1.406674812930014e+01, -6.702770879768030e+01, -6.423668202751506e+01, 5.108525254547150e+01, -6.692448897957034e+01, -1.725379034280850e+01, 7.184142466247843e+01, -2.128304994777431e+01, -4.319867978788569e+01, -1.616440025104942e+01, 1.214921317298473e+00, -2.815199675212857e+00, -1.103593692933610e+01, -3.351613312389271e+00, -2.468637408339097e+00, -9.033055718914654e-01, -1.403461088984505e+00, 1.376912055886441e+00, -1.360248120922528e+00, -1.586820243110601e+00, 1.441401702907005e+00, 7.324935431730501e+00, -6.933980915302002e+00, -1.036830618940439e+00, 1.654114180080077e+00, 9.554459973365780e+00, -1.423469264091723e+00, 7.012695257726066e-01, 5.527845754066867e-01, 7.203639282825761e+00, -3.505412313715059e+00, -6.045779539201782e-01, 7.526396810951081e-01, 3.275993325148630e+00, 9.379304659512052e-01, -8.307262663274899e-01, 1.633212153566890e+00, -5.863982199904911e+00, -3.955166551704927e+00, 2.880194637393073e-01, -4.624847035458669e-01, -1.058966250406808e+00, 5.421180258431594e-01, 4.306641061860072e-01, 1.443992910941847e-01, -3.741070442284129e+00, -1.446281462406567e+00, 2.907818488228091e+00, -2.169998670627692e-01, 9.764431716638832e-01, 6.139636091851134e+00, 2.871679836584538e-01, -9.577864916114371e-01, -4.262151862476493e+00, -4.745564743069778e-01, 1.552438450362056e+00, -1.536917045139231e+00, -5.841881027134398e-01, -8.816989237277569e-01, 1.774861113190243e-01, -1.096244999823974e+00, -5.996082436386468e-01, -1.402868603802202e+00, 1.869342643018886e+00, 2.320185024730785e-01, 9.265844007611092e-01, -3.944725600564072e-02, 1.556575438118201e-01, 2.072498311557255e-01, 1.981652743844021e+00, -1.139464808319959e+00, 2.431125068789056e-01, -8.259415566332892e-01, -1.192973812105222e+00, 5.194678060083661e-01, -3.019341936407373e+00, 9.908191877700617e-01, -7.517961627670262e-01, -3.533943574267010e+00, 1.503300842528896e+00, 5.521936143369188e-01, 7.553154546282024e-01, 2.189188631245558e-01, -3.536910167392174e-01, 2.767246729141809e+00, 7.335082744904565e+00, -1.966553881295991e+00, 1.657297392344946e-01, -2.284154036815160e-01, -4.651830094078349e-01, 4.158476382654922e-01, -1.863698390952024e-01, 6.446891589807746e-02, -4.897113900436041e+00, 4.641538830310417e+00, 1.415744421524085e+00, -1.293247953962767e+00, 1.091553696053599e+01, 2.086169670963420e+00, 3.041536350344858e+00, 1.286636642339159e+00, 1.390917294978687e+00, 3.028010208441848e+00, -2.068162046563373e-02, -4.122678512734594e+00, -1.025784852603221e+00, -4.275230680753679e-01, 4.012838195833185e-01, 1.471158493422469e+00, 4.382457044251367e+00, 4.197773839992180e+00, -2.852525433017338e+00, -3.943795006898228e+00, -8.825480276126858e-02, -5.392501114574472e-02, -2.091081659647984e-02, -7.617686419414141e-02, -1.821516408532081e+00, 3.426482594099243e+00, -4.999684143156771e+01, 3.687377861198657e+02, -1.002646996982936e+02, 1.466333654204507e+01, 2.692528506052209e+02, 2.160327618841335e+02, -1.930578756292439e+02, 1.558283841080390e+02, -1.517462594156498e+01, -1.800243143367530e+02, -4.592959511403698e+03, -7.408757179589661e+03, 4.460695566485126e+03, -2.020571572736852e+03, 2.261930885909762e+03, -7.491171678042690e+03, -4.794043467919810e+03, -3.526541520242976e+03, 6.065328956315749e+03, 3.582285940878697e+03, 3.133723374732597e+03, -3.265485600626232e+03, 2.369947366092154e+03, -2.680913499932122e+03, 6.130521795165900e+00, -3.946584724012958e+02, 9.326034993259124e+01, 8.603372311074311e+01, 1.259784104306091e+02, 3.194005084705111e+02, -6.106427846032196e+01, -4.502753779833328e+01, 2.865364774154762e+01, -1.699220125295361e+01, -1.411092918831155e+02, 6.868223044269799e+02, -2.110236297139561e+02, 2.018898081604357e+02, -5.128034277087861e+01, 4.455697535607774e+02, 1.720142193959353e+02, 1.281836567772793e+02, -2.052978148627042e+02, -1.163931693018621e+02, -6.399395891192727e+01, -5.437134499087522e+01, 3.939736380766794e+00, 6.769218949813846e+01, 3.160034042584002e+00, -1.061888331968794e+01, -2.072055091203321e+01, -1.372097170358379e+01, -8.798599424240585e-01, 2.554771793013346e+00, 1.601848144667343e+01, -3.745564866710732e+00, -2.896130699697495e+00, -1.498799848634827e+01, 6.253969783164548e+01, -1.050841677910612e+02, 3.781700371293781e+00, 3.712360958384923e+01, -1.940672174597748e+00, 4.592699594413955e+01, -1.035028537086757e+02, 4.719714428213433e+01, -5.778544444310806e+01, 2.796752417555759e+01, 9.279619778673597e+00, -3.972819776202191e+01, -3.865107565814935e+01, 3.876254426267202e+01, -7.049337346892657e-01, -4.230146607377373e-01, -9.725343025886801e+00, -8.519748404452052e+00, 2.714404934537642e+00, -3.309594386936060e+00, -3.619469171523747e+00, -1.573661145022634e+00, -2.226652776093078e+00, 1.489984069452924e+00, 1.068068042657771e+00, 2.979300802238314e+00, 8.815494782874504e-01, -5.628053667199173e+00, 4.680684135036636e+00, 1.036811574022078e+01, 2.240734455472209e+01, 5.272427963775650e+00, 2.611127974963770e+00, -1.412555047747982e+01, 6.216590707903698e+00, 2.955254005665863e-01, 3.462808166798167e+00, -1.850260098624108e+00, -1.299555719865152e+00, 2.527393179516605e-01, -2.262132950916119e+00, -3.784048217956915e+00, 1.241673886095715e+00, 1.697051734048674e+00, -3.326830475935725e-01, -7.692033839680689e-01, 1.323040738586706e-01, -9.596444331019662e-01, -1.453311850742902e-01, 3.697833920766367e+00, -2.731620147087713e+00, -2.222975499040138e-01, -7.470050773389380e-01, -1.995137274341201e+00, 5.114015055142820e+00, 1.315630458455528e+00, -1.908135073273051e+00, -2.456401153145094e+00, -5.254401907971684e+00, 2.767100593630078e+00, 5.772012974301324e-01, 1.940824903317713e-01, -6.660422503090482e-02, -6.251917266320531e-01, -1.141041783078228e+00, -7.475411234555221e+00, 2.614973045167505e+00, -6.936473166858167e-01, -1.086325987494160e+00, 6.691682475244932e-02, -2.913668628701821e-01, 7.369920676259710e-02, 2.431120888537227e-01, 1.439919322749480e+00, -4.836824999275048e+00, -1.740364274474284e+00, -1.956734857419893e-01, 5.067777746269257e+00, -7.130036881329943e-01, 2.720688628732294e+00, -1.469670134070884e+00, -1.651137931186677e+00, -4.000079524447491e+00, 7.412320344367259e-01, 3.881897521593264e-01, 9.920557488342469e-01, -1.017021696764254e+00, 4.273358820693562e-01, -1.551296200799429e+00, 2.693834805737086e+00, 3.063486450169583e+00, -3.529576395185197e+00, -3.247265883256311e-01, -1.348595203963680e+00, 4.157730935672273e-01, 6.916432927953910e-02, 6.190564457574660e-02, 2.642772173987619e-02, 3.902959699645650e+00, -1.865000944644228e+00, 1.334710666835610e+00, -2.378208819782361e+00, 9.236147279219617e+00, -5.930833914959685e+00, -5.299271725215808e+00, -8.950235705878811e-01, -2.730808001801230e+00, -3.033487896397833e+00, 8.372511420217907e-01, -1.989087722653877e+00, 7.478880347016924e-02, 1.805465427897679e-01, 2.757859041537485e-01, -4.197774801370424e+00, 4.582576121727950e+00, -2.445145818175136e+00, 4.249330159270994e-01, 1.961471986194532e+00, -4.612737191564524e-01, -4.959830082515047e-01, 4.599043297645601e-02, -2.190252058385728e+00, -3.649882277714576e+00, -3.332179927225591e+00, -6.412051268520723e+01, 1.354501531016135e+03, 5.574610567967658e+02, 7.462618082983396e+01, -9.120723472912047e+01, -3.098668267103365e+02, 1.094755975652483e+02, -2.261111560454318e+02, -3.538417186933738e+02, -2.228385850229294e+01, -3.078965485486161e+03, -5.116552567182619e+03, 3.595740682116586e+03, -4.671099052628499e+03, 3.971523575107864e+03, -2.829647238637050e+03, -2.944995128154347e+03, -3.413281970002052e+03, 1.796925276131718e+03, 2.597933101711238e+03, 3.954525265354251e+03, -3.449051982202767e+03, 4.300167495670460e+03, -3.461075854572860e+03, -5.335689013246770e+00, 3.799154193379599e+02, -1.976113147130710e+02, -7.296844215251770e+01, -1.228851269662985e+02, 1.695222881251010e+00, 1.374785951880953e+02, 1.088484665304387e+01, -2.835748517085229e+01, 2.390111682714703e+01, -3.179183437354061e+02, 1.457871658535405e+02, -6.341940249707397e+01, -1.658711219570495e+02, 3.493169399465506e+01, 8.305801015445542e+02, 4.089569657119673e+02, 2.876310270579506e+02, -9.100478410507185e+02, -4.128621853826540e+02, -2.035268081614184e+02, 5.872665647907733e+01, -8.806185045732970e+01, 4.518952683552563e+02, 8.911941010491561e-01, 3.479839091797452e+01, 1.655815217944305e+01, -7.974150012988702e+00, 2.840207264800085e+00, -1.982159321682995e+00, -7.052577235385011e-01, 2.539394704893277e+00, 3.140995354489728e+00, -1.017785205629931e+00, -8.401064317722211e+01, -1.880832589351421e+01, -9.524950834467772e+01, -1.159382095277194e+01, 3.146529883060366e+01, -2.817879125732606e+01, -4.671756921205926e+01, 7.318297857097717e+01, -1.207057006958508e+01, -5.496548585409178e+01, 8.236357055401240e+01, 2.165700102320388e+01, -1.652660566466071e+01, -1.500947447633967e+01, 6.534995869856975e-01, 1.405290463272813e+00, 5.919569630834802e+00, 7.208515236751567e-03, -3.722295072616525e-01, 7.383226419794245e-01, 9.727109461088128e-01, -1.737307424870357e-01, -6.925070815168913e-01, -3.177897925719900e-01, -1.756994137741762e+00, -8.584474426433228e+00, -5.914429546591923e-01, 2.546687234982695e-01, 1.377952345681587e+00, -1.838241554938572e+00, -1.672463667049812e+01, -5.609348596704247e+00, 2.142296117401263e-01, 1.107564628996931e+00, -2.918126303708314e-01, -8.605625341414508e-01, -4.848576507140815e-01, 2.132770025856013e-01, 4.228305362584018e-01, 6.418374219632551e-02, -4.509421663939690e+00, -9.754171602557921e-01, -1.359313107800231e-01, 2.465013396186126e-01, -2.447477295695346e-01, 4.312178042867029e-01, 2.170009577436229e-01, 1.783054919778885e-01, -1.894695680053389e-01, 3.415820210351393e+00, -8.842189458520232e-02, 2.012375596016213e-02, -3.654385521166369e-02, 7.383681664987827e-01, -5.627413064089705e+00, 1.313758632023407e+00, 1.801510745330187e+00, -1.861973188393227e+00, 3.617755023127827e+00, 4.388496161075868e-01, -1.022116921171953e+00, 1.866286176491571e-01, 1.861232901871258e-01, 6.741225385672391e-02, 1.174948719832572e+00, -1.662710699565644e+00, 3.286403404035594e-01, -8.128416047487459e-01, 4.832985667406677e-01, -2.492459714222430e-01, 9.609410205564255e-02, 2.353880487369283e-01, 1.058137380619109e-01, -2.242418009074572e+00, -1.427434994728546e+00, 2.199104803012941e-02, 3.250296543580193e-01, -1.085751707785659e+00, -2.170216682115933e+00, -2.648739115921358e+00, 1.566366803245711e+00, 6.611160168013294e-01, 2.892374049712796e+00, 1.555103038749431e-01, 3.473151471207785e+00, 1.245852754958784e-01, -1.387729450823293e-01, -8.119750832312539e-03, 1.218684136254819e+00, -4.249710844240711e+00, -1.894985370088255e+00, -1.116429888240564e+00, 6.379199780458238e-01, 6.259664746636050e-01, -7.600997714495042e-02, -2.016662346461600e-01, 1.377289827483327e-01, -1.565977829328511e+00, -3.212069606828150e+00, 5.643857407934271e-01, 1.226896143579454e+00, -1.373678739017581e+00, 7.494751850533045e-01, 4.809014845844636e+00, -7.268231043333533e-01, -3.701283706310222e+00, -3.872739866298255e+00, -1.709968485738174e-01, -1.198725816179702e+00, -8.928308824443322e-01, -1.348508732279064e-02, -2.192767662409341e-02, -4.083563115620893e-01, 2.852525214970047e+00, -2.445146056723796e+00, -4.214061157173274e-01, -1.427317146884065e+00, -1.140148172624860e+00, -3.908117360789291e-01, 4.268290418004478e-02, -1.136553324270955e-01, 1.196863237880472e+00, 1.891229636231440e+00, 2.817384107031809e+00, 2.023868721675094e-01, 7.474941623159757e+02, -3.391538067080796e+05, 5.394380385329730e+04, 1.185210563341483e+05, -5.048195900235863e+04, 3.647817986731538e+03, -3.932553233370687e+04, -1.264137870092175e+04, -1.068952508988979e+04, 1.113508073029698e+04, -2.993988038929525e+06, 1.606893594963330e+05, 2.740510985739331e+05, -7.535674363838002e+05, 1.280998005626188e+05, 7.707514751904678e+05, 2.204732294593977e+05, 2.138709893244750e+05, -3.118444801080793e+05, -2.703044233172992e+05, 1.790675532926643e+05, 3.232552128121080e+05, 1.412227842543628e+05, 3.272614721298898e+05, -1.056770073347296e+02, -1.691574524022969e+04, -6.685612966623035e+03, -5.329085308643609e+03, 4.895456194109333e+03, -3.974759581852588e+02, -5.939827583844128e+03, 9.341374361508339e+02, -1.454841695569149e+03, 2.943117673210002e+03, 6.737868466023308e+04, 6.509892487167633e+02, 2.653797915725763e+03, -3.635356168386273e+04, -1.852578520261859e+04, 2.541234232151925e+04, 4.463468002502454e+02, 1.277745826312678e+04, 2.421776187150494e+04, -2.116727646271296e+03, -1.511641637123861e+04, -6.532309596149344e+03, 2.210716589806087e+04, 2.419533540700138e+04, -5.428776901793455e+00, 1.849691641217244e+02, 3.062590745823876e+02, 3.539008747472064e+01, 4.068718249006926e+01, -6.145125460887807e+01, 1.068908884978338e+02, 8.145266848021845e+01, 1.612765585874843e+02, 3.937306643713048e+01, 5.629728664381497e+01, 5.372621526432158e+02, -4.891634585151487e+02, -1.710452630577329e+02, -2.678022773194531e+02, -1.976102350207627e+02, -8.195827228715785e+02, 4.255382144966133e+02, -6.945376510164026e+02, -4.609781436523638e+02, -1.763747568376786e+02, -1.652366205278833e+01, -6.303783623433368e+02, -3.040323862680208e+02, 2.405014195651657e+00, -2.809524220300223e+01, -3.552763787958373e+01, -6.515465619456108e+00, -1.128168144533773e+01, -1.457456891857621e+00, -1.125943274901263e+01, -1.345034848018602e+01, -1.395722898622397e+01, -4.319322391427599e+00, 8.551627980894287e+00, 1.724836348891952e+01, 2.247380456019475e+00, 2.787887513880907e+01, 4.732192860398287e+00, 1.051404944100482e+01, 3.056853903879653e+01, -7.028429031342313e-01, -6.526664302190595e-01, 8.743387637255251e+00, -1.636875889974238e+01, 8.556597495165978e+00, 2.098468352314177e+01, 3.321827595595241e+00, 5.582086604508993e+00, -1.452157497064263e+00, 6.506843466600379e+00, 6.211470876061517e+00, 2.540364054746084e+00, -1.503104103253458e+00, -8.703957152237162e-01, 7.129609483827396e-01, 1.299284544264858e+00, 4.127925997599319e-02, 1.700681490073678e+00, 9.308164409266725e-01, 9.723870042170357e-01, -2.355874218311113e-01, -1.892780196067817e+00, 3.147359625923075e+00, 1.488772187321137e+00, 6.252991792570680e+00, 9.047893998369002e-01, 1.560044164761147e+00, -2.874426244813032e+00, -1.220171466615014e+00, -5.635970662286396e+00, -5.833342927626851e-01, -3.379171878828468e+00, -1.519378280310193e+00, -1.774001324871096e+00, -2.286666590844360e+00, 2.129998021037930e+00, -8.257880388425656e+00, -2.573826774625000e+00, -2.586970066224532e+00, -2.269995990803804e+00, -1.757735566052210e-01, 1.098322592148363e+00, 2.455694672062009e+00, -2.410245306298518e+00, 4.760840051097153e-01, 4.407042192114817e+00, -2.851152282553264e+00, -4.193945591446318e+00, -4.001384860417115e+00, -4.114793569637439e-02, 9.304458196237696e-01, -1.418712678755893e+00, -5.370517458847115e+00, -3.373507644454750e+00, 8.663011959587559e-01, 6.732405197737008e+00, -1.095905194050675e+00, -7.491871830668051e-01, 1.614682513936299e+00, -9.685459755982890e+00, -3.240386521786802e+00, -1.617079944390670e+00, -1.747486705089117e-01, -8.094573452608476e-01, -1.094033047489641e+00, 9.149130912699324e-01, 3.289563543436498e-01, -3.004504398705790e+00, 4.862459770651445e+00, 2.459852215567258e+00, -8.361151451330553e-01, 1.524379555322646e+01, 6.802092678363159e+00, -3.610564338708071e+00, 7.794882697593724e+00, -1.507984354863809e+01, 1.933053649994729e+00, -5.582930134008376e+00, -9.934722298932794e-01, -8.372990746820605e+00, 8.220153921381669e-01, -6.438159430092600e+00, 6.908638179460612e+00, 8.239966716628569e+00, 7.765267889319809e+00, -1.778806970854736e+00, -1.960212463202157e+00, -1.730410996512310e+00, 5.906509201901199e-01, 1.520790463641070e+00, 1.025299866169952e+01, 4.294074225486463e+00, 3.802028724340405e+00, -1.079861162198906e+01, 5.535715851685366e+00, 4.637179010074104e+02, -8.444328881272102e+04, -2.112009154270240e+04, -3.103716908107457e+04, 3.119664674743038e+03, 6.488213488839664e+03, 5.358840665579001e+04, -6.465316679494224e+03, -9.857288645901086e+03, 4.671925425204722e+04, 2.355570590754240e+05, 3.055844477866837e+05, -1.174519930138922e+05, 2.017618611217880e+05, -1.924242620239338e+05, 2.429466818792304e+05, 2.019512001758520e+05, 2.145669286118675e+05, -1.492869455085888e+05, -1.323330957413247e+05, -1.861515252185591e+05, 1.784350431768277e+05, -2.184653720856673e+05, 2.192732560453360e+05, -2.408978563035636e+02, 3.106782433256530e+03, -1.965584976652262e+03, 1.093716959361080e+04, -6.762864302565252e+03, -3.519370105145664e+02, 8.942917402304283e+02, 1.464696901223223e+03, -2.074912334356379e+02, -1.731519513483055e+02, 5.494293596056391e+04, -5.958719125514192e+04, 2.562074017333030e+04, -1.643115388608413e+04, -9.000172107324503e+03, 2.302177997517307e+04, -8.612017092387289e+02, 1.529589457291819e+03, -5.436245770578385e+04, -9.397485671534612e+03, 4.118432606456921e+04, -6.615006759380272e+03, -2.057606545239345e+03, 2.140348816219616e+04, -4.981711982529964e+01, 3.714843603255442e+02, 1.681820312906577e+02, 2.900043725681934e+02, -1.996732535772691e+02, -1.888128314762060e+01, 2.898447985007994e+01, 7.747214334832205e+01, 1.766825038661685e+01, -2.108618920468692e+01, -1.302829685052548e+03, -4.616240620133953e+02, 1.340314915938619e+03, 1.223250678462404e+03, -7.407837780415015e+02, -4.870815050957665e+02, 1.460641913329391e+03, -2.098085870082321e+02, 9.057090396156267e+02, -5.805144848440989e+02, 1.634376704740091e+01, -4.526103460376742e+02, -6.593169867003792e+01, -3.675329775044401e+02, 1.295492670460516e+00, -1.482265058916550e+01, -2.353073976589135e+01, -1.023524008620080e+01, -1.282035193918387e+01, -2.283134571703383e+01, -4.764672993064975e+00, -7.831593928016482e+00, 1.305206670500599e+00, 2.445000250266226e+00, 1.151090938452741e+01, 2.036932207580329e+01, -2.660053283744378e+01, 1.639441508011914e+01, 2.273115254354448e+01, 4.244615609633394e+01, 4.800570301031032e+01, 1.737554880818373e+01, -1.375540456781068e+01, 4.759921931110749e+01, -3.339237307994520e+01, -9.616476873838865e+00, -8.013172677316449e+00, 2.394343303817285e+00, 6.871733019312965e+00, -4.568180654659309e+00, -1.376742869690831e+01, -4.420959267745906e+00, 1.180107781689518e+01, 4.551148761506070e+00, -3.823331238975650e+00, 2.450585794586339e-01, -5.197926613097320e-01, -1.010073494912419e+00, 1.476012414296258e+00, 1.731975142836640e+01, -1.594218143767237e+00, -3.876391170494939e+00, -4.241437687156791e+00, -2.212619452559083e+00, 7.011923942650412e+00, -1.511714006857948e+00, 2.961671483097743e+00, -7.975629054072618e+00, 1.081537357793284e+00, 2.319515021404887e+00, 1.381070963363539e-01, 8.435389487903102e-01, -3.030948310547948e+01, 6.377108725316061e+00, -6.811195358047731e+00, 1.907729236019000e+01, 1.476605584313465e+00, -3.174591175920385e+00, -3.100945433423318e+00, -3.996990091429896e+00, -1.481089931680900e+00, -4.880701221330605e-04, -1.268737104919437e-01, 9.770918677440594e+00, 7.899308748860467e+00, 1.651881201295613e+00, -2.363798707078403e+00, 1.428003852093190e+00, -1.601870437468680e+01, -2.536017141496987e+00, 6.008897185137390e+00, 1.200345769579876e+01, -2.446072593132491e+00, -2.863152744451881e-01, -4.502191321034685e+00, 1.688209985315121e+00, 1.321864359134341e+01, 2.791290313547901e+00, -5.706065306081054e+00, -4.191486499301072e+00, 1.101815819205883e+01, 3.384568642677324e-01, -4.379719738394062e-01, 2.664908064815712e+00, 4.570050430976940e-01, -1.523702038150758e-01, -4.713395923306285e-02, 5.367011273172531e+00, -3.489580833028253e+00, -9.572627098700467e+00, 1.083882185939872e+00, -1.365986050575755e+01, 1.021702901094719e+01, 4.206280892278426e+00, -1.350252757721648e+00, -2.132033225266033e+00, -5.963589017812343e+00, -5.682361767367558e+00, 9.466191011635274e-01, 1.888566669867008e+00, -3.032717208759307e+01, 1.227849912428586e+01, -4.413066988702134e+00, 3.202204866187112e+01, 6.757432830583909e+00, -1.066870540008866e+01, -7.680510407659422e-01, -3.483023286315728e+00, 4.004790520075469e-01, -2.362054530766302e-01, -2.891605762500316e+00, 9.996318489983400e+00, 2.075951555337037e+01, -6.333794463603831e+00, 8.622676539584520e+00, -1.439156824689867e+01, -1.033089630844444e+01, 2.000184662305296e+03, 1.255716772282306e+04, -4.243005662773576e+04, -1.930088379196340e+04, -1.622641520243902e+04, 9.292698499198792e+03, 1.347962184105028e+04, 1.662732406484134e+04, 6.971725881217849e+03, 9.152052621295885e+03, 2.502229688964269e+04, -1.413127528880946e+05, 1.192256198140819e+05, -3.245423139969483e+04, 2.807095109314462e+04, -1.819035004577885e+05, -1.189524168133877e+05, -7.375581919842317e+04, 1.769722811581130e+05, 9.990301160777405e+04, 8.571890003417546e+04, -7.558853461243473e+04, 4.993578229396366e+04, -4.817783779400842e+04, 1.695598541158273e+02, 3.285882543593577e+02, -6.939148902906217e+03, 9.615339240457079e+03, -5.281168840197200e+03, -1.949434914044997e+03, -6.345496353284873e+03, 1.190859802052016e+03, 1.065060346430090e+03, 1.657051306912333e+03, 3.736798349740906e+04, -9.468134972196752e+02, -8.317382941534113e+03, 1.010290772769682e+04, -1.309234129285382e+04, -1.955995945109870e+04, -7.061533776693650e+03, -4.502532911576066e+03, 1.121917060648163e+04, 1.122980197509459e+03, 2.800879050887774e+03, 5.757301937328630e+03, -1.651202286502754e+03, -9.602822616238562e+02, -2.303228788940513e+01, 3.132950631722433e+02, -3.526837060102109e+02, 4.561284599903976e+02, 4.774909289143296e+01, -1.833067119519459e+02, 2.279332967913984e+02, -1.665943627926067e+00, -8.621364478776755e+00, -4.125854844424921e+01, 2.719229899599935e+02, 5.673916374531674e+02, 1.648889408567604e+03, -1.099403688722990e+02, 1.053183618234855e+03, -2.736741671861105e+02, -5.844748152029961e+02, 6.574446143984909e+02, -2.315474818193422e+01, 8.865609901711305e+02, -3.047251716095019e+02, 1.107864237097880e+02, 2.727972559172174e+02, 2.376426916307897e+02, -1.660192459097563e+01, 2.048359333852593e+01, -9.506691826485522e+00, 1.928753853084505e+01, -1.923714508325022e+00, -1.347825189566436e+01, -1.360262610827757e+01, 2.417405520077729e+00, 3.349249327659744e+00, 2.257832675473075e+00, -2.132367099445159e+01, 3.482651890670958e+01, 4.102614820165959e+01, -4.851629572408725e+00, 7.978669670420836e+00, 8.051538219733106e+01, 1.089943298136000e+01, -3.146070242868229e+01, 1.229017521262304e+01, 4.487256434309433e+01, 9.429156565848521e+00, -2.239016416122387e+01, -1.114008865612468e+01, -8.294340196598215e+00, 2.704774642989844e+00, -1.038321231732887e+01, -1.264814616562531e+01, 7.028705626169147e-01, 5.328742812288639e+00, 4.730936369643042e-01, -2.355205354799967e+00, -2.815599778568566e+00, -1.969292004886705e+00, -1.017658030047296e+00, 3.495294738842378e+00, 1.019314225435190e+01, -4.361855354377679e+00, 9.615898541547353e-02, -1.106821017489130e+00, 1.075220746132829e+01, 1.158605753813279e+00, 8.595966902732771e+00, 3.308171752186491e+00, 3.284214758695677e+00, 4.999441914479059e+00, 2.179980953012484e-01, 4.885497776815637e+00, 1.229722610300397e+00, 1.318014161263769e+01, -7.789570333967851e+00, 4.002950158464071e+00, -1.126341466253617e+01, -6.385049942616846e+00, 4.371595241022611e+00, -2.788936653290873e+00, 2.680073277099679e-01, -4.243529436653356e-02, 1.870723733006709e-01, 1.442498966571877e+00, -1.681173765230857e+00, -8.709456739996387e+00, 4.088620194739772e+00, -4.124275990179412e+00, -5.162407935582477e+00, -2.419529752355884e+00, -9.334460371607929e-01, -3.164065810805470e-01, 6.853067253329498e+00, -5.911037256005724e+00, -9.746026387841280e-01, 1.751272151502121e+00, 1.622867860645442e+00, 7.678136023713686e+00, -5.372419958073378e+00, -1.524594770990647e+01, -4.028651766291213e+00, -2.814517454137314e+00, -3.093493618453000e+00, 1.381239900333136e+00, -5.304610937184060e-01, 8.904176295107694e-01, 4.705119325721572e-01, 1.483387038479801e+00, 7.556666901910570e+00, -5.421174658496660e+00, 2.594256407235806e+00, 2.024505691225692e+00, 7.912339349418410e+00, 5.621324388403830e+00, -5.954381968548219e+00, 5.645207966489499e+00, 7.552479492804060e+00, 1.935149158354138e+00, -5.814118025778093e+00, 2.211564272818711e+00, -9.142374354946700e-02, -3.001024344342408e+00, 1.346017959642374e+00, -7.054042973010288e+00, -1.493365846753687e+00, 1.817129966037567e+01, -3.619899653701098e+00, -5.105769918987903e+00, 1.316809397848684e+00, -4.053884212116255e+00, -8.491677794590422e-01, 6.744915213542753e-02, 7.913365266980057e+00, -7.084168666291531e+00, -1.695313387726103e+01, 5.489598486767125e+00, 8.091908635257392e-01, -1.819112479357723e+01, 1.606278055041238e+00, 6.625106517972376e+02, -5.063524949830499e+04, 6.590473776718432e+03, -1.029860598885418e+04, 7.748636669643935e+03, 1.230143498492977e+04, -2.262465754683345e+03, -1.900833263081357e+03, 6.969749459338646e+03, 2.579999008318559e+03, -3.684878130217377e+05, 5.327492723431253e+04, 1.529013663648565e+05, 2.116281978018158e+04, 7.597814401143040e+04, 4.151413351132828e+04, 2.913084488170312e+04, 4.211145892348234e+04, 1.255007276850498e+05, 7.731493611979978e+04, -2.384045030457361e+04, -6.392424133017729e+04, -3.863606381191798e+04, -4.389015212485225e+04, -3.077613432586409e+01, -2.431583719969068e+03, 1.224317217639016e+03, -1.687376414081150e+03, 1.461463273938065e+03, -3.002514251102418e+03, -2.604616534587236e+03, 1.575256718791658e+03, -6.651440985471957e+02, 1.036449989591128e+03, 6.082907479201222e+03, 3.060577540904869e+04, -1.907808374204138e+04, -4.047514095594641e+03, -2.163280555585090e+03, 9.965401139945056e+03, -4.778344610514244e+02, -6.485179204452809e+03, 2.742875522285229e+03, 3.926277778729510e+03, 1.111982921729616e+04, 5.116552914431684e+03, 9.548850445132641e+03, -1.564045174734416e+04, 3.622466000831442e+01, 2.672857899297161e+02, 3.630771303474606e+02, 1.735620074379047e+02, -1.093592971615431e+02, 1.119186900048344e+02, 6.475974570046910e+01, -3.889717511129859e+01, -1.164275035704197e+01, -2.378025719173489e+01, -7.181528736053268e+01, -1.117539555665079e+03, 6.511107424556187e+02, 5.107636071495448e+01, 7.653577438354661e+01, -5.129373274045563e+02, -1.384991776472684e+02, -4.359972201390160e+02, 2.848429688195683e+02, 2.677711082055837e+02, -2.338526609190074e+02, 1.349264288417110e+02, 1.401608101035609e+00, 5.665315100604098e+01, 1.697807911131506e+01, 5.549630198563295e-01, 1.534923464777817e+01, -1.126910747403261e+01, 1.897218944243217e+01, 7.291878209136769e+00, 9.622108194721118e+00, 1.063318679941249e+01, 5.179538840557239e+00, 2.666646836840638e+00, -7.832770157655584e+00, -3.834983359061697e+01, 1.477193604235841e+01, -2.841757668389807e+01, -5.166775057807095e+00, -4.000865840720794e+01, -5.054751986748037e+01, -1.686520541010080e+01, -1.130646467145731e+01, -5.706134396949921e+00, 1.093750813212922e+01, 2.466985035144214e+00, 6.834799835667240e+00, -2.474836368083979e+00, 2.560364717031276e+00, -6.418047694897587e+00, -1.079559025484212e+01, -5.481505682551827e+00, -5.541402885637011e+00, 7.644466247190782e-01, 1.290481952622461e+00, 2.162967945771655e-01, 5.275160175401691e-01, 1.892625204482880e-01, 1.617308960666344e+00, 5.439482108016590e+00, -4.318205026186304e+00, 3.914497326673387e-01, 2.074937457287601e+00, 9.443781264977183e+00, -2.415796973587839e-01, -3.111614001052517e+00, 3.030992714435582e-01, -1.467023396021484e-01, 1.452439971151212e+00, -3.624833761256385e-01, 2.192563077846850e+00, 4.288739782285236e-01, 1.419796046493707e-01, -2.571120395061463e+00, -7.410102729459102e-01, -1.489563919414585e+00, -1.882670768010544e+00, -2.895254922802897e-01, 4.061323367080553e-01, 1.041443533422475e+00, 9.774523419856813e-01, -1.206265808481218e-02, 6.682127530218144e-01, 1.357474666816436e+00, -8.614137311087923e-01, 3.018970890626832e+00, -7.267487771826985e-01, 2.801336645876461e-01, 7.591414067470060e+00, -4.065645914408489e+00, 3.196025155498171e-01, -6.937968674390587e-01, 9.544432971926555e-01, -8.621206337307317e-01, 1.615453429289234e+00, -1.474971329361827e+00, -2.872823619102792e+00, -3.028664879053725e+00, -3.668138954889883e-01, 4.113837509192775e+00, -2.817142545060776e+00, 2.392659981278470e+00, -7.693688655892815e-01, -1.359146294503944e+00, -6.543032918848853e-01, 1.316792849995625e-01, 1.027035135389979e+00, 1.020546743113709e+00, 2.454548228339970e+00, 2.049270417982967e+00, -3.007768544604810e+00, 4.071833131523240e-01, 8.260494573684019e+00, 1.086451518459015e+00, -2.468113518046971e+00, 1.631051219988858e+00, -2.907481316931876e+00, 7.168771674336925e-01, 1.180417253989233e+00, -6.863903899614766e-01, -2.128706815734908e+00, 5.122623836056259e+00, 1.321819466158665e+00, -1.171054797771716e+00, -1.872168541993000e+00, 2.191874063069282e+00, 5.093849480994007e-01, 1.564205515707211e+00, 2.713055880870569e-01, -5.948101877911821e-01, -2.717106257322199e+00, -5.071546829535935e+00, 8.708484830900057e-02, 8.704160331050006e-01, -2.702577811542339e+00, -2.188980241917243e+00, -1.655006306305120e+00, 2.886459025626185e+00, 1.075867880683323e+00, -6.381995920492878e+02, -1.346375043695882e+04, -2.985510784226798e+03, -2.818877948970611e+04, 3.835995141906084e+03, 5.749984791836714e+03, 1.571904031009522e+04, 9.553911152743605e+03, -4.307497633905436e+03, 8.264299992147715e+03, -3.529102900544343e+05, -3.730991401637850e+04, 1.638095209543282e+05, -2.433209998297541e+04, 9.949696818672563e+04, -2.330073376131763e+04, -2.167696015410553e+04, -9.165376868593714e+03, 1.296613433626804e+05, 9.073568189917633e+04, 2.080772923172149e+04, -9.101470230574980e+04, 9.826793964542485e+03, -7.204709590366772e+04, 5.636710004960143e+01, -1.633597540416901e+03, -4.057312425535070e+03, 1.906847159365370e+03, 1.616578570762421e+03, -5.558278757568823e+02, 2.319360370682363e+03, -5.715532195637282e+01, 1.499763057119368e+03, -3.024908454727703e+02, 3.211231499370208e+03, -1.045241756117401e+04, 6.784458518956983e+03, -3.811804291539860e+03, -7.689843025370062e+02, 2.076795448222554e+04, 2.553531843949036e+03, 4.971140726570628e+03, -2.902042484762180e+03, -2.726171614316406e+03, 1.645647736742180e+02, -6.136724681605099e+01, -8.221424874010720e+03, 7.520779055216385e+03, 8.398176429290924e+00, -2.845697059328769e+02, -4.781474690111702e+01, -1.800593703539686e+02, -1.256933365690987e+02, 1.611068296318518e+02, -1.321706297795935e+02, -7.138934736263606e+01, -9.307569555257368e+01, -1.789933158182271e+01, 3.159514974631226e+02, 7.585502826954381e+02, 3.861462364587326e+02, -6.065470748341897e+01, -3.238583706951128e+02, -2.789543379758577e+02, 1.110867572200609e+03, -6.371394813478131e+02, 3.879379562956678e+02, -6.039673556308009e+02, -4.198332049908659e+02, -7.466770222457130e+01, 1.524056285463007e+02, 2.231802774044009e+02, -1.725347135870121e+00, -6.661560052706223e+00, 3.226117252267519e+01, -7.258169059813024e+00, -7.281588170995655e+00, 3.711427608781345e+00, 1.401377673365491e+00, 1.196031577446597e+00, 4.266198006505115e+00, -2.354058920787879e-01, 5.685956379804000e+00, -4.438361009680391e+01, -3.054277594027507e+01, 2.633388027263628e+01, -6.973870514695364e+00, -4.239592355436378e+01, -1.735126199808470e+01, 3.980916792551654e+01, -1.321490305815741e+01, -1.020918329363387e+01, 2.896929447690098e+00, 1.546940250437406e+01, -1.456740610151308e+01, 2.232252381913750e+00, -8.643119826848467e+00, -2.143605881014512e+00, 3.199134417699867e+00, 8.925489456118717e+00, 7.086415664343875e+00, -5.533148353396508e+00, -1.756966742358857e+00, -1.510078809636898e+00, -1.358632410518038e+00, 1.095403398448679e-01, 2.299639120764120e+00, -1.962163971083152e+00, 4.297995442833289e+00, -2.167791707080259e+00, 7.269729987466047e-01, -2.252076079425444e-01, -3.426428934447380e+00, -3.010310424841505e+00, 2.559164614330976e+00, 4.075695763273233e-01, 1.690795140687875e+00, -2.284652001551132e+00, 1.247143994525884e+00, -9.669003642735979e-01, -1.723745881992474e+00, 1.866892274434752e+00, -7.490653934084467e+00, 1.040358141195971e+00, 1.973255905232023e+00, -4.540018184924222e-01, -3.513752869674918e-01, -1.879071028005166e-01, 5.164189505788399e-01, -4.627700134398117e-01, -2.877783515396111e-01, 8.202341290910752e+00, -9.439646558700524e-01, -7.758605701952385e-01, -7.047525212517588e-01, 8.431188487953958e-01, 3.185220189286360e+00, 1.413656560491972e+00, 1.742524355902274e+00, 8.432484618271229e+00, 5.221473715962759e+00, -1.800548195935211e+00, 4.292630692781715e+00, -4.659158503448481e-01, -5.700147395284112e-01, -2.987299424967884e+00, -3.071204026814638e+00, 1.948610100826066e+00, -6.156064749046193e-01, -5.192949989268557e-01, 1.040944180167663e+00, -7.713969804206821e-01, -3.419027742422662e-01, 1.725282984799656e-01, 1.410029628800090e+00, 1.582636860960164e+00, 3.490228722012645e+00, -1.139549514827532e+00, 5.133731887244600e-01, 6.857436987789359e+00, 1.956265878202881e+00, -3.132463188861639e+00, 4.853546710910573e-01, 1.100105361816514e+00, -4.547090369503502e+00, -6.822081224510671e-01, -3.645903367270199e+00, 5.573555863115296e-01, -1.008055784438529e+00, 1.380069069743476e+00, 1.884583565754851e-01, -5.875533691484889e+00, 1.119446332745644e+01, 7.055033368066317e+00, -1.690298986700047e-01, 1.141079948477410e+00, 1.390740967094428e-01, -1.040972696219670e-01, -1.048268265876060e+00, 2.725705712953146e-01, -1.710295348783987e+00, -1.169721870624311e+01, -7.623997666137068e+00, -9.168048373831333e+00, 1.756996160619557e+01, -5.304266963406799e+00, -2.932802586082274e+00, -2.931125456257074e+00, -8.015257875987991e+02, -8.519116641900693e+04, 1.640635788517440e+03, 4.904291881235471e+03, -1.271880543632898e+04, 3.262194444313780e+03, 2.280462382036034e+03, 2.153402183647152e+03, 4.509882633364558e+03, 4.166569503288029e+03, -5.180805870887610e+05, -3.288395361076758e+05, 1.846417140514657e+05, -1.583569997311212e+05, 2.017469725730420e+05, -2.127999547803799e+05, -1.455687747037349e+05, -1.546016667370461e+05, 1.381086413143827e+05, 1.285929488378647e+05, 1.187913326630632e+05, -1.608406957927381e+05, 1.345527731778184e+05, -1.804537850361266e+05, -6.760685203772439e+02, -9.126247429343050e+03, -5.578352022493445e+02, 2.171198349950916e+02, -1.726333886930513e+03, -1.557799127923942e+03, -4.163956918499081e+02, 6.622606637784922e+02, 9.552381867265653e+02, -1.358139754054624e+03, -1.670671340863563e+04, 6.371844389389418e+03, -8.417075992347825e+03, 4.794944304629810e+02, -2.204952900651891e+03, 3.330317808638808e+03, -5.098861498572675e+02, 5.088010008920819e+03, 1.024434440649985e+04, -5.835842207610846e+03, -5.437175653864991e+03, 1.258013572035334e+04, -3.793487259218678e+03, 5.387290729211282e+03, -8.397243529438988e+01, -1.803851537237344e+02, -8.715501616135340e+01, 2.804382404221844e+02, 2.364562486126950e+02, -2.980932374913428e+02, 4.806957902566882e+01, 1.067302039334653e+02, 5.943826844249682e+01, 7.788964069006829e+01, 8.284553642815152e+02, 1.225186212241480e+03, -8.926482723878743e+02, -2.054861690834556e+02, 1.615493673208655e+02, 5.349444862117865e+02, 1.280447148388904e+03, -3.975340327043138e+02, 5.123840998590755e+02, 2.319464136034090e+02, 4.966048739864595e+01, -5.199876878552860e+02, -2.440811356282444e+02, -2.014349692412811e+02, 3.904664715802607e+01, -1.573855912848521e+01, -3.171002223405328e+01, -2.998250593755040e+01, -1.874534686237881e+01, 3.347715949118777e+00, -1.082592133001630e+01, -1.019080625377397e+01, -5.260685256677594e+00, -4.869138113973087e+00, -1.017354329614608e+00, 5.548012032324247e+01, -1.477808196453984e+01, 2.505302221457533e+01, -3.413432853842209e+00, 1.933544327092064e+01, 1.383768519166948e+00, 7.335895126201173e+00, -1.844386477453814e+01, -1.109426090556041e+01, -7.337650801349880e+00, -4.752266905755037e+00, 1.058131658857588e+01, -1.088422704356341e+00, 4.634816745783800e-01, -3.763957174161984e+00, 4.583156844730467e+00, -2.713220630273384e+00, -2.002139455148693e+00, 4.201074977234829e+00, 6.118014864428358e+00, 3.665764992959097e+00, 1.211343969757064e+00, 4.893374635672062e-01, 1.476650198388633e+00, -6.161023304775886e+00, -1.902263616186484e+00, -1.612753491156850e+00, -2.204287279263434e-01, -3.017814925510864e+00, -7.134736030691153e+00, -5.192076199007821e+00, 2.300821979452842e+00, 6.770137658812013e-02, 1.551142255507246e+00, -1.472836997730279e+00, 1.853483530546712e-01, -9.743292196903823e-01, -1.431782210663254e-01, -1.742180953700994e-02, -5.141164270240147e+00, -6.163424820654211e-01, -6.464583549630905e-03, 6.907250049022420e+00, -1.087802253579176e+00, 8.257815368819178e-01, 2.029830806555681e+00, 1.042306075645486e+00, 1.495505390174503e-02, 5.613070461584064e+00, 1.074108122494946e+00, -3.049352030982534e-02, -4.212648728372399e+00, -2.226206143415206e-01, 1.192750057575050e+00, 1.864897307112172e+00, 5.190774357723625e-01, -1.173201364395088e+00, 5.648833301244116e+00, 4.952692498352652e-01, 4.410726311907518e-01, -2.951869930750419e-01, 3.497864942759547e+00, -6.397476478422656e+00, -2.791449402063328e+00, -1.481828059636461e+01, -4.953346799710497e+00, -8.552056826913459e-01, 1.008390229157504e+00, -7.167505823766634e-01, -1.776751221037654e+00, -1.058775901372798e+00, 9.558499988780982e-01, 9.003178630407564e-01, -1.200535286243225e+01, 2.898992006490718e+00, 1.514082759248388e-01, 5.670745379517848e+00, 2.069829041228058e+00, 2.126916241116709e+00, 3.797636639939752e+00, -2.468408673176464e+00, -4.158403071961652e+00, -2.091902800901586e+00, -1.705112711054849e+00, -6.446015180799336e-01, 1.019652386282013e+01, -8.298640117926338e+00, -8.926715969843539e+00, 2.211388789190442e+00, 7.471292070015654e+00, 5.309371431515926e+00, -4.439606225605570e-01, 1.706794526080720e+00, 1.847487172050252e+00, 8.567884188780223e-01, 2.913147804744384e+00, 7.064883357049104e+00, 1.000517596587377e+00, -4.750775398323429e+00, -6.466055267947475e+00, -1.666250195968730e+01, 3.034171115136926e+00, -2.284505410635666e+00, 1.464298536009280e+00, 9.068855544640156e+00, 8.488147846708028e+00, 2.251445197301981e+03, 4.079574304189828e+04, 9.537149721797132e+03, 2.741175869115581e+04, 7.222518187771153e+03, -1.504258965688535e+04, -2.784864670499420e+04, 6.435489240069524e+03, -1.298022918581958e+04, -1.043327817133708e+04, 1.017615170276520e+06, -3.073870406638721e+05, -1.411765890068657e+05, 1.475900743107953e+04, -1.897212836072605e+04, -3.413617594813027e+05, -1.797191175946825e+05, -2.087153148472919e+05, -7.344186475567505e+04, 2.192106532536117e+04, 9.700341317471238e+04, -8.208480606306353e+04, 1.315150575048869e+05, -1.115220172061663e+05, 1.171341721501085e+02, 7.644683169576253e+02, 1.060053806770208e+03, -2.036843369256067e+03, 1.961999866075743e+02, -1.147339326795195e+03, 1.366857436096933e+02, 6.088684708238961e+02, 1.062286799893704e+03, 4.918246004999268e+02, -1.044771374950606e+03, -1.176149267616009e+03, 2.047755235339699e+04, -4.118731771438623e+03, 6.565521649344062e+01, 7.223969790186976e+03, 2.712913725952628e+03, 4.369253715588075e+03, -1.310858490719424e+04, 9.745809942307291e+02, 1.419593316569050e+04, 1.343493055130778e+03, -3.965486027199808e+03, -1.208492466105173e+03, -4.957860435558843e+00, 1.770911394938244e+02, 2.266701782064756e+02, 3.747637835810688e+01, -2.251063150859115e+01, 6.234699724910903e+01, 7.425983905358927e+01, 9.147390410906273e+01, 2.758059266449590e+01, 4.969703602050893e+00, 1.209929381216512e+02, -6.192732574935351e+02, -4.639516981430486e+02, 1.485887015464266e+02, 2.284596985447841e+02, 1.794239940997603e+02, -3.481644477884947e+02, 5.193786880945513e+02, -1.063073164467470e+02, -9.082652232011401e+01, -1.790837340735991e+02, -1.314717728311806e+02, 1.048809109149949e+02, 2.577545756019638e+01, -1.018608657598751e+01, 2.055184307068444e+01, 1.565303417682109e+01, 1.229674408674426e+01, -7.169572586639139e+00, 2.313064632678140e+00, -1.400036357033170e+00, -1.056819626696274e+00, 8.003341211827921e-01, 1.662428224628136e+00, -1.309124096786286e+01, -3.495236017101792e+01, 2.023570666592518e+01, -7.827277114855195e+00, -5.133097192776862e+00, -3.460890265357709e+01, 2.530063478999554e+01, 3.297120033220328e+00, 2.405899832449060e+00, 2.123020486990779e-01, -1.027115770909974e+01, 2.230496837882719e+00, -1.486454549453845e+01, -2.511637172803762e-01, -7.367549748274201e+00, 2.765510304127512e+00, 4.902783971296369e+00, 1.560397396784669e+00, 1.422594736532474e+01, -4.137875541305012e+00, 1.852648487394146e-01, 2.001261521164283e-01, 2.064436662813280e-01, -1.049122461841789e-01, -7.603976968224737e-01, -6.855417065631225e-01, -2.227807632335858e+00, -8.409702777510887e+00, 2.041160080075000e+00, -2.489805117138315e+00, -1.025340886494463e+01, -5.123879847698165e+00, -1.151254243723465e+00, 1.091245485167698e+00, 1.486372321333427e+00, -2.526658678826543e+00, 1.794317524727673e+00, 1.391670815525124e-01, -3.046648812734814e+00, 2.450234223178454e+00, -1.045706911343646e+01, -2.268926363178229e-01, 1.179707095049892e+00, -2.230211691660648e+00, -2.352946629939342e+00, -9.721118225891340e-01, -3.526091065566349e-01, -4.479461373293988e-02, -6.884199243635901e-01, 6.459637526192670e+00, 1.350342935132183e+00, -2.091075662334574e+00, 1.738374499172285e+00, 6.823224961478576e+00, 1.295751475178826e+01, -7.794752195546947e-01, -1.924257063467457e+00, -2.850937205258622e+00, 1.503113179105456e+00, -2.377066598353328e-02, 7.734390452684187e-02, -4.844413037033793e-01, 1.094786977114529e+00, -2.329561749604088e+00, 3.876045354038125e+00, -3.082701026729336e+00, 2.153806519843063e+00, 2.613402718917168e+00, 1.799792899743883e+00, -5.385986168839407e-01, -4.619997564910349e-01, -5.056468910012978e-01, 2.652275901213487e-01, -3.652047861775281e+00, -1.486997168477333e+00, -1.188189276930127e-01, -2.422033779761803e+00, -2.972316286726228e+00, -2.886543056808078e+00, -9.718559146424262e+00, -2.123824539259628e+00, 9.882981415405604e-01, 2.073197671958639e+00, 4.529039400904369e+00, -4.798463278705495e+00, -1.315715138618086e-01, -1.042932530186049e+01, 7.641921063784173e+00, 1.351489818309300e+00, 5.641718692327970e+00, -5.288200410476133e-01, -4.288055791961855e-01, 3.976359119968952e-01, 1.848939284723623e-01, -4.353036245150099e-01, -2.967201208874263e-01, -2.312334500884272e+00, 6.724345444944111e-01, 4.522477235324621e+00, -1.131871530289310e+00, 1.008401524902591e+00, -2.040570564254299e+00, 1.515014331936883e+01, 8.139928661148085e+00, -3.573608121409945e+00, 6.377411403836859e+00, -7.212763696094378e+00, 4.435326060896122e+00, 6.913589299113573e+01, 1.087214454344023e+05, 1.229080901718985e+04, -1.338651978705209e+04, 2.036575474436049e+04, -1.901054286502589e+04, 7.188989126040450e+03, -9.237881825072065e+03, -1.913396814839464e+04, 8.512274444662109e+03, -1.945190466885543e+05, -4.505919449123054e+03, 7.890504284714740e+03, -2.762507660081457e+04, 4.900737988190458e+04, 4.400046281303161e+04, 2.194062304257687e+04, -9.443741291675232e+02, -3.055406365595626e+04, -6.230121838331679e+03, -9.261873549458856e+03, -1.229921374652974e+04, 1.109456581264693e+04, -2.968588143121314e+04, -3.448701281217928e+01, -4.715389225419791e+03, -1.682830583000148e+03, -5.589118799144414e+02, 3.035007690207579e+03, -1.447795679637766e+03, -4.890935477063585e+02, 1.367800927138071e+02, 4.523095346309507e+02, 6.474043142829904e+02, -7.902916215850477e+03, -7.880131181576618e+03, 8.119997851986155e+03, -1.329917865173842e+04, 2.629910370558835e+03, 6.573753643626706e+03, 1.453033515773241e+03, -7.224842542861212e+03, -1.312524877717779e+04, -2.367256595851039e+03, 8.224937550014061e+03, -3.218772747448894e+03, 2.164533839145950e+03, 1.032168475523573e+04, -2.218050157352312e+01, -3.177089793844320e+02, 1.411515501336141e+02, -1.052012382296114e+02, -7.471891034126186e+01, 2.896015070348609e+01, 1.381946524641832e+01, 7.998026340490211e+00, -6.390439635202019e+01, -3.532967624139339e+01, 8.467042946138426e+02, -9.381782154516243e+02, -4.497371710414399e+02, 2.585319918989153e+01, -3.770886216763957e+02, -6.695128311050088e+02, -1.922396985569258e+02, 1.815601038092628e+03, -6.211383082803076e+01, -6.937459224512714e+02, 2.014887080174780e+02, -4.930027839356092e+02, 4.469668202689613e+02, -5.951019871619775e+02, -1.706495041631440e+01, -7.894736787898880e+00, -1.866545434122882e+01, -1.501976042663472e+01, 3.260792996792515e+00, -1.011851912053801e+01, -1.617915703628695e+01, -1.091218993008443e+01, -2.216105894666090e-01, -2.687550891392029e-01, 2.169555347440378e+00, 3.324966319841535e+01, -4.364383247838820e+01, 1.229664352962632e+01, 4.288643295467018e+00, 3.386395676693063e+01, 1.391279898654633e+00, -1.922793903338873e+01, -8.534972493408414e+00, 6.037179907830668e+00, -1.138787527471760e+01, 1.019190626170602e+01, -1.674673593400977e+01, 1.370146021204159e+01, -1.502001339253210e+00, 1.384230284545749e+00, -4.024409302362654e+00, -1.761020690327633e+00, 1.844386157645846e-01, -6.911943373652769e-01, 7.133375290494735e-02, -3.762843133081460e-01, -1.366539290896102e+00, -1.130008447039767e-01, 1.205534952615468e+00, 7.747345246321646e+00, -5.186608523087366e+00, 3.006332878898958e+00, -2.780627040229118e+00, 7.225791466845848e+00, 1.058210968534794e+01, 6.476132168183937e+00, -1.790332663997591e+00, -2.016980094445088e+00, 2.404940493523546e+00, -2.149154496190890e+00, 3.730131269975209e+00, -2.073237625476161e+00, 2.685918498018910e+00, -2.090199126231984e+00, 7.808471008267436e+00, 7.914092806730077e+00, -4.185591218234176e-01, 2.507384022180590e-01, -4.488049390777427e-01, 3.229380868334918e-01, 8.273880418186625e-01, 3.222198762530974e-01, 1.060374254269167e+00, -1.866241143573398e+00, 2.071089705675087e+00, -5.020044831328554e-01, -5.518391344063274e-01, -7.313367253053122e+00, -9.536835834663888e+00, 3.583207515635105e+00, -5.898557675554876e-01, 8.526982710811904e+00, -3.878433851567509e-01, -2.053298695511509e+00, 1.355638063584619e+00, -5.452510603199826e-02, 3.467830770428947e+00, -1.027635772528375e+00, 9.445738468540262e-01, 3.623404180177638e+00, 1.286940742150041e+00, -3.009731329608631e+00, 8.061855928502548e-01, 1.307583245281724e+00, -7.707420840052225e-01, -1.819217760276685e-01, 3.875541686260755e-01, -2.023415151154423e+00, 1.530601392932126e+00, -9.618934678593003e-01, 1.292754805722790e+00, -7.576182145869747e+00, -3.292247348076208e+00, 5.068838199729142e+00, 5.717472246306814e+00, 3.488886916869945e+00, 1.633068808209065e+00, -1.466062250326327e+00, 2.569387166716555e-01, -1.174447122980953e+00, -1.549737481780703e+00, 2.611736589969656e+00, 9.332351747645154e+00, 6.334443498705351e+00, -1.872194790138237e+00, 3.262512272763123e+00, -2.687502274937174e+00, -1.296389028802767e+00, -3.797327192919134e-01, 6.461064324168097e-01, -7.040714866326009e-01, -7.713649423884083e+00, 5.832261898159731e+00, 5.346069331225875e+00, -3.759381854569903e+00, 2.922004374483806e+00, -3.336466954166672e+01, 6.944430607543947e+00, 6.533765152193080e-01, -1.494547890751083e+00, 8.855678644775917e+00, -9.235324273374811e-01, 3.677138119187302e+00, -1.059563499836089e+02, -1.178680124940554e+05, 2.255663487078515e+04, -5.939019392672615e+03, -2.695767404644424e+04, -1.005046513246439e+03, 1.427674380334204e+03, 1.874266127839783e+04, 2.862137766952648e+03, -1.771789475513405e+03, -1.016036508648518e+06, 6.795822183861861e+04, 1.603445276535069e+04, -2.079944867593240e+05, 1.751400585092725e+04, 2.433039318934744e+05, 8.308307546384941e+04, 7.636089320664568e+04, -1.462234644179599e+05, -1.221965933509933e+05, 2.393084035400471e+04, 1.331707425846713e+05, 1.969958753654294e+04, 1.170688421708336e+05, 6.765644473914960e-03, -2.733986783939396e+03, -1.343244367550014e+03, 2.156228491035947e+03, 2.255640251518526e+02, 2.459414999701723e+03, 4.335013290232611e+02, -5.687743794766138e+02, -7.281241061054574e+02, -4.178450002823405e+02, 1.270504669366669e+04, -8.060267541626541e+02, 1.952287153225815e+03, 9.785027495874430e+03, -5.237192741779888e+03, -7.107429880876020e+03, -2.302215327990201e+03, 6.107030489720853e+02, 3.219678165095560e+03, 1.192344564939516e+03, -2.025494289258260e+03, 3.159697895716979e+03, -7.817580372924348e+03, -3.354760428515199e+03, 1.329969222403886e+00, 1.281098403890510e+02, -9.877542269402005e+01, -9.063301546368892e+01, 6.005169595227436e+01, 3.006865125550141e+01, -1.872160205540792e+01, -7.510726062062566e+00, 6.949941857446482e-01, -3.991852665668035e+00, -1.247720748698763e+01, 4.593948606336550e+02, 5.524180960604140e+01, -2.544556533806338e+02, 1.255322482032237e+02, 1.148798861920369e+02, -2.102829175816819e+01, -9.931434379645351e+01, 1.742103097560173e+00, -9.157920911093920e+01, 8.380495164072866e+01, 8.137045487430939e+01, -1.064811110543247e+02, 1.326844260141856e+02, 1.193947649436943e-01, 9.645983491445392e+00, -3.936241060971211e+00, 2.896706150948704e-01, -2.165040328793289e+00, 1.648076385333097e+00, 3.237475017309183e-02, 8.980943163315251e-02, 1.501508825750734e-01, 5.477845773740573e-01, -8.733865921997371e+00, -6.806157818568174e+00, 5.093607219911025e+00, -8.322272216840384e+00, 1.091668600516347e+00, 1.246288428430830e+01, 5.267745087475387e+00, 1.094546119168644e+01, -1.629781154628025e+00, -3.115566660780501e+00, 4.538200723289466e-01, 4.525782860997822e+00, -1.634768931239696e+00, 1.459301331231136e+00, -7.183545338484520e-02, -8.689043115923635e-02, 2.111334561216737e-03, -1.075097532204343e+00, 1.608101287899274e+00, 1.132847301839633e+00, 1.049180754133762e-01, -7.190653627853778e-02, -8.878987785932481e-02, -3.230924517076358e-01, -2.586709558036662e-01, -1.763996482250283e-01, 1.239188229552599e-01, -2.271769369952307e+00, -3.903402980144116e-01, 6.710312944608175e+00, 3.907135596872978e+00, 8.161318409443403e-01, -5.632170855864532e-01, 6.730299864694691e-01, 2.277341715187392e-01, 9.254439674363943e-01, -9.383968917173900e-01, 3.572988201288198e-01, 5.330049657171039e-01, 3.599894904618055e-01, -5.715507973043561e-01, -4.388051608303152e-01, -1.074728255243233e+00, -5.429688049749314e-01, -1.688853184048039e-01, -9.916530111469699e-02, 2.286468010512011e-01, 9.789260757798644e-02, -2.871324077675144e-01, 1.548235103230663e+00, -7.198192547751281e-01, 9.702632516794272e-01, -7.840239096161836e-03, -4.514911395462555e-01, 3.125372901081081e+00, -7.038679758357645e-01, 2.990477419424536e-01, 6.582735600859079e-01, 8.966738180517972e-01, 4.980253781070286e-01, -6.284252772513100e-01, -2.850913292650157e-01, -2.611748465272729e-01, -3.240268487878901e-01, 7.259802263899380e-01, -1.212682514084840e+00, 7.830207585639077e-01, -8.920468534451336e-01, -3.944578762678729e-01, -5.248968067517353e-01, -3.978449531346635e-02, -1.733868917216743e-01, 2.586276673879341e-01, -2.297584133606660e-01, -8.089923438342638e-01, -8.391125346121087e-01, 6.763672136529635e-01, -2.707483677241102e-01, 5.165424465950424e+00, 1.586962790345115e-01, -5.908064314998729e-01, 4.027497367111782e-01, -9.264113522343714e-01, 1.931538906219760e+00, -2.068701439809511e-01, -1.403736464700168e-01, -1.619103681890955e+00, 2.923710693566526e-01, 2.913714313686631e+00, -4.497880203892925e+00, -1.214665013238582e+00, 5.980294121696417e-01, -1.115162856790591e-01, -6.653410764787826e-01, -3.701391094205982e-01, 1.624590808026076e-01, -2.284822356676489e-01, -2.377253285921012e+00, -7.970623262476668e+00, 2.670215819622825e+00, -9.683379913881114e-01, 6.116851922329192e+00, -2.060581107745360e+01, 2.165793672053672e+00, -3.093764818922706e-01, -5.598860092393426e+00, -4.973126660897435e+00, 1.378187054086301e+00, 9.561119240770461e-01, -1.236891830596952e-01, 5.428361657889083e+00, 6.724295555582651e+00, -7.809080055883237e+00, -2.398225570541836e+01, 1.900814848253436e+01, 8.746882095092509e+00, 7.791083392885278e+00, -3.501626548520079e+00, 8.814007708175078e+00, 9.482907959315361e-01, 4.558227675494985e+02, -6.648476965531511e+01, -9.073102050669662e+01, 1.750337118191926e+02, -1.033562814527139e+02, -1.688543323661368e+02, -4.692686252732384e+01, -1.650703856498614e+01, 6.034461087880405e+01, -3.978458529945558e+00, -7.715208606857836e+01, 1.627987217183192e+01, -7.888887771780185e+01, 1.112109450865948e+01, 2.527774397205014e+00, -1.322072577281732e+01, 1.374952355870387e+01, -4.590500760476298e+00, -1.678443633492642e+00, -4.855138326727380e-01, -1.297131328214314e+00, -3.789660626711379e+00, 7.447481310267488e+00, -1.185647842253797e+00, -7.416508736584784e+01, -3.083048171422933e+01, 3.514163827492004e+01, -2.647969498284733e+01, 2.262943478190375e+01, -1.039157098108864e+01, -9.923260070454655e+00, -1.017859540487178e+01, -3.207193387468411e+01, -9.863554803874443e+00, 1.759298683280002e+01, -9.703546888140119e+00, 2.292585476327530e+01, -1.567442740495346e+01, 5.599987134474267e-01, -3.548070188538606e+00, 1.210594933736480e+01, 3.175390928691647e-01, 4.363316151314402e+00, 1.334521883539244e+00, -3.767506618870188e+00, 2.053491444923240e-01, 1.210142192519396e-01, 4.247954939189671e-01, -8.837131748516457e+00, 1.258046827107174e+01, 6.665196662919156e+00, -7.351573839250784e+00, 6.424976104889391e+00, 2.281760949887403e+00, 9.938334801054748e-01, 9.737826245470142e+00, -1.701836671873217e+01, -1.850689103848662e-01, 2.789968369345173e+01, 5.497773932553867e+00, -4.472542191516322e+00, -4.710073311609253e+00, 9.277850013064851e-02, 1.674194758515628e-01, -3.867862600447308e+00, -5.310545928764726e-01, -3.675808732440781e-01, -5.522990607417031e-01, 6.287238017668297e-02, -2.815887961306363e-01, 5.645005034256294e-02, 4.912190186966055e-02, -9.972346184911307e-02, -1.200420578688312e+00, 1.744147769176553e+00, -1.779151701528711e-01, -3.237119575558688e-01, 6.799989400690062e+00, 7.381538169658830e+00, -4.306268577873146e-01, 4.798238632640419e-01, -5.979348413774631e+00, -4.383053767141853e+00, -2.915820324034218e+00, -8.756737842030411e-01, 4.841713198751555e-01, -1.682102407686099e-02, 4.939185046857410e-04, -2.242235776914598e+00, -2.897063133726074e-01, -3.676700843810095e-01, 4.973286373610918e-02, -2.205718866764539e-02, -5.000885071522328e-02, 9.588573348995109e-02, -9.137221505024576e-02, -1.605076464718694e-02, 6.207616264905649e-01, -1.479486128092565e-01, -1.042074540428596e-01, 4.388714207217311e-02, 1.866222400706524e+00, -4.782187205455455e+00, -6.559091066977254e+00, 8.742371045453542e-01, -1.209735457322183e+00, 2.326914260193468e+00, 9.411514482991222e-01, 2.572690493128128e+00, 1.930794863494117e-01, -2.153013855472207e-02, -1.890469421449058e-02, 6.172379965904420e-01, 1.073480065172312e-01, -3.257200410441652e-01, 1.657111719143796e-01, 5.007555557789174e-01, -5.348855688139061e-02, 7.851059499941054e-02, 6.504543795179644e-02, -2.178660391272389e-02, -1.592799253961370e-01, 2.466121189295364e-01, 1.710270474358417e-01, 2.960675056548900e-01, -1.539116269776923e+00, 5.884468367650685e+00, 2.072157656562701e+00, 6.372467813669198e-01, -1.303868979097448e+00, -1.795257682803037e+00, 1.543350542728688e+00, 2.259443335360511e+00, -1.677010965310932e-01, -1.241673891004852e-02, 2.368915155089689e-03, -4.470974867525518e-01, -1.337670781477137e+00, 6.224457134984699e-01, 9.802324834602788e-02, -4.679111116581244e-01, -1.289909822084851e-01, -4.790370431457236e-02, -1.643439772535214e-02, -8.186841939587805e-03, 2.017471740214086e+00, 2.659698517701103e-01, 4.304870228962372e-01, -3.457200217588559e-01, -7.506993820374859e-01, -1.563693758909222e+00, 9.814018168558187e+00, -4.229997682933620e+00, 1.966816834986615e+00, 5.385631455229285e+00, -2.309718983182662e+00, -1.937601767471614e+00, 2.365844901009417e-01, 4.177892071330622e-02, 1.849618680441105e-02, -1.352997079699553e+00, 7.142363617632517e-01, 1.087908388630872e+00, 2.039790611433325e-01, 5.933425637034241e-01, -1.110718998054599e+00, 3.507863271016360e-01, 4.062595330563777e-01, 8.734783307853081e-03, 1.044229058615311e+00, 8.314274332059284e-01, -2.989244722223915e-01, -5.050168081222653e-02, -2.426819666185042e+00, 1.055761905398436e+01, 1.677761003198922e+01, -2.810245326785601e+00, -2.884680097066990e+00, -7.985953096108457e+00, 3.689871135310291e+00, 2.138028367141459e+00, 3.188758057678112e+00, 3.194023545151102e-02, -3.014060220947965e+00, 1.553440388596223e+02, -2.603756058502332e+01, -4.865994300150182e+01, 5.666858371707724e+01, -7.146834341083238e+00, 1.303830041919018e+01, -1.061418583597936e+01, 4.750477675383555e+00, -1.939134963146546e+01, 2.116981319816440e+03, 1.763784179825804e+01, -4.174888351981521e+02, 5.815913004296873e+02, -4.965948355550935e+02, -4.164389215299177e+02, -1.159941260592809e+02, 3.577005761912931e+00, 1.116455063588914e+02, -7.943387873000263e+01, -2.054823977012239e+02, 1.513028591503010e+02, -2.640041836578449e+02, 1.620448315167524e+02, 1.628202665786911e-01, 2.655616319905262e+01, 2.348689983665235e-01, -5.842399988834040e+00, -1.402295086348253e+01, -9.344691516715242e+00, -4.032532391576509e+00, -2.856435265422633e+00, 9.840397958081748e+00, -1.959384238204077e+00, -1.905935329512318e+02, -1.029079584975824e+02, 7.615535836574969e+01, -6.437783199843207e+01, 5.992391257518359e+01, -1.784210542328108e+01, -2.960029692159145e+01, -3.432881062334145e+01, -5.684884615753190e+01, -2.006140909116551e+01, 3.476669950232908e+01, -1.481414089516716e+01, 4.341428669582876e+01, -5.188131044148041e+01, 3.122151987773032e-01, -1.401781301511751e+00, 2.265741414979655e+00, -2.139161938684437e+00, 1.261837488612575e+00, 1.182192045416570e+00, -1.706988479740384e+00, 1.815537483754311e+00, 1.028135744909235e+00, 1.574883079693869e+00, -3.859595986332903e+00, 1.333607284932168e+01, -8.590579528517015e+00, -1.428706780602923e+00, -1.370603322028393e+00, -3.915548235416086e+01, -3.575801187235538e+01, -1.499500517558175e+00, 7.785344102705248e-01, 1.372999410992076e+01, 2.785534988059316e+01, 1.286214763470889e+01, -2.763725672935599e+00, 3.230377507046793e+00, 1.110077993874672e-01, 8.375364848410971e-02, 2.964662158243369e-01, -3.950239548747592e-01, -7.355627278133612e-01, -2.295781634784733e-01, 3.123464706303317e-01, 2.150429546223633e-02, -4.750000894770784e-01, 2.589356560468314e-01, -5.213737900010221e-02, 3.113555382918346e+00, -5.339183693985048e-01, 2.429073263328682e-01, -6.645837445417832e-02, -4.366856521850960e+00, -1.863141068412687e+00, -8.355138415937681e-01, -7.058197216307395e-01, 8.816784900779522e-01, 7.063137703658625e+00, -1.180944560922586e+00, 1.317448516626720e+00, -4.658892283135260e-02, 8.076504126203128e-03, -4.915751148122728e-03, -4.490263958551071e-01, -2.564328347300391e-01, -6.890192188158470e-02, 7.272269325280961e-02, -4.186502643692230e-01, 3.969184861922437e-02, -1.232608570866374e-01, 7.917497400582080e-03, -1.020324149646903e-02, 1.300610195920658e+00, 4.240878047330482e-01, 2.971572774470794e-01, 1.613889175304722e-01, -6.175074374548239e+00, 4.860429703478805e+00, 6.813898664730346e+00, 6.586660830772915e-01, 6.691452183116523e-01, -4.595569287306514e+00, -9.763045465581773e-01, -1.473877771904076e+00, -1.013602414624544e-01, 6.267720545686523e-03, -8.113929793521700e-03, 8.456876825017482e-01, 1.554399127993773e+00, 1.809649070367614e-01, -4.382183586333478e-01, 2.533617848975967e-02, 2.788435987528842e-02, -1.054078534365048e-01, 3.101124475226014e-03, -1.115001185882767e-02, -9.036396148374678e-01, 4.028413398505535e-01, 3.730700734810575e-01, 1.817316482525964e-01, -9.221397144370969e-01, -7.695753845643408e+00, -1.303498871607375e+00, -1.396848658010112e+00, 1.872933684632899e+00, 8.544846034728121e-01, -2.585725592769622e+00, -2.579234204960811e+00, -1.276031046528932e-01, 8.615550472372363e-03, 3.593169759234402e-03, -2.445951032408414e+00, 4.724418940466431e-01, -1.075069475426565e+00, 3.481572939031324e-01, -1.585567179425836e-01, 3.200510165331236e-01, -7.360344733820012e-02, -1.486048929930455e-02, -9.510839752260157e-03, 1.904045414018194e-01, -3.711108257646210e-01, -5.906184874867093e-01, 3.344827130916668e-02, 1.124371131985160e+01, -5.158366798436283e+00, -1.350428961819832e+01, 1.545273772209574e+00, -2.035683592993797e+00, -5.435893109053004e+00, 2.371552995101238e+00, 1.380931554142315e+00, 5.972840899210424e-01, 5.197995678590031e-02, 1.261346086125851e-02, -9.020121437354277e-01, 9.697998497402718e-01, 1.324147827927045e+00, 3.789356339638548e-01, -2.754980847947024e+00, 5.697933843869050e-02, 5.674043777589336e-02, -3.828296979105062e-03, 2.589609398259261e-03, -2.545021870951606e-01, 9.154062385358692e-01, -1.517506163432496e+00, -6.070302808787307e-01, 6.917194646146616e+00, 1.026004091552230e+00, -2.133492424293668e+01, 5.366037893328469e+00, 3.306202849198701e+00, 3.561711984347939e+00, -4.034331580247036e+00, -2.231236930311256e-01, -1.066938596799895e+00, 3.186068952038047e-02, -5.016642477033158e-03, 1.741780669440590e+00, -8.907026833928723e+03, -4.016234441047624e+03, -1.219821072046052e+03, -1.608883375740268e+03, 1.910951622029619e+03, 1.719283113150287e+03, 1.509645542358041e+03, 7.234118752707178e+02, 1.670169632201174e+03, -7.112304142189243e+04, -3.073258578092046e+04, 2.071488069701628e+04, -1.295092523196717e+04, 2.008289190570536e+04, -1.778578586455142e+04, -1.126559051455190e+04, -1.178974818073796e+04, 1.355475964581923e+04, 1.176370358213612e+04, 7.722834643321849e+03, -1.463005348169871e+04, 8.967088600249377e+03, -1.619250070173094e+04, -4.262292466450710e+01, -1.411294769080803e+03, 3.939273042656314e+02, 1.187429255171767e+03, -5.703767659317756e+02, 2.209392154769456e+02, -1.236390313975996e+02, -5.401188318044356e+02, -1.538659553152407e+02, 1.160617786290930e+02, 8.908886997409825e+03, -2.693587594592766e+03, 8.170536942430474e+02, 3.857398142694939e+03, -5.735378794391646e+02, -6.572673410621376e+03, -1.849257414791562e+03, -1.815197608569679e+03, 9.560882864915319e+02, 1.305325316805274e+03, -2.740066952672916e+02, -2.730343232697950e+03, -1.260983467358446e+03, -3.123062953583556e+03, -2.042914483639376e+01, 6.772526753438083e+00, 1.445318128863747e+01, 4.335847382391771e+01, -8.285369661339658e+01, -7.592493044359354e+01, -6.926755796288005e+01, 5.933377294688186e+01, 1.080004028289914e+01, 3.321816384101511e+01, -8.740583404612877e+01, -7.218393583705671e+02, 2.994498092097251e+02, 1.261967004059561e+02, -9.623765588943189e+01, -2.640497425659800e+02, -4.337252564313445e+02, 7.029393275740533e+02, 1.664274200749154e+02, -4.376039660482172e+02, -3.989288995376195e+02, -6.033804042021595e+02, -3.553606796008445e+00, 3.274854443756922e+02, -3.784668174903023e+00, 1.209141854046618e+01, -1.299158807244950e+01, 1.949573142700831e+01, -7.844262188715919e-01, 2.762867290714239e+00, 3.384840915777103e+00, -2.702364041957499e+00, 8.734848253659429e-01, -3.269369027047319e+00, -5.311862988483427e-01, 2.260349550877588e+01, 1.204239228770472e+01, 8.413876399538601e+00, 2.807084183327517e+00, 1.378323957228642e+01, 3.528298042121654e+01, -2.074265364359410e+01, 1.234913720674271e+01, 1.792833995212347e+01, 9.314886364052155e+00, -1.782590033789942e+00, 5.696686552380509e+00, -7.928031923444586e+00, 4.553788504892802e+00, 4.731502581806740e-01, 1.684752982485313e+01, -4.250644304846461e+00, -1.603179092224841e+00, -8.489152847936787e-01, 1.797803340316376e+00, 1.738724511735708e+00, 6.959167664233297e-01, 5.811323401430706e-01, -5.371479583037415e-01, -1.333404812756794e+01, 3.809795592625916e+00, -5.149534039591037e-01, 1.382112166061136e+00, -3.756893772678499e+01, -2.549806544640482e+01, 1.019649521334731e+00, 3.416506657012622e-01, -5.621875255163483e+00, -3.261349390849074e+00, -5.374610748218906e-01, -2.184153502992019e+00, 4.181456504772005e-01, 4.149661344460373e+00, 2.925142624435488e-01, -1.216416280146119e+01, 1.395893006343841e+01, -5.596659023900943e+00, 3.810510863038681e+00, 2.085258136648334e+00, 2.104501948194455e+00, 1.126676813555480e+00, 1.058732875790968e+00, -1.421432757033859e-01, 5.324757777439912e+00, 1.320696660268957e+01, 8.978467426160938e-01, -1.012781130617236e+00, 3.928491758256055e+00, -1.615416156709660e+01, -1.376988922089699e+01, 8.282034148022445e+00, 1.461457219470920e+01, -5.768232523854310e-01, -3.987828600387081e+00, -8.486108266925877e-01, -1.548882992288816e+00, 3.679780409286328e+00, 2.029108161395762e+00, -8.410647807050015e+00, 1.256181450053579e+01, -5.796915808786538e+00, 8.874579842579530e+00, 3.436809548903419e+00, 2.439160589058690e+00, 5.146807964883415e-01, 2.845703738627682e-01, -1.166653709923284e+00, 8.406311937099506e+00, 1.123069045440116e+01, 1.814610659311425e+00, -5.478345617025528e+00, 2.034044080026477e+00, 9.125712076057003e+00, -5.065157550007594e+00, 1.331171088401451e+01, 4.150294178177411e-01, 4.140694095055271e+00, -2.779585411910387e-01, 7.590247806592147e-01, -1.911959641644840e+00, -9.219963723351388e+00, 1.830081692232404e+00, 3.152705137430488e+00, -1.057640830601921e+01, 6.069692536436486e+00, 9.251770731898521e-01, -8.426932606507034e+00, -2.104221626188516e+00, 1.280947332793054e+00, -2.664737898970980e+00, -1.725841144209275e+00, 5.578364234921886e+00, -2.440806307271734e+01, -1.759943533213869e+00, -2.051686146709921e+00, 5.618947978759914e+00, 4.235363385446486e+00, 4.642148903860635e+00, 1.401507620794685e+01, -3.075977270506456e+01, 1.416417453143382e+01, -4.311457860661218e+00, -6.792105579843485e-01, 1.999602445758643e+00, 1.987293089749696e+00, 2.572384023856894e+00, -3.337717876386467e+00, -1.898694077367367e+02, 7.884271209086480e+03, 2.916642215241210e+02, 1.823602615979558e+03, 1.878863242546536e+03, -1.272650755280998e+03, -2.024969774873649e+03, 3.001630265123111e+02, -1.486687037988846e+03, -8.978719384019162e+02, 4.694167838585677e+04, -2.706282908908860e+04, -1.080901278600161e+04, 2.801996873258541e+03, 1.813503537432724e+03, -2.504511431680333e+04, -1.140369007794164e+04, -1.411852840718314e+04, -3.255815682336896e+03, 9.922738769217445e+02, 2.001188621312229e+03, -5.325770935980049e+03, 6.321377325748709e+03, -9.589556692821456e+03, 3.520236922893332e+01, -5.596168210293910e+02, 3.970901953151844e+02, -6.260777879776351e+02, 4.911231884756052e+02, 3.084161354387262e+02, -1.988888544846698e+02, 4.504991333121162e+02, -1.566209121330153e+02, 3.927571213115768e+02, 3.292697295573249e+03, -1.642230528829675e+03, -2.697329947264655e+03, 7.444925760028374e+02, 1.680625832957416e+02, -3.310234866180265e+01, 5.000634788660051e+02, -6.390808526847394e+02, -3.429764401447675e+03, -1.563094099027394e+03, -9.166834071083319e+02, 5.544595643129894e+02, 3.551590956516709e+02, -1.334535713412024e+03, 1.797075126428550e+01, -1.348355517158959e+02, -2.853513071893300e+02, 4.442286586278916e+01, 1.319033821611046e+02, -1.613125994389002e+01, 2.519748919013261e+00, -4.788220820763853e+00, 4.323020581343182e+00, 2.372257262885127e+01, 4.068230124832998e+01, 1.011382688755633e+03, 5.219747953757048e+01, 1.623003635682769e+02, 6.240471166606129e+01, 7.542833646888153e+01, -1.144652348718873e+02, 4.067146984955701e+01, 2.774851317627334e+02, -3.726022443004069e+02, 4.972182505596166e+02, -4.881637850608753e+01, 1.685563658080845e+02, -5.710418612826599e+00, 5.547967135695180e+00, -2.122848533104657e+01, -3.312262777431360e+01, -2.881425618624946e+01, -2.115093961492235e+00, -8.001490776346689e-01, -8.454392087023416e+00, -1.376128881610731e+00, 6.928614866719907e-01, -2.958579351303945e+00, 1.439679993231357e+01, 1.591702267998401e+00, -3.766951572256118e+01, -1.326379576810023e+01, 1.482093985930170e+01, 2.626842121870806e+01, 2.397127944279802e+01, 2.382661140408300e+01, -1.028576210754590e+01, 6.023810445037547e+00, 9.733320637560308e+00, 7.064965784654651e+00, -1.410513240597598e+00, 1.060102548106592e+01, 8.590573854843904e-01, 1.095846099695280e-02, 1.146296746001771e+01, 1.690589394276603e+00, 8.351603219308986e+00, -4.009478473965483e-01, 5.182991164033119e+00, 1.700035914556854e+00, 7.115331346084135e-01, 1.291317309570764e+00, 7.557435405093373e-01, 1.566102836743340e+00, 5.145647822115081e+00, -5.534367118735212e-01, -1.465596693890956e+00, 1.052278733154852e+01, 1.166991431593852e+00, -1.063754943207495e+01, -7.147154067631096e-01, 1.591106708265498e-01, -9.726522584672722e-01, -6.949977860508644e-01, 5.388412674329849e+00, -3.554021659127783e+00, 1.120217368434756e+00, -1.349511506847019e+00, -1.919443324660149e+01, -4.924550616070208e+00, -5.421039894388620e+00, -1.049207558064560e+00, -1.009906986631300e+00, 7.034260269051248e-01, 1.681266868445016e-01, 8.362091735194714e-01, 3.816684556263662e-01, 1.110366021802944e+01, -6.424552561531434e-01, -3.492422921718597e-01, 1.556212933171608e+00, -4.830330243600184e+00, -1.261774887455627e+01, 2.322867725481575e+00, -5.100855379008709e+00, -7.874919107746894e+00, 3.612359031766639e+00, -9.629171697810771e-01, 3.726563638326982e+00, -1.551027548901974e+00, 2.248582768831107e+00, -2.353436482482032e+00, 9.250767715386122e+00, -8.450300464887848e+00, 8.095447555003886e+00, 3.565729795119587e+00, 5.655374969796383e+00, 2.458226269355162e+00, 1.060789117030895e+00, -3.153399564864635e-01, 1.631648194730264e+00, -8.179718280258211e+00, -5.859345456993574e+00, -7.701985890825191e+00, 6.845660458371966e-02, -7.270080851264757e+00, 1.562531142481234e+01, -1.372231208486996e+01, -1.120045379055868e+01, -6.558937823322341e+00, 4.635199765430056e-02, -2.902963281315220e-01, -1.078988557761180e-01, 7.670097727881908e-01, -2.741595556527226e+00, -3.756254153730104e+00, -8.226855557924411e+00, 9.507070744976177e+00, -1.358500430074974e+01, 3.364131390463158e+00, -2.480438967131006e+00, 2.116839888174556e+00, 3.093172475151285e+00, 1.831685744960241e+00, 1.743334327430538e+00, 2.304327398449966e+01, 2.698880512039049e-01, 1.767616408152630e+01, -8.711127179053257e+00, -9.645022915965178e+00, -5.416979362907526e+00, -1.459987606841250e+01, 1.205184989206989e+00, -8.992770362014665e-02, -1.006404151581519e+01, -1.148575143555936e+01, -1.946761083546387e+00, -1.912042372380340e+00, -3.480440956722932e-01, -1.471462683143902e+00, -4.725628271611203e+01, 5.212337824613580e+00, 2.239271650284519e+01, 3.088498777456756e+03, -2.120322835777918e+03, 6.265999553459231e+02, 6.388357055946366e+02, 1.239060284656095e+03, -7.471892556418304e+02, 2.756689222049922e+01, 9.081502795638820e+02, -6.577772557112569e+02, 3.279586459384092e+04, 1.733333510332002e+04, -1.902505456635868e+04, 1.366910335891410e+04, -1.320302680351234e+04, 1.156279915387821e+04, 1.086633019990359e+04, 9.348506374986193e+03, -1.418847787580824e+04, -1.159203793984767e+04, -1.264038560706297e+04, 1.203349953652188e+04, -1.057699581773508e+04, 1.059885632369830e+04, 3.696884498642864e+01, 4.750851200218660e+02, -6.919360287441303e+02, 4.541222469633227e+02, 2.812951430642838e+02, 5.632785141320409e+02, -3.696098963000155e+02, -1.552385976003115e+00, 3.079099646480020e+02, -2.961383195742586e+02, 2.380051220100609e+02, -5.376200756241994e+02, -8.381147274593036e+02, 1.100660522526150e+03, 8.277317407491481e+02, -5.805086598987755e+02, 6.589350497574936e+02, -1.908425689155674e+02, -1.166373045567278e+03, -3.231484823279706e+02, -1.496081297444595e+03, -1.424481583682848e+03, 2.124316998158278e+02, -1.391143331719340e+03, 3.752995611977582e+00, 1.010474701782022e+02, -1.055772919190847e+02, 1.905403312499868e+02, -3.258646324724553e+01, 4.483398005738819e+01, -2.129342188609041e+00, 4.229745216129393e+01, -4.841525807753730e+01, 2.539686978885499e+01, -8.085799024304636e+01, -1.924129444269842e+02, 4.237482280927747e+02, 5.083094392347827e+01, -2.559127274730384e+02, 7.218893968882868e+02, -1.254681552408755e+02, -4.237374312490085e+02, 2.069036079523821e+02, 2.658456281772322e+02, 4.976825045345749e+00, 7.702470699229836e+01, -3.832342437756235e+01, 1.524616497109313e+02, -3.183137916838152e+00, 6.473368032539035e+00, 2.000181140524893e+01, 3.358004420379478e+01, -4.846761174044995e-01, 1.364329996256209e+01, -6.388026035449785e-01, -4.333868899244804e+00, 3.504723472010577e+00, -3.379846598001869e+00, -5.190226245165524e+00, -4.868878925143697e+01, 6.846302546222749e+01, 8.176667824103921e+00, -1.793609575293381e+00, -2.223321300991593e+01, 2.079284931499065e+01, 4.487223691461104e+01, 1.102466391669369e+01, 6.365900024472426e-01, 1.937579370940653e+01, 1.404410594043341e+01, 2.034487891208157e+01, -3.531995507241845e+00, 9.249663393200264e-01, 5.682307233128191e-01, -2.987938676365218e+00, -2.301613763440591e+01, 4.167535112962772e+00, -2.636259049624442e+00, 2.199895505850709e+00, 1.379423827428685e+00, 4.669856734792397e-01, 9.914633799176019e-01, 1.192539948983862e+00, 5.596891160615860e+00, -1.722872562547311e+01, -4.941322052079982e+00, 1.287415513196414e+00, 7.688484288466987e-01, 1.176800561423446e+01, 6.081512743718204e+00, -3.364496727165817e+00, -6.480640378669543e+00, -9.394005153407662e+00, 9.219553896964766e-02, 1.801892376009273e-01, -3.767978222277240e-01, 2.317606746364515e+00, -1.415777555538377e-01, 1.427302079324315e-01, -3.247782403448450e+00, -6.758342412119539e+00, 2.306311303994222e+00, 1.238047277088021e+00, 1.104139346288808e+00, 1.424119455672827e+00, -1.526806024004211e-01, -2.164749076224890e-01, -8.330874707910073e-01, -6.850893371853654e-01, 3.648446492338568e+00, 7.042109106770915e-01, 1.955901447349665e+00, 9.060720620418730e+00, 6.149552138366537e+00, -5.745532330465375e+00, -2.099826577235283e+00, 6.726289771765661e+00, 1.503056258092525e-02, 3.905550072764810e+00, 1.571643880294014e+00, 7.269279442753437e-02, -1.286590856224638e+00, 6.416948389057501e+00, -9.478147005464519e+00, -2.171238335935414e+00, 5.242514508011261e+00, 5.869673949742679e-01, -9.393123574137877e-01, 5.771662006537353e-01, 7.477969863319486e-01, 4.235595507845775e-01, -7.760179806387427e+00, -4.749084300661352e+00, -6.666860955383804e-01, -4.163936770643393e+00, 3.292713641291510e+00, 2.250106765958444e+01, -3.848839283079730e+00, -9.046291201648556e+00, -9.978101051706815e-01, -9.180647473826129e+00, 1.878256362803129e+00, 1.799419511921420e-01, -5.243860105411571e-01, 3.753990582218064e-01, -9.265160033736767e-01, -4.812015052897314e+00, -1.224117302194551e+01, -6.619952541963567e+00, -4.346775863758981e+00, -1.004857457414192e+00, 5.033417710795216e+00, 1.387147177975234e+00, -7.474606147921351e-01, -3.847858441140302e-01, 6.456961790505244e+00, -7.501216674789713e+00, 3.130873044365876e+00, -8.589340201559083e-01, 9.892457206389095e+00, 4.558710262028776e+01, 1.848950031168315e+00, 1.240186911618067e+01, -3.348741469634695e+01, -4.635461675640734e+00, 1.555874302787717e+00, 1.489594066389138e+01, -5.077798456905187e+00, 7.401691387102993e-01, -1.676822148803045e+00, 2.509647024030050e+00, -1.232221060909094e+01, -3.688984433882434e+00, 4.027875332091576e+01, -1.453640656274783e+02, 1.813413790872107e+03, 3.084263807635023e+02, 2.314394086977669e+02, -5.445815208597144e+02, -2.221581389625970e+02, -3.245059818621405e+02, -5.035319677837110e+02, -2.944234702795195e+02, 6.834076574193235e+03, 1.243692462221943e+03, 2.452633023807476e+03, -2.174064416516501e+03, 7.598227119011267e+02, -5.114035782462101e+02, -1.828541237151503e+03, -1.241612347771179e+03, 2.815850655661721e+03, 2.136730042208976e+03, 3.342301362185950e+03, -2.056186305508811e+03, 2.643302653134939e+03, -1.079024517692548e+03, 5.508957140772153e+00, -2.573139975032979e+02, 2.467164210293314e+02, -1.794114880974475e+02, -2.225930631949066e+01, -1.048763016082448e+02, 3.108190058272442e+01, 1.390414140518020e+02, -5.385235932796456e+01, 2.006351468292311e+01, -1.851164397789828e+03, 1.341300351285803e+03, 8.909541776104568e+02, -9.293134869406058e+02, 1.522277767350924e+02, 1.900163450847799e+03, 3.008939665869458e+02, 7.632994222528221e+02, 9.165197320867807e+02, 2.247011779158476e+02, 4.050323945138838e+02, 1.633176711007792e+02, 3.058025809670002e+02, 8.593975016254636e+02, 5.848392632420373e+00, 7.074679693699312e+01, 8.668032286064012e+00, 7.299009065917186e+01, -4.798452633658080e+01, -1.826394820789713e+01, 4.114119013191867e+00, -3.388992906054835e+01, 4.198252958518466e+00, 2.119459413019435e+01, -5.254585888581449e+01, -2.428770899960179e+02, 2.770813841197793e+02, 5.291917202350865e+01, -3.197676528061925e+01, 1.563684863154179e+02, -2.594057143946269e+02, 4.164070322552159e+01, -1.141913460465887e+02, 6.609232285384009e+01, -4.473618221253668e+02, -1.373048234238865e+02, 1.218162082947820e+02, -1.858843740169144e+01, 3.227077841438748e+00, -2.263026034855297e+00, -1.260441781902332e+01, -2.373808167905447e-01, 1.398189854652437e+00, -7.165755322265327e+00, 4.752253607150716e+00, 6.125279768062571e+00, -1.794584735685977e+00, -4.963755027256508e-01, -3.488359803740745e+00, 2.256830653170378e+01, -1.391608047367724e+01, 1.115175163641077e+00, 3.266979517161314e+00, -8.720893630603834e+00, 1.020936764102206e+01, 9.367749543349758e+00, 2.067527787764203e+00, 1.063070460745123e+01, 2.073928771209168e+01, -1.669817684164643e+01, 4.652872403805753e+00, -3.071573528284271e+00, -8.075340540584915e-02, -1.805232369877155e+00, -1.387562135367250e+01, 6.190486136484997e+00, -3.781219169225355e+00, 8.469663406780930e-01, -1.237897323264057e+00, -6.999863895618473e-01, 4.221559321995166e-01, 6.023903832090233e-02, 4.072569515995282e-01, 1.381111343058775e+01, 6.608544395029179e+00, 2.952675278280914e+00, 3.207880536329772e-01, 9.103439088928893e+00, -1.238859585157261e+01, -1.530541255228208e+00, 4.740070713760571e+00, 3.826353850486117e+00, -1.700396593669266e+00, 9.366289423576052e-01, -1.915451821823993e+00, 1.153189651915717e+00, 1.141711076017509e+00, -9.293647458883981e-01, -6.909044361893563e+00, -8.030371066258155e+00, 1.399161098876475e+00, 4.145560378340487e-01, 3.679489907551539e-01, 6.520620753361427e-01, -3.569805085802253e-01, -7.094143209975859e-01, -7.575864022313350e-02, 6.159682521383476e+00, -5.961090057658713e+00, -1.745168328610081e+00, -4.847367584873891e-01, 3.081751842169446e+00, 9.269715949287052e+00, 8.313436334502612e+00, 4.220551400230935e+00, -1.440817076745259e+00, -5.758385727119053e+00, 7.766432785453576e-01, 1.765066166986631e+00, -5.441501226970484e-02, 7.237053897155699e-01, -1.205362063936858e-01, 1.014547292150738e+01, -1.024571550032720e+01, -5.338744338173576e-01, 6.718745945077650e-02, -1.125730682965046e-01, 3.610974364116149e-01, -7.612724858687790e-02, 6.319228582187501e-02, -1.947988626202924e-01, -1.164729859441057e+01, -6.078164774190781e+00, 3.494038698173096e-01, 6.120152560710368e-01, 1.214931832508013e+00, 6.057861407750713e+00, -2.874963723447989e+00, 1.628130505857298e+00, -2.559338415257979e+00, -1.120165053244921e+01, -2.480243323764100e+00, -3.044990536216922e-01, -2.368546012869731e-04, 4.830011430347333e-01, 8.288458939820091e-01, 4.450665986589379e+00, -5.840847364291585e+00, 2.779976692126823e+00, -2.095009998978280e+00, -1.536640879740884e+00, -9.710920986982522e-01, -3.263796049692249e-01, 1.665076268111302e-01, -5.053821138224874e-01, -8.993708273114150e+00, -8.368984088447144e+00, -9.384876875790196e+00, 2.725329981128119e+00, -1.308693663514112e+01, -9.614761015938187e+00, 6.114982019178943e+00, 4.664045854792542e+00, -1.720906290041608e+01, 1.315469397605655e+01, -9.937184402835257e+00, 6.080529591841644e+00, -6.156407046180714e+00, 3.561920653089847e-01, -1.039784706940711e+00, -1.387226491720314e+01, 1.455218854476387e+01, 3.049410841432083e+01, 1.292181006000426e+00, 8.712253460428383e+01, -1.912947489554065e+03, -2.328889102811197e+03, -1.610113345799165e+03, -1.273886515488258e+03, 1.224693925480951e+03, 1.074800193624839e+03, 6.949087601089976e+02, 1.012750637024753e+03, 1.179561413552166e+03, -3.651748414764192e+04, -2.178618517000363e+04, 1.862183589263712e+04, -1.919644143272277e+04, 1.266038871810963e+04, -1.501891044869878e+04, -1.454759536860752e+04, -1.218854408984259e+04, 1.520767520634706e+04, 1.121569003255570e+04, 1.687117280033681e+04, -1.099535693714382e+04, 1.465981310604865e+04, -9.799718907476932e+03, -1.475172778142368e+01, 6.208430574446393e+02, -3.763475731952693e+02, 1.007376663477949e+02, 1.683850277357521e+02, 6.862368125895991e+01, -1.139956330776431e+02, 8.793809411003232e+01, -1.416825306439392e+02, 4.155640835140323e+01, -1.504283940448079e+03, -4.287348568615504e+02, 4.807329125653528e+02, -6.918473454745598e+02, 4.011931837951261e+02, 6.723820666132766e+02, -7.803468896527554e-01, -2.170678513330290e+01, 5.669253113280480e+02, 1.213176244304693e+02, 1.780712965908574e+02, 6.288514464292557e+01, 1.953999589462456e+02, -1.030589538395527e+01, -1.758103870653032e+00, 1.044396282734019e+02, 4.872487856968320e+01, -4.836089107382439e+00, -4.099065053386814e+01, 4.392748649364005e+01, -3.035226073669748e+00, -8.793338659401222e+00, 2.709368754194557e+00, -5.194913649238975e+00, -1.756894905816523e+02, -2.215551293797479e+02, 1.409903285681278e+02, 1.597780069282670e+02, -1.402837214298597e+01, -2.325202173677812e+02, 1.880075374841950e+02, 2.125808749954096e+02, -4.768725407980779e-01, -1.191470948283856e+02, 7.246933200000269e+01, 4.983418892471155e+01, 1.671924854677514e+02, -3.399045823232601e+01, 1.698497983744859e+00, -3.096262488348875e+00, -2.171831913166179e+00, 1.834780557666405e+00, -2.491530769445191e+00, 7.047255238497839e-01, -5.981365576430810e-01, 1.458873423162762e-01, -8.401279988876922e-01, 2.661051158511799e-01, -5.617838998510317e-01, -3.805297723321932e+00, 5.525698695458115e+00, 1.247729000450895e-01, -2.202936231320934e+00, 2.795069073075915e+00, -1.855697956616274e-02, 5.975108491709805e+00, 2.221745605118564e+00, -1.567919344790181e+00, -6.516276462491794e+00, 2.807798026984517e+00, -4.240968562802965e+00, 9.430320370946473e-01, -7.091845499608149e-01, 7.862203648546894e-01, -3.800651381570220e+00, -9.798574113883878e-01, -5.477851933309843e-01, 1.362432021958208e+00, -4.224862156455163e-01, -1.772200386043120e-01, 1.313850064023381e-01, -1.762191724624029e-01, -3.374776495923739e-01, 3.256180477934811e+00, -2.511363576796852e-01, 5.935397720680863e-01, -8.317643759588159e-01, 7.079375270930896e-02, 3.896754787986029e+00, 2.327838957639899e+00, 1.778911929970588e-02, -1.742914825244669e+00, -1.678634624048035e+00, 7.928427648511521e-01, -9.629009041767174e-01, 5.088952208410643e-01, -1.175257134122539e+00, -1.971465939961286e-01, 6.245592024125013e+00, 1.481691372563442e+00, 1.258300884062445e+00, -3.638299019495901e-01, -5.607607884808286e-02, -1.062580666651354e-01, -2.504265052946561e-01, -2.151301647102390e-01, 1.292205079963699e-01, -4.176108046195652e+00, 4.228431240341760e-01, -3.797691108491126e-01, -2.281561666108763e-01, -3.135997070657904e+00, -1.114938387640596e+00, -4.291637133804257e+00, -4.175875969364287e-01, 2.048723383524250e-01, -3.206507934278894e-01, 1.543622633460579e-01, -1.467781590381234e+00, -1.570983457501317e-02, -3.869073344001924e-02, 1.201495659397288e-02, 3.906570337826479e+00, 7.016005850766485e-01, 2.659188615430856e+00, -1.883678341146935e+00, -1.112539545633088e+00, -2.604076662548669e-01, -1.485892660388922e-01, -6.065344559713025e-02, 7.471407241015826e-02, -2.710493759746333e+00, 5.277184453094462e-01, -1.915807202932932e+00, 1.088355564547825e+00, -2.224751568225723e+00, -2.213153051088649e+00, -1.667617234999072e+00, -2.452429824644142e+00, 2.190689258245611e+00, -8.295666303354773e-01, -3.010516130594985e-01, -7.661179743290347e-01, 5.185679259194144e-01, 3.180314370440694e-01, 1.146178874451737e+00, -3.351525928029943e+00, 1.723027360249465e+00, 1.539454457874103e+00, 8.517038314294351e-01, 4.380418472015004e-01, -2.580449554945666e-01, 6.073107685977710e-01, 8.916552760642650e-02, -7.900718431495879e-01, 3.427555521108617e+00, 1.913987309549497e+00, -2.283183016098324e+00, -9.145367759295198e-01, -4.138595123092638e+00, 1.878351470667408e+00, -6.543080165922964e+00, 2.334874359673568e+00, 2.346504343148129e+00, -4.317506615450581e+00, 2.951707430144995e-01, -3.760910434787330e-01, 2.057428778401427e-01, -9.924934339258833e-01, 5.923996582349537e-01, 7.972347154311345e+00, 4.859825010789288e+00, 7.271167074886719e+00, -3.367915288675714e+00, 4.999055048266859e-01, -1.090293637875331e+02, 1.480636659529298e+03, -5.317980829515483e+02, -3.355081207145492e+02, 1.475826820878720e+02, -1.929219985355031e+02, 4.439345815904027e+02, 1.785916471827254e+02, -4.739201965307210e+02, -4.710261823753825e+01, 6.557755219789472e+03, 1.061629473542326e+03, -5.570332212458627e+03, 5.803629319754818e+02, -8.359680042872927e+02, 2.458305195421487e+03, 2.179619312780226e+03, 2.488434118980989e+02, -6.999921991387152e+03, -3.181107672057292e+03, -1.767799897017530e+03, 1.685156908143931e+03, -2.631782815064075e+02, 5.088276788694067e+02, 7.394647814023370e+00, -2.358288283060658e+02, -1.470456263274903e+00, -2.113781730382415e+02, 1.938969124985805e+02, 2.875121742697061e+02, 3.610533547273969e+01, 2.926574989199803e+01, -1.047097117240146e+02, -1.139799737521945e+02, -1.284779535120815e+03, -1.445054805615779e+03, -3.004613636462087e+02, -5.326864836741395e+00, 2.051262468531165e+02, -1.024702910700991e+02, 2.779761855605971e+02, 3.959219967395821e+01, -5.404773631430535e+02, -3.561224393579114e+02, -6.774485775432996e+02, 3.398375003640190e+02, -6.664658319976911e+02, 1.035221824265021e+02, 4.093886186804016e-01, -1.125670305041780e+01, -1.629787668859604e+01, -3.470516941322406e+01, 2.151495265832853e+01, -1.016629949142408e-01, -2.557460401139166e+01, -5.724977485703024e+00, 6.591511776329315e-01, 4.557565590166355e+00, -9.787175148952690e+01, -3.206844847231050e+00, -1.217702964937633e+02, -1.341305944829404e+01, -6.842658748236128e+01, 7.445094259639068e+01, -1.180097387911634e+02, -2.893001448062213e+01, -5.388668395129277e+01, 7.639408697024754e+01, 4.473134423091574e+01, 5.124237633457590e+01, 3.665880113752694e+00, -2.188749807617742e+01, -7.112707426752488e-01, -3.623396516989464e+00, 4.638667023268560e+00, -3.216200904812637e+00, -6.454099146060316e-01, -2.950362967287194e+00, 1.981597612972368e+00, -2.628431135638024e-01, -3.311409386396508e-01, -3.318959319462050e-01, 2.506645743897480e+00, -2.363601395295726e-01, -6.601048482064305e+00, 6.746840410058629e-01, 1.217392284632170e+00, -7.175353848502144e+00, 1.225360370447995e+00, -3.845403438075926e+00, 1.595093278959940e+00, -2.259056610886962e+00, -3.278650510103715e+00, -1.652240890624506e+00, 2.409031318438005e+00, -1.265884086019174e-01, 7.231206641584030e-01, -3.871589983502679e-01, -4.517802664343470e+00, -1.138224315962170e-01, -8.027111079308549e-01, -3.530925509881444e-02, -9.303397095148288e-01, 4.704767356450448e-03, 2.401821379223961e-01, 1.237703794297565e-01, 2.071695190175634e-01, 2.883074354499255e+00, -7.038633124060316e-01, 9.311492419169339e-01, 1.975587256136145e-01, -8.729450058317899e-01, 1.021897030400115e+00, 9.284719304344168e-01, -2.587149358219498e-01, -5.136978181372296e-01, -6.150762721869436e-01, 2.921003202746501e-01, -4.342512934184178e-01, 3.715818904669714e-01, -2.194909737438409e-02, -5.167285400092579e-01, -3.637937904893343e-01, 1.667050803774663e+00, -6.867054540109492e-01, 5.034818190869828e-01, 1.403813929192749e-01, -1.602032427410486e-01, -2.723592868410308e-01, -1.388298433011645e-01, 5.031802498625666e-02, -1.225773599185185e-01, 1.094381649678071e+00, 4.486563095593605e-01, -2.977856098179879e-01, -8.030629709874670e-01, -1.273463456431815e+00, 1.695588846395854e-01, -7.014161199123522e-01, 6.083039430978693e-01, -5.422223580293167e-01, -9.241003730416273e-01, -2.239835089226836e-02, 2.085991951699029e-01, 1.645877578850638e-01, -4.484784525622985e-01, 8.765657595545739e-01, -2.212503915481438e+00, 5.585075305849044e-01, -9.751812368637331e-01, -3.771949305119719e-02, 9.868559680443716e-02, 2.342069423159149e-01, 2.725680648741857e-02, 2.732401103065851e-01, -8.558505348775804e-01, -1.259243648081574e+00, -5.056742577765894e-01, 7.639586138646050e-01, 1.885176099030063e-01, -3.481479464020052e+00, -9.161592907786901e-01, -4.031044616270585e-02, 1.114764820716440e+00, -1.487218860931605e+00, -3.358857050096937e-01, 2.419185606818786e-01, 2.595320952345395e-02, 7.390201205115400e-02, 8.036683566752120e-01, -4.203983658960103e+00, -2.065450345170069e+00, 3.610129260713234e+00, 1.021676252826265e+00, 3.741186448995263e-01, 1.041350832849925e-02, -1.139466429009715e-01, 5.170327420293770e-01, -3.548121681778840e-01, 3.363724795462914e+00, -1.286339060030944e+00, -3.657585880628557e+00, 5.436751444847907e-01, 1.723315334818826e+00, 4.484575298685912e+00, -4.733823217255203e+00, 2.201577355445625e+00, -6.137290049804122e-02, -2.124909613322686e+00, 3.511994024293689e+00, -1.966621140701711e+00, 2.375339938860630e+00, 4.147891768962340e-01, -8.625155979623890e-01, -3.065001166128601e-01, 5.333661140751042e+00, -2.931697201794142e+00, -5.188449629674127e-01, 1.905492010315516e+00, 1.323085849988537e-01, -1.375618086787438e+02, -3.801295375852690e+02, 2.030198772185802e+03, 9.097662439440730e+01, 7.076324459884918e+00, -7.866016598172730e+02, -5.364031307225341e+02, -7.544618550318194e+01, -4.785450892593545e+02, -2.471870776525608e+02, 5.880130396047953e+03, 8.325605741627109e+03, -2.220021774443369e+03, 9.202485036565162e+02, -2.733675834987415e+03, 6.147750834847557e+03, 3.066834093694148e+03, 3.049070509970220e+03, -2.300195620553305e+03, -1.904404938744365e+03, -7.698010504148767e+02, 2.472939658722608e+03, -1.324230845863101e+03, 2.946469381069583e+03, -2.121899112934718e+01, 8.213379963498160e+01, 1.399321358896864e+02, -5.623946807929807e+02, -1.377122999520433e+01, -2.080768256440695e+02, 2.248094800711596e+02, 1.076341611109178e+02, -7.618516823775811e+01, 1.186355671819492e+02, 1.824800430991401e+02, 1.512129329351914e+03, 2.102224435305645e+02, -2.357107490545105e+02, -7.389370517655385e+02, 7.463484811944985e+02, 1.091126081899253e+02, 5.064885230726309e+02, 6.106383680097815e+02, 1.170402528538951e+02, 6.101118342701720e+02, 3.957695749954040e+02, -1.549224485023050e+02, 9.281790332117531e+02, -2.780407354549306e+00, -1.590457134540958e+01, 4.552441533672409e+01, -1.299447648399111e+01, -8.979601742296225e+00, 6.161632062249110e+00, -7.297140003373404e+00, 3.752271767339866e+00, 8.469136969041790e+00, -7.884205828434211e+00, 4.951499940557202e+01, -2.130012267400460e+01, -5.977877257877748e+01, -1.295417362219321e+02, -8.414446002427334e+01, -3.123588382682026e+01, -1.131194947388145e+01, -7.121903408533797e+00, -5.745991619934016e+01, 1.844814996235312e+01, -8.602767273092586e+01, 4.745919873537658e+01, -1.500249621544556e+02, -8.677009134796646e+01, -3.162511594876494e-01, -7.291870180712156e-01, -2.450848124909243e-01, 3.844404121091435e+00, 3.494194848674256e+00, -6.867410967711739e-01, -7.774022456246656e-01, -5.819584901435170e-01, -3.152367819695298e-01, 1.095494409637442e+00, 6.067413365476501e-01, -1.897011516241845e+00, 1.813340310752549e+00, 2.918378766319186e-01, -2.680700837414904e-01, -1.898494664823311e+00, -2.483097993861332e+00, -1.339887467802457e+00, 2.825356844569137e+00, -3.118799644528075e+00, 3.691187341711037e+00, -1.453341180559349e+00, 3.604967959597809e-02, 1.877526325146108e+00, -1.445104273934742e-01, 3.564139191395517e-01, -6.217941111573029e-01, 7.009481481286162e-01, -1.434984594305230e+00, 3.178387340394104e-01, -3.243718670548515e-01, -2.603861138323587e-02, -6.152391422894317e-02, -1.979221223324443e-01, -1.741539632810037e-01, 1.107060954548649e+00, 8.198037377362170e-01, 8.173222697730989e-01, -4.188121640838545e-01, -1.449749962738573e+00, -9.913238684468271e-01, -9.184534623742908e-01, -3.455335198164354e-01, 4.201078730467191e-01, -4.660038927039319e-02, 8.627108560872164e-01, 3.615170893842662e-01, -3.002459212507140e-01, -1.589084167860572e+00, 9.906953701500704e-01, 1.286376315279040e+00, 2.201716151105592e+00, 8.073837057296099e-01, -5.652692502322261e-01, 1.165174346257219e-01, -1.432355746147782e-01, -1.758935481639040e-01, 3.182197894695127e-04, -2.298184305919565e-01, -7.188039677555803e-01, 1.434237079599899e+00, -3.357416683806144e-01, 2.365683187075705e-01, 9.341735970914511e-01, -9.846602549042196e-01, 1.254244245074357e+00, -6.980396358874448e-01, 1.403174755258448e-01, -7.154426510713484e-01, 2.584950528421192e-01, 1.455422526956939e-01, 1.702196820018444e-01, 6.308105438004404e-01, 7.765894375393506e-01, 2.074556141865744e+00, -7.698354686792814e-01, 3.189960711076875e-01, 1.003898085148450e+00, -3.239863512545273e-01, 1.470210032753112e-01, -5.656319832925968e-02, -1.509944845293616e-01, -2.454219417563798e-01, -1.598225137264750e+00, 3.988465793757231e-01, -2.611918118440930e-01, -4.866736379705103e-01, -1.772605197257000e+00, -1.922491033112826e+00, -1.767350325765463e+00, -1.136288703088467e+00, -1.685601844710390e+00, 8.860544855530963e-01, 1.078885495010664e+00, 1.153948920952037e-01, -2.666117158477825e-01, -6.293093480772004e-01, -6.180561963931347e-01, -1.806051440868593e+00, 2.762506714044024e+00, -3.078568381215425e+00, 1.588505670152819e+00, -2.966743326004070e-01, -1.015110378129187e+00, -3.082679337094736e-01, 2.644775266254755e-01, 2.477235607743301e-01, 6.852074965676154e-01, 2.027984682972532e+00, 2.712991205731104e+00, -2.012943756999818e+00, 6.620406795547180e+00, -2.275775625625538e+00, 8.299880639092168e+00, 2.788793738553043e+00, 6.327418704374542e-01, -7.051118865107230e+00, -1.199259582279311e+00, -9.713874621024200e-01, 3.040848259494129e+00, 4.246207859292531e-01, 7.470221778069716e-01, -8.858013682618601e+00, -9.456615402714633e+00, 4.343744581383371e+00, -8.870783850246238e-01, 8.830548405845884e-01, 4.004548938197796e-01, 5.357930435786518e-02, -2.643057012623147e+01, -1.072839414493307e+03, 1.306637531653763e+03, -4.534158571214446e+02, -5.846949361516189e+02, -7.917422244779162e+02, -6.827263676551159e+01, 4.644665772888678e+02, -1.561301444586083e+02, -2.964768474424723e+02, -7.151116679479645e+03, 5.012516966213671e+03, 5.013102523098230e+02, -9.293924766452601e+02, -1.050284276403339e+03, 5.467315666191933e+03, 2.582657535187120e+03, 2.784976433617469e+03, -1.475029766561350e+03, -1.416141776935601e+03, -4.805901144152090e+02, 2.147466012942378e+03, -1.100653102268042e+03, 2.684052025933224e+03, 1.210644574498073e+00, -1.890576605921543e+02, 5.170563804896818e+02, -4.500788522522490e+02, -1.693061071995428e+02, -2.775133771609816e+02, -3.187202899027711e+01, 3.004231988365557e+02, -1.109988793764581e+02, -1.446259398133235e+01, -1.360365313848012e+02, 8.321518992171368e+02, 4.868388533288519e+02, -3.755227046992993e+02, -6.362593109016101e+02, 5.653878052190420e+02, -1.971454215874922e+02, 5.072782604424896e+02, 9.503949141815189e+02, 7.595279912607126e+01, 6.522980907195182e+02, 7.158005545297260e+02, -2.933264204937634e+01, 1.027951458894409e+03, -3.354725547422533e+00, -1.067907976067190e+01, -3.414674579998903e+00, 1.385201843082477e+00, -5.620428581161637e+00, -3.267730644401684e+01, 5.419653570261845e+00, -1.543294732707967e+00, 1.146689283265793e+01, 3.476810986891869e+00, 3.045647591867968e+01, -1.626013602788780e+01, 2.058599263396943e+00, 4.957618690774117e+01, 3.231534864975600e+01, 9.475430252303470e+01, 5.227168877118344e+01, -1.101792012239680e+02, -1.721207609897289e+01, 2.859017458423274e+01, -8.544217271142183e+01, -5.254198743918102e+01, 5.760917470753658e+00, 1.902598563971952e+01, -1.136823437659408e+00, -3.514197744369199e+00, -8.155434705751356e+00, -5.260512996499196e+00, -1.638713549454547e+00, -1.364672473936444e+00, -2.412052490993774e+00, -1.676282285107687e+00, -1.922178410748810e+00, -9.150487449676771e-01, 1.275271566485152e+00, 6.506227214629300e+00, -4.298428925410162e+00, 1.592949063263380e+00, 1.410819055696160e+00, 5.528826935338985e+00, 9.237203370432724e+00, 2.195060263683676e+00, -1.043798660741463e-02, -1.571618978148194e+00, -2.444659777234695e+00, -3.469255073595761e-01, -6.150628542708670e-01, -1.231361195985231e+00, 5.853294340732670e-01, -3.962320316647905e-01, -2.523613571795996e+00, 4.232952492368253e-02, -1.113453738553979e+00, -4.163658819567516e-02, -2.933649616069391e-01, 6.120182162078442e-02, 1.243127867488048e-01, 1.707994352970796e-01, 2.475570040392413e-01, 3.053110951331773e+00, -5.316497810492080e-01, 1.624311448540410e+00, -1.614270179982560e-01, 1.427372310549687e+00, 4.826224616705412e+00, 1.886108260940024e+00, -2.851046526065789e-01, -6.961266558101417e-01, -6.456802288400926e-01, 3.432774761334236e-01, 3.381227001321035e-01, 4.255344776572291e-01, -5.381380321936178e-01, 1.124715587978412e-02, 2.128148072234466e+00, 3.019774566974274e+00, 9.117559859263363e-01, 6.286688337967017e-02, -1.344219817452076e-01, -2.042091887676560e-01, -6.820473219228419e-02, -3.278537678522800e-02, 4.185572544072216e-02, -1.214166380311791e+00, 2.025448380123642e+00, -4.578229039776278e-01, -3.448550202969685e-01, -3.948050213803804e+00, -1.621422513543267e+00, -1.354174917252935e+00, -8.429496471107053e-03, -9.052802132846149e-01, -8.885004067432714e-01, 2.046774062613516e-02, 1.707539495091534e-01, 3.763009776677568e-02, -6.121368104981410e-02, 2.666496993155605e-01, -4.994853871258914e-01, 9.458683561057766e-01, 9.816384169095818e-01, -8.160921353672428e-01, -1.048011816873388e-01, -7.538731237460446e-02, -1.269991188059921e-02, -4.486461632361270e-02, 3.988235362270823e-02, 6.077969196855443e-01, 9.649604877747284e-01, -9.127476963091420e-01, 8.174760821681082e-01, -2.057183420441060e+00, -6.659885908072705e-01, 9.875997733893325e-01, 1.121020104881219e+00, -7.842732971679749e-01, 5.456922834657029e-01, 1.169878577510857e-01, -1.781455597695101e+00, 2.809489574998985e-01, 6.637890474012162e-01, 3.554295246782766e-01, -4.261274517297926e+00, -1.289211642196100e+00, -3.702657769613381e+00, 5.984811872017037e-01, 4.587324600182883e-01, -2.207422312795893e-02, 3.159179311439018e-01, 2.323742848556373e-01, -3.927617876361214e-01, 3.988393936420644e+00, -5.240857811220874e-01, 3.052803874907013e+00, 1.115241106320765e-01, -8.570406066463699e-01, -1.705407424426237e+00, 1.765393464336071e+00, 2.535052122657704e+00, -2.578751454325347e+00, 2.419915694948159e-01, -8.629275884308087e-01, -3.540081783023733e+00, 7.413704129706833e-02, 4.258596412145039e-01, -1.831529076843548e+00, 1.338982355713265e+00, 5.716979777682103e-01, 4.930013376584973e+00, -4.838288478819462e+00, 2.639143961310533e-01, -1.269190464566940e+00, 6.554667268308760e-01, 4.647683793656155e-01, 8.288844880546741e+00, 4.756280034636532e+02, 1.352545269204599e+02, 5.228010114488330e+01, 2.173067532855652e+02, -1.294161476650283e+02, -5.868595652190994e+01, -8.878396093186618e+01, -9.812584619433244e+01, -1.176870684378024e+02, 4.410329470271698e+03, 1.835451548692373e+02, -8.648958257582872e+02, 1.087574294195756e+03, -1.183658202571490e+03, -7.418926113661082e+02, -2.571709608452458e+02, 6.033547178083350e+01, 2.139211739129711e+02, -2.290158799160463e+02, -3.019433130438130e+02, 4.416542992071888e+02, -5.284586818820239e+02, 5.185239168118768e+02, -1.136445389173522e-01, 4.919907523477184e+01, 9.189810203333674e-01, 3.551077289770570e+00, -1.477989960836420e+01, -2.416823883297050e+01, -6.559459255504175e+00, -9.242204161113390e+00, -2.540759812174105e-01, -6.465943965479864e+00, -3.929406318307973e+02, -1.616814112235406e+02, 1.105178634475275e+02, -8.626599153952959e+01, 1.075080694229751e+02, 7.074511108219352e+01, 1.465806699499985e+01, -1.573810179360517e+01, -1.359478866642189e+02, -6.807518127698447e+01, -5.586511141923125e+00, 1.839467353824950e+00, 1.520176569469959e+01, -7.928657522004555e+01, 1.177017247484967e-01, -5.131877453709816e-01, -8.811765321411292e+00, 3.331259418599568e+00, 1.237628733612800e+00, 2.046052755941854e-01, 4.757783380679653e-01, 6.929110456384631e-02, 1.123679926845377e+00, 3.936606201113402e-02, -3.740826177011435e+00, -8.455228238270937e+00, -1.024940414311486e+01, 3.456734205539935e+00, -1.670228320727215e+00, 2.865583945529346e+01, -3.763877547566714e+01, 5.950856751125701e+00, -7.866006416146856e+00, 2.414709829291321e+00, -1.415524697201684e+01, 3.689358982888656e+00, -1.514509591950988e+01, 4.807191719496775e+00, 8.721395235838586e-02, 6.995512623447428e-02, 5.359695059977850e-01, 5.462282037766151e-01, -3.877355670828271e-01, 4.201201011236340e-01, 9.678972899674175e-03, -1.253507659502593e-05, 1.004842479238733e-01, -1.835857542120877e-01, 6.668913371824845e-04, -1.093956510168291e+00, 3.478476249431865e-01, 9.606363025585782e-01, 1.044160068923188e-01, 1.011867712322196e+00, 8.169983749980881e-01, 1.204721514082510e+00, 2.170319292197334e-01, 6.492691211379500e-01, -2.370801311675010e+00, 1.476706777742995e+00, 4.356818019884704e-01, -3.729880478251186e-01, 2.830348340908620e-02, 1.028278002229926e-02, 4.153810616625748e-01, 2.753021703112897e-01, -8.438814902293608e-02, -9.443491954551339e-02, 2.364866034553248e-01, 3.586984286992656e-02, 6.361195629862534e-02, 2.777202373436542e-02, 2.838837538052354e-03, -7.251129395666770e-01, 1.617498894088220e-02, 3.685781369686306e-02, -1.071965867414329e-01, 2.998483048994732e+00, -9.614001774705707e-01, -2.201169012449420e+00, -6.659632767589675e-01, -1.073442467279241e-01, 1.367415968749886e+00, 4.623484042720014e-01, -9.187639036023218e-03, 4.326482715008908e-03, 3.760385170787716e-02, 1.638047420913983e-02, 3.125910156642427e-01, -1.512295968674818e+00, -9.271991679332638e-02, 1.050890984396212e-01, -1.603340322080458e-01, 5.459193369692240e-03, 3.809504083156647e-02, 1.467803775578639e-02, 4.552256131284461e-03, -3.425278409050640e-02, -5.622934124405428e-01, -7.502167115604058e-02, -1.597368439270022e-01, 4.153752389731374e-01, 2.959538679928293e+00, -2.461025986630819e-01, 5.182729473530061e-01, -6.470357133108615e-01, -1.483600898226394e-01, 8.001989790164435e-01, 1.369048166353899e+00, 6.433465271061567e-02, 3.878307898219465e-02, 2.375264901202908e-02, 1.491303562493362e-01, -3.112604526129540e-01, 1.835274091186586e-01, 1.171019061099744e-02, 8.333701313231562e-02, -1.385607429247917e-01, 1.963039800573478e-02, 6.251350733977841e-02, 1.996593456459613e-03, 3.650634688228999e-01, 1.533783342225757e-01, 5.041973705574201e-01, -1.696836983933241e-01, -6.835429163692418e+00, 5.788590004068170e+00, 6.439236180753293e+00, -1.059761081623678e+00, 1.426212362112599e+00, 2.326185384080837e+00, -9.132606439363981e-01, -7.151711371516171e-01, -4.152309835878834e-01, 1.636605099870797e-02, -1.031569238702615e-02, 2.197965672529178e+00, -1.184849039740885e+00, -1.178624216464218e+00, -1.390401154126978e+00, 1.656969297616367e+00, 2.657514080951381e-01, 3.393029696633465e-02, -6.708361342212427e-02, -1.158645891877754e-02, -1.548988022700539e+00, -7.667100608673288e-01, 1.001513805906504e+00, 1.098867147699282e+00, 1.134180807815799e-01, 3.400263095447889e+00, 8.464349280758116e+00, -3.927202754410783e+00, -1.657371538300947e+00, -3.169819267733302e+00, 9.932502848366420e-01, 9.154754573044095e-01, 3.047777593711360e-01, -5.016638267457190e-03, -1.176968306029198e-02, -5.304211963835327e+00, -1.877329495257929e+00, 1.765953355814128e-01, 1.568708148548615e+00, 2.101766768843432e-01, 1.850579868228150e-01, -1.140007212310837e-01, 1.373034412447280e+00, 1.673853748568065e-02, -3.027007503083070e+02, 4.225774804181291e+03, 3.344699880943735e+03, 7.754497132551141e+03, 4.070148682323576e+03, -3.626753505504184e+03, -3.685902763689930e+03, -1.709839346714104e+03, -4.184445654884089e+03, -2.056503318703912e+03, -4.398345853193304e+04, -2.344529322235852e+04, -7.364088054179510e+03, 1.088361696892640e+04, 1.193541394006944e+04, -7.796901660392932e+03, 5.234574135968085e+03, -3.173152007443513e+03, -1.503647757020003e+04, -4.712005629315670e+03, -1.735459907756523e+04, -3.888156783890334e+03, -8.191072976383988e+03, -1.261949956511678e+04, -1.136651662016589e+02, 5.546521809134301e+02, 7.695655837079231e+01, 1.042096778984833e+03, -1.660697537181677e+03, 3.364689854278781e+02, -3.088846106481502e+02, -1.701426200458084e+02, -4.576838141444313e+01, 1.723709129532456e+02, 1.280493298722994e+04, -2.004248335027556e+03, -1.441223928884484e+03, 5.643142372812807e+03, -1.916780993111647e+03, -5.521905748873763e+03, -2.187639258108797e+02, -1.798917419341484e+03, -6.146940513218226e+03, -2.370406630892044e+03, -1.906963384157900e+03, -1.095660944472263e+03, -3.091373317203704e+03, -3.720879447077452e+03, -3.110802507235226e+01, 1.924952071516672e+02, -5.708596166046532e+01, 6.096011592642542e+01, 7.444809276622842e-01, 2.560729348064532e+01, 6.266806322994232e+01, -6.439527218829220e+01, -3.232173919279433e+01, -4.694866078144200e+01, -1.306903586201411e+02, 6.135589724669707e+02, -1.555131450390568e+02, -1.161097795873880e+02, 1.585846616547776e+02, 3.755582550800729e+02, 4.523934715293487e+02, -4.637226270667099e+02, -1.914106733149343e+02, 6.995077490326362e+02, 3.497992278132153e+02, 4.093790081448382e+02, -1.580491046769716e+02, -3.378602235693312e+02, -3.483193881022597e+00, -1.331348712392058e+01, 3.375926208562900e+01, -1.387853337136970e+01, 1.135892726531512e+01, -1.129699555341988e+01, -6.826606809206885e+00, 2.228951754389444e-01, 4.861725923379811e-01, 3.671113267935207e+00, 1.747396713001105e+00, -3.054648975085190e+01, -1.761840913903120e+00, -6.051877584839938e+00, 4.380096840735274e+00, -3.719536460897088e+01, -2.576205711079141e+01, 2.358626203370701e+01, -1.026519645123049e+01, -2.485534754282256e+01, -2.052831151744499e+01, 5.301305404647480e+00, -7.341203978049790e+00, 8.303107965306125e+00, 1.096677564965436e+00, -1.620640650041141e+00, -1.070453355791604e+01, 6.263705558928300e+00, 2.900804184144892e+00, 1.554918049170401e+00, -1.928992121164204e+00, -2.085472499539701e+00, -1.285608920731760e+00, -5.007135809265928e-01, 9.636665684101937e-01, 8.515230035848731e+00, -4.893952540951714e+00, -1.259041081195635e-01, -2.599884999489028e+00, 4.623874775161575e+01, 1.584290152727883e+01, 2.515409728541707e+00, -4.174093521122142e-01, 8.931825726732873e+00, 8.998737263950682e+00, 4.512453778891821e-01, 1.273465492479874e+00, -9.175495803851131e-01, -3.028976878370243e+00, -1.768961533025163e+00, 4.521406000649597e+00, -2.383252933841943e+01, 3.266802266980282e+00, -3.892807675466282e+00, -1.665981418894511e+00, -1.399373279421758e+00, -1.010989797275582e+00, -1.563077136463261e+00, 5.875523488825675e-01, -2.106908019462522e+00, -1.762645504268410e+01, 5.770313518662341e-01, 1.304252153098133e+00, -1.155241624390240e+01, 2.611340001819785e+01, 1.763881909518635e+01, -9.696705132329436e+00, -1.571658076838208e+01, 1.719802791260182e+00, 4.798851514094658e+00, 8.620661475023540e-01, 1.627299186600429e+00, 1.983574392668346e+00, -3.640529539054516e+00, 9.753614541548437e+00, -1.793790918348319e+01, 6.477361802882043e+00, -1.123894555746905e+01, -3.458775800489994e+00, -1.927613901078465e+00, 5.270083152302198e-01, 5.222296478972489e-01, 1.179683809626707e+00, -1.125069744421077e+01, -1.631015980975604e+01, -2.282518153221543e+00, 7.424250750047858e+00, 1.556358026869262e+00, -1.237219121416857e+01, 2.475597064120869e+00, -1.333998153598191e+01, -8.032174357392476e-01, -4.592845011819268e+00, -8.550065335212170e-01, 4.638305439990638e+00, 3.307478088662017e+00, 1.295182205192318e+00, 4.547657100072651e+00, -1.520245935481169e+01, 6.717770097385886e+00, -1.308948072203865e+01, -7.410421579227017e+00, 1.029114675804995e+01, 2.528095314452863e+00, -1.593504759323892e+00, 2.575512904076100e+00, 3.727766378666290e-01, 8.094311193027155e-01, 2.430780093502162e+01, 4.907200155434213e+00, 7.858321629487405e+00, 8.370885270270909e+00, 2.285995126649204e+00, 2.005481198336758e+01, -2.409943659671574e+01, 3.531672821631530e+01, -2.535241807224194e+01, 7.303503448605126e+00, 2.096403780786381e+00, -5.733259693484007e+00, 2.572384223186793e+00, -5.304212825562715e+00, 1.747873588432542e+01, 7.373716225286105e+01, -5.114959392503159e+00, 1.085417263487306e+01, -6.643307054516083e+00, 4.290370731799657e+00, 1.288589591127434e+01, -1.298300940346878e+00, 2.584209666155879e+00, -1.120648139673841e+01, 5.012410022720192e+02, -9.651716843044574e+03, 1.980769799199598e+03, -1.471015230272958e+03, -3.673700197548061e+03, 1.143673955686937e+01, 1.587810756799015e+03, -4.565678545241561e+02, 2.148200262491040e+03, 2.363087418190960e+02, -6.887551204619820e+04, 7.720603027892813e+04, -2.618674999739151e+03, -1.500482246508466e+03, -2.223322380671703e+04, 7.348287773608774e+04, 3.717494713637933e+04, 4.084502333204096e+04, -2.091752066989462e+04, -2.229383959220873e+04, -1.297585298151860e+04, 3.213192546597800e+04, -2.077278968550941e+04, 4.026371450715500e+04, 1.736304935872408e+01, 1.485355515235883e+03, -5.012559976683140e+02, 2.300057912662846e+02, -4.099935065474947e+02, -6.324683237808034e+02, 7.997389124803603e+01, -3.151363697652911e+02, 3.282108438429302e+02, -5.598939022049549e+02, -5.384830088621572e+02, 4.545826090596405e+03, 2.974705599917609e+03, -8.032627764335371e+02, -1.835338115706051e+03, -9.112835889959113e+02, -1.244572323166187e+03, 1.097021779030078e+03, 5.431663107463753e+03, 2.218394984415595e+03, 2.542728941332647e+03, -4.936623632479340e+02, -9.830727360428452e+01, 3.676613675978811e+03, -2.705849286657474e+01, 1.193039409676037e+02, -1.471480615466114e+02, 1.963057803024269e+02, 1.375438307246705e+02, 5.163711476559060e+00, -1.417305278140453e+01, 1.961760554727599e+00, 1.335921040923327e+00, 5.430279189477250e+01, 1.296763291344770e+02, -2.128893281894954e+01, 1.910895980227867e+01, -1.702487732296424e+02, 2.443490957547215e+02, -5.031231695430330e+02, -1.305533327406845e+02, 8.522239586327476e+02, 4.751141914180090e+02, -3.282670598561004e+02, 1.015090351899489e+03, -2.051152950633087e+02, 1.368938698416640e+02, -7.991206920554161e+01, -1.089435016330260e+01, -1.017196921051915e+00, -2.312777359858179e+01, -1.036935719289209e+01, 1.883108048903303e+01, -1.007126310514408e+01, -8.364037808475974e+00, -2.463055509715460e+00, -5.613464902151482e-01, -5.765044212308532e+00, 2.267167811570630e+00, -6.062171307376523e+00, -5.300471165584402e+00, -3.694324966520863e+01, 1.957810449558066e+01, 8.542713501460018e+00, 6.792653107370345e+00, 3.038136387307308e+00, -1.293079668582818e+00, 1.066499228840154e+01, 1.056883942867179e+01, 2.367709514383794e+00, -1.747156772099717e+00, 1.147126296454902e+01, 2.943403127459352e+00, 6.014245250296475e-02, 1.629953778067566e+01, 4.277362980668704e-02, 1.117620611726968e+01, -4.153301637606361e+00, 3.219918020845199e+00, 8.765287961277063e-01, 5.322308124541173e-01, 1.709221556790960e+00, 9.364691178369727e-01, -5.796420395821177e-01, 2.359864249104214e+00, -1.286653258944096e+00, -1.386157589292993e-01, 5.968250353401396e+00, -3.884010166685262e+00, -1.297137015891302e+01, -1.818847878620048e+00, 2.709377183461162e-01, -3.423946869315950e+00, 1.895487727601204e+00, 8.865621941750348e+00, -3.735729490658258e+00, 2.076577780047743e+00, 1.581339482314829e+00, -2.412398168133766e+01, -5.949501609710689e+00, -9.409430993641259e+00, -5.280700944955072e-01, -3.061763587873441e-01, 4.682765514234152e-01, 2.049178973773301e-01, 7.931241685352212e-01, -5.410590010297225e-01, 1.399197501248541e+01, -2.466907954237199e-01, 2.095334889455035e+00, 1.625793052977407e+00, -6.776827451562151e+00, -1.370470952013518e+01, 6.060206472113466e+00, -5.360907856132282e+00, -8.456953978608428e+00, 2.292568088882020e+00, -4.227708711209268e+00, 5.922002403109659e+00, -1.329362640921931e+00, -1.070568173834125e+00, 3.404623641760804e+00, 1.118635941948801e+00, -1.026611441636268e+01, 1.017042695289701e+01, 6.316690178392429e+00, 5.836553806002573e+00, 3.962522492015324e+00, 1.829008376551941e+00, 3.022097627959506e-01, -9.728666920146149e-02, -3.199113332455259e+00, -7.585666508445176e+00, -1.158444307458959e+01, -1.607054872635582e+00, -3.155985493068927e+00, 1.474037138601722e+01, -1.548576271692319e+01, -1.825352942615356e+01, -3.321871805517295e+00, -1.104211953955730e-01, -1.106859660944638e+00, -3.356588512366751e+00, 9.940649080107108e-01, -9.173670147409877e-01, -3.971465775792506e+00, 5.656841616490476e+00, 2.120624521433782e+01, -5.117768799403013e+00, -1.289212581096972e+00, -2.509413700207934e+00, 2.299327296013185e+00, 4.642889169171064e+00, 2.121783682980851e+00, 2.136532946744356e+00, 1.415164783413164e+01, 1.012774485357624e+01, 1.105557486521828e+01, -5.258483384666283e+00, -1.746420109848542e+01, 2.074911335255234e+01, -3.973168464102812e+01, 8.222467583908477e+00, -5.436235873583531e-01, -2.023669129607897e+01, -7.148462001334514e+00, 2.110535241220560e+00, 4.510944272211603e+00, 1.471463184460078e+00, 1.877328447104610e+00, -7.373714003934300e+01, 3.108646306640428e+01, -8.853395554745115e+00, 2.553713998649600e+01, 4.907716350564601e+00, 4.963680655413818e+00, -1.082525896300842e+01, 5.404842545921581e+00, -1.344686567159789e+00, 9.607399914752961e+01, 2.415719747043365e+01, 2.682988971582824e+02, -1.028723008323221e+03, -4.990156601867769e+03, -1.941305868878671e+03, -5.232219781598117e+02, 3.867246853932300e+03, 7.187345707697386e+01, 1.024541534358300e+03, 3.382527885344637e+03, -2.703645115598941e+02, 6.194274088369175e+04, 3.467838073967677e+04, -2.512239707407556e+04, 2.886145869495466e+04, -2.295927378573266e+04, 1.773893369496458e+04, 1.765840985376075e+04, 1.792848420059537e+04, -1.201907425725974e+04, -1.394328688995120e+04, -2.204089260008787e+04, 1.705647908690448e+04, -2.124836084899530e+04, 1.671887755637954e+04, 7.660399352853190e+01, -6.814020792267941e+01, -2.912983713462996e+02, 1.180796999481840e+03, 2.565077947696636e+02, 6.169059418384657e+02, -8.083687913091572e+02, -2.510533258484787e+02, 5.978211673510335e+02, -6.201556016585563e+02, -5.196580232577501e+02, -5.634134244191687e+02, 3.415814594790286e+02, 5.876577422074536e+02, 1.956876089458276e+03, -9.379068461067588e+02, -1.637387725202762e+01, -7.656555145486941e+02, -5.885544867439133e+01, 4.201234536061350e+02, -9.294404888809599e+02, -2.866495125733883e+03, 1.335097950330781e+03, -2.992141408696046e+03, 9.404744073783275e+00, 5.939408418934570e+01, -1.746616621751170e+01, 7.129695766159836e+01, 5.775038184006063e+01, 2.584687544203815e+01, 4.778664583646457e+01, -3.731949959018161e+01, 3.176974036507541e+01, -2.142460213409742e+00, -4.166890692778993e+02, 7.777391318992150e+02, 5.640238198463342e+02, 3.751938318931838e+01, 6.083060800736696e+01, -6.071656459878636e+02, -6.409688447125201e+01, 1.157294571915665e+01, -1.305361698345415e+02, 1.233959922095749e+02, -3.165443958852288e+01, 1.420113918757071e+02, 5.413935358551727e+01, -5.169012577373950e+01, -6.546520322594404e+00, 1.777848325812772e+00, -5.532627119714291e+00, -4.077685504865744e+01, 1.687080453548982e+00, -2.243729415123381e+01, 4.616639124187587e+00, 8.311888546970176e+00, -3.487591901619279e-01, 3.220247535348238e+00, 4.157891344854807e+00, 3.676177335312290e+01, -7.432638331566768e+01, -1.358087314457133e+01, 1.022002232405522e+01, 8.242400783801020e+00, -4.117487621464020e+01, -4.139870978499904e+01, 3.869011155643646e-01, 5.688344575240752e+00, -8.981461304134486e+00, -2.385598789905124e+01, -1.274533307558503e+01, 7.058683207441101e-01, -2.651174915595070e+00, -1.751708815317849e+00, 6.606749167527843e+00, 3.276510133771286e+01, -2.993972240057442e+00, 2.812494019516294e+00, -2.618001874012089e+00, -1.687443384384722e+00, -1.113500407043192e+00, -6.529827570923081e-01, -7.051342922469135e-01, -1.019725551649244e+01, 2.346517554139637e+01, 4.760611940091659e+00, -8.832172205284554e-01, 1.343610537918650e+00, -1.654093740211380e+01, -1.035356917662838e+01, 2.073033034133095e+00, 9.809276482489416e+00, 1.098869504982367e+01, -7.344954916494185e-01, -2.649292436474890e+00, 4.826423533332758e-01, -5.533581293898520e-03, -1.805163540680449e+00, -1.196933455824804e+01, 6.771697518562197e+00, 8.357728312272652e+00, -8.336691738577720e-01, -1.028480752399949e+00, -9.158762134757437e-01, -1.061364094560681e+00, 1.692586330753066e-01, 6.814753197104103e-01, 8.602717308640264e+00, 2.769351183932913e+00, -4.703577531701471e+00, -2.625520265950357e+00, -3.283767949572757e-01, -1.795118296840467e+01, -7.311436999287801e+00, 1.041095080693830e+01, 4.820491857882251e+00, -5.263897926999483e+00, -1.833046122209417e+00, -3.908056702560625e+00, -1.459594493927991e+00, -4.406656381808955e-01, -6.394407771513648e-01, -1.016771822950540e+01, 1.070791267680115e+01, 2.916983691693487e+00, -5.642997605713256e+00, -1.348897823665334e+00, 1.939127987068855e+00, -4.286822050794523e-01, -2.342667599009829e-01, 6.775069567071786e-02, 1.075521865980865e+01, 3.306084743973400e+00, 1.407297040986182e+00, 4.343322675071633e+00, -7.477413042800207e+00, -2.367881775288858e+01, 1.811416684034993e-01, 1.647275680857689e+01, -3.340629850478470e+00, 1.156239550596946e+01, -5.839146480930446e+00, 6.268540194831707e+00, 1.629120587672013e-01, -2.039576434596360e-01, -8.087641598473704e-01, 8.521849153399241e+00, 1.266560281924395e+01, -1.203081672749204e+00, 2.070043322228933e+01, 1.785803858994433e+00, -5.224283301291866e+00, -2.569664852695596e+00, 4.663371492703837e-01, 9.809921186600684e-01, -9.866126902832331e+00, 9.940652693992543e+00, 4.420437009173611e+00, -1.190312324255129e+01, -1.779523591246248e+01, -4.931668723720607e+01, 6.874867394311318e+00, -1.784794557733975e+01, 3.178640760398065e+01, 2.884159813345069e+00, 7.659900701136793e+00, -2.830267585131014e+01, 9.034608107255963e+00, -1.676822350835578e+00, 1.765952148239376e-01, -5.114922422880397e+00, 8.853385646542973e+00, 7.096952860044663e+00, -3.996921854990541e+01, -6.226451744686579e+00, 3.520689199004649e+00, -4.299937039045641e+00, -6.240367672227427e+00, -9.020444808747325e-01, 6.353672976227573e+00, 5.426708602795743e-02, -1.082805325810376e+00, 5.886523671464825e+01, -4.980792438410063e+03, 1.640944014730398e+03, -1.052688710231820e+03, -1.147828534995213e+03, 5.444595837705515e+02, 8.924667322191472e+02, 5.186229837315453e+02, -4.333309362738351e+02, 6.227818731758726e+02, -3.033932229556653e+03, -8.374778646449918e+02, 1.395561429114895e+04, -1.045114505884836e+04, 8.188368135127362e+03, -2.677218667386461e+03, -6.645576751761485e+03, -5.239223287689718e+03, 1.196947443715132e+04, 9.581511095396670e+03, 1.170699119093219e+04, -9.834555746152550e+03, 9.980480420332935e+03, -6.993854532468597e+03, -3.553269002798223e+01, -4.932237399984323e+02, 6.117937525808098e+02, -2.554889328422167e+02, 4.004342831383731e+02, -9.774551255316857e+01, 1.001268714391281e+02, 9.096244938470349e+01, -3.557281519388784e+02, -5.928028990699540e+01, -2.628142066932544e+03, 2.113188919187161e+03, 1.569748090511828e+03, -1.573973958137269e+03, 6.766972463020450e+02, 2.866393172474961e+03, 3.973741758233876e+02, 1.003559159583353e+03, 2.221878159805841e+03, 1.007814031748764e+03, 9.630828819229853e+02, -3.925201444203561e+02, 8.444501853370117e+02, 9.632388407358935e+02, -2.787294360280059e+00, -1.904948823920915e+01, -2.637934664581076e+01, -4.328320680095098e+01, -6.627528060298982e+00, 1.183685347280831e+01, -8.831596511852716e+00, 4.655452054665678e+01, -1.693309790167192e+00, -3.671522985745185e+01, -4.674965632488453e+01, 2.259942698584451e+02, -3.738200470796987e+02, 2.551107975806142e+00, 2.925351602741648e+01, -1.385638916399276e+02, -1.323957410698177e+02, -7.332297823178785e+00, -6.736767534449653e+01, 1.300376342554613e+02, 4.268182586539943e+02, 2.254728400198790e+02, -2.019999759947679e+02, -3.499819861560916e+01, 1.520670809015511e+00, 1.011949231713706e+00, 6.258922119473519e+00, -1.498800479995455e+00, 8.185256574810881e+00, 7.577912447434988e+00, -3.506607038578947e+00, -6.656557258967411e+00, 3.895607901251553e+00, 2.283983082080473e+00, 3.470763481432381e+00, -1.593136476255567e+01, 1.788012090661745e+01, -9.479926884221852e+00, -2.625718980099594e+00, 1.593064462578429e+01, 4.236050389485777e+00, -1.249462023483282e+01, 6.608951797006243e+00, -1.084400991511395e+01, -2.119154681457089e+01, 1.416464808253350e+01, -1.472585514225231e+00, 4.155684131167892e+00, -1.271683788140589e+00, 7.029790594090671e-01, 7.835068050003771e+00, -1.063845430395584e+01, -8.137720913667815e-01, -5.984174572595986e-01, -7.238878606677945e-02, 4.184433767619175e-01, -8.173440096969244e-01, -3.340166727693666e-01, -4.633239412975787e-01, -9.725083001979218e+00, -8.511996809543477e+00, -5.199311914162130e-01, -9.849451187654652e-01, -1.133458139748250e+01, 1.632943582407892e+01, 1.858230224651596e-01, -6.879167300875650e+00, -7.540780025641412e+00, -9.203143903535426e-01, 4.821114040864194e-01, 3.281010224914099e+00, -1.493456750783897e+00, 8.253959183403565e-01, -6.968938709134986e-01, 7.043535858047690e+00, 1.185311103276505e+01, -5.002784890539471e-01, -1.537597368554327e+00, -4.818513909009818e-01, -1.210352934788823e+00, 5.159869297999645e-01, 8.773851940530627e-01, 6.004316295854714e-01, -6.325138010538117e+00, 7.260548524904183e+00, 1.822428874798611e+00, 1.492293928081023e+00, -1.843341492652384e+00, -1.049141281950363e+01, -1.237157887464203e+01, -4.870093896803970e+00, 4.520161961248186e+00, 7.849541383770200e+00, -1.457816752435994e+00, -2.623191179751290e+00, 2.238105058499120e-01, -6.118155605389510e-01, -1.468438407468675e+00, -2.073755739123127e+01, 1.098409129120965e+01, 2.133373886265145e+00, -1.155288827515861e+00, -2.966577743850376e-01, -4.660085156586753e-01, 2.669813116588166e-01, 1.086117911856615e-01, 9.473939992950435e-01, 2.031346052654659e+01, 6.138059260532223e+00, -1.457177108217437e+00, -5.501056899333796e-01, 5.093373597511923e+00, -1.609318449568804e+01, 5.786619662891413e+00, -4.146747992151674e+00, 5.276783252325901e+00, 1.320442453890870e+01, 1.882177224819298e+00, -1.123774501162772e-01, -2.281037589770159e-01, -6.528767679337907e-01, 3.977161399230603e-01, -8.599150272032984e+00, 3.934472175854937e-01, -2.575168445393128e+00, 8.646555192743085e+00, 2.365091504077054e+00, 1.738290800732902e+00, 3.810791621968233e-01, -4.924910680026666e-01, -3.131723007424347e-01, 1.481048256468298e+01, 4.096441896138730e+00, 9.554961181691725e+00, -8.335240886165268e+00, 1.121473955767870e+01, 8.486847756453805e+00, -2.245775235063456e+01, -2.179773453943448e+00, 2.637117720246283e+01, -1.655370814728811e+01, 1.467279227434770e+01, -3.677706884086413e+00, 8.931397089241253e+00, -1.039784523979921e+00, 1.568708070577035e+00, 1.085415894203794e+01, -2.553715745842765e+01, -3.996920445752711e+01, 1.229341867653269e+01, 6.995577230671167e+00, 2.230253582512326e+00, 1.476943209559972e+00, 6.106546486802043e+00, -9.044328324794768e-01, -5.026733013793054e-01, -3.091594247063122e+01, 4.673227162373412e+01, -1.267244486454642e+01, -1.252334558521417e+04, 8.029448616855852e+04, 1.129304865518719e+04, -1.968190496393717e+04, -8.492209575223060e+04, -2.204926783056851e+04, 2.169213603198174e+03, 4.100819160176407e+04, -1.986061370179812e+03, -5.373416152688950e+04, -1.249595303674496e+06, 8.799161073814252e+05, -3.214582784843505e+05, 4.185088310964518e+05, -2.726914699785471e+05, 1.073323128614374e+06, 8.062569575529567e+05, 7.095790995137682e+05, -6.170895834220636e+05, -4.959356076611789e+05, -7.020780998885218e+05, 5.792470918489394e+05, -6.606901136888873e+05, 5.325754371544684e+05, -3.685085822784462e+03, 3.330007614753460e+04, 2.172176333592244e+04, -1.950570935501224e+04, -3.251122853365395e+04, 1.487848353562673e+04, 5.877746415279448e+03, -1.118158173934404e+04, -1.985729864562217e+04, -3.383096108705560e+03, -6.958300036496773e+03, -1.025773285651001e+05, -8.638053244022990e+04, -8.208580534603823e+03, 7.435032013694196e+03, 4.629301054215690e+03, -3.360741065447160e+04, -1.820207066912418e+04, 4.934285824833301e+04, 1.119293720059844e+04, -3.868967316878892e+04, 4.509842401013416e+04, 2.420873207808413e+04, 1.940413351962647e+04, -2.120103697333560e+02, -3.916926222831837e+02, -7.998559549831533e+02, -6.044853569269844e+02, 5.649089252061509e+02, -9.172746037969625e+02, -5.396471165437613e+02, -1.431225555713478e+02, 1.943929678316714e+02, -1.116042280794496e+02, 7.563962798909845e+02, 3.570037093418420e+01, 1.400563578619030e+03, -1.647359911998714e+03, -3.665004491368431e+02, -2.559356582279013e+02, 2.890083063730195e+03, -1.941378971796950e+02, -5.704675448617863e+02, -2.275894549537444e+02, -2.305539788066639e+03, 2.105771528549540e+03, -4.521029419742064e+02, -1.343121233203871e+03, 8.764778528716029e+01, 2.802632449101906e-01, -8.779583685670471e+01, -1.157785742621891e+02, -2.778109766278520e+01, -3.050039539983553e+01, 2.721974553401440e-01, -2.087245600402338e+00, -1.270775370320642e+01, 8.715963963156828e+00, -1.388662964049598e+01, 1.486640340848602e+02, -2.412107166311781e+02, 4.626057635040376e+01, 1.474419272166840e+01, 3.095049441550381e+02, 2.670913241730184e+02, -9.841539615087449e+00, -1.118132750065337e+02, -5.174177612618734e+01, -4.233983408904266e+01, -7.225337308132163e+01, -2.765833192538647e+01, -4.912804157174574e+00, -6.796724991739498e+01, -6.128099392218297e-01, -1.673708214944672e+01, 6.256195761204777e+00, -1.195410047893203e+00, 1.720362695717699e+01, -4.158229888265007e+00, -2.766254552589844e+00, -6.985280371372619e+00, -4.122000636637740e+00, -7.019135907898049e-01, 4.594291958499157e+00, 5.310740982557181e+00, -5.831194268849433e+00, -7.928291510001297e+00, 1.140235871054301e+01, 5.919845497025091e+01, 2.945470869305667e+01, 1.063098421241177e+01, -1.339792041529130e+01, -7.551088823521082e+00, 3.288282619056654e+00, -6.275620603998207e-01, 3.639164254724997e+00, -8.261007446231178e+00, 5.474167100521433e+00, 5.490791268635298e+01, 7.205573533699506e+00, 2.689963442338504e-01, 1.469224433900035e+00, 2.490039509145653e+00, 6.851927586080117e-01, 3.392092395102747e+00, 5.098011466539791e-01, -1.160057687156927e+00, -3.378877802447956e+01, 3.124412200080617e+00, 5.881723970832257e+00, -5.187395115672609e+00, -1.766354256657800e+01, -1.313972075895572e+01, 2.751874309883542e+00, 6.074285618222658e+00, 5.086309642674122e+00, -9.472515292937537e+00, 1.422485702071439e+01, 2.082872882384694e-01, 5.262239831330024e+00, 8.623498039150812e+00, -9.868953861736587e+00, -2.543138949421260e+01, -4.821619465677659e+01, -1.424479617594311e+01, 5.933822554774839e+00, 2.070135512951977e+00, 2.632020474325716e+00, -3.928873150982312e+00, 1.686212047533784e-01, -1.961991540352262e+00, 1.188023747021018e+01, -2.760538924784694e+01, 5.387547531729026e+00, 2.495214852763945e+00, 4.461921384402869e+01, 1.457524667931056e+01, 7.650642051402173e-01, -3.543445088187696e+00, -2.388747138304259e+01, -2.336489548529450e+01, -2.411787568983861e+00, 1.661308765844701e+01, -5.559637399379196e+00, -1.580342242951797e+01, -3.011902875248599e+01, -3.226956135502500e+01, 4.788983396431612e+00, -4.724179741070217e+01, 5.887546612576303e+00, 6.041061596000667e+00, -2.512120609101928e+00, 3.013725793679753e+00, -9.714028226302321e-01, 1.527588955237030e+01, 3.776375467189261e+01, -1.024115807238612e+01, 5.879924477920751e+01, -2.122420087973273e+01, 3.307362794078308e+01, 7.313707678654447e+01, 7.506342161877873e+01, 1.293913309150373e+01, -1.263459429278554e+00, 7.563523539540553e-01, -1.078285891399392e+01, 3.829005274266272e+01, -3.313318546880348e+01, -2.163949149004663e-01, -1.921530321422555e+01, -8.697185215841056e+00, 6.493188416145223e+01, 5.601247507071648e+01, 5.985429976298471e+01, -2.858655102315506e+00, 5.084701673500191e+00, -1.048363335493555e+01, -4.312801247401422e+00, 1.919451516755935e+00, 3.628691602340376e+01, 9.911262099830847e+01, -7.850143085454633e+01, -1.255378557108259e+02, -4.220745337160415e+01, 1.608589570854308e+03, 2.733480801938237e+05, 7.018394873121587e+04, 1.072850042439410e+05, 2.768380690942919e+04, -2.835999788715038e+04, 3.099678998965853e+04, -2.301265062338094e+05, 1.325351047708719e+05, -1.274285033205251e+04, 1.165880643203442e+07, -3.769216074145071e+05, -9.129561200199013e+05, 1.284618403307882e+06, -1.176208677359682e+06, -2.383783571052778e+06, -1.113277709625263e+06, -8.061621823843705e+05, 9.631242709063840e+05, 6.050717772211769e+05, 4.822207171301148e+05, -3.841039899432281e+05, 2.179580072802538e+05, -1.863167137346885e+05, 2.428032431565116e+03, 7.668529556815316e+04, 2.752465247027190e+04, -1.175499558714338e+03, -3.098428975314469e+04, 8.364111060738915e+03, 8.456135625179786e+03, 9.547934904125310e+03, -1.487223682019651e+04, 7.096922934132395e+03, -1.692627000477976e+05, -7.717406676167958e+04, 4.774422237652785e+04, -2.619431581848313e+04, 2.202436344454957e+04, -8.044261492739992e+04, 1.040078296943147e+05, -9.821769890379192e+03, -2.012303733797066e+05, -1.704716993140029e+04, 9.516823085658072e+04, -2.834664305389897e+04, -1.854374930174987e+04, -5.451421144282118e+02, 1.417113103078386e+02, -2.088416222445979e+03, -2.222826022416346e+02, -9.040349580340021e+02, -9.990718241318650e+02, 3.458943387923741e+02, -2.705116871911339e+02, -5.111750011678533e+02, 1.729658514544423e+02, -2.029046394855516e+02, 2.546092439532172e+03, -3.593346224985888e+02, -8.585056722932941e+02, 3.006567462097625e+01, 6.020253792830096e+02, -2.337710909075655e+03, -2.267766642868643e+03, 4.254153419891596e+03, -9.747303313514375e+01, -1.615237885632693e+03, -1.959231510121956e+03, 8.254418918705082e+02, -3.379315741797106e+02, -1.018110826100792e+03, -1.221346450322380e+02, 6.526189432858042e+01, 8.333672609973212e+01, 1.272698611790424e+02, 2.194930590375212e+01, 5.385308499581351e+00, 9.926041280155061e+00, 2.940650403762803e+01, -1.456985898048727e+01, 6.469729136900780e+00, -2.663712457358788e+01, -7.052596626024913e+01, 3.271525789991795e+01, 1.137226627435943e+02, -1.027336519406783e+02, 1.420243402944205e+02, -1.017115643619777e+02, -6.696325608604850e+01, -5.922904835061030e+00, 4.424760832182017e+01, 1.257071513534998e+01, -1.150778562512127e+01, -5.041000132211312e+01, -1.497553944188872e+01, 1.532998150256389e+01, 2.061587779956954e+01, 1.602980708663865e+01, 8.527657438797933e+00, 2.251426365502016e+00, -2.304025877811219e+01, -1.856168786121261e+01, -1.435060999574024e+01, -6.172141943864573e+00, -2.615176708607991e+00, -3.219988208098088e+00, -8.965742831402386e+00, -2.802311710515872e+00, -2.558127230954836e+00, 1.137793897734470e+01, -2.998692459493041e+01, 6.614432849290780e+01, 4.164652910371991e+01, -8.197637464882739e+00, 5.484297552158062e+00, 4.099452451487071e+00, -1.812710002199732e+00, 1.163366057883028e+01, 8.008470467609097e+00, -5.665361702728622e+01, 4.288295947162061e+01, 8.190891130535265e+01, 1.179004230917671e+01, 2.594432483827915e+00, -5.677136740326809e+01, -1.042774323912080e+01, -5.780506001909652e+00, -3.656460254692494e+00, -1.374839370753369e+00, -9.484274675070893e+00, -4.181696343626438e+01, -7.125599916154838e+00, 1.713558673566299e+01, 3.086796808223288e+01, -2.544993890817424e+00, 6.439634734583062e+00, 3.938230580594630e+01, 2.077556921248071e+01, -2.932293782314273e+00, -1.604516370847956e+00, -2.806535686341895e+00, -1.524352132407778e+01, -1.419451644013032e+00, 1.394874135744328e+01, -1.470871721670566e+00, -1.722243279681818e+01, 1.677108211122765e+01, -5.210003449283438e+00, -2.110671734450186e+01, -1.214641606341461e+01, -1.552641378155858e+01, -1.020981949410063e+01, -3.173337531826956e+00, 3.643509469653651e+00, 1.752593395964023e+01, 1.096370098624921e+01, 5.580229998126592e+00, 9.463598936421953e+00, 2.362429257525271e+01, 1.450245446269260e+01, 1.454353039788903e+01, -9.462150042008567e+00, -1.844543004999758e+01, 7.577415800895378e+00, 8.704483558196742e+00, -8.987947024388637e+00, -1.249241309739964e-03, 6.651605652120682e+01, -4.506715382044769e+01, -8.317909142866753e+01, 2.786365178427234e+01, -3.383258496091658e+01, 1.596001673195768e+01, 3.679082714838757e+00, 2.208964699802208e+00, 4.260125344912442e+00, 2.502473721410431e+00, 1.716512104841756e+01, 8.388018730459473e+01, 2.542737764334706e+01, 5.363618965754727e+01, -9.289881912747571e+00, 8.941381280081258e+01, 2.509084804531863e+01, 6.942304547116045e+01, -1.364092195146274e+01, 7.405048596199303e+01, -9.643768030194160e+01, 9.898460016058859e+00, -2.547171418135911e+01, -2.003926304510537e+00, 1.509566143559540e+01, -3.204899641799452e+01, 1.635850086016147e+02, 1.200808657704510e+02, 2.510191930628035e+02, -3.761011895328920e+01, -2.002515754946046e+01, -8.505386952822349e+00, -1.220893949452678e+01, -3.410310428230421e+00, 2.801735473940670e+01, -1.932664734896479e+02, 9.618035018497039e+01, -4.005865119447361e+02, 1.208113472853832e+01, -2.592566659122264e+02, -2.504734158704408e+02, -1.524116786814405e+04, -3.113406824407018e+05, -2.921966861307156e+04, -6.489036036243696e+04, -1.028639225936330e+05, 2.501890220566616e+04, 2.393085946300426e+04, 7.473412505687447e+04, 3.370979362727846e+04, 1.818174523540472e+04, -3.245595440836601e+06, -6.671457811964571e+05, 6.043902843624075e+05, -7.652868704510598e+05, 5.332222903602410e+05, -1.712731803728856e+05, -2.784869675464628e+05, -2.718431451630194e+05, 2.629289677975969e+05, 1.991657213077280e+05, 3.964913761593172e+05, -2.361764854565778e+05, 3.918974328749076e+05, -2.710134898874362e+05, 1.644760306604034e+03, 1.598367078402827e+04, 5.886507288457249e+03, -3.033974452777276e+04, -3.056242852247195e+04, -6.148161817979455e+03, 8.572922338426746e+03, 8.508663316623812e+03, -8.017559619631500e+03, 4.371447629848223e+02, -2.287911840219065e+05, 4.217585569310283e+04, -2.872443454147116e+04, -4.841326696251806e+03, -4.316558768713270e+04, 1.448205764114405e+05, 3.009334790601564e+04, 2.894726031951941e+04, 1.939138539262440e+04, -5.381535659114351e+04, 3.581182926729979e+04, 1.096839109373374e+05, -5.012965888271228e+04, 1.285251680421007e+03, 5.624272063226412e+02, -9.578677620095581e+02, -2.162509883949359e+02, -1.285445422358363e+03, -9.419697704785606e+02, 7.926321295481796e+02, -5.346170222754703e+02, -3.204979191744515e+02, 3.598883854137827e+02, 1.726620410513407e+02, 1.346364521723896e+03, -2.157979811543067e+03, -2.155886003556806e+03, 2.483589093494642e+03, 1.533527616501144e+02, -9.236858991148049e+02, 2.473077171858478e+03, 5.908343541977713e+03, -6.924061116244653e+02, -3.927878145572837e+03, -2.413949037822905e+03, 1.282449766634762e+03, 4.966424932551402e+01, -8.674307645200854e+02, -7.933241542324285e+01, -3.251324053220353e+01, -4.123456073645313e+01, -4.547516462817175e+01, -4.018263254237796e+01, 6.254819989238646e+01, 4.546439181393535e+01, 2.073495361550215e+01, -3.958366515093151e+01, -1.874540012945196e+01, -2.072006162256065e+01, 9.629045554815697e-01, -5.407560279234495e+01, 2.960874308863430e+01, -1.015793432516183e+02, 1.274633441055337e+02, 6.857833102883974e+01, -2.209198470388798e+01, -5.589554496237396e+01, 9.823413597066157e+00, -3.194144306097937e+01, 1.763816622390015e+01, -7.301723104159129e+01, 1.924365075924018e+01, 9.135703169110023e+00, -1.802128197249525e+01, -6.296096996243269e+01, 3.442366508531920e+00, -2.042650206858169e+00, -1.777280660451740e+01, -1.574479650380293e+01, -4.952929123526633e+00, 8.585562191638232e+00, 9.463606311100705e-01, 9.440881207194636e+00, 6.774106619306087e+01, -2.660425304503485e+00, 7.429061711030882e+00, 1.117642169702147e+01, 2.205225138089354e+01, 9.652887158865734e+01, 4.542623483531394e-01, 4.017927382705383e-01, -1.081296940195013e+01, 3.195318705441923e+00, -7.161975427728369e-01, -1.280068903917675e+00, 1.913141359806220e+00, -3.171529693953603e+01, 7.745980676471929e+00, 7.977840622442181e+00, -1.823595488670079e+01, 8.544687559782748e-01, -1.600378798123789e+01, -4.394579875423602e+00, -6.587092748887678e+00, -9.002528032214089e+00, -1.929658612111320e+00, -2.833771343825188e+00, 3.951401663019779e+00, -1.755754463660920e+01, 5.261275814446616e+00, 6.853088709120778e+00, 1.280765461914687e+01, 1.342589067427788e+01, 1.805910161238739e+01, 8.350223772882442e+00, 8.428743312147711e+00, -2.312682404765923e+01, 2.055062203868657e+01, 1.691030569018938e+00, 3.884769292168503e+00, -1.396538320810462e+01, -4.708637563105673e-01, 8.957078756349301e+00, -9.154593652723958e-01, 1.773299837306579e+01, -1.218215052196833e+01, -7.641665238188041e+00, -2.216011459060262e+00, 5.076921994509334e-01, -7.620060256081666e+00, 3.398014610689120e+00, -1.275139408200003e+01, 9.380202672527476e+00, -1.454757659082844e+01, 4.669178674885684e+00, 3.453464272605453e+01, -5.992516818516520e+00, 1.171872014472882e+01, -2.442340149717867e+01, -8.380904829111971e+00, -1.257836070270557e+01, 1.693980481367167e+01, 1.013486537300328e-01, -5.015868515360592e+00, -2.507550922251763e+01, 2.710842936358132e+01, -2.940323579932375e+01, 2.977863144930609e+01, 4.066259553874450e+01, -4.495224784013426e+01, 7.929768313601909e+00, 3.021636923506025e+00, -6.137664007645728e+00, 9.334457346829195e+00, -1.027919257496490e+01, 4.169960020808350e+01, 2.220614079378432e+01, -3.428525651612172e+01, 3.958399682935219e+01, -1.735347472567534e+01, 2.767153968223484e+01, -6.478212275798461e+01, -3.053665105701888e+01, 4.057072993410166e+01, 5.104980529934480e+01, -2.200084490860372e+01, 2.309218170484039e+01, -9.515900303781304e+00, 6.116531043484363e+01, -9.051675104752391e+01, -3.191522199373444e+01, -2.284388744794956e+01, -7.817732180487010e+01, 1.789419017082709e+01, -1.797572307201754e+00, -1.051668236428439e+01, 5.374903721655013e+00, -2.374797255746609e+01, 3.369225192693056e+01, 4.951907432055913e+01, 3.746640097887953e+01, 6.993386685646612e+01, -1.532993324882085e+01, 7.016736477938989e+01, -5.084628605093980e+01, 9.769128551194432e+01, -1.762081808931419e+03, -3.172432931067951e+05, 5.044214768749532e+04, -1.527244257939857e+04, -8.665701501393299e+04, 1.232652275042730e+04, -2.525565024397325e+04, 6.425911450335242e+04, 3.943959955682843e+04, -3.575346252136719e+04, -2.660943327744083e+06, 5.490070619141764e+05, 2.076652183704981e+05, 1.956561159338468e+04, 1.494427384099663e+05, 8.729270433042017e+05, 5.861850335292501e+05, 4.976468278444168e+05, -2.853599574799372e+05, -1.879284087999941e+05, -4.113035411552591e+05, 1.968479306644728e+05, -3.802713792091964e+05, 2.022374982213616e+05, -5.069981078264537e+03, -9.468024776437410e+02, -1.049561224838985e+04, 1.080608141207982e+04, -4.795876407542771e+03, -6.506674056724681e+02, -8.932897086764721e+02, -1.794468648939605e+04, 7.487343703058927e+03, -1.589565708888712e+03, 1.569642342500079e+05, 8.990962202772986e+04, -3.869575259090507e+03, -4.086393450428225e+04, -6.740081915863087e+04, 1.259133416916446e+04, -1.611491453594561e+04, -3.534125796376964e+04, -2.769856264552504e+04, 8.494821981226251e+03, 1.114885008668680e+05, -2.583361867268979e+03, 3.191348169235426e+04, 3.376175313332002e+04, -1.938093711993873e+02, 3.307661198710877e+02, -3.606210440233169e+02, 1.062812812058019e+02, -2.271463528059921e+02, -4.298226050295996e+02, -7.214608547497988e+02, -3.272753046946647e+02, -5.228182354943297e+02, -6.788501698503352e+01, -2.883048909323774e+02, -1.584070097495489e+03, 1.269800287792064e+03, 2.149313272785362e+02, 1.271758150947804e+03, -4.191780966963415e+02, 2.952484106011671e+02, 5.228114964903208e+02, -7.451977815513446e+01, 2.059216987827094e+03, -4.779640669586604e+02, 5.143416528117597e-01, -3.095990890917145e+02, 9.545142186832563e+02, 1.581010475103766e+02, 2.746030864934144e+01, -7.190676661568948e+01, -4.031892605526550e+01, -3.019144760631051e+01, 2.399114659901039e+01, 1.865204476246168e+01, 1.360538022785208e+01, 2.417810414959147e+01, 3.036712150860810e+00, -1.300846036478612e+01, 8.050594571582053e+01, -1.983865800327124e+01, 1.744592148517063e+01, -6.984519135570837e-02, 1.056231711861716e+02, 1.656486003492269e+02, 8.755792351824665e+01, -1.872495732509984e+01, -4.519712726090128e+01, -6.288360695689495e+01, 3.197369298795254e+01, -4.396750474334235e+01, -7.296737236109532e-01, -3.516358024315137e+01, -1.020270306146506e+01, 2.251106696113662e+01, 5.748535506222745e+00, 5.752519614704684e+00, 2.235357994002992e+00, 7.062491788370707e+00, 3.989121289219895e+00, -3.873589482403609e-01, 1.553226755286892e+00, 7.716020225997491e-01, -1.292352744522932e+01, 3.746354074222898e+00, -5.088330182715771e+00, 2.603173390436236e+00, 2.418110581116959e+00, -2.362715589797511e+01, -1.423436228316899e+01, -2.936620371564014e+00, 1.031217380742380e+01, 7.111064758727511e+00, -4.547966258806466e+00, 5.074677402551420e+00, -1.093295641695734e+00, -3.224167934125713e+01, 1.519669401438808e+01, -1.846697856302668e+01, -7.505539299736567e-01, 5.288575810460342e+00, -9.446821837976472e+00, -4.014320237316796e+00, -4.015791123492899e+00, -2.022581975558445e+00, -1.122069115243363e+00, -2.314715873571503e+00, 1.371120955079714e+01, -1.968112637270362e+00, -3.554464684817478e+00, 4.287650912816980e+00, 4.208052613816339e+00, 1.502741235385432e+01, 1.640362745756462e+01, -2.561844756331096e+00, -9.597175547167137e+00, -5.006482983608557e+00, 1.330535703230149e+00, -3.884017734662418e+00, -2.784227055371475e-01, 2.583818608488703e+01, -1.306183512047470e+01, 7.583462248347506e+00, -7.266394902519316e+00, -4.932995910635024e+00, 9.896656590220045e+00, 2.550802363568131e+00, 4.754388802174262e+00, 1.346543020380518e-01, 3.167178606102465e-02, 2.142628245917254e+00, -4.427743815544643e+00, -1.679467972554029e+00, 2.001107283786750e+00, -1.005048934421873e-01, 2.084023365830022e+01, -2.950341879035277e+01, -1.275983570046439e+01, 6.715458378830510e+00, -7.999924985069050e+00, 6.573883384786422e-01, 1.482184769679282e+00, -1.317313230028381e+01, -7.723955996463464e-01, -2.941020347124691e+01, 1.436839717043405e+01, -1.287827320661197e+01, -5.182221460197120e+00, 2.762490416789986e+00, 1.612655113060254e+01, 3.842208656904696e+00, 1.882561515503999e+00, 2.532091603852686e+00, 3.975641515924964e+00, -3.792448734293671e+00, 7.093198040360916e+00, -3.582070919900048e+00, -1.896865352640742e+01, -1.590567634800785e+01, -3.014561171564813e+01, 1.073132645036447e+02, -2.418705405694633e+01, 9.050169677144829e+00, -1.624142247298479e+01, -1.373171026005360e+00, -1.426757285740047e+01, 5.759899340335158e+00, -3.004866489760555e+00, 6.602595804070597e+00, -5.126837710952790e+00, -2.858706019816006e+00, -6.762871474799603e+00, -6.951313076882114e+01, 1.660306211254428e+01, 2.051980568026007e+00, 2.946242562934382e+00, -5.083995568468743e-01, -1.631856428991541e-01, -2.311913786572670e+00, -3.115772451252811e+01, -3.070294227635317e+00, 8.325863737458852e+01, -7.958804820023298e+00, 9.135658571387335e+00, 4.939327165781059e+01, 2.791844823746306e+02, 5.671558628792075e-01, 3.529526157884482e+03, -2.464094476729631e+05, -1.280827372287560e+04, -1.371574176572582e+05, -5.231988825131032e+04, 4.899183789309936e+04, 1.015087999221369e+05, 4.688665501050571e+04, 2.243708726351729e+04, 5.862281723705800e+04, -3.771450830753218e+05, 1.740916347079543e+06, -2.220278092010643e+05, 5.736074904876815e+05, -5.423082358761242e+05, 1.449800129104398e+06, 9.117160100544823e+05, 9.608455659616520e+05, -3.566685467209421e+05, -4.359400217225022e+05, -6.557525792837419e+05, 6.116447552345089e+05, -7.573922852732710e+05, 7.455450991297024e+05, 6.903651468942995e+02, 7.128502610587962e+03, -1.029912282726726e+03, 3.919152752489987e+04, -1.203778585846542e+04, 1.694410351954721e+04, -4.700413049463761e+03, 2.469765397594125e+03, -5.580152080378090e+03, 2.099606894265662e+03, 5.808707707944190e+04, -8.792625061021122e+04, 7.527364108522955e+04, 2.894936976862990e+04, -8.782574245453920e+03, 2.787061664645606e+03, 1.064159881456116e+04, 9.768401861291124e+03, 4.864902091494777e+04, 2.339237746606117e+04, -4.038831238232874e+04, -1.892765045775780e+04, -5.583171895971709e+04, 1.208158831690848e+04, -1.821550903922988e+02, 1.384844966760940e+03, 1.346492918382170e+03, 7.280939922560460e+02, 6.227002802775125e+02, -1.546715298646636e+02, 7.528917795043357e+02, 4.348036834086774e+02, 4.147688686525681e+02, 9.305137810732901e+01, -1.841055156315523e+03, 1.096327164301924e+03, 1.220510106239669e+03, -4.130737132182393e+02, -4.531030423900175e+02, -2.157132185227508e+02, -2.737965273245356e+03, -1.508050502071841e+03, 2.667112942829111e+02, 1.271611191563188e+02, 4.099485177710910e+01, -9.214878477735192e+02, -1.032897498570441e+03, 5.180984543027517e+01, -9.958236587083957e+01, 1.688888500023180e+01, -4.487077474312812e+01, 4.564586217989861e+01, 5.314012291746273e+01, -6.266370303010337e+01, -4.603318164360904e+01, -2.383982192022646e+01, -1.609990567381892e+01, -3.749923062386034e+00, 2.430993953410902e+01, -9.346324846309314e+01, 6.547330002922718e+01, -1.055090207753167e+02, 9.365810464193690e+01, -4.888566311051678e+01, 5.989105657295849e+01, 5.792042814330524e+00, 2.651506012935581e+01, 4.538079884059282e+01, 5.361795255586416e+01, -1.122146294565731e+01, 4.327609910011736e+01, 4.977175955667096e+00, 1.464169824619397e+01, 1.680923159748452e+01, 3.272149873342688e+01, 1.881104567823589e+01, -3.713614775585492e+00, 1.253492562188342e+01, 6.840400628815836e+00, 3.518601826775825e+00, 1.027816238381274e+00, -5.881834671164783e-01, -9.629402765218398e+00, -1.619413683549345e+01, 1.938920432258674e+01, 9.035146964651513e+00, -7.666025402125995e+00, 6.135517190415050e+01, 3.197545890048083e+00, -4.685338637118282e+00, 4.694222657893386e+00, 6.295190793689925e+00, -1.341774524879709e+00, 1.853201069642014e+00, -2.387890939779346e+00, -8.821602783124683e-01, -4.475531242721571e+00, -1.574373281930072e+00, -1.238567159691270e+01, -1.521618779800907e+01, -8.280861601594037e+00, 3.439805153640282e+00, -1.189045547647978e+00, 2.198411627743502e-01, 7.953131995874486e-01, 2.510727784090522e+00, -1.371847245610759e+00, -3.913447135200411e+00, -3.644153249994090e+00, -2.784315448960533e+00, 2.386608036301999e+00, -7.925852785197590e+00, 1.921881039092127e+01, 1.107224237281468e+00, -1.071806643338385e+01, -9.301753460209156e+00, -1.015865504442414e+01, 7.414651259932192e+00, -4.384091806976655e+00, 2.748291723679010e+00, -3.104028572774612e+00, -1.924012433675716e+01, 3.326649010591421e+01, 7.856398539468701e+00, 7.872231236554271e+00, -6.068529846800076e+00, 4.347188853914907e+00, 9.960024625279573e-01, -1.916753207607331e+00, -3.017461721974398e+00, 6.034996904668059e+00, -1.617645292519522e+01, 7.402636253015078e+00, 1.933284762462185e+00, 9.100048310039082e+00, 7.124547683183216e+00, 2.135819149703175e+01, -3.844816127026809e+01, -4.154275875329835e+00, -9.516580830942006e+00, 5.365426159717637e+00, 2.078437008623921e+00, 1.639499039437766e+00, 3.977719629304706e-01, -3.528283189401206e+01, 2.989424731768427e+01, -6.773977619583785e+01, -8.783386584797304e+00, -1.129020828965188e+01, 1.700686164151467e+01, -1.079163467014309e+01, -1.089853080080486e+01, 5.314958096631964e+00, 5.086720580645737e+00, -1.257605162051311e+01, 5.508738195500676e+01, -1.252277466045733e+01, 4.631005853134361e+00, -1.684979525491659e+01, 4.471068252384610e+01, 6.692202106735000e+01, 8.098203462824953e+00, -2.043878207429710e+01, -9.350037301129506e+00, -1.188912760928872e+01, -4.222913499371325e+00, -2.522862006621619e+01, 2.041549583172132e+01, -8.941810368109071e+00, -9.895981840283332e+00, 7.521083148813521e+01, 2.552421784676288e+01, -4.364537360218525e+01, 1.780045085567945e+01, 9.567031515143988e+00, 1.751194895185478e+01, -2.869849926700232e+01, -6.939207975431080e+00, -7.766811050802550e-01, -8.380483974272791e+01, 7.997687619750276e+01, 5.586296041488837e+01, -1.943721597397559e+01, 2.364043808648691e+01, 1.027839248294986e+02, -1.234343629190839e+02, -1.220711092853873e+01, -4.994372403744482e+01, 2.925622043296493e+03, -1.475440808169362e+05, 1.968214340542761e+05, 1.288254339444930e+05, 7.584603723152573e+04, -4.438169402880492e+04, -8.028955159167715e+04, -8.815782495701416e+04, -6.191088269358002e+04, -1.923557598935594e+04, -7.923511460959208e+05, 7.170268944940395e+05, -5.827526313389071e+05, 4.115612697016098e+05, -1.036573244174129e+05, 8.531004724776516e+05, 7.029976765235733e+05, 4.648737723258057e+05, -8.748477553653219e+05, -4.903859690211345e+05, -6.788339174729912e+05, 3.632797561112174e+05, -4.631564491832801e+05, 2.132680353618444e+05, 3.194500763811886e+02, -2.623375174246275e+04, -1.283671915694224e+04, 1.238226547481012e+04, 4.422998324989857e+03, -2.489201320938494e+03, -1.880628417973564e+04, 1.663163214337791e+03, -9.878689395499661e+03, 2.134677923338821e+03, 8.654596082555800e+04, 8.702434024906209e+04, -3.628183407157986e+04, -4.080184010274164e+04, 9.999144597243803e+02, -8.040378163625608e+04, -4.984590121881972e+04, -4.550012491054222e+04, 3.269171238719883e+04, 2.737263220382427e+04, 3.652302134493685e+04, 1.899124299825572e+04, 4.697160543313477e+04, -6.722371967386470e+04, -1.315503407530159e+02, 1.623211778304384e+03, 2.379263476323421e+03, 1.538795224840589e+03, -8.764376991649231e+02, 5.503088989603623e+02, 4.613902492031092e+02, 1.094146235265234e+02, 2.531902151959371e+02, 1.401102753326660e+02, -7.862351065133776e+02, -5.448770185218553e+03, 1.674596679420213e+03, 2.175648330939216e+03, 8.158937533205831e+02, -1.560529147727938e+03, -5.017505968299075e+03, 3.766231612469939e+02, -2.393867657924627e+02, 2.474835990946135e+03, -4.074041479122232e+02, 1.392781424905497e+02, -3.052475265559938e+02, 1.755361548639665e+03, -1.995675107344944e+02, -3.256677329261144e+01, -2.134230506157368e+01, 4.398216389329972e+01, 9.528378762599483e+01, -9.347930826280017e+01, -4.138867112539575e+01, -1.299373360134050e+01, -1.676810417716667e+01, -1.113109603063574e+01, 1.533122441276841e+01, -1.270751668379164e+00, 2.757177659533337e+01, -2.505243212517706e+00, 4.434161225009171e+01, -1.754283737126353e+02, 9.241927013316743e+01, 6.207782182754747e-01, 2.845893125746895e+01, 5.949618151548464e+01, 9.997767287267612e+00, 5.093380671386909e+00, -1.065870032161324e+01, -7.675312719125287e+00, -2.030968985671358e+01, -4.453189088143092e+00, 1.695205088046735e+01, -7.042830472356779e+00, -1.137933985146829e+00, -6.741883505653560e+00, -1.656780474184613e+01, -1.112105320473242e+01, -4.251281043350965e+00, -1.094445620547527e+00, 7.341997850227765e+00, 1.213877929499593e+01, -1.999706377693761e+01, 1.481518834924116e+01, -9.954201997756341e+00, 4.535749052375409e+01, 3.672877851199163e+01, 5.353792759532808e+00, -9.851452183018722e+00, -1.917923607695895e+01, -2.276248047910050e+01, 1.548896285167759e+00, -7.377682524056725e+00, 3.677705379392198e-01, 2.172417011872270e+01, -1.631416157350521e+01, -3.904504275852049e+01, 1.889631950774333e+01, 1.310870878135025e+00, -4.163444046188410e+00, 6.821346515430241e+00, 4.239279811831207e+00, 2.088833353318062e+00, 5.692346554749025e-01, 2.409309731870966e+00, 2.096191315065152e+01, 1.220350400200929e+01, -1.192908496635157e+00, 7.386813271356134e+00, 6.242459502373260e+00, -2.176564005444647e+01, 5.292650416370164e+00, -2.860452860465827e-02, 1.413998081336120e+01, 1.048899085267652e+01, -1.096638942178995e+00, 1.384394641162422e+00, -2.952226348993781e+00, -2.529658474838092e+01, -1.240902676999164e+01, 5.101305243719232e+01, -1.374396834564480e+01, 3.586489497684662e+01, -2.218599202603125e+00, 3.660091279150878e+00, 1.264405179677178e+00, 3.340353389583047e+00, 1.740167321239618e+00, 6.276293177971095e+00, -4.322708197346745e+01, -6.885271035854152e+00, -3.462824450468632e+01, 4.491601062062125e+00, -2.647482372430775e+01, 3.234058749071777e+01, -4.443935454605388e+01, -1.443641911052604e+01, 5.671730989876842e+00, -2.184531126583907e+01, -6.355360524835975e+00, 2.113538913853460e+01, -2.924626441953203e-01, -1.885945332300728e+01, 2.753703598504104e+00, 4.431807731265647e+01, 1.574886051536719e+01, -1.028223425504221e+01, 7.555154584916665e+00, 1.674958788234567e+00, 3.022544655963169e+00, -4.103942690991930e+00, -6.824012207591407e-01, -2.252617002223073e+00, -4.876270079274261e+01, 1.244842778094426e+01, 1.522729323475553e+01, -4.179571146019033e-01, -1.635407523877590e+00, -2.519934845895198e+01, -3.406020664529190e+01, 1.975846120065697e+01, -7.088324753963525e+01, 1.872818924952816e+00, -8.660734530566941e+00, -2.037165037850791e+01, 3.667139999046565e+00, -1.086707021024051e+01, 1.202558222557905e+00, 3.395829334606354e+01, 8.543314137851095e+01, 4.459625727210759e+01, -7.667867467155966e+01, 8.986749820246960e-01, 1.430655131649445e+01, 2.391532064876194e+01, -2.646602220783572e+00, 3.595738935442718e+00, -4.332276764513607e+01, 1.530394037075750e+02, -6.698359255935873e+01, 7.698449815415121e+01, -1.143143597117752e+02, 2.006517440071625e+00, -2.042585982301154e+02, -6.666950381863666e+01, 8.349232587159509e+01, -1.794609558979699e+01, 9.649290090090485e+02, 3.943905959142867e+04, 3.996931420025071e+04, 1.384492372536945e+03, 4.416714855284128e+04, -1.476048032965414e+04, -2.067100792979788e+04, -1.527240753467132e+04, -1.558458527962379e+04, -4.485615675990489e+03, -1.502265031666726e+06, -2.702658489055530e+05, 6.509049807612491e+04, -2.638492790982655e+05, 1.360506946106419e+05, 1.932491476435504e+05, 8.086083575840500e+04, 2.865215272345135e+04, -2.528082486019339e+05, -1.598170644368811e+05, -3.242024287924266e+04, 1.203785349675189e+05, 1.488026773297515e+04, 5.652828982923061e+04, 1.083877959322653e+03, 1.939662743950581e+04, 2.913834147735042e+04, -3.281400408628356e+04, 1.111761841546987e+04, -5.738269444951075e+03, -9.927606783196470e+01, -3.100869950298500e+03, 9.645141248506785e+03, -2.436007782724683e+03, -1.117740819254231e+04, -6.457451028276888e+04, 1.558059956495567e+04, 1.171743378469430e+04, 1.277733490495131e+04, -2.796815795109505e+04, -1.720666725990317e+04, -3.184773327969605e+03, -6.086377252442726e+03, 4.487850399233809e+03, -9.097676147672928e+03, -7.152967862222138e+03, -6.459035648575567e+03, -1.034355015193211e+04, 1.094427645244796e+02, -4.888107291068778e+01, 2.500405278436708e+02, -5.084984203548059e+02, -4.016444299823971e+02, 1.657258257286041e+02, 2.282335303081481e+01, -1.187871855404885e+02, -3.347898179857992e+02, -2.038690371288572e+01, 1.073695791950889e+02, -2.729510389321169e+03, -1.211534733457149e+03, -1.654988315852038e+03, 1.675253023601707e+02, -2.817157680026814e+03, 2.245979770256791e+03, -1.582930998474134e+03, -8.272303864043670e+02, -2.795980050610480e+02, 5.056631937565930e+02, -4.207477156370620e+02, -6.293766911151714e+01, 2.152522008109318e+02, -2.484023678583586e+01, 4.652695664302244e+01, 6.090287711864809e+01, 2.201968708698832e+01, 1.428543870763527e+01, 7.729056898948942e+00, 1.600586985302616e+01, 1.667145336518662e+01, 2.378201024119598e+01, 3.006739312941469e+00, -2.907557688410233e+01, -8.380196556433189e+01, 2.024280311147538e+01, -4.919479228182540e+00, 4.440095368688340e+00, -4.875617195948815e+01, -1.458457829172934e+02, 1.962694969938219e+01, -7.437569994539364e+00, 1.175045117849871e+00, -4.495986915764959e+01, 1.280436842086429e+00, 2.363853592186581e+00, -9.995385311604782e+00, -1.540824392478713e+01, -2.055700619485445e+01, 2.129788930636818e+01, 2.999217338184004e+00, -1.250624314898066e+01, -2.510804709390055e-01, -1.053902352160372e+01, -7.771999302268257e+00, -7.666294312191980e+00, -3.005819871151173e+00, 5.070155777484201e+00, -2.597703184023365e+01, -1.811726616171435e+00, 8.932339611860476e+00, -6.056046352814996e+00, -1.099296673650252e+01, -3.464418436624640e+00, -1.631877548520904e+01, -1.736896880402016e+00, -1.019168189348878e+01, -4.610450348877826e+00, 7.826213093838905e+00, -1.278245797371754e+01, 2.487789323257551e+00, -1.236412753771055e+01, 8.550913267208227e+00, 2.766423095233648e+00, -4.901401280510714e+00, 1.911863124353464e+01, -2.434026063513489e+00, -2.161657667985233e+00, -2.306718549982606e+00, 5.397765101882507e-01, 5.519097727100524e-01, -6.875255127484804e-01, 3.441108866067646e+00, -1.211700128324629e+01, -3.417653292612174e+00, -8.057295647803014e-01, -2.413469725379191e+01, 1.863487689325296e+01, -8.686102209033592e+00, 2.746043349543341e+00, 2.237788774794378e+00, 4.914321524342731e+00, -1.841733888288666e+00, -1.780113769000834e+00, 3.538995343327719e+00, -9.739345723338028e+00, 5.918199326037978e+00, -3.512146327191643e+01, 1.593518051519241e+01, 1.405030785606338e+00, -3.916517850737547e+00, -4.673886964401647e+00, 2.273100402595535e-01, -7.864184590896406e-01, -2.268816511762901e+00, -4.094999194494904e+00, 2.405617707938888e+01, 1.264945016465088e+01, -8.224102281443743e+00, 2.043532463487959e+00, 8.738968551342107e-01, -3.435394151523712e+01, 2.983491477579212e+01, 7.098854156166735e+00, 1.796902230950026e+01, -1.493950032813604e+01, -1.429409936492709e+01, 9.015188951938568e-01, 1.917135465920500e+00, -3.697671231937900e+01, 3.662629510567204e+01, 3.004167449054319e+01, -2.023333883776640e+01, 3.802502274692166e+01, 1.786986414547254e-02, 1.378352702116663e+00, -1.331608063912677e+00, 5.929746648383044e+00, -1.035055193268560e+00, -1.130231431598316e+01, -3.429659916995151e+01, -1.707009950190378e+01, -2.035794117165079e+01, 3.143696663753480e+00, -4.811117330020457e+01, -3.510875973134387e+01, -8.123928441965009e+01, -2.086453560276207e+01, -1.711498443954867e+01, 3.237475270919231e+01, 7.183913387401265e-01, 1.389589551347939e+01, 1.464084656119287e+01, -6.632611704742881e+00, -7.045474976517148e+00, -2.129363615817989e+01, 3.347853233001632e+01, -6.169984857387187e+01, 3.240484312644355e+01, -2.472913048446712e+01, -4.653427262743633e+00, 2.862479288290340e+00, -6.418858946360912e+00, 8.144460385811523e-01, 4.298965363115614e+01, 2.090629438981980e+01, 6.152052321555914e+01, -5.699064335653308e+01, 1.548559547210093e+02, 8.986076970182434e+01, 4.673795362805349e+01, 5.568903242157443e+01, -3.512948360620518e+01, -4.031824381033763e+01, -3.151061836850886e+01, 3.124298936250901e+03, 3.881639029905840e+05, 2.969992307194091e+04, -1.149476490981828e+04, 1.157646658597279e+05, -5.113062318697264e+04, 6.182803745230000e+03, -3.386434861979723e+04, -9.344880760492965e+04, 2.478882257096889e+04, 3.588798314982654e+05, -1.540271797102216e+05, -1.856954083546816e+05, -5.107075212190773e+03, 2.633666783594481e+04, -1.303562859627352e+05, -8.452223831419098e+04, -1.433503951450997e+05, -2.123131142369766e+05, -5.642918833966802e+04, 2.767772706104944e+04, -8.360472682135066e+04, 9.818299242244585e+04, -7.628993666015872e+04, 1.578663894952448e+03, -2.133551594973903e+04, 2.294586073565608e+04, -3.202360869660771e+03, 1.665793579101002e+04, 6.126546044362904e+03, -1.573156121522757e+04, 6.358860668320720e+03, 5.266927655284508e+03, 1.096464765655707e+03, 1.032950314404601e+05, 1.410916697262501e+04, 1.280178661558317e+04, -3.697295559052034e+04, -2.127940287319585e+04, 5.186429986546519e+04, -6.463147173481434e+04, -2.444939697267471e+04, 4.984406461831643e+04, 2.717001904057174e+04, 1.166078936065952e+05, 3.109024522630551e+04, 4.652339574962208e+04, 5.760859683411728e+04, -2.407843396618877e+01, 7.353914129477309e+02, 5.965856548380992e+02, 8.929078147990084e+02, -6.626424261312711e+02, -2.506755009020210e+02, 6.120969395731706e+02, 1.506392704072279e+02, 6.200967883159556e+01, 1.192394272615717e+02, -4.951621997604936e+02, -5.054165714135664e+02, 6.357530449667114e+01, 1.027567290464131e+02, 7.027724655310020e+02, -2.806134476586764e+03, -2.279946447701278e+02, -1.663217124738570e+03, 3.726695438734023e+02, 1.226496367998647e+03, -4.276870771829953e+02, 5.233883432995829e+01, -1.226583409146131e+03, 3.572613129447756e+01, -1.435418036541548e+02, 8.598700446925007e+01, -1.067876050148154e+01, 1.177954407372968e+02, 8.171838458109806e+01, 1.787357869825331e+01, -3.595053355006116e+01, -8.597262770946990e+00, 2.841374842515230e-01, -8.268035002011906e+00, -3.884169194389385e+01, -6.082274371932704e+01, 2.098670590640029e+02, -6.551110216159063e+00, -1.487520187149009e+01, 4.242091093047895e+01, -2.979542820893169e+01, 7.427137864276958e+01, 6.609203349995951e+01, -7.320611017558802e+00, 6.548482053311838e+01, -1.050776255077899e+00, 4.848841745336765e+01, -1.004522204736195e+01, 1.736517902749885e+01, 1.863030654614813e+01, 2.236588207048617e+01, 4.850902507622505e+00, 8.958180717779774e+00, -1.952108058864732e+01, -1.777164946135016e+00, -1.357965282654676e+00, -1.169121595952100e+00, 4.089283457965053e-01, -4.002433910564176e+00, -4.145365678488028e+00, -4.974944742143058e+00, -1.446301965827120e+01, 4.845996114663153e+00, -3.204209185628705e+00, 5.041374232043083e+01, 2.079225710897571e+01, -1.041485184581386e+01, -1.345594244900103e+01, -1.170354001086907e+01, -2.207373787850247e+00, -9.943228689107841e+00, 2.584195309218873e+00, 4.464345401901141e+01, -1.753075682994180e+01, -2.875173077406422e+01, -6.426443513672494e+00, -2.341581848624703e+01, 2.180681904251757e+01, 2.524389360466846e+00, 2.683878384589732e-02, 1.657999257505133e+00, -9.840191949228185e-01, 2.705340775583108e+00, 1.078330822000353e+01, 1.694359450468756e+00, 1.907968995996544e+01, -9.241020741167338e+00, 5.575045828210944e+00, -9.133874015002592e+00, -5.965277587198178e+00, 1.620446426699306e-01, -7.159442054919388e+00, 1.295600572807990e+01, 3.172056346335894e+00, 3.403907101862213e+00, -4.695336101426758e-01, 2.183947127139231e+00, -1.508081458138384e+01, 2.470824464869311e+01, -1.329963146218067e+01, 1.331140382852181e+01, 1.052975843614031e+01, 3.088147522760774e-01, 2.532402248252854e-01, -3.890835227449280e-01, -2.009885737284640e+00, 5.958804959827720e+00, -1.664993299128650e+01, -7.732143527030904e+00, -9.792244315321176e+00, -1.140492541338273e+01, -3.490218548498913e+01, -4.798340196063037e+00, -4.325266715899084e+01, -1.200898793938000e+01, -6.476367325765319e+00, -1.167488165376655e+00, -8.211890517708693e-01, 6.832816786196134e+00, -2.993383110969928e+00, 3.890411689314963e+01, -1.499916193801809e+01, -6.925353855404842e+01, 1.346420718929232e+01, -1.883065845963502e+01, -9.845994883230687e-01, 2.181315604620776e+00, 4.398589402752751e+00, -3.147150735895275e+00, -1.284326071288227e+00, 5.102291758495970e+00, 6.519170851158034e+01, 1.800626336442424e+01, 1.731669639953888e+00, 1.968970804695526e+00, 3.063850110765073e+01, 6.772828803628850e+01, 7.497853326601094e+01, 5.548418931564147e+01, -5.216550821567184e+00, -6.019438886932866e+01, -1.662853468774572e+01, -3.874509130229900e+01, 1.425710041890017e+01, 1.063694324277486e+01, -2.010174436236329e+01, 9.237919308917239e+01, -2.491967115339066e+01, 3.490709206940966e+01, -3.220989195702155e+01, 3.723435274650967e-01, -1.864605594219066e+01, -9.823112736399782e+00, -2.033382416490742e+00, 9.031837641028810e+00, -1.564943365393247e+02, -1.991794912214722e+01, -1.979282580533718e+01, 4.434845477226823e+01, 3.436763536185607e+01, 1.181945990611381e+02, 1.275048848140198e+01, -8.897238560569434e+01, -1.097252261110321e+02, 1.958275064376863e+02, -5.866401230226241e+01, 1.028384800435712e+01, 5.455315659854815e+02, -1.583281756633913e+05, -3.660624816966627e+04, -4.844756645860709e+04, -6.892609347350395e+04, 1.193247459221178e+04, 5.360494309967852e+04, 3.608499286783105e+04, 1.275269294697476e+04, 4.360328124521474e+04, 1.098582805752576e+06, 6.342686491783042e+05, -2.427413216067996e+05, 2.671862519740044e+05, -4.378097120182969e+05, 2.723712303069568e+05, 1.562529213110019e+05, 2.612731663214162e+05, -8.171795122379510e+03, -1.417996417151545e+05, -1.073726098689774e+05, 2.754352974341024e+05, -2.142295813385007e+05, 3.562765925597257e+05, 1.586032954936396e+02, -7.690168445436672e+03, 1.466707621771675e+04, 2.473071413476664e+03, -2.903530957525927e+03, 8.924569466972105e+03, 4.542593532295265e+02, -2.049364186812790e+03, -4.486273724913583e+02, 6.806309551821345e+02, 2.893699297635492e+04, -1.845281880179175e+04, -1.064089885311263e+04, 3.514495618704365e+03, -2.842418340614553e+04, 6.673248747299579e+02, -2.094499706884274e+04, -9.561490356866285e+03, 3.423879613944637e+03, -1.880038428918514e+04, 2.605403853808885e+04, 3.499906152715251e+04, -2.614218253583351e+03, 1.364615867937187e+04, 6.148080725856661e+01, 6.871365136478197e+01, -5.128328719155497e+02, 1.475948145207286e+02, -5.772848317516475e+01, -2.315202685093149e+02, 5.470647764404464e+01, 1.432823313852975e+02, 2.486881220466587e+01, -2.174728184178336e+01, -2.843955727413093e+02, 1.239773866910126e+03, -2.427357285865174e+02, -1.818040232648559e+02, -2.504494495392267e+02, 3.072973130555119e+02, -8.539905655931527e+02, 9.133577646641402e+01, 2.592361635306067e+01, 3.404141005864633e+02, -1.009339315202970e+03, -6.796134116369479e+02, -2.942799636768480e+02, -5.855664187703417e+01, 1.942656572491934e+01, 2.701466222378897e+01, 1.913988001484899e+01, 1.068819757607291e+00, -6.042298166885328e+00, 7.134525936607672e+00, 1.873090998515822e+01, 8.575228019043262e+00, 1.385352691928550e+01, 6.992030286069454e+00, -1.170113532210301e+01, 2.137570113741840e+01, 3.892097679003709e+00, 3.043122560046797e+00, 1.380823039911037e+01, 3.675088251920343e+01, 2.690042109041453e+01, -2.064035015149459e+01, -3.634441971478952e+00, 2.857317801383607e+01, 6.488389366768257e+00, -6.079229116189366e+00, -3.531307361022673e+00, -3.241625953416363e+00, -1.231574153169300e+01, 1.501199270097114e+00, 5.386586634833287e-01, 1.676034196538032e+00, -3.915902721051770e+00, -4.457295590644719e+00, -6.788927039747502e-01, 1.420510508116933e+00, -2.390158727515129e+00, -7.627252025420124e-01, -8.769273138585295e-01, -8.812844359070846e+00, 4.097464840839027e+00, 1.197531866741250e+00, 5.309219222063927e+00, -1.062473931021505e+01, -7.975687646543394e+00, -4.819770970410231e+00, 5.337134498829593e+00, 6.820439058680943e+00, 6.865503885787907e-01, -5.612011433270051e+00, 1.392919060865555e+00, 6.798777354662787e-01, 8.173457488860654e+00, -1.342985777165316e+00, -4.115404012593596e+00, -2.207786263423186e+00, 3.293941413106110e+00, -2.223329894629113e-01, 6.186487688715275e-01, -8.035307751957735e-02, 1.732406996660218e+00, -2.996612496779952e-01, 5.937106250970928e-02, 3.648441911847738e+00, -2.014190300297081e+00, -5.427932392058931e-01, 1.373826384531499e+00, 3.474121234808581e+00, -1.406512949480690e+01, -3.828693946876146e+00, -2.428174536504182e+00, -8.432310720956851e+00, 7.423194351654423e+00, 2.512005120693820e-01, 5.839687385304883e+00, -1.438693066575512e+00, 3.378526116057725e+00, -3.611149782671760e+00, 9.953124085968856e+00, -1.015299911717221e+01, -5.307727277251854e+00, 1.158246193984513e+01, 1.211121537452745e+00, 7.076437034374514e-01, -7.910704806245865e-01, -2.345650774719142e-01, 4.861256428411559e-01, -1.243781202997812e+01, -8.412353817471612e+00, 3.710335747309700e+00, -7.426076381661187e+00, -3.100015232878125e+00, -1.302919191948341e+01, -5.512785866279517e+00, 5.957835316470256e+00, 7.029075139888707e+00, -1.081797500677787e+00, 6.185842386153134e+00, 4.934351037146039e-02, 2.168531919614180e+00, -1.622437367893022e+00, -7.876014918826216e-01, 1.319503716877534e+01, -9.277045798132217e+00, -9.137794707354063e+00, 3.435476099757192e+00, -9.268036036123827e-01, 1.373207879133212e+00, 2.438738298330616e+00, -4.726341405391969e-01, 9.998704117740101e-01, -1.976274770868913e+01, -9.241690792466221e+00, 3.698830172983080e+00, -4.460569480614323e+00, 6.259106051836378e+00, 7.751373349160529e+00, 1.642104637426854e+01, -9.613783296151746e+00, -4.399023566959834e+00, -2.290054351325552e+00, 4.191457755170060e-01, 2.247556341988432e+01, -5.643313580927407e+00, 4.517179782316879e+00, -1.008097196761189e+00, -8.560636517547636e+01, 1.503100887507710e+01, 7.543983358149902e+01, 3.396981655649474e+01, 1.145902606000255e+01, 5.831251147486878e+00, -5.617962831640902e+00, -1.477408993840731e+00, -8.399039112109372e-01, 1.239759685070708e+02, 2.514146433648252e+01, -9.113268692003662e+01, -3.061620321592948e+01, -1.160143595154781e+02, -9.889912737242511e+01, -9.084613874641710e+01, 1.649075463028781e+01, 4.540308025431531e+01, -2.088903332667753e+01, 6.295732091358137e+01, 1.411273717255409e+01, -1.158254185908239e+00, -8.554217337720779e+00, 2.496153691605104e+02, 1.296526993170313e+02, -3.764562187168325e+01, 1.079976678114079e+02, -6.673778304663800e+01, -9.198456408889349e+00, -5.395712477886146e+01, -3.980505381691887e+01, -3.489120002375035e+01, 2.512859002405253e+01, -4.439643257992519e+02, 3.018722649299933e+02, -4.672984018432292e+01, 4.452147319655594e+01, -6.059975630283117e+02, -3.965201051315896e+02, -2.461478507912681e+02, 5.692400427739059e+02, 2.821324196549472e+02, 2.261191698235596e+02, -2.260457185141450e+02, 1.337834738688504e+02, -1.710192944189928e+02, -1.021707832509883e+00, 1.158843999870542e+01, 3.287488854581409e+01, -4.276172019863254e+01, 1.392080809724551e+01, -1.806669107982532e+01, 1.996618056650177e+01, -8.080773013766450e+00, 2.188064149834271e+00, -6.479076654860346e+00, 4.703904574447700e+01, 6.716936769612447e+01, 6.962173622669964e+01, 3.328459710786295e+00, -4.979706955947236e+01, 6.218991157776180e+00, -7.232334728070127e+00, 4.006634527417479e+01, 1.497600386311040e+01, -4.329630922663931e+00, 3.685229695798671e+01, 1.174366769712336e+01, -9.643727711337519e+00, 5.114180442999228e+01, 3.500119509286704e-01, -2.776759889667056e+00, 1.008052869858196e-01, -3.446230466118223e+00, 5.902749636546483e+00, 7.828209041806709e+00, -1.519412052478864e+00, 1.690234343668216e+00, 2.915149434817618e+00, -2.253753352619981e+00, 1.459002173886293e+01, -2.996098604538545e+01, 2.204358377735089e+01, -6.817702424686042e+00, -3.569301334177742e+00, 3.193605683376460e+01, 2.371039989655627e+01, -5.036429389452025e+00, -1.782962902786591e+01, -9.700544591387789e+00, 1.662488467206949e+01, 2.221251842455144e+01, -4.181299078251384e+00, -7.216966933860673e+00, 2.566414618788261e-01, 2.844984984329360e-01, 1.993115736934297e+00, -1.440008431087619e-01, 3.045734337972744e-02, 3.150081960066921e-01, -2.726198797186550e-01, -3.147343792857888e-01, -3.955508773643965e-01, -2.891973877056722e-01, 2.585115299035614e-01, -5.641908279019817e+00, 4.836837675219216e+00, -3.167978477936773e-01, 2.276626970982092e-01, 6.612864448686119e+00, -6.924889994930271e+00, 3.136880982507278e+00, -2.980907717315749e+00, -4.358995034664564e+00, 6.148358929744433e+00, 1.371501260194142e+00, 1.801311026697976e+00, -1.070574897862275e+00, 9.169800134123650e-02, 7.861520085603395e-02, 1.282940105506303e+00, -8.941088584896246e-01, -4.236374073655866e-01, -1.543436298410527e-01, 4.448414964452748e-02, -8.279896566378003e-02, 4.590888499965820e-02, -2.996864195073457e-02, -9.810324663300882e-03, -1.698842149645550e+00, 2.882052700442386e-01, 7.129071297491986e-01, -6.039821235763624e-02, 7.636507543529756e-01, 4.050324598297278e+00, -3.557441574444815e+00, -8.101190725984285e-01, 9.851075589203080e-01, -2.819830597399373e-01, -4.549359396070323e-01, 3.568576219648174e+00, 1.066756934177290e-01, -3.221194745196974e-02, 4.309939760158927e-02, 1.032609240162978e+00, 1.509856927046855e+00, 2.931519798703374e-01, 4.493001654925790e-01, 1.180869029594161e-01, 1.060500840327088e-01, 1.605456846199388e-01, 2.429718161470376e-02, 1.401043796168735e-02, 6.946902251072575e-01, 1.378168055610516e+00, -1.516620193087547e+00, -5.451910289931123e-01, -9.933885474449312e+00, -1.371197986225562e+01, 1.254565985669711e-01, 4.103979761296173e+00, 3.305433147540701e+00, 2.871800186200061e+00, -1.104854949684402e+00, 1.062499143137955e+00, -1.125573587616197e+00, -5.887603424787016e-02, 5.166396834614428e-02, 2.904930010210269e+00, 5.307256878637421e-01, 4.245111900966663e-01, 1.113913208650486e-01, -1.120439037618510e-01, 7.222485198917626e-02, -7.046271244935599e-02, 7.967367018439825e-02, 3.195585789703499e-02, -3.166186945268060e+00, -2.182290809012764e-01, -8.732471655155348e-01, -1.633835342937430e-01, 9.647185605321758e+00, -2.132707783716499e+01, -4.839149045373699e+00, -3.461862439305524e-01, -4.232637354960957e+00, 1.121483789358292e+00, -1.338848887594397e+00, 1.618637631550432e+00, -5.365369438652876e-01, -1.058646680823986e-02, -1.653758194462343e-02, 4.720068847584474e+00, -1.362696475407797e+00, -4.951531583281420e-01, 3.385119660777245e-01, 4.058849214514673e-01, 2.443917415834775e-02, -9.253242174339353e-01, -3.238841910348201e-01, -7.441827028956165e-02, -3.575873823395428e+00, -4.124602283327111e-01, -7.067490972099162e-01, -9.509522490113285e-01, -2.028923536359987e+00, 2.979267971351548e+01, -1.146136646933933e+01, -3.365953036815608e+00, 5.364509126470280e+00, 1.145597510061975e+01, -6.982757329468277e+00, -9.260341133347804e+00, 5.673292679219168e-01, -1.118026047525092e-01, -1.816250948227441e-01, -3.136447825946346e+00, 9.310372899611544e-01, -2.543013767546015e+00, 3.314967814905951e+00, -4.045757351240455e+00, -4.642491471306605e-01, 6.970112701562564e-01, -9.163124653109375e-02, -1.803018460454269e-01, 1.477233277529118e+01, -7.938501850249593e+00, -7.740253644026255e+00, 2.393563225060374e+00, -1.090593699184968e+02, -7.839209975119175e+01, -4.809765097187706e+01, 9.617005642620624e+00, -5.338967989722813e-01, -9.083373086332868e+01, -4.078922361678420e+01, 2.009024181538869e+01, 1.761182954490869e+01, -2.634530698203865e-01, -1.710612958544596e+01, 1.345063619194664e+03, 5.195372424225128e+02, -3.694675472928795e+02, 5.075604083498032e+02, -3.184294238328227e+02, 6.779928821963384e+01, -2.300033765509511e+02, -1.593026644593353e+02, -2.167041259108215e+02, 2.121512292534695e+03, -1.927079126813879e+03, 8.081501504576170e+02, -5.197779476761615e+02, -6.141541619994174e+02, -2.984976842117534e+03, -2.223683791876460e+03, -1.282107653974819e+03, 2.434179969469557e+03, 9.656592876174888e+02, 1.574439816884362e+03, -5.559006645302483e+02, 8.664507270795842e+02, -2.001841922983372e+02, 7.067379126824116e-01, 2.005280258635203e+02, 4.204120668788093e+01, -2.210989898188994e+02, 4.310603924439957e+01, -7.086802323897228e+01, 9.496762057475873e+01, -1.846923170684467e+01, 4.028702829745410e+00, -2.305969280027495e+01, -3.740591761716127e+02, 3.746243956336864e+01, 4.280635629559618e+02, -9.240094111852920e+01, -4.209377988054988e+01, -8.546626355454373e+00, -9.929943376225175e+01, 9.872318274009358e+01, 2.499133028204666e+02, 7.168753152780405e+01, 1.955437769736617e+02, -1.763005499578332e+01, -3.190451959202483e+01, 5.529173548248203e+01, 6.703315437179113e-01, 6.015939618989199e-01, 7.858752166900220e+00, 7.275983544887952e+00, 1.496940762621849e+01, 1.134043594119126e+01, 6.257599457969931e-01, -7.867610100601297e-01, 1.497632693799210e+00, 6.603826577017791e-01, 2.351756886555715e+01, -1.813621415777886e+01, -1.782091433943236e+01, 1.264947914641920e+01, -2.246918413385288e+01, 8.027812098473481e-01, 7.219957825582679e+01, -6.928364449274085e+01, 3.109522002494264e+01, 7.493110800594200e+00, -3.531630339173557e+01, -1.378530689698562e+00, 7.649464317192082e+00, -3.531840806978119e+00, 4.051213148202003e-01, 1.947099086172854e-01, 7.583267970680985e+00, 2.820936039204348e+00, 5.326330095800866e-01, 3.659834706847391e-01, 1.297278084041767e+00, 4.150059720337423e-01, -8.532466901423063e-01, 5.418921518914334e-01, 1.548524079320085e-01, -6.686366927515037e+00, -7.388743252660533e+00, -1.812266226873608e-01, -5.723032322430055e-01, -2.491958665436671e+01, 4.467679181354367e+00, 1.089879678216313e+01, 1.266709159372941e+01, 1.032996087491037e+01, -6.183859717560901e+00, 2.068604561860383e+00, 6.527150998617323e+00, 3.254164451914386e-01, 2.170591936824432e-01, 8.361173047843548e-02, -2.291562221903780e+00, -7.593252923930350e-01, -1.326652550871137e+00, -1.415776755014826e-01, 9.027934117013501e-01, 1.938449989765963e-01, -2.909667848293195e-01, 7.696743208800601e-02, -4.582609120515899e-02, 1.003909659941811e+00, 2.167920289479878e+00, 1.480370545011354e+00, 2.608284320487919e-01, -1.639963418739251e+01, -6.914236831337028e+00, 6.215081861406851e+00, 3.575333363530725e+00, -2.232439407954042e+00, -8.097923630375092e+00, -7.036772576113702e-01, -1.110344393157265e+01, -8.739251100128509e-01, 9.110229276854130e-02, 1.102296695871114e-01, -1.887180047950224e+00, 2.119146733861702e+00, 3.409395766164189e+00, 9.274662229987467e-01, -1.150866588221906e+00, 1.772357304770460e-01, -2.379176234892890e-01, -8.210839570939504e-02, -7.247855351164421e-03, -1.504168238359161e+00, 4.204696552994310e+00, -6.269674743431336e-01, -2.086747481195639e-01, 2.608251419984302e+01, 3.794648726824727e+01, -5.980188309310192e-01, -1.371683417356042e+01, -2.927656281351472e+00, -2.848150184166600e+00, -1.351287500867780e+00, 8.396808355872940e-01, 2.625905363263095e+00, -4.147100874075523e-02, 1.219067950398102e-01, 4.618140166328650e+00, -1.703859360573725e+00, 5.047842162636663e-01, 8.118087710892175e-01, 1.598669426805537e+00, -3.699275242641817e-01, 5.009617777220010e-01, -1.077894450990471e-01, 4.228092649456960e-02, -3.241038009020786e+00, 3.273250177705776e+00, 4.943882443748187e-01, 8.285459356309992e-01, -4.555304412037873e+01, 7.378404617846884e+01, 7.385202679071262e+00, -6.698009179394633e+00, 8.065672273321219e+00, -1.035381829316873e+00, 8.517712964302561e+00, -2.164034111973956e+00, 8.257864894088953e-01, -1.342242196433095e-01, -7.258002283908110e-02, 2.352526837090204e+00, 1.935979144272636e+00, -3.941905128972559e+00, -7.550490435257440e-03, 1.540504844673285e-02, 2.147896858919364e+00, 2.474284635213762e+00, 1.976967104421744e-01, -6.084449639271741e-02, -9.736835635748786e+00, -1.975506025775820e+00, 3.866647763754659e+00, 2.737918318562558e-01, 1.483565227177117e+01, -8.072106415912708e+01, 3.504161602685655e+01, 4.854674722710921e-01, -3.794416544237816e+01, -4.815357055812367e+01, 1.254082861838759e+01, 4.454667213655335e+01, -5.421024441803644e+00, -1.328603955164070e-01, -2.054444638296549e-01, -2.361280794334725e+01, -7.134303339661632e+00, 1.321586795030648e+01, -1.018694503441923e+01, 9.816055235348367e+00, -2.371722837477616e+00, -4.022049357164523e+00, 2.698585373996439e+00, -1.170645976455606e-01, -1.089520435013298e+00, -1.038774643902905e+01, 1.465411239420830e+01, -1.947821188660208e+00, 2.218617326247105e+02, 3.980271622812288e+02, 1.705266846447080e+02, -4.846961310223480e+01, -3.240968582306006e+01, 1.615750223838165e+02, 5.185168494641467e+01, 4.054771423606138e+00, -8.206834004758556e+01, -3.014277991587319e-01, 1.700738150013474e-01, -3.971003460018611e+02, -4.039628689994607e+04, -6.931109796169623e+03, 6.835272267964753e+03, -4.517497564273044e+03, 3.758405182544324e+03, -5.348487255493131e+02, 5.457247309716099e+03, -2.439695648733132e+03, 1.354195797547541e+03, -2.761959259490179e+05, -1.314600502079003e+05, 7.335063276812823e+04, -7.767807053216716e+04, 6.209875426136127e+04, -6.532180537936314e+04, -5.062764797639917e+04, -4.806293883421790e+04, 3.577938127310512e+04, 3.030859203253215e+04, 4.644682699521949e+04, -3.636397174743480e+04, 4.603544684675113e+04, -3.795245663384027e+04, -6.993029771134407e+01, -8.677581069176327e+03, 2.329237376007716e+03, 2.127611497389717e+03, 4.088947055509233e+02, 1.313603374399300e+03, -2.365315425577234e+03, -2.149541205056532e+02, -1.691105143868441e+03, 9.893302936601877e+02, 7.535418205624488e+03, -2.531777908944947e+04, -1.529470693161030e+03, 3.814922678552884e+03, 5.308030135605521e+03, -1.646206853216399e+04, 1.628591878487880e+02, -7.309033575799357e+03, -1.730871865370247e+04, -4.286596072437752e+03, -8.089663693306798e+03, -4.081529737584061e+03, -1.950210165910338e+03, -6.465372077394201e+03, -5.241116201194695e+00, 2.139376011246474e+02, -3.393954512184188e+02, 6.672623362212844e+02, -2.696817751897370e+02, 3.841992281348200e+02, -2.845427263783866e+02, -2.525619399373536e+02, 3.638483079460265e+01, -1.321468573909128e+00, 6.387576067028346e+02, 1.034850274099237e+03, 1.877565892292145e+03, -1.701107447937169e+02, 1.703507791100889e+02, -1.605632103044205e+03, 2.168528452345202e+02, 5.754124296290676e+02, 1.550003512444909e+03, -2.552978198229311e+01, 9.987874578725502e+02, 5.129859857543138e+02, 2.161715304178948e+02, 8.198536346590527e+02, 4.766755410879279e+00, -2.778441621053268e+01, 5.387977491965427e+01, -9.070702657179444e+01, -1.743665304139430e+01, -1.124418254056586e+01, 3.315488495971060e+01, 1.256223984056901e+01, -1.356262738582422e+01, -2.016550793564022e+00, -1.585242993389606e+01, -1.243338515354115e+02, -9.902967686516489e+01, 2.744259805852093e+01, -1.147523348479057e+01, -1.181120436777020e+02, -2.195461529253347e+01, 1.152809173940063e+02, 5.626566759608219e+01, -3.883921070411292e+01, -3.293561717692978e+01, -1.733774942144177e+01, -1.982498884126121e+01, -1.762744440665305e+01, -3.005032379236641e+00, -1.169443709064063e+01, 3.212511767442078e+01, 4.888716822640021e+01, 6.877628384325249e+00, 4.893841705872666e+00, -7.752257102699863e+00, 2.129938235177240e+00, 6.904528480492624e+00, -1.581589588867678e-01, 7.353699068213451e+00, -1.525758359834487e+01, 1.986938659067162e+01, 2.242178634127181e+00, -9.025426378836200e-01, -2.462755830158422e+01, -1.492319882115079e+01, -1.330210567141615e+01, -2.474206686276514e+01, 1.771753088388740e+01, -3.409275822296862e+00, 6.361650162003520e+00, -2.363406911963829e+00, 5.623335060866586e+00, -4.740033739811381e+00, 4.162704006018624e+00, -5.403366736016596e+01, 2.966465025656399e+01, -4.752494673913777e+00, -1.215765522828022e+01, 6.713148557306385e+00, -5.359300837596984e-03, -1.480694121861388e+00, 2.752857866394049e+00, -2.108673777866852e+00, 3.512866596958370e+01, 1.506784150513332e+01, -2.472893368089500e+00, 6.021019570440261e+00, 2.933200081444045e+01, 4.387570812556610e+01, 5.207475406210923e+01, -1.686734360658406e+01, 7.631778920617041e+00, 1.040070426124585e+01, 1.954336101912462e-01, -2.393262854730213e+01, 1.313059108835644e+00, -4.047315884906080e+00, 2.555448543889052e-01, 2.677261495319864e+01, -7.143834667296174e+01, 4.710607636719273e+01, -3.176209228221184e+00, 1.909504948528974e+00, 4.750846744311652e+00, -6.447249810477346e-01, -2.943909912911093e+00, -4.927973240930904e-01, -2.553627871285995e+01, -4.594927419661444e+01, -3.702248011190096e+01, 7.197711236870322e+00, 4.337849550166121e+01, 2.823129944692527e+01, 3.232259126196869e+01, -4.092581375889904e+01, -5.504637644976875e+01, -6.511044359176802e+01, 2.162397043594625e+01, 2.151842425525361e+01, 2.050813726087387e+00, 1.355539153922546e+00, 1.237916905729899e+01, 5.804653112657884e+01, 5.705628607154648e+01, 1.043347294400836e+01, 2.034541006361798e+00, 1.183188730150176e+01, 5.165496106752992e+00, 5.801176371873998e+00, 5.927822058858212e+00, -8.017446199966964e+00, -6.447605506059067e+01, 5.746996383770576e+01, 1.757577843924016e+00, -1.296520170278080e+01, -9.699431928808214e+01, -3.046485353868502e+01, -1.677250886876305e+02, -5.604846681966750e+01, 1.867762010917988e+01, 1.017032504788759e+02, -9.035328238218281e+01, 5.699823952589750e+01, 4.153907553561415e+00, -1.208468965070243e+01, 1.023334047578187e+01, -2.192756714804430e+01, 1.883224930060490e+02, -9.327713849305269e+00, -1.098760357891882e+01, 3.143833987414536e+00, 1.875796168238612e+01, 1.703330095261859e+00, 6.045503196764539e+00, -1.631133286268917e+00, -9.122203290509535e+01, 4.681027210226960e+02, -1.978803197984447e+01, 9.791778609883691e+01, 3.582529458972445e+02, 2.457384501289181e+02, -2.083716299104442e+02, -3.398610458501732e+01, -2.575148557156375e+02, -1.676575100291073e+02, -3.317768536523947e+01, -2.513656036419111e+01, 9.504105112282421e+01, -1.558234502769509e+00, -5.010227010063029e+01, 2.362604147690917e+02, -9.060774741433296e+02, 8.947402543311386e+03, 1.990574952988587e+03, -4.830906128482246e+02, 2.847289998351675e+03, -4.308583034152689e+02, -5.538418522235617e+03, 3.770391571478476e+03, -9.783793153007417e+02, -3.781992740452519e+03, -4.103859046475945e+04, 2.498428698768782e+04, 1.419017595177145e+04, 3.848438987877423e+04, -2.381842738088785e+03, 1.463834516202993e+04, 2.112526060195500e+04, 2.533408164215785e+04, 2.014854394636672e+04, 5.811196640637660e+03, -3.231783032875437e+04, 1.168203657668877e+03, -3.523625339568339e+04, 5.388265988436659e+03, 2.092796290043454e+02, -4.588582381703525e+02, -1.740789629925059e+03, 3.560922794290681e+02, 1.302261971086905e+03, 2.816773741220168e+03, 6.775614801092686e+02, -9.223501752223596e+02, -7.942539317451722e+02, 1.281858653243175e+03, 2.396497458448260e+04, -5.329009824654588e+03, -4.795930387605042e+03, 6.942420770636480e+02, -1.257519914255421e+03, -3.775646951241577e+03, -3.762252474311254e+02, -3.733193533160524e+03, -1.221358012994345e+04, -1.707497789081268e+03, -2.609180538635930e+02, -1.861593659440616e+03, 3.196922923761101e+03, -2.409642382143649e+03, 3.228111102707070e+01, 2.508978484581025e+02, -4.613898913801788e+02, -1.663000161528955e+02, 1.521510771610692e+02, 1.292106985286748e+02, -4.937541452231316e+01, 1.743349940991730e+00, -1.020157402694314e+01, -2.393465622762510e+01, 7.598098203241595e+02, 1.119685048130846e+03, 2.511109844212186e+02, -7.369487818634508e+02, 1.074596723168523e+03, 4.906671336717921e+02, -9.854912479138793e+02, 1.135631130398700e+03, -8.954644985232663e+02, 2.802936503104342e+02, -3.184475490901841e+02, 1.753045344832179e+02, 5.998323757042278e+01, 7.211453103893738e+02, -2.379201526125820e+01, 9.672767238103523e+00, 2.002485257352168e+01, 5.740786844769692e+01, 1.366713795169035e+01, -3.280382739144145e+00, 1.765414592904347e+01, 8.545959910896016e-01, 2.141383202707153e+00, 9.442299026300709e+00, 2.604718503943962e+00, -2.651666156990498e+01, 1.012137268785786e+02, -6.053829662808761e+00, -4.439281216713930e+01, -2.921334714206740e+01, 4.412425239021726e+01, 3.530373305418096e+01, 7.212234808516664e+00, -9.703369037195323e+01, 9.432937183470365e+01, -3.359642886590063e+01, 5.819976727727061e+01, -4.357800540918564e+01, -1.179493836447938e+01, -7.156570869433205e+00, 7.617102792346503e-01, 7.517552729641436e+00, 2.612011434069401e+00, -8.146962092839994e+00, -6.809109434477794e+00, 6.234019068424451e-01, 7.008210423066438e-01, -1.246136427560473e+00, 3.774358729198653e+00, -5.352602343993840e+00, 1.448074183648793e-01, -3.440595026666895e+00, 6.287729021841547e+00, -6.409389367741825e+01, -3.223565028051030e+01, -3.097837535178328e+01, 1.122211563289969e+01, 2.474654723246938e+01, -1.645416000192103e+01, -6.768039312418797e+00, -6.166869190483916e+00, 2.833759655498119e+00, -3.277250702598968e+00, -3.077625317368936e-01, 2.062225484795140e+01, 1.296026556323045e+01, -1.925798136336607e+01, -4.341608448766247e+00, -2.484337087074927e+00, -7.728408788536212e+00, -1.684031622023968e+00, -1.723466978867413e+00, 4.483775186215876e-01, -1.293896490517463e+01, 8.555827498628968e+00, 1.114873924468242e+01, 5.092468276977490e+00, -1.818393315023814e+01, -2.265804824264006e+01, -9.499626593322022e+00, -1.163818541252010e+01, 3.400467383398998e+01, -2.514417669521336e+00, -1.204446446407513e+01, -2.715866452551258e+01, 1.009211487216063e+00, 1.958814318108741e-01, 6.753282797115386e-01, 2.613411308794731e+01, -7.395092392766025e+00, 1.770461341895523e+01, 1.966971175691877e+01, 5.862669304282060e+00, 4.118503202869294e-02, -2.283901963967678e-01, -4.417705374784588e-02, 6.835218160765243e-01, -2.696177912662233e+01, 7.043666331835178e+00, -1.757167063969075e+01, -2.029532287319331e+01, -2.376768309910982e+01, 8.825709886521437e+01, -1.280810433045213e+00, 6.199548502153347e+00, -2.287269057546662e+01, -2.882509860075645e+01, 2.090023446617847e+01, -2.179083179007390e+00, -4.350309719973461e-01, 1.075199728958792e+00, 2.167960244567150e+00, -2.635605894484127e+01, 6.792746162764499e+01, -3.799363428234795e+01, -4.218736094110388e+00, 6.947715072732373e+00, 1.360608636881305e+01, 4.150275995853710e+00, -1.490151473728107e+00, -3.393512700582654e+00, 8.750704713986371e+00, 6.937997278977335e+01, 2.181787606421857e+01, 4.760645709682113e+00, 6.145770216052685e+00, 6.105598103312533e+01, 8.373213618556044e+01, 6.995632088582980e+00, -6.931821768863320e+01, -3.796090762416489e+01, -2.786514574529590e+01, 2.779981372627178e+01, 1.132405853474598e+01, -4.563536212133488e+00, 1.287651147957425e+01, 7.266203785590361e+01, -3.104909951941541e+01, 4.494746319183638e+01, -4.455701407341889e+00, 1.126681226507426e+01, -6.070785251529525e+00, -1.783627858512762e+01, -2.013858048933708e+01, 1.278084261013289e+00, -2.034133392443123e+02, -6.062287156488126e+01, -8.866678912531840e+01, 1.115474866487182e+02, 2.922203109279186e+02, 2.486528583256831e+02, 4.950665492281320e+01, -5.392005613992434e+01, 1.939764781489870e+02, 1.860121349779519e+02, 1.895597896142988e+02, 8.732791020347533e+01, -3.920595479757901e+01, -3.001303459235085e+00, -7.182739540605978e+00, -1.382516008546687e+02, -1.249252316100052e+02, -5.234578661192564e+02, 1.736649634204416e+04, 8.450624450163221e+03, 2.295773507480892e+03, 5.529318524758717e+03, -3.250123519807580e+03, -4.771889025047593e+03, -3.896049005487216e+03, -7.175447766504983e+02, -3.597200768598410e+03, 1.080491803088265e+05, -4.775890025368736e+03, -1.522216023353848e+04, 2.864695736711261e+04, -2.347546563277743e+03, -2.585748713773346e+04, -6.214520554130007e+03, -8.768040806012714e+03, 7.596032351016762e+03, 7.533367868071870e+03, -1.053461741468737e+04, -1.250581788071760e+04, -3.718214520639113e+03, -1.659489194733751e+04, -8.471484556558801e+01, 2.555758593002412e+03, -3.389498554441872e+02, -4.126348576675847e+03, 3.188032739169264e+02, -1.050346797003629e+03, 2.127398511212338e+03, 5.727238837940839e+02, 5.188177396734953e+02, -7.615538556685559e+02, 4.892116634430114e+03, 1.179926584776586e+04, 3.549017483857583e+02, -4.500100254531694e+02, -3.860312619218705e+03, 3.813047499697650e+03, 5.765634517108031e+01, 2.924902891764001e+03, 1.327041237929509e+03, 1.820148066463781e+02, 2.407736006157460e+03, -4.192145193114495e+01, 2.561094900646743e+03, 4.339515913784473e+03, 2.779663799562992e+00, -6.607848584196815e+01, 2.972672479616477e+02, 2.923166516006573e+02, -1.588535524110089e+00, -1.205845342021363e+01, -2.632832484275382e+00, -4.842655040766827e+01, -1.397126628687554e+01, 1.580497976893361e+01, -7.980505237112289e+02, 5.981096298323395e+02, -7.329079650235205e+02, -4.197372164808889e+02, 9.671337876077228e+02, 2.100302193676574e+02, -1.319399437617247e+03, -4.021019900678654e+02, 7.743685447014994e+02, 6.871064171240212e+01, -1.207356795702600e+03, 4.235280400461936e+02, -2.486047651665641e+02, 6.459356856858588e+01, 1.231825277025514e+01, 3.794662945440667e+01, 4.190438968014578e+01, 9.368266377995943e+01, -3.604109457299651e+01, 1.641935959144543e+01, 1.474689385709391e+01, 2.960998548768077e+01, 1.434443810648249e+01, 1.045572223189735e+01, 3.407915020622111e+00, 1.461064941302813e+01, 5.435218755309327e+01, 3.354802903798251e+01, -2.830262111121115e+01, -1.759098702730768e+02, -1.582041994416819e+02, -2.067042925169329e+01, 1.921835708888078e+01, 4.999001833530478e+01, 4.118592797323407e+01, -2.341579124113499e+01, -8.938437242844152e+01, -3.340202602788074e+00, -4.866839198332151e-01, -9.709503903240979e+00, 9.244395044794865e+01, 2.972893548975582e+01, 3.503549911073649e+01, 1.096148521452283e+01, -2.088113120760350e+00, 3.371672893426069e-01, -3.096367539865394e-01, -1.647864078279225e+00, 1.917448445078553e+00, -8.051384669678944e+01, 4.226341198973597e+01, -1.863124990742610e+01, -1.775708849842400e+01, -4.650486621914555e+01, -3.492512832747546e+01, -4.470620767891263e+01, 1.985167768446041e+01, 4.005791938920051e-01, 1.901516172942527e+01, -1.252250900944415e+00, 7.984732799002273e+00, -7.656589454623604e+00, -4.565402869113554e+00, -1.477909890202421e-01, -1.533831858299640e+01, -3.002804469221340e+00, -1.303755334005829e+01, -9.387333325289502e+00, -6.178604708731058e+00, -5.251943950132119e+00, -3.263858489572358e+00, 1.038780815840324e+00, -3.633075164774007e-01, 1.248807427089964e+01, -5.396300148857570e+00, 2.194540990185640e+01, -2.272925757236636e+00, 8.454828164368603e+00, 2.372952484136211e+00, -2.649188715637422e+01, 1.054328693556101e+01, 1.235986784340854e+01, -2.866972021644911e+01, 2.680674553403152e+00, -1.290922589125329e+01, -1.573069384770057e+00, -2.037030382709512e+00, -7.430330650371381e+00, 2.909358180241432e+01, -2.136711423074079e+00, 1.957309499299213e+01, 1.008478432031338e+00, -6.627988133458943e+00, 6.372466229303632e+00, -1.335749472904639e+00, -4.263934688750361e+00, 6.244971939514777e+00, -1.974812726678333e+01, -1.341957922413521e+01, -6.382088499639139e+00, -3.085779835004595e-02, -5.377465906388682e+01, 2.223545008201222e+01, -4.277551603546317e+01, 1.046826346185533e+01, 9.238051293787809e+00, 6.616189568104892e+00, -1.343567564735156e+01, -5.572680479686001e+00, 2.952810120147157e+00, 9.337911655576894e+00, -3.561456543515147e+00, 3.236018020847813e+01, 1.588323313463360e+01, -2.075645045282046e+00, -8.230111081552561e+00, 9.341200708034748e+00, -1.271690639925490e+01, 4.838459177572019e+00, 1.073848892406531e+01, 5.740619210319536e-01, -4.187190440705225e+00, 4.480233726142498e+00, 7.429085326867736e+00, 7.961308962321897e+00, -7.614063111130343e+01, -2.817562710889984e+02, -8.159003387403093e+00, -3.096954240375034e+01, 5.329947960361637e+00, -4.062106912752169e+01, 3.199306108927611e+01, -1.470496847799444e+01, 1.777988253249256e+01, -6.046298845635106e+00, 1.178907664979164e+01, -4.591247327766126e+01, -3.381498444340520e+01, -1.161014700694525e+02, -3.744509908088894e+01, -6.750194667944609e+00, 1.953272861118138e+01, -2.736848100265306e+01, 1.831774839033927e+00, -1.521912194828082e+01, -8.114528040154582e+00, -1.248988630904805e+01, 2.068067892924724e+02, -9.826879131684779e+00, 1.822282873623903e+02, 4.573788649034239e+02, -6.514102353033856e+01, 1.082316680226742e+02, 7.812037367818452e+01, 1.143509797227671e+02, -1.531553226685050e+01, 2.341384995223044e+01, -9.781502925997447e+01, 6.113971343198388e+00, -9.915988761970910e+00, 3.799058902194432e+02, -1.822545978081543e+02, 3.154187521641373e+02, -3.136828023828920e+02, -2.478571451379680e+04, -3.323505889879318e+03, -6.878647297147277e+03, -6.796458777577318e+03, 2.941521317513244e+03, 6.917670305819426e+03, 2.525209089331284e+03, 3.076569224421878e+03, 4.303848934343088e+03, -2.436386286158152e+05, -9.292713345419725e+04, 9.775129724910932e+04, -9.455081937532076e+04, 6.628360373361879e+04, -5.465266262443848e+04, -6.048327285185466e+04, -4.969862776234652e+04, 6.928547051724933e+04, 5.095478618546859e+04, 7.513203510659999e+04, -5.167118862063003e+04, 6.493321098264464e+04, -4.453460516053929e+04, -3.243435780324111e+02, 6.252410738044953e+02, 5.996248791406903e+02, -9.466786174271413e+02, 2.551869074907431e+02, -8.597193692089029e+02, 9.580888270598858e+02, -1.681055224079655e+02, -4.907413427781226e+02, 5.669131027545255e+02, 2.205250069139734e+03, 5.979521123405742e+03, -3.248948529907051e+02, 2.802827804403148e+03, -7.651296419429849e+02, -2.835794935866383e+03, -2.278877771741882e+02, 1.998567736861545e+03, 5.160288411980852e+03, 2.681776107086519e+03, -2.240306960460487e+03, 2.290882661315737e+02, -2.715541178724799e+03, -1.301705774225893e+02, -6.262903402642192e+01, 5.041738076274665e+01, 7.351911006329055e+02, -1.637704717332655e+02, -3.882512160689090e+01, 9.154289151569553e+01, -8.528057956758228e+01, 7.457435395893853e+01, 5.608177603751714e+01, 8.772714139030718e+00, -5.431691189999151e+02, -1.162520463255126e+00, -7.579835179236360e+02, 2.744227358136749e+02, -5.327452716749625e+02, -7.183519396991489e+02, 6.728350304367801e+02, 1.892298993552366e+02, 4.552568746952338e+02, -5.536706672807438e+02, -5.499791894077772e+02, -6.597796364619239e+02, 7.950871558959907e+02, 1.014989343546898e+01, -1.410213695071394e+00, -1.325168816799719e+01, 1.869163401876523e+02, -1.045529754794321e+02, 1.064148836022121e+01, 1.798889331924272e+01, -1.696483546680436e+00, -1.222385444359966e+01, -7.680294581318342e+00, -1.449160917897756e+00, -2.705265614313411e+00, -2.454217875698509e+02, -1.583613582218648e+02, 1.484928190594548e+01, -3.490378172624603e+01, -1.165182299997468e+02, -1.957903019009506e+02, -2.281117214869909e+01, -6.892454138761971e+01, -4.322874156268908e+01, -2.813978300125921e+01, 5.744467845013038e+01, -1.848896646028275e+01, -7.417669239513571e+00, 1.709298448261968e+00, 2.044530715932103e+00, -3.681966677608132e+01, 5.276798796751515e+01, -1.143073009204660e+01, 1.452975035564321e+00, -3.882817113114283e-01, 1.427873801829979e+00, 2.088014122177336e-01, 1.372559437242058e+00, 2.134686709456624e+00, 1.212276981006293e+01, 4.259213783833307e+01, 5.677154765763916e+00, -3.059598274701279e-01, -1.648048683038756e+01, 2.956205848232941e+01, 2.130870835715341e+00, 4.018339040116909e+00, -3.312287890100566e+00, 7.337835893170095e+00, -6.328941208191535e+00, -8.423966486048876e+00, 1.535803971395540e+00, -3.798833851673605e-01, 1.253345847215227e+00, 4.624872750020666e+01, 1.916264583130938e+01, 1.717792594433467e+01, 9.148415001586416e-02, 4.368488312504488e+00, 2.174944823011472e+00, 2.345787758671174e+00, 3.249476956695718e-01, 6.393808661225958e-01, -2.444185482285134e+01, 1.297085856112467e+01, -1.490515509738625e+01, -4.685196827254712e-01, -3.572511612993009e+01, -5.916469298724174e+01, -3.382035959344919e+01, 1.238011147963441e+01, 1.415553103684615e+01, 4.732166329827666e+01, -1.204850788935891e+01, -5.310273689803838e+00, -3.062821394215540e+00, 4.019429850400931e+00, 1.002724529747065e+00, -2.563127158349590e+00, 1.874146145978158e+01, -2.965254838673502e+00, -1.002092464271223e+01, 5.470768122524529e-01, -2.339283042015989e+00, 2.562193360428869e+00, 1.111064851144132e+00, 5.773865215363697e-02, -2.356816747001067e+00, 2.346819280283080e+01, -1.277500505446280e+00, 1.340834303154049e+01, -2.670475987224797e+01, -4.396091454667831e+01, -2.353890173965559e+01, -8.383865353758516e+00, 1.135180015713600e+01, 2.938108397435688e-01, 2.765085969070404e+01, -2.759123765379853e+00, 1.294503838008524e+00, -7.337771992304021e-01, -1.133890088556815e-02, -2.716672536078311e+01, 3.438370054125488e+01, 4.200786109537464e+01, 3.415840467234740e+00, -4.488064076378835e+00, -2.188958526366602e+00, 3.552598537737474e+00, 4.270006969133166e+00, -3.408138640070332e-01, 3.272276542985222e+00, 3.326590477047691e+01, -4.969311409612416e+01, -1.656191519349528e+01, 1.671616039794017e+01, 4.866165428835465e+01, 8.050576991199031e+01, -3.662220709145137e+01, 7.358210026107251e+01, -1.699477265941819e+01, -8.702301505824143e+01, -4.096763920710909e+01, 6.363024654178868e+00, 7.859443147960624e+00, 2.943358105055073e+00, -3.441964960114744e+01, -3.705161035579687e+01, -1.683459703388452e+01, -1.186571508823158e+00, 1.120633246101179e+01, -6.838109646363597e+00, 3.029273795287776e+00, -8.312358509683795e+00, -8.725801398135093e+00, 8.900932381754058e+01, 5.765768319079622e+01, 6.423217627184302e+01, -1.593998456705019e+01, -7.247129582037298e+00, -6.050746183178363e+02, -3.924218251146707e+02, 8.581331826072503e+01, -1.875029917754791e+02, 3.015575325997361e+02, 1.136870571762304e+02, 3.440001249585694e+01, -1.508846066867168e+01, -7.843639348675045e+00, 5.777927440897552e+00, 3.591387721536243e+01, -2.982626149288338e+02, -2.353403199248101e+02, -3.298067251580394e+01, 4.477862666394282e+02, -3.591582385655663e+03, 2.207251253993667e+03, -4.552538735702488e+03, -8.019356987905526e+02, -2.595747117858496e+03, 2.549424223943207e+03, 4.146092244630306e+02, 1.969920357388912e+03, -2.314632832479399e+03, 1.741070481279253e+05, 9.883834275061107e+04, -5.752006894282076e+04, 4.374896663940643e+04, -6.063621032294193e+04, 6.648114191293601e+04, 4.458398107359628e+04, 4.583857283179450e+04, -4.557865095992581e+04, -3.980867006302802e+04, -3.306513736424287e+04, 5.008697498448374e+04, -3.762102072767782e+04, 5.503360715423047e+04, 2.474128638288827e+01, -2.174960466305536e+02, -8.938494623574313e+02, 8.236900699866564e+01, 5.359646170478518e+02, -1.189262026084315e+03, 4.891448629032828e+02, -1.014385978300725e+02, 7.578453755617254e+02, -1.353467408872225e+03, -1.688814836753903e+04, 1.989069513302080e+03, 6.724087396432582e+03, -6.276642777092645e+03, -5.291280385004608e+02, 5.090002402864447e+03, -8.198835611781709e+02, 3.189606123471503e+03, 9.855004959791653e+03, 9.487814786506385e+02, 2.076058853524909e+03, 2.938759530451789e+03, 3.276099498990829e+02, 5.874990892699433e+03, -4.407789139365950e+01, 1.303114809380099e+02, 3.396411768986812e+02, 2.725422597825106e+02, -3.025075523658649e+02, -6.860983751238155e+01, -2.973353874589665e+01, 2.803279856570596e+01, 2.948090064294457e+01, 6.850418713977145e+01, 2.456387503036096e+01, -5.087343469293385e+02, 6.380008788444410e+02, 4.530591856377359e+02, 1.850339182120991e+02, -6.373372374142232e+02, 2.402854530137543e+02, -4.132784231582424e+02, 1.852556160197422e+01, 2.672283571094192e+02, -3.378357214447530e+02, 5.724222294751802e+01, -2.261113674997407e+02, 1.692638266319079e+02, -1.949966182084350e+01, 9.302402781323067e+00, -2.474653545891686e+01, -2.370084967069424e+00, 1.454068836601164e+01, -5.927645500108098e+00, 5.236184758475957e-01, -3.183309268243061e+00, -3.701757302598877e+00, -5.495962976669836e+00, -8.524738274140461e+00, 1.488276634266184e+01, -4.559364887308032e+00, -1.655001817113596e+00, 4.265803754619184e+00, -3.090665948437308e+00, 1.968475136846412e+01, 3.988929300292831e+00, 1.459302174340888e+01, 5.703156825805507e+00, -9.924233427116150e+00, -1.290981816078349e+01, -1.191834832982956e+01, -5.127739388399235e+00, 1.354222265625255e+01, -5.249044617982319e+00, -2.342977325914794e+00, 3.133339070905075e+00, -1.008241665285890e+01, -1.424265858340445e+00, -4.354549541938031e-01, 9.528059965687622e-01, 3.863711660529038e-01, 1.340750790329467e+00, 1.736098111948875e+00, 5.056808593795751e+00, 4.773771913857104e+00, 4.511018017216871e+00, 1.721896856329109e+00, -1.396406904265075e+00, 1.140596267712767e+00, 3.668674417286522e+00, -2.287852934460124e-01, 1.752325279556259e+00, 1.962219893177784e-01, 2.695180937281767e+00, 2.615965252516429e+00, 2.958371351057965e-01, -5.499349145931202e+00, -1.560480105913041e-01, -9.084103970619298e+00, -3.352733483966632e+00, -2.292915691235812e+00, -4.036848919269010e+00, 1.924457485404157e+00, -3.934433052440787e-01, 5.948886249517602e-01, -7.224463133135889e-03, -6.709059052395777e-01, 6.070993377758048e+00, -2.735307776712037e+00, 3.000269831617080e+00, 2.944074908879580e+00, -3.809351517521940e+00, 1.479149458811931e+00, -2.377871357547137e+00, 1.281119963913209e+00, -1.188778193469668e-01, -7.165604947561103e+00, -2.123383638423529e+00, 4.264328836982012e+00, -3.684575922584708e+00, -4.506007068257296e+00, 3.208003319156042e+00, 2.154424988306912e+00, -1.928677250034425e+01, 3.343500384235695e+00, -9.112938252162217e-01, -6.880277707441889e-01, -1.379466448446803e-01, -3.197290243816240e-01, 2.544970352285126e-01, -5.831563557230561e-01, -7.246436209215015e-01, -1.196842421990691e+01, -4.559651220781041e+00, 1.845048445369061e+00, 1.465235986984942e+00, -7.241764960913751e+00, 8.323754762745667e-01, -8.902871521392465e+00, -1.666955767957109e+01, -6.324311730764638e-01, 6.343581137059576e+00, -7.426508054110821e+00, -1.007796327709967e+00, -2.882232769621139e+00, 3.030797700062442e+00, -1.281906890614064e+01, 1.196813065836278e+01, -7.818741747188533e+00, -1.007670093863786e+01, -1.101781627878357e+00, -1.404804605365095e+00, 1.238749699106051e+00, 1.984686771898539e+00, -2.149840052612393e+00, 5.240139771440474e+00, 1.506835053859481e+01, 8.524389715931900e+00, 1.116146367090516e+01, 3.287089708029608e+01, 3.879473162483042e+01, 1.648101314963937e+01, -4.538531615330744e+00, 1.297373363895105e+01, -3.502199777885175e+01, -6.962796429644649e-01, 1.907543122514111e+01, 1.344996530199531e+01, 7.684004712714341e+00, -7.366172144088036e+00, -1.124003003619794e+01, -8.252439273170884e+00, 2.360382345555717e+01, 5.800463727089594e+00, 2.351227824392013e+00, 3.979399966305123e+00, 3.147148307488735e+00, -1.953351306558124e-01, 1.863709046353857e+00, 2.293802429513014e+01, -8.353864656981572e-02, -4.898465264297478e+01, 4.059297534430274e+00, -8.087839679970160e+01, 1.280945342931710e+01, 2.793956034760716e+01, 4.399495540940342e+01, -6.898195235154488e+01, 6.101846692430716e+01, -6.587640761387928e+01, 6.471011007217201e+01, 3.643780636225975e+00, 5.241255498786989e+00, -4.043628177198190e+01, 1.881271942169550e+02, -7.201087184524904e+01, -4.743304833442834e+01, -6.323079021970401e+01, -1.607876923338054e+00, -6.440650753951900e+01, 2.374418488488728e+04, -2.430708461184442e+03, 3.723959049593572e+02, 3.841013633268070e+03, -7.231522915360771e+02, -1.251071701027802e+03, -1.253110306491224e+03, -2.116544911703947e+03, -2.661319895101901e+02, 1.432384896606549e+05, 6.361850658129915e+04, -7.652529512155938e+04, 4.590052630804471e+04, -3.910521279380397e+04, 5.409980448778196e+04, 4.757177647783953e+04, 3.219972676767754e+04, -7.613954626389255e+04, -4.599863664913915e+04, -4.590437508139954e+04, 4.087983075474517e+04, -3.484529977679937e+04, 3.109049544806443e+04, 9.487320097605355e+00, 5.526827502504884e+02, 5.768106992684370e+02, -1.101662222750808e+03, 3.340862814348231e+01, 5.759085043731900e+02, -4.596875021979645e+02, 4.101520567103483e+02, -2.205835827623548e+02, 4.205001999214652e+02, 9.297642145720574e+03, -5.505103509192754e+03, -4.947155236790865e+03, 3.737726382881035e+03, 1.529459193766903e+03, -4.577260499137605e+03, 8.976331825541490e+01, -2.913062525236030e+03, -1.974177511772479e+03, 1.396319891305454e+02, -2.898125292719985e+03, -1.195713417778623e+03, -1.140177031245243e+03, -5.176313362436493e+03, -9.634006339439138e+00, -2.012628666621354e+02, -6.649618968131985e+01, 3.092360487524862e+02, -8.713041372414031e+01, -1.063054707880208e+02, 6.789816459343466e+01, 3.399464700188108e+01, 5.061900857559986e+01, 2.407447712856463e+01, 2.534784107406975e+02, 5.103086914175965e+02, 5.146558291125021e+02, 3.400261202397172e+02, -1.366507965527371e+02, 2.336521891681518e+02, 2.725402369593040e+02, 8.830983579289021e+01, -4.554313535270913e+00, 8.410278368728828e+01, -2.183044773745019e+02, -5.565653904257167e+01, 2.087532730664949e+02, -3.075687746366191e+01, -6.895023923665200e+00, -7.193794151653728e+00, -7.611527390668726e+00, 1.791516885405649e+01, -2.426076532993601e+01, 1.030414094336415e+01, -1.318001918341868e+01, -6.220438225736493e+00, -7.568071209966090e+00, -3.972405665225794e+00, 1.917510146181696e+00, 3.771359414695087e+00, 1.685649139552232e+01, 2.534048774944043e+01, -9.783290955626464e+00, -1.227648105953432e+01, -3.492074485188300e+00, 3.928193970009040e+01, 1.217911318981463e+01, 1.846778036289297e+01, -8.758521085134525e+00, -7.264770696665570e+00, -1.524836673609787e+01, -2.553315553829705e+00, -1.925329567753761e+00, 4.603331327801696e+00, 4.543262321859000e+00, 7.354738570752727e+00, -6.652862785055139e-01, -8.126428936779020e-01, 1.567179859863095e+00, 3.736624029849270e-02, 8.597848457114161e-01, 6.511868780288647e-01, -7.080012198736015e-01, -2.440082647751264e+00, 1.030326312045948e+01, 3.360322021527419e+00, -2.787298996213589e-01, -1.318634118777010e+01, -7.183831941859866e-01, 4.438974631486643e+00, 1.626974633620725e+00, -3.643306585962399e+00, -4.271298670792768e+00, 3.697525291545669e+00, -1.819261365915637e+00, 6.688859296623452e-01, -4.146636670668480e+00, 1.813582187556118e+00, 7.880778995738711e+00, 3.647465190325642e+00, 5.382604405274706e+00, -9.828580370512267e-01, -7.579605056145003e-01, 4.461272427742237e-01, 2.139487317372046e-01, 3.000396949878565e-01, -4.047857290221775e-01, -4.328275394510204e+00, 1.296844785681701e+00, -3.906794731920451e+00, 2.288546283647087e-01, -6.939405619105226e+00, -1.234141229907543e+01, -4.340682025328779e+00, -1.368320589515657e-01, 2.469290330337944e-01, -1.107931109806822e+00, -2.047585508405188e+00, -3.151327332741448e-01, 1.904469938995699e-01, 1.776036011988266e-01, 1.823083484448641e+00, -1.151326718666025e+00, -1.151377466560706e-01, 1.536803883716543e-02, -3.708729236551982e+00, 1.217366661744828e+00, 5.261305082381420e-01, 2.831284341313547e-01, -2.827307873486776e-01, -1.373836802593551e-01, -1.092497636388777e-01, 3.859666946357452e+00, -1.323163984125465e+00, 3.990306806626064e+00, 3.436266539389348e+00, 1.293170988895661e+00, -2.390901421522341e+00, -7.171701254991803e+00, -9.285661195465009e+00, 9.019953096069857e+00, 1.627666257959319e+00, 1.859396517310810e+00, -6.741682185923371e-01, 4.068687213272372e+00, -4.359657922410494e+00, 1.006922340828736e+01, 9.112469385086458e+00, -4.874601647135833e+00, 4.263293762954818e+00, 1.110077832179255e+00, 8.297342610321581e-01, 3.126760344054277e+00, 1.087665423758282e+00, 1.354409298962886e+00, -1.047833795469044e+01, 1.160869990053506e+01, 1.741917733747542e+00, -4.304633897632439e+00, 1.756021748399476e+01, 3.977778539666259e+01, -8.454098719305519e-01, 6.510863112714268e-01, 4.745310644641143e+00, -3.240996002086086e+01, -6.339234124591409e+00, 1.298011841700169e+01, 2.313867651219319e+00, 3.113561841591076e+00, -5.423069393847448e+00, -1.757352033514436e+01, -2.559119887739632e+01, -4.742963320027033e+00, 1.578043191428896e+01, -2.646513076229538e-01, -1.162877753379340e+00, 1.693867464019960e+00, 2.308486199269983e+00, 2.227326847379802e+00, 2.584145703601044e+01, -2.619021750639493e+01, 6.813684139775519e+00, -1.627662954734478e+01, -8.071378360916886e+01, 3.293386473252598e+01, -4.385663861806074e-01, 9.705322543595065e+00, -7.142801724380668e+01, -3.488152500517629e+01, -3.693637062145979e+01, 2.224849133000808e+00, 9.870956519242991e+00, 3.969044451976321e+00, -4.364571455908380e+01, -7.421218202458188e+01, -1.018963627568648e+02, -4.178111389142253e+01, -3.397469057056676e+01, 1.105278364582672e+00, 2.730413965008498e+00, -1.846109159678639e+02, -4.599601189994250e+03, 2.796545839590789e+03, -1.392354246582970e+02, -4.170254197060399e+03, -3.906099411038250e+02, -1.220512690503742e+03, 3.043797755882519e+03, -1.223090844604143e+03, -1.355698603119462e+03, -1.065220606679153e+05, -6.537694401708689e+03, 1.595480450295734e+04, -3.502563479427919e+04, 1.053246753822748e+04, 1.348490696352955e+04, -2.871602868851035e+03, -2.289819886377440e+03, -3.367411262542617e+03, -2.238229785029437e+03, 1.752857019051813e+04, 2.896499516978643e+03, 1.470521881847670e+04, 3.952772335917538e+03, 5.571794857852580e+01, -1.529662593795903e+03, 1.178136114753171e+03, 2.198407236774997e+02, -7.565117098702407e+02, 7.058047861390141e+02, -7.292241713733263e+02, 6.780982940531650e+02, -4.391288112723037e+02, -2.443872237824679e+02, -1.584261809285487e+03, 4.720435329977333e+02, -1.836816060774865e+03, -1.754331934177009e+03, 1.445879174143087e+02, 2.897711093122192e+03, 5.221517281892729e+02, -5.457130368720443e+02, -2.132285872311204e+03, -1.161681170529364e+03, 2.050628639574660e+03, 1.474319026774525e+03, 1.204254477895968e+03, 5.415281230630178e+02, 1.252071045095006e+01, 2.034084260638036e+02, -7.916185797424245e+01, -2.114075962873284e+00, 3.195161715567673e+01, -1.110219933223704e+01, 3.309556838450123e+01, 1.555480637006329e+01, 3.480539897678686e+01, 2.023702162850573e+01, -1.427785166223435e+02, -2.692333136309882e+02, -2.413007635263304e+02, -1.721932375698683e+02, -1.913131346537775e+02, 4.714510672297774e+01, 2.530298599440124e+02, 3.371583283947942e+02, 4.282508328292043e+01, -1.220724783496113e+02, 7.345385996707226e+01, -5.134723802908145e+02, -1.898721927084609e+01, -4.336753480811036e+01, -1.254499177870050e+00, -8.164036756929072e+00, 1.970747480849377e+01, -1.697441775250272e+01, -5.257579126973273e+00, 1.326146499989982e+00, 8.719487308009493e-01, -4.091551812713469e-01, -3.678971763549350e+00, -1.478139707375614e+00, -2.643531695871269e-01, -1.869230961560599e+01, -8.763053570132390e+00, -7.645803530140953e+00, 2.569671697103331e+00, -1.596803373718892e+00, 1.678737823616595e+01, 7.683897661413412e-01, -8.536596912501516e+00, -2.352660160324635e+00, -1.222696719464671e+01, 1.173392738433852e+01, 1.163536722265221e+00, -2.958896219641515e+00, -1.137705040348580e+00, 4.128676562411324e-01, -8.285433961914656e+00, 3.156780079128411e+00, 1.280027134474007e+00, -1.277940725215433e+00, -1.143684762770513e+00, -9.664498379131359e-02, 8.770903569330443e-01, 4.676933628610802e-01, 5.358253782699599e-01, 5.703602118484575e+00, -4.256065535729733e-01, 2.218769586354033e+00, 6.033052624246040e-01, -1.003023366562410e+01, -1.785259402719011e+00, -3.203763383254917e-01, -2.844860629072559e+00, -4.545317927847276e+00, -5.256835771803017e+00, -6.570771948310900e-02, -6.534425586810092e-01, 9.017219037715816e-01, 1.568457889928442e-01, -2.097271546827767e+00, -1.511871636264291e+00, -2.860451453625915e+00, -2.809037051951523e+00, -6.353703148994142e-01, -6.760238568929456e-01, 9.987798869819974e-02, -6.534915671085633e-01, -7.435257222318147e-01, 4.720432252568899e-01, 2.981149357986575e+00, -1.396689622861933e+00, 2.245207409413704e+00, 8.196756122785589e-01, -4.872414470343772e+00, -4.078464757320706e-01, -5.777718284508344e+00, -3.087841828535413e+00, -2.518622139602314e-01, -3.304610187019808e+00, -3.273731206664072e+00, -1.428869935349365e+00, -3.285117411168019e-01, 1.638190209437260e+00, 1.383508028086016e+00, 2.014002451245160e+00, -1.162743283892118e+01, 2.474234762822772e+00, -4.347526299740374e+00, 3.708200668415970e-01, 6.772456878650289e-01, 7.933621003033019e-01, 7.662088421676451e-01, -4.431611976976063e-01, -1.209516093522416e+00, -8.468616119439099e+00, -2.156513706043059e+00, 3.269783287413197e+00, 1.115454148474454e+01, -5.937086155780430e+00, 6.538197115977582e-01, -2.717975550106133e+00, -3.344174763572188e+00, -7.799221488423142e+00, 3.616784574212840e-01, -1.677353681151997e+00, -8.151730924791969e-01, -3.922001395445675e+00, 2.424750292354710e+00, 4.903506777878774e+00, -6.878786775773198e+00, 4.637290535970242e-01, 3.591507771661465e+00, -8.371986814852376e-01, 8.830044583325801e-02, -1.285047316352796e+00, -3.091618452736634e-02, -8.589989332986976e-01, -7.379443259924353e+00, -6.553883821728099e+00, -1.292869452360314e-01, -3.335784043925274e+00, 1.713251702725421e+00, 7.259544992429555e+01, -5.373551642063605e+00, 2.400625664713238e+00, 8.251260204373539e+00, -2.271385345999645e+00, 1.106278087887401e+01, -4.447801058488454e+00, 4.639210309225877e+00, 2.752847294926843e+00, 3.589645177892040e-01, -2.946176264422962e+00, 1.982164209613217e+01, -1.222172930626631e+00, -9.571388282676029e+00, 2.481414056451627e+00, -9.632456400632627e-01, 3.976059011115902e+00, -1.420566148588884e+00, -1.456943985641464e+00, 1.776851898703729e+01, 2.509578289483850e+01, 3.891870820904603e+00, 2.144545178326874e+00, 1.594090756375448e+01, -2.217834915672790e+01, 5.413421567630601e+01, -1.032192770742938e+01, 1.088752842567098e+01, -4.801900122287568e+01, -5.468475808839353e+01, 4.084916164474410e+01, -5.338293818002648e+00, 1.282644104591322e+00, -1.757057825115437e+01, 9.690348165105760e+01, -1.173024576445374e+02, 1.539449320833639e+02, -5.229947787211364e+01, 3.596824770841226e+00, -9.584118824630419e-01, -3.618677409765431e-01, 8.566751843056407e+01, 7.221210136115064e+01, -4.325581593562127e+03, 7.913031852055926e+02, -1.024959724494289e+03, 4.277270064060713e+02, 1.870968282606069e+03, -5.236082722194989e+02, 5.756378544342837e+02, 1.976572848319413e+03, -7.202846906954654e+04, -5.014010531463759e+04, 2.784431409154762e+04, -3.293678539452248e+04, 2.381146117597146e+04, -3.002274327425296e+04, -2.476596831499461e+04, -2.317181260800630e+04, 1.791287558357603e+04, 1.583251739184552e+04, 2.517461603146045e+04, -1.803009436809261e+04, 2.429820122137217e+04, -1.788918422091498e+04, 5.410521940062992e+01, -5.419466110564169e+02, 1.630403421742074e+02, -3.856324970046675e+02, 1.197552743954921e+02, 4.036302048104122e+02, -5.012824550913984e+02, 1.218651207462784e+02, 5.736957119065335e+02, 5.204881970385370e+02, 7.326083455551792e+03, -2.246593129407770e+03, -3.560475217794582e+03, 2.229093555394134e+03, -2.430425971750475e+03, -1.411301432656679e+03, -3.592363384997114e+02, -1.011864448197818e+02, 1.466337789235025e+03, -9.294214014576349e+02, -2.571583600802039e+03, 2.117897839287716e+03, -1.233365168838711e+03, 1.819476155251734e+03, -5.957484558956331e+00, 9.642739721314712e+01, -4.973354346800051e+01, 1.224629390467915e+02, 6.152683015382134e+01, -1.098844813665124e+01, 6.375800613184079e+01, 6.971771268346731e+01, 1.276468785096046e+01, -3.306326938495373e+00, -4.491904789452420e+01, 6.413915786458575e+02, -1.198286589496128e+02, -2.937197098680737e+02, 1.064839071788192e+02, 4.283836609583304e+01, -1.047511498481854e+02, -1.444753767394231e+01, -4.176405676701746e+02, 3.885064548035916e+02, 2.366822144396330e+02, 1.666031379203838e+02, -4.216386918027031e+02, -2.543663944027353e+01, -4.269099719419096e+00, -8.061768099048360e+00, 8.681972528398980e+00, 1.206091326842492e+01, -1.477009451221194e+00, -4.944980482039950e+00, -4.251902410346135e+00, -1.849459985572600e+00, 1.979867442328637e+00, 1.566202934141985e+00, 8.018155375440717e+00, -1.083992488908451e+01, 6.663849122266956e+00, 4.050094664723508e+00, 4.830038112047462e+00, 8.655262481552487e+00, 1.742382602640436e+00, 1.609929361077903e+00, 1.296935668343509e+01, 8.375461330233771e+00, -1.692856410642416e+00, -6.945676481063907e+00, 8.464080999894124e+00, 3.777932016311689e+00, 1.371302148074640e+00, -1.282775023311570e+00, -3.675328234992340e+00, -4.069257382306425e+00, -5.011923782397512e-01, 1.439964112674343e+00, -7.676184963012440e-02, -4.340741697281922e-01, -5.394251085606815e-01, -5.352129942781009e-01, 6.848105338107172e-02, 2.896991827510460e+00, -1.407978362064461e+00, 1.749744219092998e+00, -1.606304762667220e+00, -3.323366982505475e+00, -9.745332882455797e+00, -1.744405573789924e+00, -1.518065245526808e+00, -2.041694298138851e+00, -2.123845811613843e+00, 2.499726436456329e+00, 2.010064630275100e+00, -7.697813263813273e-01, 1.484559183061245e+00, 3.627577915211268e-02, -6.166579313192157e+00, -2.240212898890751e+00, -4.844546657494450e+00, 2.634046784610959e+00, 1.039813444188483e+00, 6.507575055146896e-01, 2.461569207283699e-01, -1.566616839193364e-01, -4.913441143407978e-03, 3.617373841247276e+00, -1.389190985441520e+00, 2.260782477022077e+00, -1.131718137522796e+00, 4.259965033199437e+00, -2.352094681767097e+00, 6.489686563743382e-01, -1.557417942107334e+00, -7.860270356057442e-02, -1.407157320837357e+00, -6.390265839563938e-03, -8.243780039605270e-01, 8.778712377467356e-01, 4.978158106300220e-01, 5.918531162192033e-01, 4.138952316529496e+00, -1.181517702013658e+01, 5.948734231901017e+00, 2.754023127403002e+00, -2.312217120131788e-01, 8.079381173532562e-01, -2.815266719978923e-01, 1.251732758283101e-01, -5.918226201245874e-01, -2.051321729447271e+00, -8.531123325586144e+00, -3.484201052247369e+00, -3.028089678467933e+00, -1.665710097928323e+00, -7.289305324494947e+00, -5.086164534272926e+00, -3.587227671801030e+00, -1.325011461719036e+00, -1.675999042426215e+00, 2.216297811674681e+00, 1.128950640696107e+00, 3.686683551589785e-02, -2.452235757249494e-01, -1.421192146646603e+00, 2.962807506410448e+00, -1.471174634402264e+00, -1.099875533187631e+01, 1.815716765830158e+00, -3.560123828651453e+00, -2.308794212113636e+00, -5.214316836286159e-01, -2.721203010371205e-01, 7.979648466198134e-01, -2.984750964566953e+00, -5.652146045330834e+00, 1.103152891953147e+01, -1.995774037439723e+00, 7.240568052307192e+00, 3.427396275972549e+01, 3.506539467781899e+01, -6.087077724206794e-01, 1.576585891543069e+00, -1.575434882427179e+01, 8.592959654980620e+00, -2.094772830570676e-01, 7.946813014863234e+00, 1.429238718928926e+00, -5.847350228181990e-01, 3.139963523825255e+00, 7.409910467408124e+00, -1.021898220930267e+01, 2.138317845059616e+01, 2.288336893601592e+00, 1.828083218992323e+00, -5.205847043794034e-01, -2.123771587135438e+00, 6.960611851079052e-02, 2.543347928792428e+00, 4.118536322155031e+00, 2.079692106315833e+01, -3.104507416303794e+01, -8.008799910692264e+00, -3.159383301598416e+01, 6.089666615739578e+01, 3.135363821122328e+00, 5.912352599852992e+00, -3.315269602520862e+01, -9.822885062179068e+00, -2.515599300903759e+01, 2.803926858987783e+00, -1.676089818345623e+00, -1.323153014268415e+00, -1.293369315098503e+01, -5.951022521142146e+01, 3.210470410105604e+01, -2.850116451969634e+01, 7.902532224315794e+00, 1.060182414873545e+00, 1.226203679942051e+01, 1.297950316962237e+01, -1.076787131215913e+02, 5.025204993494949e+03, 3.792085666810333e+03, -5.924161548115770e+01, 2.859818956116234e+03, -2.049029917357442e+03, -4.659921431455779e+02, -1.497433981203778e+03, -1.415614387386147e+03, -1.534966320000449e+03, 5.853249060791107e+03, 4.381695875871041e+02, -2.664847846059487e+03, 4.676332452557129e+01, -6.346767063528425e+03, -2.354304825743112e+03, -2.763997326668615e+03, -2.839815539146706e+01, 1.365570586956742e+03, -2.059147293262585e+03, 1.871173370940824e+03, 3.674669269315046e+03, -4.999176027583196e+02, 4.570112159441841e+03, -4.339562492613307e+00, 4.507943209260270e+02, 1.176226508392463e+02, -7.310280628022978e+02, 8.023800014363079e+01, -2.087214796346814e+02, 3.206386664505073e+02, -1.893665309704767e+01, -1.406083917069983e+01, -4.538712617360367e+01, -3.431381069233293e+03, -1.219618502366325e+02, 1.437207485094227e+03, -4.704760631358274e+02, 3.407362974955504e+02, 1.008535791331060e+03, 3.274646674260370e+02, 6.720220834904387e+02, 1.834960063053653e+02, -1.705153116447162e+02, 6.504484286173690e+01, 1.952309504784855e+02, -4.863391988911974e+02, 6.415435652125964e+01, 1.228979073668643e+00, -3.758926731231281e+00, 6.408168390909665e+01, 2.190613983709466e+01, 5.092502251284246e+00, 5.840327001207354e+00, 2.020118656985693e+01, 5.512869962393635e+00, -3.734067288921713e+00, 5.409117537030288e+00, -2.312342588305653e+01, 8.854449223831008e+01, 1.187973930236701e+00, -3.067177751017827e+01, -1.298144126706242e+01, -9.090565835572465e+01, 1.290202239768611e+00, -9.319913744999626e+01, -3.544081754431716e+01, -1.497630281377965e+02, 3.196436245662354e+01, -1.898371764652820e+01, 5.004174777811317e+01, 1.533916272651777e+01, 1.014997521005706e+00, 1.714140947596449e-01, 1.753841420097847e+00, 3.426100274456658e+00, -6.084860199961862e-01, 8.990573129043663e-01, -9.444191941515573e-01, 1.082702618892727e+00, 2.210845242143531e+00, -2.806408068047159e-01, -2.227863610747074e-01, -2.843296963078957e-01, 6.058585107980986e+00, -1.412945061216478e+00, -1.255195027302282e-01, 7.140398824340805e+00, -2.237161171826903e+01, -1.212082615377135e+01, -1.267520916630732e+01, 5.054141853254722e+00, 4.728503215198628e+00, -2.487376088445226e+00, -1.172540689196661e+01, 5.543307432006696e-01, 5.040716431030765e-01, 1.144511312543539e-01, 8.592773496833896e+00, 6.463934830626608e+00, 1.903981920264790e+00, -5.882145256608702e-01, -2.111220497733035e-01, 2.369460961519165e-02, 3.587863266925165e-01, 1.423869486958685e-02, -9.196866248563547e-02, -6.963806623648910e+00, 7.525459255920536e-01, -2.194043141528423e+00, 2.198498678003765e-01, 1.341934476149239e+01, -7.178026840883774e-01, -6.310736543226408e+00, -3.372079864172343e+00, 3.285015239410021e+00, 1.408510333952742e+01, 3.975874926598676e-02, 8.585478961340977e+00, 5.536696468607120e-01, 2.743977340071247e-01, 5.844185282454805e-02, -2.139776937932578e+00, -4.808012081974945e+00, -3.869561463828283e+00, -8.715223467034060e-01, 8.795624278008649e-01, -1.588936909574798e-01, 2.441784070751980e-02, -1.610051064828634e-02, -1.723356554369369e-01, 1.813401250200411e+00, -5.975343653071027e+00, 1.128402959146574e+00, 4.024879234352644e-01, -2.344385240359531e+01, -3.360307397297931e+01, 2.326308593970907e+00, 1.156030487129710e+01, 1.127114815027872e+00, 3.362026987689484e+00, 5.583846528637252e+00, -1.556106087050300e+00, -1.701959174997317e+00, -1.445735579926297e-02, 4.445910595580704e-02, -1.272831130190734e+00, -3.181740128862514e+00, 2.296694539195847e-01, -2.013665304192381e+00, -7.344439677881548e-01, 9.007279175618492e-01, -3.460483496863004e-01, -1.030397151622060e-01, -1.536059478458199e-01, 1.121371836946855e+00, -8.135359963249728e+00, 3.984141794267173e-02, -2.880570146331297e-02, 4.601736172204010e+01, -6.762967571073821e+01, -3.974199200839005e+00, 1.131193052839804e+01, -5.071277028808163e+00, -4.793895585588873e-01, -7.264694392649410e+00, 3.293300592384570e+00, -2.307706627274212e-01, -1.727651839712891e-01, 8.666564966951462e-02, -1.466824353457209e+01, -1.033738290877483e+00, -1.042390712076539e+00, -3.338812999331258e+00, -3.182945059387303e-01, -1.991750290128804e+00, -1.484474884199263e+00, 2.259881657193736e-01, 1.706429116082719e-01, 2.013929529585577e+01, 1.480900324380897e+00, 3.914546587783998e+00, 3.993454464371925e+00, -1.300606117610793e+01, 5.424314038641748e+01, -2.931915548737395e+01, -4.419407574888123e+00, 4.250619782105164e+01, 4.679483021624416e+01, -1.649405083542348e+01, -4.284238741125563e+01, 3.855550812531136e+00, 7.748762662942814e-02, -1.609261020722101e-03, 2.486566725387515e+01, -1.580486331765296e+01, -3.619054897933820e+01, 1.397737638089863e+01, -6.506166405058961e+00, 4.437965833080348e+00, 4.185971535414359e+00, -3.908074079224509e+00, 2.068011145638788e-01, -9.445680962624287e+00, 7.073672360964249e-01, 1.052509692010841e+01, -6.842994404602429e+00, -1.657817517363464e+02, -3.058234811728831e+02, -1.332191783124615e+02, 3.586477258574319e+01, 1.129041682842426e+01, -1.782453026518807e+02, -2.476957411265077e+01, 1.852402765972396e+01, 8.378592526766489e+01, 1.700737622319269e-01, 6.098111527098233e-01, 8.427128546296146e+01, -1.285074603895915e+01, 6.190983881691436e+01, 5.926962745220688e+00, 4.141118187308763e+01, 5.496366744071843e+01, 2.822167504457320e+01, 6.760244687746106e+00, -1.082029274376995e+00, -4.753796967323656e+03, 3.675452143297777e+04, 2.007022670949390e+04, 5.178008505287820e+04, 1.922259407361332e+04, -1.854442723466716e+04, -2.980026233080702e+04, -7.442001394956528e+03, -2.563035794332805e+04, -3.122014798068873e+04, 2.175351563351412e+05, 1.934193865941167e+04, -2.690755135956454e+05, 5.540082018084167e+04, -2.012362644711924e+05, 1.251437022460464e+05, 1.107549802391267e+05, 8.970481489848939e+04, -3.272349529586309e+05, -2.416184868252316e+05, -1.239665450531167e+05, 2.445895822710258e+05, -1.091857703483173e+05, 2.242578508144587e+05, -9.063187494755447e+02, 9.170744281994163e+03, 1.118359357770191e+04, -1.719661766118974e+04, 1.867396983638868e+03, 7.782747032052928e+02, -4.653126031681159e+03, 3.996138926472561e+02, -1.335621609143063e+03, 1.113630857369169e+03, 8.318528044335272e+04, -7.505063342032248e+04, -1.006922152941013e+04, 1.931771711427199e+04, 7.345423989478389e+03, -6.015609136167254e+04, -2.977454496887157e+03, -2.933649127869771e+04, -6.468361811081749e+04, -1.670920365399720e+04, -2.531278940817744e+04, -1.242459597839021e+04, -6.154847069791424e+03, -2.269736671338521e+04, -6.554774432412370e+01, -6.972480350641204e+02, 1.163587506559521e+03, -7.633274311683280e+02, -1.532158837598483e+02, -6.843060219389521e+02, 5.998808318423447e+02, 2.608706751165589e+02, -1.128391129006139e+02, -1.990822933435501e+02, -1.272562221131536e+03, -2.135513363162064e+03, -1.355726351182558e+03, 1.601584558353700e+03, -9.233283125260672e+02, 4.722557668807859e+02, 6.854892418195333e+02, -1.570181337544443e+03, -2.710275794397766e+03, -6.958439910636945e+02, -2.499957714469304e+03, -9.313479381956822e+02, -5.696201216442103e+01, -1.468653566186852e+03, 5.306340334001786e+01, -4.396781662952888e+01, -8.643971549364406e+01, 1.865569871499057e+02, 2.838015011422183e+01, 2.415165755729490e+01, -8.935868568644864e+01, -3.076603425034913e+01, 2.044381104830465e+01, 1.630269525935210e+01, 6.950286768136631e+01, 2.152167548333308e+02, 1.995615884348214e+02, 1.886531643105789e+01, -1.379484890270032e+01, 2.458035426637269e+02, -5.884139202222424e+01, -2.409806821148946e+02, -1.753128418738918e+02, 1.170314589039221e+02, 2.877734985495446e+01, 4.502307781756941e+01, -6.854285448987053e+00, 3.225536388170711e+01, 6.426304142152020e+00, -9.257140927634744e-01, -9.731846226294007e+01, -9.516450797575420e+01, -1.306049737935996e+01, -8.589402985097293e-01, 1.653537821834145e+01, -4.850563386891548e+00, -1.410429708763607e+01, -1.395201728541827e+00, -5.968052066295034e+00, 6.068655223105628e+01, -4.758593184996763e+01, -3.042916548418504e+00, -3.493446351953905e+00, 6.360841273796802e+01, 9.216976201617153e+01, 4.836970055698229e+01, 7.216557608589643e+01, -2.977596031192886e+01, 9.141525974734252e+00, -1.792948780425280e+01, 5.062843684964458e+00, -6.587109755491085e+00, 9.445320799232656e+00, -5.268764969367285e+00, 1.334595308700116e+02, -1.063476569739245e+02, 2.188330289895454e+01, 2.120649037370659e+01, -1.693629915665048e+01, -9.685333893462810e-03, 4.773132433546285e+00, -3.570430268761348e+00, 3.915567507484937e+00, -8.765100303380869e+01, -5.257378160999922e+01, -4.078691049502712e+00, -7.561217916705764e+00, -7.332307974479960e+01, -1.122801829346176e+02, -1.083237031760880e+02, 3.921530976538030e+01, -4.019891246531075e+01, -2.897403930265343e+01, 1.108833763389076e+01, 4.722308090520429e+01, 4.517021272853297e+00, 2.604687263547462e+01, -2.908031882285595e+01, -5.766167860329787e+01, 1.863026134517400e+02, -7.867766526721667e+01, -5.363460063158503e+00, -2.775848301614730e+00, -6.625084252601551e+00, 4.425926090484658e+00, 6.271871345587066e+00, 8.949664152964603e+00, 5.774477495408646e+01, 1.230549893487645e+02, 5.961292052779058e+01, -4.939366749633170e+00, -1.230010887429511e+02, -3.586920196605269e+01, -1.083390593074680e+02, 8.234778776393502e+01, 1.037624364095785e+02, 1.718773884563792e+02, -5.622943301461332e+01, -4.240842092524325e+01, -8.951012197972974e+00, 1.319185770049562e+01, -2.478602126972903e+01, -7.020598095410043e+01, -7.575512036834463e+01, -4.562687609853413e+01, -6.042062029991972e+00, -1.476905827636137e+01, -5.334801250563495e+00, -5.806240986020262e+00, -8.166226254502709e+00, 1.576099161230440e+01, 7.240326670229129e+01, -6.675234573008747e+01, 5.739469575712132e+00, 3.408035391687633e+01, 2.288447125997174e+02, 7.334031824680802e+01, 3.234947387345269e+02, 1.578920780387995e+02, -7.246864964644122e+00, -2.966373311713116e+02, 1.779206506170474e+02, -1.251185834826626e+02, -2.964759646561826e+01, 5.196014305364356e+01, -7.807498260077342e+01, 6.092766270621062e+01, -4.592488364415751e+02, 2.133481426098957e+02, -3.409970076530107e+01, -2.750615370782030e+00, -3.874488240530995e+01, -2.424734477563002e+01, -3.598087825599812e+01, 2.445708775626568e+01, 1.552494633975624e+02, -1.010411052832565e+03, -1.741817822286219e+02, -1.562374670573843e+02, -7.054730305212175e+02, -2.439824194845831e+02, 2.735453198990021e+02, -1.245986346229438e+02, 5.173749203221312e+02, 6.542819925373142e+02, 2.117310471753528e+02, -1.471286590618429e+02, -2.143638228898527e+02, -5.010224344574186e+01, 8.427125926016001e+01, -9.913513771957843e+02, 2.882974850272885e+02, -1.023757914779687e+03, -2.967905881857172e+02, -4.858353557312127e+02, 1.210176514717300e+02, -2.096847070837340e+02, -7.644661594264421e+00, -6.003730446518254e+01, 1.019395079305492e+03, 1.171203838871894e+02, 2.813816929405116e+04, 7.553729007929188e+04, 4.176239204233242e+04, 3.758304990986810e+04, -2.727602048852333e+04, -9.984352935009407e+03, -4.848294584602971e+04, -2.484251804407078e+04, -6.617569441472072e+03, 1.696126730066417e+06, 9.689861627764129e+05, -7.798614836871310e+05, 5.191866836586739e+05, -5.020722193169663e+05, 7.296223427895937e+05, 5.483172554865970e+05, 4.326426821288224e+05, -7.202299826732043e+05, -4.837232268956190e+05, -4.766750624162742e+05, 4.655354506007950e+05, -3.915893782303417e+05, 4.142954037782997e+05, -4.994791110163830e+02, -1.684991168135414e+03, 5.108086720574907e+03, -8.787520550727106e+03, -9.957433843951310e+02, -2.098883189317082e+03, 4.323167213178355e+02, 1.177127015616574e+03, 5.530347834729540e+03, -9.437026245733616e+02, -9.674191610910105e+04, 3.802092262695393e+04, 3.198295501627550e+04, -9.745355151309437e+02, 1.452774918233995e+04, 3.975259564877173e+04, 1.460211102957204e+04, 2.712801947936442e+04, 6.457742710719894e+04, 1.479861049453189e+04, -7.148071939980412e+03, 1.496996591920891e+03, -1.896509315782135e+04, 6.842114412298598e+03, -1.035495386362156e+02, 1.807591242700379e+02, -5.758536994778198e+02, -8.453014127630039e+02, 6.821402712160367e+02, 8.375031033315349e+01, -1.882155284997420e+02, -2.001799685611336e+01, 3.409896233819999e+01, 2.067441772095655e+02, 4.245803188456807e+02, 2.917189098498701e+03, -2.862550358253890e+02, -5.780491099631832e+02, -5.521380923773169e+02, 2.853021660648395e+03, -2.265826826461539e+03, -7.481256453527541e+02, -3.087762198974973e+03, 3.295789628826856e+02, -3.068227324098363e+03, 5.871724918982270e+02, 7.417410544404858e+02, 6.266086941293366e+02, 9.096038782869114e+00, -3.527149352322291e+01, -5.380616042580095e+01, 2.867762377643253e+01, -6.384079867160609e+01, -1.792836099163792e+01, 8.517164233910458e+00, -2.286244706900307e+01, -2.785450691086657e+01, -1.048383020670497e+01, 3.674672538319680e+01, -8.481067134348764e+01, 9.152627475915928e+01, 4.779090297193873e+01, -5.849491374671308e+01, -2.285197823704727e+01, 3.201843942145303e+02, 2.071896075130963e+02, -2.021050177092766e+01, -2.846720403820066e+02, 2.054935181987045e+02, -8.422383030488395e+01, 1.281180145493078e+02, -8.916366530826635e+01, -1.493147441972254e+00, -4.542327291285111e+00, -4.425363278779434e+01, 1.018342966291618e+01, -2.089284430696787e+01, 1.083056515626117e+01, -4.125565298604547e+00, 9.479753045351957e+00, 1.200124062119533e+01, 5.783673057369431e+00, 5.346117791466933e+00, 2.965714280410932e+01, 6.210195028907361e+00, 1.301594354335525e+01, -1.127548487391840e+00, -1.132909362259111e+02, -3.774036682847440e+01, -5.931745519289228e+01, 1.920252791514209e+01, 4.181750545971033e+01, -7.132981509407942e+01, -7.512196764463105e+00, -1.041206229607284e+01, 5.580823619619069e+00, -6.670148286681747e-02, -7.134013590366574e+00, 8.036100104239210e+01, 1.057489161304957e+01, -4.881958116001669e+01, -1.469065321877671e+01, -3.399057183053673e+00, -1.598312088960423e+01, -5.583573536717072e+00, -3.833565409892747e+00, -5.286863690641238e-02, -5.133596261952748e+01, 8.112830646755977e+00, 2.575204703700971e+01, 1.763586303340566e+01, -7.920985927243112e+01, -7.580329177536321e+01, -4.832617127855099e+01, -2.165012557908533e+01, 8.269077008265857e+01, 2.090090982297698e+01, -2.186426378253778e+01, -6.447576417606925e+01, -2.956696198729921e+00, 1.931355356387528e+01, 1.377081564849496e+01, 1.052525624499550e+02, -3.485682319853283e+01, 2.794716359992033e+01, 5.701941109700515e+01, 1.879972236196587e+01, 4.115074985798434e-01, -9.628280091526492e-01, 2.947255990913986e-01, -1.482924211071189e+00, -1.044784520457574e+02, 1.254746906137379e+01, -4.028717709611789e+01, -4.509838299350741e+01, -1.251663835738766e+02, 1.920047923839780e+02, 1.525909497978587e+01, 9.852446605721346e+00, -5.354202170884502e+01, -9.026942261630728e+01, 4.274000715965028e+01, 2.058124097836216e-01, -5.656566011892543e-01, 2.037765218599109e+01, 2.378000640325396e+00, -1.109855725221176e+02, 1.882558364221884e+02, -1.347450230925978e+02, 1.501150661381924e+01, 2.281632636227280e+01, 3.813211831111220e+01, 1.084438971820140e+01, 2.576836749510262e+00, -1.142099643100378e+01, 4.928451379950857e+01, 1.896137962671875e+02, 8.953282441469463e+01, -1.445916362074382e+01, 9.965214881319902e+01, 2.488517752971310e+02, 2.097871071202230e+02, -3.482381868543940e+00, -1.652994311554923e+02, -9.044750599908933e+01, -1.027799979312816e+02, 2.210842819386080e+01, 4.296105995100740e+01, 1.428157699773338e+01, -1.253627529604189e+01, 1.791011919650478e+02, -6.359913701413516e+00, 6.484894227509136e+00, 1.097461796650795e+02, 1.239626994119405e+00, -3.504159012097688e+01, -3.731457666065583e+01, -6.506248321183649e+01, 2.692120385084888e+01, -4.450341014779069e+02, -4.501258299791062e+01, -5.633609402426916e+01, 1.082779537821730e+02, 6.673146933007794e+02, 8.577866968068258e+02, -3.521119858204147e+01, -1.213779569624870e+02, 2.983037278262755e+02, 3.471935157109261e+02, 4.469779468912409e+02, 2.600264036397698e+02, 2.736684402360267e+00, 7.182741961313611e+00, 1.285073662173920e+01, -2.882980080910865e+02, -9.749594483476967e+02, -4.784440245365644e+02, -7.957754103062568e+02, -1.623022083039571e+02, -2.474108445675299e+02, -3.505146339248203e+02, -1.560953995405897e+02, -1.115341181795064e+02, 4.397454242000509e+02, -1.624075610611005e+03, 2.238476414489527e+03, -2.495872652977847e+04, 4.326031261746749e+04, -1.464601263179085e+04, -7.942415348519488e+02, -1.062970571155175e+04, -4.815153134443009e+03, -1.072607300837329e+04, 1.232679366879557e+04, -8.316547066580455e+03, 3.491589739581387e+05, 9.150224908984860e+04, -6.536848300051718e+04, 1.167975069084033e+05, -6.014899150644922e+04, -1.611420824386125e+04, 1.391117719559220e+04, 2.067940301026879e+04, 2.167028255229046e+04, 4.825571695880109e+02, -5.334858678746841e+04, -1.271952212099551e+02, -4.626927957984716e+04, 1.574953333676104e+02, -2.321054603579926e+02, 1.074023073387494e+04, 9.268635434411470e+03, -1.148966864647128e+04, -2.903588859637030e+02, -1.046989840016909e+04, 3.687872774302717e+03, -1.542102294369194e+01, -6.159986202714023e+02, -3.279931201617087e+03, -6.831177934509846e+04, 2.487733276328692e+04, 2.677719106961157e+04, -3.965899072019732e+04, 5.101187556970582e+02, 3.567317669300018e+04, -6.430710343922385e+03, 6.541058276138393e+03, 1.080547121968637e+04, 8.619101370783305e+02, 3.367334725682420e+04, 3.093054592425739e+03, 2.713484589792693e+04, 1.724841541532590e+04, -8.229449381362164e+01, 2.469035783550920e+02, 2.692468625719901e+02, -9.745878312501743e+02, -9.044685763356281e+02, -6.625601261438341e+02, -9.849094344981435e+01, 1.152739095333467e+02, -4.522929747782105e+01, 6.579427005816605e+01, 2.917373586580583e+02, -3.264884899044974e+03, -3.809977614128924e+03, 1.691992768814063e+03, -6.612567785901521e+02, 1.787014538224714e+03, 2.199131034141204e+03, -2.949871314821994e+03, -3.980921136336801e+03, 2.725861065155074e+03, 1.520287712939245e+03, -2.730597008790317e+03, -1.622573850043956e+03, 6.611676184209248e+02, 6.061432998864520e+00, -7.562530409308472e+01, -1.092063029419140e+02, -1.533808348912676e+02, 9.092404611127719e+01, -9.806360231972805e+00, -2.194829033289636e+01, -6.113417031146654e+01, -2.611806910679913e+01, -2.696195129400045e+01, 1.096732388977324e+01, -2.938419569653093e+01, -4.406682018682800e+01, -3.802710895745319e+01, 4.540515948290164e+01, 2.973711156995099e+02, 4.071671361620200e+02, 1.043639863959444e+02, -1.026282630971876e+01, -1.293489872959094e+02, -1.909949203852779e+02, 5.053952668750637e+01, 1.844972385625534e+02, -1.806298632300662e+01, 1.866657023693810e+01, -4.105490277085310e+00, -1.753819481967745e+02, -5.278672758443896e+01, -6.427227893832988e+01, -3.712960456260106e+01, -6.916664787696192e-01, -1.431146299457038e-01, -6.761621373690326e-01, 1.184345034196258e+00, 4.009233596671616e+00, 1.654874907999966e+02, -9.257329685096198e+01, 3.843204555536017e+01, 4.078794459423436e+01, 1.451539229162650e+02, 7.953459298081026e+01, 1.120291021983552e+02, -5.180202582888960e+01, -6.400622078051002e+00, -1.520614678485037e+01, -7.871231035268554e-01, -2.373084433495842e+01, 2.236597924283924e+01, -2.449076004220244e+00, -2.752959281346060e-01, 4.959288119569214e+01, -3.361700536994699e+01, 1.929273108634283e+01, 1.622964957349414e+00, 5.778235526189565e+00, 4.721328036292875e+00, 2.580700134197202e+00, -4.242942650799701e+00, 4.172056433902996e+00, -2.876111655270677e+01, -1.841254063977089e+01, -3.860450982265594e+01, 1.186603981976049e+01, 1.947007170093490e+00, 5.330842549922504e+00, 6.655411290358587e+01, -4.670933328894629e+01, -5.879060879142923e+01, 8.068077720419390e+01, 8.246099945539864e+00, 2.852795834363216e+01, -9.656612486358384e-01, 3.592285759421944e+01, -6.375799378085699e-01, -1.279692228313589e+02, 5.151787172384956e+01, -8.359898008182795e+01, -2.855614860660365e+01, 1.832623395457408e+01, -1.725222765605587e+01, 7.686778679238366e-01, 4.724533066703882e+00, -8.616352786253939e+00, 8.158654680465139e+01, 5.652407213248541e+01, 3.925695672887251e+01, 1.468084105939264e+01, 1.163321498883868e+02, -3.038901441982871e+01, 1.302781844727222e+02, -2.290856257393746e+01, -1.181710732417085e+01, -5.712943942627992e+01, 2.311387369295126e+01, -1.610000715098225e+00, -1.291281264657619e+01, -6.965598745016512e-01, -9.166726699346045e+00, -6.067364371333846e+01, -6.267534357464402e+01, -5.078620977820901e+00, 3.466618791073790e+01, -2.511477198512616e+01, 3.003243549729604e+01, -6.072866049263715e+00, -2.570312269208724e+01, 6.018468906046766e+00, -1.156609136091969e+01, -2.168103873321711e+01, 7.922406625126913e+00, -1.814646652250828e+01, 2.492562595160343e+02, 4.744837394771868e+02, 1.796430239000793e+01, 8.851585590931387e+01, -1.452575662799393e+01, 1.738646906313718e+02, -5.384081799914476e+01, 2.303552730039681e+00, -1.918713769575214e+01, -9.631064164380250e+00, 4.616271171730453e+01, 4.648057892179981e+01, 9.274066487551681e+01, 1.845852957965729e+02, 1.946529385389998e+02, 4.830861905245017e+00, -2.383052131746416e+01, 7.301646503710602e+01, -7.869281002957926e+00, -1.913870443704468e+00, 5.850550216029298e+01, 8.965937435783256e+01, -4.238751229015677e+02, -8.932505219896599e+01, -4.414132092782543e+02, -6.181457911924006e+02, 3.700220108224879e+02, -3.498087346479061e+02, -5.869412460956209e+01, -3.754393626222552e+02, 3.159899126950305e+02, -1.542827329495099e+02, 1.339319517862444e+02, -9.915989532315646e+00, 6.190983959110870e+01, -1.023757192697882e+03, 4.784433804077531e+02, -1.358649212807313e+03, 5.855309808421180e+02, 2.066753028144411e+02, 1.288498528791157e+02, -3.234232216512524e+02, -8.143506942999993e+01, -1.355796734149042e+02, 2.521381720378810e+03, 1.525710736455806e+03, 1.494228989980461e+03, -1.446342278212773e+03, -8.120077766151543e+04, 2.503848021567403e+04, -4.455911230031767e+03, -1.635706289679516e+04, -1.089185354303388e+02, 5.657240730519799e+03, 4.491857657525170e+03, -1.384343072895381e+03, 6.871513424801067e+03, -1.091245861731559e+06, -1.007183368753537e+05, 3.375368690399236e+05, -2.834151093669144e+05, 2.259610608886552e+05, 4.484400416815928e+04, -6.480112474602115e+04, -4.671902816991846e+04, 1.645212329691488e+05, 1.246340076879172e+05, 1.654933693564446e+05, -1.254514567319992e+05, 1.402626629589307e+05, -9.721347288451735e+04, -6.564942829847017e+02, 3.220050332432771e+03, 1.918205230745543e+03, -4.853644942508186e+03, -1.269464993469020e+03, -1.204864362034825e+03, 1.646493127167564e+03, 1.469987712012235e+03, -8.870314381293445e+02, 1.955986857686890e+03, -2.657487662122136e+03, 2.883655131310174e+04, -5.786635129574207e+03, 1.886145531185226e+03, 1.334935173842645e+03, 1.211147219432319e+04, 9.565890601201711e+03, 1.050911219337390e+04, 1.102845859855967e+01, 1.650075870359074e+03, -1.188260473971972e+04, 4.594898404844310e+03, -6.577326267185391e+03, 2.142266253726817e+03, -4.921528841861175e+01, 3.160747931895658e+02, -1.058998738639839e+03, 1.287303913382430e+02, 3.622002290047474e+02, -3.098385002178213e+02, 9.258541617711707e+01, -6.594671372805067e+01, -1.008317087311944e+01, -6.904885027449298e+00, 5.166472542974825e+02, -2.268558032407177e+03, -6.875175883535289e+02, -3.251344920072482e+02, 5.153881891149611e+02, 1.068293075555468e+03, 1.523817111955339e+03, 1.940202329670793e+03, -1.475847559968369e+03, 5.410703682065329e+02, 2.649977513487924e+03, 6.011039105725442e+02, -7.411850519855063e+02, -7.447225731919817e+02, 1.196937862295021e+01, 9.971917505519944e+00, -4.107872653417885e+02, 2.440077868672053e+02, -7.817012140196853e+00, -2.222127117975535e+00, -1.546882687229946e+01, 9.540382697242716e+00, 5.198375602933448e+00, -4.375408100217323e-01, 5.387461021399550e+00, 5.408724694311443e+02, 3.480910437549358e+02, -4.885683821116130e+01, 2.684420356316747e+01, 2.627239527698379e+02, 4.485522902464138e+02, 8.658517040713895e+01, 1.155497034663556e+02, 6.374206237924079e+01, 6.466918781653006e+00, -5.848244571560307e+01, 3.480856625394628e+01, 2.628729474725652e+01, -2.197811988016525e+00, -7.479999715855312e+00, 8.157900374361869e+01, -1.175216721086792e+02, 3.625745554410986e+01, -6.634457475185008e+00, 9.381741084365692e-01, -3.822316117570268e+00, -6.969333691314250e-02, -1.764487386534687e+00, -2.632091400214106e+00, -1.863183478784595e+01, -9.158156161657928e+01, -1.688474734409560e+01, -4.812628434849173e-03, 2.553304378585075e+01, -7.505701823781469e+01, -5.353336311897937e+00, 2.076514845798694e+00, 7.337126710441301e-01, -4.335255420033789e+00, 1.400134842811864e+01, 2.203160453621457e+01, -1.686014410157301e+00, -3.779578203738584e+00, -4.421189624269624e+00, -9.103200499610166e+01, -4.595240469876799e+01, -3.550269332492567e+01, 1.265302274967568e+01, -8.655818771909574e+00, -6.047115319675194e+00, -5.478436653320035e+00, -2.615618043512535e+00, -1.544827211653008e+00, 4.722461610602056e+01, -3.073084461780577e+01, 3.013979440729276e+01, -8.877825044401268e+00, 6.238420845288034e+01, 1.184522631033540e+02, 8.133922191166175e+01, -2.754561413355319e+01, -3.345885335627919e+01, -1.261211912948384e+02, 2.842641554254241e+01, 2.278831882233386e+01, 6.348542738636752e-01, 3.601840955090997e+00, -1.304515056500859e+00, 4.807689625847657e+01, -7.958639442891659e+01, 9.782176009571671e+00, 2.146057007879948e+01, -2.532284679750104e+00, 5.931105762091359e+00, -6.134581987887417e+00, -2.325426985603502e+00, -1.477172206268279e+00, -2.566841822983530e+01, -7.571057840417383e+01, 2.312411015146147e+00, -2.650222590205412e+01, 5.625184244678862e+01, 7.892343057604613e+01, 6.912627835011648e+01, -1.481088925121628e+01, -4.397204733037187e+01, 1.923022157606258e+00, -4.478964703291163e+01, 4.247663026581785e+00, -3.191342793311337e+00, -7.296042772110217e+00, 4.438845839255150e+00, 6.275341606516302e+01, -2.667405456519865e+01, -8.802838401344101e+01, -3.370018412042864e+01, 7.016059800152629e+00, 4.812007579450955e+00, -9.765757574377107e+00, -1.081401328948293e+01, -2.921992792531168e+00, -4.613406565827352e+00, -3.930181976912265e+01, 9.958520837907984e+01, 5.661346175446072e+01, -1.036531839653378e+02, 4.082075930631132e+01, -1.530576869380550e+02, 7.354170988136249e+01, -1.476054351314550e+02, 1.319700948869183e+01, 1.572139318803755e+02, 6.080574310068424e+01, -2.507506667554349e+01, -6.770744292805473e+00, 2.489325803194162e+00, 1.218252822155709e+02, 1.228902303113786e+02, 5.661806826311341e+01, 2.452617143431278e+01, -1.144002962816910e+01, 1.368032994958763e+01, 1.429695709627205e-01, 1.722038456681862e+01, 1.211325932117941e+01, -2.735976919523040e+02, -8.495758940538131e+01, -1.555599120585620e+02, 4.248814414773148e+01, 8.735978584883242e+01, 1.364169402693385e+03, 9.830328763155045e+02, -1.151681347645766e+02, 5.001184510763040e+02, -6.420657820807422e+02, -1.630795499341854e+02, 2.959668343987425e+02, -1.898657412021863e+01, 5.777926404657072e+00, 5.926957407406214e+00, -2.967908540473841e+02, 7.957748785053038e+02, 5.855309611168370e+02, 2.849621917532634e+02, 1.671815048786420e+02, 1.034054272580044e+02, 8.935913403156692e+01, 8.357462496274285e+01, 2.026758981374373e+01, 1.105287102450316e+03, 2.122584430555185e+03, -1.413414962010806e+03, -4.391825737822531e+02, 9.015773658758863e+04, 8.764248632562496e+06, -6.071438927540270e+05, -1.783621694248684e+06, 1.395925033946472e+06, -9.638933447623014e+05, 4.700250337048615e+05, -5.063194983449687e+05, 4.948529253198205e+05, -5.505315171477313e+05, 2.618120991186135e+07, 1.770646487552483e+07, 2.439828318856193e+06, 9.953440667778246e+06, -6.719170617356796e+06, 6.029187385237242e+06, 3.886604984566693e+06, 7.370905816451189e+06, 1.005243118655143e+07, 2.972793736201612e+06, -3.577868017408377e+06, 8.325784094979984e+05, -6.470112740315085e+06, 4.986376111492266e+06, -5.743521255470779e+03, -7.873236048535569e+04, -2.037136872189132e+05, 1.554257344732647e+05, 1.087258592535904e+05, -4.112631004722849e+04, 7.296924068439163e+04, 9.499518141773877e+03, 3.644542820765712e+04, -1.722798103684119e+03, -8.496740965411128e+05, -1.441851586467586e+06, -5.285205154313662e+05, -1.044916860586326e+06, -3.943088375093259e+05, 5.004885808932722e+05, -1.477648597234065e+05, -2.434030464609202e+05, -3.290219298844485e+04, -5.616763904338651e+04, -5.757184413017732e+05, -2.932045121199507e+05, 6.325436590175848e+05, 8.731248550882245e+05, 6.094665778164440e+01, -3.440229892633427e+03, 3.903392354504116e+03, -6.671170641592630e+02, 7.381917257976757e+03, -3.147877868332551e+03, 2.451261929311833e+03, 3.447946743814056e+03, 2.066667207354954e+03, 1.567731447607166e+03, 1.705469894391340e+04, 1.757130709752124e+04, -1.876447667901685e+04, 3.663372878674393e+02, 5.534859750586650e+03, -1.233172960200412e+03, 9.006461111009809e+03, 1.820232582345655e+04, -4.576619325759429e+03, -4.789600535230949e+03, 2.180656045168796e+04, -6.976876258367569e+03, 6.368017297699767e+03, -8.800243732785619e+03, 8.378428686444819e+02, -7.407531925525795e+02, -7.100284870625115e+02, -4.827779369120307e+02, 1.154779509636320e+02, 4.360605854291721e+02, -1.665858919365162e+02, -2.039334475328806e+02, -1.596998423896430e+02, -8.496646010359410e+01, 1.476239126567225e+02, 1.011760613425835e+03, -3.087162805667252e+02, -4.405115192882431e+02, -4.706826813868580e+02, 1.138672639766141e+03, -9.214201284622343e+02, -5.504573193019759e+02, -2.863865778839719e+02, -4.197840951306530e+02, 1.065889700232627e+02, 4.240164175886500e+02, 1.878235646600936e+02, 1.781199174523056e+00, -2.802724777698502e+02, 3.098954707281831e+02, 2.776401601721109e+02, -2.179584963680452e+01, -7.191885055357389e+01, -3.223176165301290e+01, 2.832846552373637e+01, 2.598572847345539e+01, 3.064938771886370e+01, 1.488442024016272e+01, -6.253085289107055e+01, -2.299584270053145e+02, 1.551419987719211e+01, 1.730613482562124e+00, 1.831520529778727e+01, -3.637671627708117e+02, -6.418281278676520e+01, -7.510433362224664e+01, 7.356348277963572e+01, -2.152364349140681e+01, -3.867337303127815e+01, -5.880557302287227e+01, -3.889500184144120e+01, -1.493115076486863e+01, 1.695413925498740e+02, -4.550345392721229e+01, 2.093803317818985e+02, 1.839890972631062e+02, -1.017241088904198e+02, -1.149618352920428e+02, -1.698971557068506e+01, -1.644376610753910e+01, -1.193381441590926e+01, -2.846922398752742e+00, 7.760006093358503e+00, -1.399511938729713e+02, 5.067238333226527e+01, 8.528531744947264e+01, 6.003943134502847e+01, -3.081506365219535e+02, -1.241384204059197e+02, -1.568565817178217e+02, 2.240054072470956e+01, 1.261318110363195e+02, 3.557548505586726e+01, -8.667860960707145e+01, -1.407974585162088e+02, -3.984549294493198e+01, -8.289464202693048e+01, 2.031405178291577e+02, 2.130691687024470e+01, -3.199596332476788e+02, 6.790197356296144e+01, -9.947395254881440e+01, -1.157119011536817e+01, -1.156257417084478e+01, 2.089740022320207e+01, -3.121162900705226e+00, -5.202357882012002e+01, -3.282614823212074e+01, -2.482063449636214e+02, -4.688452893403888e+01, 8.503024513271809e+01, 1.191376732205324e+02, -1.361213444798058e+02, -3.274285520186381e+00, -7.343256244510545e+01, -7.354649129172205e+01, 2.589616526639566e+02, -7.328588893134365e+01, 5.218374695507274e+01, -2.055384816893695e+01, 2.291629428847530e+02, -2.503594358574022e+01, 1.985747459579677e+02, 1.461695232600194e+02, 2.253088194837468e+01, 2.000917468285761e+01, 2.996722264602125e+01, 5.173364050453984e+01, -2.530121460685472e+01, 4.156149597635599e+01, 2.613518969639560e+00, -1.985977906958668e+02, 1.327120821077127e+02, -1.735691496076497e+02, -4.620301495401402e+01, 1.678315955633435e+02, -2.892266735149366e+02, -2.022195098745877e+02, 3.434497394198305e+02, 1.818449365502690e+02, -2.647902750276720e+02, -1.108449645010278e+01, -4.302227721262360e+02, -1.601343177648115e+02, -2.956893140170782e+02, 3.856254178995540e+02, 1.929001164608004e+02, 2.985759444673827e-01, 4.308113697383542e+02, -2.053332163085448e+02, 8.465100867148564e+01, -6.198444920009880e+01, 7.010294031396090e+01, 3.015552328785894e+01, -1.411748079679086e+02, -1.023112282844153e+02, -1.497253067267791e+02, -1.592776204802350e+02, 2.040387544427379e+02, -1.792160579469166e+03, 2.809391293361170e+02, -1.029807523544356e+03, -5.464056599890639e+02, -2.389693563616696e+02, 7.445701728665148e+02, 1.605665578891350e+02, -4.371336990557774e+01, -8.705124666542390e+01, 5.300855597494830e+02, -3.456367707078066e+02, 1.123738008939092e+03, -1.439720417705317e+03, -5.071382906260628e+02, -3.723615322480254e+02, 1.812445279238088e+01, 2.234231904059033e+02, -7.925367936492030e+01, -2.923605510897196e+02, 1.609415205128023e+02, -3.883223335004124e+03, -4.602688000808759e+03, 1.066252513098844e+03, -1.189050849023940e+02, 7.937597442288908e+02, -1.268826401437935e+05, 2.964744230443342e+05, -1.346433789609688e+06, -7.972650998400399e+04, -2.647967212242137e+05, 6.941556439092020e+05, -3.285862912253696e+05, 4.195697460411736e+05, 1.134496454951693e+06, -2.895952734795322e+05, 8.079204166337539e+06, 4.127689337048529e+06, -5.102832254095176e+06, 5.972673549647534e+06, 3.084890576370144e+03, 3.648481909134242e+06, 4.568041889931708e+06, 2.118929029183665e+06, -5.438902308373330e+06, -2.035299268287834e+06, -5.828108512492117e+06, 3.207540367186699e+05, -3.529034565936158e+06, -1.397205379043410e+06, 2.981562381183372e+04, 4.308328920040976e+05, 3.259028010793247e+05, -2.848678926057930e+05, 2.313450177698888e+05, 7.493449568031919e+04, 1.069068575321476e+05, 8.247553685321195e+04, 1.804984879491991e+04, 5.878692482519760e+04, 5.491026400077946e+05, -2.356071300817424e+05, 4.319299543117693e+05, -3.531985760974805e+05, -2.475167741236483e+05, -4.191909363406808e+05, -2.538351641192870e+05, -4.063793119192831e+05, -2.819191653444065e+06, -7.892640928864158e+05, 9.259919676919191e+05, -5.420124289930178e+05, 4.565524292791676e+05, 5.865381368352830e+05, 7.413261911596417e+03, -1.528969450285790e+04, -3.417598636149680e+04, -2.007310728978083e+04, -3.939832828395964e+03, 3.740830020409705e+02, -4.605832430827678e+03, -4.018970186703750e+03, -1.167829521958624e+03, -2.421366024621063e+03, -1.343848101610976e+04, 5.519454175644024e+04, -1.203971248936634e+04, -1.576326039359537e+03, 8.097118378151251e+03, 3.101996341517310e+04, 9.848772871168825e+03, -3.602873414556064e+04, -2.094513271142812e+04, 7.608973332734353e+03, -6.978990317246664e+03, 2.529313958890406e+04, -2.285928231805100e+03, 6.816240207171021e+03, 1.476975344867665e+03, -1.702528568519419e+03, -1.282369297373780e+03, -1.272703699651892e+03, -1.233038419636152e+03, 8.891625348574648e+02, 5.924138564397820e+02, 2.681764145605055e+02, 7.199815802740457e+01, 1.439763230359606e+02, 6.426118849569972e+02, 1.291494401574760e+03, -7.450702018037894e+02, 3.657042311749922e+02, -3.673277513087766e+02, 2.063101566580777e+03, 1.619034152576805e+03, 1.167458569122060e+03, -1.157042906034211e+02, -5.274474074993000e+02, 3.753541882842168e+02, -2.612796679050751e+02, 3.381218884575719e+02, -1.325003196303474e+02, -3.941064056239726e+02, 1.330744488285025e+02, -7.430846830751240e+01, -2.061449726416404e+02, -1.437654981441462e+02, 2.783580027798291e+01, 1.415015992818221e+01, 4.583676755931184e+01, 2.286729024401055e+01, -1.023176733434523e+01, -4.353433339661602e+01, -2.318490330448212e+01, -1.712704511904717e+02, 4.832969418394186e+01, -4.374945887959232e+01, 2.917495010571189e+02, 7.712449787980961e+01, -8.250349685020211e+00, -8.340037580654557e+01, -6.697687362079624e+01, -3.015003758142493e+01, 1.636362751231937e+00, -5.052068805322952e+01, -1.390539568878483e+01, 9.434401447616813e+01, -2.081924433215849e+01, 2.532951059984337e+02, 1.674556078289131e+02, 1.695434644364465e+02, -3.896879731240229e+01, -7.083022129212944e+01, -4.347809143860982e+01, -6.086571431590293e+00, 8.570759441800284e+00, 1.982239740020263e+01, -1.479081886837031e+02, 1.707029890105793e+02, -6.864932518052460e+01, -1.294297369919889e+01, -6.386072267504291e+01, 1.957142780761889e+02, -3.687974445399566e+02, -1.736124997882375e+02, -2.461948305971792e+02, 2.230291443352467e+02, 9.549155685006698e+01, -1.772268277488082e+01, -2.506388176078134e-01, 3.623301058020345e+01, -2.240270448350694e+01, 2.220511901796670e+01, -3.188084901785534e+02, 5.955477563138199e+01, -8.865734900376327e+01, 4.424266789684048e+00, -1.835607478630705e+01, -7.661290144226305e+00, 4.540181030075247e+00, 8.414513583857575e+00, -3.270507376345999e+01, -2.859525792819277e+02, -5.686856768072658e+01, -6.437746262285614e+00, 1.851817011255105e+01, -1.777949610943069e+02, -2.805192170917298e+02, -4.126779385350426e+01, -1.460146808055694e+02, -7.999924390447391e+01, -1.750959504058163e+02, 1.289591149494784e+02, -4.101568479887536e+01, 1.309547254038202e+02, 4.630572874876258e+01, 3.064058662510769e+02, 5.238958360916214e+01, -1.702331895378364e+02, -3.052582874018525e+01, 3.831014760293935e+01, -1.638028039765607e+00, 2.228007475700512e+01, 5.155677665469045e+00, -1.708003630979689e+01, -1.283980405735906e+02, -6.430482027189520e+00, 2.980324393820522e+02, 9.504793335416277e+01, -1.608431759989881e+02, 1.447949922184693e+02, -1.965705753385165e+02, -4.037322856697432e+01, 3.260496857218496e+02, 2.968154774617998e+02, 1.221326405688101e+02, -3.183748183339687e+02, -4.469362077174593e+01, 2.260031761086843e+01, -5.891506585061828e+02, -2.503591059053353e+02, 1.919894803571489e+02, 5.076755004507012e+01, -1.884791338254852e+02, -1.658448867128684e+02, -2.042589597369466e+02, -1.320841807297411e+02, 1.958117331048050e+01, 4.238833399474503e+02, 3.897607606717693e+02, 1.823546988274465e+02, 4.399567480714144e+02, -1.297033597895636e+02, -9.885352086349689e+02, 9.185529429679830e+02, 2.419416592812467e+01, 1.379454815472624e+02, -1.651478358450563e+03, -8.245992056024501e+02, 5.311288046888347e+02, 5.649095619493955e+02, -6.305490138711502e+01, -1.665815490221604e+03, 5.761249919477994e+03, 3.663913565207221e+03, 5.797851269753681e+03, -1.616024570403785e+03, -2.037151913575178e+03, -4.821006765334280e+02, -5.413146195317989e+02, -4.093920295553962e+02, -7.598275398712020e+01, -4.922410670449657e+03, -9.668675842836621e+03, 1.406213505877063e+04, 4.152884201930271e+03, 3.037329857418560e+03, -1.168217763082542e+04, -6.992448789907748e+03, 1.044179372450704e+05, 1.425615483749192e+06, -7.369181279793106e+05, 9.298857299830454e+05, 3.062918358154168e+05, 7.314703603120016e+04, -1.464422994050111e+04, 1.175655721102919e+05, -1.766028313452937e+06, 8.347319250240455e+05, 1.071024422836498e+05, -2.573867885074590e+06, 1.460992629400622e+06, -2.461874702892497e+06, -2.281370672520203e+06, -1.328824023460255e+06, -1.772898396511181e+06, -2.284276555515949e+05, 1.342554352439568e+06, -2.278559429392974e+05, 2.492547235053091e+06, 2.080594182926357e+06, 6.729030799960799e+05, 2.966455066371976e+06, 5.052186201780196e+04, 6.065924803423143e+05, 4.571344866713725e+03, -4.084150359118127e+05, 1.503128096351039e+05, 2.310684921821558e+05, -2.893984149727960e+05, -4.386990922978335e+04, -6.175134127925640e+04, 6.874789477637940e+04, -1.370483648830333e+05, -2.219079022646114e+06, 6.856688005088188e+05, -2.510399326776517e+05, 7.505893185732329e+05, 1.938479800639892e+06, -1.177029792475637e+03, -8.771440134045541e+04, 1.224100383379956e+06, -1.594896936342507e+05, -4.637543103451272e+04, 4.826001316283470e+05, 1.131510685382614e+05, -1.852124236225079e+05, 4.486095778233644e+03, 8.578445867458000e+03, 4.207240523641569e+03, 6.274505491692084e+03, 5.856246356691211e+03, 4.024101130234573e+03, 1.438792200583112e+04, 6.315795792163724e+03, 3.373208596508435e+03, -1.580457747831973e+03, -1.578635699327402e+04, -2.732181801132185e+04, 9.388780581350575e+03, -4.577504325447600e+04, -1.996123265720954e+04, -2.751553231141548e+04, -1.415166616562960e+04, 3.209182013358691e+04, 3.463958588487263e+03, -2.877839889326054e+04, 3.027780622189981e+04, -1.552987196002402e+04, 5.653212888138732e+03, -2.239073517071720e+04, -9.500539634594124e+02, 7.712255157215487e+02, -1.026167783866710e+03, 4.031171944259794e+02, -9.650006196294885e+01, 2.494059972382545e+00, -5.257199714503392e+01, 1.289828479852070e+02, 1.192001376774048e+02, 2.475654385471605e+02, -4.401004689679194e+02, 5.690288057974227e+02, 1.632351131230507e+03, -4.727281849133032e+02, 9.483844361905919e+02, 1.339862810134271e+03, -1.782952055131325e+03, -1.052461661989673e+03, 1.764085755040552e+02, 8.053779499007916e+02, 8.472408115981965e+02, 5.318887562107167e+01, 4.340419878940241e+02, 4.235438313380386e+02, 4.859994547221139e+02, -9.416800212635285e+01, -6.562795430333335e+01, -3.091173238077005e+02, -1.000755182291309e+02, 1.285001518593972e+02, 7.313833069262246e+00, -1.279549584504976e+01, -1.828050041377642e+01, -5.590734065670023e+01, 8.346257719332549e-01, 1.300117078706812e+02, -2.158155716668759e+02, 2.166021197377403e+01, -1.317109376409766e+02, -2.386589305966768e+00, 5.090315579491534e+02, 1.813454579073503e+02, 1.048215095454432e+02, -4.087413577298886e+01, 2.901451195729860e+01, -5.936841233127171e+01, -4.501465869658551e+01, -5.082199813403714e+01, 3.207906366800161e+02, 2.426611599028420e+01, 4.720225474582211e+02, 9.946641124962990e+01, -2.653649381807414e+02, 7.557567812141043e+01, 4.099725038087338e+01, 3.919097993096887e+01, 9.458115301516854e+00, 3.155847083093623e+01, -8.989086096432011e+00, -4.260520200955459e+02, 1.186504054401352e+02, 1.624222051450737e+02, -2.059763878530460e+00, -2.733667491306970e+02, -3.610948033664587e+01, -1.107350689264836e+02, 4.857592224587037e+01, -1.198026228672729e+02, -4.104871215103809e+01, -4.458050106340925e+01, -2.929139093120665e+01, -3.086298294459499e+01, 1.885353612834492e+02, 5.961230725238516e+01, 1.039300045912826e+02, -1.733749334903027e+02, -1.218518505539848e+02, 1.399900874067065e+02, 3.832653365138081e+01, -1.715837630968129e+01, -6.147625096362365e+00, -3.321883292455133e+00, -2.510326486496248e+01, -4.082636118556314e+01, -1.293908064203011e+02, 7.575737422740376e+01, -1.028112123192480e+02, -5.048672661965838e+02, -9.999186144508991e+01, -3.432141385523709e+02, 2.257849461568544e+02, 8.436241009276293e+00, 1.564575666127593e+00, 1.143476648741862e+02, -1.445418720546564e+02, 4.294951212742115e+01, 3.301100540147915e+01, 1.002666994378945e+02, -7.242392649073442e+02, 2.071649507691300e+02, -6.052602369567651e+02, -2.519362081605326e+02, -3.363913252548134e+01, -4.030411779181961e+01, -5.911782607657598e+01, -2.403762326123067e+01, -2.681384723690644e+01, 8.188140071152540e+02, 1.529790212056166e+01, 6.848326261750854e+02, 1.285025350273505e+02, 3.182272387014817e+02, -5.585333810596824e+02, 3.983156370409095e+02, 4.485395005496483e+02, 2.754402657330130e+02, -3.010757528983974e+02, -5.611787812647742e+02, -3.864315095945416e+02, -1.388949291794081e+02, 5.326767088190503e+02, -2.810587217332896e+02, 3.719051055303158e+02, -5.278636341199436e+02, 1.086978722420683e+03, 3.383303907460898e+02, -1.701627263650770e+02, -4.968159799061149e+01, -1.907697230435777e+02, 5.249859552580695e+00, 1.118416048609333e+02, -2.654729502940376e+02, -4.323633588666173e+02, -1.765429640412845e+03, -3.435643481081618e+02, -4.008135394519859e+02, 1.982911461511209e+03, -9.301524251287854e+02, -4.387510799332856e+02, -1.754552901068952e+03, 1.956337095076597e+02, 1.123976986669279e+02, 1.203460790707679e+03, -4.372624230299025e+02, -1.660729762022833e+02, 1.502475963581745e+03, 2.194875504619357e+03, 1.936517628427198e+03, -9.960008880495394e+02, -8.706386592745450e+02, 1.765635703910902e+02, 1.455557759555662e+02, -2.046584250411386e+02, -3.055063200381505e+02, -1.287069752906232e+03, -6.863096909789640e+03, 3.082498836881706e+03, 2.391615531223033e+03, 3.279491478511244e+03, 2.675116157250836e+03, -1.424177383348968e+04, 5.666570212030053e+02, -5.495892498345122e+04, 5.899969338295939e+05, -4.015002368915222e+05, 1.717277237371781e+05, 2.609446805027897e+04, -3.519086067132028e+04, -8.733497103307677e+04, 1.788547881990921e+05, 6.105342027366842e+04, -2.089069422733427e+05, 2.509264884468478e+07, 4.292239740004207e+06, -4.344892049310537e+06, 3.622677560906284e+06, -4.781671992404869e+06, -3.593166177995824e+05, 1.998060645764586e+05, 8.285833232589425e+05, -8.369615678392999e+05, -1.149566136235746e+06, -6.418883658209206e+05, 1.774988877162895e+06, -1.185896571894505e+06, 2.376864944761857e+06, -1.621577714813345e+04, -4.974537994271907e+04, -3.957373350346671e+03, 4.595526211531911e+04, -1.706055872397612e+04, -7.142411031785687e+04, 5.734539116368197e+04, -1.807821207777757e+04, -4.630758118932189e+04, 4.645972449693760e+04, -6.816884205202420e+05, -1.743271487293829e+05, -1.607036740992618e+05, -2.535979165016317e+05, 2.186890331751755e+04, -1.314071174775489e+05, -6.136138058866824e+04, 7.785794915771029e+04, 2.304832423230793e+04, -1.410376463641850e+05, -2.426687039864760e+05, 2.242962657852497e+05, -1.947087595918118e+04, -1.126890137485338e+05, -1.085202640454557e+03, 4.533681014369071e+02, -1.372117490144004e+02, 3.401896327371389e+03, 2.834940985829784e+03, -4.051771367162351e+03, -1.433233673673579e+03, 1.420091303303370e+03, 1.772493430568177e+03, -6.016720787130148e+02, 7.167097533586370e+01, 1.101336496990338e+04, -8.762241473123771e+03, -4.462002769634575e+03, -2.191668882330010e+03, 9.913209682917706e+03, 2.409186238856270e+03, -1.043676231985006e+04, -5.528708943935280e+03, 1.185905379548561e+04, 9.041693566575918e+02, -8.297688548812554e+03, -1.140837443257917e+04, -7.271976699141129e+02, 3.780886391043780e+02, 4.817655389101554e+01, -4.253765346128726e+01, -2.192135933542816e+02, -9.983598137635816e+01, 1.909049941364667e+01, -9.571772018579152e+01, -2.013600812039920e+02, -1.540700422219020e+02, -6.285749684595634e+00, -3.894734007039033e+01, -3.563478164292684e+02, 1.582385921985555e+02, 4.571198327135455e+01, 1.353061864222591e+02, -1.859369292474717e+02, 4.078051792179247e+02, 2.124506732525300e+02, 2.403372022009516e+02, -2.731996535809789e+02, -1.100760038817841e+02, -9.632973135580468e+01, 2.951000814017784e+02, -8.407669740658219e+00, 1.537929533558776e+02, 3.297796320740594e+01, -2.138722392371989e+02, -6.021446159084055e+01, -1.427453332182873e+01, 6.156506498559160e+01, 1.034182941324635e+02, 7.548617908503864e+01, 4.104966043577074e+01, 9.809289519261249e+00, -3.063193374583414e+01, 1.017651102703891e+02, 1.307721163257570e+01, -6.051633936374872e+01, 2.892371503498548e+01, -5.358873371362339e+01, -6.544029977669211e+01, 8.194285739163202e+00, -4.759523595603336e+01, 4.353317751071935e+01, 2.769228087847200e+01, 7.412309884278710e+00, 4.404074358793537e+01, 9.942363725819337e+00, 6.699855360417687e+00, -1.217498390569892e+01, 2.037260577877318e+01, 7.266185073924957e+01, 3.650032632202434e+01, 1.865595873808923e+01, 3.392722416192586e-01, 2.222538693945080e+01, 1.469550701602467e+01, 6.641389102065308e+00, 4.346214191552185e-01, -3.649179022119414e+01, 5.413307138564208e+01, -6.060026718584873e+01, 8.653135827405910e+00, -5.522348401489272e+01, -6.145049190070949e+01, -1.849972836711972e+01, 4.786221853725166e+01, 6.777701979025429e+01, -4.557859655529801e+00, -4.542606868122542e+01, -6.429097789830583e+00, -3.192412919175773e+00, -1.123054273963352e+02, 7.816851068451767e+01, -4.320332083848032e+01, -5.823049956483568e+01, 1.423197114049491e+01, 4.155016182420852e+01, 1.657257520077571e+01, -1.037190861781870e+00, 6.038531145456641e-01, 3.700581567000279e+00, -2.609469311408344e+01, 4.665127574317727e+00, -4.784812238086942e+01, -2.188336190066749e+01, -2.753995300473679e+01, -9.945966656676178e+01, 1.433995157609694e+02, 4.373127870033833e+01, 3.987170003913432e+01, 4.800291484658592e+01, 2.405957782037618e+01, 1.417763462335740e+01, 8.665044226288467e+01, 1.826115435288470e+01, 1.333372071529189e+02, -8.984367172912249e+01, -6.099104637162735e+01, 4.123697489881648e+01, 6.996956644934458e+01, -7.095092258857547e+01, 2.956203012872214e+01, 4.668108305591630e+01, 2.401648774024553e+01, 6.731531906053981e+00, 3.293209664103082e+01, -4.224879298545134e+00, 1.182760093815597e+02, -1.246658703548087e+02, 1.149688986261764e+02, 3.557653182921051e+02, -3.709403554874101e+02, 3.491869192648578e+01, -7.374532340683011e+01, 1.989939067595755e+01, -1.464658896615738e+02, -4.318966433838568e+01, 3.271555396702341e+02, 3.604445696813350e+01, 6.209827975580973e+00, -6.504514897901946e+01, -2.021128137129345e+02, -4.817016879899571e+02, -1.727377764287192e+02, 5.049884313188436e+01, 8.234283913051674e+01, -1.157324650027906e+01, 1.359199037901222e+01, 5.368985283564219e+01, 2.793521159066973e+01, 3.771184321405672e+02, -6.490383324879575e+02, 1.395067655376249e+02, -1.225623372920650e+01, 2.116711308781159e+02, 3.080790514508927e+02, -6.082263382138563e+02, -1.505397441939404e+02, 1.127729335488615e+00, 1.659315266728570e+02, -6.031811322114722e+02, -2.443248407147439e+02, 2.736524975008654e+01, 3.752329971413269e+02, -1.311953884765528e+03, 3.726078610125041e+02, -1.611946577094829e+03, 1.449657094956021e+03, -4.129231024470104e+02, -2.979735181038592e+01, -1.296151508815885e+01, -2.115945078565715e+02, -1.460691139011963e+02, 1.277887379526765e+03, -6.370168988563556e+02, -3.873014555189060e+03, -2.987492689240957e+03, 8.653661825715564e+02, -7.504007970918998e+01, 3.320892059684853e+03, 6.574605138301206e+02, 6.179187763363078e+02, -3.805633504368665e+04, -2.063301958199048e+06, -3.121583677848299e+06, -2.090610592410189e+06, -8.611073758337258e+05, 1.882064270208134e+06, 1.989680120957544e+06, 2.218630805971753e+05, 1.593568982997736e+06, 2.108020805183085e+06, 5.591184045525546e+07, 2.391909596715922e+07, -1.678628723853134e+07, 1.412915332422033e+07, -1.379017704238048e+07, 1.403902585148807e+07, 1.062880824874700e+07, 9.500280338106286e+06, -1.262250728387953e+07, -9.172629649480874e+06, -9.553284261822831e+06, 9.319896647025060e+06, -9.144415838276520e+06, 9.657450017048985e+06, -2.822877625658647e+04, 1.603098972202710e+04, 4.331309845499550e+04, 1.679282719062213e+05, 1.998054352126316e+05, -1.864826933191031e+05, -3.625224110295100e+01, 1.735571591448045e+05, 1.413883240097425e+05, 6.613074278760674e+04, -5.472527999166272e+04, 5.866000693398756e+05, 4.103872962867599e+05, 8.401140510447446e+05, 2.854290721908084e+05, -8.819123037706163e+04, 1.556930739774726e+05, 3.747233745783426e+05, -4.284990501086863e+05, -7.369405024828199e+04, -5.172838366130138e+05, -8.143507714504675e+05, -5.853245215678314e+05, 8.022159557500845e+04, -2.546897565515814e+03, -1.826700716587255e+03, -6.779300785190829e+03, 9.062318396406423e+02, 3.378677016784957e+03, -3.850609485900242e+03, -1.232243277893240e+03, -3.191559691019425e+03, -2.118619736527315e+03, -6.433377774827087e+02, 1.935273222343575e+03, 3.522770182399271e+04, 1.297667208498728e+04, 4.628102408358569e+03, 2.527277831532082e+03, 3.630306921953295e+04, -1.934643538807622e+04, -1.907507063262477e+04, -1.447150090187913e+04, 2.446391751601533e+04, -1.682382299558502e+04, 1.865992397211959e+04, 1.290761288963183e+04, -1.248740985324882e+03, 4.807860228120267e+02, 1.131459138608783e+02, -6.971879578467754e+02, 1.642975005448630e+02, -9.530807292023009e+01, -3.636192152863481e+02, -2.762330429805145e+02, 5.818456601978945e+01, 9.304728006896040e+01, 3.488725515331407e+01, 2.887966892484600e+02, 8.031002227072512e+02, -3.098984537059297e+02, 4.855998197562181e+01, 3.814410434001080e+02, 9.878891621114876e+02, 2.124385579836496e+03, 7.586796929652321e+02, 1.185949697039682e+02, -2.436678480975361e+02, 1.852202268135589e+02, -4.337592367017630e+02, -2.587127374768556e+02, 9.776156880250342e+01, -3.272539612473125e+02, 1.043835644145623e+02, -1.837894528892967e+02, -8.633510660566716e+01, 5.113419496643934e+01, 3.920467642343096e+00, 6.667641073049201e+01, -4.675034452488805e+00, -1.041213110696474e+01, 5.026738214805115e+00, -3.655575339676262e+01, 2.527409940486182e+02, -1.247681667360983e+01, -3.143043921936003e+01, 2.679774266862324e+01, -1.765002436888748e+02, -1.130260248628912e+02, -1.001301003556578e+02, -4.589929346291077e+01, 6.906760593850240e+01, -1.609249205563900e+02, -7.377080183003502e+00, 5.740908565071065e+01, -1.622333678678044e+01, 6.653934227636383e+00, -1.280620246981232e+02, -2.714124995002782e+02, 4.685302521258397e+00, -1.089418705612642e+02, 7.794571726493298e+01, -6.335027246034196e+01, -1.332173965186458e-01, 6.407870333204256e+00, -7.113477807981049e+00, 4.276821716947833e+01, 1.206538391813531e+02, -3.119266920993343e+01, 6.103446556515306e+01, -4.000992517692215e+01, 9.582464044661936e+01, 1.218443221992343e+02, 1.338431443039948e+02, -4.691723414436857e+01, 3.830874645167967e+01, -6.571397367268341e+01, 1.695860370794775e+00, 1.399692455469553e+00, 7.853034775262185e+00, -1.014848882048089e+02, -1.700844193273458e+01, 2.535087276743537e+02, -7.930579531064117e+01, 1.178184885370288e+02, -1.833329651950470e+01, 2.951223171004406e+01, -8.522876086779204e+00, 1.028498024648304e+01, 2.461811019640919e+01, 1.736641886577682e+01, -1.504733810978909e+02, -4.617862963706051e+01, -6.238365249704564e+01, -1.363842541294799e+01, -1.523765291155288e+02, -4.106446118940487e+01, -1.674671076295007e+02, 5.761129950963830e+01, 8.710980820924043e-02, -4.774136341426198e+01, 4.557598760519360e+01, -1.511172511086767e+01, 2.025919987827965e+00, 1.928022768527721e+01, -8.600396965166000e+01, -3.810389301950038e+02, 5.174326634064853e+02, -1.434062848541214e+02, 1.973254933265290e+01, 2.608713501598055e+01, 7.502127546256085e+01, 2.257614510511119e+01, -5.355795098748253e+01, 3.731448294949412e+01, 2.476033925361804e+02, 6.834908770675430e+02, 7.041272746940443e+01, -6.178108267480264e+00, 1.155963161959557e+02, -9.183575939406316e+01, 3.874755091830233e+02, -1.724043145661823e+02, 2.330439991827630e+02, 9.038010537898960e+01, 1.205532206117964e+02, 3.038036322433454e+01, -4.045922916933332e+01, -2.366081095570959e+02, 1.680593516617362e+02, -3.899870708521109e+02, -1.580787213629355e+02, 3.665219612994082e+02, 3.672415902891720e+01, -2.466037353967788e+01, -7.748201572844462e+01, -7.185162989474907e+01, 1.039180155003785e+02, -2.796084500578915e+01, 6.087008288543034e+02, -2.063430217741701e+02, -5.662651408758562e+02, -4.523187286965654e+00, 5.583621541663927e+01, 1.078714751433346e+03, -3.818018834790183e+02, -2.322780055700828e+02, 7.165849861961376e+02, -2.130268622359324e+02, 4.118423667158872e+02, -1.391322906972850e+03, 4.272287540783633e+01, 3.750807499403625e+02, -1.404724121467153e+03, 1.736894934754288e+03, -1.066398137603280e+03, -7.946421109367437e+02, -8.664846577956044e+02, -2.031078443828233e+02, 1.546792263401336e+02, -4.974835276117847e+02, -3.666237004511461e+02, 1.216227153062557e+03, -3.628649890697106e+03, -3.229808235164957e+03, 1.806131402361912e+03, 1.418237897216265e+03, -9.463003078348835e+03, 1.036113347799177e+03, -6.151858664407804e+03, -3.166558551816298e+03, -7.314748118834203e+02, -2.738353932078619e+04, -1.848548381238137e+06, -1.314366245742838e+06, -4.456816483327596e+05, -3.828929955449211e+05, 6.074370769536737e+05, 2.768926124706810e+05, 2.088583741461517e+05, 9.178451175217502e+05, -2.138033341937885e+04, -1.084668662074164e+07, 8.823257628393115e+06, -5.635545022869228e+06, 2.725832239389936e+06, -1.641689689361728e+06, 1.142580598730301e+07, 7.773227657134105e+06, 5.527482344397146e+06, -9.270151479285235e+06, -5.908852744411675e+06, -6.270192391247256e+06, 4.850009513980023e+06, -4.488698120578232e+06, 3.580355494087494e+06, 1.503644561011335e+04, 5.378190446362277e+03, -7.877027636588376e+04, 7.998150967741922e+04, 1.821429925414993e+04, -2.165202661325979e+05, 7.432081669392681e+03, -1.026101407475652e+05, 2.053854819626218e+05, 5.931298273259546e+04, 2.288693369528425e+06, 1.180612431576123e+06, -5.707596126349837e+05, -5.900119480731476e+05, -4.591113373796354e+05, 1.170581038798164e+06, -5.601862607413223e+04, -3.597886791399514e+05, -3.386986612498195e+05, -1.445411221289779e+05, 8.761164567815764e+05, 1.550063470657314e+05, 1.012418452126099e+06, -3.982086665305987e+05, 2.608194678296974e+03, 2.072303343735407e+04, 5.618373587950022e+03, 7.513841965717943e+02, -1.078529956739106e+04, 6.405428754784296e+03, 2.785159805124852e+03, 3.012312989106046e+03, -4.682560131629161e+03, -2.379819616225136e+03, -3.026513432150576e+04, -3.350888907558996e+04, 3.135378536160217e+04, 7.300617663624862e+03, 6.320233643235094e+02, -2.829216642681082e+04, 2.060917223040540e+04, 1.342029113301980e+04, -1.152164587195444e+03, 4.533747952722207e+03, -8.012928739554830e+03, 1.778401399194213e+03, 2.672197775403722e+03, -2.608253671381584e+03, 2.238877737605510e+02, -4.263371733489531e+00, 2.028436409904640e+02, 2.429739471720513e+02, 4.204895298402883e+02, 1.537974227456436e+02, 2.620983059247490e+02, 1.488795207469094e+02, 5.274757253201609e+02, 2.431003115744934e+02, -2.573265737135176e+02, -1.014019766486150e+03, 1.150782931779088e+03, -7.507249831762666e+02, 2.386251249791294e+02, -3.573716891409029e+02, -1.273323728624360e+03, -3.018772179322008e+02, 2.993094645057571e+02, -2.340565136700021e+02, -1.461149126269151e+02, -2.387046138393671e+01, -2.309073422588357e+02, 4.246970663190925e+01, 5.294767173219455e+01, -7.902675958270527e+01, 2.400019798728010e+01, -1.149991867648142e+02, -6.689811182815416e+01, -6.342953999330990e+01, 3.988392670489209e+01, 2.668142208225295e+01, -6.161388623839275e+01, -2.769673221452691e+01, 1.834741753932095e+01, 1.831779255770696e+01, -1.364249686605617e+02, 4.747464315206460e+01, 5.469349094996250e+01, 4.531608980344438e+01, 1.138240441382404e+02, -2.850147246879506e+01, 6.549576402253329e-01, 1.036007503655084e+02, 1.122468584617229e+02, -3.919295911598704e+01, 9.917617317292341e+01, -7.689728182383772e+00, 3.523144191981556e+02, -2.929080301125256e+01, -3.400015639493002e+02, -3.118087479401838e+02, -2.681812793007710e+02, 1.333656910485960e+02, 3.248760960459587e+01, 8.464029276670709e-02, 3.711542359753916e+01, 3.372180637273185e+00, -7.913552228548305e+00, 1.843527128671314e+02, -1.658366553247619e+02, 1.452735231632352e+02, -3.466855531584251e+01, 2.668386275864376e+02, 1.587690791729391e+02, 6.976504113964306e+01, -3.495439149489721e+01, -1.108645330288738e+02, -2.380886387252625e+01, 2.387188509602434e+01, 1.231667049472058e+01, 1.696967356176179e+01, 3.757843065304586e+01, 4.186436321649243e+01, -1.220121134022030e+02, -1.754490244318574e+01, 8.843186397033872e+01, -5.007500671752800e+01, 9.594697788508714e+01, 4.363724314859272e+01, 7.923015164081177e+00, 1.737988490232269e+01, -2.952956815893346e+01, 9.633076182524076e+01, 2.617834510102928e+01, -1.173952930801008e+02, 3.858954446617923e+01, -6.872822465312264e+00, -1.581563295330470e+02, 6.392430477303880e+01, -7.865105093445955e+00, 6.588772417772998e+01, 1.593844916069065e+02, -8.253915736655608e+01, 7.370392017150587e+01, -5.893667870893344e+01, 4.140026036420798e+02, -1.011781969274866e+02, -5.698598096088677e+02, 7.716870732145487e+01, -3.537211130790016e+01, -3.003241438567565e+01, 5.032009616957308e+01, 8.272310225680900e+01, 1.111124343927914e+01, 6.903526724532187e+00, 8.726942697675460e+00, 4.958038963095851e+02, 2.665949252349464e+02, -7.764381705490389e+01, 1.091756080166833e+02, 2.192314354132207e+02, -1.117982696840012e+02, 2.435024723142851e+01, 5.146107167734139e+01, 1.298838768855496e+02, -2.017866556846728e+02, -1.276847842741421e+02, 2.033141330139562e+02, 5.870460541122694e+01, -1.106060549470405e+02, 1.395114917195029e+02, 2.251121656106285e+01, -4.215053021561423e+02, -8.747493693270148e+02, -5.272156171736783e+01, 3.910171259111551e+01, -1.105134161273586e+02, 3.944619668175721e+01, -3.631264676199491e+01, -9.823017069083014e+01, -2.688640406574609e+02, -7.763215207403606e+02, 1.355557824568758e+03, 8.157597473279824e+01, -8.828686674540726e+02, -4.266576291202768e+02, -2.283780406962478e+02, 3.944246212360969e+02, 1.925130327463827e+02, -1.454552111537993e+02, 3.376826800938178e+02, -1.127851032799540e+03, -4.907526051315240e+02, 1.099196294101369e+02, 1.967988378674608e+02, -6.769433900274644e+02, -2.792649640870988e+03, 3.245816718945670e+03, -2.159199010263133e+03, 5.384989482927391e+02, 6.282483014515091e+01, 8.149406705187523e+00, -1.138429652084209e+02, -8.254044637899294e+01, 3.247489859324268e+03, -7.416287867382490e+03, -7.199047191587052e+03, 5.738051854410543e+03, -8.409812912546849e+03, 2.767008126082655e+03, -1.051789863100180e+04, -4.746319466396515e+03, -7.886013950763082e+03, 8.686481223273875e+02, -4.059395197678901e+04, -2.079118103527114e+05, 5.582372123729265e+05, 4.120502809304235e+05, 2.304994587367724e+05, -1.600128274265583e+05, -5.577833918067652e+05, 1.555451227859480e+05, -3.904859186949089e+05, -3.459824017375499e+05, -6.423644572821532e+06, -3.005931391172603e+05, -2.080145383919510e+05, -1.238998720173495e+06, 9.804011461410779e+05, 1.312067051508927e+06, 6.441136412317025e+05, 1.395020739028117e+05, -8.370326306071818e+05, -4.964797769401460e+05, -1.679943801415979e+05, 4.368349558818344e+05, 3.149360879299681e+05, -2.869037706244442e+05, -1.088246961614600e+04, -1.963651864027827e+05, 3.895536715825854e+04, -8.495333308575301e+04, 2.525349874910803e+04, 4.931363150729058e+04, 7.581213409690154e+04, 2.381426568033369e+03, -9.327943205243562e+04, -4.174438828405098e+04, 5.676632333900789e+05, -4.472087963993038e+05, -1.828359335341614e+05, 1.042021991392447e+05, -3.154708523593137e+04, -1.728625790761339e+05, 2.890054529388866e+04, -9.936302843276470e+04, 3.479386184126048e+04, 5.077436451572799e+04, -1.566756467952536e+05, 6.065366245779116e+04, -4.906260211746743e+04, -1.072220225364892e+05, -1.157663160346236e+03, -4.832501543090796e+03, -2.666883809046797e+03, -1.064598541083888e+03, 6.547803383020258e+03, -2.228175781015429e+03, -2.260075802918245e+03, -4.920136500179167e+02, 2.186130143473820e+03, 7.772977208553079e+02, 9.382912206975916e+03, 6.434468477590366e+03, -3.238211546938660e+04, -1.689455112407006e+04, -8.304404713765018e+03, 9.299836141263089e+03, -9.949725483235699e+03, 2.342443482287274e+04, -1.060962913173945e+04, 9.172722773909272e+03, 4.497144757764995e+03, -3.696897071767469e+03, 2.033151533001609e+03, -5.582919679954928e+03, 3.700864076040564e+02, -1.408422094835323e+02, -1.075026013143701e+02, -3.516894259326987e+02, 6.879963440003252e+01, 2.192777570978843e+02, -7.329485076691665e+01, -9.529963031356890e+01, -2.383605745487417e+02, -8.263560224249584e+01, 9.230386665969970e+00, 6.393399873745736e+02, -1.496664184280767e+02, -5.119395900166951e+01, -2.980487695412886e+02, -1.159340274394662e+02, -1.151185343693909e+02, -5.657597807754489e+02, 1.285465663139018e+01, -5.636127158594874e+02, 2.470264622724380e+02, 2.385594112806945e+02, 1.428711867106260e+01, 7.785156877945603e+00, 1.464655584421958e+02, 2.845704176340612e+01, 1.148369172600043e+02, 2.003966035648839e+01, -5.810432451836828e+01, -2.190708390555434e+01, 7.022625649907285e+01, 4.458766233979286e+01, 6.375939476325076e+01, 3.753016907118656e+01, -2.586814708290722e+00, -1.448481833279477e+02, 5.045375232266505e+01, 7.846746704014874e+00, 5.331344320230400e+01, -8.630452707632801e+01, -5.402894328914872e+01, -1.276055776271116e+02, -1.023042965904994e+01, 8.383083248546581e+01, 2.915686339577710e+01, -2.439579348674480e+01, 6.665895572267846e+01, 1.304976232716911e+01, -5.449520483881687e+01, 1.297917692993885e+01, 1.138560000229924e+02, -2.630244396579135e+02, -7.913596066799830e+01, 1.607501893496253e+01, 5.721309270932116e+00, 2.132267052656806e+01, -1.070507934833204e+01, 6.219686378437356e+00, -6.722218084425246e+00, -1.094517660447493e+02, -1.608421217349389e+02, 3.386452410186986e+00, 8.587268169096863e+00, -2.901022960276139e+01, 6.380793861830412e+01, -5.645087322882424e+01, -2.207439050946193e+01, 1.901500755592785e+01, -2.055393349466407e+02, 1.301256118896154e+02, -5.431807094532228e+01, -9.267563734643922e+00, 1.673483861379685e+01, 4.690315961616894e+01, 2.309119526540537e+01, -6.226578534705985e+01, 4.752545223157659e+01, -4.746514698574988e+01, 4.661774725301832e+00, 5.233743875419331e-01, 1.597408847148409e+01, 4.086307220220778e+00, -3.533998134829675e+00, -3.631835287245025e+01, -4.975357373032129e+01, -3.652776667325536e+01, 6.658250013311161e+01, 3.228965907339609e+01, 9.229066800837454e+01, 3.958482435180770e+01, 2.004364915592040e+01, -8.768364323513170e+01, 1.011120486561245e+02, 2.529994289122865e+01, -5.665070481908097e+01, 8.834331588338657e+00, -1.310947545094098e+01, -2.230802764976164e+01, 1.742741361269624e+01, 6.916747889797068e+01, -1.811869912216210e+02, 9.926476151776967e+01, -6.330589400576979e+00, 6.349500565546681e+01, -3.321647112119052e+01, 2.790113372539424e+01, 3.966111561531038e+00, -1.707697757242839e+01, -2.903994549149268e+01, 1.320082272605353e+02, -1.069320191468153e+02, -1.484879013956316e+02, 4.679147366950968e+01, 3.357671647432892e+02, -2.095255979143357e+01, -8.632828327227994e+00, -1.278236300653152e+02, -1.618394394038948e+02, -3.575352780418116e+02, -5.107506336652690e+01, 1.497456321238507e+02, -1.204461054439082e+02, -9.385650722455884e+01, -1.872497578485681e+02, -2.398385479867918e+02, 3.310236224785152e+02, 7.220521934595043e+01, -1.108102054680816e+02, 1.759911088752632e+02, 4.466584571474701e+01, 6.720746947308649e+01, 4.012586290621333e+02, -1.114406022829315e+01, 4.216759478292082e+02, -3.693835477409502e+02, -1.450513262719634e+03, -2.007259137673257e+02, -8.349671232177035e+02, 1.027750061795137e+02, -6.164944407518857e+02, -7.594466589757965e+02, 2.260535696955734e+02, -4.871247749110885e+02, 1.487748648792731e+02, 1.433322255184119e+02, -1.342134814939415e+02, -1.688075047768583e+02, -2.037018926830709e+03, -2.794177287720046e+03, 6.587629667841272e+02, 5.000737759266632e+02, 3.690139834163985e+02, 8.776445812130609e+01, 1.241862503461277e+02, -8.261277795579410e+01, -3.387259470127374e+02, -2.703597181181740e+03, 6.813523706743125e+03, -3.156353723377779e+02, 6.235468721376156e+03, 4.855288315642802e+03, -1.433022759455939e+03, -8.338984993500347e+01, -9.687962354317497e+03, -4.107169186284406e+02, 3.449447972941084e+03, 6.343473205009956e+04, 2.045987804414143e+06, 3.818995392129715e+05, 2.466043286612665e+05, 1.688348574431973e+05, -1.473307968358697e+05, -1.603341726958172e+04, -4.532910806798271e+05, -2.479024066257040e+05, 6.380942564095802e+04, 2.777593823579642e+06, 2.339095529894780e+06, 3.406391624129500e+06, -1.812807113913111e+06, 2.449275771263415e+05, -8.376878888262198e+05, -2.078068587559962e+06, -6.701249175918722e+05, 5.388914002031694e+06, 2.904327675093587e+06, 3.339341299138544e+06, -1.911827730233906e+06, 2.030135067372546e+06, -6.840075386656396e+05, 5.102278600398212e+04, -1.058374269240807e+05, 9.685263537389389e+04, 1.427170681275693e+05, -1.350391390891546e+04, 1.901526074221785e+05, -8.902263626250143e+04, 4.297997894085659e+04, -4.536846206739222e+04, 3.990893503151475e+04, 7.230584728121079e+05, -3.493259115192167e+05, -7.205178387035183e+05, 9.279850411415118e+04, 1.007966557846843e+05, -6.943684565311963e+05, -1.527867834952074e+05, -2.809951059692283e+05, -2.176335304539696e+05, 4.495364582971816e+04, -1.578453010279640e+04, 1.837676025695168e+05, 2.847281484642769e+05, -2.822256920421824e+05, 4.136894200034521e+03, 5.008244879964775e+03, -9.264415982163049e+03, 6.890695021374368e+03, -6.714993525206587e+03, 1.024682347379562e+04, 4.891343187502543e+03, 1.144505152827177e+03, 1.196290429780260e+03, -8.953137923098107e+02, 1.932861873787433e+03, -1.254113920144212e+02, 3.061585905946236e+04, -1.710838481426529e+04, -9.148868493316259e+03, -1.796457669096591e+04, -8.921957990473826e+03, 2.599799729611746e+04, 2.278444567770361e+04, -1.331114313286898e+04, 8.272576817139641e+03, -1.537178812273791e+03, -1.466800225482106e+04, -2.000888221540629e+03, -9.170629582981874e+02, 4.085084904990730e+02, -3.253192624071822e+02, 4.071906249538754e+02, -3.436099351842034e+02, 8.992738594861217e+01, 3.078972441511928e+02, 2.677933636307930e+02, 1.265447856124829e+02, 1.736558234062246e+02, -4.868491358139306e+02, 2.454556138490415e+02, 1.625342415370493e+03, -5.418667409857684e+01, 6.025962078583907e+01, 5.564620181415268e+01, -1.210622337940840e+03, 6.633277364594785e+02, 1.571477151089625e+02, 6.576808557837900e+02, 4.004649829227267e+02, -1.353268342408099e+02, 5.114661382556728e+01, -2.844104645575532e+00, -2.652598400295140e+02, -1.870054775894079e+01, 3.215931147198671e+02, -3.157073974261949e+02, 2.370540960513272e+02, 5.087156779898751e+01, -7.932825605873678e+01, -5.631432940683405e+01, -2.319045964670488e+01, -4.116085098992747e+01, 1.363792704474943e+01, -2.330397124658992e+02, -2.296749273148988e+02, -1.199287931270345e+02, -6.524238147661598e+01, 1.088079569203479e+02, 7.463233249675826e+00, -8.686975305980769e+01, 3.747357926601838e+01, -1.452948855087098e+02, -6.107659690158384e+01, 6.572525485884901e+01, 3.507970770401010e+01, 4.872412081067974e+00, -8.883538926568691e+01, -4.301261138989494e+00, -2.934833159452347e+01, 1.197043814295952e+02, -5.208346965027820e+01, -1.089114782973252e+02, -1.206823952813923e+01, -2.482026035070402e+01, -2.382245522051607e+00, 1.594113429278195e+01, -4.486168415319223e-01, 8.644085799151382e+00, 4.470869059340564e+01, 5.665441461934738e+01, 2.925048620130604e+01, 6.013602282477920e+01, 1.727453305693892e+02, -3.969351670780859e+01, -9.083926563927228e+01, -6.804473373106364e+00, -2.247529398364271e+02, 4.035160475774617e+01, -1.339993288572053e+02, -2.075464607149819e+01, -3.488654041348586e+02, 1.624640241218562e+02, -8.596289639639454e+01, -1.514520038567392e+02, -2.100529002343778e+01, -2.669335561667732e+01, 7.533101468692715e+00, -7.817253654818278e+00, 1.238806206323166e+01, -1.203161076097015e+01, -4.376491350017569e+01, 5.372270307939543e+01, -1.395464644439892e+02, 6.265435354180892e+00, 2.692348672875284e+01, 1.421238913708996e+02, -1.773863124853342e+02, 3.011500813700325e+02, 2.046841356164759e+01, -5.737874533496208e+01, -3.805297342024286e+00, 5.873694699459848e+01, 3.804533538869943e+01, -4.557460208851902e+01, 1.155492993292969e+02, -4.124741982755800e+02, -5.863616056460925e+01, -5.454874805942344e+01, 7.341090845565357e+01, 1.332584834219408e+02, 1.306543537731472e+01, -2.908700164424123e+01, -2.810002025883488e+01, 1.655035528172267e+01, 1.602724308664954e+02, 7.133034394755514e+01, -2.087642602579485e+02, -1.021209913398033e+02, -1.354276191565647e+02, 4.295162696515103e+02, -1.642976983702707e+02, 1.745136119065558e+02, 9.822650664781332e+01, -1.659403527513012e+02, -5.464264018409134e+01, 4.070880052119834e+02, 1.884811375433576e+02, -5.517898595178281e+01, -3.197309754545250e+02, 3.975963381630744e+02, 1.834728370502794e+02, 6.949749101163004e+02, -1.908295328173489e+02, -1.620556173151003e+02, -1.315398235674663e+02, 2.109776090244735e+02, -1.112601348307775e+02, 6.127664548935044e+01, -1.868143505358890e+02, -2.106204244116088e+02, 1.311927653832163e+03, 5.375939451956039e+02, 6.871559318420859e+01, -1.643241292924631e+03, -3.764110300568207e+02, -7.560851418777960e+02, 6.836297430977257e+02, -3.716431830761129e+01, -1.544245363627732e+03, -5.393402310722506e+00, 1.179401642860977e+03, 1.972105259614593e+02, -4.599497542786559e+01, -5.467270952892342e+02, 1.027972586454478e+03, -4.482715319987399e+02, 2.247363506246602e+02, -9.337912138201061e+02, -1.237857690756896e+02, -3.860350416947293e+02, 2.573262320276092e+01, -1.713146676462931e+02, 6.064581019098387e+02, -4.389178721230186e+03, -5.625415856904623e+02, -2.250042334877129e+03, 2.982474148229436e+03, 1.550997594517075e+03, -1.314138517185728e+04, 5.042893768193588e+03, 5.247197906543369e+03, 1.566417363843805e+04, -2.586867851561417e+03, -1.239404398219967e+04, 4.779580121217051e+02, 4.235272483730008e+04, 3.463411493161444e+06, -1.410570798160425e+06, 3.601337950558491e+05, 9.521631963864951e+05, 1.182639188355984e+05, -1.156115716119037e+04, -2.728393000966667e+04, -8.370881055282712e+05, 4.895332504427694e+05, 5.830796105137247e+07, -5.264518165166490e+06, -5.071928713834942e+06, 9.852766947419353e+06, -4.969900514327945e+06, -1.619391304154885e+07, -6.659322199459935e+06, -5.222837085708803e+06, 6.412175359353831e+06, 4.375410212911084e+06, 3.423016061990135e+05, -4.182320868175442e+06, -1.728696205366676e+05, -3.235639727847413e+06, 1.959257801641476e+03, 3.687312931709357e+03, 6.273374296326687e+04, -3.724719183113677e+04, 8.726386903154748e+04, 3.629891856692807e+03, 1.875749326352088e+03, -1.733677445998362e+03, 4.351585038025044e+04, 5.133193339350043e+03, -4.186524129833116e+05, -4.890116771500492e+05, -9.399543779720823e+04, -8.219277031415793e+04, 2.339737417976802e+05, 2.848547802557886e+05, 1.679681369989470e+05, 1.712556133008318e+04, 3.737937537564317e+05, -7.112406777948352e+04, -1.954721594711121e+05, -1.251812780267414e+05, 2.807048301577221e+04, -6.214900311585007e+03, -1.440690365775818e+02, -6.924557028364082e+02, 4.406622173793727e+03, 9.558766743786194e+01, 6.908958671117466e+02, 1.589973140189144e+03, 4.459282263563812e+02, 4.356485882245591e+02, -2.774685631787203e+02, 2.468138353277597e+02, 4.145195368137814e+03, -2.692558125295402e+03, -8.900321620822178e+03, -5.979741333954407e+03, 5.756117152136272e+02, -1.975292810042529e+03, -1.260265586438015e+04, -5.507205096041707e+03, -2.701661881357275e+03, 3.705456768280661e+03, 3.054727112238089e+03, 6.069523888851877e+02, -4.170409325013419e+03, 3.490027656673020e+03, -2.915821939341492e+01, -1.104558366315105e+02, -3.498707485452142e+01, -1.648995645850158e+02, 4.871153474431653e+01, -8.468943601731505e+00, -4.712220276669211e+01, -7.696054189225210e+01, -4.635027304784335e+01, -3.040633931925851e+01, 6.362705758141668e-01, -2.974286934006894e+02, -4.723433097184594e+00, -1.259115865801410e+02, -1.099234378942541e+02, -6.052386936005857e+02, -2.232801065297238e+02, 5.596354347493225e+01, 6.546332740107428e+01, -1.678059927937401e+02, -2.468803642576600e+01, 1.032366803589866e+02, 1.257214436323304e+02, -5.081878600435251e+01, 1.796339961149178e+01, 3.508710077621972e+01, -7.376939530247644e+01, 4.653037982661002e+01, -2.353547678586357e+01, 2.772173363209525e+01, 9.833319823251719e+00, 1.379998317802356e+01, 1.166493626117014e+01, 1.945833661805310e+00, -9.249638190113661e+00, 7.043411989422160e+01, 4.485073395562284e+01, 7.979724679919340e+00, -1.326009285522403e+01, 1.479429934957298e+02, 7.206965178246026e+01, 2.115567100393984e+01, -3.012054851412911e+01, -3.612460910856437e+01, 3.044490095344432e+01, 4.197893056461027e+00, -4.473371766659211e+01, 4.581450950838976e+00, -1.919926670538483e+01, 2.359051832908692e+01, 2.645365009783400e+01, 9.677410283437668e+00, 7.450771650720389e+00, -1.841788973355649e+01, 1.051179022384930e+01, 4.015477460766253e+00, 5.315030752646348e+00, 6.994750677291104e+00, -6.780587064133273e+00, -1.945608568698569e+01, 1.163732440078724e+01, -1.641161634711437e+01, 9.227408352712743e+00, -8.295556201963063e+01, 3.841210623394885e+01, 1.566925376251487e+01, 3.131773076770222e+01, 5.009816648428802e+01, 1.786088096962553e+01, -2.901930553140237e+01, 5.348884670778927e+01, -4.598984841793545e+00, -6.118388518938674e+01, -3.406957365365984e+00, -2.789626089471562e+01, 1.007614746596496e+01, 2.778437073454285e+01, -3.257070740383885e+01, -1.360777138583657e+01, -9.809170677452936e+00, -3.005127797878069e+00, -6.190197630795965e+00, 4.880667200866162e+00, 3.278487750266321e+01, -1.840326046953743e+01, -1.140058343379947e+01, 1.350521661937455e+01, 2.861189509723385e+01, -3.502480594884688e+01, 2.725778904051213e+01, -1.652435130882358e+00, 3.721815494125114e+01, 7.781084472549317e+00, -3.255909135947670e+01, -2.268730711510691e+01, 3.405166879975881e+00, -9.533607306318714e+00, 2.173070775287088e+00, 9.611105431074421e+01, -1.039134098995193e+02, 3.399375772977124e+01, -1.171857159539944e+02, -6.421641508780475e+00, -3.096876591092420e+01, 4.821176115783780e+00, 1.258647122444778e+00, 2.293628719296856e+00, -6.486797882452156e+01, -1.575844649479111e+02, 3.229110052259011e+01, 8.727905557885796e+01, -2.157182345718370e+02, -2.382683476009157e+01, -6.456711745795184e+01, -6.193076308803190e+01, -6.892805329874814e+01, 4.979920932946631e+01, -1.146213732678499e+02, -5.621486003576474e+01, -2.405152146701840e+01, 2.402693472093471e+01, 2.565785792956280e+00, -1.950703388439989e+02, 1.862906889505754e+02, -2.839611709388214e+02, 6.471415523462431e+01, -7.842297918247580e+00, 4.729202823675412e+01, 4.290536418351899e+01, -7.917504193235247e+00, -1.283733948475920e+01, 2.300077434352989e+02, 3.624674320371116e+02, 3.100397989390106e+02, -6.840538586864994e+01, 3.631398781340170e+02, -2.446355515968783e+02, 6.196087455689153e+01, -6.599579415182862e+01, -1.491780828765033e+02, 4.090499946339901e+02, 1.658316362205782e+02, 2.994687483960434e+02, -1.420076548564774e+02, -1.366744243021373e+02, 2.361167457395681e+02, -5.462044727075739e+02, 1.004707418520450e+03, 6.461531667272674e+02, -6.222903574875869e+02, -3.208307910197946e+01, -1.333673212223014e+02, -1.791411726446663e+02, 4.160840586214269e+01, -1.307827957961607e+02, 9.137568365115837e+02, 2.451128656938890e+03, -9.376800530996506e+02, 1.095979419040151e+03, -4.011506012977452e+03, -5.998210627484696e+03, 2.711706010065870e+03, 1.320677381936689e+02, -4.299430847274686e+02, 6.201184191135124e+03, -1.581516419590891e+03, 2.484872271852992e+03, -3.576447188474424e+02, -1.307167521536445e+00, 3.051935671598149e+01, 6.834362136802124e+00, 5.049535698202607e-01, 1.093392976941978e+01, -4.298984092582668e+00, -2.114657618299079e+00, -4.609051265911350e+00, -5.541356565731336e+00, -2.553720587440833e+00, 1.316473090388315e+02, 9.790544726299828e+00, -6.070652509056652e+01, 5.421820025040612e+01, -3.974539177107551e+01, -8.074812380178733e+00, 1.391501574931912e+01, 1.115500414087170e+01, -3.379198977878965e+01, -2.920131426523171e+01, -4.033591801365468e+01, 2.686366772983555e+01, -3.263734411277017e+01, 2.007152973135774e+01, -2.470033904372667e-01, 2.031559512003656e+00, 1.865866432414180e+00, -4.250503316737857e+00, 1.423841928616875e+00, -2.714774287201889e-01, 1.435022192078379e+00, -5.354264121819048e-01, 2.111259896053297e-01, 6.084617296016771e-02, 1.981036192471690e+00, 2.165393189745979e+00, 3.897922460266049e+00, -8.096772948921588e-01, -2.608926977493432e+00, 6.167234772965732e-01, -3.652811335014340e-01, 1.429580414363659e+00, -4.114604080915034e+00, -2.731073444938723e+00, 1.792236688697509e+00, 7.277604788456233e-01, 1.187116260401221e+00, 3.552337904708281e+00, -9.606015261846340e-02, 1.788441016519625e-02, -8.635829748523991e-01, -9.281276499296058e-01, 5.699889747010337e-01, 3.485222203022195e-01, 5.287750496773150e-02, 8.557071375239013e-02, 1.940194866152552e-01, 2.992236767904686e-02, -1.146424531422516e-01, -4.257867317900661e-01, 1.094874455698190e+00, -3.915529240386017e-01, 3.603936121369927e-02, -5.011252463422849e+00, -2.767926091781928e+00, -9.190850317193010e-01, -2.833616095773547e+00, 8.356431406004057e-02, 3.339478202798882e+00, -1.176788957149496e+00, 1.274308235514514e-02, 2.881944787821251e-01, -3.046662532391261e-02, -4.872004716676016e-02, -2.874317679092650e-01, 9.865205740693439e-02, -3.704953640377914e-02, 8.192107081100290e-02, 5.572538568367673e-02, -1.160923629909731e-02, 1.115514321838657e-01, -1.275067279904885e-02, -2.679837199641119e-02, -6.439716661169057e-01, 2.331654948482146e-01, -1.425537507201695e-01, 6.311331282358693e-02, -1.709827486641694e+00, 6.341052953530043e-01, -1.416926913034998e-01, -1.295887599678398e+00, 1.447475075404375e-01, 2.043070660166042e-01, 1.117410385847920e-01, 1.131482826374240e-01, -6.038199790902007e-02, -8.626497018135537e-03, 3.090302054817786e-05, 4.356399257878808e-01, -4.008088884167052e-02, 3.459624217737929e-02, 3.429711697775965e-02, 3.643197123961717e-02, -1.645856340801163e-03, 1.928560243189640e-02, -1.042765687121941e-02, -1.943082024061776e-03, -1.740292596440101e-01, -4.529872712771797e-02, 8.209039373790668e-03, -9.905025717325827e-03, 3.304016975175674e+00, 1.201074758254947e-01, 3.229074659879019e+00, -4.565549266944986e-01, -1.302317113975394e-02, 4.509353671867771e-01, 2.862738813997731e-01, 4.630205753948175e-03, -1.064355664959693e-02, -3.146583904028388e-03, 2.799435430006688e-03, -2.364818580434309e-01, 4.062383819885782e-02, 8.759514396371998e-02, -5.043855792559544e-03, -1.546932346935367e-02, 8.797396964132321e-04, -5.001127242605909e-03, 6.498971078317407e-04, 3.980165478487727e-04, -1.846512236463307e-01, 1.364196229659225e-02, 3.304233196447825e-02, -7.420282999206544e-02, -4.697453245835360e-01, 1.956628365192455e+00, -1.448822237673875e+00, 7.161137566089113e-01, -1.422194604133286e-01, -1.225730086487156e-02, -2.669951535785285e-01, -5.083204938213106e-01, 2.226716201474418e-02, -3.804941423017232e-03, 3.475177043497502e-03, 1.334231511327631e-02, 1.888830878683565e-01, 3.497458455094555e-02, 9.798329305968753e-04, -3.157685276291282e-03, 5.597542282199087e-02, 1.636132658469832e-02, 9.617770144315326e-03, 1.910973809228463e-04, -8.262903364592432e-02, -7.666300870909300e-02, 5.153735962005652e-02, 4.919332182371962e-03, 5.669446965805929e-02, -1.569852248415043e+00, -8.540101972560324e-01, 2.212886837086792e+00, 2.184270186163233e-02, 6.059699216357598e-01, -1.351063632263993e+00, -2.748922553864999e-01, -1.389421292229675e-01, -1.674450980145655e-03, -1.169607480113250e-03, 4.121438329826493e-01, 1.256140722036607e-02, 2.686561414732937e-01, 8.372305095707427e-02, 1.334579798730719e-01, 4.527034710325187e-02, -5.637067017960346e-03, 3.258512387228574e-03, -2.377032504898342e-03, 2.338549385297626e-01, -8.018133355692043e-02, 7.349036240842523e-02, 2.563470090210454e-02, -3.147705758520447e+00, 6.188733693767439e+00, -8.494729472916427e+00, 1.190451120635703e+00, 1.011087285434633e+00, -2.078806664335376e-01, 5.135085500871263e-01, -1.386503622506110e+00, 1.630623387142099e-01, -2.113418284050369e-03, 8.952686810104565e-05, -7.229547643728480e-02, 1.157120130088662e+00, 1.586108251937533e+00, -2.798320752320749e-02, -1.725709512361549e-02, 1.784533513068326e-01, -2.022059299645489e-01, -1.890404922546867e-01, 2.037514181070222e-03, -2.106439546443941e-01, -9.906645211373251e-01, 1.053493400616980e+00, -2.444886193832019e-01, 3.621917498554510e+01, -7.531261248804780e+00, 1.702617443013294e+01, 1.590511877543153e+01, 2.149902673076060e+01, 2.857482831705129e+01, 1.515752241419762e+01, -1.874028723800998e+01, 2.123128529521653e+00, -6.082895486900698e-03, 7.108281225857042e-03, -1.028584390168855e+00, 6.610025858284382e+00, -4.531668379095288e+00, -3.675381629975175e-01, 2.072866535082107e+00, 9.513678057432553e-01, 8.016848918796090e-01, 2.777567001736259e-01, 5.923529029909737e-02, 1.819234752134578e+00, -1.205692621941325e+01, -1.073290165605396e+01, -1.411129682291377e+00, 5.051867481184567e+01, 4.652477191187149e+01, -2.374687155580665e+02, 3.271696137735406e+01, 1.443302160701425e+02, -1.322319671122011e+02, 3.010989741175881e+01, 3.050688726927380e+02, 2.538342978189601e+01, -2.048545826141024e-03, 4.181553295203010e-01, 2.426458040243707e+01, 3.642483161845224e+00, 8.524074822850913e-01, 7.816619654608591e+00, -3.420111243074362e+00, -1.636957845212555e+00, -2.733959269322203e+00, -4.463405854944155e+00, -2.641573935740048e+00, 4.758708961874065e+01, -3.587709233964158e+01, -8.051901961973892e+00, 1.281990960163730e+01, -1.645647084513656e+00, -4.175308029998833e+01, -1.851740518031167e+01, -1.715137411593864e+01, 9.523482305873644e+00, 5.718095538143709e+00, -1.047683251011491e+00, -9.182036888285776e+00, 1.178363416350417e+00, -1.222219987675778e+01, 1.137094350349810e-01, 1.900741047315780e+00, 5.522812197339000e-01, -1.249095182891595e+00, 5.589487637818243e-01, -6.218844656143110e-01, 3.650871800510935e-01, -9.790925385813765e-02, -3.520946016757822e-01, -2.826968433554382e-01, 7.864189518502501e-01, 5.005788026478624e-01, 8.296421493355134e-01, 3.222090855390042e-01, -1.589354755962054e+00, 5.776310072228091e-01, 7.907250551008825e-02, 9.594168421061240e-01, -7.128268249108962e-01, -1.460515319037907e+00, -2.880875493586846e-01, 1.492122527858873e+00, -8.732220082881930e-01, 1.680559643782100e+00, 1.402539868923920e-02, 6.223588806671719e-02, 1.332696685600773e-01, -1.907868160076387e-01, 8.389523543363236e-02, -5.917291990549096e-02, -5.506395486540188e-02, 1.707487009077666e-02, 3.979857226031601e-03, -4.840387302754952e-02, 9.776261759261157e-02, -1.210479633250766e-01, -1.052949713902891e-01, -3.090824947529165e-01, -7.113792855839268e-02, -7.507763380490096e-01, -1.485449162436688e-01, 1.410762346177322e-01, 5.662962763585963e-01, 1.413610047715634e-01, -4.389098303797904e-01, 3.800066685748176e-01, -1.685390379852439e-01, 3.344018933768684e-01, 2.138741989778943e-04, -4.007299309367933e-03, -8.815157394736572e-02, 1.882494742471189e-02, 2.813104687542640e-03, -1.972306724661252e-02, -3.110508940226878e-02, -9.723784428203189e-04, 2.771125463942669e-02, -1.036344214599036e-02, 1.377362911809516e-03, -1.660951743528711e-02, -1.216710982832351e-01, -7.193318778125242e-02, -1.077538910474014e-02, -5.970464933497170e-01, 7.089901554680813e-01, -3.870566803326481e-01, 4.360736594114200e-03, 2.410764116843802e-01, -2.860052340303323e-01, -1.229054697380200e-01, 1.651702005220882e-02, 1.351581979531152e-02, 2.243790429200588e-04, -7.333661363948502e-04, -1.720539146725589e-02, 3.007414586263623e-02, 7.707560946476145e-03, 2.755746311168008e-03, -1.156643306567605e-02, -1.736705229867915e-03, 4.179757220350698e-03, -8.753694673081816e-04, -1.119288723877910e-03, -2.861922401905956e-02, -7.646045830872811e-02, -2.600511313446711e-02, -4.756696194492536e-03, 5.154210103686158e-01, -4.201986571688120e-01, -1.092606707022070e+00, 1.073016362997390e-01, 1.024869311422928e-01, 3.615501696802082e-01, -1.348913990593047e-01, 5.104122237369835e-02, -1.489350834071648e-03, 1.850643912817677e-03, 6.881933630502773e-04, 8.557840370073888e-02, 1.361982500759933e-01, 5.243011513922655e-02, -4.392081084053809e-03, 1.677554045769633e-02, -7.526391431408134e-03, -1.445640786260153e-03, -3.964194889223418e-04, -4.558872063340060e-04, -4.033017702288411e-03, 9.918346590074132e-03, 1.033334438870683e-02, -6.615692475166713e-03, 1.027333966224466e+00, -1.207499877361124e+00, -3.722755899309649e-01, 4.945496089772695e-01, -2.164174670318147e-01, -2.388188887471314e-01, 2.209574957457323e-02, 7.420092648964502e-02, 4.979840457313130e-03, 7.273930811018586e-04, -1.043825235666812e-06, 1.199695508249170e-01, 7.948693075280867e-02, 6.913788395090275e-03, -2.011477568342802e-02, 5.316230970257281e-03, -9.371941673998912e-03, -4.463230360774222e-03, -4.024844525739313e-04, -8.756504752948420e-04, -3.938003509089287e-04, -5.281855432952483e-02, -2.621920132027585e-02, -4.771647789426467e-04, -6.008443331850744e-01, -5.340201834177823e-02, 5.622492327927755e-01, 2.811868901065277e-02, 1.279265295952994e-01, -2.159957352793059e-01, 1.393058752238764e-01, -1.063124897299276e-01, -1.327552100670048e-02, 1.398627142822541e-04, -8.392407824660073e-04, 1.979326790332875e-01, -7.322983629555242e-02, 5.227646957111404e-02, 3.544280145168718e-02, 4.226469529829128e-03, 2.030859113424288e-02, -7.023844575606868e-02, -6.604423888055528e-04, -1.477911983243201e-04, 7.211593263553864e-02, -4.859365255795773e-03, -1.329923450831715e-02, 1.497348081510115e-03, -7.608018361843978e-01, -2.200318595392877e+00, 1.204609651070970e+00, 9.355748463793095e-01, 1.462611370287033e+00, 1.746301350744304e+00, 1.374342403127190e+00, -2.687321650054765e-02, -3.630726619978308e-02, 1.353410029894324e-03, 9.202675052306677e-04, -2.673109918150796e-01, 1.034819447384905e-01, 1.325066749129305e-01, -1.241729942921888e-01, 9.442752699311364e-02, 4.014692546184171e-02, -9.485078389961731e-02, -1.261559641145144e-02, 1.075629180927459e-03, -5.296130938025527e-01, -3.866666845893955e-01, 1.456913900082104e-01, -4.467457222883466e-02, 2.273389386581997e+00, -1.432034935075306e+01, -2.089047022141926e+00, -1.700898024130665e+00, 1.793201579878861e+00, 1.153048575130051e+01, -3.320599534760628e-01, -1.687544004411896e+00, -1.126026496698067e+00, 1.144654304470869e-02, 1.931053715703635e-02, 9.779565597943920e-01, 1.162514228791425e+00, -9.449544245696065e-01, 1.906818410227655e-01, 1.417647878244426e+00, 2.925850560244819e-01, 9.067680264911619e-02, -2.792306498616166e-01, 1.672495199424433e-02, 5.211756016164946e-01, 5.894168631365205e-02, -4.582481661006415e+00, 2.035683381889269e-01, -1.632790927024081e+02, -8.609224599410318e+01, -1.397684880668129e+02, -1.134599725309636e+01, 5.151720096508941e+01, -8.931735060706357e+01, -3.318719914587135e+01, 3.515491122442982e+01, 4.955986102653728e+00, 3.386611524063221e-04, 5.641612565059747e-05, -3.235200382850273e+01, 6.311495462915470e+02, 2.213680574090976e+02, -9.246118912971174e+01, 5.050845008518721e+01, -1.553750344483498e+02, -5.895014099097823e+01, -1.714854533374142e+01, -3.696875308744968e+01, -4.381581376855836e+01, -5.064908084879771e+03, -3.171150818926634e+03, 1.636754167849029e+03, -1.571015617551929e+03, 1.528028357002303e+03, -1.968487794831687e+03, -1.384432100716750e+03, -1.345415280115340e+03, 1.101817648461688e+03, 9.672452670061173e+02, 1.148000408039787e+03, -1.139319553865641e+03, 1.160423654011986e+03, -1.236875714457370e+03, 1.472635873659444e+00, 2.664126871094532e+02, 4.458127363301887e+01, -2.277957026455001e+02, 1.864792186906566e+01, -3.105858464060945e+01, 6.777511485660172e+01, 7.912380998423994e+00, 2.377666019150745e+01, 4.011927672538910e+01, -4.043328802178536e+01, 2.018554435718396e+02, 1.384608447988749e+02, -6.106476173341710e+01, -7.148497225431804e+01, 1.863628445183720e+02, 3.793757008073153e+01, 7.823034298465463e+01, -7.807340058556085e+01, 2.235105857301255e+01, 1.067130469750959e+02, -3.018874885127278e+01, -5.773824664282907e+00, 1.715166031183132e+02, 8.096012671593134e-02, 3.048883212486713e+01, -4.226086452693765e-01, -4.373682640152056e+01, 1.026566051169213e+01, -1.968254935206895e+01, 8.857382803437158e+00, 5.869449350310573e+00, -2.236543187133216e-01, -3.548304707838485e+00, -4.449655057826089e+01, 4.855436864298987e+01, 1.110556708856518e+01, -7.087593293908462e+01, 6.384182405201884e+01, 1.402262507159360e+01, 1.001640504483018e+02, -2.220953163821650e+01, -1.279216847752703e+02, -4.320836884056692e+01, -5.738586326748045e+01, -2.115612333616531e+00, -1.020478942084660e+00, -4.052666032266502e+01, -6.023983895708523e-03, -3.065822756803393e-01, -6.284279025197026e-01, 1.115819974574336e+00, -7.071884921044670e-01, 4.925271496163678e-01, 4.324118453746099e-01, 7.955541310293185e-01, -1.920949059380926e-02, 7.829308371526762e-01, -2.190252319040757e+00, 1.166830290023030e+00, -3.867744706611261e+00, 1.526741617729302e+00, -2.974560702535824e+00, -2.454750271552232e+00, 6.153032969852480e-01, 8.723676801278351e-01, -1.521265970017447e-01, -3.303802183367103e+00, -1.260102911353920e-01, -1.994904049900023e+00, 7.075976492557708e-02, -1.054022190918650e+00, 6.453229278479113e-01, -4.431044762923946e-01, 1.150450606670449e+00, -1.427238113784409e+00, -5.272413915220322e-01, 7.754396087319917e-01, 1.629698835998071e-01, -1.483515725232693e-01, -2.229341928154384e-02, -4.440705545967532e-01, 5.251598975431662e-04, -1.331652731642858e+00, -1.035675998534916e+00, 2.505541046830443e-01, 3.327993584295207e-01, 1.161707746744014e+00, -4.129357210660352e-01, -2.129227727624918e-01, -5.194634042674320e-01, 1.008692287336962e+00, 3.836214721345997e-01, -2.677015277477037e-01, -1.384401733444136e-01, 6.324068663438812e-01, 1.567155753428711e-02, -2.243965480370112e-01, 7.539433128072390e-01, 5.955300698985824e-01, 4.284881831034212e-01, -1.794146813551362e-01, 1.865134727381379e-01, 1.278655486009242e-01, -1.736304167374351e-01, 9.486761749621167e-02, 1.126602792471614e-02, 7.473798772596715e-02, 1.820875124992506e-01, -5.559572940943651e-01, 3.239390447802277e-01, -3.278648222802555e+00, 2.938645728316620e+00, 1.050580517586159e+00, 2.285041762810513e-01, -7.218523513698197e-01, -9.460410079218762e-01, -9.357093990646199e-01, -1.840828449059123e+00, -1.718501910704322e-01, -6.212387292336597e-01, 3.674407907701065e-01, 2.541766842320126e+00, 1.893422472702712e+00, -5.843264501453100e-01, -9.234956653984335e-01, -2.027177089610426e-01, -6.603452391796902e-01, 2.340864512168452e-02, -3.122804023436637e-01, -6.262446245949686e-02, -2.305082992097407e+00, 1.408934712410585e+00, 1.106149146411501e+00, 5.767686093784389e-01, -6.406557433794655e-01, 6.831099892835540e-01, 1.656246702720616e+00, -2.290811330134826e-01, 6.224626164788503e-01, -2.331917003778571e+00, -1.362008051931929e-01, 1.200097566635093e+00, 9.414333235000273e-01, -1.195594446031185e-01, 4.500725163106287e-01, -1.946240512590422e+00, -1.700387733460213e+00, -2.238603535449365e+00, 1.108323595323655e-01, -2.762598765098431e-01, -1.084971443871021e+00, -3.571734271238349e-01, 4.586212897907431e-02, 3.109013614243910e-02, 7.798357025290388e-01, 1.440907172299105e-01, 1.197013736470982e+00, -5.496497857018343e-01, 2.655660492649625e+00, 6.779657849155179e+00, 6.363998461541395e+00, 1.453160432709698e+00, 6.979146975625007e-01, 2.828262429042762e+00, 3.224471417631608e+00, 1.583415513162389e+00, -2.429151017864456e+00, -9.630280085430043e-02, 3.317666299096095e-01, 5.002045807740274e+00, 6.205110627495584e-01, 1.957293182871299e+00, -1.792371005204138e+00, -1.518572428640002e+00, 7.869177480299562e-01, 6.254770490793111e-01, 1.021140782681441e+00, 1.035022590791004e+00, -5.344330711409785e+00, -1.067015043405362e+00, -5.220479973151111e-03, 4.919279325855829e+00, -1.163523493061219e+01, -8.908504331015846e+00, 1.414466643686632e+01, 1.681693309897133e+00, -1.007803148407171e+01, -1.859723456718580e+01, -1.607340126633876e+00, -5.508136308910184e+00, -4.951191110651149e+00, 4.061112593818876e-01, -7.250380219832049e-01, -1.628351411319153e+01, -4.549280543675187e+00, -3.173617618751568e+01, 1.072680087674254e+01, 9.434011118511600e+00, 4.781796297591006e+00, 4.123187489414383e+00, 3.262353067229993e-01, -1.406872694425234e+00, 2.330868058456427e+01, 9.488939857060918e+00, 4.638035489930134e+01, -3.737887564106082e+00, -1.279594849403172e+02, -1.237686460461379e+02, -8.665965527986684e+01, 4.638290294580116e+01, 8.423834675164649e+01, 7.590357034897907e+00, -1.014107841859244e+02, -9.810391306463174e+01, 3.830797220277605e+01, 2.167103825807706e-02, 1.262421343032256e-03, -4.172928139173930e-01, -1.514714163548971e+01, 5.980703782395958e+01, 5.292388898019995e+01, 9.974636564577798e+01, 1.379824594622983e+02, 4.124813558596626e+00, -9.328564566796226e+01, -4.980682946145696e+01, -4.083177530914362e+01, -7.066280930637706e+01, -2.401525993804481e+03, -3.731730352667502e+00, -1.752129870462782e+02, 2.059016228459609e+02, 1.322718413724038e+02, 5.515579012000178e+02, 5.323810101662089e+02, 3.450991169418198e+02, -6.026810427393092e+02, -3.713403398529258e+02, -6.350630371897397e+02, 2.667760256970796e+02, -4.359538473873828e+02, 1.402318981906282e+02, 5.857985172015593e-01, -5.168789524522053e+00, -1.378343937610644e+01, -4.296924464941745e+01, 2.000078627358016e+01, 4.239671447807871e+01, 8.701592892187707e+00, -4.034299655532764e+00, 1.976431652371557e+00, 2.755211374793554e+01, -1.159396249049132e+02, -3.387765561024186e+01, 4.488360640188780e+00, 3.450402719250540e+01, 4.615991865653067e+01, 5.151910007283142e+01, 1.008943497357009e+02, 2.806197548468808e+01, -8.800447924520263e+01, -2.143023655179022e+00, -7.855862715397234e+01, -3.282421131808181e+01, -4.077610279963882e+01, -4.252973299888091e+01, -5.888562623818944e-01, 1.628981123021066e+01, -1.547318318590511e+01, -1.186128802810423e+01, 9.151579742109591e+00, -9.072588722817523e+00, -3.582584325401173e+00, -6.565088310260135e-01, -2.933351760699552e+00, 7.940035734576556e-02, -5.557140618756782e+01, 1.014586421095071e+01, -1.409224727134391e+01, -8.059690224451023e+00, 7.233598171037902e+00, -3.398053950187408e+01, -1.362957952923007e+01, -4.893460794213500e+00, -7.583277401624125e+01, -2.561290976255782e+01, 2.079200143340465e+01, 1.538950904928118e+01, 2.108807987295948e+01, 3.799625413608158e+00, -5.572341158146834e-01, -2.406999798159198e-01, -3.789727492967247e+00, 2.317934662995272e+00, -4.830904085811937e-01, 4.913138311306706e-01, 4.294005374310587e-01, -5.022629217646608e-01, 1.958118975244970e-01, 1.413192278813334e-01, -1.230069409436524e+00, 5.573021142214241e+00, 8.423877005394967e-01, 3.256396544983191e+00, -1.447253561498480e+00, 5.130012855266325e+00, -3.670421685147689e+00, 7.872942456678482e-01, 2.758028562593022e+00, 1.107581026021675e+00, 3.607001406524129e+00, -2.268029969234644e+00, 8.579217668794742e-01, -1.021697522377814e+00, -2.367589359281294e-01, -1.870188941308435e-01, -1.944547892873397e-01, -1.276832519815456e+00, 3.754382332895122e-01, -8.411522849944234e-01, -4.454553535718254e-01, -1.084981058252553e-01, 2.866276454282754e-02, -1.272830874041045e-02, 1.728610224216611e-01, -1.991307580768904e-02, -1.846756066972008e+00, 9.559060829576148e-02, 1.426206687998249e-01, 1.627752417809071e+00, 2.025869087357608e-01, -1.686259714989426e+00, -1.125453939861863e+00, 5.746745859928856e-01, 1.922948340764504e+00, -4.907334851153790e-01, -7.147793811002181e-01, 4.106335169549833e-01, -4.861342282907803e-01, 9.384696484745836e-02, 1.650204120759129e-01, 1.789644557766296e-01, -3.523502909874094e-01, -2.554877664576294e-01, -3.093603589196955e-01, -3.037825006328741e-01, -2.139922220494597e-01, -1.487051464169180e-01, 6.298100227512193e-02, 5.999993328791725e-01, 4.145019606792754e-02, 6.153669475616038e-01, 2.731679980626094e-01, 5.112865672783401e-01, 1.040015931100259e+00, 5.621227914661141e-01, 4.910667445980283e-01, -8.286124342953440e-01, -1.050584322773950e+00, -1.477434701203084e-01, -5.747179258881846e-01, 6.066463619358274e-01, 4.106934078964169e-01, 1.514566549867847e-01, 9.811194070958097e-01, 4.098702481720274e-01, 2.216183768798897e+00, 1.791698892140597e+00, -9.359631281679374e-03, 4.783052984397416e-01, 2.821328047822774e-01, -3.438891073763956e-02, 5.463131106486502e-02, -1.412980091602175e-01, 9.620774726629591e-01, -9.832348888315362e-01, -8.967217476340014e-01, -3.273138267340271e+00, -6.304575633924138e+00, -7.459922376626858e-02, -1.844257847481315e-01, 1.094257427540308e+00, 2.961191547606807e+00, -4.837041915553846e-01, -8.273014940438915e-01, 7.654132304903054e-02, -2.203178134691963e-02, 1.682446929079564e-01, 3.000883297384026e+00, -6.699628577015138e-01, -1.195458379663510e+00, -2.027449707792659e+00, 4.902782727659374e-01, -1.628513851214475e-01, 3.770400311588486e-01, 4.977358896610172e-01, -1.688269839563848e-01, -3.572103401733411e+00, -1.264269933994984e+00, 1.444031422646345e+00, 2.325645003887706e+00, -3.934964443878505e+00, -6.920538838203819e+00, 1.944899337988522e+00, 4.683916608038644e-01, -7.273265278932113e-01, 3.203316047612405e+00, 3.777595602675499e+00, 2.498215355068983e+00, -1.199825166296084e+00, -8.607890511780761e-01, -1.580930976122454e-01, 3.686925420919041e+00, 1.877895207005293e+00, 8.373501666789679e+00, 1.920240268751285e+00, -2.264997914849729e-01, -7.549565252381368e-01, -8.264982682438766e-01, -1.057463256467020e-01, 4.817889242681928e-01, 2.127632392884456e-01, -1.846426000843993e+00, -9.535600535479908e+00, -6.362959351994256e+00, -3.064177189560146e+00, -2.858262405334122e+01, -2.408217497506183e+00, 5.529824375965389e+00, 7.668235903281847e+00, 3.850548126648393e+00, -8.866724879783112e+00, -6.460028297079546e+00, -3.247994265028548e+00, -1.978620857207824e-01, 1.957376769389576e+00, -1.408029280792164e+01, 8.777444979423793e+00, -1.012043300041167e+01, -6.744174280448066e+00, 8.888435274135402e+00, -7.176252373607699e-01, 1.297620343224581e+00, 2.799416445173275e+00, -1.097043574074829e+00, 4.925933647557714e+01, 1.966115575441985e+01, 2.539012527057253e+01, 1.956369503455120e+01, -4.402416669098311e+01, -8.606864562289445e+01, 6.847186125494302e+00, 2.356850717319339e+01, 2.819542766313698e+01, -7.135422517398213e+00, 7.836828045607284e+01, 1.276523630057567e+01, -1.097756575319166e+01, 5.699547392934099e-02, 2.228901067027023e-02, -1.099850621152552e+00, -7.929495339292597e-01, -9.311005275981437e+00, -1.584186103375663e+02, 1.963130885378357e+01, -6.420799138616590e+01, -5.730487561591424e+01, -2.353381317703026e+01, 4.525033341129282e+01, 3.126473046705219e+01, 1.136753305166484e+01, 1.836345719091655e+01, 4.572258292016969e+02, -6.553056963314954e+01, -2.197562195935055e+02, 2.711734133709954e+02, -7.978401771827953e+01, -5.056682133144474e+01, 9.313872283741975e+01, 4.769547831385351e+01, -1.512186716808886e+02, -9.564797915283421e+01, -2.356710008261734e+02, 7.062796070616743e+01, -1.703630716643765e+02, 2.546260099200348e+01, 6.918676024631941e-02, -4.560770815312885e+01, 3.646939393508099e+01, -3.590483516360541e+01, -2.601917053881349e+01, -2.285237732035872e+01, 2.514839213109980e+01, 6.145193790363630e+00, 4.627126265376564e+00, 8.236022688836298e+00, -3.812329692044650e+01, 3.331844688255574e+01, 7.753731055909199e+01, -4.233654466331363e+01, -1.405018765230716e+01, 3.549676143124114e+01, -2.428538376695348e+01, 1.621768820999996e+01, 7.985913171184191e+01, 2.572364048692254e+01, 6.452686170212391e+01, 2.855874568576620e+00, 2.420930116633197e+01, 4.216795740025433e+01, 1.366915365106766e-01, -5.251244575149010e+00, 1.432187835892523e+01, 2.226767545479147e+00, -9.443584615991215e-01, -4.453494663590704e+00, 1.642574013105223e+00, -1.689672071208801e+00, 6.338561829140834e-01, -2.007107783740047e+00, -1.322796955844374e+00, -9.743244888157438e+00, 2.980237650719474e+00, 1.600180254951118e+01, 6.868620533110766e+00, -2.210491662608213e+00, -5.629059371840083e+00, -8.393562640732330e+00, -3.404098443506982e+01, 7.198652463598112e+00, -1.660871013411478e+01, -2.833824744483210e+01, -3.026456467375561e+00, -1.715372844494474e+00, 7.602733443834356e-02, 1.040299074766378e+00, 1.142444916951201e+00, -7.323461153238007e-01, -5.194838742566865e-01, -1.108004174376716e-01, 3.578584928285196e-01, -4.885011597053995e-01, -6.443731226995400e-02, -1.547314821681755e-01, -8.122912831388833e-01, -2.394655286535381e+00, -2.509957256075160e+00, 6.111395098951808e-01, 2.522567567419182e-01, -3.852218899425436e-01, 1.896478034738052e+00, -9.763953088160322e-01, 1.688653832940822e-02, 3.648128852291029e+00, 2.816910835041063e+00, 1.645844293079860e-02, -1.997565989660101e-01, 3.639916258793327e-01, -5.838607067345940e-02, -8.053049115007620e-02, -1.714281977172549e+00, -1.596429777258157e+00, -1.448741063447870e-01, 2.928710136514792e-02, -4.952800165595188e-01, -2.082026474341465e-01, -2.082643886001391e-01, 1.951372342668888e-02, 1.450627258086657e-01, 1.046493438305783e+00, -4.984050613841470e-01, 1.353952173058692e-01, -2.686906584737161e-02, -4.064266420310245e-02, 1.877592275016693e+00, -3.754119961884293e-01, 6.194000400204734e-01, -2.013982061962109e+00, -1.468016478983920e+00, 3.737783869516264e-01, 2.870653406495923e-02, 4.815629233248620e-01, 7.907128236548550e-02, 7.967418668800724e-03, -3.898246237415397e-01, 5.278865214285765e-01, 4.371982256742453e-02, -1.235497178782342e-01, 2.708582990477583e-02, -2.565069976711047e-01, 3.820353460479643e-02, -4.290298670358162e-02, 4.554482156546052e-02, 4.122626208873945e-01, 3.986389369084286e-01, -7.712176620006621e-02, 5.536172728603481e-01, -3.331016663022211e-01, -1.272533169439115e+00, 1.142143098775530e+00, -5.539543467256925e-01, 5.240255389361913e-01, -9.645220727605461e-01, -2.108769863943370e-01, -4.156933972849711e-01, 3.851079654233349e-01, 4.733295370011640e-03, -3.092438200095746e-02, -2.650547572192705e-01, 5.420263092342450e-01, 1.222293597164224e-01, 9.450943093184302e-03, -2.563215474849470e-01, -8.151602264815890e-02, -7.344744394187407e-02, -6.860044216667956e-02, 3.241216509549982e-02, 1.543421872161345e-01, 1.233047248049228e+00, -1.776763636619338e-01, -6.512850134676037e-03, -1.429355017358786e+00, 1.194810345424245e+00, -1.249216398580852e+00, 9.717493473390437e-01, -2.549959711628198e+00, 1.823140812968482e-01, -4.726610574963259e-02, -1.071030463618547e+00, -1.397383288712968e-01, 2.616396401164821e-02, 4.929479855888919e-02, 1.770829615843955e+00, -1.309857916671918e+00, 3.272452079684349e-01, 2.981360473852705e-02, 1.502247308211505e-01, 2.143078568772271e-01, -1.341186549330070e-01, -2.229887757495045e-01, 6.682247194271844e-02, -2.658307689534774e+00, -3.944225840480689e-01, -9.217174939986951e-01, 5.720618767605631e-01, -1.901564433583781e+00, -4.796126575192570e+00, -3.929988148653881e-01, -3.547136011506888e-01, -9.504526120820924e-01, 7.500528533846859e-01, -6.849170901516022e-01, 2.259143488186479e+00, 6.487753142072894e-01, 2.542552269975510e-01, 2.494032876767228e-01, 4.603616897511385e+00, 3.277657676558041e+00, 1.470995544478898e+00, 2.180712804031121e-01, -6.246207593908355e-01, 2.097179790447042e-01, 1.090276972078379e+00, 1.071782579737324e+00, 4.158089072951620e-01, -6.295949106948211e+00, 4.223401003170087e+00, -1.545067105127709e+00, 1.219636292036762e+00, -2.436984888129212e+00, -8.180511607725228e+00, 9.074319268627431e+00, 1.555101278128658e+00, 4.238766541628494e+00, 1.061093316266258e+01, 5.550577141601473e-01, 2.041317273121343e+00, 1.816557059713776e+00, 2.416688932040024e-01, -4.966965603831048e-01, -1.546494717926833e+01, 7.622163215415616e+00, 4.507880498093238e+00, -2.565392631897236e+00, 2.780069481474490e+00, 5.936862272418445e-01, 1.418332965831066e+00, 2.966265150088449e+00, -4.821957191985519e-01, 1.315203586185071e+01, 2.518523089175921e+01, 3.031854565894889e+00, 1.264022465808340e+01, -7.813854253173089e+01, -1.342727761669583e+02, 6.782762494445451e+01, -5.259804387756625e+01, 1.248807045632126e+01, 1.234460684948613e+02, -3.010664798474943e+01, -3.226583480062349e+01, -5.973001650815713e+00, 1.945736501606580e-02, -5.073140872945014e-04, 3.028968250928182e-01, 5.350593057911689e-01, -5.511803448212838e-02, 1.307158649757924e+01, -1.286673931435366e+02, 4.386283894442598e+01, 3.354937384272378e+01, 3.511514670496745e+00, -1.292991487946161e+01, -5.095397077300571e+00, -5.875939065429244e+00, -2.793863217919008e+01, 2.745839463742525e+00, -7.450444357118613e+02, -3.490668149522167e+02, 4.454807427748459e+02, -2.231743142593136e+02, 3.430007193138984e+02, -2.586806352629736e+02, -2.129015516838867e+02, -1.937239088191059e+02, 3.773061642826445e+02, 3.031856994912209e+02, 2.204224332366271e+02, -3.258014146177147e+02, 1.995815743868271e+02, -3.039560243474061e+02, -1.266147796870973e+00, -5.186971310243419e+01, 2.770019115885732e+01, 2.647402345971580e+01, 1.438321683609918e+01, -8.350477468063575e+00, -9.807039057085257e+00, -6.488847434089128e+00, -1.410910310932872e+01, 3.161449164100712e-01, 2.484054224718479e+01, 1.228127020357547e+01, -5.743503295567466e+01, 3.730987074457939e+01, -1.797032137691465e+01, 9.817701981224111e+00, 1.942019248820374e+01, 1.583936591498507e+01, -3.357611930984740e+00, -1.959151577053717e+01, -3.683937864843002e+01, 3.152896996575679e+01, -3.702850079973793e+01, 1.150031484447083e+01, -4.543280977594055e-01, -2.635460225611746e+00, -4.017123312447716e+00, 1.092081762077185e+00, 8.738544691366538e-01, 2.846619898658728e+00, 1.221988199910529e+00, -5.239794365498914e-01, 2.119974117606550e+00, 1.706730177339189e+00, 1.698953165382634e+01, 2.739087279352692e+01, 8.282894152472617e+00, 9.576870580840012e+00, 4.868475241107133e-02, 9.596949319610403e+00, -8.167899264983813e+00, 6.630370146076852e+00, 1.940504574677050e+01, 1.814518382635732e+01, -7.230544641906485e+00, -1.534508666807648e+01, 1.096882509947684e+01, 8.990379908282987e+00, -1.041601104583905e-01, -1.879238100967954e-01, -1.869208540541547e+00, 1.281724034260407e-01, 2.937482532666563e-01, 1.370657568415078e-01, 1.957539870765188e-01, -6.782550797648948e-02, -1.821793063468310e-01, -1.553531417187549e-01, 3.583303056164717e-01, 2.489697878767613e+00, 2.925615008067271e+00, -6.638772275753025e-01, -6.065746714112114e-02, 1.116478580883718e+00, -1.208295003354287e-01, -3.295124216587192e-01, -1.423940678949940e+00, -4.409635482023665e+00, -1.055089774190102e+00, 2.238588567630451e+00, -1.797837521663310e+00, -3.420443739827121e-01, -1.155671833929163e-01, -3.425993718863130e-02, 4.442065381200082e-01, -2.936252279453863e-01, 4.585829025886546e-01, 8.717158857593045e-02, -1.180609260210946e-01, 1.509861754447890e-01, 4.845124357195734e-02, -1.005762555734324e-02, 3.599807017517923e-02, -4.478904612574650e-01, -5.741121392969512e-01, -3.814502235760744e-01, 1.074706534341817e-03, 4.817410785976879e-01, -8.986139721093501e-01, 1.194428344142557e+00, -4.908553200644825e-01, 1.023969081358002e-01, 3.959042324750103e-01, -1.371444789941380e-01, 2.037298745422882e-01, -4.105394156953629e-02, -4.981723723072739e-02, -7.081778499321546e-03, 6.717314881643983e-01, -4.982417300923551e-02, -2.855843734661171e-01, -4.390581927588407e-02, 2.074983917581525e-01, -2.090484094263074e-01, 1.972963504503778e-02, 1.535838993597181e-01, 3.236815638128275e-03, -4.680363170262652e-01, -5.814246008924868e-01, 4.249368172644798e-01, -5.989210470000723e-02, -1.249070541528131e+00, -3.587936211697251e-01, -4.395086000175585e-03, 1.543733479064345e-02, 3.252300202383652e-02, -2.455867979734777e-01, 3.209683704356164e-01, 5.904712336458584e-01, -1.666383940211094e-01, 6.157714094287777e-02, -7.311671677383585e-03, -1.041221959645619e+00, 1.107648097157247e-01, -2.328432375782604e-01, -1.894768266110567e-01, 2.536708951461368e-01, 1.687910297169429e-01, -1.251368053585653e-01, 1.509442310150908e-02, -3.587575530346833e-02, 3.821705639756374e-01, -6.941956687727864e-01, -1.791862443343856e-01, -1.271975500650954e-01, 8.803084603719882e-01, 1.698088634269399e+00, 2.171678029799307e+00, 1.294808082946878e+00, 1.792623572043919e+00, 5.113531444198839e-02, -6.798956089045217e-01, 2.984621342644790e-01, 2.650071655831399e-01, -1.008790168250947e-02, -1.236036555079731e-01, -3.452591174249656e-01, 8.478943489639567e-01, -5.748641009158775e-01, -2.105043908210212e-01, 1.420686663439881e-01, -3.375673386754614e-01, 3.658901065366945e-01, 2.487509646139056e-01, -4.856071990565432e-02, 6.679016363470331e-01, 4.464287952823722e-01, 4.079619963931979e-01, 7.775256124924959e-01, 5.268778315981563e+00, -2.768828726986319e+00, 1.182243517346959e+00, 4.589913018493049e-01, 1.208501267759420e+00, -2.264982626391190e+00, -4.761312622416016e-01, -3.329243442892258e-01, -1.098592014190323e+00, -7.533151964392643e-02, 2.380744834549997e-02, -2.774681652292406e-01, -1.842631995601869e+00, -2.944697049103650e-01, -9.502244457413818e-01, -1.488777092790668e-01, 5.691262905985948e-01, -8.980588962993489e-01, 2.252835209730307e-01, 3.428550662138413e-02, 9.000067759319553e-01, -1.676490502758372e+00, -1.254593132609337e+00, 5.404457237096140e-01, -1.126654302433596e+01, 1.700395914772743e+01, 2.231613058760543e+00, -1.747288847217586e-01, -5.456030765774109e+00, -1.437653943947389e+01, 4.199491637469534e+00, -1.606961998447076e+00, -1.973698931606021e+00, -1.962271135857509e-01, 3.421423285223374e-01, -1.367773352630264e+00, -8.921178110877570e+00, -2.315084552122522e-01, 9.049173360853479e-01, 3.795297760020464e+00, 1.304265365286969e+00, 1.796532341465217e+00, -1.928755409002389e+00, -3.097703571641064e-01, 7.007934185613553e+00, -1.179721889049673e+01, 6.897486822577500e+00, -1.361478782842017e+01, 1.646169766823918e+02, 1.185750687621478e+02, -3.494151325513280e+01, 1.004998715853403e+01, -4.385739729163949e+01, 3.464654618167349e+01, -3.676583217739827e+01, -3.118109412836066e+01, -1.656253234838622e+01, -7.658425685627242e-03, 4.552338270866654e-04, -3.307993017501268e-01, -3.834438270769991e-01, -4.333786829297234e-02, 1.338404908376453e-01, 4.479020163826990e+00, -7.293708069566993e+00, -5.388001673069102e+01, -3.625354280536546e+01, -3.690889116989914e+00, 4.275828183565594e+01, 6.304042818133053e+01, -3.786357808039347e+01, 1.177409351213265e+01, 6.236906440446932e+01, -8.559419963600455e+01, -6.831680906673190e+02, 5.274650133507433e+02, -3.224389897731053e+02, 3.548686910387871e+02, -6.666142331459259e+02, -4.947055590238174e+02, -4.142570000470529e+02, 6.090994144288136e+02, 4.511673695440350e+02, 4.439232640862567e+02, -4.535398200024352e+02, 3.810305949336537e+02, -4.073764432535617e+02, 1.047312010548110e+00, -8.554771969774638e+00, 1.706887388171880e+01, 7.341247895893331e+00, 8.989735314234945e+00, 1.962087829346439e+00, 1.989158474556962e+01, -3.026749877743601e+01, -8.549587159082515e+00, 1.707257240667192e+01, 2.389197061244018e+01, -3.737104001991596e+01, -3.243197147918705e+01, 3.800413245544802e+01, 3.325686859524281e+01, 2.023694276418886e+01, 3.341548560918947e+01, -2.751251159653084e+00, -1.837458613208024e+01, 2.203620459622418e-01, -6.207524884569288e+01, -1.355515678872969e+01, -2.875542975216328e+01, -4.910228948085999e+01, -4.399223186320392e-02, 1.106104154969379e+00, -1.156014852988263e+01, -1.723104576583108e+00, 8.364653030666471e+00, 2.942817102676249e+00, -1.630210752505844e+00, 9.906820440772790e-01, 4.771365595655591e-01, -1.667897864949427e-01, -5.949139572626150e+00, 1.956465734913440e+01, 9.857440997740908e-01, -3.922319386036618e+00, -2.235376888901567e+00, 1.094534636143337e+01, -7.350220402040032e+00, -5.943931236265187e+00, 3.175728951921118e+00, -1.260145020321838e+00, 1.646550507165226e+01, 4.768436508956403e+00, 5.866381131267953e+00, 9.495667232016340e+00, -1.943095448286078e-01, -2.739028851215633e-01, 1.329445659691258e+00, -4.768056917026237e-01, 2.533988005287958e-02, 4.136720805335228e-01, 5.700274183049755e-01, -6.501815908910635e-02, -3.013838898586219e-02, -4.466926491319924e-02, 2.251343990592572e-01, 2.976728795670411e-01, 2.299282620601941e-01, -3.776163058837078e-01, -2.572035348470106e-01, 2.090683128372302e-01, -2.017698374552064e+00, -1.129949016320137e+00, -7.382564950343964e-01, -1.491100025007546e+00, -4.924505453536708e-01, 5.435191031459589e-01, 1.167522491544458e-01, -6.008748244143916e-02, -1.725256320980039e-01, 7.958564226218431e-02, 1.311810667042622e+00, 4.594501858097383e-01, 6.099772235023380e-01, -4.788732395979500e-02, -4.332318903652414e-02, 3.324697582899714e-02, 5.251441854882184e-02, 2.835999134854687e-02, 3.140797309674850e-02, -1.012076065380063e+00, -3.756142102184928e-02, -4.967383324504674e-01, 5.443565047690914e-02, -1.883231576780939e-01, -7.429530109390980e-01, 1.903392779925282e-01, 1.228239324507062e-01, 3.487321243157473e-01, 4.716666799147663e-01, -1.624734817306014e-02, -9.784447362738422e-02, -2.810402454093295e-03, -1.034121415848537e-01, 3.177707779019993e-02, 4.022813308428204e-01, 2.755179606833776e-01, 1.764964507537901e-01, 3.924197090173375e-02, -4.685247102341537e-02, -3.710984883464076e-02, -4.034915175405775e-02, -1.061872853206353e-02, 9.716052853448100e-03, -1.460305323006092e-01, 1.101787923274025e-01, 4.969000044586189e-02, -9.371163612383697e-02, -9.927727656338008e-02, -2.950740851880509e-01, -4.685318708396725e-01, -9.334865927523027e-02, -1.888860065555232e-02, 3.387606562148380e-01, -1.647201096105615e-01, 7.216346863501584e-02, -4.630316723786838e-03, 2.712617963452091e-03, 6.137435073615240e-02, 3.748992998724955e-01, 1.955766082721894e-01, 2.170506246168977e-01, -8.895699838680643e-02, -1.201448717139661e-01, -4.017302440735179e-02, -5.467083592158280e-02, -2.220973719455639e-02, -1.576903007161176e-02, -1.488176956429664e-01, 4.745456107817130e-02, -1.440593821224032e-01, -6.160516607702247e-02, -2.300516118075706e-01, 3.334934053212651e-01, -2.272258766543463e-01, -2.043614878525792e-01, 3.411828057180221e-01, -9.773671311225034e-02, -3.943210068946010e-02, -2.722036782764767e-01, -4.940843965425532e-02, 1.574132228170413e-02, 6.505618094705772e-03, 3.709502462311871e-01, -3.221018009350285e-01, -3.754954300974673e-01, -5.466848252556196e-03, -4.418229076864577e-02, -2.769286888664951e-02, 1.443445467630517e-02, 1.051035763437106e-02, 2.413411482635556e-02, -4.792027362845155e-01, -2.968090058932530e-01, 3.357304999476878e-01, 9.709531976433114e-02, 1.294179811453849e+00, 3.750807146023520e-01, 1.311628817574858e+00, -4.352589652924027e-01, -3.792620365541973e-01, 3.851507271949497e-01, 2.754314696948240e-01, -2.409747270101640e-01, 2.916069330717546e-01, 1.090749973582489e-01, -1.426852660328134e-01, 2.861865781694202e-02, -1.312715723363022e+00, -5.606200790050488e-01, -7.968330017149425e-02, 3.014716032662663e-02, 6.114579783309615e-02, 2.303557554053891e-02, 1.131954669913700e-01, 5.904402187139966e-02, -2.056948807541298e-01, -1.766478359562137e+00, 7.008792777671911e-01, -5.570128480654140e-02, 5.218181541422690e-01, 3.111525838539370e+00, 1.407960911032704e+00, -2.179880801373264e+00, 4.434007224882997e-01, -7.178434534620458e-01, 1.461568724535562e+00, -1.875959530773415e-01, -1.109219252531305e-01, -1.644935634928080e-01, 1.908530870935651e-01, -6.418951288073017e+00, -1.372396393656196e+00, 1.942872938635516e+00, -1.789468696397787e+00, -2.969322827493823e-01, -7.000629441855148e-01, 6.411458280181084e-01, -3.754933504440003e-01, -1.856353588194196e-01, 1.244557773787454e+01, -4.707895375676119e+00, -5.493461198826289e+00, 3.923823629568622e+00, 8.045452526366454e-01, 2.652340282729066e+01, 4.008484028753041e+00, 2.865855103196798e+00, 1.109212369527278e+01, -2.402683963807262e+01, -1.257660692474505e+00, 5.934374761658419e-01, 2.209203941819851e+00, -3.127916475227711e-02, -5.659017710749114e-03, -1.578360062375989e-01, 4.355098325139797e-02, 1.294517335565160e-01, 2.950979819438956e-02, -2.597109228773459e-02, 3.916056424202256e+00, -1.113509271399849e+02, -4.474142291650043e+01, 1.382139071973904e+01, 2.221162336071142e+00, 1.789278955556341e+01, 3.235453363176099e+01, 3.138110210165837e+00, -1.002515540252538e+01, 1.532065052635656e+01, 1.297514683456845e+03, 5.349779338674678e+02, -5.369926618645353e+02, 2.832466197517276e+02, -3.988571242536442e+02, 4.011071943532572e+02, 3.022420171362071e+02, 2.527660435120942e+02, -4.806792796519627e+02, -3.396950193127700e+02, -2.477787366634753e+02, 3.605033387217861e+02, -2.285216939874424e+02, 3.381727069650921e+02, 2.698678194045031e-01, -1.789025373770628e+01, -8.421333127436471e+00, 3.743508672589392e+00, 2.030333724415156e+01, 9.051417161171065e+00, -2.958898742104212e-01, -1.380558221275699e-01, -4.195650117946625e+00, 1.028673638727039e+00, 8.594839052350665e+00, -1.289833169915718e+01, 1.551531483772528e+00, 2.713400804706822e+01, -2.101974285183617e+01, -2.872316200115354e+01, 4.599039557935317e+00, 1.175373381962146e+01, 4.208331875674310e+01, 6.978034243049128e+00, -2.916553441626111e+01, 7.666360989100103e+00, -4.166223257230369e+01, 2.266585231422531e+01, 6.913149520616500e-02, 1.928498425241836e+00, -1.007636275421422e+01, 5.864105862825671e-01, 4.252754963872801e+00, 1.534045023951385e+00, -4.366668518743512e-01, -9.258138180458696e-01, 5.262175938112926e-01, 4.132676770003941e-01, -5.630912860242976e+00, 2.221936003279036e+01, 8.765966979099105e+00, -2.736990558026021e+00, -3.883247346490605e+00, 1.767094795085621e+01, -1.046188302638847e+01, -1.599681279579470e+00, -8.102495391675056e+00, 8.608864662699606e+00, 9.526201638565572e+00, 1.156838432013008e-01, 3.352580764224361e+00, 2.240511339570181e+00, 6.534849693858179e-02, -5.457185291908447e-02, 4.951926676686468e-01, -4.731318058526605e-01, 6.033599424651377e-01, 3.345645224553590e-01, 3.724019127673184e-01, 2.940348362038155e-01, 8.363659309323339e-02, 1.074905810384860e-01, 5.885865785198242e-02, 7.639303029776496e-01, -4.907483817433993e-01, -8.261590737381518e-01, -2.470717906203168e-02, 9.558498952255881e-01, -4.420760684067816e-01, -7.020536494209945e-01, -5.010917057734831e-01, -1.541048444906689e+00, -6.161351454424792e-01, 4.080275273405575e-01, 1.460237151879703e-01, 1.106270331197606e-02, 2.043843060718011e-02, 4.713075837331025e-03, 7.202354149318940e-01, 2.466535789752301e-01, 1.368157977419382e-01, -1.227736364253193e-02, 2.187199800540619e-02, 7.450752218056945e-03, 6.933883157844260e-02, 6.348198090755122e-04, 1.277178296649810e-02, -7.363209029730420e-01, -2.116687970622752e-02, -1.597693120817747e-01, 5.285955400422308e-02, 1.882115668911875e-01, -4.279808644380020e-01, 3.114841408051792e-01, 2.147601527925375e-01, 2.868615280810193e-01, 3.210171173435672e-01, -6.284074075418909e-02, -1.648083967537665e-01, -3.221021141061672e-02, 1.849733309831498e-02, 1.153939239420832e-02, 3.905374998730338e-01, -3.578584399151472e-02, 1.275424734347390e-01, 1.778632797811644e-01, 9.317142818270738e-03, 2.797950166690258e-02, -2.458865665078783e-02, 2.816548817734725e-02, 1.606188043337970e-02, -1.654688772936469e-01, -2.553739079371726e-02, -1.873722067885743e-02, -8.875385714360530e-02, 8.046156680134273e-02, -4.128786927788012e-01, -4.760363030105900e-01, -1.796389394170359e-01, -2.720182977392318e-01, 1.775894518950627e-01, -9.150795873892564e-02, -1.100063396893844e-01, 5.153871599679757e-02, -2.550187184500417e-02, -7.677899998296200e-03, -1.596830936339346e-02, -8.933921387800400e-03, -7.986590981165080e-02, -2.130640864086891e-01, 2.543047560088833e-02, 4.418934164331300e-03, 9.836364074578818e-05, 2.096821724735588e-02, 2.055308855089084e-02, 1.335353389825454e-01, -5.778364349212135e-02, -6.764701226664548e-02, 6.067468941213955e-02, 3.622752193265581e-02, 2.213571831827563e-01, -1.835730649692592e-01, -6.336997152692195e-02, 1.854762605656813e-01, -3.155852834531692e-01, -9.789866452105218e-02, -5.172444297635830e-02, -9.100898212308189e-02, -1.170245304604470e-02, 2.295423314760473e-02, -1.551758414997527e-01, -2.942053249055820e-01, -7.666567112964064e-02, 1.235209373806154e-01, -2.620659633496304e-02, 8.048061840827209e-02, -9.948585713440447e-03, -2.839232804718390e-03, 1.091120866982952e-02, 1.342903749607340e-02, -2.236754417772502e-01, 4.324265451446634e-02, 1.749386916416815e-02, 1.241397802330461e+00, -1.273065440525509e-01, -1.424460325902205e-01, -7.045641306808372e-01, 1.415585372662382e-01, 7.029346750287778e-02, 1.051851011584833e-01, -1.092978328584653e-01, 1.531619322748543e-01, -3.215560189177073e-02, 3.789037185751663e-02, -1.308832189821268e-02, -7.899343152997635e-01, 1.624034776285978e-01, -8.237953007503790e-01, -1.172431717163883e-02, 1.897267060915982e-02, -1.048963096437872e-02, -4.047246778263999e-02, -3.099546152589626e-02, -1.961805377744006e-02, -1.076691275936078e+00, -2.644435510176241e-01, 6.696045675578665e-01, -8.502292008403788e-01, 1.286303598997941e+00, 2.814902024175211e-01, -1.259350725746766e+00, -1.571764054758030e-01, -8.658609073278757e-01, 3.096311852625192e-02, 1.859619537921772e+00, -6.642565267016085e-01, -3.671134993762988e-02, 1.964410836557134e-01, -4.518997353810710e+00, 1.133398094142656e+00, 4.452236779989595e-01, 1.070374199940464e+00, 7.227115033698633e-02, -4.268277569156970e-01, 4.032537167506677e-02, -4.018651127242611e-01, -2.908857447578970e-01, 9.220686216287518e+00, 2.435408884723397e+00, -4.572581857206987e-01, -8.659715571633809e-01, 5.737118190628768e+00, 4.833514472235310e+00, -5.619045616943414e+00, -7.004760125667734e+00, -9.059653565788471e+00, -6.260978709379562e-02, -8.648468421279560e+00, 9.645534546083939e+00, 5.791361031081537e+00, -9.820919256467188e-04, -1.271769411553048e-04, 3.574915532196870e-02, -7.114452850025937e-02, 1.485044443534723e-01, -1.374337742444124e-02, 1.023732244544353e-02, -1.764629102495797e-02, 2.416568031846440e+00, 1.378333855085393e+02, 1.024049297932077e+02, 1.445164288633565e+01, 6.732770155881619e+01, -7.113905155181928e+01, -2.124027598532927e+01, -2.337864278264586e+01, -5.165133302433512e+01, -3.982125932608847e+01, 1.415153525305990e+03, 7.945698644962196e+02, -4.936224530231955e+02, 4.998476651181414e+02, -4.032224182901395e+02, 5.176684482278840e+02, 4.131165418886544e+02, 3.734602463930443e+02, -3.722055740859210e+02, -2.884121582425263e+02, -3.875522009255719e+02, 3.227070543102997e+02, -3.696286229573118e+02, 3.212792587049852e+02, 3.000417839633300e-01, 9.871450069626539e+00, 1.432296084178074e+00, -2.374307532745509e+01, 1.188628108142132e+01, -1.289704514064619e+01, 1.530307858101552e+01, 1.088786364168969e+00, -8.885982078507764e+00, 2.140665790372880e+00, -9.120835488610663e+01, 3.066039971423086e+01, 2.508081336445755e+01, 7.401456935802141e-02, 9.180353712266316e-01, 2.553662589350626e+01, 2.548575788711244e+00, 2.710565037742931e+01, 7.712206573328980e+01, 1.364673795101712e+01, 9.546337027268120e+00, 2.110882078835830e+01, -2.504324070230218e+01, 1.122284244238798e+01, -2.219682174266940e-01, 2.506726487297923e+00, -8.100109667784889e+00, -4.369343310850702e+00, 1.415902673383003e+00, -2.418339643063894e+00, -1.328396659496566e+00, 5.959395148123959e-02, 8.891406360540619e-01, 4.192036374601885e-01, -2.028188349727091e+00, 3.234390180852053e+00, -5.350623497075303e+00, -6.719914053066635e+00, -5.238362730606833e+00, 1.599524995498618e+01, 7.006104024221178e+00, -8.402679131527211e+00, -4.771308256620551e+00, -1.774677677539108e+00, 5.056054329043454e+00, -7.416515147515835e+00, -1.902109446054312e+00, -4.098598220721846e-01, -1.092818039148730e-01, -2.813966042861981e-01, 1.091860780215174e+00, -7.850508702958253e-01, 3.942460704940296e-01, 1.669523536130257e-01, 3.955103826721162e-01, 9.079690600557948e-02, -5.887083261527112e-02, -3.158348783476642e-02, 1.416573490966318e-01, -3.614161931468774e-01, -1.109694210179062e+00, -3.559355779359980e-01, 2.138413872285438e-01, -3.159968600132130e-01, -5.111589579833015e-01, -7.123743356895412e-01, -7.473361239033725e-01, -6.477867979034777e-01, -7.514191688195043e-01, 1.876660744984231e-01, 3.461540334772968e-01, -6.807012611861679e-02, -1.912659617195400e-02, 2.808564675555384e-02, 7.152788451006979e-01, 2.431465124049670e-01, 1.140501445276416e-01, 1.348088739186392e-02, -5.063313471437727e-03, 3.857215683968262e-02, 6.301554395386144e-02, 5.279134580698778e-02, 1.512944798733387e-02, -5.613232388087095e-01, 5.135595722737425e-02, -6.948682006970554e-03, -4.892751573200998e-02, -3.527204345379174e-01, -3.665068344703724e-01, 2.585859732905567e-01, 1.489594283116751e-01, 6.849434959975219e-02, 2.347367302542821e-01, -6.618282639150606e-02, -1.371786301942496e-01, -1.901989352090194e-02, 8.585882680770351e-03, -6.506429409573949e-03, 1.830425930517698e-01, 1.955745948513023e-01, 2.120399507423997e-01, 8.883584002588109e-02, -1.068242538875115e-01, 2.882545508524549e-03, 7.823923307911237e-05, 3.172254270111448e-02, 4.249218595351919e-03, -6.731064082597124e-02, 7.739412179349231e-02, -1.141181015511527e-01, -6.518547703581086e-02, 2.373795245817499e-02, -3.098846871484574e-01, -1.226819522869859e-01, 6.208396114780390e-02, -8.900804739301846e-02, 2.919188293836651e-01, -2.074848066691862e-02, -1.833447078991888e-02, 4.395186906774906e-02, 4.968623893226155e-02, 6.715790314117048e-03, 1.045149936814205e-02, -6.467793892415302e-02, 1.298871003522540e-01, -8.020916245584005e-02, 3.261128664670809e-02, -1.178741344098370e-02, 2.376067061156335e-02, 3.617876587910798e-02, 1.480932150313638e-02, -3.166206305065844e-02, 1.839779835691009e-02, -1.486599341432417e-01, 1.632690614283697e-03, 2.818026704168171e-01, 3.565690430437976e-01, 5.351586001869301e-03, 4.085775668469239e-02, -1.940135927165860e-01, -8.069674136284796e-02, 1.491722132622595e-01, -1.678766411505000e-01, 5.794534044723181e-02, 2.062747271755384e-03, 2.496193280633610e-02, -1.855120697309084e-01, -5.196113078510028e-01, 1.674707046905811e-01, -5.040120208450747e-03, -2.878360300123014e-02, 3.084976398165932e-02, 3.586145252315852e-02, 2.667189710855844e-02, -1.203570482156691e-02, 8.597964544607116e-02, -5.045867757928351e-01, -1.469455190890983e-01, 5.887433250433362e-02, 7.982318101951339e-01, -7.906436549134717e-02, -4.098530305912876e-01, -6.914425951047821e-01, -2.853517972336118e-01, 1.461256844326278e-01, 4.852375281629884e-02, 2.632876592785979e-01, -2.458416445366475e-02, -3.013905924434767e-02, 1.101518869132935e-03, 8.801520398112110e-02, -2.716899024199547e-01, -1.989901818989624e-01, 1.090486416616257e-02, -8.579935711444808e-03, -1.596611845578083e-02, 1.379313183995917e-02, -4.665362097653786e-02, 2.140802786393662e-03, -4.865797892437841e-02, -6.704995236584768e-01, 3.346782004019981e-01, -4.597088032000902e-01, 2.617879741706723e+00, 1.686463671982074e+00, -1.128067193642640e-01, -6.785282095071135e-01, 4.882586306856706e-01, -1.098599599072888e+00, -3.747206431033300e-01, -6.251374335080973e-02, -3.126827904062937e-01, -9.555047242116380e-02, 1.268977486413313e-01, -3.323006986954317e+00, -1.135372877170832e+00, 1.377294448061703e+00, 2.402693329800322e-01, -8.011736080703785e-02, -5.970039635474832e-01, 1.598135111123192e-01, -2.436596004802715e-01, -1.373292605454692e-01, 6.500595353164868e+00, -2.909755308155562e+00, -2.825763935557130e+00, -8.470777807243697e-01, -6.490592402883571e+00, -4.880265305629851e+00, 6.757991963706748e+00, -2.018841019413830e+00, -1.053357218279347e+01, -2.913287209034611e+00, 4.498570609807388e+00, -3.946885070694872e+00, 2.049235873137397e+00, 4.002388483828489e-03, 2.867297155311685e-03, 1.104854150562606e-01, -7.072046367151573e-02, -3.457011404068528e-02, 3.902863483894507e-02, -5.390290487371509e-03, -1.616637207478618e-03, 3.645092754152138e-03, 5.270442426014912e+00, -1.967485377406326e+02, -2.810944776578724e+01, -7.151720872361723e+01, -4.107877919234269e+01, 1.086795549629714e+01, 2.321793263961979e+01, 6.340402227313482e+01, 2.579249383957223e+01, 3.807899943172168e+00, -1.837736280831288e+03, -2.245764888408430e+02, 5.647686964032169e+02, -4.445145308305172e+02, 3.236371807228859e+02, -2.458016327267213e+01, -1.521714324261386e+02, -8.661220498680672e+01, 3.434269199985821e+02, 2.220812432970752e+02, 2.839785196125310e+02, -1.893320641339980e+02, 2.086608957697741e+02, -1.328673631204346e+02, -4.117423708372420e-01, -6.629539147341709e+00, -7.607873438773445e+00, 3.968605037866757e+00, 1.426040158831155e+01, -1.047198370005436e+00, -7.461152430780575e+00, 8.814416091619730e+00, -5.252560054350162e+00, -3.422024820459074e+00, -6.282005359375457e+00, 3.078333205758841e+01, -1.775335375731312e+01, 3.725020613802627e+01, -1.468796992225276e+01, -3.657372104799723e+01, -5.496339258537255e+00, 1.857396034176180e+01, 2.510156763299711e+01, 5.068465297888549e+00, -2.732285776153094e+01, 1.899061511720481e+01, -2.897070908563833e+01, 5.231969802173740e+00, -1.506572199769673e-01, 4.845131484434024e-01, -2.352032437791467e+00, 1.152804793413530e+00, 1.616637804288116e+00, 6.789496880446223e-02, 4.522562101327166e-01, -2.995242106123078e-01, 4.470521099459714e-01, -3.738180806722931e-01, 3.218460596474986e+00, 5.266181473867878e-01, -9.786251462114551e-01, 8.430249259130896e-01, -2.322687325933295e-01, -5.022626593167510e+00, 5.375918811546764e+00, 5.097851734253003e+00, 2.936744528137697e+00, -5.581713212737842e+00, 1.524759801600475e+01, -6.414766290196042e+00, 3.531353479405709e+00, -1.635445634517383e-01, -3.323907423129919e-02, -3.519029966202923e-02, 5.103629093496846e-01, -2.381992040810551e-01, -8.391983654163455e-02, 6.094008691330068e-02, 1.501219596800802e-01, 1.893084565087324e-02, 1.743703229742833e-02, 5.521597854828783e-02, 1.552695971923886e-02, -2.465754156821538e-01, -1.585082162737013e-01, -2.201943904038186e-01, 2.817051073134083e-02, 7.265782510591735e-02, -6.540846609172336e-01, -3.139459885869149e-01, -3.513624373707573e-01, -3.899204353587010e-01, -5.678020433412869e-01, 9.359534377849082e-02, 7.796520046329036e-02, -6.378138133226804e-02, -7.216088088730409e-03, 1.079334230574482e-02, 1.413885378209369e-01, 8.511039831117348e-03, 2.972444830220791e-02, 2.618283042479266e-02, 1.846632340170301e-02, 3.411834088808489e-02, 1.859512172251370e-02, 6.675822788842378e-03, 1.292495267975927e-02, -1.823213937818258e-01, 3.907960253308247e-02, 1.504435968195214e-02, -1.251217530171907e-03, 6.989870454444952e-02, -3.182930219575049e-01, 2.051912179088355e-01, 1.152055697361778e-01, 9.120195382836919e-03, 1.261037259057090e-01, -2.643634867304578e-02, -4.036802120573177e-02, -1.824289507132267e-02, -4.528219787933116e-03, 6.303019718750738e-03, 2.884018795701455e-01, 2.029530816680524e-01, 9.449569957971861e-02, 9.252836567102724e-02, -1.591715414134461e-02, -1.003546770438299e-03, 4.400181341083415e-02, 1.534366006580651e-02, 4.041261094679372e-03, -1.905100288638185e-01, 1.021645510996703e-01, -1.947448710091985e-02, -6.704249234391418e-02, -7.617518950628527e-02, -2.023505490553926e-01, -4.823958823914287e-02, 1.541188685289552e-02, -9.400836084441140e-02, 7.961667893315541e-02, -1.516126607234393e-02, -1.355798671932535e-02, 3.136899172033033e-02, 1.847310123518967e-03, -1.727130944807195e-03, -2.211735073899861e-01, -3.429170626092918e-02, 1.041624229083343e-01, -3.678047786191081e-02, -1.131751337541512e-02, 7.588084683681537e-03, -5.191916598455017e-02, 1.096517706922815e-02, -6.011080277729891e-03, 1.713181945031409e-01, -4.335960218678713e-02, -7.361546708547567e-02, -2.492528257940113e-02, 2.002713966594183e-02, 1.561556741172897e-01, -3.460655196636210e-02, -4.093610721727027e-02, 1.845624500845484e-02, -8.545406573701544e-02, -1.429110208913298e-02, -8.569918569413627e-02, -1.225537307409125e-02, 3.658063200995058e-04, 9.731038911785813e-03, 1.012466957840665e-01, -2.032129972823828e-01, -1.087824942427450e-01, 1.487692580096124e-01, -4.245415499529342e-02, 2.070739161730216e-02, 1.774038748898350e-02, -4.424426527829940e-04, 1.404459571419797e-03, -1.217649818454253e-01, -1.596206654743839e-01, 1.125119868524581e-01, -6.613817086030416e-02, 1.153202868900493e-01, -2.488901754181115e-01, -3.578212088726006e-01, -3.306600155227643e-02, 1.777222417954906e-01, 1.939369455640237e-01, 3.287702441234856e-02, 5.421028941597309e-02, 1.365782395041690e-01, -2.145073007148205e-02, -1.218069217167471e-02, -1.375074533615062e-02, -7.087701341188610e-01, 8.850131530052795e-02, -1.515756671507578e-01, 6.849458890507959e-02, -3.011396299013878e-02, -2.156452529749730e-02, -5.264657104841679e-02, -1.611850884085310e-02, 1.175974926736810e-01, -9.116102401772617e-01, -2.974123006211713e-01, -2.329995912131755e-02, 7.897418939770297e-01, 3.073250469880882e-01, 1.072863389957505e+00, -1.260466983061839e+00, -7.123841569969211e-01, -6.437208438783856e-01, -1.414948418129608e-01, 1.461047788671866e+00, 4.300431431895108e-02, -2.879656218869499e-02, 5.264998297272786e-02, -1.063631285638145e+00, 6.461835998156135e-02, 2.071963531903169e-01, -1.588766717246195e-01, -3.996622052736631e-01, -1.821230235818166e-01, 3.555393270870754e-02, -2.329976491026112e-02, -5.887175279256830e-02, 1.740031208035061e+00, -9.813036108903394e-01, 1.544032204240832e+00, 5.311870117303807e-01, -4.651900763815760e+00, 3.924623034144864e+00, 1.086730146283678e+00, 1.945128819271124e-01, -5.589418550841832e+00, 2.863876981805466e+00, -1.099379208295135e+01, -3.820547885164104e+00, 1.739982577768999e+00, -7.545283192997279e-04, 2.612707055147501e-03, 9.722375656381967e-02, -2.161003872449730e-02, -1.754909872369088e-02, -1.891157900935833e-02, -1.534986352187459e-02, -8.903826928136625e-03, -2.236570816725690e-02, -2.595188129371730e-03, 1.212931875234189e-01, 9.689461967828940e+00, 1.180792772883896e+00, 2.530632083605538e-01, 3.615040329216458e+00, -1.270463977087259e+00, -5.435283546997249e-01, -9.656651758081072e-01, -2.104755049999871e+00, -1.375680807177364e+00, -3.546222262153994e+01, -5.989735047788602e+01, 2.790775606885869e+01, -1.876461575906740e+01, 2.275205301184922e+01, -5.338364097626505e+01, -3.475255412300440e+01, -3.059236325528007e+01, 3.375806311343661e+01, 2.459829843248540e+01, 2.351215476943736e+01, -2.747326033707620e+01, 2.192384596739087e+01, -2.755730627105292e+01, 2.958220524641730e-02, 7.056267629746875e-01, 2.428440021535017e-01, -3.031155526165354e-01, 2.534903675615656e-01, -2.551387396210870e-01, 9.423451903151006e-02, -7.622574099722575e-02, -2.539008862150968e-01, -1.912212463493670e-01, -7.945707252052575e-01, -1.501615669006938e-01, 1.303445626563134e-01, 2.657461279109952e-01, -2.192563870430928e-01, 7.954661521246246e-01, 5.962110656930550e-01, 6.019291342426389e-01, -5.421662990008513e-01, -7.950536780875813e-01, -9.050385026660672e-01, 7.690123607016256e-01, -9.751470525422393e-01, 3.365080060589809e-01, 6.787505101376243e-03, 1.660458241333201e-02, 9.475112035051868e-02, -1.828598707669417e-01, -2.482601963792693e-02, -1.804104392881795e-02, 3.604115743016674e-02, -1.017715800063572e-02, -6.252023004290415e-03, 2.285297335872303e-05, 5.686008431843486e-02, -7.831882599350980e-02, 9.708524536682411e-02, -1.333148865503949e-01, 2.878690323299138e-02, 1.701066729639372e-01, 1.688572920799133e-01, 1.064692391408655e-01, 6.649318083691210e-01, 2.473714526668259e-01, -4.026909870592697e-01, -3.401147641185943e-02, -7.247539999788609e-02, 5.624834914918568e-03, 7.503020472433141e-04, 7.177193634380272e-05, -8.840413803852136e-03, 8.067928239941576e-03, 1.026136658125150e-02, -1.089663910525968e-02, -7.503576801849071e-03, -2.039567037626636e-03, 4.866161287052466e-04, -1.682566664066150e-03, 1.328334998541111e-03, 2.172076242307863e-02, 2.972102518514851e-02, 2.247638961193215e-03, -1.417113610247348e-03, 1.624415216987830e-01, -2.115977798681910e-02, 5.639522275378914e-02, 3.877733836802820e-02, -1.426801997997187e-01, -5.142516394644257e-02, 2.426633926245204e-02, -3.442898354409334e-02, 7.326510412533033e-03, -1.708082811577947e-04, -4.561020280716766e-04, 5.641225266517266e-02, 2.961383827578319e-02, -2.452836430939099e-03, 7.710306146596722e-04, -3.588430096917321e-03, -2.764892331966694e-04, 2.172859232863191e-03, 7.932832230940442e-04, -2.548834485112331e-04, 1.402958896311788e-03, 1.884809110147722e-02, -9.597495464324875e-03, 7.655562591294829e-04, -7.420951199207446e-02, 1.588070940666206e-02, 1.319616947818564e-01, -8.878409839367432e-03, -3.164180028863142e-02, -5.277723554787897e-02, 2.608841496674390e-02, 1.313031460500607e-02, -3.002616876612967e-05, 4.405605984538697e-04, -8.814792225935311e-05, 1.206367710672177e-02, 1.137442314383356e-02, 1.252109048338238e-02, 5.384640638574459e-03, 4.167317219837132e-04, -1.814618350613250e-03, 6.002686960332753e-04, 4.331233407156965e-04, -2.300038310529958e-04, 1.003742764938356e-02, -1.281935297181945e-03, -3.044599925458545e-03, 7.518588905507466e-03, -1.266107137213243e-01, 1.408309631610515e-01, 7.704527686397790e-02, -7.344812291067597e-02, 2.508134445394984e-02, -3.807351780767236e-03, 1.187926996429508e-02, -4.452548935733029e-02, -1.569766612534663e-03, 9.652147508177219e-05, -2.465701157829028e-04, 5.025135477025652e-02, 2.095985664223443e-05, 1.612853509923979e-02, -9.449712706099350e-03, -9.575123020233934e-03, -5.965245527988165e-03, 2.848733795551480e-04, -1.769086213217919e-04, -2.012510011281661e-04, -1.495858444176736e-02, 6.239087074551832e-03, -1.783101130525529e-02, -4.991096133366675e-03, 7.480362045427512e-02, -5.433008709405580e-02, -1.611587425540803e-01, -3.807291598028022e-02, -1.158957985197707e-01, -1.614022043675615e-02, -3.407644721292829e-02, 3.323187118115328e-02, -8.797748378507513e-03, -2.142523575606643e-04, -1.348395073980252e-04, 5.510360038132021e-02, -4.790030997712433e-02, -3.097050293332512e-02, 1.234177213967087e-04, -5.850010631549922e-03, -4.296582453695961e-04, -1.115471921043256e-02, -3.833162550226263e-03, 1.080651028694100e-04, -2.333713925913879e-02, -4.315741993632378e-02, -1.092934803107878e-03, -1.121635083951619e-02, -1.097963822954776e-01, 1.105517720133435e-01, 3.263263569505517e-02, -4.578319740422270e-03, -2.881719763629149e-01, -1.486440830837766e-01, -9.936080937140386e-02, -1.605408387182647e-01, 1.789331459752572e-02, 5.776024581465362e-04, 4.633286090843713e-04, 8.698254857323845e-02, 2.441421635592858e-02, -6.994315384852549e-02, 4.319121680533222e-02, -6.770051979771512e-03, -1.407448511071120e-02, 1.058526748750748e-02, -5.513797991221095e-03, 2.756487983458710e-04, 5.426031588632471e-03, 1.090436325693895e-02, 5.941879158927072e-02, -6.047914059762125e-03, -6.420356356565175e-02, 1.195359491304232e+00, 3.632195159701926e-01, 3.206258312247464e-01, 3.544487319474921e-01, -1.567648371188418e+00, 1.170368587665462e-01, 2.299293475496000e-01, 1.555480227822691e-01, 3.743446134350685e-03, 3.489937643371817e-03, 5.177182123059400e-01, -1.194150261035114e-01, 6.810682132059651e-01, 6.442521559964970e-02, -1.339362366627877e-01, -1.036922730630794e-01, -4.884562754123338e-02, 2.648020619450597e-02, -4.107669188687546e-03, -1.157976119206182e+00, 2.068370919887308e-01, -3.227543748944701e-01, 1.070614458434428e-01, 2.023421351319378e+01, 8.801639234313368e+00, 1.784035734167921e+01, 1.867053170174541e+00, -1.067817499744172e+01, 1.621721501565348e+01, 3.063513481089937e+00, -6.335603876730245e+00, -1.052616426765319e+00, 5.641612071237802e-05, -1.569478678229081e-05, -3.095684927270101e-03, 5.451767096540422e-03, -4.397210008795389e-04, -5.810886237134637e-04, 4.510234309612430e-03, 3.946634255834098e-04, 1.156245211547312e-03, 1.271244080488865e-03, -4.157877003340636e-06, -5.318283893523118e+00, 2.520639404791784e+02, 1.032601138795912e+02, -2.344045653108736e+01, -1.304139139626541e+01, -6.097192225289614e+01, -5.510664750964663e+01, 1.123680197397297e+00, 7.999924691339933e+00, -2.303425284881940e+01, -4.439548205140612e+03, -3.525924813964392e+03, 1.923608018013609e+03, -1.738614947451631e+03, 1.690693006788040e+03, -2.486154659800202e+03, -1.782180530587334e+03, -1.664511007624602e+03, 1.579995488486167e+03, 1.304870025875727e+03, 1.509971357594070e+03, -1.480612366011105e+03, 1.467956870789834e+03, -1.528571554917058e+03, 2.723328696797974e+00, 4.671399041390524e+01, 4.398714482996271e+01, -6.602228401239221e+01, -8.487862819603992e+00, -6.906922796515972e+00, 5.581633658963064e+00, 2.288554336340634e+00, 2.010004156345232e+01, 1.265836183699401e+01, -4.820310623157178e-01, 1.157231375031116e+02, 3.498742469714604e+00, -2.411112679426586e+01, -5.065082180891433e+01, 1.634812819212535e+02, 4.864855778509691e+01, 4.839027315721727e+01, -1.489835189178243e+02, -4.316985580824719e+01, 4.903121275909520e+01, 1.286449622112795e+01, 7.576827291680451e+00, 9.688825301057751e+01, 4.740177490164673e-01, 5.589574020006218e+00, -5.930934453008378e+00, 2.460497470879466e+00, 4.452588776246958e+00, -1.392956958210245e+00, 2.232443094988112e-01, -2.592912826747462e-01, 1.556888742153310e+00, 1.881992179795548e-01, -3.105281365896515e+00, 3.240915665428547e+00, -1.639507460565434e+01, 3.505002361477326e+00, 7.493740753723156e+00, 7.375355569484042e+00, -3.026997133417238e+01, 5.504659290415833e+00, 3.650986217596644e+01, -2.595900287588185e+01, 2.312706262937862e+01, -7.121853404994820e-02, -8.374029704296579e+00, 4.693324626676438e+00, -7.326132405296387e-02, -3.105027389479758e-01, 3.063607638384621e-01, -2.362375655936392e+00, 6.104885177177081e-01, -9.448579335747725e-02, -7.156651105330244e-01, -5.326995041737198e-01, -3.040700121332696e-01, -2.342347869131187e-01, -2.328477046622108e-03, -1.417663874942046e+00, -8.873557444331621e-01, -1.814993160887868e+00, 9.045699231633982e-01, 3.133377291556368e+00, 6.084625560020133e-01, -5.449492756274317e-01, -5.913362913668574e-01, 7.098739873179131e-01, 1.393896287943221e-01, 5.769529250066489e-01, 5.354805601292527e-01, 3.860826843399439e-01, 2.069364935585768e-01, -9.608523030718565e-02, -1.461430378051993e+00, 9.301880992820068e-02, 3.091763715142124e-02, -1.489493794434217e-01, -9.189938845593908e-02, 5.379739046444314e-02, 1.048134203954715e-02, 1.076740273260057e-01, 6.072516764678148e-02, 1.218396489185211e+00, 7.965233139339516e-03, -1.727732891254464e-02, -1.627785173854065e-01, -9.183200703736348e-02, 1.082375869909042e+00, 1.633049697401204e-01, 9.741929063085530e-03, -6.003153440207727e-01, -3.625914499254763e-01, 2.589967260884906e-01, -1.062024638392396e-01, -2.370045635830751e-01, 9.541435723107608e-02, -7.918786881659355e-02, -3.265784333243639e-01, -3.013139531618037e-01, -2.825494786111858e-01, -3.643484900772671e-02, 2.467397237039105e-02, -2.288021870551676e-02, 1.161298380430526e-01, 1.663898194740282e-02, 4.182738180746667e-02, 6.329956150893276e-02, -1.364376378967558e-01, 3.214122166053662e-01, -7.800667340812172e-02, 1.437512097156104e+00, -1.387185600015085e+00, -4.258631209462545e-01, 7.816564423210043e-02, 2.065468090600110e-01, 5.666149403159841e-01, 4.526855462491629e-01, 6.436594762161051e-01, 7.628335597902804e-02, -9.584425148712504e-02, 2.236395033962967e-01, -8.129743147984604e-01, -1.029974974388588e+00, -7.025834407364522e-02, 6.987636150941815e-01, 1.255061732441750e-01, 2.084558513539814e-01, -1.900875863274069e-02, 6.253812860316381e-02, -1.181870193495750e-01, 6.786211242864740e-01, -7.712357729417392e-01, -2.737894234264158e-01, -4.556948225823759e-01, 6.093160824165067e-03, -4.606267814528980e-01, -1.314099118674704e+00, 2.434908866622222e-01, -2.095872584303316e-01, 9.024323154186806e-01, 8.596450169226055e-02, -5.691173241926578e-01, -3.482476568591675e-01, -6.994123372076985e-02, 6.050474533458362e-02, 9.874795488857673e-01, 8.943722672176135e-01, 9.843821359753053e-01, -5.328296375310766e-01, 2.940004342964079e-01, 5.096341164281014e-01, 1.758906041766173e-01, 2.752439618626957e-02, -4.087333003726655e-02, -8.560624863292730e-01, 2.247471283808169e-01, -1.015428518398447e+00, 8.626255217440486e-01, -1.292984816607184e+00, -2.488806683315591e+00, -1.756984476499833e+00, -3.037644533305233e-01, 1.069087328165210e-01, -1.477402844554378e+00, -1.274629526470362e+00, -1.369579254364664e+00, 9.003094555343716e-01, -1.512223975960290e-01, -8.516880396919270e-02, -2.000621567154709e+00, -5.942079167848570e-01, -1.972426715254115e+00, 3.878626826034012e-01, 5.353772797992812e-01, -2.294953701964476e-01, -8.354559574065137e-02, -4.018336347861707e-01, -4.040073247089155e-01, 2.320889493189626e+00, -8.961118672599347e-03, 1.929119674825195e+00, -1.074026212169332e+00, 3.409216443870988e+00, -1.585726833405322e+00, -6.673467073675237e+00, 1.889695629616641e-01, 4.800269521636435e+00, 9.716659092585083e+00, 2.882949861988424e+00, 3.730251076868794e+00, 1.975749126412344e+00, -3.538157088399582e-01, 1.273766827649038e+00, 9.975406896348302e+00, 5.345785396008965e+00, 1.634987545357787e+01, -4.678071966159453e+00, -4.647665942399684e+00, -2.364625154786481e+00, -2.805138206427004e+00, -4.432466097668954e-01, -3.666478120790567e-01, -1.652427334418905e+01, 3.595991052651093e+00, -2.681617241038108e+01, 5.903506498341444e-01, 4.255319828690167e+01, 4.922149169023832e+01, 3.370443467533099e+01, -1.470150015616506e+01, -2.039676438070219e+01, 2.850804463674037e+00, 4.223593533172986e+01, 4.082783733815867e+01, -1.417828163425678e+01, 1.262420748419505e-03, -3.095683895767158e-03, 3.707406122061107e-01, 6.042719456802440e-01, -9.086665549297568e-02, 2.461321023223424e-02, -2.606225162104730e-02, -7.112762423458051e-02, -5.821224682940794e-02, -4.656249359999527e-02, -4.236991659654297e-04, -7.122959925497725e-02, 2.707680978217414e+00, 6.316326783496658e+00, 7.964924088005155e+01, 3.738142201284668e+01, -1.584617203593224e+01, -4.810605641431274e+01, 1.328746044380098e+00, -2.746353488607400e+01, -1.760714539279270e+01, 4.462513680931867e+00, 4.183213461469902e+03, 1.874768046538245e+03, -1.256348819195326e+03, 1.004610544408278e+03, -1.107696065781643e+03, 1.058302395601697e+03, 7.722645077042783e+02, 7.474492641831171e+02, -8.344264776896010e+02, -6.771850125328195e+02, -6.483571825391721e+02, 7.935804809241577e+02, -6.712336639955337e+02, 8.269774860512356e+02, 3.919624100771117e-01, -1.755554139880694e+01, -1.015869648531185e+01, 1.209680530939159e+01, -1.041259958979486e+01, -7.327036643863360e+00, 2.149107386892566e+00, -8.194284472567456e-01, 5.610745488875772e+00, -7.388122664374348e-01, -5.541832864279262e+01, -2.186580817197110e+01, 1.363410801920392e+01, -4.246795819606651e+01, 2.029502808322297e+01, -2.270420145262241e+01, -4.264828335424949e+01, -2.387439607218805e+01, 2.257337979493007e+01, 1.536772989834981e+00, 3.372878565497093e+01, -4.669048294000404e+00, 3.755072808772991e+01, -6.464969597684843e+00, -3.819377543822315e-02, -4.358517771125597e+00, -4.526597329937212e+00, 6.478629177752262e+00, -2.307716392591723e+00, -2.973388476186051e+00, -1.602855070632679e+00, -6.935713538941308e-01, 1.671691480198928e+00, 2.153486854581285e-01, 3.121259914093719e+00, -4.281890035221515e+00, 6.831790107746704e+00, 3.749192149162444e+00, 1.283279635185492e+00, -2.378671842668203e+01, 1.506530851581012e+01, 1.112521473021807e+01, -1.591008192665291e+01, -5.094148565028187e+00, 1.477911727106114e+01, -5.619206673542111e+00, 3.398293387658852e+00, 2.101291397047956e+00, -1.796778909298806e-02, 9.804401995054755e-02, -1.920835702479698e+00, 1.000830131951882e+00, -1.230950922435435e+00, 4.867044532071745e-01, 1.175109902470321e-01, -2.516360607781896e-01, -2.446378240034950e-01, 3.531842848223581e-02, -4.533189817800902e-01, 2.032593418073558e+00, 1.725283678569915e+00, 2.359874087672273e+00, -5.539540874881791e-01, 2.428133708376920e+00, -7.683204437950081e-01, 4.989208142885432e-01, 8.932327300965337e-01, 1.700705315967454e-01, 1.228014741041245e-01, -3.494168587402611e-01, -2.112106256135071e-01, -1.798182774959685e-01, -3.952457168075616e-02, -1.184083075234888e-01, -3.130765962978231e-01, -1.965533874871407e-01, 8.830200326395840e-02, -2.754932406856839e-01, -4.398918092652580e-02, 3.672848794004800e-02, 7.171803036708367e-02, 3.350548853381884e-02, 7.253354171071728e-02, 1.281300393648106e-01, -5.078657216118273e-01, -2.803858967698475e-02, 5.874298109907966e-02, 6.384854994237666e-01, 2.027812227613534e-01, -3.429077752182128e-01, -3.101850180652396e-01, 4.029314333416246e-01, 6.446968824145202e-01, -1.170861710161922e-01, -3.902669567166749e-01, 1.018408668873872e-01, 9.352074192664210e-02, -8.912189390960074e-02, 4.834724728491414e-01, -3.576344578305654e-01, -1.507494926732066e-01, 5.939906567303010e-02, -1.507796358556329e-01, -1.100422464381018e-01, -7.324149941442144e-02, -3.461018400088799e-02, 3.931475814274194e-02, -1.248852311162434e-01, -3.113333347049210e-01, 1.950951494083421e-01, 4.500097743759250e-02, 1.502055819330114e-01, 4.761127911030380e-02, 2.702466438552694e-01, 1.931768526115543e-01, -3.873283651881159e-01, -1.317974132021957e-01, 5.486391571183846e-02, -2.699067568224033e-01, 2.777957609877910e-01, -1.977489511354624e-02, 1.063902521591202e-01, 5.622072595910800e-01, 1.025708440940676e-01, 6.891392978535863e-01, 3.094462982203967e-01, -2.056687128412618e-02, 1.973200370615934e-01, 7.810276013698478e-02, -2.641525983092098e-03, 2.376972544416729e-02, -1.097134141964773e-01, 3.144712659333826e-01, -2.408326508721881e-01, -1.773713509342021e-01, -1.231067333968054e+00, -2.246112312042616e+00, -8.413012872712355e-02, 9.049547641633866e-02, 6.534954941135456e-01, 1.007894123549467e+00, -2.438653775685460e-01, -9.702792281992634e-02, -9.180165565072544e-02, 2.384988622256402e-02, -1.858320677877279e-02, 8.763901709555650e-01, -1.888626737984291e-01, 4.200529905152655e-01, -5.632155198039147e-01, 6.876378049737306e-02, -1.504551389910727e-01, 1.319640155594815e-01, 2.078340653136178e-01, 1.024052953731318e-02, -1.112293758501985e+00, -3.110770527557372e-01, -1.776764225753336e-01, 6.605379120170994e-01, -3.190317353416743e-01, -3.009081172609111e+00, 1.059665291753427e+00, 1.349342772175253e-01, -4.369154024255303e-01, 1.457126478833664e+00, 1.213786149841707e+00, 1.817703042475646e+00, -4.481349621299999e-01, -8.775636210849175e-02, -7.378914335298463e-02, 1.517748389469096e+00, 8.034512337719923e-02, 2.867066286206636e+00, 2.884484423265112e-01, -5.466338327300677e-04, -1.953225616659833e-01, -3.221577929294225e-01, -8.436168001263751e-02, 8.497488323007332e-02, -5.013573069160853e-01, -1.220622186449422e+00, -3.146210850153087e+00, -1.777660601510088e+00, -2.036725193908096e+00, -8.795072804342627e+00, -2.307418753758778e+00, 2.076732132829618e+00, 2.092359772079031e+00, 1.286727811383555e+00, -2.277778066427401e+00, -2.640986815175115e+00, -1.586022541698789e+00, 2.180631232403462e-02, -3.681836329804696e-01, -3.978498188943304e+00, 5.356446778181623e+00, -7.710988516325217e+00, -1.665852421644832e+00, 3.192742613341570e+00, -4.442418244030833e-01, 8.162068576333418e-01, 1.211310530372881e+00, 8.216562730335760e-01, 1.298584977949584e+01, 9.700333909295757e+00, 1.712198836275379e+01, 3.793201865054187e+00, -1.620361917117283e+01, -5.750177782115834e+01, -3.770072493000865e+00, 8.362708249275309e+00, 2.270797075353119e+01, 3.405632074218011e+00, 1.636431974575595e+01, -6.208170939769782e+00, -4.232525702157166e+00, -2.228901442901629e-02, -5.451768647894663e-03, -6.042718694763318e-01, -4.955139743678759e-01, 2.493438621823833e-01, -5.845650041342465e-02, 4.356830220113233e-03, -2.794263456296398e-02, -3.065270312544357e-02, -3.196255472433800e-02, 2.050070668458913e-03, 3.134068748551820e-01, -8.247431263479135e-02, -7.327831668104371e-01, -3.186271935007357e+01, 1.500144776117205e+01, -3.036415050929807e+01, -1.843905819454996e+01, -1.738640176926689e+01, 1.812459123455794e+01, 1.013562054086060e+01, 3.231059006154408e+00, 3.904879171248249e+00, 5.070908172341868e+02, -4.653332709827278e+01, -1.683520009277260e+02, 2.462928437681590e+02, -5.686129974603892e+01, -7.359970361542925e+01, 6.000719420726989e+01, 2.410927543764703e+01, -8.467493089824123e+01, -4.590419728344848e+01, -1.850861401105786e+02, 2.264192646402530e+01, -1.343978931696895e+02, -1.283026274533975e+01, 8.644934398328610e-02, -1.018433604844549e+01, 2.326178629956118e+01, -8.944199519285487e+00, -8.162931368163740e+00, -1.498133609010176e+01, 5.858127042679307e+00, 5.121152308767727e-01, -1.005621056477860e+00, 1.439376275185483e+00, 1.017600979379284e+01, 3.102001569540479e+01, 2.542274904108572e+01, -7.296747612568068e+00, -1.940574079839802e+01, 2.854918007841290e+01, -3.737235903041662e+00, 1.752142495460754e+01, 4.180952823689694e+01, 8.452779672275655e+00, 2.361208264173219e+01, 1.280515997318125e+01, 1.134632311449183e+00, 2.822081784008846e+01, 9.515778107259350e-02, -3.117284664139761e+00, 1.743069289542170e+00, 2.170846940760628e+00, -2.385627787423679e-01, -1.101836176137907e+00, -7.206030586157676e-01, 1.281777705768104e+00, 4.933753949698597e-02, 5.026373934652959e-01, -1.611025353505766e+00, -7.703478178317168e+00, -2.208088440368193e+00, 2.417347515045194e+00, -3.049808372546798e-01, -2.366956400010148e+00, -4.505654046127956e+00, -3.115677705279999e+00, 8.709745504135807e+00, 8.724280188239125e-01, -2.928555245312222e+00, 7.457956683898515e+00, 8.218290170568612e-01, -2.467505470741589e+00, 3.234645504520686e-02, 1.892612673449138e-01, -6.936276627143193e-01, -2.525042867494953e-01, -9.667457748654502e-02, -1.358945900962596e-01, -2.422345346287615e-01, 7.659510817263936e-02, 6.005804663428372e-02, 1.081138191938029e-01, 3.846254757265388e-02, 7.922473040220925e-01, -2.074532270865003e-01, 1.461823162282418e-01, 3.652984856640437e-02, -6.535387622268295e-01, -1.999767462118210e-01, 5.030976269035876e-01, 3.604068007366493e-01, -4.947428524158115e-01, -1.056214779091973e+00, -2.630552132172475e-01, -1.697895451112614e-01, -3.493735618231474e-02, -5.549353969624467e-02, -7.444979903719494e-02, 3.232560536423057e-01, 4.340941886549056e-01, -1.341316456696857e-01, -4.018699673649731e-03, 1.493305318652257e-01, 5.956419609429089e-02, 3.237792844557269e-02, -1.473292825271827e-02, -3.933503101870826e-03, -1.834549034929947e-01, 2.523498862895259e-01, 9.441169231784990e-02, 2.504059691919179e-02, 2.478692113454459e-01, -5.516790485294556e-01, -5.501256954723816e-02, -2.835858567157797e-01, 6.328575521993245e-01, 3.660550510159607e-01, -1.350042746387985e-01, 1.538831989482538e-04, -1.893304306239583e-01, -2.108819116993655e-02, 3.144553272406384e-02, 1.657350462746670e-01, -1.197249455290403e-01, -1.370075048153296e-01, -1.189084313278541e-01, 9.704608616388419e-02, 6.993283421651914e-02, 6.375475612738694e-03, 1.536679236563257e-02, -9.981697759190359e-03, -1.763996238191665e-01, -1.465370924218562e-01, 5.054661396039369e-02, -2.344274218938761e-02, 1.324511777714737e-01, 3.970858312078610e-01, -2.451028741205808e-01, 2.938936848945110e-01, -3.610740486064753e-02, 2.754596870724181e-01, 5.769698321886073e-02, 1.038784425887733e-01, -1.621933067838748e-01, -1.188080126601971e-02, -1.260008167986665e-02, 3.798605065405972e-01, -1.174847862871253e-02, 2.868238615921170e-02, 1.060735748536972e-01, 8.973149359470330e-02, 3.171379445964358e-02, 2.819234414406355e-02, 1.054537109140479e-02, -2.530505259355369e-03, -3.154050154953629e-01, -3.200539534712362e-01, 1.805902674241622e-02, -5.771310174963078e-02, 4.779262861482645e-01, -6.730511071435860e-01, 3.833937230689736e-01, -5.185594598296960e-01, 9.410593373054065e-01, -1.034961999695129e-01, -5.555024658249349e-02, 4.082516019407705e-01, 1.400819046489497e-01, 1.620167075673076e-02, -2.318211327956743e-02, -2.455556482078177e-01, 9.323941441571877e-01, 3.631158994702839e-01, -2.866023863574964e-01, -4.582836047394027e-02, -1.212298058400732e-01, 3.323203581382079e-02, 7.878417783575788e-02, -5.493532679040813e-03, 5.488502365288563e-01, 5.631967809839457e-01, -1.118259984461277e-01, 6.014092095828196e-02, 1.801457115638370e-01, 1.679034609357455e+00, -7.620539574384656e-02, 1.862381635570405e-01, 2.068085896059196e-01, -3.376907965133019e-01, 6.452550870198397e-01, -1.042804964789550e+00, -1.753589758599222e-01, 3.340396362679212e-02, -2.462518678582141e-01, -1.241406284642821e+00, -7.233898105250804e-01, -2.331818423931886e-01, -4.854363285883391e-01, 1.901420553402773e-01, -8.157165157689404e-03, -3.425191428609056e-01, -3.192691913189374e-01, -4.648873607462718e-02, 1.586236703647442e+00, -5.658660086627085e-01, -1.051375332349375e-02, 3.644466467885872e-01, 1.312162496624418e+00, 2.292550707458252e+00, -3.562858785311452e+00, -3.134990224234672e-01, -2.376334691832433e+00, -4.691150792245447e+00, -1.772119687393864e+00, 4.036790497554731e-01, -3.587124128799077e-01, 6.002490328636670e-02, -2.645269087226718e-01, 9.297055197106953e+00, -1.007181305934182e+00, -5.209284825857138e+00, 2.400864844778471e+00, -6.516229019026869e-01, 1.062593105813475e-01, -6.366683125779254e-01, -1.165417829004931e+00, 5.627483712634050e-01, -1.337711554098100e+01, -3.712844667909374e+00, 8.303629027929070e+00, -6.442785386715040e+00, 3.714010152266463e+01, 5.154602358208098e+01, -1.055738679868572e+01, 2.248027864510554e+01, -6.906854571122047e+00, -4.019529702910300e+01, 2.254823758568514e+01, 3.729524608883091e+00, 2.071664255682278e+00, -5.073132655504284e-04, -4.397204196083927e-04, -9.086665939266696e-02, -2.493438592199252e-01, -2.023407171231417e-02, 1.585120748180465e-02, -4.053874977887730e-02, -1.658323536076116e-02, 1.976327292715334e-02, 5.835758277962671e-03, 2.725141206870383e-03, 3.630798280651837e-02, -6.433803980894803e-02, 7.084821356800713e-03, 3.671126178225425e-01, -1.497177229287530e+02, -1.371911962192127e+01, -6.827192331284609e-01, -2.567636444474475e+01, 1.538842655295100e+01, 1.623452260153173e+01, 1.133909813057208e+01, 2.350567179915150e+00, 1.796238116204154e+01, -1.867000473248722e+02, -2.620646555997580e+01, 8.450225350292614e+01, -5.145328239342958e+01, 8.013844434606901e+01, 6.867039518933681e+00, -1.064177252583492e+01, -1.943333255827837e+01, 4.457124792319398e+01, 4.990168777781642e+01, 3.423604283381903e+01, -5.938463827479185e+01, 3.652990212666890e+01, -5.863311382109850e+01, -1.320038042688838e-01, -2.548030552786937e+01, 1.081816108985806e+00, 4.336199808512275e+00, 1.595714962989998e+00, 2.032324923757730e+00, 1.499081617827289e+00, -3.099194006418141e-01, -2.496923565467533e+00, 3.730378246182978e+00, -4.910857871231484e+01, -2.910906623345300e+01, -2.903493856668289e+00, -1.167484931547032e+01, 1.714623976264835e+01, -1.353841882279107e+01, -6.047521878188828e+00, -1.122924789478402e+01, 6.076153548257806e+00, 2.209384674072782e+00, 2.488423484235863e+00, -2.073408507186606e+00, 3.613929457947420e+00, -1.323419667480127e+01, -1.027135020762702e-01, -2.792190694669150e-01, -2.397327058280577e+00, 1.737737990217362e+00, 1.077333443673871e+00, 2.154559163258481e-01, -7.228479303648652e-01, 4.868566923740222e-02, 1.628829707104084e-01, -4.747994986586723e-01, 1.918710802056159e+00, 4.511364405991357e+00, 2.921997797409910e-01, -2.196146530378628e+00, 7.519358956710798e-01, -4.532396155133482e+00, 1.885746749691614e+00, 1.327586492081058e-01, -9.401090617420177e+00, 5.663075946545160e-01, 6.726231234581465e+00, 3.511313406308173e+00, 4.886221388703473e-01, 2.161060619055562e+00, -1.954686974633803e-02, -1.099788559516645e-01, 1.062114954483311e+00, 8.670012450021820e-02, -1.224971446339702e-01, 5.830407891850208e-02, -2.032514497961355e-02, -1.581313690563413e-02, -2.700454864404460e-02, 1.840807155746307e-02, 4.534963215772977e-03, -9.293334126853388e-01, -1.985944339253859e-01, 6.776850096220260e-02, -8.041118231717431e-02, -8.277770114371533e-02, -5.831965344795039e-01, -1.546026731957697e-01, 5.189333255545465e-01, 8.431072064171858e-01, 1.556636603347479e-01, -5.462580375683916e-01, 5.345048242548406e-01, 1.466711479708867e-02, -1.259088892971291e-02, -1.455539899184748e-02, 1.638741668527356e-01, 1.515720627333872e-01, 8.786441225572091e-02, -1.904524963915752e-02, 2.978989886474948e-02, -1.973352741971440e-02, 4.717102305388489e-03, 7.484719438530286e-03, 1.050901115438832e-02, -1.722102124268196e-01, 8.966641491346233e-02, -2.039814839241089e-02, 8.580566810790710e-03, -4.670662977757308e-01, -1.045638256752962e-01, -3.444660304797267e-01, 2.125980615179647e-01, 8.105326842431280e-02, 2.113267143696961e-02, 1.787856297045075e-02, -9.543165259923306e-02, 2.738112709871183e-02, -6.618893378852142e-03, 5.311371233531902e-03, 8.229756819206638e-02, 1.099691228226352e-01, 3.089517147698050e-01, 1.178002533120691e-02, -3.499188638035511e-02, 6.078489981320054e-02, 1.907566725571461e-02, -2.474549003181461e-02, 1.019147089264901e-02, -4.165932773630303e-02, 2.585796993564363e-01, -2.114127581509229e-01, -6.390264023868671e-03, 5.235719689578525e-01, -1.099096540427143e-02, -1.616183696255301e-01, 5.627812971227733e-03, -1.883975391827148e-01, 1.748968276809327e-01, -9.379957158516250e-02, -1.201076642157519e-01, 3.921137215404636e-02, 1.927962219007424e-02, 9.246139273166469e-04, 3.888074212084702e-01, -1.501636971866976e-01, -2.073179610211525e-01, 2.272061767847514e-03, -1.014237689118536e-01, -4.463134146004311e-02, 1.976224229080069e-02, 9.664966153300448e-03, -7.904439017831886e-03, -1.248050332999154e-01, 9.140570702857345e-02, 1.698940439209130e-01, 5.291968776050345e-02, -5.271391981883983e-01, -5.554735244517632e-01, -7.104659549787111e-01, -4.996105076896355e-01, -4.736890020824013e-01, -5.196726921200192e-02, 2.397078941667551e-01, -1.396373787336536e-01, -1.506053916825006e-01, 3.269235100493552e-03, 1.534435725522165e-02, -8.924557895727406e-02, -4.325312476518194e-02, 5.528721323248842e-01, -2.732281344533974e-02, -2.822444519400306e-02, 6.811471379436085e-02, -1.163284020404646e-01, -6.305832997604187e-02, 2.366852821850005e-02, -3.140624685551413e-02, 1.005824716108910e-02, -4.299723074492703e-01, -1.331785636592933e-01, -1.592492717574956e+00, 5.959800518060525e-01, -3.737380038591687e-01, -9.233916071235440e-02, -2.961995502533441e-01, 6.638355066265826e-01, 6.007129643290579e-04, 3.306057551668308e-01, 5.416256796781433e-01, -1.481755688691443e-02, 3.270643631771531e-02, 4.484661844496893e-01, 1.453144514919181e-01, 2.990964466762902e-03, 1.558517724045209e-01, 7.776476512944774e-02, -1.446722928577921e-01, 2.448918421248357e-01, -1.372805389640745e-01, 8.150090908712158e-03, -6.001915876036898e-01, 9.912770030644964e-02, 4.897860395231365e-01, -7.146598510898042e-02, 5.088533353431941e+00, -4.605923868191547e+00, -1.666717052758567e+00, -1.564673629350301e+00, 1.394592692992014e+00, 5.550433525436183e+00, -3.913798254950595e-01, -4.113130322578478e-01, 1.551729821805399e-01, -5.321515559998054e-02, 4.397854723734166e-02, -5.225559971042214e-01, 4.122514152901707e+00, 9.709163832675956e-01, -1.102168610804527e+00, -1.198191776428783e+00, -8.228123069161827e-01, -6.937413712899240e-01, 7.660566541061459e-01, -2.146960751597418e-02, -1.140554259788420e+00, 4.971235397534794e+00, -4.091427720541634e+00, 5.390195467803427e+00, -5.551288466534304e+01, -1.895922300774016e+01, 1.417555640754389e+01, -7.737322569428419e+00, 1.351953306513530e+01, -2.258816872158238e+01, 7.297192855902881e+00, 2.302732914488600e+01, 6.883145059574952e+00, 4.552344836538376e-04, -5.810885981052921e-04, 2.461319043820880e-02, 5.845649740259865e-02, 1.585120676367595e-02, -5.359524531253877e-02, -2.930725193867804e-02, -2.247307612549511e-02, -1.738696897314687e-02, -2.215046194210461e-03, 2.305724976915748e-05, 1.839901220098222e-02, -1.377643725834301e-02, -1.082820022817088e-03, -4.950300318291051e-03, -8.325637126285963e+01, -6.411130355780223e+03, -7.878066803360508e+03, -1.805988946622313e+03, -2.969684000318945e+03, 2.066289558338697e+03, 3.717461386042743e+03, 1.692839557788627e+03, 1.275670953720195e+03, 3.447781251755839e+03, 1.345640270926834e+05, 2.654537912276527e+04, -6.259037262675900e+04, 2.005918757718335e+04, -3.498310909177928e+04, 1.940767164282637e+04, 1.766284714547365e+04, 9.980594032599554e+03, -5.469208299922631e+04, -3.508709414318109e+04, -1.865922281012023e+04, 3.166737401607203e+04, -1.144936049545246e+04, 2.508224166897007e+04, -5.097403119260994e+01, -1.992738839792797e+03, -1.153742425954679e+03, 9.540484095177551e+02, 8.238500446425893e+02, -7.211161841621798e+02, 4.460691363597713e+02, -9.357883747859897e+01, -1.727497861479669e+02, -2.111825911888283e+02, 7.044670639157237e+03, -2.786138387999480e+02, 1.195943840169990e+03, 6.653731489366589e+02, -1.595736113989986e+03, -4.852744246945442e+03, -2.657275501755487e+03, -2.969894791461413e+02, 2.646030925453070e+03, 1.271167972273691e+03, -5.695281373176862e+02, 1.243774722714618e+03, -2.040126416913789e+03, 1.163273055786960e+03, 3.541917088848148e+00, 7.358571604044941e+01, -5.068639435309144e+01, 7.487464484913671e+01, 1.123532599432577e+01, -7.497319012780693e+01, 1.659469837782215e+01, 1.440368555304422e+01, 1.809533378302361e+01, 1.124301873362999e+01, -4.571502994447746e+01, 6.100597172292439e+01, 9.339377295295803e+01, 1.655816291738137e+02, 1.698373744013927e+02, 2.750754350804154e+02, 1.014861085715055e+02, -2.053077390513016e+02, -1.854519903781636e+01, 2.614209437708460e+02, 8.472894731433638e+01, 2.783034825134547e+01, 1.486373551218860e+02, 4.552159626896575e+01, 4.787908793365856e+00, -1.029166516221427e+00, -1.448883983896455e+01, -4.341978071919890e+00, -2.028502674817698e+00, 2.445099191395167e+00, -6.969974506610609e-01, -8.438886828097797e-01, -1.357290893924065e+00, -6.673914805328909e-01, -3.404445630748356e+00, 1.261208442952606e+01, 3.069548183667151e+00, -7.222676262635907e+00, 9.162940132931504e-01, 2.089348650289827e+00, 5.473040227274058e+00, 7.097172571479974e+00, 5.363345474316349e+00, 2.089478827613435e+00, 6.417767174019168e-01, -5.577318247060759e+00, 7.727122894961125e-01, -1.859884494558330e+00, 3.805830445237650e-01, 3.646379631335442e-01, -1.133628262013582e+00, -2.315985406161060e+00, -1.172948528430683e+00, 2.905673181360584e-01, 9.018463177987982e-01, 7.208733961843852e-01, 6.485803383419706e-01, 2.554202307446785e-01, -1.263900211917697e-02, 2.579217309315411e-01, -1.555140933487890e+00, 5.698071306053070e-01, 5.357297110112031e-01, 1.518601837538486e+00, 2.322322224410860e+00, 7.507823960461935e-01, -8.798716251328895e-01, -3.607668652909710e-02, 6.651041961055412e-01, 3.745757527840354e-01, 2.083815273155052e-01, 2.884429710678445e-01, -4.593378826362687e+00, 1.469119249929194e+00, -6.731636686639015e-01, -2.617610184811441e-01, 9.691952147666403e-01, -1.006835917687455e+00, -2.428872358872640e-01, -4.370916520278851e-02, -3.944680172545027e-02, 1.085125122101776e-01, -2.541379551192029e-01, 1.197641415366220e+00, -6.027991298429629e-01, -1.862672464358546e-01, 2.087291135726861e-01, -3.542441547913196e-02, -7.191668032427931e-01, -1.817366599316349e+00, 8.812726971408231e-01, -8.752227513121629e-01, 5.361131733980106e-01, -2.066311499966109e-01, 6.608646585049548e-01, -5.143616798563287e-01, 7.298502445635793e-01, 5.425576306714461e-01, 9.999745433907141e-01, -3.431170004079956e-01, 7.630710172570268e-01, -1.129015938722686e-01, 1.007335809466119e-01, 1.353266918177341e-01, 1.306207654008914e-02, -6.723972691774703e-02, -8.825476099376171e-02, -1.336031078256829e+00, -5.574343351482799e-01, -1.091221706084547e+00, 1.331214895001484e-01, -2.939937474855052e-01, 8.508505294707279e-01, -1.648275510938765e+00, 7.792404321080751e-01, 4.860098875827872e-01, -6.441783057087505e-01, -5.961020098247805e-01, 5.809773591952244e-02, 2.458422408656640e-01, 5.271383389859284e-01, 9.742856591639626e-01, -1.457130801361192e+00, -2.040871738254666e+00, -1.777110757092305e+00, -5.382660035307781e-01, 8.462190803144853e-01, 7.635596508282148e-01, 6.524171974446937e-01, 8.659338503038069e-02, -8.240610872346976e-01, 1.777481134990306e-01, -1.950919848724495e+00, 1.355697987303139e+00, 1.815713598208009e+00, -1.136650984628060e+00, 1.567333613738916e-01, -1.228593385843736e+00, -2.922472635646358e+00, 1.307440912684444e+00, -7.743454341378107e-01, -1.825886517499471e+00, -8.313390340260596e-01, 9.627101962055373e-01, 1.234993983584458e+00, -2.793777131146321e+00, 3.729151209868523e-01, 3.342981062141975e+00, -4.322450646978289e+00, 3.529510655751766e+00, -1.618828769237811e-01, 6.566912256457219e-01, 1.745962871164814e-01, 2.704948811034727e-01, 1.222200672995167e+00, -9.984290662690316e-01, 7.400287996764841e+00, 4.755949997794575e+00, -6.035809008108442e+00, 2.107660571588784e+00, 3.820850800158111e+00, -4.901233312001079e+00, 2.949261365637974e+00, -1.640446197476660e+00, 8.067368396403904e+00, 2.736634021631277e+00, -6.767863189207515e-01, 6.568058816199032e-01, -4.247997198745587e+00, 1.797339191241772e+01, -2.848457898877259e+00, -5.958588613016690e-01, 2.702995028437124e+01, -8.687019014415583e+00, -1.882926497702735e+00, 5.332793492889277e-01, 1.264422879864973e+00, 1.075709802308799e+00, -1.769432097130288e+01, 7.181546372951577e+00, -4.065281906847454e-01, -7.926701266543621e+01, 3.561512501929197e+01, 5.760079801230067e+01, 6.684407383466548e+01, 7.671127948804703e+01, 5.707444464670415e+00, -1.416554103732226e+01, -7.002848770389623e+00, 7.497055999587984e+01, -5.674390730474866e+01, 2.503155907218767e+01, 4.556129466390832e-01, -2.435860240806169e-02, 9.663447071757092e-01, 1.145050352823727e+00, 9.815204205043864e-01, -7.803367112103264e-02, -2.829860430811735e-01, -2.791562713271458e-01, -1.979124151790263e-01, -8.219119649277436e-02, -1.636255283509628e-02, -3.129573074237986e-01, 4.520598689575681e-01, -3.982826975358786e-01, -6.322613782713497e-02, -2.016153161954782e-01, -1.211944500657454e+02, -2.618802729360943e+03, -9.454726830576654e+02, -1.109842195084460e+03, -4.085159956600622e+02, 2.706749196594048e+02, 1.039430427007771e+03, 4.082366756685968e+02, 2.995611338278453e+02, 4.916351082192600e+02, -6.405262436961858e+04, -3.117095676377612e+04, 2.257825698120605e+04, -1.827417642175881e+04, 1.762387350273419e+04, -1.931317172554956e+04, -1.492988590433005e+04, -1.323086651985540e+04, 1.661282661589648e+04, 1.262426230186069e+04, 1.367774114903768e+04, -1.351069709636612e+04, 1.267644848844052e+04, -1.317638382761741e+04, 1.125880158401623e+01, 9.386001035374566e+02, -3.939036125332479e+02, -4.329204741275855e+02, -2.583884061399058e+01, -8.741170822287997e+01, 4.008678984750323e+02, -1.061861914689358e+00, -2.117262619659069e-01, 9.864629793133078e+01, 1.837180769474656e+03, 1.071456162186257e+03, 2.707226452659067e+02, 9.947128881682619e+02, -1.082053686216946e+03, 3.335252991511321e+02, 9.535294916047256e+01, 8.736971921067019e+02, 1.335563942588953e+03, 2.914030047158868e+02, -2.725503086913214e+02, 5.112872097087164e+02, -1.020292050332329e+03, 9.859193079035158e+02, 7.929718330331382e-01, 1.889639074203122e+01, -3.749204629814934e+01, -4.557256519219710e+01, 1.901105161457911e+01, -9.917152564884645e+00, -1.562344026112480e+01, 2.833910783291510e+00, -5.922814472896017e+00, 2.984123003954855e+00, -2.225753532731914e+02, -3.220742674377640e+01, -1.026377379754351e+02, -1.382113945467416e+01, -6.381823391002553e+01, 1.874486669470654e+02, 2.403395395771550e+02, -1.061467123671666e+02, -2.932726323223723e+01, 8.597780966615586e+01, -2.827632610798587e+01, 9.843529365958936e+01, 8.122032291221845e+01, -4.510286458726129e+01, -1.957314761956485e+00, -1.496413742200304e+00, -1.031433313834104e+01, -6.037777177120295e+00, -2.990763047391225e+00, 1.367763859281774e+00, -1.435108668696015e+00, -1.906864076187956e+00, -2.832297072854174e-01, -1.276481996393566e+00, 8.606834168188232e-01, 1.065841677400513e+01, -3.845231935881246e+00, -8.793535807538474e-01, 9.362072795760549e-01, -2.415502668629463e+00, 6.592527221769577e+00, 6.079952105886568e+00, 5.923005421158900e-01, -5.643293846297878e+00, 1.728829769578075e-01, -1.575840819299743e+00, 7.171270475588881e-01, 8.485325991003700e-01, -1.212785792515620e+00, 8.383138000981083e-01, 1.997454429141054e+00, -3.051419456934337e-01, 1.569637562850374e+00, -7.763740009088695e-01, 4.147443704875838e-01, 3.353068951118124e-01, -7.101734694524438e-02, 3.377390858077812e-01, -1.149262264653305e-01, -1.931317845180711e+00, -9.266725035890579e-01, -9.358431937073338e-01, 3.100511560376065e-01, 3.234911231916982e+00, 2.454802673715387e+00, 4.851503929393274e-01, -4.384293647998089e-01, -5.661528603629540e-01, 9.927689331415552e-01, 8.291647705250277e-02, -3.116392351965624e-01, -3.809910097208875e-01, 1.231440957983345e+00, -1.709573874001004e+00, -9.249524062878409e-01, -3.012136349931593e-01, -1.010283732539915e-01, -4.803412015216124e-01, -1.090590714449235e-01, -4.526883887601451e-02, 4.108226609696903e-01, -8.180275336725375e-02, 6.576295012359731e-01, 7.099844955308344e-01, -2.552395977405102e-01, 7.562000226781573e-02, 1.640371735568151e-02, -3.294571292391074e-01, 1.256856323846871e+00, -6.843630989710923e-01, 7.531481086731122e-01, -7.422097447241276e-01, 1.612576417678644e+00, -1.233545730320476e-01, 7.157110273154091e-01, -1.671104387442751e-01, -4.141989328952774e+00, 3.033455426191599e+00, 2.786667455568347e+00, 1.728231577394752e+00, 2.041852494057236e-01, -1.031505574918654e-01, 3.428282550336094e-02, -7.969300170183032e-02, -2.318503092196877e-01, 2.584461044013683e-02, -8.744338400454973e-01, -2.940661642351255e+00, 4.240124178484527e-01, -3.906345134815091e-01, -2.339940997830894e-01, -6.930696746798228e-01, -9.893902350926764e-01, -2.483954829377132e-01, 1.126092834364114e+00, 1.998584609221648e+00, 3.001255662652874e-01, 8.285390849843947e-01, 5.696777014775041e-01, 4.844757807120217e-01, 4.165632169717805e-02, 1.260321003641786e+00, 7.267038959614125e-01, -3.381419630104638e-01, 2.490783307559081e+00, 1.705077439739430e-01, -3.348797774548494e-01, 6.775165432669165e-01, 5.096391083590899e-01, -2.331249377431622e-01, -6.274638874003606e-01, -4.529527917439123e-01, -1.354814575687661e-01, -2.212743593569162e+00, 8.359983701315810e-01, -5.147021048862463e+00, -3.958029104255228e+00, 6.958134778723233e-01, -8.602247536897525e-01, -1.200214272463808e+00, -2.825412113655458e-01, -8.853177493087125e-01, -9.764032262028521e-01, 2.061076098425562e-02, -4.584663434531553e-01, -6.783337550605276e-01, -2.944295540843006e+00, 1.141102451709097e-01, -1.149996261944639e+01, 2.665522447328605e+00, 1.126199197711289e+00, 4.859593462299542e-01, 3.361587107038275e-01, -4.977448977528932e-01, -1.671216325748831e-02, -1.275094891718957e+00, 2.193320439786703e+00, 1.475809795317179e+01, -6.024126375855587e+00, 1.070855078419944e+01, 1.436895507997638e+01, -6.139643504535735e+00, 4.449019422692731e+00, 1.868521610067191e+00, 8.574442208371021e+00, -7.645226576358493e+00, -1.120242916269263e+01, 4.576016246036994e+00, 1.604035134610060e+00, -7.770995825678297e+00, 1.350197792257025e+01, -1.295047201788316e+01, 1.218718472665787e+01, 1.266532124467835e+01, -9.344662304687597e+00, -2.293044787199212e+00, -7.697651434969237e+00, -9.722080385343282e-01, 6.515378146273568e+00, -2.992077382282228e+01, -3.988902998365255e+01, -2.073789163209469e+01, -4.438052287690837e+01, 5.212713350141254e+01, 5.231633756778083e+01, 1.634168914109753e+01, -5.400348796036698e+00, -5.062794284296410e+01, 3.926631186276884e+01, -1.858020858627292e+00, 7.747887461054509e+01, -8.525339652403201e+00, 1.655717276164609e+00, -4.540603499575640e-01, -7.658812890385943e-01, 1.177510328429001e+00, -3.585255215378702e-01, 1.410553451008822e-01, -3.219643178821943e-01, -2.028354888317341e-01, -1.734054385426849e-01, -1.471554924310849e-02, 5.299403123719329e-02, 4.261307367160087e-01, 5.359704668944862e-01, 2.616280979513723e-01, -1.314093077958715e-01, -7.579805957267037e-01, -4.721061940335221e-01, 8.711488490456033e+01, 2.391884998122164e+03, 1.924030403588868e+02, 3.265857069105382e+02, 5.913217537825581e+02, -3.866423259050783e+02, -3.378368257757933e+02, -4.526852103574172e+02, -1.389818073192896e+02, -3.621268570340916e+01, -2.740205251384927e+03, -2.030342237006473e+03, -8.006968146428956e+01, -2.030413681243022e+03, 1.485557402968686e+02, -1.120080340426153e+03, -1.230907483184577e+03, -1.092923527104816e+03, -1.721813099960297e+02, -2.058528641274792e+02, 1.428041382387182e+03, 2.602831715276416e+02, 1.364197076055866e+03, 4.525711530611596e+01, 1.833710246276945e+00, 1.204944277242936e+02, -3.803771277563301e+02, 9.426225809089162e+00, 2.916500860774507e+02, 3.857636689559313e+01, -2.836110117888887e+01, 7.190771260410135e-01, -6.311043084973678e+00, 1.652104984127073e+01, 7.747320339390694e+02, -1.103163910312835e+02, -2.658683645658480e+01, 1.143052428006910e+02, -1.822171936346673e+02, -2.781507577855951e+02, -2.684822579049170e+02, -9.055270694488362e+01, 4.502943348417434e+02, -1.090531455684123e+01, 3.755166195854380e+01, 9.757433081019495e+01, 5.548589148361118e+01, 1.271136543942614e+02, -1.849101756368697e+00, -7.974242537007211e+00, 1.000227797850525e+01, 4.889763260226195e+00, -1.453183707860773e+00, -2.635032876104843e+01, 1.527709462984845e+00, 2.395244220983035e+00, -5.004657718589108e+00, 1.074222900399694e+00, -1.171844070467836e+02, 6.332746743715116e+01, -8.183571108682466e+01, -2.841078546802684e+01, -6.280246241877355e+00, 6.942585194223544e+01, -3.579734995910561e+01, -1.372413111264520e+02, -5.517555304851624e+01, 1.716434181544067e+02, -3.290757671136715e+01, -1.524795108614706e+01, -2.222403432326711e+01, 3.074984333610116e+01, -6.488793863925258e-01, 8.387768330840835e+00, 2.732836125543794e+00, -2.361159575708138e+00, -1.376440473897728e+00, 8.487328249842271e-01, 8.792363658140063e-01, 5.491983680525816e-01, 1.041618346201716e+00, 1.140372711417345e-01, -2.643850900077229e+00, -3.968645596461542e+00, -3.741008927749252e+00, 1.751967508865289e+00, 1.499690578891376e+00, -7.562341674029308e+00, -8.136163609198314e-01, -8.697407671803326e-02, 3.428147932350654e-02, -1.553336055983086e+00, 7.326422724233834e-01, -1.157532682304680e+00, 1.863928576369937e+00, -9.033118185725563e-01, 1.458112977954407e-01, -6.923998557588540e-01, 1.195935659281429e+00, -1.876109104335710e-01, 1.160082864670766e+00, 6.809228070303667e-01, 3.481910431594634e-02, -8.266098245237541e-02, -2.513094298431737e-01, 1.693522064385726e-02, -1.332236189346439e-01, -2.491244673045230e+00, 1.080533054492092e+00, -1.295665077873944e+00, -3.774988629145989e-01, 1.328759780398487e-01, 3.858636599177663e-01, -1.086118264783957e+00, 1.062919501718160e-01, -5.931261078369788e-01, 1.145079081885278e+00, 4.393355352531615e-01, -7.288978603995142e-02, -1.376653885995731e-01, 6.254571262910856e-01, -6.372004802664691e-02, 2.151376145107496e+00, 1.809574233426924e-01, -8.652576069354401e-01, -5.760230755768478e-01, 1.574671605278360e-01, 1.082971767254400e-01, 2.578244643423612e-01, 8.191585482211808e-02, 1.002410783545967e-01, -1.722185946028760e+00, -4.204966523583075e-01, 5.596261622096894e-01, 2.379251618541205e-01, -4.705429235245982e-02, -4.384950148845020e-01, -2.080699727790261e+00, 2.212977672104135e-02, -1.066397749957818e-01, 8.566750581297787e-01, -2.506626628812414e-01, 1.629671672624001e-01, -7.975203477225658e-02, 4.153951166766757e-01, -5.707617261848807e-01, -1.563920642724312e+00, 7.454392757459787e-01, 1.359599598361622e+00, -6.054319835873503e-01, -1.551824765684232e-01, 9.353949788966928e-02, -1.535136266508021e-01, 1.294365438981394e-01, 2.326438586411589e-01, 1.361848627605832e+00, 3.748330073512831e-01, -1.010104526865553e+00, 3.559600357650228e-01, 8.885504771906153e-01, 1.457919081117224e+00, 7.794255451082727e-01, 5.544380666862657e-01, 1.685302445780978e+00, -1.210671303841735e-01, 5.875980624719450e-02, 2.186703652113154e-01, 4.277390465034281e-01, -9.592463935167626e-01, 1.514934426166858e+00, 1.319482699221237e+00, 5.216476707632368e-01, 3.214703451594223e+00, -2.290095458950534e-01, -2.059587560604800e-01, -1.155323199392737e-01, 1.987991732256704e-01, -1.407057195801085e-01, -4.769091490194711e-01, -5.763946767002035e-01, -2.020218262850456e-01, -2.829737030337422e+00, 2.954217786016122e-01, -7.753613623386680e-01, -3.760283528988450e+00, 4.961386507107404e-01, 9.783220282490518e-01, 3.877897462318535e-01, 1.482974821972732e+00, -1.365772011144844e-01, -1.068892202819432e+00, -3.361510820855535e-02, -6.595303201065641e-01, 1.699682576705395e+00, 1.212370752858418e+00, 4.720230483469723e+00, -1.572261803829132e+00, -4.321087441516983e+00, 4.996668720412927e-01, -3.261294007278482e-01, 4.053758785426476e-01, -3.045226650644193e-01, -1.138856856609721e+00, -3.435127307568838e+00, 7.951823765161321e+00, 1.214001309339276e+00, 6.602418365139302e+00, 2.593734442126236e+00, 2.707296308260160e+00, -2.354409147630677e+00, -3.571661025929109e-01, 3.491935255490358e+00, -9.938225266884797e-01, 2.590426624532564e+00, -3.438691337257909e+00, 1.402395446842456e+00, 2.198091723340166e+00, -7.775926653300287e+00, -1.860365742998190e+01, -1.250349573648880e+01, 9.728295928565238e+00, 3.134356447074929e+00, -6.942841392048305e+00, -2.931515930428540e+00, -4.748483188898674e+00, -2.621817973880999e-01, 7.529252333271724e+00, 5.485688820309544e+01, -3.636833873020385e+01, -3.258892194876492e+01, -2.603958851905951e+01, 1.013218098418009e+02, 1.222619890402984e+02, 7.557830807063561e+01, -2.995170150727364e+01, -2.431616467263874e+01, -1.547021385851845e+01, 4.975314030601241e+01, -2.673558793973030e+01, -2.560494611568032e+01, 2.739925714841528e-02, -2.671329736779575e-01, -3.559183841611838e-01, -5.800659026835498e-02, 2.039600057606416e-01, 2.453516819256489e-01, -1.143015994585433e-01, -8.613745562372832e-02, -8.757562240548014e-02, -8.853800519048723e-02, 4.743918017184386e-02, 2.168052854756091e-01, -1.128779389271901e-01, 5.809737979076710e-02, -1.497297752905704e-01, -2.653321078470510e-01, 5.004048377574406e-03, 1.678070132632158e-01, 6.929150094353551e+01, 1.592047604791496e+03, -1.436776133722194e+03, 9.659642113875044e+02, 6.076445128721450e+02, 2.362124999795713e+02, -1.031485380996958e+02, -5.669147639968976e+02, 3.802146457810867e+02, -6.660021277959921e+02, 2.616706563163468e+04, -3.661766281761742e+03, -5.008742292631903e+03, 2.738475480556436e+03, -1.003842978275556e+03, -3.840166897325986e+03, -1.769422796302136e+03, -2.779560496650339e+03, -1.700497513357106e+03, -6.139680751392006e+02, -2.841953049168781e+02, -5.795545472606955e+02, 1.177638891958794e+03, -1.707250211235024e+03, -3.772695628993161e+01, -4.834101246895162e+02, 3.188125541147434e+02, -2.269201418584476e+02, 5.365282976926085e+02, 1.010001875959516e+02, -1.496598390323674e+02, 7.277410103929638e+01, 1.349141511993757e+02, -6.334582538171789e+01, 9.939821941319602e+02, -2.807859481824823e+03, -5.566713593833358e+02, -1.556470058650251e+02, 6.993943340392877e+02, -1.931948302508601e+02, 1.463272443187012e+02, -1.036621061229210e+03, -1.439825863347100e+03, -6.192987691943791e+02, -3.447535122211082e+02, 1.701316910632132e+02, 3.001594209754650e+02, -7.597471706027333e+02, -1.221493660749274e+01, 2.381088263470437e+01, 4.578024275534501e+01, 4.021227737565169e+01, 9.971053370175820e+00, 6.296435115079006e+00, 1.987297347074318e+01, 9.607002162347852e+00, 9.220404553032933e+00, 4.272446874431418e-01, 7.170776847875119e+01, -1.563563797478458e+01, -4.506547828296961e+01, -7.813910119169245e+01, 1.807212403012282e+00, -6.762819139892910e+01, -6.309588357492594e+01, 1.218712673684089e+02, -2.470992233833418e+01, 3.443215984098284e+01, 3.681767049744030e+00, -1.320084396078339e+01, -1.127063781773620e+01, -5.085206230853409e+00, -2.210520586822254e+00, 5.247307996757965e-01, 9.179228406307115e-01, -9.364245261770489e-01, -8.206755622322157e-02, -2.439121354642230e+00, -2.376343446476695e+00, -1.242181272084868e+00, -1.207574349900174e+00, -3.527234197837145e-02, -1.022063065943041e+00, -1.842294268351306e+00, -2.020767205203898e-01, 2.235640696694860e+00, 6.349506278319600e-01, 3.502189068006374e-01, 2.894765143848453e+00, -2.145946903886409e+00, -2.783098051077351e-01, -5.510906774049643e-01, -2.223806410064376e+00, 6.872559811918257e-01, -1.466570510800227e+00, 4.647485564656157e-01, 4.198098171874534e-01, -3.822107921744913e-02, -7.257755745156989e-01, 4.163811010260726e-02, -4.788165620042581e-01, 2.962784788122573e-01, -3.445357116275894e-02, -1.683583359284968e-01, -1.926116372738618e-02, -9.788659761394354e-02, 3.195968726558663e-03, 5.997201268128589e-01, -6.899938681160384e-02, 2.838903324517825e-01, -1.900241690288093e-01, 2.658260738541731e-01, 1.405510896925156e+00, 7.549535694485372e-01, 2.581418201696275e-01, -2.229892931440352e-01, -4.220079882621646e-01, 3.670138174443115e-01, -3.158396527193804e-01, 3.205974463593423e-02, -3.694693938665058e-01, 2.769289143342331e-01, 1.859756881486651e+00, -3.201952652586992e-01, 9.740168049711458e-01, 1.804081652043820e-01, 3.860253831202038e-02, 5.917154167449441e-02, -2.937931907052727e-03, 1.249466938025474e-01, -4.783676438892089e-02, -1.548164711152101e+00, -4.354383909227206e-02, -7.075257209911766e-01, -1.041658659555649e-01, 2.536277793121074e-01, -6.710348806983596e-01, -5.407358980731026e-01, -3.990667274556474e-01, -6.759739212202076e-01, 2.277092968351056e-01, 7.183350833889377e-01, -2.095309358444697e-01, 3.568319607086964e-01, -6.185568887830284e-01, 1.951194783404636e-01, -4.054312003245079e-01, 9.772748334582902e-01, -6.218021428090045e-01, -1.734841146261097e+00, -3.254108232664293e-01, -1.835943437219656e-01, -2.926151120429013e-02, 1.424001218534524e-02, 1.673963747139041e-02, 7.286814543708332e-01, 9.253656197768811e-01, 5.631461406413519e-01, 1.366024482122085e+00, -3.309303886553372e-01, 6.594456035989905e-01, -1.731694606081557e-01, 1.800497631200108e-01, 3.739526782569620e-01, -1.235856846842692e+00, 4.065663367854335e-01, -2.676356828134636e-01, -2.851091742432341e-01, -3.662433651248205e-01, -2.421838184371889e-01, 6.277372399985413e-01, 4.387436647254221e-01, 1.137779508459006e+00, 1.004469520711623e+00, -8.976939998029631e-03, -2.981724506224040e-01, -4.469580156324591e-01, -2.126944055077979e-01, 3.077788111892706e-02, -8.531996174762779e-01, 4.056095675782849e-01, -3.264077278471856e-01, -1.049097335125960e+00, 2.388779008775491e+00, -3.333974441367147e+00, -1.023630757729955e+00, 2.371119384816001e-01, 4.665587164319516e-01, 7.806029939931702e-01, 1.049156757015144e+00, -7.705980914478787e-01, -2.308010407930328e-01, 1.218970613043883e+00, -6.081873684442171e-01, -1.778969347374315e+00, 2.615409096883657e+00, 2.422202283530947e+00, -1.049905741333137e+00, 8.453361219134328e-02, 6.195913979499531e-01, 9.974948750959162e-01, 5.802465438322012e-02, 2.053941141731684e-01, 1.080598347255634e+00, 3.896162276506421e+00, -2.936261814314264e+00, 2.116934778093485e+00, -8.447119360684294e+00, -4.342618032094893e+00, -1.825782429187159e+00, 1.149059833824164e+00, -1.827846289921249e-02, 1.062649888555943e+00, 3.306764189238373e+00, 7.044768386376179e+00, -6.610498354683559e-01, 3.115108537837344e-01, -4.125337760298192e+00, 6.412604751265582e+00, 2.628770399437011e+00, -8.453685170985645e+00, 2.739864521319167e+00, 1.630136055679285e+00, -2.704993256567668e-01, 5.698327576878616e-01, 3.769861642261235e-01, 3.282215261350429e+00, -1.862875770837541e+01, 6.841233064871113e+00, 2.056511121379530e+01, -1.083136449946773e+01, -2.121611957884546e+01, -3.371510481687486e+01, -1.287324537290307e+01, -1.241974037530203e+01, 2.302834589729995e+01, 3.950975563947453e+01, -3.378655258461576e+01, -2.830897362575866e+01, -3.109481149597200e+00, -2.777462806679698e-01, 3.356112315327999e-01, -1.183438458345303e-01, 3.211777369458627e-01, -1.225098992023813e-01, 1.618208737313543e-02, 6.893000927783520e-03, 6.887391681850863e-02, 2.694137590889446e-02, -1.687356001387597e-02, -4.123211102868507e-02, 7.366731340226722e-02, 5.606345683405441e-02, 5.458151950661727e-02, -1.765122262871775e-02, 2.012376941749115e-01, 2.876759258332354e-01, -1.596802187434967e-02, -1.653177504070927e-01, 4.290920028807080e+01, 2.438528779370929e+02, -4.444616321465949e+02, -1.012456586161062e+02, -7.777303721726624e+01, 2.525640186263737e+02, 5.705023859511110e+02, -2.478002553175357e+02, 1.603424056228410e+02, 2.481477646736043e+02, 1.906172643220223e+04, 1.011039122897201e+04, -6.049539184301738e+03, 8.049737394351047e+03, -5.227917089499365e+03, 5.561273749735106e+03, 5.310243459334638e+03, 4.959600329729926e+03, -3.991304252497202e+03, -3.055451965261296e+03, -5.881141140163333e+03, 3.563552974714029e+03, -5.679193715382475e+03, 3.618206834696950e+03, 2.616674822961068e+01, -7.584231038486865e+01, -6.824413419100891e+01, 5.067549626767484e+02, -1.525412935932416e+01, 3.537149238236058e+02, -1.672177430421619e+02, -1.696720717293486e+02, 4.549076302833562e+01, 4.479233457946897e+00, 8.142911493061347e+02, -4.851186802216791e+02, -5.281046393601902e+02, 6.286563081226474e+02, 1.986456707137498e+02, -1.257032882371783e+03, -4.206129931085841e+02, -5.581980960924622e+02, -4.269864551633001e+02, -1.759026133820341e+01, -3.338163295661452e+02, -2.933824532572484e+02, 1.221195701161113e+02, -8.376281899168439e+02, 2.145405930078832e+00, -1.614722427562918e+01, -1.159801276069263e+01, -1.467506885674577e+01, 1.520248662606822e+00, 1.108482428567361e+01, 6.328041298502407e+00, -9.449669066877801e+00, -2.544646684517441e+00, -5.990445494265278e+00, 3.216925015331157e+01, -3.501239495678711e+01, -9.027501417282906e+00, -5.774797726305342e+01, -3.418167340495038e+00, -3.458421223245227e+01, -4.808644626839757e+01, 1.101707641354102e+02, -2.985670057762047e+01, 7.020500571654698e+01, 9.523305605238082e+00, 1.761723752907119e+01, 1.886303003509030e+01, 2.417778606631530e+01, -8.977738696926374e-01, -3.502272512145271e+00, -3.008782273111355e+00, 2.942514306563644e-01, -1.433085842797399e-01, -2.050763574958828e+00, -7.607085456230973e-01, 2.290981989287099e-01, -2.747832834936961e-01, 1.789556107098942e-01, 1.874649411358779e+00, 3.334463813478937e+00, -5.666181330288363e-01, 2.342543953573082e+00, -1.022692467202832e-01, 6.377003490482670e+00, -1.698232304483536e-01, -2.378251173561457e+00, 2.485334205224479e-01, -1.524554084421172e-01, -1.584795821711932e-01, 7.374714107980483e-03, 5.248415047310505e-01, -7.773796797389811e-01, 1.465243821168659e+00, -1.319332568027941e+00, -3.329131088495080e+00, -1.503293420792467e+00, -2.202449462826452e-01, 3.762861719692101e-01, -8.294028331706280e-02, -3.627467189356866e-01, -2.018833540611500e-01, -1.081822681344984e-01, 2.563688789868383e-01, 2.838127662333489e+00, -1.222765138865594e+00, -2.015456673640807e-02, -2.854090896211715e-01, 4.918817490323635e-01, 1.828313578471190e+00, 1.288887026291988e+00, -2.059279356364602e-01, -4.631914845432322e-01, 9.340005296313433e-01, 6.648435780038021e-02, 8.404708095443178e-02, 9.471323392940735e-02, 8.752532335766734e-03, -8.427941282172885e-02, -1.170455424031202e+00, 1.230215246948980e-01, -8.113063735636071e-01, 5.397292134130893e-01, -8.003306050186250e-02, 1.207948458029452e-01, -5.809373168309695e-03, 1.012374737236481e-02, 3.133088832556447e-03, 8.885066821371833e-01, 4.983817109087449e-01, 5.535772792690999e-01, -4.475160260436334e-01, 1.479797762250197e+00, 1.357354275556615e+00, 1.821025877680629e-01, -2.389879928141875e-01, -8.440792656865782e-01, -1.100721741270986e+00, 8.181440073849076e-02, -2.064264928653815e-01, 1.309174948358015e-02, -2.207730188533038e-01, 1.056481882208657e-01, 6.629828406714884e-01, 3.019212774670303e-01, 1.277055897472647e-01, 1.915497601548139e-01, 3.895308394899444e-02, -1.456016464931493e-01, 1.004747840087655e-01, -7.412550808572207e-02, -3.782701042598419e-02, -4.477192574842955e-01, 2.680064489645601e-02, 1.768145911348826e-01, -5.632651410447007e-02, -1.751784527131959e+00, -1.559877115376227e+00, 1.578017847836851e+00, 3.171100004842887e-01, 2.814057827849741e-02, 7.723343401165103e-01, 6.042678175733047e-01, -5.883667034358596e-01, -1.800707063437684e-01, -8.394928739477543e-01, 5.147960344488614e-01, 2.462294026757700e+00, 8.488636735565438e-01, 5.172995893562570e-01, -5.723107034169248e-01, -1.472569048031735e-01, 4.561535420286837e-02, 9.240537540274844e-02, 1.042645272008651e-01, -1.363264080769036e-01, -2.475167333613419e+00, 1.559810614969964e+00, -5.543915038248729e-01, 3.618883648044622e-01, -4.227910376881515e-01, -2.479760940734760e+00, -5.127594161945638e+00, -6.880124059789515e-01, -1.254837935336415e+00, -5.874252692374284e-01, 1.479569674011001e+00, -1.073861043835771e+00, -4.137996643382722e-01, 1.791460405334619e+00, -7.695058038901399e-01, -6.017527265331762e-01, 4.366176758362446e+00, 3.325522681189292e+00, 1.235847281536723e-01, 9.840505895555616e-01, 5.260107931428910e-01, 1.042302831134311e+00, 4.466556629169380e-01, 9.441206110477704e-02, -1.161469158765806e-01, 5.294053195360159e+00, -4.826519812240273e+00, -1.213836318223467e-03, -4.585518646337611e+00, -1.174160336883759e+01, -1.830380720441698e+00, 1.414070547813499e+00, 7.039584006974672e+00, 2.400434894711460e+00, -2.835377940395400e+00, 7.528159064230943e+00, -1.762684443506491e+00, -1.136718792955290e+00, 2.558448473384658e+00, 2.213415258737042e+00, -6.895126364217996e+00, -1.749359277924719e+00, 3.087884964477213e+00, 2.851267070083491e+00, 1.054336951687747e+00, -2.931828719753117e-01, 1.978981852257822e+00, -3.923108318134996e+00, 2.483345291829031e+00, -1.079018129872901e+01, 3.472622125256705e+00, -4.298269879213497e+00, -1.832664070327186e+01, 3.345254554881139e+01, 1.595889106681402e+01, -1.200268326800391e+01, -3.494205168275762e+01, -3.671416050901809e+01, -3.090097617151059e+00, -2.440931098278968e+01, 9.384548230346040e+00, 1.047881533769293e-01, -1.360195334745130e-01, -7.993814642932308e-01, -7.523971946432881e-01, 2.758744758048535e-01, -4.690850932069491e-01, -1.193237394427173e-01, 2.607334141228004e-02, 7.187032270855617e-03, 9.482775878697263e-03, 3.620884300085050e-02, 3.069472431722860e-01, -2.894689494817940e-01, -1.325729511706343e-01, 1.368599791179735e-01, 3.981940073805887e-01, 5.468738104055574e-01, 2.131291818184905e-02, 1.453922930710419e-02, 5.077875647762131e-02, -1.564540986086510e+02, 6.132899749032979e+02, -2.659716375929728e+02, 8.869162231389492e+02, 1.736345949345292e+02, -1.165883765032454e+02, -3.097017294851344e+02, -5.602007387974469e+01, -3.478074072068601e+02, -2.705626620162521e+02, -1.348346079513121e+04, -1.303798876957995e+04, 6.286753648068384e+03, -8.035931733379140e+03, 5.077069842299761e+03, -9.636493183303151e+03, -7.291612942738723e+03, -6.611985978946434e+03, 5.160356993811239e+03, 4.344535915726767e+03, 7.041374356018748e+03, -4.680654954714260e+03, 6.434524718063605e+03, -4.568853077963833e+03, -3.069164553005663e+01, -4.314314517023262e+02, -2.008114239075372e+02, -1.346258258680887e+02, -2.766171828224265e+01, 1.595795130514904e+02, -9.093072303745433e+01, 3.902249408127972e+02, -1.555842780556900e+02, -1.551685788705411e+02, -8.212954454879919e+01, 1.410376544160652e+02, -7.012168051103932e+02, -1.624033282255789e+02, -2.052443679579004e+02, 1.065694520771175e+02, 5.878485382243620e+02, 5.177828310366986e+01, -8.942090857611568e+02, -2.323088700389638e+02, -3.571308753419844e+02, 3.237615028771658e+02, -1.435390426418853e+02, 8.291884968469702e+01, 1.865252487350452e+00, -3.665437167499956e+01, -6.305998658410036e+01, -1.060509159856081e+01, -6.048090358692868e+01, -4.595799774054811e+01, -1.571092790160544e+01, -2.258507514055561e+01, 3.649020229103052e+00, 1.425992565341634e+00, 8.349284244328182e+00, 6.579285653746152e+01, 4.101091027152891e+00, 1.479296442653943e+02, 4.712705460752446e+01, -4.043082470621742e+01, 1.526046393322390e+02, 1.033110488165061e+02, 1.665973214461917e+01, -8.069822530461909e+01, 5.247138205553814e+00, -6.732978394527447e+01, 2.659759138348866e+01, -7.499352455561904e+00, 4.153846207067795e+00, -1.176951001853033e+01, -7.941502300358791e-02, 7.341151711878997e-01, 2.881691821022583e-01, 2.056262549181631e+00, -1.255350752615201e+00, 1.954824427215351e-02, -1.209647136676240e+00, -1.303023189542724e-01, 6.113427567461486e+00, 2.849472983758386e+00, -6.863829610110674e-01, 3.224760065313024e+00, -2.314309685869019e+00, 6.805843156892274e+00, 1.095210535911505e+00, 5.607765210645581e-01, 1.877045941554255e+00, 5.660841230222058e+00, -5.452517003077594e+00, 1.192926573436643e+00, -2.090703657582318e+00, -3.656008114506392e-01, -4.204418233273950e-01, -2.134131124210833e-02, -3.656284811186720e-01, 1.245612748486058e+00, -9.582401982658571e-02, -4.556711732596826e-01, -5.530170642043047e-02, -2.157826142965883e-01, 1.891159827502305e-01, -1.502394561163779e-02, 1.885620022439473e-01, 1.057838793149613e+00, 6.576750469751864e-01, 3.011179386793441e-01, -9.950902629029809e-02, -2.123317270081494e+00, -2.359981248245476e+00, 1.052226288240316e-01, -1.631564244650979e-01, -2.307760857459267e-01, 9.744824618526714e-01, 2.192594076698590e-01, 3.581167917975224e-01, 1.284929585057202e-01, -5.291777468079027e-01, 8.105645157785748e-01, 1.388564564886211e+00, -1.296616065141845e+00, -3.553471264354032e-01, -2.596641783833657e-01, -3.017620603009133e-01, 5.546724024021818e-04, -6.325219661656262e-02, 2.177943724479180e-02, -2.209082275197783e-01, -1.221660353581664e+00, -1.210769998209889e+00, 1.276023230766984e-01, 3.005330525717404e-01, -1.813562850016352e-01, 2.132540982555586e+00, -3.960565307255874e-01, 5.704412003972263e-02, 2.860587523433111e-01, -1.249883192761702e+00, 9.914016866697885e-02, 1.542463115253778e-01, 1.386096418511882e-01, 3.277701448436327e-01, 1.090263652809858e-01, -1.507733073888956e+00, -4.904842083665101e-01, -1.533538982337075e+00, -7.366649934938221e-02, 8.445099234763606e-02, -2.442973250617619e-01, -1.722684267656016e-02, 5.588212314316887e-02, -1.037950778454257e-01, 1.126958621946526e+00, -2.525469585828544e-01, 1.166543901818378e+00, -6.396075178469203e-02, 2.060645896111747e+00, 1.193428876686764e+00, 2.618975485946423e+00, -6.575865510992233e-01, -1.395492118645905e+00, -1.467925682027551e+00, -1.736379779120460e-01, -7.888615387848831e-01, -6.171871583604563e-01, -1.370418461230517e+00, 1.134038635514061e+00, 7.640311306981824e-01, -1.204808814301089e+00, -1.533125039383396e+00, 5.283133788176217e-01, -8.772437574331448e-01, -6.440810133496637e-01, -2.566238714955536e-01, -1.940874323848352e-01, -5.568349019955036e-01, -1.254498063555109e+00, -1.401279506562880e+00, 1.391416029516495e+00, -9.922364223680318e-01, 4.574644703760073e+00, 2.167083147455636e+00, -1.337626188805782e+00, -1.800440781858710e-01, -8.573726738091563e-01, -2.610120074849013e-01, 2.045528353161154e+00, -2.658298659573429e+00, 2.887309481558645e-01, 1.427646512562444e-01, 1.841560946948556e+00, -2.497516014574274e+00, -5.660677963181439e-01, 1.642585135514152e+00, 1.037022600549690e+00, 8.714185023232012e-01, 5.095856689539729e-01, -1.315983188848301e-01, -7.086026862826117e-01, -9.766238159548137e-01, 4.007686769540649e-01, -1.426623390098536e+00, -3.549933924416535e+00, 9.593804722495720e-02, 4.619172139529315e+00, -1.371701752424293e+00, 1.017431822106336e+01, 5.316091833039884e+00, 1.202758033062635e+00, -3.957446345391671e+00, 3.920626150629783e+00, -1.054779476517045e+00, -6.298984226049034e-01, 1.157766774470520e+00, -2.725569423677596e-01, 7.336141301383169e+00, -1.123049486784550e+00, -7.781538094878423e+00, -6.927195274402981e+00, 1.059609756486430e+00, 2.081418886123813e+00, 4.060639779354876e+00, 4.264476731005087e+00, -2.068523803002877e+00, -1.928497042030925e+01, 7.529978026737462e+00, 1.800294636598278e+01, 2.875683816248923e+01, -6.722507953920416e+01, -1.087054670881018e+02, -1.310904757165105e+02, 4.394907045497092e-01, 3.164022761604913e+01, -5.341632779389825e+01, 2.913941059411885e+01, 1.390479936901215e+01, -1.960179518203433e+00, -2.671663485669457e-01, -2.712836686337157e-01, 3.449057191818048e-01, -2.222444752991491e-01, 5.342266511027403e-01, 3.124612722164230e-01, 1.047739751480514e-01, 3.678004675572368e-02, -4.818048875593203e-02, -1.135312346382231e-02, 5.648820269495447e-02, -8.677568320652586e-02, -6.651383607010551e-02, -1.098666050004988e-01, -1.346629293293974e-01, -2.812797901261591e-01, -7.829664704855632e-01, -7.628626536023617e-01, -4.420307620301318e-02, -1.684937591201581e-01, 2.152724227774604e-01, 2.471921917159334e+01, -1.169639876234789e+03, 6.492112172743361e+02, 2.843131147332140e+02, 3.564810416429215e+02, -3.647883286094322e+00, -1.440476116700698e+02, -2.712779895419052e+02, -1.578606343875864e+01, -3.622006832591574e+02, -3.393485574146169e+03, 1.015466108939787e+04, -2.594693447404893e+03, 4.755610054507047e+03, -2.899945131080120e+03, 9.202753412686889e+03, 6.670762626230368e+03, 6.163491952977386e+03, -4.051037161479799e+03, -3.344148690762446e+03, -5.704110223241500e+03, 3.916798796277270e+03, -5.601752109700961e+03, 4.045880031818553e+03, 2.006769175488288e+01, 5.048099863217334e+02, -8.852345744221510e+01, 2.022650801053553e+01, -6.485126688441358e+01, 2.980532506613337e+01, -1.507820966235670e+02, 1.038749830344714e+02, 1.322308729010343e+01, -1.067421406878890e+02, -1.954651036649781e+03, 2.431156698004797e+01, 2.122020393114888e+02, -5.369403053966853e+02, 4.871676657996038e+02, 2.390637186181337e+02, 7.775016716128540e+01, -3.620312858864934e+01, -1.258287055085103e+02, 6.482286290885150e+01, -8.491332827611848e+01, -2.523985442950704e+02, 2.860346182995427e+02, -3.372189789120969e+02, 2.550022598798662e+00, 2.081020451226349e+00, 2.298408310486137e+00, 1.305286744040047e+01, 1.283726403367410e+01, -1.881747492354265e+00, 1.089361245524243e+01, 4.242704690927192e+00, 3.148231873686204e+00, 5.429277676474945e+00, 8.339763961182076e-01, 4.172734651325000e+01, 8.666252339869928e+01, -4.202792084007541e+01, -3.877769407299496e+01, -5.082020451371631e+01, -2.245857791583946e+01, 3.462266770337962e+01, -1.337129107411604e-01, -3.608507383512499e+01, -2.342658180725409e+01, -1.096443729699751e+01, 1.702428078403322e+01, -3.869193222997004e+01, -8.635072748117147e-01, 3.324520647101896e+00, -1.115188498892587e+00, -6.293902184672249e-01, -1.853587649392050e+00, 1.271401135832287e+00, -3.371649448236851e-01, 1.637522565604249e-01, -5.603812146767695e-03, -3.188203046965865e-01, -1.916589100311000e+00, 4.490571635145341e-02, -4.774235250982892e-01, 7.138107943749488e-01, 4.043917224324042e-02, 4.240264570048366e+00, 1.269800529486146e+00, -4.533300308595984e-01, 3.513773889295826e-01, -1.071684642487808e+00, 1.371801200052030e+00, -2.258963151532619e-01, -6.629310989263117e-01, 3.066872164127068e-01, 1.326566446967881e-01, 3.329468859827315e-01, 9.639918250119166e-01, -3.234339369617644e-01, -8.124417688280126e-01, 4.382012060471826e-01, 1.753380573567095e-01, -1.239241869381357e-02, 1.603672258430249e-02, 1.052685297420156e-02, -1.278060920180371e-01, -5.836657447033831e-01, -7.828060595876341e-03, 7.131329332622395e-01, -3.107163952640981e-01, -6.761758411030144e-01, 3.086572933145333e-02, 5.932911267237727e-01, 1.804521461904404e-01, 1.273624110074776e-01, -6.105827792611978e-01, 1.524084763122572e-02, -4.242695619165804e-01, 7.948834813515537e-02, -3.999859369380455e-01, 3.550057904633555e-01, 9.008532068052706e-01, 7.656291831795502e-01, 7.667795910140695e-01, -2.682881672602934e-01, 3.653959120372963e-02, 1.159396033023752e-01, -7.802700852690263e-03, -3.459107140818123e-02, -2.224819316749890e-02, -7.411335492894805e-01, 3.280965519974181e-01, -4.269146777854460e-01, 1.107623466837652e-01, -5.734219107531878e-01, -2.357083447540282e+00, -6.699507050748613e-01, 3.580739410624696e-01, 3.634100947624178e-01, 6.207444231546075e-01, -1.839905822319345e-01, 2.553321407680111e-01, -1.401793305807513e-01, -1.074359724880865e-01, 8.510564708738066e-01, -4.256136151612419e-01, 8.627118201849623e-01, -7.233633862491867e-02, -8.114483772228073e-02, 7.156508657666578e-03, 1.048997484171551e-01, -4.422617360347954e-02, 5.575570149422492e-02, -3.072741455953577e-01, 3.908738779317955e-01, 6.538291761601223e-01, 1.762731867748173e-01, -3.513546967894808e-02, 6.939358762207448e-02, -1.158930427464389e-01, -3.403500757143661e-02, 6.056827726266910e-01, 5.636085405244483e-01, -2.001000362880263e-01, -1.285367308354378e-01, 7.345683987428566e-01, 6.343080295036116e-02, 9.592420768267413e-01, -6.460809369583422e-01, -1.413589741196067e+00, -1.142930590953855e+00, -5.637447330804257e-01, -4.604351237342704e-01, 9.586673844036758e-02, -5.283307530675978e-02, 1.899977704347360e-01, -8.366755296871724e-02, 2.131746233737599e-01, 1.301581845090749e+00, -1.628948860168385e+00, 7.396504198883170e-01, 7.986718713323069e-01, 1.137264011966653e+00, 5.868837576108251e-01, 2.582350096276484e+00, 2.016340456911717e-01, 1.547991617222868e+00, 2.012215997369049e-02, 1.784625762419241e-01, 2.670389588089749e-01, -3.659560307265059e-01, 3.948355189452735e-01, -1.306968133705146e+00, -6.189724994326300e-02, -1.121479591469276e+00, 4.565021250738059e-01, 1.577711003892379e+00, -9.418275057452203e-01, 1.159563616403814e-01, -7.756884061820269e-01, -1.248997399511352e-01, 6.889695767654409e-01, 2.227719636994263e-01, -2.112322117249432e+00, 7.126996667480537e-01, -3.108221756365365e+00, -3.335126210705042e+00, -6.655000757049130e-01, -1.483110788174343e+00, -9.753182488312976e-01, -4.561846511974899e+00, -2.942554785097250e+00, 4.059427127393441e-01, 2.418609711771215e+00, 7.867970008493322e-01, 1.264873332618915e-01, 7.884700154697554e-01, -5.323285866353253e+00, -7.408328980827025e-01, 4.661348579319223e+00, -4.402217586028888e+00, -4.958419367025615e-01, -5.462531068103033e-01, 1.721887544137454e+00, -1.105438219507156e+00, 1.015234531434010e+00, 5.121367553149518e+00, -7.311829642730586e+00, -1.518769618151661e+01, 1.326840073831660e+00, 8.356424099061140e+01, -5.002221078365669e+01, 4.135633428819185e+01, 5.291903213199478e+00, 1.787591606039383e+01, 3.845379292210137e+01, -6.302978098839472e+01, 3.479748311171817e+01, -1.895973977340556e+01, 1.125547642125453e-01, -7.898927865937634e-02, 6.448528184243174e-01, 3.986069408904226e-01, 4.334629707421748e-02, -1.108535594403228e-01, -3.451127553241763e-02, 2.684290420525929e-02, 3.794368575926248e-02, 2.931570151109843e-02, -1.760481240359600e-02, -2.680486828294132e-01, 1.471213928667634e-01, -4.713979223596646e-02, 7.187690969565509e-02, -1.721725727924805e-01, 3.139351987775117e-01, 2.331172128222702e-01, -3.048284080960105e-01, -2.086815704053344e-01, -1.337420179038632e-01, 8.542370209409346e-02, -5.087020679926838e+01, -2.730815478041676e+03, 9.577811629859143e+01, -3.104394852214785e+02, -7.984563272120354e+02, 5.683320557245795e+01, 6.545371143481710e+02, 3.254686090020493e+02, -1.773959769741359e+02, 4.010393795199451e+02, -1.555123572015586e+04, 7.956961028393124e+03, -4.053640977729780e+03, -1.801541808998862e+03, -3.563703748053531e+03, 9.993344687606714e+03, 5.193356278213080e+03, 4.853189662674719e+03, -7.382960311188630e+03, -5.941230463966718e+03, -2.303182180996188e+03, 6.381418114339036e+03, -2.316740875142638e+03, 6.525349600106467e+03, 1.174334324308464e+01, -1.152602999636075e+02, 1.559363420392449e+02, 1.892990751682379e+02, -4.812023621028396e+01, 2.075087196242702e+02, -1.060796087931111e+02, -1.983188117204289e+01, -7.799668466069797e+01, 1.429322769509080e+01, 1.134387367430401e+03, 2.250252787373064e+02, -5.388065478196616e+01, 4.141071546345433e+02, -5.859386505810841e+02, -1.223116295582992e+03, -4.048315938438241e+02, -3.602368087869988e+01, 1.123950199318203e+03, 3.559533959156831e+02, 6.543095877654768e+01, 7.551749315037405e+01, -2.682391361478793e+02, 5.276178871052489e+02, 3.126966720862350e-01, 5.512756839878270e+00, -1.100352351774566e+01, 9.043770210882887e+00, 1.210994991228812e+01, -7.730871267586277e+00, -1.073439380535803e+00, 1.295473350496914e+00, 1.002033645282663e+01, 1.950698694364950e+00, -1.876102512019424e+01, -1.214234002908241e+01, 8.106774523001045e+00, -2.426204894114917e+01, -3.697844188237887e+00, 1.114943947207757e+01, -6.433527005112876e+01, 1.508073518044583e+01, 2.646091374349226e+01, -4.124216489782014e+01, 2.200496951361680e+01, -2.495733315846623e+01, -3.092179352018115e+01, -5.222762437483438e+00, -2.085580648111713e+00, -1.688809515055151e+00, 1.562578497258855e+00, 3.387956640614858e+00, -1.004328316216197e+00, -3.750133158355948e-01, -2.957704186142784e-01, -3.817309369855174e-01, -1.078530561328359e+00, -4.840412895841884e-02, 1.230758404593830e+00, -5.038668039752934e-01, 3.583333358405277e+00, 3.059313655378426e-01, 1.722585599108905e-01, -7.027716962431079e-01, -1.682018590310277e+00, -4.182413899564152e-01, 9.263742322091800e-01, 4.621030178958716e+00, -1.046734858362197e+00, -3.117811638956856e-03, 2.952641356121375e-01, -8.593619641128487e-02, 6.336062477396857e-01, -2.756989304524742e-01, 1.685714903207542e-01, -2.349080954174625e-01, -4.458702669902506e-01, -3.796883976839476e-01, -4.273065671933243e-02, -4.563504069812178e-02, 1.220318936917733e-01, -1.081526960599655e-01, 9.211111097037596e-02, -2.294715981209613e-01, -4.482729867769443e-01, 6.776545790182510e-01, 1.294865004573733e-01, -2.134275856036965e+00, -7.808609766287454e-01, -2.839731670741690e-02, 1.572729317645376e-01, 1.064130743509340e-01, -8.427443294400939e-01, 3.170043629886931e-03, -3.832997932655456e-01, -1.561462115975513e-02, 4.577201045560777e-01, -2.645588592644060e-01, -1.066870783846282e+00, -1.161149107684223e+00, -9.054332023555095e-02, 5.183511568591681e-01, 7.127837899587236e-02, 7.514021321817969e-02, -2.369576758811615e-02, 8.114663981056472e-02, 2.946079194473599e-02, 7.098495544541311e-01, -7.427167483487450e-01, -2.308453979062579e-01, -2.329985637903681e-01, 1.472688796898198e-01, -9.803341925675869e-02, 1.562530736849901e-01, 1.557310724335317e-01, 1.626341979681795e-01, 2.186955599869476e-01, -1.666642980289971e-01, -2.755131247388338e-01, -7.287455912519668e-02, -1.058847219401139e+00, 7.322615752601624e-01, 1.121518004479811e+00, -2.374864429177497e-01, -6.189056649074329e-01, -1.410745277780572e-01, 2.590585206980862e-01, -1.830543848591146e-02, 1.250241615698922e-01, -4.315568617249452e-02, -2.369334048929768e-01, -9.114405455810795e-01, -9.034605481497111e-02, 4.305295280046338e-01, 1.840002494593899e-01, 2.644391605268905e-01, -1.094188054611429e+00, -7.134527634818701e-01, -5.491862685948421e-01, -2.603104280217299e-01, 2.828735074086351e-01, -8.458540986521669e-01, -1.978367803871696e-01, 3.112595285690024e-01, -6.766813238991666e-01, 6.026104451674187e-01, 1.806644905793854e+00, -5.609344166300645e-01, -2.783152385045099e-01, -1.291686059111230e-02, -4.787919169380782e-01, 3.141808250218928e-02, -1.090404849910842e-01, 1.263126643941440e-01, -2.079507428898471e-01, -2.329039019829279e+00, -4.584473582285443e-01, -7.295837510597633e-02, 2.055978144228783e-01, 3.838392887571053e-01, 3.073813935714081e+00, -6.620677336105667e-01, -1.296095672681484e+00, -1.254689773965252e+00, 5.638181112352193e-01, 2.222979624640874e+00, -1.544151462783453e+00, 6.456280792347903e-01, -5.801354878265699e-03, 1.272652600266317e-01, -3.975422976169594e+00, -2.512280082666975e+00, -9.083366211170106e-01, 2.106450972166034e+00, 9.481772701536777e-01, -1.700555541683444e-01, 1.134276130615177e-01, -2.806207102372125e-01, -2.524032933925552e-01, 4.573025917327651e+00, -4.374479821430675e+00, 1.037775782185894e+00, -2.793308449923681e+00, 8.055247234026047e-01, -5.037364075502524e+00, 1.278684464535063e+01, 4.682079897753764e+00, -2.294188458111527e+00, 2.580937814453133e+00, 1.856271307861901e+00, 1.160687244293723e+00, 5.803429976336610e-01, 3.830440531950962e-01, -2.502914934992212e+00, 1.171700639788809e+01, 2.452690303789874e+00, -2.170779275009602e+00, 2.165480279067706e-02, -3.150679426821353e-01, 1.299879733158805e+00, 1.309244073626119e+00, -2.643167495060356e-01, 2.085698220636093e+00, -3.256492458897507e+01, 1.110400022271603e+01, 1.465604730676220e+01, -1.034404281828793e+00, -8.829912246111892e+00, -2.320743892245842e+01, -8.167615987243271e+01, -2.887749123339011e+01, 1.882756250336486e+00, -2.901750644061908e+01, 1.184450097942249e+01, 7.283825949165659e+01, -7.313076345424989e+00, 1.670439214078684e-02, 1.038345989741849e-01, -1.546551803156378e-01, 4.959880419570052e-01, 6.510252185540376e-02, -2.504017278361067e-01, 3.554003359987824e-02, 6.519871676052849e-02, 1.365584540147003e-02, -3.313302320517799e-03, -1.038528430954057e-03, 1.634610132566799e-01, 1.818900099897096e-01, 3.095987600855711e-03, 8.693391839428055e-02, 1.648289619831267e-01, 1.561978899078086e-02, 7.866226901261705e-02, 2.035324892105161e-01, 8.616080520556592e-02, 1.987900717071222e-01, -9.947242400727993e-03, 1.361164252528226e-01, 6.810085320253315e+00, 6.421280981151567e+02, 2.186263018305552e+02, 1.284485332644425e+01, 3.086914703845477e+01, -2.578404831786239e+02, -1.955694487330065e+01, 2.100184979288017e+01, -1.727277260748916e+02, 1.168274952785444e+02, -1.881539561427403e+03, -9.276489137281784e+03, 2.363526576512711e+03, -5.473555823231273e+03, 1.820485080352028e+03, -7.791147382434634e+03, -6.015273002520052e+03, -5.132378552148492e+03, 2.879844522307597e+03, 2.119758634130725e+03, 5.518065612327085e+03, -2.221893440693826e+03, 5.006405722068144e+03, -2.060743133764404e+03, -2.005580090701584e+00, 9.387077037387951e+01, 4.534312319888995e+01, 6.877971479079550e+01, -2.238691904304989e+02, -9.902425584032403e+01, -2.410133176910849e+01, 2.945429936196050e+01, 2.504551392010000e+01, 1.635724485499723e+01, 2.139549229464938e+02, 3.262774979369777e+02, 3.686885707211442e+02, 3.596926490062219e+02, 8.017323213608702e+01, 4.438742821855345e+01, 8.472693571598046e+01, 1.566229559566558e+02, -6.005698785034763e+01, 1.747873685805584e+02, -2.139410937135449e+01, -2.622780102209946e+02, -2.294454785165787e+02, -7.018671671462270e+01, -6.852821289102047e-01, 3.796740040986033e+00, 1.386409050971841e+01, -7.858797733455163e-01, -3.511583849224712e+00, 2.252468225841291e+00, 1.889252709265415e+00, 3.676263778569266e-01, 6.980781923816821e-01, -1.560520457006547e-01, 2.156070413756882e+00, -2.429638283445038e+01, 2.004314653432487e+01, 1.585265495298347e+01, -1.895422775670942e+00, -3.644881885813976e+01, 3.024335605619157e+01, 2.010501082676228e+01, -1.040591710041699e+01, 5.890922616872457e+00, -2.179820670826333e+01, 1.112271679992508e+01, 1.708535989115481e+01, -6.460902312260872e+00, -2.287817480529065e-01, -5.380621812905312e-01, 7.719989388334351e-01, 3.559100775020797e-01, -5.174413131533333e-02, -2.654367160805791e-01, -2.162349892234240e-01, -6.872763520560003e-02, -1.946772199555608e-01, -1.171462571523097e-02, 3.345331858183474e-01, -1.660667400019272e+00, 3.625716525203627e-01, 5.173759814002021e-01, -1.562271444167833e-01, -2.386099021022071e-01, -2.851650177463183e-01, -1.252218374624758e-01, 1.972358782782336e-01, -1.495764418034743e+00, -2.409134658306308e-01, -1.845524161858697e-01, -3.872552168136943e-01, -9.562445117244578e-02, -2.312060785156115e-02, 1.404146593342888e-01, 5.585165432800776e-01, 8.143910841480305e-02, 2.012469858331515e-01, 2.816792758933005e-02, -7.713307887424731e-02, -6.496060654741692e-02, -3.713651636078974e-02, -6.216423399632304e-02, -3.280202257965951e-02, -5.175525036693297e-01, -7.335736106640253e-02, -1.591752145495342e-01, -2.429525564219353e-02, -6.918621241224477e-01, -7.393517958558181e-01, -1.116961833426627e-02, 4.618223643876236e-02, 1.666670117420741e-01, 1.445982257823181e-01, -6.590989613839218e-02, 4.262083056137034e-02, 3.990881532001562e-03, 3.710788560081666e-02, 4.993008285073693e-02, 4.926786158422454e-01, 4.187727417552863e-01, 3.141615023098541e-01, 2.722469716711752e-02, 2.404231775915620e-02, -1.513241126720177e-02, -2.289997727408329e-02, 2.026477529515030e-02, -1.183649845629194e-02, -3.587256189268375e-01, 3.088768643231110e-01, -1.826321794052972e-01, -2.883847533439034e-02, -8.012464879984453e-02, -2.491805959272952e-01, 1.188421929244268e-01, 1.593632432359343e-01, 1.219029774902219e-01, -3.499865087408921e-02, 1.127298107530684e-01, 5.410143805917673e-02, -6.660418169558664e-02, -4.240541146807204e-02, 1.197267521588659e-01, -4.518389122108489e-01, 3.882477137041373e-01, 2.015567066012174e-02, -9.935513354138940e-02, -5.283809779756904e-03, 8.919548932632349e-03, 1.857386152518191e-02, -1.673685350394087e-02, -3.689304211744553e-02, 3.564805839077188e-01, 1.903651782465552e-01, 3.549259619308646e-03, 6.536113145208617e-03, -1.639579177789629e-01, -1.505349210802535e-01, 1.946763405276108e-01, 3.518074362123696e-01, 2.435244179902703e-01, -1.258762759706284e-01, -2.493869483746928e-01, 9.213931575878838e-02, -1.568024019372425e-02, -1.080117984333834e-01, -1.033096644785327e-02, -1.570122651078402e-01, 4.752837012797803e-01, -2.283935219036842e-01, 1.065473036864079e-01, 2.507712969002952e-02, -1.894516297647524e-01, -1.303941918610456e-01, -3.180533032001526e-02, 2.219068618117785e-02, 1.957362815721018e-01, 4.861290874197771e-01, 4.192042122373542e-01, -2.277507942821571e-02, 5.692135388040513e-01, -1.289882825140365e+00, 3.824210065180906e-01, 2.822079652973694e-01, 6.699115834612429e-01, -6.014956657101315e-02, 1.583352232712157e-01, 2.608258602276486e-01, 2.759688940743324e-02, -1.141029069359270e-01, -2.242874349796909e-01, 1.261216566148222e+00, 5.252034442945103e-01, 8.891641973088845e-01, -8.888577525937941e-01, -1.285750807418699e-01, -1.729132684044474e-01, -9.641539368634885e-02, -2.750875004791049e-01, 2.522897859695750e-01, -1.321920001320029e+00, 4.971404502298922e-01, -1.488605346013464e+00, 1.159616170758030e+00, -1.851619474317984e+00, -2.369151122327867e+00, -2.583049386003802e+00, -7.923351703201703e-01, -2.126533108257692e+00, 4.121793229975257e-01, -3.072831512021844e-01, -2.458664792828551e+00, 1.805553019922865e-01, 3.511036733345947e-01, -4.705002039943541e-01, -1.037033810819904e+00, -9.688411411344936e-01, 3.628983789105376e+00, -3.679216348412185e-01, 1.052092761660935e+00, -4.537640320783563e-01, -4.506596977035703e-01, 1.537061319960656e-01, 4.820605241257945e-01, 1.719995961730982e+00, -3.563915306756729e+00, -9.355228216341146e+00, 1.027468902732697e+00, 3.904696984493897e+01, 2.406138727122360e+01, 2.320683051089122e+01, -1.210385592824164e+01, 1.073135612879937e+00, 1.478044216406184e+00, -2.192317661964796e+01, 1.650855262588936e+01, -4.226968340267046e+00, -9.894160913905613e-04, -1.888290774065064e-02, -5.470774524054495e-01, -4.065882033164067e-01, -4.350731496918825e-01, 2.191465074576275e-01, 2.503707495562767e-02, 3.595876842224208e-02, 3.884603525841925e-02, 2.566259985537357e-02, -1.671097441603160e-03, 2.336184589511091e-01, -1.262555075538688e-01, 1.508359233648560e-01, -6.606376735320797e-02, -2.852518012413238e-03, 1.521834941122222e-01, 1.636044929548749e-01, -1.166075721187351e-01, -2.100121808428421e-01, -1.025831280693182e-01, 8.252387533765167e-02, -1.035673491161214e-01, 1.459839002982244e-02]
